,pseudotime
AAACGGGAGCTACCGC-1-3-PB,9.038344163
AAACGGGCACCAACCG-1-3-PB,7.553972782
AAAGATGGTCTAGTGT-1-3-PB,10.73301907
AAAGCAAAGGGATACC-1-3-PB,18.88760633
AAAGCAAGTTGTGGCC-1-3-PB,5.353481414
AAAGTAGCATCCAACA-1-3-PB,11.21174695
AAATGCCAGCACCGCT-1-3-PB,12.94826004
AACCATGGTAGAGGAA-1-3-PB,24.51016685
AACCATGTCGGCGCTA-1-3-PB,22.79542836
AACCGCGCATTCACTT-1-3-PB,23.8056749
AACTCAGAGTCATGCT-1-3-PB,0
AAGCCGCCACATAACC-1-3-PB,21.06898872
AAGGTTCGTAAGGGCT-1-3-PB,24.38734545
ACACTGATCTAACTCT-1-3-PB,14.78365189
ACAGCCGCAGCCTATA-1-3-PB,10.97905498
ACAGCCGGTTCCACAA-1-3-PB,12.50588783
ACAGCCGTCCTATTCA-1-3-PB,21.24360791
ACAGCTACACTTCTGC-1-3-PB,1.515391367
ACAGCTAGTAAAGGAG-1-3-PB,23.22073668
ACAGCTAGTACCAGTT-1-3-PB,26.70224552
ACAGCTATCTCGGACG-1-3-PB,19.66658079
ACATACGTCATAAAGG-1-3-PB,18.9373279
ACATGGTGTTCCGGCA-1-3-PB,4.966754481
ACCAGTAAGCCAGGAT-1-3-PB,9.854339279
ACCCACTTCTGCAAGT-1-3-PB,19.09699055
ACCGTAATCAAACAAG-1-3-PB,24.38734545
ACCTTTATCGTACGGC-1-3-PB,16.15915656
ACGAGCCCACGACTCG-1-3-PB,22.63136973
ACGCCGATCACCTCGT-1-3-PB,19.16785217
ACGGAGAAGCCATCGC-1-3-PB,17.9606157
ACGGCCATCACGCGGT-1-3-PB,20.21841856
ACGGGCTAGCTAACTC-1-3-PB,12.87853327
ACGGGTCAGGAATGGA-1-3-PB,7.195550485
ACGGGTCGTCCATCCT-1-3-PB,19.76401507
ACGGGTCGTCTCCATC-1-3-PB,0
ACTATCTAGGAGTACC-1-3-PB,12.97754473
ACTATCTGTAGAAGGA-1-3-PB,15.55664014
ACTGAACAGAGGACGG-1-3-PB,16.35264594
ACTGAGTCACGGTAGA-1-3-PB,13.64029169
ACTTACTGTGGTTTCA-1-3-PB,21.8989402
ACTTGTTCACTTGGAT-1-3-PB,14.26986668
ACTTGTTTCGTATCAG-1-3-PB,10.63182242
AGAGCTTCATGCTGGC-1-3-PB,15.28463746
AGATTGCAGTTGCAGG-1-3-PB,11.22066003
AGCATACGTTGTCTTT-1-3-PB,4.891128751
AGCGTATGTCACAAGG-1-3-PB,27.18383897
AGCGTATTCGGTGTTA-1-3-PB,15.10583058
AGCTTGATCTGCCCTA-1-3-PB,0
AGGCCACAGTAGCCGA-1-3-PB,20.39494787
AGGCCACTCTTTACGT-1-3-PB,27.11510032
AGGGAGTAGTTTAGGA-1-3-PB,21.42119849
AGGGTGAGTCTAAAGA-1-3-PB,14.48559098
AGGTCATCAGGAATCG-1-3-PB,15.28721433
AGTGAGGAGGGATACC-1-3-PB,9.939443083
AGTGAGGTCAGTCCCT-1-3-PB,15.85720202
ATAACGCCAAAGAATC-1-3-PB,24.38734545
ATCACGAAGACCTAGG-1-3-PB,10.65903873
ATCATCTAGCCCTAAT-1-3-PB,6.552870183
ATCATGGCACAGACTT-1-3-PB,12.2787901
ATCCACCAGTGTTTGC-1-3-PB,20.11365899
ATCCGAAAGAGCTTCT-1-3-PB,4.285195604
ATCCGAAAGTAGGTGC-1-3-PB,13.67234861
ATCGAGTCAGGTGCCT-1-3-PB,23.22073668
ATCTACTAGAAACCTA-1-3-PB,14.24517582
ATGCGATGTCAATGTC-1-3-PB,19.87936247
ATTACTCGTGAAATCA-1-3-PB,10.30105465
ATTCTACTCAACCATG-1-3-PB,9.206946825
ATTGGACGTGCCTGGT-1-3-PB,17.4445685
ATTGGACTCCACGTGG-1-3-PB,22.63514347
ATTGGTGAGACACGAC-1-3-PB,8.760614088
CAACCAACACAGTCGC-1-3-PB,18.78552965
CAACCAAGTAGGACAC-1-3-PB,10.32664962
CAACCTCAGGTGCTAG-1-3-PB,12.73339838
CAACTAGGTCTACCTC-1-3-PB,17.66961023
CAAGATCCAATTCCTT-1-3-PB,19.58800388
CACACCTAGTGCCAGA-1-3-PB,7.144147075
CACACCTCATGCCTAA-1-3-PB,21.29960282
CACACCTGTCTTCTCG-1-3-PB,26.33419334
CACACTCGTACTCTCC-1-3-PB,10.16603231
CACACTCGTCTCACCT-1-3-PB,12.44190022
CACATTTAGTGAATTG-1-3-PB,29.03433185
CACCAGGCACGTAAGG-1-3-PB,15.84545814
CAGAATCAGATAGTCA-1-3-PB,22.52717993
CAGATCAGTATCTGCA-1-3-PB,15.00844671
CAGCAGCTCTCATTCA-1-3-PB,28.14525567
CAGCATAGTAGAGCTG-1-3-PB,19.12522672
CAGCCGACAGCGAACA-1-3-PB,17.4454766
CAGGTGCCAGTTTACG-1-3-PB,7.054975816
CAGTAACGTAGCTCCG-1-3-PB,22.64610419
CAGTCCTAGCCAGGAT-1-3-PB,20.82724334
CAGTCCTAGCTTCGCG-1-3-PB,0
CATATTCCAGTAAGCG-1-3-PB,16.09708053
CATCAAGCATATGAGA-1-3-PB,8.938158085
CATCGGGCATACGCCG-1-3-PB,21.18095122
CATGCCTGTCAAGCGA-1-3-PB,15.51432049
CATGGCGAGTCTCAAC-1-3-PB,4.583366856
CATGGCGGTCTAGTCA-1-3-PB,12.03255772
CATTATCCACAGGCCT-1-3-PB,20.86610601
CATTATCTCGCCAGCA-1-3-PB,24.96684094
CATTCGCAGACCTTTG-1-3-PB,8.323821969
CCATTCGAGAGTACCG-1-3-PB,18.31692764
CCATTCGGTTGGTTTG-1-3-PB,13.18957932
CCCAATCCAGTATCTG-1-3-PB,9.885315056
CCCAATCGTGGTCTCG-1-3-PB,22.47673032
CCCTCCTCAACACGCC-1-3-PB,23.8056749
CCGGGATGTACCGCTG-1-3-PB,14.984687
CCGGGATTCGCGCCAA-1-3-PB,10.34269666
CCGGTAGCAGACGCAA-1-3-PB,16.48550826
CCGTACTTCGTGACAT-1-3-PB,24.35863314
CCGTTCAAGGAATTAC-1-3-PB,16.56261673
CCTACACAGGATTCGG-1-3-PB,24.40221349
CCTACACCACCTCGTT-1-3-PB,17.97275921
CCTAGCTCATACGCTA-1-3-PB,5.639192152
CCTTCCCCAATCGGTT-1-3-PB,15.61916665
CCTTCCCGTAGCTGCC-1-3-PB,22.67247716
CGAACATCAGCTGCAC-1-3-PB,13.37695465
CGAACATTCAACACTG-1-3-PB,19.39915127
CGAGAAGAGCGTTTAC-1-3-PB,13.06263777
CGAGCCACAGGTCGTC-1-3-PB,13.35187567
CGCGTTTAGATAGTCA-1-3-PB,19.51859737
CGCTATCAGTGTCCAT-1-3-PB,15.65795477
CGCTATCGTGATGCCC-1-3-PB,16.35264594
CGCTTCAGTCTCACCT-1-3-PB,22.03655697
CGCTTCATCTGGTGTA-1-3-PB,14.58874079
CGGAGTCAGCAATATG-1-3-PB,12.05328714
CGTGAGCAGTGGGTTG-1-3-PB,15.81427048
CGTTAGAAGATGTAAC-1-3-PB,19.40952244
CGTTAGAGTTCGAATC-1-3-PB,20.23895186
CTAACTTTCAGATAAG-1-3-PB,9.054649426
CTAATGGCATCCCACT-1-3-PB,5.580331591
CTAATGGGTGCATCTA-1-3-PB,11.08795634
CTACATTGTCGACTGC-1-3-PB,14.89242257
CTACCCAAGTGGCACA-1-3-PB,13.35041338
CTAGCCTCACTTCTGC-1-3-PB,29.86819148
CTAGCCTTCATCATTC-1-3-PB,11.0125329
CTAGTGATCATTGCCC-1-3-PB,23.22073668
CTCACACAGTCAATAG-1-3-PB,14.2579533
CTCACACCAGATCGGA-1-3-PB,21.07592357
CTCGAAATCCAAACAC-1-3-PB,20.82724334
CTCGGGAGTCGCTTTC-1-3-PB,18.14665958
CTGATAGGTGACTACT-1-3-PB,14.04827499
CTGCCTAAGCAATATG-1-3-PB,23.22073668
CTGTGCTGTGCCTTGG-1-3-PB,28.44806888
CTGTTTACACAAGTAA-1-3-PB,18.95646063
CTTAACTAGACTAAGT-1-3-PB,9.319397826
GAACATCTCTATCCCG-1-3-PB,18.38992163
GAACCTAGTCCCTACT-1-3-PB,14.16353981
GAACGGAAGGCATGTG-1-3-PB,21.02960932
GACACGCAGGCTATCT-1-3-PB,13.57847669
GACACGCAGTGTCCCG-1-3-PB,22.40315329
GACACGCCAAGAAGAG-1-3-PB,17.56781786
GACACGCCATTGGGCC-1-3-PB,7.17173463
GACCAATGTGACTACT-1-3-PB,15.1747987
GACCAATTCTGCCAGG-1-3-PB,10.42167191
GACGGCTAGTGCCAGA-1-3-PB,19.81735054
GACGGCTGTAGGCATG-1-3-PB,20.22389584
GACGTGCGTTGGACCC-1-3-PB,27.28235252
GACGTTACAAGCTGGA-1-3-PB,11.37689634
GACGTTATCCTGCAGG-1-3-PB,20.904105
GACTGCGAGTACGCCC-1-3-PB,24.59976576
GAGCAGATCGTTGACA-1-3-PB,22.59511377
GATCGATAGTCATGCT-1-3-PB,22.33259851
GATGAAACACATGGGA-1-3-PB,16.09895508
GATGAGGCAATTGCTG-1-3-PB,10.17920725
GATGCTATCTACTTAC-1-3-PB,21.00877355
GCAAACTCACGTGAGA-1-3-PB,24.38734545
GCAATCATCGTGGACC-1-3-PB,7.517283831
GCACTCTTCTGCAGTA-1-3-PB,22.365675
GCAGCCAAGCAACGGT-1-3-PB,15.65763732
GCAGTTAGTGTGCGTC-1-3-PB,3.817795993
GCATGCGCACGGCCAT-1-3-PB,5.252615461
GCATGCGGTCACACGC-1-3-PB,22.03655697
GCATGTATCTCTTGAT-1-3-PB,25.14145842
GCGCAGTAGATGTGGC-1-3-PB,20.21155332
GCGCAGTCAAAGTGCG-1-3-PB,10.18236692
GCGCCAACATTAGGCT-1-3-PB,18.09894801
GCTCTGTAGGATGTAT-1-3-PB,7.790846594
GCTTCCAAGCTATGCT-1-3-PB,8.414337882
GCTTCCATCTTGTATC-1-3-PB,17.09376065
GGAACTTTCCCAAGTA-1-3-PB,19.9732336
GGACAAGAGAATGTGT-1-3-PB,15.02650115
GGACAGATCCTCAACC-1-3-PB,17.73270215
GGACGTCGTCGAGATG-1-3-PB,22.03655697
GGCCGATAGATATGGT-1-3-PB,24.38734545
GGCGTGTTCCAAGCCG-1-3-PB,20.21155332
GGCGTGTTCTGACCTC-1-3-PB,18.06785884
GGCTCGACATACAGCT-1-3-PB,21.52421245
GGCTCGAGTATTAGCC-1-3-PB,9.097208621
GGGAATGCATCGACGC-1-3-PB,19.91186868
GGGAGATGTGTGACCC-1-3-PB,28.44806888
GTACGTAAGTGGGCTA-1-3-PB,23.97035542
GTACTTTGTATTCTCT-1-3-PB,13.56420227
GTCACAAGTTGGTTTG-1-3-PB,8.153768022
GTCATTTGTGGCGAAT-1-3-PB,30.21450542
GTCCTCAAGCGATGAC-1-3-PB,12.6271376
GTCGGGTCACCCTATC-1-3-PB,20.82724334
GTGCAGCAGTCGCCGT-1-3-PB,3.944388165
GTGCTTCAGAGTGAGA-1-3-PB,20.51187492
GTGGGTCCAGAGTGTG-1-3-PB,5.29567533
GTTACAGCACCTATCC-1-3-PB,18.65177206
GTTCGGGAGGTAAACT-1-3-PB,19.93849814
GTTCGGGCATATGGTC-1-3-PB,9.917019405
GTTCGGGGTATTCTCT-1-3-PB,17.73235518
GTTCTCGCAAACCTAC-1-3-PB,12.85077116
GTTTCTAGTGGGTCAA-1-3-PB,22.63136973
TAAGAGAAGGGCTTGA-1-3-PB,9.614406015
TAAGCGTAGAGGTAGA-1-3-PB,6.691845582
TAAGCGTGTGCGGTAA-1-3-PB,26.70224552
TAAGTGCGTCTTGTCC-1-3-PB,18.31692764
TACCTATCAGCTTCGG-1-3-PB,18.81990517
TACGGATAGAGCTTCT-1-3-PB,16.35264594
TACGGGCAGTAATCCC-1-3-PB,9.869502282
TACTTACCAAGTAATG-1-3-PB,16.93394768
TACTTACTCGCCGTGA-1-3-PB,21.07532073
TACTTGTTCGGACAAG-1-3-PB,8.254073328
TAGAGCTGTAAAGGAG-1-3-PB,22.63136973
TAGAGCTTCATGCTCC-1-3-PB,0.098286892
TAGCCGGAGCCGTCGT-1-3-PB,17.01473202
TAGTTGGGTCAGCTAT-1-3-PB,12.14557249
TAGTTGGTCCACGACG-1-3-PB,11.3266103
TATCAGGCAAGGGTCA-1-3-PB,21.15095359
TCAATCTAGATCCCGC-1-3-PB,7.712019114
TCACAAGGTAGGCATG-1-3-PB,1.909010951
TCACAAGGTCTAGTGT-1-3-PB,24.87287107
TCACGAATCATCGCTC-1-3-PB,12.82107947
TCAGCAAAGTGTTTGC-1-3-PB,17.28459245
TCAGGTAGTCAGATAA-1-3-PB,18.62214695
TCAGGTATCACTTACT-1-3-PB,22.63136973
TCCACACAGAGGTAGA-1-3-PB,23.71200793
TCCACACTCGTAGATC-1-3-PB,9.91258875
TCCCGATTCGAACGGA-1-3-PB,9.535384573
TCGAGGCTCAAGCCTA-1-3-PB,25.24386719
TCGGGACCATTCTCAT-1-3-PB,19.86311386
TCGGGACGTTGGTTTG-1-3-PB,10.16063958
TCGTACCAGTTAACGA-1-3-PB,24.25390701
TCGTAGATCCCAAGAT-1-3-PB,13.96482654
TGAAAGACAAGGGTCA-1-3-PB,13.78011531
TGAAAGAGTGATGTGG-1-3-PB,21.43458475
TGACAACGTTAAGACA-1-3-PB,18.95646063
TGACTAGAGAATGTTG-1-3-PB,23.22073668
TGAGCATCATCTACGA-1-3-PB,12.35777482
TGAGCATGTCTTGTCC-1-3-PB,17.2987967
TGAGGGATCCACGAAT-1-3-PB,1.367906265
TGCACCTGTCAGCTAT-1-3-PB,23.60335557
TGCACCTGTTGTGGCC-1-3-PB,19.58800388
TGCCCATCACTCGACG-1-3-PB,26.75400048
TGCCCATGTATTAGCC-1-3-PB,6.637905047
TGCCCTATCACAGGCC-1-3-PB,2.274371661
TGCTACCAGACTGGGT-1-3-PB,8.748908371
TGGACGCCACAGGTTT-1-3-PB,14.0253997
TGGCTGGGTGCCTGTG-1-3-PB,25.08687269
TGGCTGGTCGCGATCG-1-3-PB,16.40878564
TGTGGTATCCTCTAGC-1-3-PB,19.28303808
TGTGTTTCACGAGAGT-1-3-PB,18.84050865
TGTGTTTTCGCAGGCT-1-3-PB,17.71859054
TTCCCAGGTTTAGCTG-1-3-PB,22.03655697
TTCCCAGTCTGAAAGA-1-3-PB,27.25013226
TTCTACATCTGCGACG-1-3-PB,27.86416863
TTGAACGGTCTTCTCG-1-3-PB,12.30940613
TTGCCGTAGTTCGCGC-1-3-PB,11.26620398
TTGCGTCCAATGGAAT-1-3-PB,19.39891927
TTGTAGGAGATATGGT-1-3-PB,23.22073668
TTGTAGGCAGTCCTTC-1-3-PB,15.61559939
TTTATGCAGAATGTTG-1-3-PB,12.94826004
TTTATGCTCTTGCATT-1-3-PB,7.365861116
TTTGGTTCACACTGCG-1-3-PB,9.465898773
TTTGTCACATCGATGT-1-3-PB,24.53544951
TTTGTCAGTGATAAGT-1-3-PB,9.532869376
AAAGATGCATGTCGAT-1-4-PB,5.273574768
AAAGCAAAGACTGTAA-1-4-PB,24.96684094
AAAGCAAGTTTCCACC-1-4-PB,24.96684094
AAAGTAGCAAAGTCAA-1-4-PB,7.811437362
AAAGTAGCAACGATCT-1-4-PB,23.50857151
AAATGCCAGCTACCGC-1-4-PB,0
AACCGCGAGCCGGTAA-1-4-PB,7.120173343
AACCGCGAGTGGCACA-1-4-PB,20.9580613
AACGTTGAGCTTATCG-1-4-PB,28.4720868
AACTCAGCACGGCGTT-1-4-PB,7.791078587
AACTCAGTCCAAATGC-1-4-PB,9.699441345
AACTCTTTCACGAAGG-1-4-PB,29.62308863
AACTGGTAGACTGTAA-1-4-PB,13.44367652
AACTTTCAGTTGCAGG-1-4-PB,22.50177828
AAGACCTGTTCAGGCC-1-4-PB,26.03703331
AAGGCAGAGGTGCAAC-1-4-PB,5.982894044
AAGGCAGGTATTACCG-1-4-PB,23.22073668
AAGGTTCTCTCGAGTA-1-4-PB,23.22073668
AATCCAGCATGATCCA-1-4-PB,17.35585766
AATCGGTAGATGCCAG-1-4-PB,21.93880575
ACACCCTTCTTACCTA-1-4-PB,22.37797338
ACACTGAAGTAGCCGA-1-4-PB,13.43591995
ACAGCCGGTCTCTTAT-1-4-PB,12.12818779
ACAGCTAGTAAATGAC-1-4-PB,24.14907883
ACCCACTCACTGTTAG-1-4-PB,6.951069404
ACCGTAAAGATGTTAG-1-4-PB,10.2572119
ACCGTAAAGCTAGTTC-1-4-PB,22.03655697
ACCTTTAGTCGCATAT-1-4-PB,19.73340568
ACGAGCCAGTACATGA-1-4-PB,30.59816483
ACGAGCCGTACATCCA-1-4-PB,19.77446523
ACGAGCCTCAGCATGT-1-4-PB,20.82724334
ACGAGGAGTTGGTGGA-1-4-PB,21.95325234
ACGATACAGGCCCTCA-1-4-PB,21.53698656
ACGATACAGTACCGGA-1-4-PB,19.60882451
ACGATGTAGAACAACT-1-4-PB,13.42129556
ACGATGTGTGTTGGGA-1-4-PB,12.28987887
ACGATGTTCCTGTACC-1-4-PB,23.44482767
ACGCCAGAGCACGCCT-1-4-PB,25.16642829
ACGCCAGCACAGTCGC-1-4-PB,23.8056749
ACGGAGAAGGCAGGTT-1-4-PB,18.58952121
ACGGAGAAGTGGACGT-1-4-PB,21.11926805
ACGGAGAGTTTGACTG-1-4-PB,18.66346716
ACGGCCATCAGTGTTG-1-4-PB,7.503547799
ACGGGTCAGCCCAGCT-1-4-PB,22.13903168
ACTGAACGTTAAGTAG-1-4-PB,15.42901378
ACTGAGTCATTTGCCC-1-4-PB,0
ACTGATGGTATAGGTA-1-4-PB,24.38734545
ACTGCTCCACTCGACG-1-4-PB,12.79694706
ACTGCTCCAGTATGCT-1-4-PB,22.8893768
ACTGTCCAGAGGGATA-1-4-PB,17.84041615
ACTGTCCAGCTGCAAG-1-4-PB,2.10371493
ACTGTCCCAACGCACC-1-4-PB,9.896648211
ACTTACTCACTTACGA-1-4-PB,14.43246136
ACTTGTTTCCGTTGTC-1-4-PB,7.553644149
ACTTGTTTCCTCAACC-1-4-PB,4.432084834
ACTTTCATCGGTCCGA-1-4-PB,26.12339131
AGAATAGAGGCTCTTA-1-4-PB,20.82724334
AGAATAGGTGTCCTCT-1-4-PB,3.965610887
AGAATAGTCAGGCAAG-1-4-PB,9.757313076
AGACGTTGTACGCACC-1-4-PB,7.253596692
AGACGTTTCCAAGTAC-1-4-PB,20.3572536
AGAGCGAAGACTAAGT-1-4-PB,2.423895789
AGAGCGACATGAACCT-1-4-PB,9.493357054
AGAGCTTCAGCCTGTG-1-4-PB,25.54519548
AGATCTGAGCAATCTC-1-4-PB,23.8056749
AGATCTGCAGATGGGT-1-4-PB,21.43541807
AGATTGCCATCTGGTA-1-4-PB,24.38734545
AGCATACGTCCGAACC-1-4-PB,23.22073668
AGCCTAAGTGCTTCTC-1-4-PB,6.932081201
AGCGGTCAGCTGTCTA-1-4-PB,9.514411496
AGCGGTCTCTGGTATG-1-4-PB,12.43405849
AGGCCACAGCTGCAAG-1-4-PB,22.63136973
AGGCCACCACACTGCG-1-4-PB,21.06530591
AGGCCACGTCGGCACT-1-4-PB,9.785304054
AGGGATGAGTAACCCT-1-4-PB,0
AGTAGTCGTCAGAATA-1-4-PB,24.38734545
AGTGGGAGTATGCTTG-1-4-PB,15.09003504
AGTGTCACACGGCTAC-1-4-PB,9.42421584
AGTGTCATCAATCACG-1-4-PB,11.14881053
ATAAGAGCAACTGCGC-1-4-PB,23.78498429
ATAAGAGCAGCTCGCA-1-4-PB,26.01883314
ATCACGACAACACCTA-1-4-PB,24.65649476
ATCACGATCTGCGGCA-1-4-PB,27.80795724
ATCCACCCACGGTGTC-1-4-PB,21.93336756
ATCTACTCAAGAGGCT-1-4-PB,16.59519379
ATCTACTCACATAACC-1-4-PB,9.100135712
ATCTACTTCACTCTTA-1-4-PB,7.680582434
ATCTGCCGTCCATGAT-1-4-PB,13.73540103
ATCTGCCGTCTACCTC-1-4-PB,22.9802415
ATCTGCCTCGCCAGCA-1-4-PB,12.25616333
ATGCGATCACCGTTGG-1-4-PB,0.054420467
ATGCGATGTTAAGATG-1-4-PB,8.709145661
ATGCGATTCAAGGCTT-1-4-PB,29.62308863
ATGCGATTCTCTTGAT-1-4-PB,16.53635713
ATTACTCAGAGTGAGA-1-4-PB,7.119932649
ATTATCCCAGGCTGAA-1-4-PB,12.10009487
ATTGGACAGGTGCACA-1-4-PB,17.31430135
ATTGGTGAGCTAAGAT-1-4-PB,7.525784862
ATTTCTGAGTCAAGCG-1-4-PB,7.223609154
ATTTCTGCAATACGCT-1-4-PB,13.43465417
CAACCAACAGCGAACA-1-4-PB,12.11124547
CAACCTCCAACGCACC-1-4-PB,22.63136973
CAACCTCCAGGTCGTC-1-4-PB,23.31417903
CAACTAGAGACTTTCG-1-4-PB,22.59514827
CAAGATCAGAATTGTG-1-4-PB,13.70845107
CAAGATCCACGCATCG-1-4-PB,24.76741974
CAAGGCCCATTGGGCC-1-4-PB,17.50844493
CAAGTTGAGCACAGGT-1-4-PB,22.03655697
CACAAACAGGAGTACC-1-4-PB,8.817126185
CACAAACCATGTAAGA-1-4-PB,14.4104735
CACAAACTCCTAGTGA-1-4-PB,25.54519548
CACACAATCCTCATTA-1-4-PB,24.38734545
CACACCTAGGGTTCCC-1-4-PB,13.92872668
CACAGGCCATCTGGTA-1-4-PB,22.79195009
CACAGGCGTAAAGTCA-1-4-PB,4.498274305
CACATAGGTTTGACAC-1-4-PB,8.084194375
CACATTTGTCTCAACA-1-4-PB,23.33490757
CACCACTAGATATGGT-1-4-PB,24.12331942
CACCACTCATGATCCA-1-4-PB,18.93486269
CACCAGGAGAGACTTA-1-4-PB,17.66961023
CACCAGGTCGCCTGTT-1-4-PB,25.46324315
CACCTTGAGTCATGCT-1-4-PB,21.6168364
CACTCCATCCGTAGTA-1-4-PB,20.98142422
CAGCCGAAGAAACGCC-1-4-PB,9.38218798
CAGCCGAAGGACACCA-1-4-PB,24.96684094
CAGCTAAGTGACTCAT-1-4-PB,19.77339578
CAGCTAATCATCATTC-1-4-PB,10.2927582
CAGCTAATCGAGAACG-1-4-PB,2.11820794
CAGCTGGGTAAGTGGC-1-4-PB,21.86189044
CAGTCCTGTAATTGGA-1-4-PB,21.43541807
CAGTCCTGTCGAAAGC-1-4-PB,15.09205652
CATCAAGAGAGTCTGG-1-4-PB,23.8056749
CATCAAGAGCTACCGC-1-4-PB,10.78293801
CATCAGACACCAGCAC-1-4-PB,24.49484799
CATGACATCGTACGGC-1-4-PB,10.44815324
CATGCCTAGTGCCATT-1-4-PB,13.34669093
CATGCCTCATGGATGG-1-4-PB,24.6653985
CCAATCCAGACGCTTT-1-4-PB,20.82724334
CCACCTAAGGTGCTAG-1-4-PB,23.61224886
CCACGGATCCGTCAAA-1-4-PB,23.67652827
CCAGCGAAGAATGTTG-1-4-PB,23.36612726
CCAGCGACATGGATGG-1-4-PB,23.22073668
CCAGCGAGTGCACTTA-1-4-PB,20.34707814
CCAGCGATCTATCCTA-1-4-PB,23.8056749
CCATGTCGTCTCTCTG-1-4-PB,14.2982115
CCATGTCTCACCGGGT-1-4-PB,15.57836762
CCCAATCGTATAGTAG-1-4-PB,19.6273608
CCCAATCGTCCTCCAT-1-4-PB,16.10994981
CCCAATCGTGTTGAGG-1-4-PB,21.43541807
CCCTCCTAGACAGGCT-1-4-PB,10.25173649
CCCTCCTGTCTCTTAT-1-4-PB,22.20322921
CCGGGATAGGATGTAT-1-4-PB,22.63136973
CCGGTAGCAGTATAAG-1-4-PB,23.4055528
CCGTACTAGAGTCGGT-1-4-PB,8.863657439
CCGTACTCACCTCGTT-1-4-PB,12.32879538
CCGTGGAGTATAAACG-1-4-PB,20.65893033
CCTAGCTGTCTCTTAT-1-4-PB,4.310530901
CCTCTGAGTGAGCGAT-1-4-PB,23.46637324
CCTCTGAGTGTCTGAT-1-4-PB,26.12339131
CCTTCGAAGATCACGG-1-4-PB,8.246164156
CCTTCGAAGCGCTTAT-1-4-PB,24.57060345
CCTTCGAGTCTGCCAG-1-4-PB,25.18697205
CGAACATAGCGATGAC-1-4-PB,11.99280404
CGACCTTAGTTTCCTT-1-4-PB,20.65650967
CGACCTTGTTCCCTTG-1-4-PB,13.82928138
CGAGCCAGTGGTACAG-1-4-PB,17.70186279
CGATGGCCAATACGCT-1-4-PB,21.28051576
CGATGGCTCTGTCCGT-1-4-PB,13.8778533
CGATGTAAGGTGGGTT-1-4-PB,5.189061324
CGATGTAAGTGCCATT-1-4-PB,20.04976051
CGATTGAGTCGCGGTT-1-4-PB,24.38147368
CGCCAAGAGCTCCCAG-1-4-PB,13.12044558
CGCGGTATCAGTGCAT-1-4-PB,22.63136973
CGCGTTTTCACAAACC-1-4-PB,0
CGCTGGAGTGTTGGGA-1-4-PB,24.96684094
CGGACACCAGTTCCCT-1-4-PB,7.271334189
CGGACGTAGTTATCGC-1-4-PB,7.724524388
CGGACTGCAATCCGAT-1-4-PB,20.21155332
CGGACTGCATAAAGGT-1-4-PB,22.63136973
CGGAGCTGTGATGATA-1-4-PB,8.972221572
CGGCTAGTCTGCAAGT-1-4-PB,7.291151388
CGTAGCGCACGTCTCT-1-4-PB,3.632545225
CGTAGCGGTCTAGCGC-1-4-PB,3.026178241
CGTCACTGTCTAGAGG-1-4-PB,5.024455526
CGTCTACCAAAGAATC-1-4-PB,14.98300783
CGTCTACCATTCACTT-1-4-PB,0.004979971
CGTGAGCAGCGTTCCG-1-4-PB,12.61478805
CGTGTAAAGGTGATTA-1-4-PB,12.53429796
CGTGTCTAGCTGAAAT-1-4-PB,0.954332444
CGTGTCTAGTGTGGCA-1-4-PB,23.58083641
CGTTAGAGTAAGTGGC-1-4-PB,23.22073668
CGTTAGAGTACCAGTT-1-4-PB,19.37142362
CGTTAGATCATCACCC-1-4-PB,16.01146569
CTAACTTCAGTACACT-1-4-PB,24.38734545
CTAAGACTCTCTTGAT-1-4-PB,7.290618333
CTAATGGCACAGCCCA-1-4-PB,12.005181
CTAATGGGTTCCATGA-1-4-PB,16.11708481
CTACACCTCGGGAGTA-1-4-PB,20.32558783
CTACCCAAGTTGAGTA-1-4-PB,7.62602997
CTACCCATCAGATAAG-1-4-PB,9.5543631
CTACGTCAGACCCACC-1-4-PB,10.39603429
CTACGTCAGGAATTAC-1-4-PB,22.03655697
CTAGCCTAGCAAATCA-1-4-PB,24.38734545
CTAGTGAAGGCAAAGA-1-4-PB,23.8056749
CTCACACTCGGCGCTA-1-4-PB,12.94826004
CTCGAAACACAGGAGT-1-4-PB,13.25054647
CTCGAAAGTTTGACAC-1-4-PB,11.07698509
CTCGGAGCATGGAATA-1-4-PB,15.06009648
CTCGGAGTCTGGCGAC-1-4-PB,12.08714615
CTCGTACAGTACGCCC-1-4-PB,0
CTCGTCAAGAGCTTCT-1-4-PB,22.63136973
CTCGTCAGTTCAGTAC-1-4-PB,22.97090678
CTCTAATCACCGGAAA-1-4-PB,4.159643402
CTCTACGAGTGCAAGC-1-4-PB,23.88439917
CTCTGGTAGCCACCTG-1-4-PB,11.55029553
CTGAAACAGCGATGAC-1-4-PB,19.33484711
CTGATAGCACAACGCC-1-4-PB,23.80554985
CTGATAGCACGCATCG-1-4-PB,0
CTGATAGGTGACTACT-1-4-PB,25.54519548
CTGATAGTCAGCTCTC-1-4-PB,24.19106361
CTGATCCAGTACATGA-1-4-PB,19.56409791
CTGCCTATCGGAGCAA-1-4-PB,13.48570702
CTGCGGAAGGCGATAC-1-4-PB,0.582060639
CTGCTGTTCACATGCA-1-4-PB,19.5154346
CTGCTGTTCACCAGGC-1-4-PB,8.553254923
CTGGTCTAGCGTGAGT-1-4-PB,11.75678575
CTGGTCTCATCACCCT-1-4-PB,0.457714323
CTTAGGAAGTGGGCTA-1-4-PB,13.78446243
GAAACTCTCCTCCTAG-1-4-PB,12.2028424
GAAACTCTCCTTGACC-1-4-PB,26.34740954
GAAATGAAGAGACTAT-1-4-PB,21.43541807
GAAATGAAGCCAGTTT-1-4-PB,24.34519197
GAACATCTCGGCGCAT-1-4-PB,15.00844671
GAACGGAGTTACCAGT-1-4-PB,23.22073668
GAACGGATCGAATCCA-1-4-PB,33.9021025
GAAGCAGAGCAGCGTA-1-4-PB,27.40051822
GACACGCAGAGGACGG-1-4-PB,21.90473264
GACACGCAGGGTATCG-1-4-PB,20.92895709
GACACGCGTCCTCTTG-1-4-PB,0
GACAGAGCAATCGAAA-1-4-PB,0
GACAGAGCACAGCCCA-1-4-PB,26.6254604
GACCAATGTAAGAGAG-1-4-PB,26.07278941
GACCTGGAGGAATGGA-1-4-PB,22.8844146
GACCTGGAGGTTCCTA-1-4-PB,0
GACGGCTAGTATTGGA-1-4-PB,15.84659102
GACGTGCAGCTACCTA-1-4-PB,21.43541807
GACGTGCAGCTAGTCT-1-4-PB,1.490145253
GACGTGCGTTGGTGGA-1-4-PB,22.63136973
GACGTTAAGTACGATA-1-4-PB,15.43313199
GACGTTACATGGTCTA-1-4-PB,23.76898378
GACTAACCAAGCTGGA-1-4-PB,9.849654073
GACTAACTCTGGGCCA-1-4-PB,23.68100945
GACTGCGGTAGATTAG-1-4-PB,13.89148061
GACTGCGGTTATCGGT-1-4-PB,1.833266195
GAGCAGAGTTCCGTCT-1-4-PB,23.8435895
GAGGTGAAGGATGCGT-1-4-PB,10.84512243
GAGGTGAAGTTTAGGA-1-4-PB,2.633056632
GAGGTGAGTACCGCTG-1-4-PB,9.456605096
GAGGTGAGTCACAAGG-1-4-PB,12.66920227
GAGGTGATCATCGATG-1-4-PB,24.9209418
GAGTCCGGTTAAGACA-1-4-PB,22.6896306
GATCGATAGACGCAAC-1-4-PB,18.65502026
GATCGATCACGGTAAG-1-4-PB,13.57239072
GATCGCGTCTTGACGA-1-4-PB,15.01618091
GATCGTATCATCTGCC-1-4-PB,16.68803898
GATCTAGAGACTAGAT-1-4-PB,25.08481889
GATCTAGAGTGAAGAG-1-4-PB,16.2776989
GATGAAAAGAGCTATA-1-4-PB,10.55427133
GATGAGGTCAACACAC-1-4-PB,14.83074727
GATGAGGTCTATCCCG-1-4-PB,16.81879146
GATGCTAAGGGATACC-1-4-PB,21.7015741
GATGCTAGTAAACGCG-1-4-PB,13.53792076
GATTCAGGTGACCAAG-1-4-PB,29.79992948
GCAAACTAGTTGAGAT-1-4-PB,17.01473202
GCAAACTGTATGAATG-1-4-PB,15.94061454
GCAAACTTCCGCATCT-1-4-PB,13.44775215
GCAATCAGTGCCTTGG-1-4-PB,2.679713119
GCACATAAGAGCTGCA-1-4-PB,24.96684094
GCACATAAGTATGACA-1-4-PB,13.44092202
GCAGCCATCTTTCCTC-1-4-PB,15.41146682
GCAGTTAAGTTGTAGA-1-4-PB,4.537529988
GCAGTTACAAGTACCT-1-4-PB,18.73980069
GCAGTTACATCGGACC-1-4-PB,3.149329004
GCAGTTATCGTTTATC-1-4-PB,3.04133563
GCATACACATCCGTGG-1-4-PB,17.88797843
GCATGATGTCGAACAG-1-4-PB,19.93086421
GCATGTAGTCGAAAGC-1-4-PB,20.91868285
GCCAAATCAACACGCC-1-4-PB,11.55029553
GCCAAATGTACCGTAT-1-4-PB,21.77850646
GCCAAATTCTGGCGTG-1-4-PB,8.289709509
GCCTCTAAGAGGTTAT-1-4-PB,6.281512758
GCGACCACAGGTGGAT-1-4-PB,11.58391287
GCGACCAGTTTGGCGC-1-4-PB,19.06392061
GCGAGAAGTGACGGTA-1-4-PB,0
GCGCAACCAGTATAAG-1-4-PB,13.66645653
GCGCAGTGTGATGATA-1-4-PB,22.63136973
GCGCCAAAGCCACTAT-1-4-PB,14.28467895
GCGGGTTCAGCCTGTG-1-4-PB,8.567490464
GCGGGTTGTCGCTTCT-1-4-PB,9.520976785
GCTCCTAAGAGGTAGA-1-4-PB,13.46244075
GCTCTGTAGGGATCTG-1-4-PB,14.73242972
GCTGCAGAGAAACCAT-1-4-PB,3.316370754
GCTGCGAAGGTAGCCA-1-4-PB,13.85070792
GCTGCTTCAACGATGG-1-4-PB,20.2799203
GCTGGGTAGGATCGCA-1-4-PB,22.58479408
GCTTGAAAGAAACCAT-1-4-PB,24.48403608
GCTTGAATCACAGGCC-1-4-PB,24.9303636
GGAACTTTCTCTAAGG-1-4-PB,7.464077714
GGAATAAGTTAAAGAC-1-4-PB,23.81696655
GGACAAGAGGTCATCT-1-4-PB,22.03655697
GGACAAGCATACCATG-1-4-PB,19.58800388
GGACATTCAATGGATA-1-4-PB,4.863661851
GGACATTTCGTATCAG-1-4-PB,23.98700293
GGACGTCCATGCCTAA-1-4-PB,8.80249653
GGATGTTAGCGTCTAT-1-4-PB,21.60378804
GGATGTTAGGTAGCCA-1-4-PB,11.35272824
GGATGTTGTTCTGGTA-1-4-PB,22.65260757
GGATGTTTCCTCGCAT-1-4-PB,22.03655697
GGATTACTCCTGCAGG-1-4-PB,11.6551864
GGCAATTCAGGGAGAG-1-4-PB,10.61618515
GGCAATTGTCCGAAGA-1-4-PB,19.58800388
GGCTGGTCACGTAAGG-1-4-PB,33.21332245
GGGAATGAGTAGGCCA-1-4-PB,16.06007579
GGGACCTCAGGCTGAA-1-4-PB,22.2154336
GGGACCTTCTTGCAAG-1-4-PB,19.1604038
GGGAGATCACAGAGGT-1-4-PB,21.18820902
GGGATGACAACACCTA-1-4-PB,24.30657576
GGGCACTAGTGAAGAG-1-4-PB,25.60534697
GGGCATCCAGATGGCA-1-4-PB,21.26433645
GGGTTGCGTCCATGAT-1-4-PB,24.14993765
GGTATTGTCTTCCTTC-1-4-PB,23.75243897
GGTGCGTGTCACCTAA-1-4-PB,20.74544846
GGTGCGTTCAGTACGT-1-4-PB,22.03655697
GGTGTTAGTCATGCCG-1-4-PB,24.92152294
GGTGTTAGTCTGGAGA-1-4-PB,11.99909514
GGTGTTATCAGCTCGG-1-4-PB,21.09643232
GTAACTGAGAGTAATC-1-4-PB,9.48220583
GTAACTGCAGATCTGT-1-4-PB,15.79098959
GTACGTAGTCGTCTTC-1-4-PB,7.686070501
GTACGTATCAGAGGTG-1-4-PB,17.11724578
GTACTCCGTTCAGTAC-1-4-PB,20.27738769
GTACTCCTCGCTTAGA-1-4-PB,20.00049616
GTAGGCCAGACTACAA-1-4-PB,27.99810772
GTAGGCCCAGCCTTGG-1-4-PB,7.123682071
GTAGTCAGTTGGACCC-1-4-PB,19.07386602
GTATCTTCAGTAGAGC-1-4-PB,10.84512243
GTATCTTTCTCTTGAT-1-4-PB,20.75215007
GTATTCTTCATTCACT-1-4-PB,13.11323789
GTATTCTTCTGGGCCA-1-4-PB,16.19535519
GTCACGGAGTACTTGC-1-4-PB,22.63136973
GTCATTTAGATATGGT-1-4-PB,23.22073668
GTCGGGTGTTAAAGAC-1-4-PB,23.93553666
GTCGTAAAGAGAGCTC-1-4-PB,18.79283888
GTCTTCGGTTCCAACA-1-4-PB,25.45892339
GTGCGGTCAGAGTGTG-1-4-PB,23.22073668
GTGCGGTGTCTAGTGT-1-4-PB,24.96684094
GTGGGTCAGTTATCGC-1-4-PB,23.77742433
GTGTGCGAGCCCAACC-1-4-PB,9.925537772
GTGTTAGTCACTTACT-1-4-PB,20.21155332
GTTAAGCCATGAGCGA-1-4-PB,23.8056749
GTTAAGCGTGGCCCTA-1-4-PB,16.30076597
GTTAAGCTCTACTCAT-1-4-PB,15.04423958
GTTCGGGAGAAACCAT-1-4-PB,23.22073668
GTTCGGGGTGACCAAG-1-4-PB,3.353596759
GTTCTCGCAAATCCGT-1-4-PB,21.43541807
GTTCTCGCAAGCGCTC-1-4-PB,9.726819438
GTTCTCGCAGAGCCAA-1-4-PB,16.92482094
GTTTCTAGTATTAGCC-1-4-PB,1.065596432
TAAACCGGTTCAGGCC-1-4-PB,9.689422418
TAAACCGTCGCCGTGA-1-4-PB,16.66713895
TAAGAGAAGCGGCTTC-1-4-PB,9.919607532
TAAGAGACAATTCCTT-1-4-PB,15.19003177
TAAGAGACAGCGTTCG-1-4-PB,21.76747617
TAAGAGACATAGTAAG-1-4-PB,18.31692764
TAAGCGTCACCCATGG-1-4-PB,8.837113463
TAAGCGTTCTCGATGA-1-4-PB,0.911504318
TAAGTGCTCTGTCTCG-1-4-PB,22.14226784
TACACGAGTTGTTTGG-1-4-PB,12.10456429
TACCTATTCCAACCAA-1-4-PB,13.44041406
TACGGATAGTTGAGAT-1-4-PB,11.34529522
TACGGTAAGCAATCTC-1-4-PB,23.8056749
TACTTACCACCGATAT-1-4-PB,22.53189489
TACTTACCATTCCTCG-1-4-PB,30.80862551
TACTTGTCAGTAAGCG-1-4-PB,4.705107071
TACTTGTTCTCTAGGA-1-4-PB,5.867996713
TAGACCAGTAAATACG-1-4-PB,22.63136973
TAGAGCTAGCCCAGCT-1-4-PB,24.96684094
TAGAGCTCAGTTAACC-1-4-PB,25.42203531
TAGGCATAGCGTGAAC-1-4-PB,15.04257961
TAGGCATGTTCCCTTG-1-4-PB,23.8056749
TAGGCATTCGGCGCTA-1-4-PB,22.4555617
TAGTGGTAGGAGTTTA-1-4-PB,10.34655972
TAGTGGTTCTTGCATT-1-4-PB,18.3830012
TAGTTGGAGAGTCGGT-1-4-PB,33.21332245
TATCAGGTCCTAGTGA-1-4-PB,22.44959032
TATCAGGTCGCTAGCG-1-4-PB,7.089254185
TATGCCCCATGCCTTC-1-4-PB,23.22073668
TATTACCCACCGGAAA-1-4-PB,22.68473598
TATTACCTCCTTGACC-1-4-PB,11.85687879
TCAACGATCCCTCTTT-1-4-PB,24.38734545
TCAGATGGTTCTGAAC-1-4-PB,10.36013601
TCAGCTCTCTTTAGGG-1-4-PB,11.16358651
TCAGGTATCGGAAACG-1-4-PB,22.40115898
TCATTACGTTAAGATG-1-4-PB,10.65140279
TCATTTGGTTAAGACA-1-4-PB,22.31937109
TCCACACCATGTCTCC-1-4-PB,15.5639795
TCGAGGCAGAGGTTAT-1-4-PB,9.397585491
TCGAGGCGTAAGGGCT-1-4-PB,26.12339131
TCGAGGCTCTACGAGT-1-4-PB,12.21893595
TCGCGAGTCTCCGGTT-1-4-PB,23.07576663
TCGGGACCAAGCTGTT-1-4-PB,29.62308863
TCGGTAACAGATAATG-1-4-PB,22.68532268
TCGGTAATCAATACCG-1-4-PB,10.43537212
TCGGTAATCTACTTAC-1-4-PB,5.303420673
TCGTAGAAGCGAGAAA-1-4-PB,27.28235252
TCGTAGAGTCTTTCAT-1-4-PB,21.73655011
TCTCATAAGGTGACCA-1-4-PB,22.54698419
TCTCTAAGTGGCCCTA-1-4-PB,7.470888289
TCTGGAACACAGAGGT-1-4-PB,2.874446093
TCTGGAACACCTCGGA-1-4-PB,12.49740185
TCTGGAAGTCTCTTAT-1-4-PB,7.622335082
TCTGGAAGTGATGTGG-1-4-PB,5.637542752
TCTTTCCAGGTGATTA-1-4-PB,12.91089768
TCTTTCCTCTGGCGAC-1-4-PB,15.26760366
TGAAAGATCATCTGCC-1-4-PB,25.39960563
TGACAACTCTCTGCTG-1-4-PB,10.87151308
TGACTTTCATTAACCG-1-4-PB,23.12094184
TGAGAGGCATGGAATA-1-4-PB,15.66396215
TGAGCATCATCCAACA-1-4-PB,7.04942197
TGAGCATTCTGTTTGT-1-4-PB,24.63787336
TGAGCCGTCGGATGTT-1-4-PB,16.84625122
TGAGGGAAGTACGACG-1-4-PB,6.299315418
TGCACCTTCCGCGTTT-1-4-PB,9.069841865
TGCCCTAAGCGCTTAT-1-4-PB,0
TGCCCTATCCTAGAAC-1-4-PB,22.53063484
TGCGCAGCACAGCGTC-1-4-PB,7.991417958
TGCGCAGGTCAGGACA-1-4-PB,21.99622988
TGCGCAGGTCTTGTCC-1-4-PB,13.60068834
TGCGCAGGTGCAGGTA-1-4-PB,24.10585433
TGCGCAGTCTATCCCG-1-4-PB,21.43541807
TGCGGGTCAGCTGTAT-1-4-PB,24.03874357
TGCTGCTAGGGTGTTG-1-4-PB,2.582513463
TGCTGCTTCAATCTCT-1-4-PB,12.5543678
TGGACGCGTGGTCTCG-1-4-PB,19.20511009
TGGCGCATCGACAGCC-1-4-PB,13.67313108
TGGCTGGCAGATGGCA-1-4-PB,12.5121338
TGGGAAGGTCTCCATC-1-4-PB,3.649499124
TGGGCGTGTTCCAACA-1-4-PB,22.88047399
TGGGCGTTCGGACAAG-1-4-PB,16.43637438
TGGTTAGCATGGTCTA-1-4-PB,17.46438151
TGGTTCCAGGCCATAG-1-4-PB,15.5234071
TGGTTCCGTCTGCCAG-1-4-PB,11.85120211
TGGTTCCGTTAAAGAC-1-4-PB,21.20861768
TGTCCCAAGTGGTAGC-1-4-PB,13.97011839
TGTCCCACAGGTCGTC-1-4-PB,7.81975283
TGTGGTACAGCCTATA-1-4-PB,23.19632509
TGTGTTTAGTGTACTC-1-4-PB,5.050324852
TGTGTTTCAGCCTATA-1-4-PB,24.38734545
TTAGGACTCCTTTCGG-1-4-PB,9.381681861
TTAGTTCCAGCCTATA-1-4-PB,15.3131623
TTCGAAGTCTGTACGA-1-4-PB,15.52695866
TTCGGTCGTCAAGCGA-1-4-PB,26.12339131
TTCTACAGTCAGATAA-1-4-PB,31.40555148
TTCTCAAAGACTGGGT-1-4-PB,14.50563683
TTCTCAACATTAGGCT-1-4-PB,22.94155475
TTCTCAATCTTGTCAT-1-4-PB,24.38734545
TTCTCCTTCGTACCGG-1-4-PB,23.8056749
TTGAACGAGCGATAGC-1-4-PB,25.66470827
TTGAACGAGGGCATGT-1-4-PB,2.152217805
TTGCGTCCAAGGTGTG-1-4-PB,23.79620898
TTGCGTCGTCATGCAT-1-4-PB,22.32143906
TTGCGTCTCGGCGCAT-1-4-PB,23.47414696
TTGGAACGTAAACCTC-1-4-PB,11.21577504
TTGGCAACATCTCCCA-1-4-PB,26.09372412
TTTATGCAGTCGCCGT-1-4-PB,22.63136973
TTTGGTTAGACGCACA-1-4-PB,5.503136953
TTTGTCAAGTTGAGAT-1-4-PB,19.81108758
TTTGTCATCGGAGCAA-1-4-PB,23.22073668
AAATGCCCACGGATAG-1-5-PB,20.02926528
AACCGCGCAGTAACGG-1-5-PB,22.03655697
AACTCAGGTTAGAACA-1-5-PB,21.43287386
AACTCAGTCGAACGGA-1-5-PB,21.41090644
AACTCCCGTCATATGC-1-5-PB,24.38734545
AATCCAGCAACGATGG-1-5-PB,11.82087603
ACACCAAGTACCCAAT-1-5-PB,22.03655697
ACAGCCGCAATAGCGG-1-5-PB,17.2994665
ACCGTAACAGTCGATT-1-5-PB,18.47548106
ACGAGCCAGGCTAGCA-1-5-PB,21.38312581
ACGAGCCTCACGACTA-1-5-PB,13.75059405
ACGAGGAAGAGGTAGA-1-5-PB,7.657213204
ACGCAGCTCGCAAACT-1-5-PB,7.716866459
ACGCCAGGTAAGAGAG-1-5-PB,24.96684094
ACGCCAGTCTCAAGTG-1-5-PB,17.80126462
ACGGGCTCATAACCTG-1-5-PB,7.876635955
ACGTCAAAGTAGGCCA-1-5-PB,24.96684094
ACTATCTGTGAGTATA-1-5-PB,6.508402891
ACTATCTTCTTGGGTA-1-5-PB,23.22073668
AGAGCTTTCCCGGATG-1-5-PB,20.54245895
AGCATACTCTAACTGG-1-5-PB,7.850162807
AGCCTAAGTCAAAGCG-1-5-PB,8.143528639
AGCTTGAAGGTACTCT-1-5-PB,18.28714202
AGGGATGTCGCACTCT-1-5-PB,9.943187276
AGTAGTCAGCACACAG-1-5-PB,22.63136973
AGTGTCAAGACACTAA-1-5-PB,14.12933399
ATAACGCGTATAATGG-1-5-PB,20.4198087
ATCATCTTCTCTTATG-1-5-PB,22.03655697
ATTATCCCAGCATACT-1-5-PB,25.09217997
ATTGGACAGTACCGGA-1-5-PB,11.88926206
ATTGGACTCACTCTTA-1-5-PB,14.46883353
ATTGGTGAGTACGCGA-1-5-PB,22.03655697
ATTGGTGCATTGCGGC-1-5-PB,11.22025842
CACAAACAGTTGAGAT-1-5-PB,26.56430985
CACAAACCAAACCTAC-1-5-PB,6.964026055
CACACTCAGACAGGCT-1-5-PB,11.61641478
CACACTCCAGTCGATT-1-5-PB,9.016842567
CACATTTGTGGTACAG-1-5-PB,13.80010078
CACCTTGGTTAGATGA-1-5-PB,10.66744626
CAGCAGCTCATGGTCA-1-5-PB,9.105403454
CAGCTAATCTGCCCTA-1-5-PB,18.56996405
CAGCTGGGTCCGAAGA-1-5-PB,10.98334362
CAGCTGGGTGTGACGA-1-5-PB,11.12253393
CAGCTGGGTTGTACAC-1-5-PB,25.54519548
CAGTAACTCGCTGATA-1-5-PB,4.341451764
CATATGGAGGCTACGA-1-5-PB,20.21155332
CATATGGTCTAACGGT-1-5-PB,19.81694595
CATCAAGCAAGCTGGA-1-5-PB,13.17230479
CATCGAAAGGACGAAA-1-5-PB,26.12339131
CATGACAGTGCAACTT-1-5-PB,6.775328693
CATTCGCAGACTTGAA-1-5-PB,11.66681021
CATTCGCGTGGGTCAA-1-5-PB,27.4438158
CCACCTATCTTGCATT-1-5-PB,8.989949931
CCACGGAAGCGTTCCG-1-5-PB,22.93004772
CCACGGAGTGGTGTAG-1-5-PB,7.17498954
CCCAGTTTCCCTAATT-1-5-PB,0.509866586
CCGGGATCAAACTGTC-1-5-PB,13.84122762
CCGGGATCATTTCAGG-1-5-PB,23.42956066
CCTACACCAATCGAAA-1-5-PB,7.09164887
CCTACACTCAACCAAC-1-5-PB,13.20736348
CCTTCGACAGCGTTCG-1-5-PB,7.916755256
CGAATGTTCGTAGGAG-1-5-PB,6.471949461
CGATTGACAAGTACCT-1-5-PB,20.82724334
CGCGGTACACGGTAGA-1-5-PB,21.59876405
CGGACACGTTGTGGAG-1-5-PB,13.13317779
CGTAGCGCATCGATGT-1-5-PB,3.830200565
CGTCAGGCATTTGCTT-1-5-PB,24.16452726
CTAATGGGTCAGAATA-1-5-PB,8.500607172
CTACGTCGTCTCCATC-1-5-PB,24.88774583
CTCAGAACAGATGAGC-1-5-PB,11.36739211
CTCATTAGTCTAGAGG-1-5-PB,10.08912424
CTCGTACGTAGCGCTC-1-5-PB,15.10347962
CTCGTCAAGCGTTGCC-1-5-PB,25.20699393
CTGAAGTGTGCCTTGG-1-5-PB,10.00978071
CTGATAGAGACAGACC-1-5-PB,6.845207994
CTGATCCAGGGTGTGT-1-5-PB,0
CTGCCTAAGAACTGTA-1-5-PB,22.95343695
CTGTGCTTCAGTTCGA-1-5-PB,16.10991775
CTTAACTCAAGTTGTC-1-5-PB,14.35974121
GAACCTATCCGCATAA-1-5-PB,15.43379624
GAACGGATCCATGAAC-1-5-PB,18.06466767
GACGTTAAGCGGCTTC-1-5-PB,8.475983186
GACGTTAAGTTGCAGG-1-5-PB,18.75197381
GACGTTATCATGTAGC-1-5-PB,6.531098358
GATTCAGCAATAGCAA-1-5-PB,22.03655697
GCACATAAGTGTTGAA-1-5-PB,14.12482758
GCACATACATCCGGGT-1-5-PB,13.55085762
GCATGTACATGCCCGA-1-5-PB,16.35264594
GCATGTAGTTTGTTTC-1-5-PB,20.57305158
GCGACCAAGCGAAGGG-1-5-PB,5.143998018
GCGACCACACATCTTT-1-5-PB,16.22849331
GCGCAACCATGGGACA-1-5-PB,24.40916997
GCGCAGTAGGTTACCT-1-5-PB,8.208235838
GCGCCAATCGTACCGG-1-5-PB,22.10608205
GCTGCGATCCAATGGT-1-5-PB,22.27603479
GCTGCTTGTGTGCCTG-1-5-PB,5.437852542
GCTTCCAAGTTAGCGG-1-5-PB,8.281127564
GGCTCGAAGGTACTCT-1-5-PB,22.63136973
GGGCACTCATGCCTTC-1-5-PB,8.634977589
GGGCATCGTAACGCGA-1-5-PB,14.93237054
GGGTTGCCACGAGGTA-1-5-PB,14.15158038
GGGTTGCGTCTAACGT-1-5-PB,8.337667526
GGTGTTACACCGAAAG-1-5-PB,8.709145661
GTACTTTAGCTAGCCC-1-5-PB,21.82740133
GTAGGCCGTTATCGGT-1-5-PB,21.48078035
GTATTCTAGGGAACGG-1-5-PB,22.8521961
GTCGGGTTCGGCCGAT-1-5-PB,11.55029553
GTCTCGTTCTTAGAGC-1-5-PB,14.75368342
GTGCAGCCAGTGAGTG-1-5-PB,0
GTGCGGTAGCTAGGCA-1-5-PB,14.48880537
GTGCGGTCACCGATAT-1-5-PB,16.09643577
GTGTTAGTCAGATAAG-1-5-PB,19.84458609
GTTACAGTCCCACTTG-1-5-PB,12.0228474
TAAACCGAGGGTTTCT-1-5-PB,9.757723034
TAAGCGTAGACTACAA-1-5-PB,17.72731257
TACTTGTTCAGCTCGG-1-5-PB,20.57529983
TCAGCAATCGCTAGCG-1-5-PB,10.52366014
TCAGGTACAGTGAGTG-1-5-PB,8.087536984
TCATTTGAGTGGCACA-1-5-PB,22.9817748
TCATTTGTCAGGTTCA-1-5-PB,23.46563891
TCGCGTTGTCACACGC-1-5-PB,14.32714902
TCGGGACAGGTCGGAT-1-5-PB,9.88998626
TCGGTAAGTAAACGCG-1-5-PB,24.38734545
TCTATTGGTATAGGGC-1-5-PB,7.061689827
TCTCTAACACCACCAG-1-5-PB,10.38464499
TCTTCGGCAGCATACT-1-5-PB,18.85269673
TCTTCGGGTCTAACGT-1-5-PB,5.921050519
TGAAAGAGTTCGTCTC-1-5-PB,8.552747589
TGCCCATTCTAAGCCA-1-5-PB,20.47186511
TGCGCAGAGTGTCCAT-1-5-PB,5.524846207
TGCGCAGCATGATCCA-1-5-PB,23.22073668
TGCGCAGGTACATCCA-1-5-PB,9.441495297
TGCGCAGTCGTAGGTT-1-5-PB,18.67133938
TGGCGCAAGTGCCAGA-1-5-PB,24.38734545
TGGCTGGTCGAATGCT-1-5-PB,23.69389876
TGGGAAGGTACAAGTA-1-5-PB,20.64209008
TGGGCGTGTAATAGCA-1-5-PB,11.54824709
TGGTTCCGTAACGCGA-1-5-PB,16.01597622
TTAGGCAGTTGAACTC-1-5-PB,11.04759504
TTCTACAAGACTTGAA-1-5-PB,24.1697357
TTCTACACACGCATCG-1-5-PB,11.53090973
TTTATGCGTCGGCACT-1-5-PB,12.44271233
TTTGCGCCACAGACTT-1-5-PB,28.44806888
AAACCTGCACATCTTT-1-3-L,86.89134293
AAACCTGGTAAGTGTA-1-3-L,84.76586623
AAACGGGTCCAAATGC-1-3-L,48.13658087
AAAGATGAGCGTCTAT-1-3-L,81.73656745
AAAGCAAAGAGTTGGC-1-3-L,95.05025524
AAAGCAACAATGCCAT-1-3-L,76.77291073
AAAGCAATCCCTTGCA-1-3-L,22.36032631
AAAGTAGGTCAAAGCG-1-3-L,80.41409203
AAAGTAGTCAATAAGG-1-3-L,73.32880496
AACACGTAGCTAGTCT-1-3-L,67.01991108
AACACGTAGGCTAGGT-1-3-L,80.20965249
AACCATGCAGAGTGTG-1-3-L,58.18273227
AACCATGTCAGTCAGT-1-3-L,33.82215685
AACCATGTCTCCGGTT-1-3-L,16.14471369
AACCGCGAGACCTTTG-1-3-L,75.9877531
AACCGCGGTAAACACA-1-3-L,70.243725
AACGTTGCAGTCTTCC-1-3-L,74.82449234
AACGTTGTCAGGCGAA-1-3-L,65.16717786
AACTCAGCACATTAGC-1-3-L,72.7953385
AACTCAGTCAGAGACG-1-3-L,88.87392597
AACTCCCGTCTGATTG-1-3-L,36.91575742
AACTCTTAGGAGCGAG-1-3-L,72.50866232
AACTGGTAGATCCCAT-1-3-L,53.01467482
AACTTTCAGCTGCGAA-1-3-L,34.84753404
AACTTTCGTCGCATAT-1-3-L,65.13444174
AACTTTCTCCGTCATC-1-3-L,76.95808855
AAGACCTCATTAGGCT-1-3-L,46.22585133
AAGCCGCCACGACTCG-1-3-L,78.72707457
AAGCCGCCAGCAGTTT-1-3-L,60.29188757
AAGGAGCAGATCCGAG-1-3-L,80.40778075
AAGGAGCAGTGCTGCC-1-3-L,72.01962868
AAGGCAGGTAAACGCG-1-3-L,81.52846269
AAGGCAGGTCCTAGCG-1-3-L,72.73325457
AAGGCAGGTGGCTCCA-1-3-L,97.85795822
AAGGCAGTCCCATTTA-1-3-L,57.51192123
AAGGCAGTCGGATGGA-1-3-L,66.69152788
AAGGTTCCATACTCTT-1-3-L,48.53666175
AAGGTTCGTGCATCTA-1-3-L,47.25640181
AAGGTTCTCTTGCATT-1-3-L,35.05058416
AAGTCTGCACCTATCC-1-3-L,75.88531322
AATCCAGAGTGTACCT-1-3-L,29.07274268
AATCGGTCATATGGTC-1-3-L,72.18032802
ACACCAAAGTCAAGGC-1-3-L,74.23707544
ACACCAAGTGGACGAT-1-3-L,54.25741966
ACACCAATCTGCTGTC-1-3-L,24.74799646
ACACCCTAGTGTTAGA-1-3-L,79.62964653
ACACCCTCACCGATAT-1-3-L,30.07140446
ACACCGGAGACTTTCG-1-3-L,84.36765271
ACACCGGCATCCGCGA-1-3-L,38.25235998
ACAGCCGCAATGTAAG-1-3-L,54.76987812
ACAGCCGCACGGCCAT-1-3-L,80.82725102
ACAGCCGGTATTCGTG-1-3-L,50.4970067
ACAGCTACAAACGCGA-1-3-L,67.01696538
ACAGCTAGTGGTACAG-1-3-L,49.39463738
ACAGCTATCCTCATTA-1-3-L,87.21874787
ACATACGAGGATTCGG-1-3-L,78.81991714
ACATCAGGTACGAAAT-1-3-L,74.95273063
ACATCAGTCAGGCGAA-1-3-L,45.63583058
ACATGGTAGTAATCCC-1-3-L,40.47691821
ACCAGTAAGAGTAATC-1-3-L,62.30390262
ACCAGTACATGCAACT-1-3-L,35.59717153
ACCAGTACATGGTTGT-1-3-L,81.27636965
ACCAGTATCGTAGGAG-1-3-L,33.82215685
ACCCACTAGAGTCGGT-1-3-L,97.85795822
ACCCACTAGCCGATTT-1-3-L,64.01991741
ACCCACTCATCAGTAC-1-3-L,97.85795822
ACCCACTGTAAGAGAG-1-3-L,77.80605467
ACCGTAAGTGTAATGA-1-3-L,83.16051183
ACCGTAAGTTGAGTTC-1-3-L,72.90845815
ACCGTAATCACGAAGG-1-3-L,84.40877774
ACCGTAATCATTGCCC-1-3-L,75.33738304
ACCGTAATCTGAGTGT-1-3-L,74.61564139
ACGAGCCAGATCTGCT-1-3-L,36.22732511
ACGAGGAGTTGTGGAG-1-3-L,74.57295494
ACGATGTAGGGAACGG-1-3-L,72.90845815
ACGATGTCATGAGCGA-1-3-L,33.82215685
ACGATGTGTAAGAGGA-1-3-L,58.68018683
ACGATGTTCATACGGT-1-3-L,61.95249376
ACGCAGCGTAATAGCA-1-3-L,97.85795822
ACGCCAGCATATACCG-1-3-L,70.50814588
ACGCCAGGTGTCTGAT-1-3-L,83.92481279
ACGCCGACAGCTGTAT-1-3-L,82.4117352
ACGGCCATCACCATAG-1-3-L,33.44181553
ACGGGCTGTATATGGA-1-3-L,75.60448424
ACGGGCTGTGCTTCTC-1-3-L,67.39265559
ACGGGTCAGATACACA-1-3-L,65.73141864
ACGGGTCAGCGATAGC-1-3-L,81.93029972
ACGGGTCAGCGATGAC-1-3-L,87.4998776
ACGGGTCCAATAAGCA-1-3-L,97.85795822
ACGTCAAGTCATACTG-1-3-L,39.4238228
ACGTCAAGTGTCGCTG-1-3-L,36.58604643
ACTATCTCAGGAATGC-1-3-L,74.67269955
ACTATCTCATGAAGTA-1-3-L,58.35746014
ACTATCTTCACCATAG-1-3-L,49.17560645
ACTATCTTCCGTAGGC-1-3-L,33.82215685
ACTGAACGTAGCTTGT-1-3-L,89.85385696
ACTGAACGTCGCATCG-1-3-L,55.16643292
ACTGAGTGTGAGGGTT-1-3-L,73.84107913
ACTGATGGTTCTGAAC-1-3-L,73.4574781
ACTGCTCAGCGTTGCC-1-3-L,44.27343768
ACTGCTCAGTAGCCGA-1-3-L,77.5906419
ACTGTCCGTCCGAACC-1-3-L,82.49008735
ACTTACTAGCTTCGCG-1-3-L,52.71645317
ACTTACTCACTGTGTA-1-3-L,33.63357819
ACTTACTGTATTAGCC-1-3-L,71.27937939
ACTTGTTAGTGGACGT-1-3-L,70.35069083
ACTTGTTGTCGCATCG-1-3-L,75.50480657
ACTTGTTTCTTCGAGA-1-3-L,57.68853391
ACTTTCACACGTTGGC-1-3-L,87.29434186
AGAATAGTCCGCGGTA-1-3-L,76.91546135
AGAGCTTAGTACGCGA-1-3-L,67.96549278
AGAGCTTAGTCCAGGA-1-3-L,54.06874305
AGAGCTTCATGGATGG-1-3-L,71.13776521
AGAGCTTGTAGAGCTG-1-3-L,67.32488258
AGAGTGGAGGCTAGGT-1-3-L,81.5316986
AGAGTGGCAGACACTT-1-3-L,58.15200375
AGAGTGGGTCACTTCC-1-3-L,58.40776484
AGATCTGCAGACGCAA-1-3-L,78.38953105
AGATCTGCATGTCTCC-1-3-L,73.47365749
AGATTGCGTGCAGTAG-1-3-L,53.65685052
AGATTGCGTGTTGGGA-1-3-L,70.92129089
AGATTGCTCAACACGT-1-3-L,84.5991747
AGCAGCCAGAAGCCCA-1-3-L,71.82100951
AGCAGCCCAGGTCGTC-1-3-L,36.29523486
AGCATACAGATGCCAG-1-3-L,35.6995297
AGCATACTCCATTCTA-1-3-L,47.78837741
AGCCTAACAAAGTGCG-1-3-L,97.85795822
AGCCTAATCTGACCTC-1-3-L,36.13765426
AGCGGTCGTACCCAAT-1-3-L,58.71357625
AGCGGTCGTCCAACTA-1-3-L,78.76385622
AGCGTATGTACCGTTA-1-3-L,50.87514666
AGCTCCTAGGTGTTAA-1-3-L,53.85934436
AGCTCCTTCACGAAGG-1-3-L,81.27636965
AGCTCCTTCCGTTGCT-1-3-L,21.10442859
AGCTCTCAGGTGTTAA-1-3-L,39.08044254
AGCTCTCAGTGGGCTA-1-3-L,39.53155514
AGCTTGAGTGATAAAC-1-3-L,32.63803464
AGGCCACCACTCAGGC-1-3-L,85.61905074
AGGCCGTGTTGTCGCG-1-3-L,89.18393142
AGGCCGTTCGACAGCC-1-3-L,77.1871266
AGGGATGGTCTACCTC-1-3-L,62.08063315
AGGGATGTCAGTTAGC-1-3-L,73.01487791
AGGGTGAAGAGTACCG-1-3-L,36.92403508
AGGTCATAGCTTATCG-1-3-L,79.90791481
AGGTCCGGTTCAGGCC-1-3-L,59.69666487
AGTAGTCCACAGACAG-1-3-L,88.12234946
AGTAGTCGTGGTCCGT-1-3-L,97.85795822
AGTAGTCTCTTGCAAG-1-3-L,77.44169908
AGTCTTTTCAGGCAAG-1-3-L,22.41302886
AGTGAGGAGCTGCGAA-1-3-L,33.65300877
AGTGAGGAGTAGGCCA-1-3-L,7.853045708
AGTGGGACAAGTAATG-1-3-L,64.57812311
AGTTGGTCAGGGTATG-1-3-L,81.47849806
ATAACGCAGTTGTAGA-1-3-L,0
ATAACGCCATTACGAC-1-3-L,36.29523486
ATAACGCGTCTGGAGA-1-3-L,16.87663749
ATAACGCTCATTCACT-1-3-L,80.62863392
ATAACGCTCCCTTGTG-1-3-L,84.4509656
ATAAGAGAGCGTGAGT-1-3-L,69.94926565
ATAAGAGCAGTAAGAT-1-3-L,62.99954661
ATAGACCTCAAGGTAA-1-3-L,71.48460599
ATAGACCTCCCAACGG-1-3-L,73.26359923
ATCACGAAGGCTACGA-1-3-L,88.33420424
ATCACGAAGTCAAGCG-1-3-L,82.06286312
ATCATCTCACATCTTT-1-3-L,69.09053996
ATCATGGCAAGCGATG-1-3-L,59.66195796
ATCATGGTCATGTCTT-1-3-L,74.01193045
ATCCACCAGCTAGTTC-1-3-L,63.16811281
ATCCACCAGTCTCGGC-1-3-L,60.77816569
ATCCGAAAGACAATAC-1-3-L,53.65685052
ATCGAGTCACCAGGTC-1-3-L,52.12537316
ATCGAGTTCATTGCCC-1-3-L,15.419065
ATCGAGTTCGGACAAG-1-3-L,79.99632356
ATCTACTCATGGGACA-1-3-L,55.48066255
ATCTGCCAGACTCGGA-1-3-L,47.89706468
ATCTGCCAGCGCTTAT-1-3-L,33.52842287
ATCTGCCGTCAACATC-1-3-L,85.37207925
ATCTGCCGTCATCCCT-1-3-L,31.77853393
ATGAGGGCATGTCTCC-1-3-L,70.25385424
ATGAGGGGTCTCCCTA-1-3-L,31.57468549
ATGAGGGTCCCATTTA-1-3-L,74.57295494
ATGCGATGTTGACGTT-1-3-L,81.73931252
ATGCGATTCACATAGC-1-3-L,47.89706468
ATGGGAGGTATATCCG-1-3-L,50.45318058
ATGTGTGAGCTCCCAG-1-3-L,47.25640181
ATGTGTGCACGAAATA-1-3-L,65.37217254
ATGTGTGTCCTCAATT-1-3-L,66.81263453
ATTATCCAGACACGAC-1-3-L,72.90845815
ATTATCCAGAGCCCAA-1-3-L,34.5903941
ATTATCCAGTGACTCT-1-3-L,69.70162032
ATTATCCTCGTCCGTT-1-3-L,73.25382061
ATTATCCTCGTTACAG-1-3-L,68.69572871
ATTCTACGTAGCCTCG-1-3-L,72.90845815
ATTCTACGTGAGTGAC-1-3-L,75.71787125
ATTGGACGTAAAGTCA-1-3-L,89.27524308
ATTGGTGGTACGACCC-1-3-L,32.07114488
ATTGGTGTCCTACAGA-1-3-L,0
ATTTCTGGTACATGTC-1-3-L,64.42494105
ATTTCTGTCAGCGACC-1-3-L,67.62924537
ATTTCTGTCGCCTGAG-1-3-L,39.0385411
CAACCAAAGTTCGCGC-1-3-L,46.04692174
CAACCTCAGTGGGATC-1-3-L,79.05612723
CAACCTCCAGGGTATG-1-3-L,69.38564167
CAACCTCGTCTCTCGT-1-3-L,75.03043604
CAACTAGTCAGTTAGC-1-3-L,39.1523728
CAACTAGTCTACTTAC-1-3-L,44.38361105
CAAGAAAAGCTAGTTC-1-3-L,50.60385343
CAAGAAAAGTGAACAT-1-3-L,61.3251815
CAAGAAACAGACAAGC-1-3-L,75.71787125
CAAGAAAGTTCTGAAC-1-3-L,70.99195162
CAAGATCAGTGAACAT-1-3-L,71.01682963
CAAGATCGTCTGGAGA-1-3-L,64.42494105
CAAGTTGTCTTACCTA-1-3-L,83.91752752
CACAAACAGGACATTA-1-3-L,93.07079904
CACAAACGTAGCGTCC-1-3-L,33.61466429
CACAAACTCCGAATGT-1-3-L,72.50973773
CACAAACTCGAATGCT-1-3-L,76.30273616
CACACAAGTAGCCTCG-1-3-L,66.54446529
CACACCTAGGTGCACA-1-3-L,82.55296946
CACACCTCATTCACTT-1-3-L,69.09053996
CACACCTTCCGCATCT-1-3-L,60.69503411
CACACTCCATGTCCTC-1-3-L,23.45244679
CACAGGCAGCTCCTCT-1-3-L,70.19227821
CACAGGCCAAAGCGGT-1-3-L,83.46645689
CACAGGCCATTACCTT-1-3-L,67.74876376
CACAGGCTCTGTCAAG-1-3-L,71.73961878
CACAGTAAGTGTACGG-1-3-L,82.24543183
CACATAGAGAGGTTAT-1-3-L,65.18264889
CACATAGGTACTCGCG-1-3-L,72.90845815
CACATTTGTAGGGACT-1-3-L,63.46129634
CACCACTAGGACAGAA-1-3-L,57.33155548
CACCACTCAAAGAATC-1-3-L,76.41815644
CACCACTGTTATGCGT-1-3-L,81.12446219
CACCAGGCATGGTTGT-1-3-L,93.61327834
CACTCCAAGTGGCACA-1-3-L,78.97726099
CACTCCATCTACGAGT-1-3-L,89.98535428
CACTCCATCTGCAAGT-1-3-L,47.39785192
CAGAATCCATCAGTCA-1-3-L,73.2309146
CAGAATCCATGGATGG-1-3-L,0
CAGAATCGTATTACCG-1-3-L,55.47313379
CAGAATCGTGGTACAG-1-3-L,74.57295494
CAGAGAGGTAGGCATG-1-3-L,83.80670719
CAGAGAGGTATTCGTG-1-3-L,38.5146048
CAGATCAAGGTGACCA-1-3-L,76.60393486
CAGATCACAAAGTGCG-1-3-L,47.64925544
CAGATCAGTTGCCTCT-1-3-L,40.06444971
CAGCATACACATCCGG-1-3-L,72.90845815
CAGCATAGTTTAGCTG-1-3-L,67.53946389
CAGCATATCGGCGCTA-1-3-L,82.70702126
CAGCGACTCACAATGC-1-3-L,35.49555436
CAGCTAAAGCCTATGT-1-3-L,47.89706468
CAGCTAAAGCTGATAA-1-3-L,17.97817158
CAGCTAAGTTAGAACA-1-3-L,90.31135798
CAGCTAATCCTACAGA-1-3-L,85.47397312
CAGCTGGAGGTCATCT-1-3-L,89.29319144
CAGCTGGTCCTTCAAT-1-3-L,35.05058416
CAGCTGGTCGTAGGTT-1-3-L,57.29148414
CAGGTGCCACCTATCC-1-3-L,11.07938844
CAGTAACGTGACGGTA-1-3-L,63.75263055
CATATGGGTAAGAGGA-1-3-L,80.4503607
CATATGGGTCTAAACC-1-3-L,76.89804532
CATATGGTCATATCGG-1-3-L,55.58563766
CATATTCAGCTAGTTC-1-3-L,92.73670693
CATATTCGTCCGAGTC-1-3-L,55.74347113
CATATTCGTGCAGTAG-1-3-L,73.4574781
CATCAGAAGCTCCCAG-1-3-L,77.1629085
CATCAGATCAAACGGG-1-3-L,72.36348707
CATCCACAGCAGGCTA-1-3-L,76.30273616
CATCCACCACATGACT-1-3-L,66.03965707
CATCGGGAGATCCTGT-1-3-L,83.98961251
CATCGGGTCTTTAGTC-1-3-L,77.49811748
CATGACAGTCCTCCAT-1-3-L,74.90027774
CATGCCTAGGTCATCT-1-3-L,71.85820677
CATGCCTCACGACTCG-1-3-L,82.65302369
CATGCCTCACGAGGTA-1-3-L,85.89495739
CATGCCTGTGCAGACA-1-3-L,34.71689565
CATGCCTTCCGGCACA-1-3-L,87.8694397
CATGGCGGTCTTGCGG-1-3-L,60.21088873
CATGGCGGTTTCCACC-1-3-L,54.9425812
CATTCGCCACCATCCT-1-3-L,53.01467482
CCAATCCAGACTACAA-1-3-L,81.53653213
CCAATCCAGCGATTCT-1-3-L,53.91409618
CCAATCCCAACTGCGC-1-3-L,42.5057638
CCACCTACAGATCGGA-1-3-L,35.67079863
CCACGGAGTCAAGCGA-1-3-L,84.19311076
CCACGGAGTCACTGGC-1-3-L,91.44353393
CCACGGAGTTGAGGTG-1-3-L,57.51192123
CCACGGATCCAAGCCG-1-3-L,79.98754756
CCACTACGTCATGCAT-1-3-L,45.32504939
CCAGCGAAGATGGGTC-1-3-L,92.06811511
CCAGCGATCCTCAATT-1-3-L,71.12343981
CCAGCGATCGTCCAGG-1-3-L,56.70077681
CCATGTCAGTCACGCC-1-3-L,71.27937939
CCATGTCCAAACTGCT-1-3-L,14.01945067
CCATGTCGTCTTTCAT-1-3-L,66.48358266
CCATGTCTCTCGTTTA-1-3-L,36.08376695
CCCAATCCAGGTCGTC-1-3-L,75.10718908
CCCAATCCATCGGACC-1-3-L,68.89374832
CCCAATCTCCGTAGGC-1-3-L,90.42494575
CCCAGTTCAAGTACCT-1-3-L,69.87511674
CCCAGTTCAGGTGGAT-1-3-L,33.82215685
CCCAGTTGTGGCGAAT-1-3-L,51.66098615
CCCATACCACTGCCAG-1-3-L,73.4574781
CCGGGATCACATTCGA-1-3-L,0
CCGGTAGTCCGATATG-1-3-L,79.21192659
CCGTACTAGTTTAGGA-1-3-L,84.81874186
CCGTACTCAGTAAGAT-1-3-L,40.54226715
CCGTACTTCCTCCTAG-1-3-L,83.60525081
CCGTGGATCTCTAAGG-1-3-L,61.17702916
CCGTTCAAGACTAAGT-1-3-L,59.58529858
CCGTTCACAGTGACAG-1-3-L,53.54148663
CCTAAAGCATGCCTAA-1-3-L,76.44564024
CCTACACCAAGTCTAC-1-3-L,60.06236853
CCTACCAAGGTAAACT-1-3-L,91.75681162
CCTACCACAGCGTCCA-1-3-L,82.91513461
CCTACCAGTAGGCATG-1-3-L,78.52512236
CCTACCAGTGGTACAG-1-3-L,83.18483208
CCTACCATCAGATAAG-1-3-L,70.88328054
CCTACCATCCAGTATG-1-3-L,48.53972746
CCTAGCTAGCCTTGAT-1-3-L,77.49811748
CCTAGCTGTCGAGTTT-1-3-L,68.53131297
CCTAGCTTCGGAGGTA-1-3-L,67.93104856
CCTATTACAGTGAGTG-1-3-L,85.33811457
CCTATTATCCAAGCCG-1-3-L,70.2682029
CCTATTATCTACTCAT-1-3-L,78.37614185
CCTCAGTTCGGAGGTA-1-3-L,80.26784488
CCTCAGTTCTGAGTGT-1-3-L,59.68069524
CCTCTGATCCGTAGTA-1-3-L,56.22843004
CCTCTGATCTGTCCGT-1-3-L,80.90735344
CCTTCCCCAATGGTCT-1-3-L,89.97468707
CCTTCGACAGTGACAG-1-3-L,74.67212764
CCTTCGAGTTCCCTTG-1-3-L,77.13136455
CCTTCGATCATCACCC-1-3-L,59.43347786
CCTTTCTAGTAGGTGC-1-3-L,65.03119414
CCTTTCTGTTCTCATT-1-3-L,82.21867842
CGAACATAGGACTGGT-1-3-L,51.37701641
CGAACATCACCTTGTC-1-3-L,76.71670442
CGAACATCAGATGAGC-1-3-L,33.82215685
CGAATGTCAGATGGCA-1-3-L,97.24688022
CGACCTTAGTCCGGTC-1-3-L,77.39295836
CGACCTTCAAGGGTCA-1-3-L,50.4223405
CGACCTTCATAGAAAC-1-3-L,70.19227821
CGACCTTTCCTCATTA-1-3-L,44.76414676
CGACTTCGTGAACCTT-1-3-L,63.81335315
CGAGAAGAGCATCATC-1-3-L,27.49235893
CGAGAAGCATCTCGCT-1-3-L,62.57659658
CGAGAAGCATGATCCA-1-3-L,67.96549278
CGAGCCAAGCCCAATT-1-3-L,78.45528585
CGATCGGAGTGGACGT-1-3-L,72.36348707
CGATCGGGTCCAGTGC-1-3-L,67.4970887
CGATCGGTCAGGCCCA-1-3-L,75.39463483
CGATGGCCATCATCCC-1-3-L,44.63258745
CGATGGCGTGGCTCCA-1-3-L,78.72707457
CGATGTACAAGTCATC-1-3-L,74.57295494
CGATGTATCAGGTAAA-1-3-L,96.34967098
CGATTGAAGGCCCTCA-1-3-L,0
CGATTGAAGGGAAACA-1-3-L,46.2078648
CGCCAAGGTCAGAAGC-1-3-L,86.07565838
CGCCAAGGTCGCCATG-1-3-L,75.09020039
CGCGGTAAGATGTAAC-1-3-L,60.9332913
CGCGGTAAGTCAAGGC-1-3-L,47.25640181
CGCGGTAGTATCAGTC-1-3-L,68.53131297
CGCGTTTAGATGGGTC-1-3-L,82.61822727
CGCGTTTTCAAGATCC-1-3-L,66.22552848
CGCTATCAGCGATTCT-1-3-L,76.12042709
CGCTATCCAGCTGCAC-1-3-L,0
CGCTATCTCTACTATC-1-3-L,97.21351647
CGCTGGACAGGACGTA-1-3-L,71.27937939
CGCTGGATCGGCTACG-1-3-L,93.44881587
CGCTTCAAGCTCCCAG-1-3-L,56.38935441
CGCTTCAAGGCATGGT-1-3-L,27.97309232
CGCTTCATCTACTATC-1-3-L,67.23260996
CGGACACCATTTCACT-1-3-L,57.61334428
CGGACACGTGGTAACG-1-3-L,79.14829434
CGGACGTGTTCGAATC-1-3-L,57.50583256
CGGACGTTCCTTTACA-1-3-L,0
CGGACGTTCTTTACAC-1-3-L,73.38526344
CGGAGCTAGCGCTTAT-1-3-L,81.28995399
CGGAGCTGTACTTAGC-1-3-L,83.92481279
CGGAGCTGTTCTGGTA-1-3-L,34.2879149
CGGAGTCCAGCCACCA-1-3-L,60.42577625
CGGAGTCGTCTGATTG-1-3-L,48.13929035
CGGAGTCTCCCGGATG-1-3-L,50.05277296
CGGAGTCTCTCGAGTA-1-3-L,70.45904022
CGGCTAGCAAACCTAC-1-3-L,87.70465819
CGGGTCAAGTACTTGC-1-3-L,80.71185437
CGGGTCACACTTCGAA-1-3-L,33.7085626
CGGTTAAAGGCACATG-1-3-L,55.55510605
CGTAGGCCAGCGATCC-1-3-L,71.39583885
CGTAGGCTCACGCATA-1-3-L,78.78757818
CGTCCATAGCCAGTTT-1-3-L,36.92403508
CGTCCATCATTATCTC-1-3-L,71.27937939
CGTCTACCACCGCTAG-1-3-L,74.01193045
CGTCTACCATCGGAAG-1-3-L,50.95732023
CGTCTACTCAGCACAT-1-3-L,55.91358511
CGTCTACTCTTGAGGT-1-3-L,59.65291003
CGTGAGCGTGACTACT-1-3-L,85.20249508
CGTGAGCTCCACGACG-1-3-L,75.18524128
CGTGTCTAGGCCCTCA-1-3-L,91.29855342
CGTTCTGAGCCAGAAC-1-3-L,83.20833596
CGTTGGGTCCAAGCCG-1-3-L,49.17560645
CGTTGGGTCTGGGCCA-1-3-L,83.00489428
CTAACTTAGGAATCGC-1-3-L,46.94732145
CTAACTTGTAGCGATG-1-3-L,42.99901712
CTAACTTTCTCGTATT-1-3-L,65.88289
CTAAGACCAACTGCGC-1-3-L,12.5570875
CTAATGGCAGTTAACC-1-3-L,74.01193045
CTAATGGGTTACCGAT-1-3-L,16.29504993
CTAATGGTCTGCGGCA-1-3-L,57.78869702
CTACATTAGCTAACAA-1-3-L,35.67079863
CTACCCACAAAGAATC-1-3-L,67.2709402
CTACCCATCGGGAGTA-1-3-L,77.31541314
CTAGAGTGTGGTCCGT-1-3-L,74.44252893
CTAGCCTTCTGCAGTA-1-3-L,95.50333751
CTAGTGAAGAATGTTG-1-3-L,65.84330854
CTAGTGAGTTACGTCA-1-3-L,55.3689879
CTCACACAGGTTACCT-1-3-L,78.72707457
CTCACACCACATCTTT-1-3-L,79.21787057
CTCAGAACACCTTGTC-1-3-L,65.79481981
CTCAGAACATCACGTA-1-3-L,59.04202994
CTCATTAAGAAGGTTT-1-3-L,30.82210244
CTCCTAGAGTTAGGTA-1-3-L,49.17560645
CTCCTAGGTAACGACG-1-3-L,88.43964436
CTCCTAGTCCTGTAGA-1-3-L,92.44158514
CTCGAGGAGAGCTGGT-1-3-L,77.23453311
CTCGAGGAGTCATGCT-1-3-L,86.04137395
CTCGAGGCATGCATGT-1-3-L,70.52934184
CTCGAGGTCATAACCG-1-3-L,53.78751605
CTCGGAGCAGTCGTGC-1-3-L,49.59213939
CTCGGGATCGCTGATA-1-3-L,63.81335315
CTCGTACAGAATTGTG-1-3-L,68.13152965
CTCGTACAGACTCGGA-1-3-L,60.58136323
CTCGTCAGTCAATACC-1-3-L,75.1414039
CTCTAATAGATAGCAT-1-3-L,78.54655054
CTCTAATAGCTTTGGT-1-3-L,68.62510473
CTCTAATGTTGTACAC-1-3-L,85.02389247
CTCTACGAGCCAGTTT-1-3-L,63.41930302
CTCTACGCAAATACAG-1-3-L,82.23739082
CTCTACGCATTGGTAC-1-3-L,73.4574781
CTCTACGGTCAAAGAT-1-3-L,62.20252688
CTCTACGTCGGAATCT-1-3-L,78.10853045
CTCTGGTCACAGACAG-1-3-L,71.03636081
CTCTGGTGTATCGCAT-1-3-L,50.04606113
CTGAAACAGATGTCGG-1-3-L,75.1414039
CTGAAACAGGACAGAA-1-3-L,75.69810363
CTGAAACGTTGGTAAA-1-3-L,76.30273616
CTGAAACTCACATAGC-1-3-L,58.68302439
CTGAAGTTCAACACGT-1-3-L,72.90845815
CTGATAGGTACTTAGC-1-3-L,28.53708508
CTGCCTAAGAGCTGGT-1-3-L,85.5518381
CTGCCTACAATGGAAT-1-3-L,68.85692358
CTGCGGAAGCAGGTCA-1-3-L,51.09248852
CTGCTGTGTGTGGTTT-1-3-L,47.89706468
CTGGTCTCAACCGCCA-1-3-L,84.11295015
CTGGTCTTCTAACCGA-1-3-L,83.54182435
CTGGTCTTCTTGTTTG-1-3-L,79.30789269
CTGTGCTAGATGAGAG-1-3-L,70.50599794
CTGTTTAAGCTAACAA-1-3-L,40.1258
CTGTTTACAATGTAAG-1-3-L,86.43913484
CTGTTTACACGAGGTA-1-3-L,88.48395099
CTGTTTACATGCAACT-1-3-L,69.09053996
CTGTTTAGTGCGAAAC-1-3-L,86.09933404
CTGTTTATCAGCTCGG-1-3-L,50.59332776
CTTAACTGTAGTACCT-1-3-L,37.05136032
CTTAACTGTGTTTGTG-1-3-L,64.42494105
CTTAACTTCGGTTCGG-1-3-L,89.32079246
CTTACCGTCCTGCAGG-1-3-L,45.53230297
CTTAGGAAGTTAAGTG-1-3-L,74.57295494
CTTCTCTGTAGAGGAA-1-3-L,77.49811748
CTTCTCTGTGATGCCC-1-3-L,69.18351431
CTTGGCTAGGCGTACA-1-3-L,37.03321427
CTTTGCGTCCAGATCA-1-3-L,36.29523486
GAAACTCAGACAATAC-1-3-L,64.89634955
GAAACTCAGGTGACCA-1-3-L,84.02338312
GAAACTCCATACCATG-1-3-L,74.50509158
GAAACTCCATTACGAC-1-3-L,33.82215685
GAAACTCGTCAGTGGA-1-3-L,71.74584876
GAAATGATCAGGCAAG-1-3-L,67.39265559
GAACATCAGTAAGTAC-1-3-L,78.51913538
GAACATCAGTGGAGTC-1-3-L,83.4834822
GAACATCCAATAGCGG-1-3-L,85.39766336
GAACATCCAGAAGCAC-1-3-L,13.91518165
GAACGGAAGCGATGAC-1-3-L,76.30273616
GAACGGACAATGGAGC-1-3-L,0
GAACGGACAGATGAGC-1-3-L,13.20030411
GAACGGAGTGTGACCC-1-3-L,61.95249376
GAAGCAGAGAGCTGCA-1-3-L,70.19227821
GAAGCAGCATTGTGCA-1-3-L,34.43445082
GAATAAGAGATCTGAA-1-3-L,35.9768083
GAATAAGAGTCATGCT-1-3-L,69.09053996
GAATAAGCACTAAGTC-1-3-L,56.13145017
GACACGCAGGATGCGT-1-3-L,47.98956326
GACACGCCATTCGACA-1-3-L,36.97569735
GACAGAGCAGATAATG-1-3-L,41.63431628
GACCAATAGCTACCTA-1-3-L,75.71787125
GACCAATCAGGGATTG-1-3-L,74.13704039
GACCAATGTAAGAGGA-1-3-L,87.89991836
GACCAATGTGCGGTAA-1-3-L,32.60766817
GACCTGGAGAGTCTGG-1-3-L,66.81263453
GACCTGGGTAAGGATT-1-3-L,84.15199254
GACGCGTAGAGGTAGA-1-3-L,80.09616215
GACGCGTCAGTGGGAT-1-3-L,36.65039606
GACGCGTGTTAAGAAC-1-3-L,48.53666175
GACGGCTAGTTCGCGC-1-3-L,92.54872738
GACGGCTCATGGTAGG-1-3-L,75.01739526
GACGGCTCATTCCTGC-1-3-L,42.25031174
GACGGCTGTCCTCTTG-1-3-L,76.55811635
GACGGCTTCACGCGGT-1-3-L,58.79060497
GACGTGCAGTTTGCGT-1-3-L,86.9871064
GACGTGCCAATGTAAG-1-3-L,75.66630021
GACGTGCGTAAATACG-1-3-L,87.57721161
GACGTGCTCTGTTGAG-1-3-L,15.37175316
GACGTTACAACTTGAC-1-3-L,79.98754756
GACGTTACACTAGTAC-1-3-L,86.98719622
GACGTTAGTGACAAAT-1-3-L,48.27192954
GACTGCGGTACCGAGA-1-3-L,30.86434259
GACTGCGTCTTTAGGG-1-3-L,87.27214825
GAGCAGAAGAGGACGG-1-3-L,82.68564691
GAGCAGAAGTTTAGGA-1-3-L,62.23015338
GAGCAGATCAACGAAA-1-3-L,88.56768218
GAGGTGATCCAAAGTC-1-3-L,64.07641636
GAGGTGATCGGAAATA-1-3-L,51.09248852
GAGGTGATCTGTACGA-1-3-L,58.19870066
GATCAGTTCCGAATGT-1-3-L,61.95249376
GATCGATCATGGTTGT-1-3-L,55.83074198
GATCGCGGTGTCCTCT-1-3-L,48.65245383
GATCGCGTCTGGCGAC-1-3-L,6.348174316
GATCGTATCTTCATGT-1-3-L,50.45318058
GATCTAGAGTCTCGGC-1-3-L,87.70135829
GATGAAAAGTACGACG-1-3-L,71.27937939
GATGAGGGTAGGCTGA-1-3-L,81.57387413
GATGCTACATTACGAC-1-3-L,64.05901928
GATGCTATCCTTGACC-1-3-L,84.52525461
GCAAACTAGTTGAGTA-1-3-L,88.11741596
GCAAACTTCCGTCATC-1-3-L,71.37323289
GCAATCAAGTCCAGGA-1-3-L,94.42360842
GCACTCTAGATACACA-1-3-L,80.67648969
GCAGCCAAGACTGTAA-1-3-L,79.35354433
GCAGCCAAGCCTCGTG-1-3-L,13.81990588
GCAGTTACATGGTCAT-1-3-L,81.84718595
GCATACAGTGCGGTAA-1-3-L,96.54204311
GCATACATCATGCATG-1-3-L,90.50682001
GCATGATTCCCATTAT-1-3-L,49.58157136
GCATGATTCCTGTAGA-1-3-L,59.30951824
GCATGCGCATTAGGCT-1-3-L,54.2995602
GCATGTACACCAACCG-1-3-L,82.99133494
GCCAAATAGACTGTAA-1-3-L,33.82215685
GCCAAATCACCAGGCT-1-3-L,68.3233779
GCCAAATTCGGTGTTA-1-3-L,88.89969045
GCCTCTAAGAGTAAGG-1-3-L,45.81716765
GCCTCTAGTAAGTGTA-1-3-L,0
GCCTCTAGTGCAGTAG-1-3-L,64.37564019
GCCTCTAGTGTCTGAT-1-3-L,74.25197409
GCGACCACAGACAAGC-1-3-L,43.23625296
GCGACCATCATGTCTT-1-3-L,17.23840451
GCGAGAAAGGTGTTAA-1-3-L,86.63299765
GCGAGAACAATGCCAT-1-3-L,78.66103481
GCGAGAACACTGCCAG-1-3-L,57.51192123
GCGCAACCACCATCCT-1-3-L,76.30273616
GCGCAACTCTGCGGCA-1-3-L,70.73697949
GCGCCAACAAGTAGTA-1-3-L,81.27636965
GCGCCAACACATAACC-1-3-L,84.32717898
GCGCGATGTGTGCCTG-1-3-L,81.27636965
GCGGGTTCACCCATTC-1-3-L,75.56826702
GCGGGTTGTGTGCCTG-1-3-L,46.74178709
GCGGGTTTCAGCACAT-1-3-L,74.01193045
GCGGGTTTCCAAGTAC-1-3-L,66.81263453
GCTCCTAAGAGATGAG-1-3-L,89.72572683
GCTCCTAAGGATGCGT-1-3-L,95.30468371
GCTCTGTAGACTACAA-1-3-L,21.43541807
GCTCTGTGTTCGCGAC-1-3-L,96.29183293
GCTCTGTTCAACCATG-1-3-L,57.5536129
GCTCTGTTCCTCAATT-1-3-L,0
GCTGCAGGTTACGTCA-1-3-L,43.4967149
GCTGCGAGTTCAGCGC-1-3-L,40.30218121
GCTGCGAGTTGGAGGT-1-3-L,48.46384744
GCTGCTTAGATGCGAC-1-3-L,77.43820372
GCTGCTTCAATGGATA-1-3-L,83.67297368
GCTGCTTGTCAAAGAT-1-3-L,84.35214364
GCTGGGTAGCGTGTCC-1-3-L,91.60022667
GCTGGGTCATTTGCCC-1-3-L,88.88233926
GCTGGGTTCACAATGC-1-3-L,78.32870055
GCTTCCAAGCAGGCTA-1-3-L,71.70958374
GCTTCCAGTTCCCTTG-1-3-L,81.64301708
GCTTGAAAGTCATGCT-1-3-L,76.65599663
GCTTGAACACATTAGC-1-3-L,75.1414039
GCTTGAACACCAGTTA-1-3-L,35.05058416
GGAAAGCCACACAGAG-1-3-L,57.32318535
GGAAAGCGTTGGTTTG-1-3-L,74.28058442
GGAAAGCTCTTTAGTC-1-3-L,67.12171996
GGAACTTCAGCATGAG-1-3-L,49.62600625
GGAACTTGTAAGTTCC-1-3-L,62.61566617
GGAATAAAGTTAAGTG-1-3-L,78.19812154
GGAATAAGTAGCAAAT-1-3-L,0
GGAATAATCCACGAAT-1-3-L,88.7196365
GGACAAGCATATGCTG-1-3-L,80.45388627
GGACAAGGTCAGATAA-1-3-L,91.70029666
GGACAGACAGGACGTA-1-3-L,59.41413768
GGACAGACATGCAACT-1-3-L,96.76364231
GGACATTGTCCGTCAG-1-3-L,69.62769405
GGACGTCAGAGGGCTT-1-3-L,48.89112189
GGACGTCGTAGCGTGA-1-3-L,75.74057109
GGAGCAAAGACAAAGG-1-3-L,79.40723847
GGAGCAAGTTTCGCTC-1-3-L,40.8041524
GGAGCAATCTTGAGGT-1-3-L,88.57731888
GGATGTTAGCCCGAAA-1-3-L,70.54604788
GGATGTTCATGCCTTC-1-3-L,78.72707457
GGATGTTTCCTTTACA-1-3-L,88.13444009
GGATTACTCGCCCTTA-1-3-L,80.58427416
GGCCGATAGTGGAGAA-1-3-L,86.09861295
GGCCGATCATGCGCAC-1-3-L,69.64386964
GGCGACTCAGTTTACG-1-3-L,83.48658298
GGCGTGTCACCATGTA-1-3-L,31.20157537
GGCGTGTTCTGGTGTA-1-3-L,87.42034697
GGCTCGAAGATGCCAG-1-3-L,0
GGCTGGTAGTATGACA-1-3-L,74.64824148
GGGAATGCATGGTAGG-1-3-L,31.10005163
GGGAATGGTTCGTGAT-1-3-L,35.67079863
GGGACCTTCAAACAAG-1-3-L,97.85795822
GGGACCTTCCATGCTC-1-3-L,75.40510773
GGGATGAAGAAACCTA-1-3-L,97.85795822
GGGATGAAGATCCCAT-1-3-L,81.52010521
GGGCACTAGATGCCTT-1-3-L,77.30814779
GGGCACTCAGACGCAA-1-3-L,69.99916057
GGGCATCAGAAGGTGA-1-3-L,97.85795822
GGGCATCGTCTGCCAG-1-3-L,23.43805396
GGGCATCGTGCAGTAG-1-3-L,60.77405505
GGGTCTGGTAAGTTCC-1-3-L,34.2953822
GGTGCGTAGCAGACTG-1-3-L,30.21450542
GGTGTTAAGCGATAGC-1-3-L,96.26163088
GGTGTTACAATGACCT-1-3-L,58.15200375
GGTGTTATCGTCACGG-1-3-L,34.87725423
GTAACGTAGATCCCGC-1-3-L,66.22552848
GTAACTGGTGACTACT-1-3-L,52.46159896
GTACTCCAGGCCGAAT-1-3-L,79.35354433
GTACTCCGTCAATACC-1-3-L,85.02824642
GTACTCCTCCGCGTTT-1-3-L,32.85440005
GTACTCCTCTGCGTAA-1-3-L,47.63004532
GTACTTTGTGGCTCCA-1-3-L,33.82215685
GTAGGCCAGAATTCCC-1-3-L,73.64323742
GTATCTTTCACCTCGT-1-3-L,80.62863392
GTATCTTTCCTCAACC-1-3-L,58.53520467
GTATTCTTCGTAGGTT-1-3-L,88.3938235
GTCAAGTCACTTAAGC-1-3-L,68.56368099
GTCAAGTCAGGTTTCA-1-3-L,89.93556745
GTCATTTAGGAGCGTT-1-3-L,29.86880308
GTCATTTCAGCCAGAA-1-3-L,35.05058416
GTCATTTGTCTAGTGT-1-3-L,81.62643746
GTCCTCACACCAGTTA-1-3-L,79.42372756
GTCGGGTTCTATCGCC-1-3-L,43.64056348
GTCGTAATCAACACTG-1-3-L,62.78297111
GTCGTAATCATGGTCA-1-3-L,46.29387246
GTCGTAATCATGTCTT-1-3-L,80.48607041
GTCTCGTAGACTTTCG-1-3-L,97.85795822
GTCTCGTGTTCTGTTT-1-3-L,74.79262859
GTCTTCGCATACGCTA-1-3-L,71.90907561
GTCTTCGTCTTGCCGT-1-3-L,84.53474308
GTGAAGGAGACAAGCC-1-3-L,83.26377482
GTGAAGGTCGAACTGT-1-3-L,60.25372065
GTGCATACAGGACGTA-1-3-L,63.81335315
GTGCGGTAGGCCCTCA-1-3-L,95.35043586
GTGCGGTAGTTAGGTA-1-3-L,35.06421215
GTGCGGTCAGGACCCT-1-3-L,82.87551069
GTGCGGTGTACTTGAC-1-3-L,42.31091036
GTGCTTCCAGTCGATT-1-3-L,97.85795822
GTGCTTCGTCACCCAG-1-3-L,79.2739838
GTGGGTCAGTAGCGGT-1-3-L,75.75591532
GTGGGTCGTAAGCACG-1-3-L,70.02155577
GTGGGTCTCACTTACT-1-3-L,39.47901873
GTGTGCGTCATCGATG-1-3-L,87.72951256
GTGTGCGTCTTAACCT-1-3-L,77.49811748
GTGTTAGTCATATCGG-1-3-L,69.09053996
GTTAAGCAGGGCTTCC-1-3-L,84.45866419
GTTAAGCTCACATAGC-1-3-L,0
GTTCATTAGCAGCCTC-1-3-L,50.27252165
GTTCATTAGCGTGAAC-1-3-L,35.05058416
GTTCATTGTCTCTTAT-1-3-L,86.18363803
GTTCATTTCCCTCAGT-1-3-L,91.18453169
GTTCGGGCATGCAATC-1-3-L,45.97057327
GTTCTCGCAAGGTTCT-1-3-L,86.53891868
GTTCTCGCACTTACGA-1-3-L,75.25493064
GTTTCTAAGGGCTTCC-1-3-L,50.45318058
GTTTCTATCAGAGACG-1-3-L,29.03433185
GTTTCTATCGAATGCT-1-3-L,85.92576602
TAAACCGGTAGATTAG-1-3-L,73.72357328
TAAACCGGTTGGACCC-1-3-L,76.0839533
TAAACCGTCACGATGT-1-3-L,34.95270254
TAAACCGTCTCAAACG-1-3-L,95.22312622
TAAGCGTGTTTCGCTC-1-3-L,34.43445082
TAAGTGCAGCCCGAAA-1-3-L,68.32600622
TAAGTGCCAGACACTT-1-3-L,94.91058102
TAAGTGCCATGGTTGT-1-3-L,85.71695748
TAAGTGCGTGCTCTTC-1-3-L,67.96549278
TACACGAAGTCCGTAT-1-3-L,80.94497762
TACCTTAAGCCGATTT-1-3-L,68.34254668
TACCTTAAGTTGTCGT-1-3-L,77.49811748
TACCTTACACTGCCAG-1-3-L,76.30273616
TACCTTAGTTGATTCG-1-3-L,7.496044738
TACGGATCATGTCCTC-1-3-L,76.30273616
TACGGATTCTCCCTGA-1-3-L,78.10448653
TACGGGCAGGTGCACA-1-3-L,66.69592425
TACGGGCCAGATAATG-1-3-L,84.25877433
TACGGGCTCCCTAACC-1-3-L,82.9218818
TACGGTAAGGAGTTTA-1-3-L,78.72707457
TACGGTACAAACAACA-1-3-L,40.31881774
TACGGTATCAGCCTAA-1-3-L,72.36348707
TACTCATTCGTTACAG-1-3-L,74.57295494
TACTTGTAGAAACCTA-1-3-L,97.85795822
TACTTGTGTCGTCTTC-1-3-L,62.20856275
TAGAGCTAGGACAGAA-1-3-L,66.22552848
TAGAGCTAGTCAAGCG-1-3-L,59.51729991
TAGCCGGAGGACCACA-1-3-L,69.55682727
TAGCCGGCACTATCTT-1-3-L,77.58187495
TAGCCGGGTCACAAGG-1-3-L,65.03119414
TAGTGGTCAGCCAATT-1-3-L,68.53131297
TAGTGGTCATACGCCG-1-3-L,43.37872065
TAGTTGGAGAACAACT-1-3-L,72.36348707
TAGTTGGCACGAAATA-1-3-L,94.08049563
TAGTTGGCAGGCTCAC-1-3-L,6.458237991
TAGTTGGTCTAACTCT-1-3-L,57.00307319
TATTACCAGGGAACGG-1-3-L,83.66727435
TATTACCGTTCGTCTC-1-3-L,67.61071391
TCAACGACACATGACT-1-3-L,74.62125221
TCAACGAGTGGCCCTA-1-3-L,84.35244359
TCAACGATCACAGGCC-1-3-L,35.05058416
TCAACGATCACATGCA-1-3-L,51.47853674
TCAATCTAGTGTTAGA-1-3-L,78.92507814
TCAATCTGTTACAGAA-1-3-L,24.50938983
TCACAAGAGATGTCGG-1-3-L,74.29028017
TCACAAGAGGCAGTCA-1-3-L,56.87063085
TCACAAGCACAGCCCA-1-3-L,58.04889729
TCACAAGTCTTGTATC-1-3-L,78.64585925
TCACGAAAGGTGTGGT-1-3-L,75.09490154
TCAGCTCGTTATCACG-1-3-L,76.0586324
TCAGGATCAGGTCGTC-1-3-L,49.81432084
TCAGGTAAGAGACTTA-1-3-L,67.70654943
TCAGGTAAGCGTGTCC-1-3-L,61.25911257
TCAGGTACAGTCAGCC-1-3-L,43.61387917
TCATTACAGTGTGAAT-1-3-L,39.84302781
TCATTACCAATCCAAC-1-3-L,77.41826371
TCATTACCATCACGTA-1-3-L,50.00567739
TCATTACGTTACGCGC-1-3-L,40.99118205
TCATTACGTTACTGAC-1-3-L,88.90989458
TCATTACTCAGTTCGA-1-3-L,86.17609309
TCCACACCAAGTAATG-1-3-L,76.56236016
TCCACACCAGGAATGC-1-3-L,67.64827752
TCCACACGTCGTCTTC-1-3-L,53.3558721
TCCACACGTCTCACCT-1-3-L,67.43637211
TCCACACTCTTCCTTC-1-3-L,34.55218965
TCCCGATGTCATATGC-1-3-L,72.45664937
TCCCGATTCCAGTAGT-1-3-L,83.54414541
TCGAGGCTCACTTATC-1-3-L,50.45318058
TCGAGGCTCGATCCCT-1-3-L,74.22459689
TCGCGAGCAATCGGTT-1-3-L,18.72433187
TCGCGTTCATATGGTC-1-3-L,60.69503411
TCGCGTTCATTCGACA-1-3-L,67.96549278
TCGCGTTGTATATGGA-1-3-L,72.36348707
TCGGGACAGTCATCCA-1-3-L,83.85549719
TCGGGACGTTGGACCC-1-3-L,90.308674
TCGGTAACACGGATAG-1-3-L,85.51026932
TCGGTAACATTAGGCT-1-3-L,0
TCGGTAATCGATCCCT-1-3-L,82.11889226
TCGTAGACAGTTTACG-1-3-L,79.3651062
TCGTAGATCCTGTAGA-1-3-L,64.02952535
TCTATTGTCCAGTAGT-1-3-L,88.43303845
TCTCATAAGGAGTAGA-1-3-L,86.3109402
TCTCATACAAGGGTCA-1-3-L,68.2093399
TCTCTAACATTAGCCA-1-3-L,85.54585543
TCTCTAACATTCTTAC-1-3-L,86.74256193
TCTCTAAGTCACTTCC-1-3-L,34.43798002
TCTCTAAGTGGGTATG-1-3-L,84.04251505
TCTGAGACAGACGCAA-1-3-L,69.70650108
TCTGGAATCTGTACGA-1-3-L,66.43550562
TCTTTCCAGGACCACA-1-3-L,75.07321029
TGAAAGACAGACTCGC-1-3-L,62.57659658
TGAAAGATCCCGGATG-1-3-L,79.66269795
TGACAACTCACCCGAG-1-3-L,67.96549278
TGACGGCGTCTGGAGA-1-3-L,73.4574781
TGACGGCTCAAAGTAG-1-3-L,86.54784865
TGACGGCTCTGTCAAG-1-3-L,36.01023558
TGACTAGCATCGGACC-1-3-L,35.64015965
TGACTAGGTTCTGAAC-1-3-L,72.82150845
TGACTAGTCTACCTGC-1-3-L,76.95638734
TGACTTTAGGTTCCTA-1-3-L,74.10773662
TGACTTTCACTTCTGC-1-3-L,49.48038449
TGACTTTCATTACCTT-1-3-L,97.85795822
TGACTTTGTCACCTAA-1-3-L,35.67079863
TGAGAGGGTGTCTGAT-1-3-L,69.37292483
TGAGAGGGTTCCTCCA-1-3-L,56.87063085
TGAGCATGTAGGCTGA-1-3-L,97.55903679
TGAGCCGAGTGGGTTG-1-3-L,79.43817331
TGAGCCGCACGGTGTC-1-3-L,49.81432084
TGAGCCGCAGACAGGT-1-3-L,83.43695268
TGAGCCGCAGGTCGTC-1-3-L,76.95535876
TGAGCCGGTCGGATCC-1-3-L,82.15122913
TGAGCCGTCTAACGGT-1-3-L,65.73293718
TGAGCCGTCTGCCCTA-1-3-L,82.06029945
TGAGCCGTCTGGCGTG-1-3-L,70.73697949
TGAGGGAAGATATGCA-1-3-L,66.22552848
TGAGGGAGTACTCAAC-1-3-L,48.09087624
TGAGGGAGTTTGTTGG-1-3-L,0
TGATTTCAGTCAAGGC-1-3-L,8.483118452
TGATTTCCACTTCGAA-1-3-L,56.49933434
TGATTTCGTAGGCTGA-1-3-L,84.1220543
TGCACCTAGTATCTCG-1-3-L,78.47022713
TGCACCTGTATAGTAG-1-3-L,33.58163206
TGCCAAAAGTGGTCCC-1-3-L,61.56626526
TGCCAAACATTGAGCT-1-3-L,53.01467482
TGCCCATAGCCACGTC-1-3-L,72.00977354
TGCCCATAGTACATGA-1-3-L,53.01467482
TGCCCATCAGCCTATA-1-3-L,80.45174249
TGCCCATGTACGACCC-1-3-L,0
TGCCCATGTTCCCTTG-1-3-L,66.81263453
TGCCCATTCCATGAGT-1-3-L,0
TGCCCTAAGATGTGTA-1-3-L,38.44387603
TGCCCTAGTCGCTTCT-1-3-L,72.05921957
TGCCCTAGTTACCGAT-1-3-L,38.71465135
TGCCCTATCGTACGGC-1-3-L,81.58321779
TGCCCTATCGTGACAT-1-3-L,35.81966592
TGCGCAGTCCAAATGC-1-3-L,65.11333976
TGCGGGTCAGATCCAT-1-3-L,94.59480217
TGCGTGGCATCAGTCA-1-3-L,75.1414039
TGCTACCAGTGTACGG-1-3-L,71.82100951
TGCTACCGTCTAGCCG-1-3-L,79.98754756
TGCTGCTCAAACGCGA-1-3-L,33.60079554
TGGACGCAGACACGAC-1-3-L,72.11171767
TGGACGCGTCTAGTCA-1-3-L,66.22552848
TGGACGCGTTAAAGTG-1-3-L,46.84882992
TGGACGCTCTCGATGA-1-3-L,86.48436877
TGGCCAGCAGACTCGC-1-3-L,1.2064303
TGGCCAGCATCCGGGT-1-3-L,81.80934583
TGGCGCAGTGACGCCT-1-3-L,26.12339131
TGGCTGGGTTCACGGC-1-3-L,54.09998997
TGGGCGTAGGTACTCT-1-3-L,69.65741971
TGGTTAGTCAAACCAC-1-3-L,66.81263453
TGTATTCGTATGGTTC-1-3-L,80.58406964
TGTATTCGTGTGACCC-1-3-L,68.83637064
TGTCCCAGTATCACCA-1-3-L,50.45318058
TGTGGTAAGCATGGCA-1-3-L,49.5310669
TGTGGTAAGTTGAGTA-1-3-L,90.4542778
TGTGGTACAGCATGAG-1-3-L,71.45605898
TGTGTTTAGATGTCGG-1-3-L,65.45004638
TGTGTTTTCGATCCCT-1-3-L,0
TGTTCCGAGGCCATAG-1-3-L,70.89073285
TGTTCCGGTCCCGACA-1-3-L,97.85795822
TGTTCCGTCGTATCAG-1-3-L,80.8333417
TTAGGACCAAACTGTC-1-3-L,43.10906074
TTAGGACTCCTACAGA-1-3-L,52.8696921
TTAGGCAAGAATGTTG-1-3-L,62.65637188
TTAGGCAGTAACGACG-1-3-L,69.04922766
TTAGGCAGTATTCGTG-1-3-L,67.15796604
TTAGGCATCACTCCTG-1-3-L,52.13889875
TTAGTTCAGGCGATAC-1-3-L,69.43229075
TTAGTTCAGTTAGGTA-1-3-L,72.59331856
TTAGTTCGTCATGCAT-1-3-L,80.70507143
TTAGTTCTCCTCCTAG-1-3-L,73.02964005
TTATGCTGTGCAGTAG-1-3-L,93.33741152
TTATGCTTCTCTTATG-1-3-L,45.81588455
TTCCCAGCACGTAAGG-1-3-L,70.19227821
TTCCCAGTCTACCTGC-1-3-L,74.48790878
TTCGAAGAGAGACGAA-1-3-L,47.30463408
TTCGAAGAGCTTATCG-1-3-L,79.86672019
TTCGGTCCATGCCCGA-1-3-L,68.80645666
TTCTACAAGGGCTTGA-1-3-L,73.4574781
TTCTACAAGGGTTTCT-1-3-L,70.19227821
TTCTACATCACTATTC-1-3-L,72.20130285
TTCTCCTAGTGTACGG-1-3-L,62.3201686
TTCTCCTCATGTCTCC-1-3-L,35.82985724
TTCTCCTGTCTTGATG-1-3-L,93.22769946
TTCTCCTTCAGTGCAT-1-3-L,71.50977351
TTCTCCTTCAGTTAGC-1-3-L,81.93029972
TTCTCCTTCCTTTCTC-1-3-L,82.94760927
TTCTCCTTCTGCGGCA-1-3-L,34.31161776
TTCTTAGCAGTATCTG-1-3-L,86.46628591
TTCTTAGTCCAAACAC-1-3-L,50.46872249
TTGAACGAGTGCGTGA-1-3-L,18.91722694
TTGAACGTCAATCACG-1-3-L,93.03147552
TTGACTTAGGGTGTGT-1-3-L,67.53504916
TTGACTTAGTTACGGG-1-3-L,80.90262967
TTGACTTCAAGGCTCC-1-3-L,62.18344119
TTGCCGTAGCTGCAAG-1-3-L,71.27937939
TTGCCGTTCTTGAGAC-1-3-L,61.26725279
TTGCGTCAGAGATGAG-1-3-L,86.77992554
TTGCGTCAGCTCCTCT-1-3-L,71.82100951
TTGCGTCAGGTGCACA-1-3-L,71.98265158
TTGGAACAGTACGATA-1-3-L,62.57781544
TTGGAACTCCAGAGGA-1-3-L,61.53583931
TTGGAACTCCCTAACC-1-3-L,83.41598565
TTGGCAACAATCTACG-1-3-L,82.11150184
TTGGCAACAGACGCCT-1-3-L,72.39383572
TTGGCAACAGACGTAG-1-3-L,75.92837349
TTGTAGGCAGGGTACA-1-3-L,83.88315251
TTGTAGGGTAAATGTG-1-3-L,47.25640181
TTGTAGGTCTTGGGTA-1-3-L,61.87648868
TTTACTGAGACAAGCC-1-3-L,76.30273616
TTTACTGAGTTGTAGA-1-3-L,54.47571017
TTTACTGCAATTGCTG-1-3-L,62.16612856
TTTACTGCACCCATTC-1-3-L,36.29523486
TTTACTGCACCGATAT-1-3-L,67.96939742
TTTACTGTCTTTAGTC-1-3-L,87.02440803
TTTATGCGTCATATCG-1-3-L,33.82215685
TTTATGCGTGTGGTTT-1-3-L,67.48900076
TTTCCTCCACAGGAGT-1-3-L,35.05058416
TTTCCTCGTAAGAGAG-1-3-L,35.37524946
TTTGCGCAGACTTGAA-1-3-L,69.64386964
TTTGCGCAGTATTGGA-1-3-L,50.51305777
TTTGCGCCATGGTCAT-1-3-L,63.08493648
TTTGGTTAGAGTGAGA-1-3-L,33.81573152
TTTGGTTGTGGTACAG-1-3-L,68.76859644
TTTGTCAAGATCGGGT-1-3-L,74.44419312
TTTGTCAAGGCATTGG-1-3-L,43.93379507
TTTGTCAGTGTTGGGA-1-3-L,63.69184512
TTTGTCAGTTCCTCCA-1-3-L,77.46172347
AAACGGGGTACTCTCC-1-4-L,49.81432084
AAACGGGGTCTGCAAT-1-4-L,42.86831137
AAACGGGGTTCGTCTC-1-4-L,61.3251815
AAAGATGCACCAGTTA-1-4-L,44.49291497
AAAGATGCAGCCTATA-1-4-L,59.0407892
AAAGATGTCAGGTAAA-1-4-L,64.27027005
AAAGATGTCCTTGCCA-1-4-L,63.19705451
AAAGCAAAGGCATGGT-1-4-L,39.06684055
AAAGCAAGTTCCCGAG-1-4-L,49.17560645
AAAGTAGAGAGCTGGT-1-4-L,60.06236853
AAAGTAGTCAACGGCC-1-4-L,62.49061831
AAATGCCGTGATGTCT-1-4-L,63.81335315
AACGTTGAGAGTGACC-1-4-L,57.1209435
AACTCAGGTGCAACGA-1-4-L,63.29616536
AACTGGTGTCCGAATT-1-4-L,64.68313415
AACTGGTGTCTCTCGT-1-4-L,45.63724577
AACTGGTTCGCTTGTC-1-4-L,49.81432084
AACTGGTTCGGTTCGG-1-4-L,66.95699795
AACTGGTTCTATCCCG-1-4-L,54.98010265
AACTTTCCAAGGACTG-1-4-L,61.79824514
AAGACCTCAATGGTCT-1-4-L,49.08389868
AAGCCGCCAATGGACG-1-4-L,60.06236853
AAGCCGCCATGGGAAC-1-4-L,49.84648391
AAGGAGCTCGGCTTGG-1-4-L,67.96549278
AAGGTTCAGGAATCGC-1-4-L,50.45318058
AAGGTTCCATGGTCTA-1-4-L,60.77487412
AAGGTTCTCGAGGTAG-1-4-L,71.09354164
AAGTCTGCAGGTCCAC-1-4-L,66.22552848
AAGTCTGCAGGTGCCT-1-4-L,48.30511074
AATCCAGCAGTGGAGT-1-4-L,62.08289715
AATCCAGGTCACAAGG-1-4-L,60.06236853
AATCGGTAGTGTGGCA-1-4-L,61.80973049
AATCGGTGTTAGGGTG-1-4-L,56.97006263
ACACCAACAAGTTGTC-1-4-L,63.08075484
ACACCAAGTACTTGAC-1-4-L,62.55513096
ACACCAAGTTTGGGCC-1-4-L,48.77391691
ACACCCTAGTGGTAAT-1-4-L,43.51357961
ACACCCTCATACCATG-1-4-L,36.846084
ACACCGGCACGGTAGA-1-4-L,69.32686948
ACACCGGGTCGGGTCT-1-4-L,61.95249376
ACACTGATCGGCATCG-1-4-L,47.90950535
ACACTGATCGTTGCCT-1-4-L,41.0346213
ACACTGATCTTAGAGC-1-4-L,63.12346527
ACAGCCGCAATAGAGT-1-4-L,58.79060497
ACAGCTACAGGCTGAA-1-4-L,69.09053996
ACAGCTACATGACGGA-1-4-L,44.16527205
ACAGCTAGTCTCTTTA-1-4-L,56.22843004
ACATACGGTATAAACG-1-4-L,63.29864934
ACATACGGTCGACTAT-1-4-L,38.69461398
ACATCAGCATCACGAT-1-4-L,65.03119414
ACATGGTCAAACCTAC-1-4-L,60.06236853
ACCAGTATCAGCACAT-1-4-L,59.97402188
ACCAGTATCATCACCC-1-4-L,59.7787882
ACCCACTGTACGCACC-1-4-L,84.44926265
ACCGTAAGTTAGGGTG-1-4-L,61.95249376
ACCGTAATCACAGTAC-1-4-L,45.19748255
ACGATACAGATCCCGC-1-4-L,53.45393211
ACGATGTAGAGTCTGG-1-4-L,67.65879035
ACGCCAGAGAGATGAG-1-4-L,32.00506497
ACGGCCAGTGACTCAT-1-4-L,71.27937939
ACGGCCAGTGCACCAC-1-4-L,53.45239828
ACGGGCTAGGAGTAGA-1-4-L,63.6432924
ACGGGCTTCCATGAGT-1-4-L,61.95249376
ACGGGCTTCTACCTGC-1-4-L,54.2995602
ACGGGCTTCTTGCCGT-1-4-L,49.24553063
ACGGGTCAGGACCACA-1-4-L,46.27865806
ACGGGTCCAGATGAGC-1-4-L,62.38964374
ACTATCTGTCACACGC-1-4-L,61.3251815
ACTGAACCAAAGGCGT-1-4-L,59.60368659
ACTGAACGTGTAAGTA-1-4-L,58.88924238
ACTGAGTCAACGATGG-1-4-L,39.60709562
ACTGATGAGATGTCGG-1-4-L,62.57659658
ACTGCTCCAAGTTCTG-1-4-L,35.27630009
ACTGCTCGTTCAGGCC-1-4-L,35.42004739
ACTGTCCGTTACGACT-1-4-L,66.81263453
ACTGTCCTCCTTAATC-1-4-L,57.96658649
ACTTACTAGTCACGCC-1-4-L,85.79276012
ACTTACTCAATCACAC-1-4-L,86.45970844
ACTTACTCATCACAAC-1-4-L,64.42494105
ACTTACTGTCTAAAGA-1-4-L,69.64386964
ACTTACTGTCTCCATC-1-4-L,67.49728295
ACTTGTTAGTACACCT-1-4-L,67.77409219
ACTTGTTGTTCTCATT-1-4-L,60.62119418
ACTTGTTTCTCTTATG-1-4-L,53.01467482
ACTTGTTTCTGATACG-1-4-L,60.69503411
ACTTTCACATAGACTC-1-4-L,51.101401
AGAATAGTCGGATGGA-1-4-L,56.66289176
AGAATAGTCTTTCCTC-1-4-L,57.56696496
AGACGTTGTACTCGCG-1-4-L,54.07441403
AGAGCTTCATCACAAC-1-4-L,64.40040513
AGAGTGGCAAGCCCAC-1-4-L,57.51192123
AGAGTGGGTTCCACTC-1-4-L,57.59414262
AGATCTGAGACCTTTG-1-4-L,48.61375825
AGATTGCTCAGGATCT-1-4-L,71.37064034
AGCAGCCTCTTGGGTA-1-4-L,29.04268039
AGCATACAGATGCCAG-1-4-L,61.78468136
AGCATACCACGGCCAT-1-4-L,55.07508663
AGCCTAAAGACTACAA-1-4-L,58.79060497
AGCCTAACAAAGCAAT-1-4-L,61.3251815
AGCCTAACATCATCCC-1-4-L,49.17560645
AGCCTAACATGACATC-1-4-L,42.72769406
AGCGGTCCAGCTGTTA-1-4-L,47.89706468
AGCGGTCCATAAGACA-1-4-L,60.82346011
AGCGTATCACATTCGA-1-4-L,54.0847416
AGCGTATGTATTACCG-1-4-L,47.61189682
AGCGTCGGTCTAGGTT-1-4-L,47.07709407
AGCTCTCTCAGCTGGC-1-4-L,59.42747259
AGCTTGACAGCTCGAC-1-4-L,47.89706468
AGCTTGACATAAAGGT-1-4-L,86.81504354
AGCTTGAGTCGGCTCA-1-4-L,58.13829281
AGGCCACGTTCCTCCA-1-4-L,60.92860104
AGGCCGTCAACTGCGC-1-4-L,56.54402651
AGGCCGTGTTGCCTCT-1-4-L,89.48440034
AGGGAGTAGTACGCCC-1-4-L,63.81335315
AGGGATGAGAAACGAG-1-4-L,50.45318058
AGGGATGAGGCCATAG-1-4-L,54.25322296
AGGTCCGAGAGGTTAT-1-4-L,54.64954962
AGTCTTTCATTAGGCT-1-4-L,38.83490596
AGTCTTTGTCTCACCT-1-4-L,63.17239356
AGTGAGGTCGCAAGCC-1-4-L,77.27672147
AGTGGGACAAGGACAC-1-4-L,57.51192123
AGTGGGACATACTACG-1-4-L,36.92403508
AGTGTCACATAGAAAC-1-4-L,62.16192566
AGTGTCAGTGGTGTAG-1-4-L,58.79060497
AGTTGGTTCAGCTCGG-1-4-L,57.25017551
AGTTGGTTCCTGTAGA-1-4-L,84.55084867
ATAACGCGTTTACTCT-1-4-L,48.75923207
ATAACGCTCAGTTAGC-1-4-L,45.53104975
ATAAGAGCAGCGTTCG-1-4-L,59.43943596
ATCACGACACCATGTA-1-4-L,53.21494907
ATCATGGAGTCATCCA-1-4-L,64.42494105
ATCATGGGTAAGGATT-1-4-L,57.65379612
ATCCACCAGTAGGTGC-1-4-L,58.79060497
ATCGAGTGTCAGGACA-1-4-L,64.65372019
ATCTACTCATGGAATA-1-4-L,57.64515331
ATCTACTGTACAGCAG-1-4-L,71.01454764
ATGAGGGCAAAGTGCG-1-4-L,49.84535052
ATGCGATAGGGTGTTG-1-4-L,32.11741719
ATGGGAGAGAGCTGCA-1-4-L,59.94049848
ATGGGAGAGGCATGTG-1-4-L,32.55993009
ATTATCCAGTCTCCTC-1-4-L,33.63362667
ATTATCCTCCGAAGAG-1-4-L,62.60289167
ATTCTACCATGTTCCC-1-4-L,61.53496807
ATTCTACTCGGCTACG-1-4-L,43.37872065
ATTGGACCATATGGTC-1-4-L,46.20258521
ATTGGACGTTTGACAC-1-4-L,47.89706468
ATTGGACTCCCAGGTG-1-4-L,19.41065447
ATTGGTGGTAACGCGA-1-4-L,65.77098691
CAACCAAGTCGATTGT-1-4-L,48.53666175
CAACCTCAGCAATCTC-1-4-L,78.62356502
CAACTAGAGTGAAGAG-1-4-L,61.17647318
CAACTAGGTGATAAAC-1-4-L,47.9474918
CAAGAAACACTGCCAG-1-4-L,57.22328537
CAAGATCTCTCGATGA-1-4-L,60.327193
CAAGGCCGTGAGGCTA-1-4-L,36.62926171
CACAAACGTGACGCCT-1-4-L,89.53731146
CACACAAAGATCGGGT-1-4-L,66.04216185
CACACAATCACTCTTA-1-4-L,61.3251815
CACACCTAGTGAATTG-1-4-L,60.00246581
CACACTCTCCTTAATC-1-4-L,65.70927088
CACAGGCCACACGCTG-1-4-L,59.12386269
CACAGTATCCATTCTA-1-4-L,43.8426907
CACATTTCAGCCTTGG-1-4-L,48.53666175
CACATTTTCCTCATTA-1-4-L,62.52805147
CACATTTTCTGCTTGC-1-4-L,79.15789511
CACCACTCATTCGACA-1-4-L,66.03230527
CACCACTTCAACACCA-1-4-L,40.35045278
CACCACTTCCGAAGAG-1-4-L,50.90431968
CACCACTTCGGCGCAT-1-4-L,82.42462799
CACCAGGTCATTGCCC-1-4-L,88.12106668
CACCAGGTCCTTTCGG-1-4-L,44.02886379
CACCTTGAGAAGATTC-1-4-L,50.45021564
CACTCCAAGAACTCGG-1-4-L,84.48983348
CAGAATCTCTTGTACT-1-4-L,58.79060497
CAGCAGCCAGATCCAT-1-4-L,66.19896535
CAGCAGCGTCTAAACC-1-4-L,62.57659658
CAGCAGCTCAACACGT-1-4-L,45.97057327
CAGCATATCACGCATA-1-4-L,45.97057327
CAGCCGACAGTTCATG-1-4-L,42.35547305
CAGCTAACACTCAGGC-1-4-L,38.26311592
CAGCTAAGTCATATCG-1-4-L,59.42747259
CAGCTAAGTTATCGGT-1-4-L,62.19878262
CAGCTGGGTAATTGGA-1-4-L,60.7482003
CAGTAACAGTACGATA-1-4-L,53.49860143
CAGTAACGTGAGTGAC-1-4-L,57.01914985
CAGTCCTCAAACGCGA-1-4-L,58.25236343
CAGTCCTTCATCTGCC-1-4-L,58.43103653
CATATGGAGCGTCTAT-1-4-L,53.37704946
CATATTCGTCAAACTC-1-4-L,15.41568822
CATCAAGGTTTCGCTC-1-4-L,60.32907091
CATCAGAAGACTAGAT-1-4-L,59.42747259
CATCGGGGTCTGGAGA-1-4-L,70.57348214
CATGACATCACAGTAC-1-4-L,69.90798974
CATGCCTAGTTCGCGC-1-4-L,56.22843004
CATGGCGAGGCATGGT-1-4-L,60.69503411
CCAATCCGTCGACTAT-1-4-L,49.81432084
CCACCTACAGCGTAAG-1-4-L,38.46334745
CCACCTACATTCTCAT-1-4-L,44.67775474
CCACCTAGTCGGATCC-1-4-L,61.95660416
CCACGGACATTTCACT-1-4-L,45.64360309
CCACGGAGTCGAAAGC-1-4-L,46.35526939
CCACGGAGTCGCATAT-1-4-L,22.4942315
CCAGCGAGTCTAGGTT-1-4-L,52.79268479
CCATGTCCACGTCAGC-1-4-L,36.92403508
CCATTCGTCGTCACGG-1-4-L,68.76490782
CCCAATCAGGCCCTCA-1-4-L,65.89494034
CCCAATCCAATTCCTT-1-4-L,60.80652366
CCCAATCGTGCGAAAC-1-4-L,59.42747259
CCCAATCTCTTGAGGT-1-4-L,61.51361652
CCCATACGTTGCGTTA-1-4-L,69.58624976
CCCTCCTGTGACGGTA-1-4-L,44.02886379
CCCTCCTTCTGAAAGA-1-4-L,82.94166912
CCGGGATTCGGACAAG-1-4-L,62.57659658
CCGGTAGTCTGGTATG-1-4-L,72.79769963
CCGTACTAGTAGATGT-1-4-L,50.43665286
CCGTACTTCATGCAAC-1-4-L,53.54764021
CCGTGGAAGAGTGAGA-1-4-L,66.81263453
CCGTGGAAGCCGATTT-1-4-L,53.61489072
CCGTGGACATCCTTGC-1-4-L,63.19705451
CCGTGGAGTCCTCTTG-1-4-L,69.38009028
CCGTTCATCTCAACTT-1-4-L,77.23664153
CCTAAAGAGCCCAGCT-1-4-L,58.97011302
CCTAAAGCACGCCAGT-1-4-L,47.24469895
CCTACACTCTTGGGTA-1-4-L,85.69273665
CCTACCAGTACTCGCG-1-4-L,47.71115589
CCTAGCTAGCGACGTA-1-4-L,52.37318586
CCTAGCTGTTTCCACC-1-4-L,66.16105639
CCTATTACATTAGGCT-1-4-L,89.24319158
CCTATTAGTCCGAGTC-1-4-L,47.25640181
CCTCAGTCAGACGCTC-1-4-L,64.1475288
CCTTCCCCACCACGTG-1-4-L,46.28323817
CCTTCCCGTCACCCAG-1-4-L,54.55636333
CCTTCCCGTCCGAAGA-1-4-L,66.69389112
CCTTTCTCATAGGATA-1-4-L,39.76733412
CGAACATGTCACAAGG-1-4-L,45.32504939
CGACCTTAGATCGGGT-1-4-L,31.0876345
CGACTTCTCTGCGGCA-1-4-L,51.09248852
CGAGCACAGTTGAGAT-1-4-L,42.57954583
CGATCGGTCTTCAACT-1-4-L,45.97057327
CGATGGCTCGCCTGTT-1-4-L,48.21976305
CGATGGCTCTTTCCTC-1-4-L,65.03119414
CGATGTAAGCATGGCA-1-4-L,62.98872087
CGATGTAAGTACGTTC-1-4-L,37.26196975
CGATGTAAGTGCTGCC-1-4-L,84.8780665
CGATGTAGTCACTTCC-1-4-L,35.55900474
CGATTGAGTAGCTCCG-1-4-L,46.79028532
CGCCAAGAGTAATCCC-1-4-L,59.90872526
CGCGTTTCAGTGAGTG-1-4-L,62.57659658
CGCGTTTGTCAGATAA-1-4-L,61.3250371
CGCGTTTTCCTATGTT-1-4-L,26.70224552
CGCTATCTCGAATCCA-1-4-L,58.76688376
CGCTTCACAAATCCGT-1-4-L,48.7223448
CGCTTCAGTCAGAATA-1-4-L,68.06335929
CGCTTCAGTCCTAGCG-1-4-L,42.07628436
CGCTTCAGTTTGACAC-1-4-L,59.65630769
CGCTTCATCAATCTCT-1-4-L,70.19227821
CGGACGTAGTGGCACA-1-4-L,53.18993204
CGGACGTCAAACCTAC-1-4-L,59.89636136
CGGACGTTCGCTTAGA-1-4-L,62.57659658
CGGACTGGTCCAAGTT-1-4-L,63.0751852
CGGGTCATCAATCTCT-1-4-L,58.23119953
CGGGTCATCAGCGATT-1-4-L,67.26494774
CGTCACTTCCGTTGCT-1-4-L,54.59376127
CGTCAGGTCAATAAGG-1-4-L,54.09441437
CGTCCATCAGGTTTCA-1-4-L,46.61432179
CGTCTACCAGGACGTA-1-4-L,81.27636965
CGTCTACGTTCCAACA-1-4-L,51.1177714
CGTCTACGTTGTCTTT-1-4-L,61.10208718
CGTGAGCAGCCAACAG-1-4-L,60.06236853
CGTGAGCCACACGCTG-1-4-L,59.20707436
CGTGAGCGTATCTGCA-1-4-L,42.07628436
CGTGAGCGTTATGCGT-1-4-L,65.63152757
CGTGAGCTCGAGGTAG-1-4-L,54.73054427
CGTGTAACATATACGC-1-4-L,52.67393052
CGTGTCTAGGGTGTTG-1-4-L,47.25640181
CGTTCTGCACCATCCT-1-4-L,42.32184419
CGTTCTGTCTCACATT-1-4-L,58.6023706
CGTTGGGAGGTGATTA-1-4-L,65.3222734
CGTTGGGCAAAGTCAA-1-4-L,61.52790946
CGTTGGGGTCTAGCGC-1-4-L,56.04986658
CTAACTTCAAAGGTGC-1-4-L,67.01306724
CTAACTTTCGCAAGCC-1-4-L,62.80977194
CTAAGACGTAGCGATG-1-4-L,64.29450527
CTAAGACGTCAACATC-1-4-L,83.06299506
CTAAGACTCAACACCA-1-4-L,58.84224603
CTAATGGCAGAGCCAA-1-4-L,72.19348246
CTACACCAGCGCTTAT-1-4-L,70.81197704
CTACATTCACAGATTC-1-4-L,62.32733767
CTACATTCAGTAAGCG-1-4-L,86.2034988
CTACCCACAAGCTGTT-1-4-L,59.78300519
CTACCCACACCACCAG-1-4-L,65.57694808
CTAGAGTTCCACTGGG-1-4-L,56.75960709
CTAGAGTTCTCAACTT-1-4-L,67.01689464
CTAGCCTTCAGCGACC-1-4-L,48.37455741
CTAGTGACACGGATAG-1-4-L,47.37402099
CTAGTGACATCAGTCA-1-4-L,46.22846323
CTCACACCAACGATGG-1-4-L,65.98151961
CTCACACCAAGTTGTC-1-4-L,59.73743797
CTCACACGTGGCGAAT-1-4-L,51.98930487
CTCACACGTTACCAGT-1-4-L,70.72194399
CTCAGAAAGGAATTAC-1-4-L,72.53465103
CTCAGAAAGGCTAGCA-1-4-L,37.08934926
CTCATTAGTCGCCATG-1-4-L,56.02110445
CTCCTAGCAATAGCGG-1-4-L,40.38283459
CTCCTAGTCGAGAGCA-1-4-L,61.15283193
CTCGAAACACAGCGTC-1-4-L,69.62228078
CTCGAAATCGTGACAT-1-4-L,59.39032937
CTCGGAGGTGGGTCAA-1-4-L,43.453475
CTCGGAGTCTCTAAGG-1-4-L,59.42747259
CTCGGGAGTTCGGCAC-1-4-L,67.39265559
CTCGTACGTTATTCTC-1-4-L,50.45318058
CTCGTCAGTGTGACGA-1-4-L,50.25932149
CTCGTCATCCTCTAGC-1-4-L,61.90700037
CTCTAATAGACACTAA-1-4-L,38.35461342
CTCTAATAGGCACATG-1-4-L,64.11516282
CTCTAATGTCAATGTC-1-4-L,60.38771383
CTCTACGGTCGCGAAA-1-4-L,48.86854341
CTCTGGTCACGCCAGT-1-4-L,57.79906497
CTCTGGTGTCAAAGCG-1-4-L,51.73245476
CTGAAACTCTATGTGG-1-4-L,70.73697949
CTGAAGTTCACTTATC-1-4-L,50.25925315
CTGATAGCACGAAACG-1-4-L,59.8009049
CTGATAGGTTCGTTGA-1-4-L,53.93334164
CTGATAGTCAACACCA-1-4-L,58.15200375
CTGCCTAAGTGCCAGA-1-4-L,89.28659093
CTGCCTAAGTTATCGC-1-4-L,44.16988302
CTGCCTAGTACGCACC-1-4-L,60.73383076
CTGCCTATCAACACGT-1-4-L,61.7612538
CTGCGGAGTAGCGCTC-1-4-L,47.89706468
CTGCGGAGTTGAACTC-1-4-L,61.65142311
CTGCGGATCGTGACAT-1-4-L,66.35042008
CTGCTGTCAGGAACGT-1-4-L,59.28938568
CTGGTCTCATGCATGT-1-4-L,67.96549278
CTGGTCTGTTGAGGTG-1-4-L,35.20464552
CTGTTTACAGTCCTTC-1-4-L,48.26966326
CTGTTTAGTATATCCG-1-4-L,69.64386964
CTTAACTGTCGAGATG-1-4-L,61.77802819
CTTACCGCAAATTGCC-1-4-L,45.51015058
CTTACCGCACGAAGCA-1-4-L,74.01193045
CTTACCGCAGCGTTCG-1-4-L,75.36180581
CTTAGGAGTGACAAAT-1-4-L,53.32159018
CTTCTCTAGGCCGAAT-1-4-L,60.59977993
CTTCTCTCACACTGCG-1-4-L,55.34072531
CTTTGCGCAGGTCCAC-1-4-L,84.27530617
CTTTGCGGTAGCGTAG-1-4-L,58.79060497
GAAATGAAGTAGCCGA-1-4-L,53.4452504
GAAATGAGTGTTGGGA-1-4-L,52.74608206
GAACATCAGAGCTGGT-1-4-L,56.39163129
GAACATCCATGCTAGT-1-4-L,51.73245476
GAACATCTCGCGTAGC-1-4-L,58.79060497
GAACCTACACGAAACG-1-4-L,57.51192123
GAACCTACACGAGAGT-1-4-L,84.01150141
GAACCTACAGCCTTGG-1-4-L,44.48080596
GAACGGACAGCCTGTG-1-4-L,65.03119414
GAACGGATCCACGCAG-1-4-L,60.06236853
GAATAAGCAACACGCC-1-4-L,69.02728274
GAATGAAAGGGAACGG-1-4-L,60.85109424
GAATGAATCCTATGTT-1-4-L,59.71566853
GACACGCTCGGACAAG-1-4-L,50.45318058
GACAGAGAGCGGATCA-1-4-L,11.6272274
GACCAATGTCAACTGT-1-4-L,48.09983365
GACCAATGTCCTCCAT-1-4-L,61.95249376
GACCTGGCACTACAGT-1-4-L,59.42747259
GACGCGTCACTAGTAC-1-4-L,59.61467067
GACGCGTGTGCACTTA-1-4-L,66.79135096
GACGCGTTCCTAGGGC-1-4-L,46.62825548
GACGCGTTCTGAGTGT-1-4-L,60.94856395
GACGGCTAGTGTGAAT-1-4-L,90.06323365
GACGTTACACAAGTAA-1-4-L,58.51526903
GACGTTACATCGGTTA-1-4-L,64.66053274
GACTAACGTATCTGCA-1-4-L,60.69503411
GACTACAAGATGAGAG-1-4-L,45.81641745
GACTGCGGTGTTTGGT-1-4-L,47.89706468
GAGCAGAAGCTGAACG-1-4-L,49.11626497
GAGCAGAGTGCACCAC-1-4-L,46.45468933
GAGCAGATCTGAGGGA-1-4-L,60.44775421
GAGTCCGTCAAAGACA-1-4-L,61.18978344
GATCGATGTGTGGCTC-1-4-L,39.16250899
GATCGCGCAACGATCT-1-4-L,55.50911993
GATCGTAAGTGTTAGA-1-4-L,73.11278491
GATCTAGCAAGTCATC-1-4-L,47.6519303
GATCTAGTCGCAGGCT-1-4-L,58.43202821
GATGAAAAGTCAAGCG-1-4-L,43.13541264
GATGAAATCGAGAACG-1-4-L,67.73211531
GATGAGGCACGTCAGC-1-4-L,69.56606015
GATGAGGTCAAACCGT-1-4-L,60.40316703
GATGCTAAGACCCACC-1-4-L,42.21386127
GATGCTAAGAGGTACC-1-4-L,59.08469152
GATGCTAAGCGCTCCA-1-4-L,46.2165856
GATGCTAAGGGATCTG-1-4-L,63.81335315
GATGCTACAATGGAAT-1-4-L,34.07205591
GATTCAGAGATATGGT-1-4-L,33.59910534
GATTCAGGTAGGAGTC-1-4-L,47.89706468
GCAATCAGTGAACCTT-1-4-L,65.63152757
GCACATAGTCTTTCAT-1-4-L,42.34270033
GCACTCTCAGTGAGTG-1-4-L,58.15200375
GCAGCCACAAGAAAGG-1-4-L,57.64333195
GCAGCCACAAGTCATC-1-4-L,59.42747259
GCAGCCACAGGGTACA-1-4-L,47.94505736
GCAGTTAAGTGGGTTG-1-4-L,68.66016652
GCATACAAGATCCTGT-1-4-L,61.95249376
GCATACAAGGAGTTGC-1-4-L,70.92680583
GCATACAAGTGCAAGC-1-4-L,60.67268913
GCATACAGTTATGTGC-1-4-L,50.6240443
GCATGATAGGCGTACA-1-4-L,58.15200375
GCATGATGTGAAAGAG-1-4-L,60.28907127
GCATGATGTGCTGTAT-1-4-L,31.40555148
GCATGATGTGTTGAGG-1-4-L,55.58563766
GCATGCGAGTTAGCGG-1-4-L,48.57720247
GCATGCGTCCGCATCT-1-4-L,61.95249376
GCCAAATCATCGATGT-1-4-L,45.97057327
GCCAAATGTGTCTGAT-1-4-L,59.68652057
GCCAAATTCATAGCAC-1-4-L,93.48028567
GCCAAATTCGCATGGC-1-4-L,35.24253199
GCCTCTATCGTTGACA-1-4-L,69.09053996
GCGAGAAAGGCTCAGA-1-4-L,61.57926164
GCGAGAAGTTATTCTC-1-4-L,61.3251815
GCGCCAACAATAACGA-1-4-L,97.67260075
GCGCCAAGTACCCAAT-1-4-L,51.51368703
GCGCGATTCTTGCATT-1-4-L,63.90345648
GCGGGTTCAAGCGCTC-1-4-L,71.42622978
GCTCCTAAGATGAGAG-1-4-L,81.03467632
GCTCTGTAGGACATTA-1-4-L,40.64816142
GCTCTGTCAAACAACA-1-4-L,41.72021729
GCTCTGTCACCGCTAG-1-4-L,87.88355749
GCTGGGTAGCTAAACA-1-4-L,45.97057327
GCTGGGTCACGAAAGC-1-4-L,61.93606497
GCTTCCAAGCTAGTGG-1-4-L,56.22843004
GCTTCCAGTCTTCTCG-1-4-L,45.32377473
GCTTCCATCTCGCATC-1-4-L,51.23459441
GCTTGAAGTATTAGCC-1-4-L,57.59672759
GGAAAGCAGGTGATTA-1-4-L,58.79060497
GGAAAGCTCGGAAACG-1-4-L,60.06236853
GGAATAAAGTATTGGA-1-4-L,34.3293228
GGAATAACACCAGTTA-1-4-L,61.65554574
GGACAAGAGTTTAGGA-1-4-L,31.40555148
GGACAAGCAATGGTCT-1-4-L,64.6897342
GGACAAGGTACTCTCC-1-4-L,48.50740613
GGACAAGGTGTAACGG-1-4-L,60.40880873
GGACAAGGTTTGACAC-1-4-L,61.76805422
GGACAAGTCTTACCTA-1-4-L,47.89706468
GGACAGAGTTATGTGC-1-4-L,61.15153818
GGACATTCAATAGAGT-1-4-L,68.08490178
GGACGTCTCCAATGGT-1-4-L,86.30392922
GGATGTTAGCGCTTAT-1-4-L,57.59666778
GGATTACAGGATCGCA-1-4-L,65.25899408
GGCAATTGTCATACTG-1-4-L,38.19413578
GGCGTGTCATTAGGCT-1-4-L,36.99995089
GGCGTGTTCCCTAACC-1-4-L,42.07628436
GGCTCGAGTAGAAAGG-1-4-L,39.93195113
GGGAGATAGTTAACGA-1-4-L,63.32356617
GGGAGATCAATGCCAT-1-4-L,41.75153398
GGGAGATCAGTCAGAG-1-4-L,56.086613
GGGAGATGTGATGTGG-1-4-L,58.54033803
GGGAGATGTTAAAGTG-1-4-L,53.01467482
GGGATGAAGCGTCAAG-1-4-L,57.51192123
GGGATGACAGGCTGAA-1-4-L,58.79060497
GGGATGAGTCTGGAGA-1-4-L,60.69503411
GGGATGATCAGTCCCT-1-4-L,62.57659658
GGGCACTTCATGGTCA-1-4-L,40.77471225
GGGCATCAGCCAACAG-1-4-L,58.15200375
GGGTCTGGTGAGTGAC-1-4-L,44.67775474
GGGTCTGTCGTTGCCT-1-4-L,50.13264597
GGGTTGCTCTCCGGTT-1-4-L,93.41587132
GGTATTGAGCTAACAA-1-4-L,47.89706468
GGTATTGCACCTGGTG-1-4-L,49.17560645
GGTATTGCACGCGAAA-1-4-L,47.28900869
GGTGAAGAGGGCATGT-1-4-L,55.9036083
GTAACGTCATGAAGTA-1-4-L,52.37318586
GTAACGTTCAGTCAGT-1-4-L,67.39265559
GTAACTGTCACCCTCA-1-4-L,64.15906024
GTACGTACATACTCTT-1-4-L,47.25640181
GTACGTAGTCCGAAGA-1-4-L,61.6590057
GTACTCCCAACTGCGC-1-4-L,52.9091244
GTACTTTAGGGCATGT-1-4-L,32.46639822
GTAGTCATCGTAGATC-1-4-L,53.01467482
GTATTCTAGTACGTTC-1-4-L,65.45958715
GTCAAGTCACGCTTTC-1-4-L,62.53909229
GTCAAGTGTTCGGGCT-1-4-L,66.22552848
GTCACAAAGTGCCATT-1-4-L,59.11601823
GTCACAAGTCCGAGTC-1-4-L,49.47171915
GTCACGGGTCAGATAA-1-4-L,37.9670366
GTCACGGTCCGTACAA-1-4-L,81.04447893
GTCATTTCAGATTGCT-1-4-L,61.95249376
GTCATTTGTTACTGAC-1-4-L,69.9841413
GTCGGGTCAGTGAGTG-1-4-L,70.31301529
GTCGTAAAGGCATGTG-1-4-L,60.69503411
GTCGTAATCAGTTTGG-1-4-L,58.80633128
GTCTCGTCACGAGGTA-1-4-L,62.45489255
GTCTCGTCAGTCAGAG-1-4-L,58.68016374
GTCTCGTTCACTCTTA-1-4-L,83.73874472
GTCTTCGGTGGTGTAG-1-4-L,49.39229451
GTGCAGCAGATCACGG-1-4-L,32.6969984
GTGCTTCGTTCTGTTT-1-4-L,64.78403032
GTGGGTCGTGATGATA-1-4-L,60.13732899
GTGGGTCGTGTGACGA-1-4-L,61.3251815
GTGGGTCGTTTACTCT-1-4-L,48.66035149
GTGTGCGAGGACACCA-1-4-L,68.53131297
GTGTGCGGTTCGTGAT-1-4-L,60.06236853
GTTCATTAGTGTACTC-1-4-L,62.57659658
GTTCGGGCAGACAAAT-1-4-L,45.32504939
GTTTCTAGTGTCGCTG-1-4-L,65.28258894
TAAACCGCAAGCGATG-1-4-L,71.08072762
TAAACCGTCAGCGACC-1-4-L,46.7906815
TAAACCGTCTCAAACG-1-4-L,53.65685052
TAAGCGTGTACAGTGG-1-4-L,61.95249376
TAAGTGCCATGATCCA-1-4-L,49.5758677
TAAGTGCGTATGAATG-1-4-L,36.51320329
TAAGTGCGTGCGAAAC-1-4-L,61.36043988
TACACGAGTTCGCTAA-1-4-L,48.53666175
TACAGTGAGTATCTCG-1-4-L,40.69161383
TACAGTGAGTCAAGCG-1-4-L,66.97077095
TACAGTGTCCAGATCA-1-4-L,39.70218851
TACCTATGTCAAAGCG-1-4-L,54.66667312
TACCTTACAAAGGTGC-1-4-L,57.54822422
TACGGTACAGACGCTC-1-4-L,46.70794833
TACGGTATCATTGCCC-1-4-L,61.2063251
TACTCATCAGTGACAG-1-4-L,61.3251815
TACTCGCAGTTGAGAT-1-4-L,63.81335315
TAGACCAGTGTTGAGG-1-4-L,60.4451688
TAGACCAGTTCGGCAC-1-4-L,48.53666175
TAGCCGGCATTGGCGC-1-4-L,63.19705451
TAGGCATCAGACGCCT-1-4-L,17.50680099
TAGTTGGCAATGCCAT-1-4-L,57.14752477
TAGTTGGGTCTAGAGG-1-4-L,68.61250052
TAGTTGGTCTTACCGC-1-4-L,61.3251815
TATCAGGCAGGAATGC-1-4-L,38.48943467
TATCAGGGTCCTCTTG-1-4-L,41.418284
TATGCCCAGCACCGCT-1-4-L,59.67238183
TATTACCTCACTTATC-1-4-L,60.69503411
TATTACCTCTCTGTCG-1-4-L,36.81127102
TCAACGAAGAGACTAT-1-4-L,62.79839235
TCAACGAGTAATCACC-1-4-L,58.83684696
TCAATCTAGCGTAGTG-1-4-L,35.36857065
TCAATCTTCATCGGAT-1-4-L,62.28548168
TCACGAAAGTGCGTGA-1-4-L,67.23547416
TCACGAATCAAACCGT-1-4-L,45.32504939
TCACGAATCAACACTG-1-4-L,71.27937939
TCAGATGAGAGTAAGG-1-4-L,60.72403745
TCAGATGTCCGCATCT-1-4-L,53.35611854
TCAGCTCGTTGGACCC-1-4-L,50.45318058
TCAGCTCTCAGTCAGT-1-4-L,89.65964912
TCAGGTAAGATGCGAC-1-4-L,61.3251815
TCAGGTAAGGGATACC-1-4-L,52.37776327
TCAGGTACATATGAGA-1-4-L,63.81335315
TCATTTGAGCCTATGT-1-4-L,57.57742884
TCATTTGAGCTGAACG-1-4-L,58.15200375
TCATTTGCAACTTGAC-1-4-L,49.62981201
TCGAGGCCAACTGGCC-1-4-L,56.55121125
TCGCGAGAGAAGAAGC-1-4-L,29.03433185
TCGCGTTCATCGGAAG-1-4-L,56.19690914
TCGGGACTCCACGTGG-1-4-L,48.53666175
TCGTACCCAGACGCAA-1-4-L,54.79423083
TCTATTGGTTGGGACA-1-4-L,48.27753081
TCTATTGTCCTACAGA-1-4-L,60.13205264
TCTCATACATCTATGG-1-4-L,45.32504939
TCTGAGAGTCACTGGC-1-4-L,58.51003614
TCTGGAACATGTCCTC-1-4-L,87.8007717
TCTTCGGGTATATGAG-1-4-L,61.96221031
TCTTCGGGTCGCGAAA-1-4-L,57.57514206
TCTTCGGTCTTGTCAT-1-4-L,61.49803519
TGAAAGAAGCGCTTAT-1-4-L,8.533719479
TGAAAGACATGTCCTC-1-4-L,43.03676834
TGACAACAGCTAGGCA-1-4-L,47.89706468
TGACGGCAGTAGCGGT-1-4-L,54.27842207
TGACGGCCAATCCAAC-1-4-L,47.89706468
TGACTAGAGCGTGTCC-1-4-L,61.95249376
TGACTAGTCAATCTCT-1-4-L,53.90534012
TGACTTTAGATCCCAT-1-4-L,53.24809653
TGACTTTAGGTGACCA-1-4-L,65.63152757
TGAGAGGCAATCAGAA-1-4-L,47.09191014
TGAGAGGCACCTATCC-1-4-L,39.73205032
TGAGCATGTACCGGCT-1-4-L,67.96549278
TGAGCATGTGACGGTA-1-4-L,38.73559913
TGAGCCGCACGGTAGA-1-4-L,62.71592548
TGAGCCGTCACCCGAG-1-4-L,56.87063085
TGAGGGAAGTTACCCA-1-4-L,36.14892917
TGATTTCCATCAGTCA-1-4-L,81.22206766
TGCACCTCAGCTCGAC-1-4-L,60.61860197
TGCACCTGTCCTAGCG-1-4-L,15.47154007
TGCCAAAGTAGAGTGC-1-4-L,60.54484723
TGCCAAAGTATATGGA-1-4-L,44.02886379
TGCCAAATCACATAGC-1-4-L,60.68699797
TGCCAAATCTAGCACA-1-4-L,63.81335315
TGCCCATCACCAACCG-1-4-L,51.09248852
TGCCCTATCTTCAACT-1-4-L,57.31526873
TGCGCAGCAGCGTAAG-1-4-L,79.7720351
TGCGCAGTCATTCACT-1-4-L,77.37407618
TGCGGGTAGACAGGCT-1-4-L,56.22843004
TGCGGGTCAGGTGGAT-1-4-L,79.86816871
TGCGGGTTCACATGCA-1-4-L,62.13077108
TGCGTGGGTACTTAGC-1-4-L,64.3836516
TGCGTGGTCGTTGACA-1-4-L,54.96874497
TGCTACCCATCGGTTA-1-4-L,63.19705451
TGCTACCGTAAACCTC-1-4-L,51.98508976
TGGACGCCAGCGAACA-1-4-L,37.2113203
TGGCCAGTCGCTTGTC-1-4-L,60.25391773
TGGCGCAAGCCAGTAG-1-4-L,63.03403503
TGGCGCACATCGGTTA-1-4-L,47.59910757
TGGCGCATCCTAGGGC-1-4-L,56.22843004
TGGCTGGAGCCCAATT-1-4-L,63.36075104
TGGCTGGCAATTCCTT-1-4-L,50.85236893
TGGCTGGGTCTTGCGG-1-4-L,53.93614658
TGGCTGGGTGGTAACG-1-4-L,51.73245476
TGGGAAGTCCACTGGG-1-4-L,61.52478522
TGGGCGTAGGGATGGG-1-4-L,48.42989857
TGGGCGTAGTCATCCA-1-4-L,68.53131297
TGGGCGTAGTGAAGTT-1-4-L,67.67432885
TGGTTCCGTCTAGAGG-1-4-L,36.83278695
TGTCCCACAGGTCTCG-1-4-L,89.9615298
TGTCCCAGTTACCAGT-1-4-L,65.0786177
TGTGGTAAGTACGACG-1-4-L,84.14922403
TGTGGTATCCATTCTA-1-4-L,64.78662262
TGTGGTATCTCTGAGA-1-4-L,45.97057327
TGTTCCGGTCTGGTCG-1-4-L,61.1741403
TTAACTCAGACACTAA-1-4-L,62.0842409
TTAACTCAGACTCGGA-1-4-L,56.99604421
TTAACTCTCAGTTCGA-1-4-L,26.34115033
TTAACTCTCTGCGTAA-1-4-L,66.56824094
TTAGGCACACAGTCGC-1-4-L,85.70658838
TTAGGCACAGTATGCT-1-4-L,58.0356198
TTAGTTCTCTACTTAC-1-4-L,35.34730043
TTATGCTCATGCTAGT-1-4-L,61.95249376
TTATGCTGTAAGTAGT-1-4-L,60.35115612
TTCCCAGCACATCTTT-1-4-L,57.49558296
TTCCCAGGTTACAGAA-1-4-L,67.82319166
TTCTACACAGCATACT-1-4-L,64.42494105
TTCTACATCGCTAGCG-1-4-L,58.15200375
TTCTTAGAGGAGCGAG-1-4-L,60.87547821
TTGAACGCATCGGGTC-1-4-L,65.81847945
TTGAACGTCCTCCTAG-1-4-L,61.17402218
TTGCCGTAGACCGGAT-1-4-L,82.50291814
TTGCCGTAGGAATCGC-1-4-L,80.48550142
TTGCCGTGTTTGGCGC-1-4-L,51.50447597
TTGGAACGTACGCTGC-1-4-L,60.48662336
TTGGAACTCCTCAACC-1-4-L,67.85732263
TTGGCAATCTCCAACC-1-4-L,59.17441723
TTGTAGGAGAGCTTCT-1-4-L,49.93735785
TTGTAGGAGCTAAACA-1-4-L,64.08834878
TTGTAGGCAGTTTACG-1-4-L,37.92415495
TTGTAGGTCAGTTGAC-1-4-L,62.08693674
TTTACTGCACCTGGTG-1-4-L,49.17560645
TTTCCTCCACGAGAGT-1-4-L,55.71539853
TTTCCTCGTCACCTAA-1-4-L,35.67079863
TTTGGTTGTTCGGGCT-1-4-L,61.70684889
TTTGGTTTCCTCAACC-1-4-L,44.93490559
AAACCTGCACCAGGCT-1-5-L,59.83210399
AAACGGGTCATGCTCC-1-5-L,84.65598893
AAAGATGCAAGAAGAG-1-5-L,71.27937939
AAAGCAACAGTCCTTC-1-5-L,73.01469622
AAAGTAGAGCAGGCTA-1-5-L,71.9467839
AAAGTAGCAAGTTAAG-1-5-L,73.47462658
AAAGTAGGTGAGGCTA-1-5-L,67.84484049
AAAGTAGTCTAACGGT-1-5-L,74.11099205
AAATGCCTCGCTAGCG-1-5-L,66.97296619
AACACGTAGTGGGCTA-1-5-L,72.85257906
AACACGTCACCAGTTA-1-5-L,78.10853045
AACACGTGTGGGTATG-1-5-L,79.89302271
AACCGCGGTCAAGCGA-1-5-L,45.33374297
AACGTTGAGCTAGCCC-1-5-L,84.51055647
AACGTTGGTAGCGCTC-1-5-L,83.36085
AACGTTGTCTTGACGA-1-5-L,75.55486354
AACTCAGAGTCAAGGC-1-5-L,60.95488124
AACTCAGGTGAGGCTA-1-5-L,71.27937939
AACTCCCCAGGTGCCT-1-5-L,58.98675735
AACTCCCTCTAAGCCA-1-5-L,77.49811748
AACTCTTCATCAGTCA-1-5-L,78.88769646
AACTCTTGTACTCAAC-1-5-L,64.80692229
AACTCTTTCTTGTACT-1-5-L,76.30273616
AACTGGTAGCAATATG-1-5-L,65.63152757
AACTTTCCACTTAAGC-1-5-L,72.11118762
AACTTTCGTCACTGGC-1-5-L,59.42747259
AACTTTCTCCACGACG-1-5-L,85.12153633
AACTTTCTCTCTGCTG-1-5-L,77.71251615
AAGACCTGTAGCGTCC-1-5-L,70.19227821
AAGGAGCGTTGCGCAC-1-5-L,65.1145861
AAGGCAGCATGTCTCC-1-5-L,74.66052497
AAGGTTCCAGTCGTGC-1-5-L,72.90845815
AAGGTTCGTTGTACAC-1-5-L,73.4574781
AAGGTTCTCGGCGGTT-1-5-L,76.64130378
AAGGTTCTCTAACCGA-1-5-L,68.50703269
ACACCAACATTCCTGC-1-5-L,78.84500803
ACACCAAGTAAAGGAG-1-5-L,14.82303204
ACACCAAGTTGAGGTG-1-5-L,8.059906603
ACACCCTAGCTAAGAT-1-5-L,62.11493913
ACACCCTCAAAGTCAA-1-5-L,82.16885661
ACACCCTCACCGGAAA-1-5-L,74.57295494
ACACCCTTCAACACTG-1-5-L,67.93796481
ACACCCTTCGTCCAGG-1-5-L,67.96549278
ACACCCTTCTTTACGT-1-5-L,69.64386964
ACACCCTTCTTTCCTC-1-5-L,74.11478511
ACACTGACACCAGATT-1-5-L,70.7997835
ACACTGACACGCATCG-1-5-L,73.2968901
ACACTGATCATTGCGA-1-5-L,45.00421175
ACAGCCGAGTTCCACA-1-5-L,74.50910906
ACAGCCGCATCCTTGC-1-5-L,70.24275062
ACAGCCGGTCTTCAAG-1-5-L,73.30691227
ACAGCTACAGCTCCGA-1-5-L,70.00808492
ACATACGAGATCTGAA-1-5-L,59.48982085
ACATACGCAGTCGTGC-1-5-L,53.23283584
ACATACGTCAGGCGAA-1-5-L,78.22937254
ACATCAGGTTTCGCTC-1-5-L,82.58996916
ACATGGTAGTACGATA-1-5-L,71.75683166
ACCAGTATCGATCCCT-1-5-L,84.95419383
ACCCACTGTAAATACG-1-5-L,61.41448981
ACCTTTACAAGCCTAT-1-5-L,71.27937939
ACCTTTAGTTCCACTC-1-5-L,60.3338726
ACGAGCCGTCTAACGT-1-5-L,77.32389129
ACGAGGAAGGCATGTG-1-5-L,82.52885544
ACGATGTCAAAGGCGT-1-5-L,97.42314744
ACGATGTCAGAAGCAC-1-5-L,32.88263872
ACGATGTGTTCGAATC-1-5-L,83.85586802
ACGCCGATCTGCTGCT-1-5-L,53.81366623
ACGGAGATCATCTGCC-1-5-L,55.68775996
ACGGAGATCCACTGGG-1-5-L,87.80113592
ACGGCCAAGATGAGAG-1-5-L,79.98754756
ACGGCCAAGGCTATCT-1-5-L,74.85989479
ACGGGCTAGTCGCCGT-1-5-L,71.27937939
ACGGGCTAGTGTCTCA-1-5-L,71.27937939
ACGGGCTCAAACCTAC-1-5-L,57.51192123
ACGGGTCGTACGCTGC-1-5-L,79.18857703
ACTGAACCACCTCGGA-1-5-L,54.51146395
ACTGAGTAGAGGTACC-1-5-L,72.14152544
ACTGATGAGGCAGGTT-1-5-L,83.90138614
ACTGATGTCACATGCA-1-5-L,80.55243476
ACTGATGTCGTGACAT-1-5-L,78.99935739
ACTGTCCGTCCAAGTT-1-5-L,82.64516995
ACTGTCCGTTACGTCA-1-5-L,74.21666578
ACTGTCCTCCTTTCTC-1-5-L,58.46392489
ACTGTCCTCGGCGGTT-1-5-L,67.5759825
ACTTACTCAAGTTGTC-1-5-L,62.84620761
ACTTACTCATCCGCGA-1-5-L,73.49927633
ACTTACTTCAGTACGT-1-5-L,71.93491308
ACTTGTTCACCGTTGG-1-5-L,81.27636965
ACTTTCAGTGTAAGTA-1-5-L,93.26418946
AGAATAGCACTGCCAG-1-5-L,78.04488849
AGACGTTCAAGAAAGG-1-5-L,72.90845815
AGACGTTCAAGTCATC-1-5-L,67.9849902
AGACGTTCATGCCCGA-1-5-L,74.01193045
AGACGTTTCAGAAATG-1-5-L,56.87063085
AGACGTTTCATGGTCA-1-5-L,75.38131872
AGAGCGACAGTCCTTC-1-5-L,69.46118664
AGAGTGGCACAGTCGC-1-5-L,59.98582428
AGATCTGAGCCAGAAC-1-5-L,73.27456458
AGATCTGCATCGATTG-1-5-L,69.09053996
AGCAGCCCAGCCAGAA-1-5-L,71.94943726
AGCAGCCTCCTTGCCA-1-5-L,74.8517995
AGCAGCCTCGTGGACC-1-5-L,69.09053996
AGCATACGTAGGGTAC-1-5-L,72.36348707
AGCCTAACAATCTGCA-1-5-L,73.91039198
AGCCTAACATGCATGT-1-5-L,58.79060497
AGCCTAAGTTCCCTTG-1-5-L,71.27937939
AGCGGTCTCTCTAAGG-1-5-L,84.72959558
AGCGTATAGTGTCCCG-1-5-L,80.99271815
AGCGTATCAGGGATTG-1-5-L,74.47623833
AGCGTATGTCTCATCC-1-5-L,57.51192123
AGCTCCTAGAGAACAG-1-5-L,78.51399074
AGCTCCTCAGGTCTCG-1-5-L,69.94133828
AGCTCCTGTGATGTCT-1-5-L,69.84843527
AGCTCCTGTTTAAGCC-1-5-L,52.32522577
AGCTCTCAGGAATGGA-1-5-L,84.78432008
AGCTCTCTCTTAACCT-1-5-L,68.7625422
AGCTTGAGTGCACCAC-1-5-L,64.81850972
AGGCCGTAGTGAATTG-1-5-L,70.73697949
AGGGATGAGACCTAGG-1-5-L,80.34470834
AGGGATGAGCTTTGGT-1-5-L,76.09043997
AGGGATGAGTACGTAA-1-5-L,92.0264824
AGGGATGCAAGCCCAC-1-5-L,48.44543154
AGGGATGTCCGCGCAA-1-5-L,47.31276918
AGGGTGACACTACAGT-1-5-L,91.16692681
AGGGTGATCACCTCGT-1-5-L,59.80905481
AGGGTGATCAGCATGT-1-5-L,15.8906353
AGGTCCGAGTACGATA-1-5-L,45.97057327
AGTAGTCGTACCATCA-1-5-L,58.49091332
AGTGAGGCACACAGAG-1-5-L,69.35334229
AGTGAGGCAGGCTGAA-1-5-L,77.46437774
AGTGGGAAGTCCATAC-1-5-L,13.09910849
AGTGGGATCAGTACGT-1-5-L,73.4574781
AGTGTCAGTCAGTGGA-1-5-L,52.35813134
AGTTGGTCAGCGTCCA-1-5-L,77.94137851
AGTTGGTTCAACTCTT-1-5-L,73.23255663
AGTTGGTTCATGCTCC-1-5-L,73.3304746
ATAACGCAGCCCAACC-1-5-L,59.69790386
ATAACGCGTGATAAGT-1-5-L,69.28060065
ATAAGAGGTTCAGGCC-1-5-L,60.16972872
ATAGACCGTTCCTCCA-1-5-L,60.45717741
ATCACGAGTGCACTTA-1-5-L,80.53570667
ATCATCTAGATGGCGT-1-5-L,58.33457199
ATCATCTAGGCGACAT-1-5-L,72.24750938
ATCATCTAGTACGACG-1-5-L,72.44044284
ATCATGGAGAGTAATC-1-5-L,68.2506033
ATCATGGCAGTCGTGC-1-5-L,61.89594259
ATCCACCCAGGCTGAA-1-5-L,61.28878204
ATCCACCGTCAAAGAT-1-5-L,85.44044271
ATCGAGTAGCTAACTC-1-5-L,28.64410954
ATCGAGTAGCTGTCTA-1-5-L,73.35751628
ATCGAGTCAAACTGTC-1-5-L,75.53614344
ATCGAGTCATAGACTC-1-5-L,86.28436048
ATCGAGTGTTCAGGCC-1-5-L,67.4969546
ATCTACTGTACCGAGA-1-5-L,72.36471994
ATCTACTGTGCTAGCC-1-5-L,77.33013432
ATGAGGGGTTTGGCGC-1-5-L,74.01193045
ATGCGATCAGCATACT-1-5-L,79.3614515
ATGCGATGTCAAAGAT-1-5-L,73.36463348
ATGCGATTCTTGCCGT-1-5-L,68.22954093
ATGGGAGAGACTCGGA-1-5-L,66.46230323
ATGGGAGAGCATCATC-1-5-L,48.53666175
ATGTGTGGTTCGGGCT-1-5-L,76.57048219
ATGTGTGGTTTAAGCC-1-5-L,77.95555495
ATTACTCTCACGGTTA-1-5-L,67.49328043
ATTACTCTCCAAACTG-1-5-L,54.09636161
ATTCTACCAAACGTGG-1-5-L,71.27937939
ATTCTACCACTGTCGG-1-5-L,78.22981435
ATTCTACCACTTCGAA-1-5-L,83.74908465
ATTCTACGTACTTAGC-1-5-L,68.53131297
ATTCTACTCTAACTGG-1-5-L,78.00599804
ATTGGACAGTTCGATC-1-5-L,80.22767874
ATTGGACCAGGCTGAA-1-5-L,79.00135824
ATTGGACTCACATGCA-1-5-L,61.66096329
ATTGGTGAGTAATCCC-1-5-L,83.35898346
ATTGGTGAGTCCAGGA-1-5-L,73.11948916
ATTGGTGGTTGTGGAG-1-5-L,70.73697949
ATTTCTGAGAGTCGGT-1-5-L,69.76407546
ATTTCTGGTCTCGTTC-1-5-L,83.52901778
CAACCAAAGAAGGACA-1-5-L,41.49055814
CAACCTCAGCCATCGC-1-5-L,88.76543656
CAACCTCAGGGATGGG-1-5-L,70.29977866
CAACCTCTCAGATAAG-1-5-L,8.443178483
CAACCTCTCCAGTATG-1-5-L,72.01260656
CAACTAGCACATGGGA-1-5-L,66.36498133
CAACTAGCATGTAGTC-1-5-L,62.26760422
CAAGAAAGTCTTCGTC-1-5-L,47.88526907
CAAGAAATCAATACCG-1-5-L,73.9132702
CAAGAAATCAGCAACT-1-5-L,78.99957285
CAAGATCAGACGCAAC-1-5-L,67.09516805
CAAGATCAGCAGATCG-1-5-L,47.43736017
CAAGATCAGGGAAACA-1-5-L,75.49767083
CAAGATCTCTGTCCGT-1-5-L,67.04867925
CAAGGCCAGAAGGTGA-1-5-L,74.271561
CAAGGCCGTAGCTCCG-1-5-L,73.35628497
CAAGGCCGTTACAGAA-1-5-L,82.58996916
CACAAACCAATTCCTT-1-5-L,75.37884419
CACAAACCACGAGAGT-1-5-L,81.6582732
CACACTCAGACGACGT-1-5-L,79.97026156
CACACTCAGCGTTCCG-1-5-L,82.72829235
CACACTCAGCTAGTCT-1-5-L,4.88045578
CACAGTAAGCCAGTAG-1-5-L,62.93457501
CACATAGAGTAGTGCG-1-5-L,4.203630432
CACATTTGTCCTGCTT-1-5-L,71.39416791
CACCACTGTCCAGTGC-1-5-L,67.76126638
CACCACTGTGATAAAC-1-5-L,82.35744368
CACCACTTCATCGCTC-1-5-L,82.95962546
CACCACTTCTCCGGTT-1-5-L,89.83843107
CACCAGGAGCCACTAT-1-5-L,68.14297617
CACCAGGTCAACACTG-1-5-L,49.49616367
CACCTTGCAGTATAAG-1-5-L,76.95870498
CACCTTGCATCCTTGC-1-5-L,79.15524415
CACCTTGGTAACGCGA-1-5-L,57.89254449
CAGAATCCAACTGCGC-1-5-L,69.11109913
CAGAATCCAAGTAATG-1-5-L,69.64386964
CAGAGAGGTCCGACGT-1-5-L,68.59218017
CAGAGAGTCTGGTGTA-1-5-L,70.56268596
CAGATCAAGGTTACCT-1-5-L,85.56858843
CAGATCACACAAGCCC-1-5-L,72.36348707
CAGATCACACCAGTTA-1-5-L,70.78066362
CAGATCAGTATATCCG-1-5-L,64.68953285
CAGATCATCTAACTTC-1-5-L,60.66286173
CAGCATACATTGTGCA-1-5-L,76.00637817
CAGCGACCATCGATGT-1-5-L,74.35689353
CAGCGACGTCACCTAA-1-5-L,72.36348707
CAGCGACTCTGGCGTG-1-5-L,70.73512158
CAGCTGGCAGGATTGG-1-5-L,80.81906357
CAGCTGGCATCCCACT-1-5-L,82.14938456
CAGGTGCCATGTTGAC-1-5-L,70.19227821
CAGTAACCAGCTCGAC-1-5-L,63.19705451
CAGTAACGTCTTGCGG-1-5-L,71.90597349
CAGTCCTGTTCTCATT-1-5-L,86.65609602
CAGTCCTTCAGTTGAC-1-5-L,92.18148973
CAGTCCTTCCGTCAAA-1-5-L,67.9367926
CATATGGAGGCGATAC-1-5-L,73.75027356
CATATGGCAATGTTGC-1-5-L,69.09053996
CATATGGTCGTCCAGG-1-5-L,47.89706468
CATATTCAGATGGGTC-1-5-L,73.87565448
CATATTCGTAGCGCTC-1-5-L,67.19785413
CATATTCGTCATATGC-1-5-L,67.00098929
CATCAGAGTCCTGCTT-1-5-L,69.09053996
CATCAGAGTCTCTTTA-1-5-L,83.14243683
CATCCACAGGACACCA-1-5-L,15.14149687
CATCGAAAGGTGGGTT-1-5-L,69.04154812
CATCGAACATTGCGGC-1-5-L,76.05387104
CATCGAAGTGGTCCGT-1-5-L,95.71885797
CATCGAAGTTACGGAG-1-5-L,88.62689804
CATCGGGAGGACTGGT-1-5-L,69.2900005
CATCGGGGTGAAAGAG-1-5-L,59.25514362
CATGACAAGCAACGGT-1-5-L,72.90845815
CATGACACAACACCCG-1-5-L,66.81263453
CATGACAGTTTGGCGC-1-5-L,45.97057327
CATGCCTCATCCAACA-1-5-L,71.97609993
CATGGCGAGCACCGTC-1-5-L,69.21704025
CATGGCGCATCGTCGG-1-5-L,66.19487638
CATGGCGTCGGATGTT-1-5-L,78.10853045
CATGGCGTCTATCGCC-1-5-L,71.27937939
CATTATCTCAAGGTAA-1-5-L,23.22073668
CATTCGCCAAGTCATC-1-5-L,78.57214942
CATTCGCGTCAACTGT-1-5-L,82.59652134
CATTCGCGTTGTGGAG-1-5-L,93.70403916
CATTCGCTCGTGGTCG-1-5-L,79.71229864
CATTCGCTCTTCTGGC-1-5-L,67.9185668
CCAATCCAGTAGATGT-1-5-L,75.33557501
CCAATCCCAATCACAC-1-5-L,76.73903742
CCAATCCTCCACGCAG-1-5-L,92.69355927
CCACCTAGTTAGTGGG-1-5-L,80.93838803
CCACGGAAGACTAGGC-1-5-L,71.75777205
CCACGGAAGTAAGTAC-1-5-L,65.03119414
CCACTACGTCCTGCTT-1-5-L,85.78465083
CCAGCGAGTATGGTTC-1-5-L,69.67960179
CCATGTCGTAATCGTC-1-5-L,70.02834923
CCATGTCGTTTGCATG-1-5-L,82.69155854
CCATTCGGTCTCACCT-1-5-L,77.46116379
CCCAATCAGCGACGTA-1-5-L,77.66933624
CCCAATCAGCTCCTCT-1-5-L,69.09053996
CCCAATCGTAATAGCA-1-5-L,80.42836177
CCCAATCGTCATATCG-1-5-L,71.88081725
CCCAGTTGTATCGCAT-1-5-L,73.4574781
CCCATACTCACCGGGT-1-5-L,74.80721599
CCCTCCTAGGGTCGAT-1-5-L,77.42517813
CCCTCCTCATATACCG-1-5-L,78.49620966
CCCTCCTGTCACCTAA-1-5-L,76.81154847
CCGGGATCATCTACGA-1-5-L,68.53131297
CCGGTAGGTACCCAAT-1-5-L,75.71787125
CCGGTAGTCACCAGGC-1-5-L,55.80938211
CCGGTAGTCAGTGTTG-1-5-L,63.4727715
CCGGTAGTCCGTCAAA-1-5-L,63.29490976
CCGTACTCAAACCTAC-1-5-L,61.89858996
CCGTGGAAGTCGATAA-1-5-L,77.2062362
CCGTGGATCGACAGCC-1-5-L,93.00650507
CCGTTCAAGAGATGAG-1-5-L,78.11967415
CCGTTCACAATTGCTG-1-5-L,4.980212564
CCTAAAGCAGCCAATT-1-5-L,72.70297395
CCTAAAGCATGTAGTC-1-5-L,72.7909431
CCTACACCAAAGAATC-1-5-L,86.51091024
CCTACCAAGCAGGCTA-1-5-L,70.49368218
CCTACCAGTTCCACGG-1-5-L,81.99693933
CCTACCATCACGCGGT-1-5-L,70.29306455
CCTAGCTCAGCTTAAC-1-5-L,73.33363537
CCTAGCTGTGGTCTCG-1-5-L,76.25368846
CCTAGCTTCAGTTAGC-1-5-L,73.4574781
CCTAGCTTCTGAGGGA-1-5-L,70.5678461
CCTATTATCGTGGTCG-1-5-L,81.506453
CCTATTATCTTGCATT-1-5-L,61.95249376
CCTCAGTAGAAGCCCA-1-5-L,73.4574781
CCTCAGTCAATGGAAT-1-5-L,72.36348707
CCTCTGAGTACAGTGG-1-5-L,52.44261605
CCTCTGATCGTCACGG-1-5-L,72.51916292
CCTTACGAGATCCCGC-1-5-L,74.57295494
CCTTACGAGGAATCGC-1-5-L,75.29510708
CCTTACGCACGGCCAT-1-5-L,77.36220887
CCTTCGAGTAGGCATG-1-5-L,46.61432179
CCTTCGATCCAGTAGT-1-5-L,66.95951751
CCTTTCTTCGCGCCAA-1-5-L,84.2413824
CGAACATCACAGTCGC-1-5-L,77.7724349
CGAACATTCCGGCACA-1-5-L,71.85667053
CGAATGTAGATATACG-1-5-L,72.66466545
CGAATGTAGCCACGCT-1-5-L,62.37758931
CGAATGTAGGAGTACC-1-5-L,83.71038056
CGACCTTAGTGACTCT-1-5-L,73.09055977
CGACCTTGTAAGAGGA-1-5-L,91.34746991
CGACTTCAGACACGAC-1-5-L,70.67188393
CGACTTCCATTCGACA-1-5-L,78.95930115
CGAGAAGGTAGCGCTC-1-5-L,81.49587523
CGAGAAGTCGCCAGCA-1-5-L,71.60830319
CGAGCACAGCTGAAAT-1-5-L,48.22057123
CGAGCACAGTGTGGCA-1-5-L,64.41188445
CGAGCACTCTACTTAC-1-5-L,72.34258162
CGAGCCATCATAGCAC-1-5-L,75.42553956
CGATCGGTCCACGTGG-1-5-L,54.95216246
CGATGGCAGCGCTTAT-1-5-L,76.03614084
CGATGGCTCGACAGCC-1-5-L,76.44264545
CGATTGAAGGTCATCT-1-5-L,81.48639762
CGATTGATCGGTCCGA-1-5-L,91.10206903
CGCCAAGAGAAGCCCA-1-5-L,69.09053996
CGCGGTAAGATGTGTA-1-5-L,68.74545298
CGCGGTACACCGTTGG-1-5-L,79.51703058
CGCGTTTCACCTGGTG-1-5-L,76.61376256
CGCGTTTCAGTCGTGC-1-5-L,76.52250292
CGCGTTTGTATTAGCC-1-5-L,97.85795822
CGCGTTTGTTTGTTGG-1-5-L,87.05752322
CGCGTTTTCAACACAC-1-5-L,85.15325489
CGCGTTTTCGGCGCAT-1-5-L,92.00785041
CGCGTTTTCTGCGTAA-1-5-L,73.33932649
CGCTATCAGGCTCAGA-1-5-L,88.52195413
CGCTATCAGTTAAGTG-1-5-L,74.38343669
CGCTATCCACCGAAAG-1-5-L,69.06563507
CGCTATCCAGGATCGA-1-5-L,59.20130719
CGCTATCGTTACTGAC-1-5-L,61.91969959
CGCTATCGTTCCGGCA-1-5-L,41.12875615
CGCTGGACAGGATTGG-1-5-L,80.35232673
CGCTGGAGTGAGCGAT-1-5-L,57.54615216
CGCTGGATCACTGGGC-1-5-L,77.85035998
CGCTTCACATACCATG-1-5-L,1.769570258
CGCTTCATCAACCATG-1-5-L,80.07314125
CGGACACTCAACACTG-1-5-L,69.12110676
CGGACGTAGGCCGAAT-1-5-L,66.4874631
CGGACGTTCGATGAGG-1-5-L,58.15200375
CGGAGCTCATCAGTCA-1-5-L,71.4248009
CGGAGCTGTCCAACTA-1-5-L,73.97802097
CGGAGTCAGACAGACC-1-5-L,81.63481224
CGGAGTCAGGGTTCCC-1-5-L,75.36890399
CGGCTAGTCGGCGGTT-1-5-L,90.42595951
CGGTTAAAGGCTACGA-1-5-L,68.49270315
CGTAGCGGTGCATCTA-1-5-L,61.55488474
CGTAGCGTCTGTCTCG-1-5-L,68.93359604
CGTCACTAGGCGACAT-1-5-L,52.83491327
CGTCAGGCACACTGCG-1-5-L,83.05333428
CGTCCATAGACTTGAA-1-5-L,76.40799183
CGTCCATAGGATGGTC-1-5-L,79.43567016
CGTCCATCAAGCCGCT-1-5-L,76.78132133
CGTCCATGTTTGGCGC-1-5-L,65.29083392
CGTCCATTCAACTCTT-1-5-L,90.27593789
CGTCTACCAGCGTTCG-1-5-L,73.06731617
CGTGAGCAGTTAAGTG-1-5-L,77.36424791
CGTGAGCTCCGCAGTG-1-5-L,72.90845815
CGTGTCTGTAGATTAG-1-5-L,63.62731249
CGTGTCTTCACAAACC-1-5-L,69.80947818
CGTTAGAAGCCCGAAA-1-5-L,57.16876535
CGTTAGAGTTGGTTTG-1-5-L,12.7114724
CGTTCTGAGCCAGGAT-1-5-L,73.44924478
CGTTCTGAGTCAAGGC-1-5-L,72.64422742
CGTTCTGCACCGTTGG-1-5-L,66.7665508
CGTTCTGGTTACGGAG-1-5-L,97.85795822
CGTTGGGAGGCAGGTT-1-5-L,63.37119079
CTAAGACGTACATGTC-1-5-L,92.5742698
CTAAGACTCATGTGGT-1-5-L,76.38796121
CTACACCCATTACCTT-1-5-L,72.64837576
CTACATTCATTACCTT-1-5-L,70.74328305
CTACCCAAGGCCGAAT-1-5-L,71.08068393
CTACCCATCCTTAATC-1-5-L,41.67627963
CTACGTCAGCTAACTC-1-5-L,71.44563856
CTACGTCGTATGGTTC-1-5-L,73.4574781
CTACGTCTCTACCAGA-1-5-L,74.57295494
CTACGTCTCTCTAGGA-1-5-L,89.87850506
CTAGAGTGTATCTGCA-1-5-L,79.23204153
CTAGCCTCAGTCAGAG-1-5-L,69.96624788
CTAGCCTTCTCATTCA-1-5-L,71.82100951
CTCACACTCACGATGT-1-5-L,83.15857777
CTCAGAATCAAGAAGT-1-5-L,58.15200375
CTCCTAGAGCATCATC-1-5-L,70.13143917
CTCCTAGGTCCAGTGC-1-5-L,74.57295494
CTCGAAAGTATGCTTG-1-5-L,70.38197345
CTCGAAAGTTCGGCAC-1-5-L,63.92178527
CTCGAAAGTTGGTGGA-1-5-L,72.2634182
CTCGAAATCCTCATTA-1-5-L,74.01193045
CTCGAAATCGTAGGAG-1-5-L,87.06124342
CTCGAGGTCTTCGGTC-1-5-L,74.62474121
CTCGGAGTCAACACTG-1-5-L,88.86244355
CTCGGGAAGTAGGTGC-1-5-L,70.81708621
CTCGTACTCATAAAGG-1-5-L,72.90845815
CTCGTACTCATCATTC-1-5-L,74.42877787
CTCGTACTCCTTTCGG-1-5-L,66.81263453
CTCGTCAAGTCCTCCT-1-5-L,76.47305807
CTCGTCACAGCGTAAG-1-5-L,74.72011618
CTCGTCAGTTAAGGGC-1-5-L,65.20428157
CTCTGGTAGAAAGTGG-1-5-L,69.43643003
CTGAAACAGTACGACG-1-5-L,72.46383862
CTGAAGTAGAGACTAT-1-5-L,71.00320135
CTGAAGTAGATATGCA-1-5-L,23.6261171
CTGAAGTTCTACTTAC-1-5-L,65.63056659
CTGATAGAGCCACGTC-1-5-L,52.76175545
CTGATAGCAGACGCCT-1-5-L,70.00082802
CTGATCCAGTGTTGAA-1-5-L,88.61372425
CTGATCCCAGGCTCAC-1-5-L,61.47432615
CTGATCCGTCTCATCC-1-5-L,69.46193576
CTGCCTAAGTGGTCCC-1-5-L,82.58996916
CTGCCTACATTGAGCT-1-5-L,87.03079331
CTGCCTAGTGCTGTAT-1-5-L,81.57128089
CTGCGGAGTACATGTC-1-5-L,78.47879545
CTGCTGTCATCATCCC-1-5-L,67.96549278
CTGCTGTTCCGCAAGC-1-5-L,57.51192123
CTGGTCTCAGCCAATT-1-5-L,76.13854196
CTGGTCTGTTCAGCGC-1-5-L,56.74290996
CTGTGCTAGTAGCGGT-1-5-L,73.03404748
CTGTGCTCAGCTTAAC-1-5-L,70.73697949
CTGTTTAAGCACAGGT-1-5-L,91.05358316
CTGTTTAAGGCGACAT-1-5-L,78.61626939
CTTAACTCAGGTCGTC-1-5-L,61.95249376
CTTAACTGTAAGTTCC-1-5-L,80.55151024
CTTACCGAGCGGCTTC-1-5-L,48.37021159
CTTACCGCACGAAACG-1-5-L,68.53131297
CTTAGGAAGCGTAGTG-1-5-L,75.98975829
CTTAGGACAGCTTAAC-1-5-L,79.00552097
CTTAGGACATACTACG-1-5-L,89.57562896
CTTCTCTAGTAGCGGT-1-5-L,73.89195598
CTTCTCTTCCACGTGG-1-5-L,70.10095572
CTTGGCTTCAAAGTAG-1-5-L,71.82100951
CTTGGCTTCAACACGT-1-5-L,65.5246353
GAAACTCAGAGCTGGT-1-5-L,72.90845815
GAAACTCCATTGGGCC-1-5-L,73.48150794
GAAACTCTCACAACGT-1-5-L,27.86416863
GAAATGAGTTAAAGAC-1-5-L,72.40100922
GAAATGATCGAGGTAG-1-5-L,68.95266689
GAACATCGTAACGCGA-1-5-L,86.61855273
GAACATCGTATCACCA-1-5-L,50.45318058
GAACCTAGTTGGAGGT-1-5-L,63.88579306
GAACGGATCTGAGTGT-1-5-L,81.00767405
GAAGCAGGTACTTAGC-1-5-L,55.90164568
GAATAAGTCGTTACGA-1-5-L,77.63860435
GACACGCAGAGTGACC-1-5-L,55.23089616
GACAGAGCATCTATGG-1-5-L,85.11219264
GACAGAGGTTCAGGCC-1-5-L,72.21376718
GACCAATAGGGCTTGA-1-5-L,71.82100951
GACCAATAGTGGGCTA-1-5-L,72.83102636
GACCAATCAGATGGCA-1-5-L,68.44993369
GACCAATGTTCTGGTA-1-5-L,82.67195018
GACCTGGGTCTCACCT-1-5-L,49.81432084
GACCTGGGTTACGCGC-1-5-L,87.27162137
GACCTGGTCCCAAGTA-1-5-L,80.07217864
GACGCGTTCATACGGT-1-5-L,78.7217043
GACGCGTTCCGTACAA-1-5-L,61.3251815
GACGGCTGTAGGACAC-1-5-L,80.13782152
GACGTGCCATCACCCT-1-5-L,74.11525579
GACGTGCCATGTTGAC-1-5-L,82.0285397
GACGTGCGTGTGACGA-1-5-L,48.9920431
GACGTTAGTGCCTGCA-1-5-L,68.53131297
GACGTTATCTATCCTA-1-5-L,88.21145059
GACTAACGTACACCGC-1-5-L,13.44192939
GACTAACTCGACAGCC-1-5-L,77.95918547
GACTACAGTAAGCACG-1-5-L,75.18750979
GACTACAGTTGAACTC-1-5-L,70.5008198
GACTACATCTTTACGT-1-5-L,58.21926908
GACTGCGAGCTAAGAT-1-5-L,79.05904804
GACTGCGAGCTGCCCA-1-5-L,73.31209517
GACTGCGGTACCGCTG-1-5-L,71.59742757
GACTGCGGTATAGGGC-1-5-L,56.59690319
GACTGCGGTATGAATG-1-5-L,70.73697949
GACTGCGGTCAAAGCG-1-5-L,70.54181592
GACTGCGGTCCAAGTT-1-5-L,74.01193045
GAGCAGAGTATATGGA-1-5-L,74.07631154
GAGGTGATCAGGCCCA-1-5-L,70.73697949
GAGGTGATCCAGAGGA-1-5-L,82.10557691
GAGTCCGAGCGATTCT-1-5-L,70.73697949
GAGTCCGCAACTGGCC-1-5-L,81.96219671
GATCGCGCACAGACAG-1-5-L,73.41930333
GATCGTACAGCTCCGA-1-5-L,74.54136639
GATCTAGAGTCCGTAT-1-5-L,81.49040193
GATCTAGGTAGTGAAT-1-5-L,70.40964468
GATGAAAAGCTAGTGG-1-5-L,86.39682028
GATGAAAGTTCAGGCC-1-5-L,68.41809724
GATGCTACAGCTGTAT-1-5-L,72.92521906
GATTCAGAGCGCCTCA-1-5-L,70.60505845
GATTCAGGTCCAACTA-1-5-L,55.67288323
GATTCAGGTGATGCCC-1-5-L,37.98138592
GCAATCACACAGTCGC-1-5-L,46.61432179
GCACATAAGAAGGTGA-1-5-L,46.94943507
GCACTCTCACTTAAGC-1-5-L,56.46671637
GCACTCTCATCTATGG-1-5-L,88.61426189
GCAGCCATCATGCAAC-1-5-L,69.09053996
GCAGTTACACGGATAG-1-5-L,69.39447724
GCATACAAGTCAAGGC-1-5-L,60.02440939
GCATACATCGACCAGC-1-5-L,71.94752876
GCATGATCATGCATGT-1-5-L,75.8336916
GCATGATGTCCGAGTC-1-5-L,1.365471516
GCATGCGAGCCCAATT-1-5-L,70.74457397
GCATGCGCAGGATCGA-1-5-L,46.53988111
GCATGCGCAGTATAAG-1-5-L,70.87246116
GCATGTACAGCTGTAT-1-5-L,87.07070082
GCATGTAGTCCTCCAT-1-5-L,81.27636965
GCCAAATGTCGAATCT-1-5-L,78.49287266
GCCTCTATCGTTGACA-1-5-L,77.97305051
GCGACCAGTAACGTTC-1-5-L,74.32207916
GCGACCAGTGACAAAT-1-5-L,68.71790828
GCGAGAAAGAGATGAG-1-5-L,70.95868516
GCGAGAAAGTACATGA-1-5-L,63.91265243
GCGAGAAAGTCGTTTG-1-5-L,68.01144953
GCGCAGTTCTCAAACG-1-5-L,74.69735011
GCGCCAAAGACTAGAT-1-5-L,71.01592381
GCGCCAACAAGCCCAC-1-5-L,90.40223958
GCGCCAAGTGGTGTAG-1-5-L,84.37376358
GCGCCAATCATGTAGC-1-5-L,82.95704334
GCGCGATTCCGTCATC-1-5-L,81.55870126
GCTCCTACACGGCTAC-1-5-L,30.4686009
GCTCCTAGTCAAAGCG-1-5-L,74.24144364
GCTCCTATCGTCCAGG-1-5-L,79.4543311
GCTCTGTCAATACGCT-1-5-L,80.56931796
GCTCTGTCACTCAGGC-1-5-L,72.36348707
GCTCTGTCATACTACG-1-5-L,67.39811536
GCTCTGTTCTGGTGTA-1-5-L,47.25640181
GCTGCAGGTATCAGTC-1-5-L,91.62171604
GCTGCAGTCTGAGGGA-1-5-L,86.60107679
GCTGCGAGTTCCACGG-1-5-L,71.54327733
GCTGCGATCATAGCAC-1-5-L,86.34762319
GCTGCGATCCACGTTC-1-5-L,92.2545255
GCTGCGATCTACCAGA-1-5-L,63.13678232
GCTGCTTGTAATAGCA-1-5-L,70.73697949
GCTGCTTTCAGAGACG-1-5-L,80.51655507
GCTGCTTTCCGTCAAA-1-5-L,73.4574781
GCTGCTTTCCTATTCA-1-5-L,78.16420885
GCTGCTTTCGCCAGCA-1-5-L,74.57295494
GCTGGGTCAAACGCGA-1-5-L,81.97038069
GCTTGAACATGGTCAT-1-5-L,65.0480104
GGAAAGCGTATATGAG-1-5-L,76.31393741
GGAATAATCCGCGGTA-1-5-L,86.71246313
GGACAAGCACAGGAGT-1-5-L,76.64616664
GGACAAGCAGTGACAG-1-5-L,91.22553391
GGACAAGGTCTTCTCG-1-5-L,70.53207365
GGACAAGGTGACTCAT-1-5-L,79.59231657
GGACAGAGTCGTGGCT-1-5-L,47.03749328
GGACAGATCATGCAAC-1-5-L,67.39265559
GGACATTTCATTTGGG-1-5-L,72.42616074
GGACGTCGTTCCTCCA-1-5-L,56.54608662
GGACGTCTCAAAGACA-1-5-L,67.96549278
GGACGTCTCCACGCAG-1-5-L,84.96504342
GGAGCAAAGGCACATG-1-5-L,75.35703495
GGAGCAATCATCTGCC-1-5-L,74.01193045
GGAGCAATCATCTGTT-1-5-L,78.15923668
GGATGTTCATTAGGCT-1-5-L,80.12338273
GGATGTTTCTTGCATT-1-5-L,85.80787201
GGATTACAGGCATTGG-1-5-L,85.49641079
GGATTACCAAGTTGTC-1-5-L,82.08831566
GGCAATTAGCCAGAAC-1-5-L,67.47062107
GGCAATTCACATCTTT-1-5-L,88.62121148
GGCAATTGTCATCCCT-1-5-L,69.85289981
GGCAATTTCTGATACG-1-5-L,73.25044334
GGCCGATAGAAGCCCA-1-5-L,65.81228064
GGCCGATAGTATTGGA-1-5-L,45.35852644
GGCCGATCATTACCTT-1-5-L,85.27885796
GGCGACTAGGTGATTA-1-5-L,76.49343388
GGCGACTCACCATCCT-1-5-L,73.18546332
GGCGTGTTCCCAACGG-1-5-L,96.29656603
GGCGTGTTCGGCTACG-1-5-L,49.6143771
GGCTGGTAGTGCCAGA-1-5-L,76.30273616
GGCTGGTGTCACCCAG-1-5-L,74.57295494
GGGAATGTCAACTCTT-1-5-L,72.90845815
GGGACCTGTACCGAGA-1-5-L,72.90845815
GGGACCTTCTGCCAGG-1-5-L,55.4091095
GGGAGATAGCCGGTAA-1-5-L,71.82100951
GGGATGAAGTGGAGTC-1-5-L,19.38701017
GGGATGACACGGCCAT-1-5-L,59.84246904
GGGATGAGTTCACCTC-1-5-L,70.19227821
GGGCACTCACACATGT-1-5-L,76.28593763
GGGCACTCATTTCAGG-1-5-L,88.94952045
GGGCATCAGGTGATAT-1-5-L,67.55220202
GGGCATCCATTGGTAC-1-5-L,54.1336675
GGGCATCGTGCACCAC-1-5-L,74.71718615
GGGTCTGTCGCCTGAG-1-5-L,77.22941117
GGGTCTGTCGGTCTAA-1-5-L,5.681013716
GGGTTGCCATGCCTTC-1-5-L,75.94185301
GGGTTGCGTACATGTC-1-5-L,75.1414039
GGTATTGCATTCCTCG-1-5-L,80.18548417
GGTATTGGTGGTAACG-1-5-L,67.39265559
GGTGAAGGTAGAGGAA-1-5-L,29.91452353
GGTGAAGTCCTTCAAT-1-5-L,58.15200375
GGTGAAGTCTGGTGTA-1-5-L,78.81203013
GGTGCGTAGCTCAACT-1-5-L,97.47646335
GGTGCGTAGGCTAGCA-1-5-L,74.99973071
GGTGCGTAGTGTTGAA-1-5-L,87.20539895
GGTGCGTTCATCATTC-1-5-L,74.57295494
GGTGTTAAGGACTGGT-1-5-L,46.13606202
GTAACGTAGCTCCTCT-1-5-L,66.81263453
GTAACTGAGTGTGAAT-1-5-L,71.99970857
GTAACTGAGTGTTAGA-1-5-L,85.95987653
GTAACTGGTAACGACG-1-5-L,60.06236853
GTAACTGTCTGAGTGT-1-5-L,79.23015076
GTACGTAAGCAATCTC-1-5-L,89.62326881
GTACTCCAGAGGGCTT-1-5-L,75.19953287
GTACTTTTCCGTCAAA-1-5-L,62.30222812
GTACTTTTCTCGTATT-1-5-L,73.4574781
GTAGGCCAGCCGTCGT-1-5-L,68.77721972
GTAGGCCGTTAGGGTG-1-5-L,69.09053996
GTAGTCATCTAACGGT-1-5-L,70.20068525
GTATCTTAGATACACA-1-5-L,7.02473554
GTATCTTCACGCTTTC-1-5-L,86.57246601
GTATTCTAGTCCGTAT-1-5-L,69.09053996
GTATTCTTCTGAAAGA-1-5-L,72.47263789
GTCAAGTAGACGCACA-1-5-L,82.19120467
GTCACAATCGACGGAA-1-5-L,61.86330238
GTCATTTCAATCTACG-1-5-L,75.13665988
GTCATTTGTTGAGTTC-1-5-L,64.18270262
GTCCTCACAGATCTGT-1-5-L,67.90446463
GTCCTCACATGCATGT-1-5-L,72.63807987
GTCCTCACATGTTGAC-1-5-L,75.56032463
GTCCTCAGTTCCCGAG-1-5-L,82.96096689
GTCGGGTGTAGAGCTG-1-5-L,72.90845815
GTCGTAAGTCCCTACT-1-5-L,46.61432179
GTCGTAATCTTCTGGC-1-5-L,83.92805184
GTCGTAATCTTGGGTA-1-5-L,76.24396641
GTCTTCGAGTGGGCTA-1-5-L,74.36033145
GTCTTCGCAAGTTGTC-1-5-L,70.12075361
GTCTTCGCACCATCCT-1-5-L,73.01196178
GTCTTCGCAGGTCTCG-1-5-L,69.64386964
GTCTTCGTCACCCTCA-1-5-L,63.19705451
GTCTTCGTCGAATGCT-1-5-L,72.36348707
GTGCAGCAGAATGTGT-1-5-L,71.27937939
GTGCAGCAGTTAGGTA-1-5-L,67.96549278
GTGCAGCGTACCGTAT-1-5-L,48.20179148
GTGCAGCGTTGGTAAA-1-5-L,73.4574781
GTGCATAGTTGATTGC-1-5-L,5.55868804
GTGCATATCTCACATT-1-5-L,72.90845815
GTGCTTCGTGAGGCTA-1-5-L,70.68678647
GTGCTTCTCACCTTAT-1-5-L,95.71773187
GTGCTTCTCCACGTTC-1-5-L,69.64386964
GTGGGTCAGTGGTAAT-1-5-L,91.84277351
GTGTGCGGTTGAACTC-1-5-L,72.41584724
GTGTTAGCATCGGGTC-1-5-L,48.53666175
GTGTTAGCATTAGCCA-1-5-L,59.12209978
GTGTTAGTCAGCTCGG-1-5-L,66.47415464
GTGTTAGTCGGAGCAA-1-5-L,70.60367658
GTTAAGCCATTGGGCC-1-5-L,67.90610051
GTTACAGAGACTCGGA-1-5-L,76.65668172
GTTACAGCAAAGTCAA-1-5-L,72.34758063
GTTCATTAGCGATTCT-1-5-L,61.3251815
GTTCATTCAAAGCAAT-1-5-L,74.43279297
GTTCATTCATTCCTGC-1-5-L,84.75025805
GTTCATTTCTTGTCAT-1-5-L,84.97442653
GTTCGGGGTAGGCATG-1-5-L,66.70164425
GTTCTCGGTGTGACGA-1-5-L,71.23049094
GTTCTCGTCCCATTAT-1-5-L,74.42812527
GTTCTCGTCTTAGAGC-1-5-L,82.47712203
TAAACCGGTACCGGCT-1-5-L,19.28932439
TAAGAGAAGGAGTTGC-1-5-L,75.47356363
TAAGAGACACAGAGGT-1-5-L,70.73697949
TAAGAGACACCCTATC-1-5-L,80.58461275
TAAGCGTTCTTATCTG-1-5-L,71.95891742
TAAGTGCAGCTTTGGT-1-5-L,95.87258623
TAAGTGCCAAGGCTCC-1-5-L,70.19227821
TAAGTGCTCTTCTGGC-1-5-L,86.29488826
TACACGACATCCAACA-1-5-L,51.49030521
TACACGAGTATTCTCT-1-5-L,70.19227821
TACACGAGTTCCACTC-1-5-L,38.95569269
TACAGTGTCACCCGAG-1-5-L,72.41430935
TACAGTGTCCAAAGTC-1-5-L,73.93376985
TACCTTAAGGTAAACT-1-5-L,85.13411556
TACCTTACAAATACAG-1-5-L,75.47031033
TACCTTACATTGCGGC-1-5-L,59.42747259
TACCTTATCCACGTGG-1-5-L,65.40119463
TACCTTATCTTGGGTA-1-5-L,70.36585569
TACGGATGTCCATGAT-1-5-L,75.56517664
TACGGGCCAAGTTCTG-1-5-L,63.81335315
TACGGGCGTTTGGCGC-1-5-L,71.09491103
TACGGTACAATGGATA-1-5-L,12.8997805
TACGGTACATTCACTT-1-5-L,69.64386964
TACGGTAGTGCATCTA-1-5-L,84.80519826
TACTCGCTCGATCCCT-1-5-L,66.08614747
TACTTACTCTTTACAC-1-5-L,79.37804154
TACTTGTCAGACAGGT-1-5-L,70.43865312
TAGACCAAGTTTCCTT-1-5-L,75.76730793
TAGACCACATTGAGCT-1-5-L,76.30273616
TAGAGCTTCGCTAGCG-1-5-L,69.64386964
TAGCCGGTCTACGAGT-1-5-L,19.27793809
TAGGCATAGAGTGAGA-1-5-L,60.04640083
TAGGCATGTCACACGC-1-5-L,80.63640312
TATCAGGAGCCGCCTA-1-5-L,77.29067148
TATCAGGCACGGTGTC-1-5-L,85.14592787
TATCAGGTCGTAGGAG-1-5-L,67.07870846
TATGCCCAGCCACTAT-1-5-L,76.71889859
TATGCCCCACATAACC-1-5-L,70.04130641
TATGCCCCACATCTTT-1-5-L,52.53694208
TATGCCCCATTCCTGC-1-5-L,75.23778466
TATGCCCTCACAGGCC-1-5-L,84.33041118
TCAACGAAGGCGATAC-1-5-L,75.1414039
TCAACGAGTCAACATC-1-5-L,78.51153772
TCAACGATCTAGAGTC-1-5-L,73.50207472
TCAATCTAGAAGCCCA-1-5-L,59.58026788
TCACAAGCAGGTGCCT-1-5-L,77.56343685
TCACAAGTCCGATATG-1-5-L,11.76420757
TCACGAAAGAGATGAG-1-5-L,63.56531511
TCACGAATCTTTCCTC-1-5-L,85.31549126
TCAGATGAGAACAATC-1-5-L,71.41008982
TCAGATGTCAACTCTT-1-5-L,5.786410094
TCAGATGTCCCACTTG-1-5-L,87.96917188
TCAGCAACAACTGCTA-1-5-L,69.10689305
TCAGCAAGTCTGCAAT-1-5-L,72.36265037
TCAGCAAGTCTTTCAT-1-5-L,74.08518715
TCAGCAATCACAATGC-1-5-L,88.37485428
TCAGCAATCGGATGGA-1-5-L,16.06077914
TCAGCTCAGATGGGTC-1-5-L,86.10490844
TCAGGATCACAGGAGT-1-5-L,84.42435823
TCAGGTACATAAGACA-1-5-L,39.67786675
TCAGGTAGTGAGGGTT-1-5-L,63.66347108
TCATTACAGATGCCTT-1-5-L,50.45318058
TCATTACGTGGCCCTA-1-5-L,90.27551295
TCATTACTCTTGTTTG-1-5-L,68.35173403
TCCACACAGGTGCTTT-1-5-L,73.24216426
TCCACACGTCGGATCC-1-5-L,51.5163813
TCCACACGTTAGATGA-1-5-L,86.3248604
TCGAGGCTCAAACCAC-1-5-L,74.77390911
TCGCGTTAGAATTGTG-1-5-L,58.15200375
TCGCGTTTCGTCTGAA-1-5-L,14.09286949
TCGGGACAGCCACGTC-1-5-L,76.04640066
TCGGGACCAAGCGTAG-1-5-L,49.17560645
TCGGGACCAGCATGAG-1-5-L,76.94716883
TCGGGACCATACGCTA-1-5-L,81.48669487
TCGGTAAGTAAGAGAG-1-5-L,68.64821971
TCGGTAAGTTCCATGA-1-5-L,76.71401912
TCGGTAATCAGCCTAA-1-5-L,73.74409306
TCGGTAATCCTTTCTC-1-5-L,58.64004881
TCGTACCAGTTAACGA-1-5-L,74.54828985
TCGTACCGTGTTTGGT-1-5-L,69.64386964
TCGTAGAGTCTAGGTT-1-5-L,49.2667762
TCGTAGAGTGCTAGCC-1-5-L,79.08222294
TCGTAGAGTTTGTTTC-1-5-L,78.38091334
TCGTAGATCGCCAGCA-1-5-L,75.3888379
TCTATTGAGAGTAATC-1-5-L,66.3706421
TCTATTGCACAACTGT-1-5-L,76.38190033
TCTATTGCACCAGATT-1-5-L,69.7149964
TCTATTGTCTGAGTGT-1-5-L,66.71569936
TCTCTAATCGAGAGCA-1-5-L,60.97472277
TCTGGAAAGTGGACGT-1-5-L,82.18270591
TCTGGAAAGTGTTTGC-1-5-L,68.37354734
TCTGGAAGTCAATACC-1-5-L,76.79072276
TCTTCGGGTGCTAGCC-1-5-L,76.14332762
TCTTTCCTCCTAAGTG-1-5-L,74.01193045
TCTTTCCTCTCAACTT-1-5-L,72.68978486
TGAAAGACAGCCAGAA-1-5-L,72.51115031
TGACGGCCACTGTCGG-1-5-L,74.01193045
TGACGGCTCGAATCCA-1-5-L,69.71287104
TGACTAGAGACTGGGT-1-5-L,73.32235209
TGACTAGAGATGTGGC-1-5-L,12.13727605
TGACTTTCATTTGCTT-1-5-L,83.7000293
TGACTTTGTCGCGGTT-1-5-L,78.43979257
TGACTTTGTGCTGTAT-1-5-L,75.46412472
TGACTTTTCAGTCAGT-1-5-L,79.29265504
TGAGAGGAGATAGTCA-1-5-L,58.79060497
TGAGCATCACGCATCG-1-5-L,62.19401917
TGAGCCGCAAACGCGA-1-5-L,45.55756805
TGAGCCGCAAGTTCTG-1-5-L,72.60793549
TGAGCCGGTCCCTACT-1-5-L,49.81432084
TGAGCCGTCCTCAATT-1-5-L,75.37831678
TGAGGGAAGTAAGTAC-1-5-L,58.47965638
TGAGGGATCATCTGCC-1-5-L,67.85020756
TGAGGGATCTGCAGTA-1-5-L,71.93893884
TGATTTCGTTAAAGAC-1-5-L,69.28327884
TGCACCTGTGTCTGAT-1-5-L,77.76471157
TGCACCTTCAAACAAG-1-5-L,76.74846961
TGCACCTTCATAACCG-1-5-L,79.38598092
TGCCAAACACTTAAGC-1-5-L,83.71704938
TGCCAAAGTAAATACG-1-5-L,60.80417431
TGCCAAAGTGAGGGAG-1-5-L,81.99658548
TGCCAAAGTGCCTGCA-1-5-L,71.82100951
TGCCAAAGTTAAGACA-1-5-L,65.07328901
TGCCCATAGATCTGCT-1-5-L,82.53245485
TGCCCATGTAAACACA-1-5-L,78.40018274
TGCCCATTCTCTAGGA-1-5-L,76.77139558
TGCGCAGCAGACTCGC-1-5-L,62.57659658
TGCGCAGTCACAGTAC-1-5-L,58.15200375
TGCGTGGCACCAACCG-1-5-L,73.93377722
TGCGTGGGTCGCATAT-1-5-L,80.07021032
TGCGTGGGTCTTGTCC-1-5-L,69.55858896
TGCTACCAGCACCGCT-1-5-L,74.25177879
TGCTACCTCCCGGATG-1-5-L,83.44038283
TGCTACCTCGAGAGCA-1-5-L,72.30750145
TGCTACCTCGCTTAGA-1-5-L,66.47146562
TGCTACCTCTGTCTAT-1-5-L,84.88994352
TGCTGCTTCCGAATGT-1-5-L,71.55126865
TGCTGCTTCCTCCTAG-1-5-L,85.04202364
TGGACGCCAATGACCT-1-5-L,78.71615089
TGGACGCGTAAATACG-1-5-L,78.74344641
TGGACGCTCCCACTTG-1-5-L,79.38572992
TGGCGCATCGTAGATC-1-5-L,82.01074212
TGGGAAGAGCCAGTAG-1-5-L,89.45415556
TGGGCGTTCCTTTCTC-1-5-L,65.28007374
TGGGCGTTCGGTCTAA-1-5-L,68.53131297
TGGTTAGGTCTTCAAG-1-5-L,73.76379998
TGGTTAGGTGTTTGTG-1-5-L,70.73697949
TGGTTCCCAATGACCT-1-5-L,82.58996916
TGGTTCCCATCCGGGT-1-5-L,68.64198037
TGTATTCCATAGACTC-1-5-L,83.6414335
TGTATTCCATTGGGCC-1-5-L,69.64386964
TGTATTCGTAGCGATG-1-5-L,78.33889578
TGTCCCATCTTGAGGT-1-5-L,72.90845815
TGTGGTACACCTTGTC-1-5-L,90.47661665
TGTGGTAGTCATTAGC-1-5-L,72.71286576
TGTGGTAGTGACTACT-1-5-L,73.95585459
TGTGGTAGTTCATGGT-1-5-L,78.54071588
TGTGGTATCAACGAAA-1-5-L,70.3811138
TGTGTTTAGATCCTGT-1-5-L,74.57295494
TGTGTTTGTAGCTAAA-1-5-L,86.94076469
TGTTCCGTCATTGCCC-1-5-L,67.79934846
TGTTCCGTCCTAGAAC-1-5-L,69.19319257
TTAGGACTCATGTGGT-1-5-L,67.96549278
TTAGGACTCCCAAGTA-1-5-L,68.91900799
TTAGGACTCCGCATAA-1-5-L,73.13025242
TTAGGCACAGTCTTCC-1-5-L,69.64386964
TTAGGCATCCCGGATG-1-5-L,64.32124985
TTAGGCATCGAATGCT-1-5-L,72.48729098
TTAGTTCAGCTGAAAT-1-5-L,74.01193045
TTCCCAGAGAGATGAG-1-5-L,71.27937939
TTCCCAGTCGTAGGAG-1-5-L,78.55311921
TTCCCAGTCTAACTCT-1-5-L,13.16510996
TTCGAAGAGCCACGTC-1-5-L,74.01193045
TTCGAAGCATTCTTAC-1-5-L,79.84366679
TTCGAAGGTGCAGGTA-1-5-L,57.51192123
TTCGAAGTCAGCTTAG-1-5-L,70.23127373
TTCGAAGTCGTCGTTC-1-5-L,87.90607178
TTCGAAGTCTACTCAT-1-5-L,56.22843004
TTCGGTCCAGGACCCT-1-5-L,78.18366472
TTCGGTCGTCTCCCTA-1-5-L,73.05933099
TTCTACAAGGTGCACA-1-5-L,73.4574781
TTCTACACAACTGCGC-1-5-L,70.16751675
TTCTACAGTTATCGGT-1-5-L,66.74889577
TTCTCAAAGGAGCGTT-1-5-L,72.36348707
TTCTCCTAGGTAGCCA-1-5-L,74.4333734
TTCTCCTCAACTGCGC-1-5-L,58.74571385
TTCTCCTTCGCCTGTT-1-5-L,75.71787125
TTCTTAGCACCAGATT-1-5-L,71.82100951
TTCTTAGTCAGTTTGG-1-5-L,78.64587568
TTCTTAGTCCGATATG-1-5-L,66.35747447
TTCTTAGTCGCAAACT-1-5-L,77.92778681
TTGAACGTCACTCCTG-1-5-L,92.70598312
TTGACTTAGACGACGT-1-5-L,44.02886379
TTGACTTTCATGGTCA-1-5-L,94.80797807
TTGACTTTCTGTCTCG-1-5-L,66.81263453
TTGCCGTAGAACTGTA-1-5-L,70.6047236
TTGCCGTAGTGGTAGC-1-5-L,74.27151242
TTGCCGTGTAATCGTC-1-5-L,84.28274904
TTGCGTCCAGACGTAG-1-5-L,76.15452581
TTGGAACGTAGCAAAT-1-5-L,77.52360495
TTGGCAAAGGCTAGGT-1-5-L,77.44776504
TTGTAGGAGCAATCTC-1-5-L,72.12632085
TTGTAGGCAGTAACGG-1-5-L,77.97024557
TTGTAGGCATCTATGG-1-5-L,78.55971421
TTGTAGGCATTGTGCA-1-5-L,72.09462441
TTGTAGGCATTTGCTT-1-5-L,72.26578746
TTGTAGGTCGTCTGAA-1-5-L,65.44530495
TTTACTGAGCGATATA-1-5-L,65.27506465
TTTACTGGTCAATGTC-1-5-L,12.56453531
TTTACTGTCTAAGCCA-1-5-L,79.58489034
TTTATGCCAAGTTAAG-1-5-L,68.03930139
TTTATGCTCCCAAGAT-1-5-L,69.64386964
TTTATGCTCGATAGAA-1-5-L,59.4816868
TTTCCTCAGCTTCGCG-1-5-L,70.58789852
TTTCCTCTCTCAAGTG-1-5-L,73.4574781
TTTGGTTTCTTCCTTC-1-5-L,77.21282016
TTTGTCACACAAGCCC-1-5-L,75.1414039
TTTGTCACACCTATCC-1-5-L,67.96549278
TTTGTCATCTTAACCT-1-5-L,78.30273653
