index,pattern,Fisher_score,number_subject, number_unique_cdr3, final_score,hla_score,vb_score,expansion_score,length_score,cluster_size_score,type,ulTcRb,TcRb,V,J,TcRa,Sample,Freq,HLA-A,HLA-B,HLA-C,HLA-DPA1,HLA-DPB1,HLA-DQA1,HLA-DQB1,HLA-DRB1,HLA-DRB3,HLA-DRB4,HLA-DRB5
1,SQDS,2.8e-16,3,16,1.0e-06,1.0e+00,1.6e-02,9.5e-01,7.7e-01,8.6e-05,motif-SQDS,CASSQdsvgAGhYEQYF,CASSQDSVGAGHYEQYF,TRBV3-1,TRBJ2-7,CAMRGFGGGGNKLTF,Donor AJKQ118:IEL TCRab CD8ab TRM,1.000000,-,-,-,-,-,-,-,-,-,-,-
1,SQDS,2.8e-16,3,16,1.0e-06,1.0e+00,1.6e-02,9.5e-01,7.7e-01,8.6e-05,motif-SQDS,CASSQdSGlpaNEQFF,CASSQDSGLPANEQFF,TRBV3-1,TRBJ2-1,CATDGSSYKLIF,Donor AJG2309:IEL TCRab CD8ab TRM,1.000000,-,-,-,-,-,-,-,-,-,-,-
1,SQDS,2.8e-16,3,16,1.0e-06,1.0e+00,1.6e-02,9.5e-01,7.7e-01,8.6e-05,motif-SQDS,CASSQdSGfYNEQFF,CASSQDSGFYNEQFF,TRBV4-3,TRBJ2-1,CAMREEISSGSARQLTF,Donor AJKQ118:PB TCRab CD8ab Naive/TCM,1.000000,-,-,-,-,-,-,-,-,-,-,-
1,SQDS,2.8e-16,3,16,1.0e-06,1.0e+00,1.6e-02,9.5e-01,7.7e-01,8.6e-05,motif-SQDS,CASSQdsSGaltYNEQFF,CASSQDSSGALTYNEQFF,TRBV4-2,TRBJ2-1,CAEKKPSNSGYALNF,Donor AJD3280:PB TCRab CD8ab Naive/TCM,1.000000,-,-,-,-,-,-,-,-,-,-,-
1,SQDS,2.8e-16,3,16,1.0e-06,1.0e+00,1.6e-02,9.5e-01,7.7e-01,8.6e-05,motif-SQDS,CASSQdsprsyGNTIYF,CASSQDSPRSYGNTIYF,TRBV4-1,TRBJ1-3,CALRNRDDKIIF,Donor AJD3280:L TCRab CD8ab TRM,1.000000,-,-,-,-,-,-,-,-,-,-,-
1,SQDS,2.8e-16,3,16,1.0e-06,1.0e+00,1.6e-02,9.5e-01,7.7e-01,8.6e-05,motif-SQDS,CASSQdspgvnEQYF,CASSQDSPGVNEQYF,TRBV4-3,TRBJ2-7,CAGHNTDKLIF,Donor AJG2309:IEL TCRab CD8ab TRM,1.000000,-,-,-,-,-,-,-,-,-,-,-
1,SQDS,2.8e-16,3,16,1.0e-06,1.0e+00,1.6e-02,9.5e-01,7.7e-01,8.6e-05,motif-SQDS,CAWSsqdSYNEQFF,CAWSSQDSYNEQFF,TRBV30,TRBJ2-1,CAHTGTASKLTF,Donor AJKQ118:PB TCRab CD8ab Naive/TCM,1.000000,-,-,-,-,-,-,-,-,-,-,-
1,SQDS,2.8e-16,3,16,1.0e-06,1.0e+00,1.6e-02,9.5e-01,7.7e-01,8.6e-05,motif-SQDS,CASSSqdspNYGYTF,CASSSQDSPNYGYTF,TRBV9,TRBJ1-2,CAVNNAGNMLTF,Donor AJD3280:L TCRab CD8ab TRM,1.000000,-,-,-,-,-,-,-,-,-,-,-
1,SQDS,2.8e-16,3,16,1.0e-06,1.0e+00,1.6e-02,9.5e-01,7.7e-01,8.6e-05,motif-SQDS,CASSQdSGGpvgyTQYF,CASSQDSGGPVGYTQYF,TRBV4-3,TRBJ2-3,CLVGGGTGFQKLVF,Donor AJD3280:PB TCRab CD8ab TEM,1.000000,-,-,-,-,-,-,-,-,-,-,-
1,SQDS,2.8e-16,3,16,1.0e-06,1.0e+00,1.6e-02,9.5e-01,7.7e-01,8.6e-05,motif-SQDS,CASSQdspEAFF,CASSQDSPEAFF,TRBV7-2,TRBJ1-1,CATDARWGKLIF,Donor AJG2309:IEL TCRab CD8ab TRM,2.000000,-,-,-,-,-,-,-,-,-,-,-
1,SQDS,2.8e-16,3,16,1.0e-06,1.0e+00,1.6e-02,9.5e-01,7.7e-01,8.6e-05,motif-SQDS,CASSQdSGksGYTF,CASSQDSGKSGYTF,TRBV14,TRBJ1-2,CAVPRDSNYQLIW,Donor AJD3280:IEL TCRab CD8ab TRM,1.000000,-,-,-,-,-,-,-,-,-,-,-
1,SQDS,2.8e-16,3,16,1.0e-06,1.0e+00,1.6e-02,9.5e-01,7.7e-01,8.6e-05,motif-SQDS,CASSQdSGtaYEQYF,CASSQDSGTAYEQYF,TRBV4-1,TRBJ2-7,CAANGYSSASKIIF,Donor AJG2309:IEL TCRab CD8ab TRM,1.000000,-,-,-,-,-,-,-,-,-,-,-
1,SQDS,2.8e-16,3,16,1.0e-06,1.0e+00,1.6e-02,9.5e-01,7.7e-01,8.6e-05,motif-SQDS,CASSQdSGtaYEQYF,CASSQDSGTAYEQYF,TRBV4-1,TRBJ2-7,CAANGYSSASKIIF,Donor AJG2309:LP TCRab CD8ab TRM,1.000000,-,-,-,-,-,-,-,-,-,-,-
1,SQDS,2.8e-16,3,16,1.0e-06,1.0e+00,1.6e-02,9.5e-01,7.7e-01,8.6e-05,motif-SQDS,CASSQdsnTDTQYF,CASSQDSNTDTQYF,TRBV4-3,TRBJ2-3,CAVRDAYSGAGSYQLTF,Donor AJD3280:PB TCRab CD8ab Naive/TCM,1.000000,-,-,-,-,-,-,-,-,-,-,-
1,SQDS,2.8e-16,3,16,1.0e-06,1.0e+00,1.6e-02,9.5e-01,7.7e-01,8.6e-05,motif-SQDS,CASSQdssGQGviEQYF,CASSQDSSGQGVIEQYF,TRBV4-3,TRBJ2-7,CAVRSYNTDKLIF,Donor AJG2309:IEL TCRab CD8ab TRM,1.000000,-,-,-,-,-,-,-,-,-,-,-
1,SQDS,2.8e-16,3,16,1.0e-06,1.0e+00,1.6e-02,9.5e-01,7.7e-01,8.6e-05,motif-SQDS,CASSQdSGqfplrgNEQFF,CASSQDSGQFPLRGNEQFF,TRBV4-3,TRBJ2-1,CAVSERGFQKLVF,Donor AJG2309:IEL TCRab CD8ab TRM,1.000000,-,-,-,-,-,-,-,-,-,-,-
1,SQDS,2.8e-16,3,16,1.0e-06,1.0e+00,1.6e-02,9.5e-01,7.7e-01,8.6e-05,motif-SQDS,CASSQdsiGQGSYEQYF,CASSQDSIGQGSYEQYF,TRBV4-3,TRBJ2-7,CAMREGLSFGNEKLTF,Donor AJG2309:L TCRab CD8ab TRM,1.000000,-,-,-,-,-,-,-,-,-,-,-

2,SYPT,8.8e-11,2,6,1.7e-11,1.0e+00,1.0e-03,1.4e-02,1.0e-03,1.2e-03,motif-SYPT,CASSYptaGQdGYTF,CASSYPTAGQDGYTF,TRBV6-2,TRBJ1-2,CAVRSSYKLIF,Donor AJD3280:L TCRab CD8ab TRM,1.000000,-,-,-,-,-,-,-,-,-,-,-
2,SYPT,8.8e-11,2,6,1.7e-11,1.0e+00,1.0e-03,1.4e-02,1.0e-03,1.2e-03,motif-SYPT,CASSYptaGQdGYTF,CASSYPTAGQDGYTF,TRBV6-2,TRBJ1-2,CAVRSSYKLIF,Donor AJD3280:PB TCRab CD8ab Teff,1.000000,-,-,-,-,-,-,-,-,-,-,-
2,SYPT,8.8e-11,2,6,1.7e-11,1.0e+00,1.0e-03,1.4e-02,1.0e-03,1.2e-03,motif-SYPT,CASSYptaRGDTQYF,CASSYPTARGDTQYF,TRBV6-2,TRBJ2-3,CAVLSGYALNF,Donor AJD3280:L TCRab CD8ab Teff,1.000000,-,-,-,-,-,-,-,-,-,-,-
2,SYPT,8.8e-11,2,6,1.7e-11,1.0e+00,1.0e-03,1.4e-02,1.0e-03,1.2e-03,motif-SYPT,CASSYpTGGNSPLHF,CASSYPTGGNSPLHF,TRBV6-2,TRBJ1-6,CAALRSNDYKLSF,Donor AJD3280:IEL TCRab CD8ab TRM,1.000000,-,-,-,-,-,-,-,-,-,-,-
2,SYPT,8.8e-11,2,6,1.7e-11,1.0e+00,1.0e-03,1.4e-02,1.0e-03,1.2e-03,motif-SYPT,CASSYpTGGNSPLHF,CASSYPTGGNSPLHF,TRBV6-2,TRBJ1-6,CAVRNDYKLSF,Donor AJD3280:IEL TCRab CD8ab TRM,1.000000,-,-,-,-,-,-,-,-,-,-,-
2,SYPT,8.8e-11,2,6,1.7e-11,1.0e+00,1.0e-03,1.4e-02,1.0e-03,1.2e-03,motif-SYPT,CASSYpTGGNSPLHF,CASSYPTGGNSPLHF,TRBV6-2,TRBJ1-6,CAVRNDYKLSF,Donor AJD3280:L TCRab CD8ab TRM,2.000000,-,-,-,-,-,-,-,-,-,-,-
2,SYPT,8.8e-11,2,6,1.7e-11,1.0e+00,1.0e-03,1.4e-02,1.0e-03,1.2e-03,motif-SYPT,CASSYpTGGNSPLHF,CASSYPTGGNSPLHF,TRBV6-2,TRBJ1-6,CAVRNDYKLSF,Donor AJD3280:L TCRab CD8ab Teff,18.000000,-,-,-,-,-,-,-,-,-,-,-
2,SYPT,8.8e-11,2,6,1.7e-11,1.0e+00,1.0e-03,1.4e-02,1.0e-03,1.2e-03,motif-SYPT,CASSYpTGGNSPLHF,CASSYPTGGNSPLHF,TRBV6-2,TRBJ1-6,CAVRNDYKLSF,Donor AJD3280:PB TCRab CD8ab TEM,1.000000,-,-,-,-,-,-,-,-,-,-,-
2,SYPT,8.8e-11,2,6,1.7e-11,1.0e+00,1.0e-03,1.4e-02,1.0e-03,1.2e-03,motif-SYPT,CASSYpTGGNSPLHF,CASSYPTGGNSPLHF,TRBV6-2,TRBJ1-6,CAVRNDYKLSF,Donor AJD3280:PB TCRab CD8ab Teff,18.000000,-,-,-,-,-,-,-,-,-,-,-
2,SYPT,8.8e-11,2,6,1.7e-11,1.0e+00,1.0e-03,1.4e-02,1.0e-03,1.2e-03,motif-SYPT,CASSYpTSGYNEQFF,CASSYPTSGYNEQFF,TRBV6-2,TRBJ2-1,CAVRSNYQLIW,Donor AJD3280:L TCRab CD8ab Teff,1.000000,-,-,-,-,-,-,-,-,-,-,-
2,SYPT,8.8e-11,2,6,1.7e-11,1.0e+00,1.0e-03,1.4e-02,1.0e-03,1.2e-03,motif-SYPT,CASSYpTSGYNEQFF,CASSYPTSGYNEQFF,TRBV6-2,TRBJ2-1,CAVRSNYQLIW,Donor AJD3280:PB TCRab CD8ab Teff,4.000000,-,-,-,-,-,-,-,-,-,-,-
2,SYPT,8.8e-11,2,6,1.7e-11,1.0e+00,1.0e-03,1.4e-02,1.0e-03,1.2e-03,motif-SYPT,CASSYpTSGGETQYF,CASSYPTSGGETQYF,TRBV6-2,TRBJ2-5,CAVQQGYALNF,Donor AJD3280:L TCRab CD8ab Teff,1.000000,-,-,-,-,-,-,-,-,-,-,-
2,SYPT,8.8e-11,2,6,1.7e-11,1.0e+00,1.0e-03,1.4e-02,1.0e-03,1.2e-03,motif-SYPT,CASSYpTSGGETQYF,CASSYPTSGGETQYF,TRBV6-2,TRBJ2-5,CAVQQGYALNF,Donor AJD3280:PB TCRab CD8ab Teff,1.000000,-,-,-,-,-,-,-,-,-,-,-
2,SYPT,8.8e-11,2,6,1.7e-11,1.0e+00,1.0e-03,1.4e-02,1.0e-03,1.2e-03,motif-SYPT,CASSYpTSGGsTQYF,CASSYPTSGGSTQYF,TRBV6-2,TRBJ2-3,CASRSSYKLIF,Donor AJKQ118:IEL TCRab CD8ab TRM,1.000000,-,-,-,-,-,-,-,-,-,-,-
2,SYPT,8.8e-11,2,6,1.7e-11,1.0e+00,1.0e-03,1.4e-02,1.0e-03,1.2e-03,motif-SYPT,CASSYpTSGGsTQYF,CASSYPTSGGSTQYF,TRBV6-2,TRBJ2-3,CASRSSYKLIF,Donor AJKQ118:L TCRab CD8ab Teff,7.000000,-,-,-,-,-,-,-,-,-,-,-
2,SYPT,8.8e-11,2,6,1.7e-11,1.0e+00,1.0e-03,1.4e-02,1.0e-03,1.2e-03,motif-SYPT,CASSYpTSGGsTQYF,CASSYPTSGGSTQYF,TRBV6-2,TRBJ2-3,CASRSSYKLIF,Donor AJKQ118:PB TCRab CD8ab Teff,2.000000,-,-,-,-,-,-,-,-,-,-,-

3,VFGQ,9.9e-10,2,5,1.2e-10,1.0e+00,6.0e-03,1.4e-02,1.0e-03,1.5e-03,motif-VFGQ,CASSLvfGQGaYEQYF,CASSLVFGQGAYEQYF,TRBV7-2,TRBJ2-7,CATNYGGSQGNLIF,Donor AJKQ118:IEL TCRab CD8ab TRM,2.000000,-,-,-,-,-,-,-,-,-,-,-
3,VFGQ,9.9e-10,2,5,1.2e-10,1.0e+00,6.0e-03,1.4e-02,1.0e-03,1.5e-03,motif-VFGQ,CASSLvfGQGvYEQYF,CASSLVFGQGVYEQYF,TRBV11-2,TRBJ2-7,CAMTRGRNAGNMLTF,Donor AJKQ118:IEL TCRab CD8ab TRM,1.000000,-,-,-,-,-,-,-,-,-,-,-
3,VFGQ,9.9e-10,2,5,1.2e-10,1.0e+00,6.0e-03,1.4e-02,1.0e-03,1.5e-03,motif-VFGQ,CASSVfGQGNTGELFF,CASSVFGQGNTGELFF,TRBV9,TRBJ2-2,CALRPLRAAGNKLTF,Donor AJG2309:IEL TCRab CD8ab TRM,2.000000,-,-,-,-,-,-,-,-,-,-,-
3,VFGQ,9.9e-10,2,5,1.2e-10,1.0e+00,6.0e-03,1.4e-02,1.0e-03,1.5e-03,motif-VFGQ,CASSLvfGQGlYEQYF,CASSLVFGQGLYEQYF,TRBV11-2,TRBJ2-7,CAMKNTDKLIF,Donor AJKQ118:IEL TCRab CD8ab TRM,23.000000,-,-,-,-,-,-,-,-,-,-,-
3,VFGQ,9.9e-10,2,5,1.2e-10,1.0e+00,6.0e-03,1.4e-02,1.0e-03,1.5e-03,motif-VFGQ,CASSLvfGQGtYEQYF,CASSLVFGQGTYEQYF,TRBV11-2,TRBJ2-7,CAGRGNNAGNMLTF,Donor AJKQ118:IEL TCRab CD8ab TRM,2.000000,-,-,-,-,-,-,-,-,-,-,-
3,VFGQ,9.9e-10,2,5,1.2e-10,1.0e+00,6.0e-03,1.4e-02,1.0e-03,1.5e-03,motif-VFGQ,CASSLvfGQGtYEQYF,CASSLVFGQGTYEQYF,TRBV11-2,TRBJ2-7,CAMKGGNKLVF,Donor AJKQ118:LP TCRab CD8ab TEM,1.000000,-,-,-,-,-,-,-,-,-,-,-
3,VFGQ,9.9e-10,2,5,1.2e-10,1.0e+00,6.0e-03,1.4e-02,1.0e-03,1.5e-03,motif-VFGQ,CASSLvfGQGtYEQYF,CASSLVFGQGTYEQYF,TRBV11-2,TRBJ2-7,CAGRGNNAGNMLTF,Donor AJKQ118:LP TCRab CD8ab TEM,1.000000,-,-,-,-,-,-,-,-,-,-,-

4,QDSP,1.1e-09,2,5,1.5e-04,1.0e+00,4.3e-01,5.7e-01,4.1e-01,1.5e-03,motif-QDSP,CASSQdsprsyGNTIYF,CASSQDSPRSYGNTIYF,TRBV4-1,TRBJ1-3,CALRNRDDKIIF,Donor AJD3280:L TCRab CD8ab TRM,1.000000,-,-,-,-,-,-,-,-,-,-,-
4,QDSP,1.1e-09,2,5,1.5e-04,1.0e+00,4.3e-01,5.7e-01,4.1e-01,1.5e-03,motif-QDSP,CASSQdspgvnEQYF,CASSQDSPGVNEQYF,TRBV4-3,TRBJ2-7,CAGHNTDKLIF,Donor AJG2309:IEL TCRab CD8ab TRM,1.000000,-,-,-,-,-,-,-,-,-,-,-
4,QDSP,1.1e-09,2,5,1.5e-04,1.0e+00,4.3e-01,5.7e-01,4.1e-01,1.5e-03,motif-QDSP,CASSPrqdSPLHF,CASSPRQDSPLHF,TRBV6-2,TRBJ1-6,CAVRDLPNQAGTALIF,Donor AJG2309:PB TCRab CD8ab Teff,1.000000,-,-,-,-,-,-,-,-,-,-,-
4,QDSP,1.1e-09,2,5,1.5e-04,1.0e+00,4.3e-01,5.7e-01,4.1e-01,1.5e-03,motif-QDSP,CASSSqdspNYGYTF,CASSSQDSPNYGYTF,TRBV9,TRBJ1-2,CAVNNAGNMLTF,Donor AJD3280:L TCRab CD8ab TRM,1.000000,-,-,-,-,-,-,-,-,-,-,-
4,QDSP,1.1e-09,2,5,1.5e-04,1.0e+00,4.3e-01,5.7e-01,4.1e-01,1.5e-03,motif-QDSP,CASSQdspEAFF,CASSQDSPEAFF,TRBV7-2,TRBJ1-1,CATDARWGKLIF,Donor AJG2309:IEL TCRab CD8ab TRM,2.000000,-,-,-,-,-,-,-,-,-,-,-

5,LVFG,1.1e-09,2,7,1.3e-11,1.0e+00,1.0e-03,1.5e-02,1.0e-03,8.6e-04,motif-SLVF motif-LVFG,CASSLvfGQGaYEQYF,CASSLVFGQGAYEQYF,TRBV7-2,TRBJ2-7,CATNYGGSQGNLIF,Donor AJKQ118:IEL TCRab CD8ab TRM,2.000000,-,-,-,-,-,-,-,-,-,-,-
5,LVFG,1.1e-09,2,7,1.3e-11,1.0e+00,1.0e-03,1.5e-02,1.0e-03,8.6e-04,motif-SLVF motif-LVFG,CASSLvfGQGvYEQYF,CASSLVFGQGVYEQYF,TRBV11-2,TRBJ2-7,CAMTRGRNAGNMLTF,Donor AJKQ118:IEL TCRab CD8ab TRM,1.000000,-,-,-,-,-,-,-,-,-,-,-
5,LVFG,1.1e-09,2,7,1.3e-11,1.0e+00,1.0e-03,1.5e-02,1.0e-03,8.6e-04,motif-SLVF motif-LVFG,CASSLvfGTGaYEQYF,CASSLVFGTGAYEQYF,TRBV7-2,TRBJ2-7,CAMSRNTGFQKLVF,Donor AJKQ118:IEL TCRab CD8ab TRM,4.000000,-,-,-,-,-,-,-,-,-,-,-
5,LVFG,1.1e-09,2,7,1.3e-11,1.0e+00,1.0e-03,1.5e-02,1.0e-03,8.6e-04,motif-SLVF motif-LVFG,CASSLvfGTKNIQYF,CASSLVFGTKNIQYF,TRBV7-8,TRBJ2-4,CILSLYNFNKFYF,Donor AJD3280:L TCRab CD8ab TRM,1.000000,-,-,-,-,-,-,-,-,-,-,-
5,LVFG,1.1e-09,2,7,1.3e-11,1.0e+00,1.0e-03,1.5e-02,1.0e-03,8.6e-04,motif-SLVF motif-LVFG,CASSLvfGQGlYEQYF,CASSLVFGQGLYEQYF,TRBV11-2,TRBJ2-7,CAMKNTDKLIF,Donor AJKQ118:IEL TCRab CD8ab TRM,23.000000,-,-,-,-,-,-,-,-,-,-,-
5,LVFG,1.1e-09,2,7,1.3e-11,1.0e+00,1.0e-03,1.5e-02,1.0e-03,8.6e-04,motif-SLVF motif-LVFG,CASSLvfGQGtYEQYF,CASSLVFGQGTYEQYF,TRBV11-2,TRBJ2-7,CAGRGNNAGNMLTF,Donor AJKQ118:IEL TCRab CD8ab TRM,2.000000,-,-,-,-,-,-,-,-,-,-,-
5,LVFG,1.1e-09,2,7,1.3e-11,1.0e+00,1.0e-03,1.5e-02,1.0e-03,8.6e-04,motif-SLVF motif-LVFG,CASSLvfGQGtYEQYF,CASSLVFGQGTYEQYF,TRBV11-2,TRBJ2-7,CAMKGGNKLVF,Donor AJKQ118:LP TCRab CD8ab TEM,1.000000,-,-,-,-,-,-,-,-,-,-,-
5,LVFG,1.1e-09,2,7,1.3e-11,1.0e+00,1.0e-03,1.5e-02,1.0e-03,8.6e-04,motif-SLVF motif-LVFG,CASSLvfGQGtYEQYF,CASSLVFGQGTYEQYF,TRBV11-2,TRBJ2-7,CAGRGNNAGNMLTF,Donor AJKQ118:LP TCRab CD8ab TEM,1.000000,-,-,-,-,-,-,-,-,-,-,-
5,LVFG,1.1e-09,2,7,1.3e-11,1.0e+00,1.0e-03,1.5e-02,1.0e-03,8.6e-04,motif-SLVF motif-LVFG,CASSLvfgSGSYEQYF,CASSLVFGSGSYEQYF,TRBV7-2,TRBJ2-7,CAMSHGQKLLF,Donor AJKQ118:IEL TCRab CD8ab TRM,1.000000,-,-,-,-,-,-,-,-,-,-,-

6,SLVF,3.8e-09,2,7,2.4e-11,1.0e+00,1.0e-03,1.4e-02,2.0e-03,8.6e-04,motif-SLVF motif-LVFG,CASSLvfGQGaYEQYF,CASSLVFGQGAYEQYF,TRBV7-2,TRBJ2-7,CATNYGGSQGNLIF,Donor AJKQ118:IEL TCRab CD8ab TRM,2.000000,-,-,-,-,-,-,-,-,-,-,-
6,SLVF,3.8e-09,2,7,2.4e-11,1.0e+00,1.0e-03,1.4e-02,2.0e-03,8.6e-04,motif-SLVF motif-LVFG,CASSLvfGQGvYEQYF,CASSLVFGQGVYEQYF,TRBV11-2,TRBJ2-7,CAMTRGRNAGNMLTF,Donor AJKQ118:IEL TCRab CD8ab TRM,1.000000,-,-,-,-,-,-,-,-,-,-,-
6,SLVF,3.8e-09,2,7,2.4e-11,1.0e+00,1.0e-03,1.4e-02,2.0e-03,8.6e-04,motif-SLVF motif-LVFG,CASSLvfGTGaYEQYF,CASSLVFGTGAYEQYF,TRBV7-2,TRBJ2-7,CAMSRNTGFQKLVF,Donor AJKQ118:IEL TCRab CD8ab TRM,4.000000,-,-,-,-,-,-,-,-,-,-,-
6,SLVF,3.8e-09,2,7,2.4e-11,1.0e+00,1.0e-03,1.4e-02,2.0e-03,8.6e-04,motif-SLVF motif-LVFG,CASSLvfGTKNIQYF,CASSLVFGTKNIQYF,TRBV7-8,TRBJ2-4,CILSLYNFNKFYF,Donor AJD3280:L TCRab CD8ab TRM,1.000000,-,-,-,-,-,-,-,-,-,-,-
6,SLVF,3.8e-09,2,7,2.4e-11,1.0e+00,1.0e-03,1.4e-02,2.0e-03,8.6e-04,motif-SLVF motif-LVFG,CASSLvfGQGlYEQYF,CASSLVFGQGLYEQYF,TRBV11-2,TRBJ2-7,CAMKNTDKLIF,Donor AJKQ118:IEL TCRab CD8ab TRM,23.000000,-,-,-,-,-,-,-,-,-,-,-
6,SLVF,3.8e-09,2,7,2.4e-11,1.0e+00,1.0e-03,1.4e-02,2.0e-03,8.6e-04,motif-SLVF motif-LVFG,CASSLvfGQGtYEQYF,CASSLVFGQGTYEQYF,TRBV11-2,TRBJ2-7,CAGRGNNAGNMLTF,Donor AJKQ118:IEL TCRab CD8ab TRM,2.000000,-,-,-,-,-,-,-,-,-,-,-
6,SLVF,3.8e-09,2,7,2.4e-11,1.0e+00,1.0e-03,1.4e-02,2.0e-03,8.6e-04,motif-SLVF motif-LVFG,CASSLvfGQGtYEQYF,CASSLVFGQGTYEQYF,TRBV11-2,TRBJ2-7,CAMKGGNKLVF,Donor AJKQ118:LP TCRab CD8ab TEM,1.000000,-,-,-,-,-,-,-,-,-,-,-
6,SLVF,3.8e-09,2,7,2.4e-11,1.0e+00,1.0e-03,1.4e-02,2.0e-03,8.6e-04,motif-SLVF motif-LVFG,CASSLvfGQGtYEQYF,CASSLVFGQGTYEQYF,TRBV11-2,TRBJ2-7,CAGRGNNAGNMLTF,Donor AJKQ118:LP TCRab CD8ab TEM,1.000000,-,-,-,-,-,-,-,-,-,-,-
6,SLVF,3.8e-09,2,7,2.4e-11,1.0e+00,1.0e-03,1.4e-02,2.0e-03,8.6e-04,motif-SLVF motif-LVFG,CASSLvfgSGSYEQYF,CASSLVFGSGSYEQYF,TRBV7-2,TRBJ2-7,CAMSHGQKLLF,Donor AJKQ118:IEL TCRab CD8ab TRM,1.000000,-,-,-,-,-,-,-,-,-,-,-

7,QDRV,5.7e-09,2,7,5.9e-07,1.0e+00,1.3e-02,2.0e-01,2.6e-01,8.6e-04,motif-QDRV,CASSQDRvgGYTF,CASSQDRVGGYTF,TRBV5-4,TRBJ1-2,CATENGGSQGNLIF,Donor AJD3280:PB TCRab CD8ab Naive/TCM,1.000000,-,-,-,-,-,-,-,-,-,-,-
7,QDRV,5.7e-09,2,7,5.9e-07,1.0e+00,1.3e-02,2.0e-01,2.6e-01,8.6e-04,motif-QDRV,CASSQDRvmfgGYTF,CASSQDRVMFGGYTF,TRBV4-3,TRBJ1-2,CAMRAPIGQNFVF,Donor AJD3280:L TCRab CD8ab Naive/TCM,1.000000,-,-,-,-,-,-,-,-,-,-,-
7,QDRV,5.7e-09,2,7,5.9e-07,1.0e+00,1.3e-02,2.0e-01,2.6e-01,8.6e-04,motif-QDRV,CASSLqDRvpNEQFF,CASSLQDRVPNEQFF,TRBV12-3,TRBJ2-1,CAVPFGNTDKLIF,Donor AJD3280:IEL TCRab CD8ab TRM,1.000000,-,-,-,-,-,-,-,-,-,-,-
7,QDRV,5.7e-09,2,7,5.9e-07,1.0e+00,1.3e-02,2.0e-01,2.6e-01,8.6e-04,motif-QDRV,CASSQDRvSYEQYF,CASSQDRVSYEQYF,TRBV4-2,TRBJ2-7,CAVGGYQKVTF,Donor AJD3280:IEL TCRab CD8ab TRM,3.000000,-,-,-,-,-,-,-,-,-,-,-
7,QDRV,5.7e-09,2,7,5.9e-07,1.0e+00,1.3e-02,2.0e-01,2.6e-01,8.6e-04,motif-QDRV,CASSQDRvSYEQYF,CASSQDRVSYEQYF,TRBV4-2,TRBJ2-7,CAVGTNAGKSTF,Donor AJD3280:IEL TCRab CD8ab TRM,1.000000,-,-,-,-,-,-,-,-,-,-,-
7,QDRV,5.7e-09,2,7,5.9e-07,1.0e+00,1.3e-02,2.0e-01,2.6e-01,8.6e-04,motif-QDRV,CASSQDRvaYEQYF,CASSQDRVAYEQYF,TRBV4-3,TRBJ2-7,CAPNRDDKIIF,Donor AJD3280:IEL TCRab CD8ab TRM,1.000000,-,-,-,-,-,-,-,-,-,-,-
7,QDRV,5.7e-09,2,7,5.9e-07,1.0e+00,1.3e-02,2.0e-01,2.6e-01,8.6e-04,motif-QDRV,CASSQDRvYNEQFF,CASSQDRVYNEQFF,TRBV6-2,TRBJ2-1,CAPLGYALNF,Donor AJD3280:L TCRab CD8ab Teff,1.000000,-,-,-,-,-,-,-,-,-,-,-
7,QDRV,5.7e-09,2,7,5.9e-07,1.0e+00,1.3e-02,2.0e-01,2.6e-01,8.6e-04,motif-QDRV,CASSYsiqDRvwNEQFF,CASSYSIQDRVWNEQFF,TRBV6-2,TRBJ2-1,CAESPYNNTDKLIF,Donor AJG2309:IEL TCRab CD8ab TRM,5.000000,-,-,-,-,-,-,-,-,-,-,-

8,YSTP,1.1e-08,2,5,2.8e-05,1.0e+00,9.3e-02,1.0e+00,2.1e-01,1.5e-03,motif-YSTP,CASSYstpGGETQYF,CASSYSTPGGETQYF,TRBV6-6,TRBJ2-5,CAEGHTDKLIF,Donor AJG2309:IEL TCRab CD8ab TRM,1.000000,-,-,-,-,-,-,-,-,-,-,-
8,YSTP,1.1e-08,2,5,2.8e-05,1.0e+00,9.3e-02,1.0e+00,2.1e-01,1.5e-03,motif-YSTP,CASSYstpGQsySYNEQFF,CASSYSTPGQSYSYNEQFF,TRBV6-2,TRBJ2-1,CALGMGNTPLVF,Donor AJG2309:IEL TCRab CD8ab TRM,1.000000,-,-,-,-,-,-,-,-,-,-,-
8,YSTP,1.1e-08,2,5,2.8e-05,1.0e+00,9.3e-02,1.0e+00,2.1e-01,1.5e-03,motif-YSTP,CASSYstptpYEQYF,CASSYSTPTPYEQYF,TRBV6-5,TRBJ2-7,CAFLNAGGTSYGKLTF,Donor AJG2309:L TCRab CD8ab TRM,1.000000,-,-,-,-,-,-,-,-,-,-,-
8,YSTP,1.1e-08,2,5,2.8e-05,1.0e+00,9.3e-02,1.0e+00,2.1e-01,1.5e-03,motif-YSTP,CASSYstptpYEQYF,CASSYSTPTPYEQYF,TRBV6-5,TRBJ2-7,CAFLNAGGTSYGKLTF,Donor AJG2309:PB TCRab CD8ab Teff,1.000000,-,-,-,-,-,-,-,-,-,-,-
8,YSTP,1.1e-08,2,5,2.8e-05,1.0e+00,9.3e-02,1.0e+00,2.1e-01,1.5e-03,motif-YSTP,CASSYstpRGlpSGANVLTF,CASSYSTPRGLPSGANVLTF,TRBV6-5,TRBJ2-6,CAMSTFSGNTGKLIF,Donor AJD3280:L TCRab CD8ab Naive/TCM,1.000000,-,-,-,-,-,-,-,-,-,-,-
8,YSTP,1.1e-08,2,5,2.8e-05,1.0e+00,9.3e-02,1.0e+00,2.1e-01,1.5e-03,motif-YSTP,CASSLystpTDTQYF,CASSLYSTPTDTQYF,TRBV7-3,TRBJ2-3,CAVSSNTGNQFYF,Donor AJG2309:LP TCRab CD8ab TRM,1.000000,-,-,-,-,-,-,-,-,-,-,-

9,GWPG,8.0e-08,3,5,2.6e-04,1.0e+00,4.2e-01,1.0e+00,4.3e-01,1.5e-03,motif-GWPG,CASSgwpgsQETQYF,CASSGWPGSQETQYF,TRBV9,TRBJ2-5,CAVVLTDSWGKLQF,Donor AJG2309:PB TCRab CD8ab Naive/TCM,1.000000,-,-,-,-,-,-,-,-,-,-,-
9,GWPG,8.0e-08,3,5,2.6e-04,1.0e+00,4.2e-01,1.0e+00,4.3e-01,1.5e-03,motif-GWPG,CASSPgwpgdEAFF,CASSPGWPGDEAFF,TRBV7-9,TRBJ1-1,CALSEGGSQGNLIF,Donor AJKQ118:L TCRab CD8ab Teff,1.000000,-,-,-,-,-,-,-,-,-,-,-
9,GWPG,8.0e-08,3,5,2.6e-04,1.0e+00,4.2e-01,1.0e+00,4.3e-01,1.5e-03,motif-GWPG,CASrgwpGLAGGwaDTQYF,CASRGWPGLAGGWADTQYF,TRBV6-5,TRBJ2-3,CAVRDQGGRRALTF,Donor AJG2309:L TCRab CD8ab TRM,1.000000,-,-,-,-,-,-,-,-,-,-,-
9,GWPG,8.0e-08,3,5,2.6e-04,1.0e+00,4.2e-01,1.0e+00,4.3e-01,1.5e-03,motif-GWPG,CATSRdggwpGTQHF,CATSRDGGWPGTQHF,TRBV15,TRBJ1-5,CGTESDNQGGKLIF,Donor AJD3280:IEL TCRab CD8ab TRM,1.000000,-,-,-,-,-,-,-,-,-,-,-
9,GWPG,8.0e-08,3,5,2.6e-04,1.0e+00,4.2e-01,1.0e+00,4.3e-01,1.5e-03,motif-GWPG,CASSSGLAGGwpGELFF,CASSSGLAGGWPGELFF,TRBV12-4,TRBJ2-2,CAVGIEGGSARQLTF,Donor AJG2309:IEL TCRab CD8ab TRM,1.000000,-,-,-,-,-,-,-,-,-,-,-

10,PHRG,2.1e-07,3,6,2.1e-05,1.0e+00,1.7e-01,4.0e-01,2.6e-01,1.2e-03,motif-PHRG,CASSPhRGYNSPLHF,CASSPHRGYNSPLHF,TRBV7-2,TRBJ1-6,CVVNDDKIIF,Donor AJD3280:IEL TCRab CD8ab TRM,3.000000,-,-,-,-,-,-,-,-,-,-,-
10,PHRG,2.1e-07,3,6,2.1e-05,1.0e+00,1.7e-01,4.0e-01,2.6e-01,1.2e-03,motif-PHRG,CASSPhRGmmgETQYF,CASSPHRGMMGETQYF,TRBV12-4,TRBJ2-5,CVVIPSNDYKLSF,Donor AJD3280:LP TCRab CD8ab TRM,1.000000,-,-,-,-,-,-,-,-,-,-,-
10,PHRG,2.1e-07,3,6,2.1e-05,1.0e+00,1.7e-01,4.0e-01,2.6e-01,1.2e-03,motif-PHRG,CASSmlphRGlgSPLHF,CASSMLPHRGLGSPLHF,TRBV6-2,TRBJ1-6,CSAGGQKLLF,Donor AJD3280:L TCRab CD8ab TRM,1.000000,-,-,-,-,-,-,-,-,-,-,-
10,PHRG,2.1e-07,3,6,2.1e-05,1.0e+00,1.7e-01,4.0e-01,2.6e-01,1.2e-03,motif-PHRG,CATSsdphRGgNQPQHF,CATSSDPHRGGNQPQHF,TRBV15,TRBJ1-5,CVVSLLTDSWGKLQF,Donor AJD3280:L TCRab CD8ab Naive/TCM,1.000000,-,-,-,-,-,-,-,-,-,-,-
10,PHRG,2.1e-07,3,6,2.1e-05,1.0e+00,1.7e-01,4.0e-01,2.6e-01,1.2e-03,motif-PHRG,CASSEphRGETQYF,CASSEPHRGETQYF,TRBV10-2,TRBJ2-5,CATDGGSGNTGKLIF,Donor AJKQ118:IEL TCRab CD8ab TRM,1.000000,-,-,-,-,-,-,-,-,-,-,-
10,PHRG,2.1e-07,3,6,2.1e-05,1.0e+00,1.7e-01,4.0e-01,2.6e-01,1.2e-03,motif-PHRG,CASSPhrGQGETQYF,CASSPHRGQGETQYF,TRBV12-4,TRBJ2-5,CAVGPRGSSNTGKLIF,Donor AJG2309:IEL TCRab CD8ab TRM,1.000000,-,-,-,-,-,-,-,-,-,-,-

11,SLVFGQG%YE,2.7e-07,1,4,2.1e-11,1.0e+00,1.0e-03,9.0e-03,1.0e-03,2.3e-03,motif-VFGQ motif-SLVF motif-LVFG global-SLVFGQG%YE,CASSLvfGQGaYEQYF,CASSLVFGQGAYEQYF,TRBV7-2,TRBJ2-7,CATNYGGSQGNLIF,Donor AJKQ118:IEL TCRab CD8ab TRM,2.000000,-,-,-,-,-,-,-,-,-,-,-
11,SLVFGQG%YE,2.7e-07,1,4,2.1e-11,1.0e+00,1.0e-03,9.0e-03,1.0e-03,2.3e-03,motif-VFGQ motif-SLVF motif-LVFG global-SLVFGQG%YE,CASSLvfGQGvYEQYF,CASSLVFGQGVYEQYF,TRBV11-2,TRBJ2-7,CAMTRGRNAGNMLTF,Donor AJKQ118:IEL TCRab CD8ab TRM,1.000000,-,-,-,-,-,-,-,-,-,-,-
11,SLVFGQG%YE,2.7e-07,1,4,2.1e-11,1.0e+00,1.0e-03,9.0e-03,1.0e-03,2.3e-03,motif-VFGQ motif-SLVF motif-LVFG global-SLVFGQG%YE,CASSLvfGQGlYEQYF,CASSLVFGQGLYEQYF,TRBV11-2,TRBJ2-7,CAMKNTDKLIF,Donor AJKQ118:IEL TCRab CD8ab TRM,23.000000,-,-,-,-,-,-,-,-,-,-,-
11,SLVFGQG%YE,2.7e-07,1,4,2.1e-11,1.0e+00,1.0e-03,9.0e-03,1.0e-03,2.3e-03,motif-VFGQ motif-SLVF motif-LVFG global-SLVFGQG%YE,CASSLvfGQGtYEQYF,CASSLVFGQGTYEQYF,TRBV11-2,TRBJ2-7,CAGRGNNAGNMLTF,Donor AJKQ118:IEL TCRab CD8ab TRM,2.000000,-,-,-,-,-,-,-,-,-,-,-
11,SLVFGQG%YE,2.7e-07,1,4,2.1e-11,1.0e+00,1.0e-03,9.0e-03,1.0e-03,2.3e-03,motif-VFGQ motif-SLVF motif-LVFG global-SLVFGQG%YE,CASSLvfGQGtYEQYF,CASSLVFGQGTYEQYF,TRBV11-2,TRBJ2-7,CAMKGGNKLVF,Donor AJKQ118:LP TCRab CD8ab TEM,1.000000,-,-,-,-,-,-,-,-,-,-,-
11,SLVFGQG%YE,2.7e-07,1,4,2.1e-11,1.0e+00,1.0e-03,9.0e-03,1.0e-03,2.3e-03,motif-VFGQ motif-SLVF motif-LVFG global-SLVFGQG%YE,CASSLvfGQGtYEQYF,CASSLVFGQGTYEQYF,TRBV11-2,TRBJ2-7,CAGRGNNAGNMLTF,Donor AJKQ118:LP TCRab CD8ab TEM,1.000000,-,-,-,-,-,-,-,-,-,-,-

12,EYSY,5.7e-07,1,4,6.4e-08,1.0e+00,2.9e-01,9.4e-02,1.0e-03,2.3e-03,motif-EYSY,CASSEppgeySYEQYF,CASSEPPGEYSYEQYF,TRBV25-1,TRBJ2-7,CAVRDQTGANNLFF,Donor AJD3280:IEL TCRab CD8ab TRM,5.000000,-,-,-,-,-,-,-,-,-,-,-
12,EYSY,5.7e-07,1,4,6.4e-08,1.0e+00,2.9e-01,9.4e-02,1.0e-03,2.3e-03,motif-EYSY,CASSYspgeySYEQYF,CASSYSPGEYSYEQYF,TRBV6-2,TRBJ2-7,CAVRDLNAGNMLTF,Donor AJD3280:IEL TCRab CD8ab TRM,2.000000,-,-,-,-,-,-,-,-,-,-,-
12,EYSY,5.7e-07,1,4,6.4e-08,1.0e+00,2.9e-01,9.4e-02,1.0e-03,2.3e-03,motif-EYSY,CASSSsrteySYEQYF,CASSSSRTEYSYEQYF,TRBV7-2,TRBJ2-7,CAVRDMNRDDKIIF,Donor AJD3280:IEL TCRab CD8ab TRM,1.000000,-,-,-,-,-,-,-,-,-,-,-
12,EYSY,5.7e-07,1,4,6.4e-08,1.0e+00,2.9e-01,9.4e-02,1.0e-03,2.3e-03,motif-EYSY,CASSnpTGeySYEQYF,CASSNPTGEYSYEQYF,TRBV19,TRBJ2-7,CAVRDVAAGNKLTF,Donor AJD3280:IEL TCRab CD8ab TRM,1.000000,-,-,-,-,-,-,-,-,-,-,-

13,WQP,1.1e-06,3,5,5.3e-06,1.0e+00,1.5e-01,1.0e+00,2.4e-02,1.5e-03,motif-WQP,CAISEspgnwQPQHF,CAISESPGNWQPQHF,TRBV10-3,TRBJ1-5,CAYRSVSGGSNYKLTF,Donor AJKQ118:PB TCRab CD8ab Naive/TCM,1.000000,-,-,-,-,-,-,-,-,-,-,-
13,WQP,1.1e-06,3,5,5.3e-06,1.0e+00,1.5e-01,1.0e+00,2.4e-02,1.5e-03,motif-WQP,CASSLdfwQPQHF,CASSLDFWQPQHF,TRBV28,TRBJ1-5,CAVPPTNYGGSQGNLIF,Donor AJG2309:IEL TCRab CD8ab TRM,1.000000,-,-,-,-,-,-,-,-,-,-,-
13,WQP,1.1e-06,3,5,5.3e-06,1.0e+00,1.5e-01,1.0e+00,2.4e-02,1.5e-03,motif-WQP,CASrvDRGpwQPQHF,CASRVDRGPWQPQHF,TRBV10-2,TRBJ1-5,CAGAWYTGNQFYF,Donor AJG2309:IEL TCRab CD8ab TRM,1.000000,-,-,-,-,-,-,-,-,-,-,-
13,WQP,1.1e-06,3,5,5.3e-06,1.0e+00,1.5e-01,1.0e+00,2.4e-02,1.5e-03,motif-WQP,CASSQdlwQPQHF,CASSQDLWQPQHF,TRBV3-1,TRBJ1-5,CALVVGAAGNKLTF,Donor AJD3280:L TCRab CD8ab TRM,1.000000,-,-,-,-,-,-,-,-,-,-,-
13,WQP,1.1e-06,3,5,5.3e-06,1.0e+00,1.5e-01,1.0e+00,2.4e-02,1.5e-03,motif-WQP,CASSLvgvwQPQHF,CASSLVGVWQPQHF,TRBV12-3,TRBJ1-5,CAGENYGQNFVF,Donor AJKQ118:L TCRab CD8ab TRM,1.000000,-,-,-,-,-,-,-,-,-,-,-
13,WQP,1.1e-06,3,5,5.3e-06,1.0e+00,1.5e-01,1.0e+00,2.4e-02,1.5e-03,motif-WQP,CASSLvgvwQPQHF,CASSLVGVWQPQHF,TRBV12-3,TRBJ1-5,CAGENYGQNFVF,Donor AJKQ118:LP TCRab CD8ab TRM,1.000000,-,-,-,-,-,-,-,-,-,-,-

14,YPTS,1.8e-06,2,3,6.1e-10,1.0e+00,1.0e-03,9.8e-02,1.0e-03,6.2e-03,motif-YPTS motif-SYPT,CASSYpTSGYNEQFF,CASSYPTSGYNEQFF,TRBV6-2,TRBJ2-1,CAVRSNYQLIW,Donor AJD3280:L TCRab CD8ab Teff,1.000000,-,-,-,-,-,-,-,-,-,-,-
14,YPTS,1.8e-06,2,3,6.1e-10,1.0e+00,1.0e-03,9.8e-02,1.0e-03,6.2e-03,motif-YPTS motif-SYPT,CASSYpTSGYNEQFF,CASSYPTSGYNEQFF,TRBV6-2,TRBJ2-1,CAVRSNYQLIW,Donor AJD3280:PB TCRab CD8ab Teff,4.000000,-,-,-,-,-,-,-,-,-,-,-
14,YPTS,1.8e-06,2,3,6.1e-10,1.0e+00,1.0e-03,9.8e-02,1.0e-03,6.2e-03,motif-YPTS motif-SYPT,CASSYpTSGGETQYF,CASSYPTSGGETQYF,TRBV6-2,TRBJ2-5,CAVQQGYALNF,Donor AJD3280:L TCRab CD8ab Teff,1.000000,-,-,-,-,-,-,-,-,-,-,-
14,YPTS,1.8e-06,2,3,6.1e-10,1.0e+00,1.0e-03,9.8e-02,1.0e-03,6.2e-03,motif-YPTS motif-SYPT,CASSYpTSGGETQYF,CASSYPTSGGETQYF,TRBV6-2,TRBJ2-5,CAVQQGYALNF,Donor AJD3280:PB TCRab CD8ab Teff,1.000000,-,-,-,-,-,-,-,-,-,-,-
14,YPTS,1.8e-06,2,3,6.1e-10,1.0e+00,1.0e-03,9.8e-02,1.0e-03,6.2e-03,motif-YPTS motif-SYPT,CASSYpTSGGsTQYF,CASSYPTSGGSTQYF,TRBV6-2,TRBJ2-3,CASRSSYKLIF,Donor AJKQ118:IEL TCRab CD8ab TRM,1.000000,-,-,-,-,-,-,-,-,-,-,-
14,YPTS,1.8e-06,2,3,6.1e-10,1.0e+00,1.0e-03,9.8e-02,1.0e-03,6.2e-03,motif-YPTS motif-SYPT,CASSYpTSGGsTQYF,CASSYPTSGGSTQYF,TRBV6-2,TRBJ2-3,CASRSSYKLIF,Donor AJKQ118:L TCRab CD8ab Teff,7.000000,-,-,-,-,-,-,-,-,-,-,-
14,YPTS,1.8e-06,2,3,6.1e-10,1.0e+00,1.0e-03,9.8e-02,1.0e-03,6.2e-03,motif-YPTS motif-SYPT,CASSYpTSGGsTQYF,CASSYPTSGGSTQYF,TRBV6-2,TRBJ2-3,CASRSSYKLIF,Donor AJKQ118:PB TCRab CD8ab Teff,2.000000,-,-,-,-,-,-,-,-,-,-,-

15,SIQD,2.9e-06,1,3,2.2e-06,1.0e+00,1.3e-02,1.6e-01,1.7e-01,6.2e-03,motif-SIQD,CASSIqdfsldGYTF,CASSIQDFSLDGYTF,TRBV19,TRBJ1-2,CGADMKGAQKLVF,Donor AJG2309:LP TCRab CD8ab TRM,1.000000,-,-,-,-,-,-,-,-,-,-,-
15,SIQD,2.9e-06,1,3,2.2e-06,1.0e+00,1.3e-02,1.6e-01,1.7e-01,6.2e-03,motif-SIQD,CASSYsiqDRvwNEQFF,CASSYSIQDRVWNEQFF,TRBV6-2,TRBJ2-1,CAESPYNNTDKLIF,Donor AJG2309:IEL TCRab CD8ab TRM,5.000000,-,-,-,-,-,-,-,-,-,-,-
15,SIQD,2.9e-06,1,3,2.2e-06,1.0e+00,1.3e-02,1.6e-01,1.7e-01,6.2e-03,motif-SIQD,CASSYsiqdlSYEQYF,CASSYSIQDLSYEQYF,TRBV6-2,TRBJ2-7,CAVRPSSSASKIIF,Donor AJG2309:IEL TCRab CD8ab TRM,1.000000,-,-,-,-,-,-,-,-,-,-,-
15,SIQD,2.9e-06,1,3,2.2e-06,1.0e+00,1.3e-02,1.6e-01,1.7e-01,6.2e-03,motif-SIQD,CASSYsiqdlSYEQYF,CASSYSIQDLSYEQYF,TRBV6-2,TRBJ2-7,CALSDGGGGGSYIPTF,Donor AJG2309:IEL TCRab CD8ab TRM,1.000000,-,-,-,-,-,-,-,-,-,-,-

16,SPED,2.9e-06,3,5,2.9e-05,1.0e+00,1.5e-01,6.3e-01,2.1e-01,1.5e-03,motif-SPED,CAIkTSpedfsSPLHF,CAIKTSPEDFSSPLHF,TRBV10-3,TRBJ1-6,CVVSASFGGSQGNLIF,Donor AJG2309:IEL TCRab CD8ab TRM,1.000000,-,-,-,-,-,-,-,-,-,-,-
16,SPED,2.9e-06,3,5,2.9e-05,1.0e+00,1.5e-01,6.3e-01,2.1e-01,1.5e-03,motif-SPED,CASSPeDRGapYEQYF,CASSPEDRGAPYEQYF,TRBV3-1,TRBJ2-7,CAAWSNSNYQLIW,Donor AJD3280:IEL TCRab CD8ab TRM,2.000000,-,-,-,-,-,-,-,-,-,-,-
16,SPED,2.9e-06,3,5,2.9e-05,1.0e+00,1.5e-01,6.3e-01,2.1e-01,1.5e-03,motif-SPED,CASSPeDRrYEQYF,CASSPEDRRYEQYF,TRBV5-1,TRBJ2-7,CAATMDSNYQLIW,Donor AJG2309:L TCRab CD8ab Naive/TCM,1.000000,-,-,-,-,-,-,-,-,-,-,-
16,SPED,2.9e-06,3,5,2.9e-05,1.0e+00,1.5e-01,6.3e-01,2.1e-01,1.5e-03,motif-SPED,CASSPeDTQYF,CASSPEDTQYF,TRBV7-9,TRBJ2-3,CVVNILDMLTF,Donor AJKQ118:IEL TCRab CD8ab TRM,1.000000,-,-,-,-,-,-,-,-,-,-,-
16,SPED,2.9e-06,3,5,2.9e-05,1.0e+00,1.5e-01,6.3e-01,2.1e-01,1.5e-03,motif-SPED,CASSPeDTQYF,CASSPEDTQYF,TRBV7-9,TRBJ2-3,CVVNILDMLTF,Donor AJKQ118:LP TCRab CD8ab TCM,1.000000,-,-,-,-,-,-,-,-,-,-,-
16,SPED,2.9e-06,3,5,2.9e-05,1.0e+00,1.5e-01,6.3e-01,2.1e-01,1.5e-03,motif-SPED,CASSPedwYEQYF,CASSPEDWYEQYF,TRBV7-6,TRBJ2-7,CAETSNTGKLIF,Donor AJD3280:IEL TCRab CD8ab TRM,1.000000,-,-,-,-,-,-,-,-,-,-,-

17,LLTA,3.2e-06,2,4,3.5e-05,1.0e+00,2.2e-02,1.0e+00,6.7e-01,2.3e-03,motif-LLTA,CASSQdvslltaEAFF,CASSQDVSLLTAEAFF,TRBV3-1,TRBJ1-1,CAETSRYNQGGKLIF,Donor AJG2309:IEL TCRab CD8ab TRM,1.000000,-,-,-,-,-,-,-,-,-,-,-
17,LLTA,3.2e-06,2,4,3.5e-05,1.0e+00,2.2e-02,1.0e+00,6.7e-01,2.3e-03,motif-LLTA,CASSLsplltakySYEQYF,CASSLSPLLTAKYSYEQYF,TRBV3-1,TRBJ2-7,CALSEALASSGNTGKLIF,Donor AJD3280:LP TCRab CD8ab TCM,1.000000,-,-,-,-,-,-,-,-,-,-,-
17,LLTA,3.2e-06,2,4,3.5e-05,1.0e+00,2.2e-02,1.0e+00,6.7e-01,2.3e-03,motif-LLTA,CASilgslltAKNIQYF,CASILGSLLTAKNIQYF,TRBV6-1,TRBJ2-4,CHPTRSGSARQLTF,Donor AJD3280:IEL TCRab CD8ab TRM,1.000000,-,-,-,-,-,-,-,-,-,-,-
17,LLTA,3.2e-06,2,4,3.5e-05,1.0e+00,2.2e-02,1.0e+00,6.7e-01,2.3e-03,motif-LLTA,CASSLlltaaaEAFF,CASSLLLTAAAEAFF,TRBV5-1,TRBJ1-1,CVVSLYSGGGADGLTF,Donor AJG2309:LP TCRab CD8ab TRM,1.000000,-,-,-,-,-,-,-,-,-,-,-

18,SQDI,4.7e-06,2,5,1.1e-06,1.0e+00,2.1e-02,8.9e-02,4.0e-01,1.5e-03,motif-SQDI,CASSQdilQGaapNTEAFF,CASSQDILQGAAPNTEAFF,TRBV4-3,TRBJ1-1,CAGSSNTGKLIF,Donor AJKQ118:LP TCRab CD8ab TRM,1.000000,-,-,-,-,-,-,-,-,-,-,-
18,SQDI,4.7e-06,2,5,1.1e-06,1.0e+00,2.1e-02,8.9e-02,4.0e-01,1.5e-03,motif-SQDI,CASSQdiSYEQYF,CASSQDISYEQYF,TRBV7-9,TRBJ2-7,CGTEMIKNTGFQKLVF,Donor AJD3280:IEL TCRab CD8ab TRM,2.000000,-,-,-,-,-,-,-,-,-,-,-
18,SQDI,4.7e-06,2,5,1.1e-06,1.0e+00,2.1e-02,8.9e-02,4.0e-01,1.5e-03,motif-SQDI,CASSQdiyfAGsSYNEQFF,CASSQDIYFAGSSYNEQFF,TRBV4-1,TRBJ2-1,CAMRGGNTGKLIF,Donor AJKQ118:PB TCRab CD8ab Naive/TCM,1.000000,-,-,-,-,-,-,-,-,-,-,-
18,SQDI,4.7e-06,2,5,1.1e-06,1.0e+00,2.1e-02,8.9e-02,4.0e-01,1.5e-03,motif-SQDI,CASSQdiLAGGreNIQYF,CASSQDILAGGRENIQYF,TRBV4-3,TRBJ2-4,CAENTFTSGTYKYIF,Donor AJKQ118:IEL TCRab CD8ab TRM,8.000000,-,-,-,-,-,-,-,-,-,-,-
18,SQDI,4.7e-06,2,5,1.1e-06,1.0e+00,2.1e-02,8.9e-02,4.0e-01,1.5e-03,motif-SQDI,CASSQdiGLsdEQFF,CASSQDIGLSDEQFF,TRBV4-1,TRBJ2-1,CATGLDRGSTLGRLYF,Donor AJKQ118:PB TCRab CD8ab Naive/TCM,1.000000,-,-,-,-,-,-,-,-,-,-,-

19,GAWN,5.0e-06,1,4,1.2e-04,1.0e+00,3.2e-01,1.0e+00,1.6e-01,2.3e-03,motif-GAWN,CASSLegawNQPQHF,CASSLEGAWNQPQHF,TRBV7-2,TRBJ1-5,CAMREGSDTDKLIF,Donor AJD3280:PB TCRab CD8ab Naive/TCM,1.000000,-,-,-,-,-,-,-,-,-,-,-
19,GAWN,5.0e-06,1,4,1.2e-04,1.0e+00,3.2e-01,1.0e+00,1.6e-01,2.3e-03,motif-GAWN,CASSGGgawNEQFF,CASSGGGAWNEQFF,TRBV7-3,TRBJ2-1,CARYSWGKLQF,Donor AJD3280:IEL TCRab CD8ab TRM,1.000000,-,-,-,-,-,-,-,-,-,-,-
19,GAWN,5.0e-06,1,4,1.2e-04,1.0e+00,3.2e-01,1.0e+00,1.6e-01,2.3e-03,motif-GAWN,CASSRTSGGawNEQFF,CASSRTSGGAWNEQFF,TRBV2,TRBJ2-1,CVVSDRVSNQFYF,Donor AJD3280:L TCRab CD8ab Naive/TCM,1.000000,-,-,-,-,-,-,-,-,-,-,-
19,GAWN,5.0e-06,1,4,1.2e-04,1.0e+00,3.2e-01,1.0e+00,1.6e-01,2.3e-03,motif-GAWN,CAInsvGGawNEQFF,CAINSVGGAWNEQFF,TRBV10-3,TRBJ2-1,CAVEYTGTASKLTF,Donor AJD3280:L TCRab CD8ab Naive/TCM,1.000000,-,-,-,-,-,-,-,-,-,-,-

20,MTGP,5.9e-06,1,3,4.0e-04,1.0e+00,1.6e-01,1.0e+00,4.1e-01,6.2e-03,motif-MTGP,CASSPmTGpnYEQYF,CASSPMTGPNYEQYF,TRBV12-4,TRBJ2-7,CIAALGNTGKLIF,Donor AJD3280:IEL TCRab CD8ab TRM,1.000000,-,-,-,-,-,-,-,-,-,-,-
20,MTGP,5.9e-06,1,3,4.0e-04,1.0e+00,1.6e-01,1.0e+00,4.1e-01,6.2e-03,motif-MTGP,CASSShmTGpdfgEQFF,CASSSHMTGPDFGEQFF,TRBV7-2,TRBJ2-1,CALSAHYNTDKLIF,Donor AJD3280:PB TCRab CD8ab Naive/TCM,1.000000,-,-,-,-,-,-,-,-,-,-,-
20,MTGP,5.9e-06,1,3,4.0e-04,1.0e+00,1.6e-01,1.0e+00,4.1e-01,6.2e-03,motif-MTGP,CSAnqmTGpdlYGYTF,CSANQMTGPDLYGYTF,TRBV20-1,TRBJ1-2,CAVAGSYQLTF,Donor AJD3280:L TCRab CD8ab Naive/TCM,1.000000,-,-,-,-,-,-,-,-,-,-,-

21,YSIQ,7.2e-06,1,3,1.3e-06,1.0e+00,8.0e-03,1.7e-01,1.6e-01,6.2e-03,motif-YSIQ,CASSYsiqDRvwNEQFF,CASSYSIQDRVWNEQFF,TRBV6-2,TRBJ2-1,CAESPYNNTDKLIF,Donor AJG2309:IEL TCRab CD8ab TRM,5.000000,-,-,-,-,-,-,-,-,-,-,-
21,YSIQ,7.2e-06,1,3,1.3e-06,1.0e+00,8.0e-03,1.7e-01,1.6e-01,6.2e-03,motif-YSIQ,CASSYsiqvaDTQYF,CASSYSIQVADTQYF,TRBV6-6,TRBJ2-3,CAVISNAGGTSYGKLTF,Donor AJG2309:LP TCRab CD8ab TRM,1.000000,-,-,-,-,-,-,-,-,-,-,-
21,YSIQ,7.2e-06,1,3,1.3e-06,1.0e+00,8.0e-03,1.7e-01,1.6e-01,6.2e-03,motif-YSIQ,CASSYsiqdlSYEQYF,CASSYSIQDLSYEQYF,TRBV6-2,TRBJ2-7,CAVRPSSSASKIIF,Donor AJG2309:IEL TCRab CD8ab TRM,1.000000,-,-,-,-,-,-,-,-,-,-,-
21,YSIQ,7.2e-06,1,3,1.3e-06,1.0e+00,8.0e-03,1.7e-01,1.6e-01,6.2e-03,motif-YSIQ,CASSYsiqdlSYEQYF,CASSYSIQDLSYEQYF,TRBV6-2,TRBJ2-7,CALSDGGGGGSYIPTF,Donor AJG2309:IEL TCRab CD8ab TRM,1.000000,-,-,-,-,-,-,-,-,-,-,-

22,QVSN,7.3e-06,3,4,1.1e-04,1.0e+00,2.8e-01,1.0e+00,1.6e-01,2.3e-03,motif-QVSN,CASSEdGQvsNEQFF,CASSEDGQVSNEQFF,TRBV25-1,TRBJ2-1,CAMREPQYNNNDMRF,Donor AJG2309:PB TCRab CD8ab Teff,1.000000,-,-,-,-,-,-,-,-,-,-,-
22,QVSN,7.3e-06,3,4,1.1e-04,1.0e+00,2.8e-01,1.0e+00,1.6e-01,2.3e-03,motif-QVSN,CASSPrqvsNSPLHF,CASSPRQVSNSPLHF,TRBV7-2,TRBJ1-6,CAVDNYGQNFVF,Donor AJD3280:L TCRab CD8ab TRM,1.000000,-,-,-,-,-,-,-,-,-,-,-
22,QVSN,7.3e-06,3,4,1.1e-04,1.0e+00,2.8e-01,1.0e+00,1.6e-01,2.3e-03,motif-QVSN,CASSYspnrqvsNEKLFF,CASSYSPNRQVSNEKLFF,TRBV6-2,TRBJ1-4,CAMKFLSDMRF,Donor AJKQ118:LP TCRab CD8ab TEM,1.000000,-,-,-,-,-,-,-,-,-,-,-
22,QVSN,7.3e-06,3,4,1.1e-04,1.0e+00,2.8e-01,1.0e+00,1.6e-01,2.3e-03,motif-QVSN,CASSQvsNSPLHF,CASSQVSNSPLHF,TRBV3-1,TRBJ1-6,CILRGHAGGTSYGKLTF,Donor AJKQ118:IEL TCRab CD8ab TRM,1.000000,-,-,-,-,-,-,-,-,-,-,-

23,DPPR,1.0e-05,2,4,2.2e-05,1.0e+00,2.8e-01,1.9e-01,1.7e-01,2.3e-03,motif-DPPR,CASSSsdpprvPQHF,CASSSSDPPRVPQHF,TRBV12-4,TRBJ1-5,CALSERGSSNTGKLIF,Donor AJG2309:L TCRab CD8ab TRM,4.000000,-,-,-,-,-,-,-,-,-,-,-
23,DPPR,1.0e-05,2,4,2.2e-05,1.0e+00,2.8e-01,1.9e-01,1.7e-01,2.3e-03,motif-DPPR,CASSDppraSYEQYF,CASSDPPRASYEQYF,TRBV6-1,TRBJ2-7,CAYNKLYGQNFVF,Donor AJG2309:IEL TCRab CD8ab TRM,1.000000,-,-,-,-,-,-,-,-,-,-,-
23,DPPR,1.0e-05,2,4,2.2e-05,1.0e+00,2.8e-01,1.9e-01,1.7e-01,2.3e-03,motif-DPPR,CASSQdpprTGyEKLFF,CASSQDPPRTGYEKLFF,TRBV4-3,TRBJ1-4,CAVNSSGYSGGGADGLTF,Donor AJD3280:PB TCRab CD8ab Naive/TCM,1.000000,-,-,-,-,-,-,-,-,-,-,-
23,DPPR,1.0e-05,2,4,2.2e-05,1.0e+00,2.8e-01,1.9e-01,1.7e-01,2.3e-03,motif-DPPR,CASStldpprrNEQFF,CASSTLDPPRRNEQFF,TRBV27,TRBJ2-1,CALGTGNQFYF,Donor AJG2309:IEL TCRab CD8ab TRM,1.000000,-,-,-,-,-,-,-,-,-,-,-

24,SQG%DTE,1.2e-05,2,3,9.8e-07,1.0e+00,1.6e-01,1.0e+00,1.0e-03,6.2e-03,global-SQG%DTE,CASSQgvdTEAFF,CASSQGVDTEAFF,TRBV11-3,TRBJ1-1,CAGIYSGAGSYQLTF,Donor AJKQ118:PB TCRab CD8ab Naive/TCM,1.000000,-,-,-,-,-,-,-,-,-,-,-
24,SQG%DTE,1.2e-05,2,3,9.8e-07,1.0e+00,1.6e-01,1.0e+00,1.0e-03,6.2e-03,global-SQG%DTE,CASSQGGdTEAFF,CASSQGGDTEAFF,TRBV12-4,TRBJ1-1,CAFMTPWGTYKYIF,Donor AJD3280:PB TCRab CD8ab Naive/TCM,1.000000,-,-,-,-,-,-,-,-,-,-,-
24,SQG%DTE,1.2e-05,2,3,9.8e-07,1.0e+00,1.6e-01,1.0e+00,1.0e-03,6.2e-03,global-SQG%DTE,CASSQGRdTEAFF,CASSQGRDTEAFF,TRBV4-1,TRBJ1-1,CLPDSCNYGGSQGNLIF,Donor AJD3280:PB TCRab CD8ab Naive/TCM,1.000000,-,-,-,-,-,-,-,-,-,-,-

25,SFAGGL%NE,1.2e-05,1,3,1.5e-09,1.0e+00,1.0e-03,2.4e-01,1.0e-03,6.2e-03,global-SFAGGL%NE,CASSfAGGlsNEQFF,CASSFAGGLSNEQFF,TRBV7-3,TRBJ2-1,CAVPRRSGYALNF,Donor AJD3280:IEL TCRab CD8ab TRM,1.000000,-,-,-,-,-,-,-,-,-,-,-
25,SFAGGL%NE,1.2e-05,1,3,1.5e-09,1.0e+00,1.0e-03,2.4e-01,1.0e-03,6.2e-03,global-SFAGGL%NE,CASSfAGGleNEQFF,CASSFAGGLENEQFF,TRBV7-3,TRBJ2-1,CIGPNSGYALNF,Donor AJD3280:IEL TCRab CD8ab TRM,1.000000,-,-,-,-,-,-,-,-,-,-,-
25,SFAGGL%NE,1.2e-05,1,3,1.5e-09,1.0e+00,1.0e-03,2.4e-01,1.0e-03,6.2e-03,global-SFAGGL%NE,CASSfAGGlmNEQFF,CASSFAGGLMNEQFF,TRBV7-3,TRBJ2-1,CASYTGGFKTIF,Donor AJD3280:IEL TCRab CD8ab TRM,3.000000,-,-,-,-,-,-,-,-,-,-,-

26,SQDR%AYE,1.2e-05,1,3,1.9e-08,1.0e+00,3.0e-03,1.0e+00,1.0e-03,6.2e-03,global-SQDR%AYE,CASSQDRiaYEQYF,CASSQDRIAYEQYF,TRBV4-3,TRBJ2-7,CVLCRDDKIIF,Donor AJD3280:IEL TCRab CD8ab TRM,1.000000,-,-,-,-,-,-,-,-,-,-,-
26,SQDR%AYE,1.2e-05,1,3,1.9e-08,1.0e+00,3.0e-03,1.0e+00,1.0e-03,6.2e-03,global-SQDR%AYE,CASSQDRvaYEQYF,CASSQDRVAYEQYF,TRBV4-3,TRBJ2-7,CAPNRDDKIIF,Donor AJD3280:IEL TCRab CD8ab TRM,1.000000,-,-,-,-,-,-,-,-,-,-,-
26,SQDR%AYE,1.2e-05,1,3,1.9e-08,1.0e+00,3.0e-03,1.0e+00,1.0e-03,6.2e-03,global-SQDR%AYE,CASSQDRGaYEQYF,CASSQDRGAYEQYF,TRBV4-2,TRBJ2-7,CAMNRDDKIIF,Donor AJD3280:IEL TCRab CD8ab TRM,1.000000,-,-,-,-,-,-,-,-,-,-,-

27,SLDR%NYG,1.2e-05,2,3,1.9e-08,1.0e+00,3.0e-03,1.0e+00,1.0e-03,6.2e-03,global-SLDR%NYG,CASSLDRtNYGYTF,CASSLDRTNYGYTF,TRBV7-8,TRBJ1-2,CALFWGTYKYIF,Donor AJG2309:PB TCRab CD8ab Naive/TCM,1.000000,-,-,-,-,-,-,-,-,-,-,-
27,SLDR%NYG,1.2e-05,2,3,1.9e-08,1.0e+00,3.0e-03,1.0e+00,1.0e-03,6.2e-03,global-SLDR%NYG,CASSLDRaNYGYTF,CASSLDRANYGYTF,TRBV5-1,TRBJ1-2,CVVSYMEYGNKLVF,Donor AJG2309:LP TCRab CD8ab TEM,1.000000,-,-,-,-,-,-,-,-,-,-,-
27,SLDR%NYG,1.2e-05,2,3,1.9e-08,1.0e+00,3.0e-03,1.0e+00,1.0e-03,6.2e-03,global-SLDR%NYG,CASSLDRGNYGYTF,CASSLDRGNYGYTF,TRBV7-8,TRBJ1-2,CAVSFQGGSEKLVF,Donor AJKQ118:PB TCRab CD8ab Naive/TCM,1.000000,-,-,-,-,-,-,-,-,-,-,-

28,SQ%T,1.2e-05,2,3,8.9e-07,1.0e+00,1.4e-01,1.0e+00,1.0e-03,6.2e-03,global-SQ%T,CASSQETQYF,CASSQETQYF,TRBV3-1,TRBJ2-5,CVITGGGNKLTF,Donor AJG2309:IEL TCRab CD8ab TRM,1.000000,-,-,-,-,-,-,-,-,-,-,-
28,SQ%T,1.2e-05,2,3,8.9e-07,1.0e+00,1.4e-01,1.0e+00,1.0e-03,6.2e-03,global-SQ%T,CSASqqTQYF,CSASQQTQYF,TRBV29-1,TRBJ2-5,CALRNSGNTPLVF,Donor AJD3280:L TCRab CD8ab TRM,1.000000,-,-,-,-,-,-,-,-,-,-,-
28,SQ%T,1.2e-05,2,3,8.9e-07,1.0e+00,1.4e-01,1.0e+00,1.0e-03,6.2e-03,global-SQ%T,CASSQdTIYF,CASSQDTIYF,TRBV12-3,TRBJ1-3,CAGDGAGSYQLTF,Donor AJD3280:IEL TCRab CD8ab TRM,1.000000,-,-,-,-,-,-,-,-,-,-,-

29,S%GVDT,1.2e-05,1,3,1.2e-06,1.0e+00,1.9e-01,1.0e+00,1.0e-03,6.2e-03,global-S%GVDT,CASSLgvDTQYF,CASSLGVDTQYF,TRBV27,TRBJ2-3,CAMREGPKKTSYDKVIF,Donor AJD3280:PB TCRab CD8ab Naive/TCM,1.000000,-,-,-,-,-,-,-,-,-,-,-
29,S%GVDT,1.2e-05,1,3,1.2e-06,1.0e+00,1.9e-01,1.0e+00,1.0e-03,6.2e-03,global-S%GVDT,CASSQgvDTQYF,CASSQGVDTQYF,TRBV4-2,TRBJ2-3,CAELHGGSQGNLIF,Donor AJD3280:PB TCRab CD8ab Naive/TCM,1.000000,-,-,-,-,-,-,-,-,-,-,-
29,S%GVDT,1.2e-05,1,3,1.2e-06,1.0e+00,1.9e-01,1.0e+00,1.0e-03,6.2e-03,global-S%GVDT,CASSSgvDTQYF,CASSSGVDTQYF,TRBV7-9,TRBJ2-3,CAEPGMDSSYKLIF,Donor AJD3280:IEL TCRab CD8ab TRM,1.000000,-,-,-,-,-,-,-,-,-,-,-

30,TLDY,1.4e-05,2,3,4.2e-04,1.0e+00,1.6e-01,1.0e+00,4.3e-01,6.2e-03,motif-TLDY,CAIqrpstldYGYTF,CAIQRPSTLDYGYTF,TRBV7-9,TRBJ1-2,CIVRELNDYKLSF,Donor AJD3280:L TCRab CD8ab TRM,1.000000,-,-,-,-,-,-,-,-,-,-,-
30,TLDY,1.4e-05,2,3,4.2e-04,1.0e+00,1.6e-01,1.0e+00,4.3e-01,6.2e-03,motif-TLDY,CATSRatldYGYTF,CATSRATLDYGYTF,TRBV15,TRBJ1-2,CAESIGGKLIF,Donor AJD3280:L TCRab CD8ab TRM,1.000000,-,-,-,-,-,-,-,-,-,-,-
30,TLDY,1.4e-05,2,3,4.2e-04,1.0e+00,1.6e-01,1.0e+00,4.3e-01,6.2e-03,motif-TLDY,CASSQGTetldYGYTF,CASSQGTETLDYGYTF,TRBV4-2,TRBJ1-2,CAMSDGAGGTSYGKLTF,Donor AJG2309:PB TCRab CD8ab Naive/TCM,1.000000,-,-,-,-,-,-,-,-,-,-,-

31,LDGN,1.9e-05,3,4,1.2e-04,1.0e+00,3.0e-01,1.0e+00,1.7e-01,2.3e-03,motif-LDGN,CASSfldgNYGYTF,CASSFLDGNYGYTF,TRBV6-5,TRBJ1-2,CGTVKTSYDKVIF,Donor AJG2309:IEL TCRab CD8ab TRM,1.000000,-,-,-,-,-,-,-,-,-,-,-
31,LDGN,1.9e-05,3,4,1.2e-04,1.0e+00,3.0e-01,1.0e+00,1.7e-01,2.3e-03,motif-LDGN,CASSLdgNQPQHF,CASSLDGNQPQHF,TRBV13,TRBJ1-5,CALSEASGNTPLVF,Donor AJG2309:IEL TCRab CD8ab TRM,1.000000,-,-,-,-,-,-,-,-,-,-,-
31,LDGN,1.9e-05,3,4,1.2e-04,1.0e+00,3.0e-01,1.0e+00,1.7e-01,2.3e-03,motif-LDGN,CASSLdgNEQFF,CASSLDGNEQFF,TRBV7-2,TRBJ2-1,CAGRDRDDKIIF,Donor AJKQ118:PB TCRab CD8ab Naive/TCM,1.000000,-,-,-,-,-,-,-,-,-,-,-
31,LDGN,1.9e-05,3,4,1.2e-04,1.0e+00,3.0e-01,1.0e+00,1.7e-01,2.3e-03,motif-LDGN,CAWSldgNTEAFF,CAWSLDGNTEAFF,TRBV30,TRBJ1-1,CAVTGDSNYQLIW,Donor AJD3280:L TCRab CD8ab Naive/TCM,1.000000,-,-,-,-,-,-,-,-,-,-,-

32,INSP,2.5e-05,3,4,5.4e-08,1.0e+00,4.3e-02,5.4e-01,1.0e-03,2.3e-03,motif-INSP,CSAtvvaaiNSPLHF,CSATVVAAINSPLHF,TRBV20-1,TRBJ1-6,CAVRDMNTGNQFYF,Donor AJD3280:IEL TCRab CD8ab TRM,1.000000,-,-,-,-,-,-,-,-,-,-,-
32,INSP,2.5e-05,3,4,5.4e-08,1.0e+00,4.3e-02,5.4e-01,1.0e-03,2.3e-03,motif-INSP,CASSLlqTGiNSPLHF,CASSLLQTGINSPLHF,TRBV7-6,TRBJ1-6,CAVNRGNTGFQKLVF,Donor AJKQ118:IEL TCRab CD8ab TRM,2.000000,-,-,-,-,-,-,-,-,-,-,-
32,INSP,2.5e-05,3,4,5.4e-08,1.0e+00,4.3e-02,5.4e-01,1.0e-03,2.3e-03,motif-INSP,CASTKgeliNSPLHF,CASTKGELINSPLHF,TRBV19,TRBJ1-6,CVVGTGGGNKLTF,Donor AJG2309:IEL TCRab CD8ab TRM,1.000000,-,-,-,-,-,-,-,-,-,-,-
32,INSP,2.5e-05,3,4,5.4e-08,1.0e+00,4.3e-02,5.4e-01,1.0e-03,2.3e-03,motif-INSP,CASTKgeliNSPLHF,CASTKGELINSPLHF,TRBV19,TRBJ1-6,CVVGTGGGNKLTF,Donor AJG2309:LP TCRab CD8ab TRM,1.000000,-,-,-,-,-,-,-,-,-,-,-
32,INSP,2.5e-05,3,4,5.4e-08,1.0e+00,4.3e-02,5.4e-01,1.0e-03,2.3e-03,motif-INSP,CASSDpDRGiNSPLHF,CASSDPDRGINSPLHF,TRBV19,TRBJ1-6,CARRGSGNTGKLIF,Donor AJKQ118:PB TCRab CD8ab Naive/TCM,1.000000,-,-,-,-,-,-,-,-,-,-,-

33,QDLA,3.1e-05,2,4,9.8e-07,1.0e+00,1.0e-03,1.0e+00,4.2e-01,2.3e-03,motif-QDLA,CASSQdLAGGlaDTQYF,CASSQDLAGGLADTQYF,TRBV4-3,TRBJ2-3,CAMREATNAGGTSYGKLTF,Donor AJKQ118:IEL TCRab CD8ab TRM,1.000000,-,-,-,-,-,-,-,-,-,-,-
33,QDLA,3.1e-05,2,4,9.8e-07,1.0e+00,1.0e-03,1.0e+00,4.2e-01,2.3e-03,motif-QDLA,CASSQdLAGGlaDTQYF,CASSQDLAGGLADTQYF,TRBV4-3,TRBJ2-3,CAMREATNAGGTSYGKLTF,Donor AJKQ118:L TCRab CD8ab Teff,1.000000,-,-,-,-,-,-,-,-,-,-,-
33,QDLA,3.1e-05,2,4,9.8e-07,1.0e+00,1.0e-03,1.0e+00,4.2e-01,2.3e-03,motif-QDLA,CASSQdLAGGpDTQYF,CASSQDLAGGPDTQYF,TRBV4-3,TRBJ2-3,CAVEPPNTGGFKTIF,Donor AJD3280:L TCRab CD8ab TRM,1.000000,-,-,-,-,-,-,-,-,-,-,-
33,QDLA,3.1e-05,2,4,9.8e-07,1.0e+00,1.0e-03,1.0e+00,4.2e-01,2.3e-03,motif-QDLA,CASSQdLAGYEQYF,CASSQDLAGYEQYF,TRBV4-3,TRBJ2-7,CAVRDSNYQLIW,Donor AJKQ118:L TCRab CD8ab MAIT,1.000000,-,-,-,-,-,-,-,-,-,-,-
33,QDLA,3.1e-05,2,4,9.8e-07,1.0e+00,1.0e-03,1.0e+00,4.2e-01,2.3e-03,motif-QDLA,CASSQdLAQPQHF,CASSQDLAQPQHF,TRBV4-2,TRBJ1-5,CALLSGGGADGLTF,Donor AJD3280:PB TCRab CD8ab Teff,1.000000,-,-,-,-,-,-,-,-,-,-,-

34,HPGL,3.2e-05,2,4,5.1e-04,1.0e+00,3.2e-01,1.0e+00,6.8e-01,2.3e-03,motif-HPGL,CASShpGLsqEQFF,CASSHPGLSQEQFF,TRBV4-3,TRBJ2-1,CATDRVFDSNYQLIW,Donor AJG2309:LP TCRab CD8ab TRM,1.000000,-,-,-,-,-,-,-,-,-,-,-
34,HPGL,3.2e-05,2,4,5.1e-04,1.0e+00,3.2e-01,1.0e+00,6.8e-01,2.3e-03,motif-HPGL,CASSEahpGLTEAFF,CASSEAHPGLTEAFF,TRBV6-1,TRBJ1-1,CAFTEGYNAGNMLTF,Donor AJD3280:PB TCRab CD8ab Naive/TCM,1.000000,-,-,-,-,-,-,-,-,-,-,-
34,HPGL,3.2e-05,2,4,5.1e-04,1.0e+00,3.2e-01,1.0e+00,6.8e-01,2.3e-03,motif-HPGL,CASShpGLAGGsSYNEQFF,CASSHPGLAGGSSYNEQFF,TRBV4-2,TRBJ2-1,CALSEAGGAQKLVF,Donor AJG2309:LP TCRab CD8ab TRM,1.000000,-,-,-,-,-,-,-,-,-,-,-
34,HPGL,3.2e-05,2,4,5.1e-04,1.0e+00,3.2e-01,1.0e+00,6.8e-01,2.3e-03,motif-HPGL,CASThpGLAfTGELFF,CASTHPGLAFTGELFF,TRBV7-9,TRBJ2-2,CAASVGNEKLTF,Donor AJG2309:IEL TCRab CD8ab TRM,1.000000,-,-,-,-,-,-,-,-,-,-,-

35,GPSI,3.8e-05,2,3,3.3e-07,1.0e+00,2.6e-02,2.9e-01,7.0e-03,6.2e-03,motif-GPSI,CASSItQGpsIQYF,CASSITQGPSIQYF,TRBV7-6,TRBJ2-4,CAVNIKAAGNKLTF,Donor AJKQ118:IEL TCRab CD8ab TRM,3.000000,-,-,-,-,-,-,-,-,-,-,-
35,GPSI,3.8e-05,2,3,3.3e-07,1.0e+00,2.6e-02,2.9e-01,7.0e-03,6.2e-03,motif-GPSI,CASSItQGpsIQYF,CASSITQGPSIQYF,TRBV7-6,TRBJ2-4,CAVNIKAAGNKLTF,Donor AJKQ118:L TCRab CD8ab TRM,1.000000,-,-,-,-,-,-,-,-,-,-,-
35,GPSI,3.8e-05,2,3,3.3e-07,1.0e+00,2.6e-02,2.9e-01,7.0e-03,6.2e-03,motif-GPSI,CASSLgpsisNEQFF,CASSLGPSISNEQFF,TRBV7-7,TRBJ2-1,CALPTGANSKLTF,Donor AJD3280:IEL TCRab CD8ab TRM,1.000000,-,-,-,-,-,-,-,-,-,-,-
35,GPSI,3.8e-05,2,3,3.3e-07,1.0e+00,2.6e-02,2.9e-01,7.0e-03,6.2e-03,motif-GPSI,CASSngpsirETQYF,CASSNGPSIRETQYF,TRBV6-5,TRBJ2-5,CAIGNTGNQFYF,Donor AJD3280:L TCRab CD8ab Naive/TCM,1.000000,-,-,-,-,-,-,-,-,-,-,-

36,SPTQ,4.0e-05,2,4,4.5e-04,1.0e+00,2.8e-01,1.0e+00,6.7e-01,2.3e-03,motif-SPTQ,CASSPtQGTGELFF,CASSPTQGTGELFF,TRBV11-2,TRBJ2-2,CAALRDSWGKLQF,Donor AJKQ118:PB TCRab CD8ab Naive/TCM,1.000000,-,-,-,-,-,-,-,-,-,-,-
36,SPTQ,4.0e-05,2,4,4.5e-04,1.0e+00,2.8e-01,1.0e+00,6.7e-01,2.3e-03,motif-SPTQ,CASSPtqNTEAFF,CASSPTQNTEAFF,TRBV19,TRBJ1-1,CLLGPTGANSKLTF,Donor AJD3280:PB TCRab CD8ab Naive/TCM,1.000000,-,-,-,-,-,-,-,-,-,-,-
36,SPTQ,4.0e-05,2,4,4.5e-04,1.0e+00,2.8e-01,1.0e+00,6.7e-01,2.3e-03,motif-SPTQ,CASSPtQETQYF,CASSPTQETQYF,TRBV6-5,TRBJ2-5,CAVSSGAGSYQLTF,Donor AJD3280:IEL TCRab CD8ab TRM,1.000000,-,-,-,-,-,-,-,-,-,-,-
36,SPTQ,4.0e-05,2,4,4.5e-04,1.0e+00,2.8e-01,1.0e+00,6.7e-01,2.3e-03,motif-SPTQ,CASSPtQGgvNTEAFF,CASSPTQGGVNTEAFF,TRBV7-6,TRBJ1-1,CAMREYNNNDMRF,Donor AJD3280:IEL TCRab CD8ab TRM,1.000000,-,-,-,-,-,-,-,-,-,-,-

37,QGHG,4.0e-05,3,4,2.2e-07,1.0e+00,2.3e-02,1.0e+00,4.0e-03,2.3e-03,motif-QGHG,CASSLrGQGhGYTF,CASSLRGQGHGYTF,TRBV7-2,TRBJ1-2,CAASMKETSGSRLTF,Donor AJD3280:L TCRab CD8ab Naive/TCM,1.000000,-,-,-,-,-,-,-,-,-,-,-
37,QGHG,4.0e-05,3,4,2.2e-07,1.0e+00,2.3e-02,1.0e+00,4.0e-03,2.3e-03,motif-QGHG,CASSLQGhgkETQYF,CASSLQGHGKETQYF,TRBV27,TRBJ2-5,CALSEAEWYSGGYQKVTF,Donor AJD3280:LP TCRab CD8ab TEM,1.000000,-,-,-,-,-,-,-,-,-,-,-
37,QGHG,4.0e-05,3,4,2.2e-07,1.0e+00,2.3e-02,1.0e+00,4.0e-03,2.3e-03,motif-QGHG,CASSSiQGhgDTQYF,CASSSIQGHGDTQYF,TRBV27,TRBJ2-3,CALSEGTALIF,Donor AJKQ118:PB TCRab CD8ab Naive/TCM,1.000000,-,-,-,-,-,-,-,-,-,-,-
37,QGHG,4.0e-05,3,4,2.2e-07,1.0e+00,2.3e-02,1.0e+00,4.0e-03,2.3e-03,motif-QGHG,CASSLpaQGhGYTF,CASSLPAQGHGYTF,TRBV13,TRBJ1-2,CALSEIAGGSYIPTF,Donor AJG2309:PB TCRab CD8ab Naive/TCM,1.000000,-,-,-,-,-,-,-,-,-,-,-

38,SL%GPE,4.7e-05,2,3,1.1e-07,1.0e+00,1.4e-01,1.3e-01,1.0e-03,6.2e-03,global-SL%GPE,CASSLGGpEAFF,CASSLGGPEAFF,TRBV12-3,TRBJ1-1,CAMREKNSGGSNYKLTF,Donor AJD3280:L TCRab CD8ab Naive/TCM,1.000000,-,-,-,-,-,-,-,-,-,-,-
38,SL%GPE,4.7e-05,2,3,1.1e-07,1.0e+00,1.4e-01,1.3e-01,1.0e-03,6.2e-03,global-SL%GPE,CASSLRGpEAFF,CASSLRGPEAFF,TRBV12-4,TRBJ1-1,CAVSGNTGRRALTF,Donor AJD3280:PB TCRab CD8ab Teff,1.000000,-,-,-,-,-,-,-,-,-,-,-
38,SL%GPE,4.7e-05,2,3,1.1e-07,1.0e+00,1.4e-01,1.3e-01,1.0e-03,6.2e-03,global-SL%GPE,CASSLQGpEAFF,CASSLQGPEAFF,TRBV28,TRBJ1-1,CATAGNSGGYQKVTF,Donor AJKQ118:IEL TCRab CD8ab TRM,4.000000,-,-,-,-,-,-,-,-,-,-,-

39,SVG%TGE,4.7e-05,2,3,3.9e-08,1.0e+00,2.4e-02,2.6e-01,1.0e-03,6.2e-03,global-SVG%TGE,CAWSvgiTGEAFF,CAWSVGITGEAFF,TRBV30,TRBJ1-1,CATDAGAGKSTF,Donor AJD3280:IEL TCRab CD8ab TRM,1.000000,-,-,-,-,-,-,-,-,-,-,-
39,SVG%TGE,4.7e-05,2,3,3.9e-08,1.0e+00,2.4e-02,2.6e-01,1.0e-03,6.2e-03,global-SVG%TGE,CASSVGGTGELFF,CASSVGGTGELFF,TRBV9,TRBJ2-2,CAVGPNSGYALNF,Donor AJG2309:L TCRab CD8ab Teff,1.000000,-,-,-,-,-,-,-,-,-,-,-
39,SVG%TGE,4.7e-05,2,3,3.9e-08,1.0e+00,2.4e-02,2.6e-01,1.0e-03,6.2e-03,global-SVG%TGE,CASSVGGTGELFF,CASSVGGTGELFF,TRBV9,TRBJ2-2,CAVGPNSGYALNF,Donor AJG2309:PB TCRab CD8ab Teff,3.000000,-,-,-,-,-,-,-,-,-,-,-
39,SVG%TGE,4.7e-05,2,3,3.9e-08,1.0e+00,2.4e-02,2.6e-01,1.0e-03,6.2e-03,global-SVG%TGE,CASSVgeTGELFF,CASSVGETGELFF,TRBV6-4,TRBJ2-2,CAVMDSSYKLIF,Donor AJD3280:L TCRab CD8ab TRM,1.000000,-,-,-,-,-,-,-,-,-,-,-

40,SFSS%E,4.7e-05,2,3,9.7e-07,1.0e+00,1.6e-01,1.0e+00,1.0e-03,6.2e-03,global-SFSS%E,CASSfsSYEQYF,CASSFSSYEQYF,TRBV11-2,TRBJ2-7,CAVQHTGARLMF,Donor AJD3280:IEL TCRab CD8ab TRM,1.000000,-,-,-,-,-,-,-,-,-,-,-
40,SFSS%E,4.7e-05,2,3,9.7e-07,1.0e+00,1.6e-01,1.0e+00,1.0e-03,6.2e-03,global-SFSS%E,CASSfssdEQYF,CASSFSSDEQYF,TRBV28,TRBJ2-7,CAPSGAGGYNKLIF,Donor AJG2309:IEL TCRab CD8ab TRM,1.000000,-,-,-,-,-,-,-,-,-,-,-
40,SFSS%E,4.7e-05,2,3,9.7e-07,1.0e+00,1.6e-01,1.0e+00,1.0e-03,6.2e-03,global-SFSS%E,CASSfssNEQFF,CASSFSSNEQFF,TRBV5-6,TRBJ2-1,CAPTGSSNTGKLIF,Donor AJD3280:PB TCRab CD8ab Naive/TCM,1.000000,-,-,-,-,-,-,-,-,-,-,-

41,SQQG%E,4.7e-05,1,3,6.2e-09,1.0e+00,1.0e-03,1.0e+00,1.0e-03,6.2e-03,global-SQQG%E,CASSQQGsEAFF,CASSQQGSEAFF,TRBV3-1,TRBJ1-1,CAVSQTGGFKTIF,Donor AJD3280:IEL TCRab CD8ab TRM,1.000000,-,-,-,-,-,-,-,-,-,-,-
41,SQQG%E,4.7e-05,1,3,6.2e-09,1.0e+00,1.0e-03,1.0e+00,1.0e-03,6.2e-03,global-SQQG%E,CASSQQGaEQYF,CASSQQGAEQYF,TRBV3-1,TRBJ2-7,CAVRPRFSDGQKLLF,Donor AJD3280:IEL TCRab CD8ab TRM,1.000000,-,-,-,-,-,-,-,-,-,-,-
41,SQQG%E,4.7e-05,1,3,6.2e-09,1.0e+00,1.0e-03,1.0e+00,1.0e-03,6.2e-03,global-SQQG%E,CASSQQGaEQYF,CASSQQGAEQYF,TRBV3-1,TRBJ2-7,CAGPYTGGFKTIF,Donor AJD3280:IEL TCRab CD8ab TRM,1.000000,-,-,-,-,-,-,-,-,-,-,-
41,SQQG%E,4.7e-05,1,3,6.2e-09,1.0e+00,1.0e-03,1.0e+00,1.0e-03,6.2e-03,global-SQQG%E,CASSQQGaEQYF,CASSQQGAEQYF,TRBV3-1,TRBJ2-7,CAVRPRFSDGQKLLF,Donor AJD3280:LP TCRab CD8ab TRM,1.000000,-,-,-,-,-,-,-,-,-,-,-
41,SQQG%E,4.7e-05,1,3,6.2e-09,1.0e+00,1.0e-03,1.0e+00,1.0e-03,6.2e-03,global-SQQG%E,CASSQQGsEQYF,CASSQQGSEQYF,TRBV3-1,TRBJ2-7,CAVSDTGGFKTIF,Donor AJD3280:IEL TCRab CD8ab TRM,1.000000,-,-,-,-,-,-,-,-,-,-,-

42,TESY,5.0e-05,2,4,5.8e-07,1.0e+00,3.0e-03,4.7e-01,1.8e-01,2.3e-03,motif-TESY,CASSLTGteSYEQYF,CASSLTGTESYEQYF,TRBV6-2,TRBJ2-7,CAVTDSNYQLIW,Donor AJKQ118:L TCRab CD8ab TRM,1.000000,-,-,-,-,-,-,-,-,-,-,-
42,TESY,5.0e-05,2,4,5.8e-07,1.0e+00,3.0e-03,4.7e-01,1.8e-01,2.3e-03,motif-TESY,CSAkgvteSYNEQFF,CSAKGVTESYNEQFF,TRBV20-1,TRBJ2-1,CAVSQVASGTYKYIF,Donor AJD3280:IEL TCRab CD8ab TRM,1.000000,-,-,-,-,-,-,-,-,-,-,-
42,TESY,5.0e-05,2,4,5.8e-07,1.0e+00,3.0e-03,4.7e-01,1.8e-01,2.3e-03,motif-TESY,CAgSGteSYEQYF,CAGSGTESYEQYF,TRBV6-2,TRBJ2-7,CSLALYNAGNNRKLIW,Donor AJD3280:IEL TCRab CD8ab TRM,2.000000,-,-,-,-,-,-,-,-,-,-,-
42,TESY,5.0e-05,2,4,5.8e-07,1.0e+00,3.0e-03,4.7e-01,1.8e-01,2.3e-03,motif-TESY,CASSRrteSYEQYF,CASSRRTESYEQYF,TRBV6-2,TRBJ2-7,CAVKADYKLSF,Donor AJD3280:PB TCRab CD8ab Naive/TCM,1.000000,-,-,-,-,-,-,-,-,-,-,-

43,SDSQ,5.0e-05,2,4,4.1e-06,1.0e+00,2.5e-02,1.0e+00,7.0e-02,2.3e-03,motif-SDSQ,CASSDsQGTDTQYF,CASSDSQGTDTQYF,TRBV6-4,TRBJ2-3,CAVMDSNYQLIW,Donor AJD3280:L TCRab CD8ab TRM,1.000000,-,-,-,-,-,-,-,-,-,-,-
43,SDSQ,5.0e-05,2,4,4.1e-06,1.0e+00,2.5e-02,1.0e+00,7.0e-02,2.3e-03,motif-SDSQ,CAISdsqvmgnQYF,CAISDSQVMGNQYF,TRBV10-3,TRBJ2-5,CAYGEGAQKLVF,Donor AJKQ118:L TCRab CD8ab TRM,1.000000,-,-,-,-,-,-,-,-,-,-,-
43,SDSQ,5.0e-05,2,4,4.1e-06,1.0e+00,2.5e-02,1.0e+00,7.0e-02,2.3e-03,motif-SDSQ,CATSDsQGsDTQYF,CATSDSQGSDTQYF,TRBV24-1,TRBJ2-3,CAPRTNYGQNFVF,Donor AJD3280:L TCRab CD8ab Naive/TCM,1.000000,-,-,-,-,-,-,-,-,-,-,-
43,SDSQ,5.0e-05,2,4,4.1e-06,1.0e+00,2.5e-02,1.0e+00,7.0e-02,2.3e-03,motif-SDSQ,CASSDsQGaTGELFF,CASSDSQGATGELFF,TRBV6-4,TRBJ2-2,CAVTDSNYQLIW,Donor AJD3280:L TCRab CD8ab TRM,1.000000,-,-,-,-,-,-,-,-,-,-,-

44,DYH,5.0e-05,2,4,4.8e-04,1.0e+00,3.0e-01,1.0e+00,6.9e-01,2.3e-03,motif-DYH,CATSDAGdyhIQYF,CATSDAGDYHIQYF,TRBV24-1,TRBJ2-4,CGADIQLTGGGNKLTF,Donor AJG2309:L TCRab CD8ab TRM,1.000000,-,-,-,-,-,-,-,-,-,-,-
44,DYH,5.0e-05,2,4,4.8e-04,1.0e+00,3.0e-01,1.0e+00,6.9e-01,2.3e-03,motif-DYH,CSAGrdyhNEQFF,CSAGRDYHNEQFF,TRBV20-1,TRBJ2-1,CAVLDSNYQLIW,Donor AJD3280:IEL TCRab CD8ab TRM,1.000000,-,-,-,-,-,-,-,-,-,-,-
44,DYH,5.0e-05,2,4,4.8e-04,1.0e+00,3.0e-01,1.0e+00,6.9e-01,2.3e-03,motif-DYH,CASSPdyhEQYF,CASSPDYHEQYF,TRBV7-9,TRBJ2-7,CALSEGTDSWGKLQF,Donor AJG2309:IEL TCRab CD8ab TRM,1.000000,-,-,-,-,-,-,-,-,-,-,-
44,DYH,5.0e-05,2,4,4.8e-04,1.0e+00,3.0e-01,1.0e+00,6.9e-01,2.3e-03,motif-DYH,CASSLDRdyhQPQHF,CASSLDRDYHQPQHF,TRBV2,TRBJ1-5,CAVRAITGGGNKLTF,Donor AJD3280:LP TCRab CD8ab TRM,1.000000,-,-,-,-,-,-,-,-,-,-,-

45,EIF,6.2e-05,1,4,1.7e-05,1.0e+00,2.9e-01,1.5e-01,1.7e-01,2.3e-03,motif-EIF,CASSaTGeiflDTQYF,CASSATGEIFLDTQYF,TRBV9,TRBJ2-3,CAVRDSSGGSYIPTF,Donor AJD3280:PB TCRab CD8ab Naive/TCM,1.000000,-,-,-,-,-,-,-,-,-,-,-
45,EIF,6.2e-05,1,4,1.7e-05,1.0e+00,2.9e-01,1.5e-01,1.7e-01,2.3e-03,motif-EIF,CAWSpdREifTEAFF,CAWSPDREIFTEAFF,TRBV30,TRBJ1-1,CAVNNSNYQLIW,Donor AJD3280:L TCRab CD8ab TRM,5.000000,-,-,-,-,-,-,-,-,-,-,-
45,EIF,6.2e-05,1,4,1.7e-05,1.0e+00,2.9e-01,1.5e-01,1.7e-01,2.3e-03,motif-EIF,CASSLeifGGsGYTF,CASSLEIFGGSGYTF,TRBV5-4,TRBJ1-2,CAERTDEKLTF,Donor AJD3280:L TCRab CD8ab Naive/TCM,1.000000,-,-,-,-,-,-,-,-,-,-,-
45,EIF,6.2e-05,1,4,1.7e-05,1.0e+00,2.9e-01,1.5e-01,1.7e-01,2.3e-03,motif-EIF,CASSEifTDTQYF,CASSEIFTDTQYF,TRBV12-4,TRBJ2-3,CVVSSNQAGTALIF,Donor AJD3280:PB TCRab CD8ab Teff,1.000000,-,-,-,-,-,-,-,-,-,-,-

46,QSGS,7.7e-05,3,3,1.2e-05,1.0e+00,1.5e-01,4.0e-01,3.4e-02,6.2e-03,motif-QSGS,CASSPqSGsmNTEAFF,CASSPQSGSMNTEAFF,TRBV9,TRBJ1-1,CAVRDGQAGTALIF,Donor AJD3280:PB TCRab CD8ab Naive/TCM,1.000000,-,-,-,-,-,-,-,-,-,-,-
46,QSGS,7.7e-05,3,3,1.2e-05,1.0e+00,1.5e-01,4.0e-01,3.4e-02,6.2e-03,motif-QSGS,CASSfqSGsSYNEQFF,CASSFQSGSSYNEQFF,TRBV5-1,TRBJ2-1,CAVEGNTPLVF,Donor AJG2309:LP TCRab CD8ab TEM,1.000000,-,-,-,-,-,-,-,-,-,-,-
46,QSGS,7.7e-05,3,3,1.2e-05,1.0e+00,1.5e-01,4.0e-01,3.4e-02,6.2e-03,motif-QSGS,CASSQSGshEQYF,CASSQSGSHEQYF,TRBV7-2,TRBJ2-7,CAVGPQGGFKTIF,Donor AJKQ118:L TCRab CD8ab TRM,2.000000,-,-,-,-,-,-,-,-,-,-,-

47,WTDY,7.7e-05,2,3,2.9e-05,1.0e+00,1.4e-01,1.0e+00,3.4e-02,6.2e-03,motif-WTDY,CASSRwtdYGYTF,CASSRWTDYGYTF,TRBV3-1,TRBJ1-2,CIVRVEETGTASKLTF,Donor AJD3280:LP TCRab CD8ab TEM,1.000000,-,-,-,-,-,-,-,-,-,-,-
47,WTDY,7.7e-05,2,3,2.9e-05,1.0e+00,1.4e-01,1.0e+00,3.4e-02,6.2e-03,motif-WTDY,CATSswtdYNEQFF,CATSSWTDYNEQFF,TRBV15,TRBJ2-1,CAFLSGGSNYKLTF,Donor AJKQ118:L TCRab CD8ab TRM,1.000000,-,-,-,-,-,-,-,-,-,-,-
47,WTDY,7.7e-05,2,3,2.9e-05,1.0e+00,1.4e-01,1.0e+00,3.4e-02,6.2e-03,motif-WTDY,CASSQwtdYGYTF,CASSQWTDYGYTF,TRBV16,TRBJ1-2,CALSEANAGKSTF,Donor AJD3280:PB TCRab CD8ab Teff,1.000000,-,-,-,-,-,-,-,-,-,-,-

48,SSTF,1.1e-04,2,3,4.2e-04,1.0e+00,1.6e-01,1.0e+00,4.2e-01,6.2e-03,motif-SSTF,CASSStftldTEAFF,CASSSTFTLDTEAFF,TRBV6-6,TRBJ1-1,CAPRGATNKLIF,Donor AJKQ118:PB TCRab CD8ab Naive/TCM,1.000000,-,-,-,-,-,-,-,-,-,-,-
48,SSTF,1.1e-04,2,3,4.2e-04,1.0e+00,1.6e-01,1.0e+00,4.2e-01,6.2e-03,motif-SSTF,CASSStfTGELFF,CASSSTFTGELFF,TRBV7-6,TRBJ2-2,CAVNQAGTALIF,Donor AJD3280:L TCRab CD8ab TRM,1.000000,-,-,-,-,-,-,-,-,-,-,-
48,SSTF,1.1e-04,2,3,4.2e-04,1.0e+00,1.6e-01,1.0e+00,4.2e-01,6.2e-03,motif-SSTF,CASSStfSGNTIYF,CASSSTFSGNTIYF,TRBV13,TRBJ1-3,CAYRGTGNQFYF,Donor AJKQ118:PB TCRab CD8ab Naive/TCM,1.000000,-,-,-,-,-,-,-,-,-,-,-

49,DGTL,1.1e-04,2,3,9.2e-05,1.0e+00,1.6e-01,4.2e-01,2.3e-01,6.2e-03,motif-DGTL,CASrdGTlypsEQYF,CASRDGTLYPSEQYF,TRBV6-6,TRBJ2-7,CAVRDLDNTDKLIF,Donor AJD3280:IEL TCRab CD8ab TRM,2.000000,-,-,-,-,-,-,-,-,-,-,-
49,DGTL,1.1e-04,2,3,9.2e-05,1.0e+00,1.6e-01,4.2e-01,2.3e-01,6.2e-03,motif-DGTL,CASSLdgtlQGssTEAFF,CASSLDGTLQGSSTEAFF,TRBV5-1,TRBJ1-1,CALSEAYTGRRALTF,Donor AJG2309:LP TCRab CD8ab TRM,1.000000,-,-,-,-,-,-,-,-,-,-,-
49,DGTL,1.1e-04,2,3,9.2e-05,1.0e+00,1.6e-01,4.2e-01,2.3e-01,6.2e-03,motif-DGTL,CASSQdGTlGNTIYF,CASSQDGTLGNTIYF,TRBV4-2,TRBJ1-3,CAASAAGNQFYF,Donor AJD3280:L TCRab CD8ab TRM,1.000000,-,-,-,-,-,-,-,-,-,-,-

50,TLST,1.1e-04,2,3,2.5e-05,1.0e+00,1.7e-01,1.0e-01,2.3e-01,6.2e-03,motif-TLST,CASSnTGtlsTGELFF,CASSNTGTLSTGELFF,TRBV6-2,TRBJ2-2,CALSEAPHNNARLMF,Donor AJG2309:IEL TCRab CD8ab TRM,5.000000,-,-,-,-,-,-,-,-,-,-,-
50,TLST,1.1e-04,2,3,2.5e-05,1.0e+00,1.7e-01,1.0e-01,2.3e-01,6.2e-03,motif-TLST,CAISaGTlstSNQPQHF,CAISAGTLSTSNQPQHF,TRBV10-3,TRBJ1-5,CALRTPRRNRDDKIIF,Donor AJD3280:PB TCRab CD8ab Naive/TCM,1.000000,-,-,-,-,-,-,-,-,-,-,-
50,TLST,1.1e-04,2,3,2.5e-05,1.0e+00,1.7e-01,1.0e-01,2.3e-01,6.2e-03,motif-TLST,CASSnpGQtlsTGELFF,CASSNPGQTLSTGELFF,TRBV7-9,TRBJ2-2,CAVLYSGAGSYQLTF,Donor AJD3280:IEL TCRab CD8ab TRM,1.000000,-,-,-,-,-,-,-,-,-,-,-

51,QNSP,1.2e-04,2,4,3.3e-06,1.0e+00,2.8e-01,1.0e+00,5.0e-03,2.3e-03,motif-QNSP,CAISEeRGqNSPLHF,CAISEERGQNSPLHF,TRBV10-3,TRBJ1-6,CVVNDYKLSF,Donor AJD3280:LP TCRab CD8ab TRM,1.000000,-,-,-,-,-,-,-,-,-,-,-
51,QNSP,1.2e-04,2,4,3.3e-06,1.0e+00,2.8e-01,1.0e+00,5.0e-03,2.3e-03,motif-QNSP,CASSLaGQNSPLHF,CASSLAGQNSPLHF,TRBV7-2,TRBJ1-6,CADGSGFQKLVF,Donor AJD3280:LP TCRab CD8ab TRM,1.000000,-,-,-,-,-,-,-,-,-,-,-
51,QNSP,1.2e-04,2,4,3.3e-06,1.0e+00,2.8e-01,1.0e+00,5.0e-03,2.3e-03,motif-QNSP,CASSLirqNSPLHF,CASSLIRQNSPLHF,TRBV11-2,TRBJ1-6,CAVAIYGQNFVF,Donor AJKQ118:IEL TCRab CD8ab TRM,1.000000,-,-,-,-,-,-,-,-,-,-,-
51,QNSP,1.2e-04,2,4,3.3e-06,1.0e+00,2.8e-01,1.0e+00,5.0e-03,2.3e-03,motif-QNSP,CASrppSGqNSPLHF,CASRPPSGQNSPLHF,TRBV6-4,TRBJ1-6,CAAASNSGGSNYKLTF,Donor AJD3280:PB TCRab CD8ab Teff,1.000000,-,-,-,-,-,-,-,-,-,-,-

52,SKQG,1.5e-04,2,4,5.4e-08,1.0e+00,4.0e-02,5.7e-01,1.0e-03,2.3e-03,motif-SKQG,CASSKqGTGeGYTF,CASSKQGTGEGYTF,TRBV19,TRBJ1-2,CAASVYNTDKLIF,Donor AJD3280:PB TCRab CD8ab Naive/TCM,1.000000,-,-,-,-,-,-,-,-,-,-,-
52,SKQG,1.5e-04,2,4,5.4e-08,1.0e+00,4.0e-02,5.7e-01,1.0e-03,2.3e-03,motif-SKQG,CASSKQGeEKLFF,CASSKQGEEKLFF,TRBV27,TRBJ1-4,CAVQGGKLIF,Donor AJKQ118:IEL TCRab CD8ab TRM,1.000000,-,-,-,-,-,-,-,-,-,-,-
52,SKQG,1.5e-04,2,4,5.4e-08,1.0e+00,4.0e-02,5.7e-01,1.0e-03,2.3e-03,motif-SKQG,CASSKQGeEKLFF,CASSKQGEEKLFF,TRBV27,TRBJ1-4,CAVQGGKLIF,Donor AJKQ118:LP TCRab CD8ab TRM,1.000000,-,-,-,-,-,-,-,-,-,-,-
52,SKQG,1.5e-04,2,4,5.4e-08,1.0e+00,4.0e-02,5.7e-01,1.0e-03,2.3e-03,motif-SKQG,CASSKQGrQETQYF,CASSKQGRQETQYF,TRBV13,TRBJ2-5,CAVGDYKLSF,Donor AJD3280:IEL TCRab CD8ab TRM,1.000000,-,-,-,-,-,-,-,-,-,-,-
52,SKQG,1.5e-04,2,4,5.4e-08,1.0e+00,4.0e-02,5.7e-01,1.0e-03,2.3e-03,motif-SKQG,CASSKQGsNEKLFF,CASSKQGSNEKLFF,TRBV27,TRBJ1-4,CAALNTGGFKTIF,Donor AJD3280:IEL TCRab CD8ab TRM,2.000000,-,-,-,-,-,-,-,-,-,-,-

53,S%GRNTE,1.7e-04,2,4,2.3e-08,1.0e+00,1.8e-02,5.4e-01,1.0e-03,2.3e-03,global-S%GRNTE,CASSfGRNTEAFF,CASSFGRNTEAFF,TRBV11-3,TRBJ1-1,CAGTIMDSNYQLIW,Donor AJKQ118:IEL TCRab CD8ab TRM,1.000000,-,-,-,-,-,-,-,-,-,-,-
53,S%GRNTE,1.7e-04,2,4,2.3e-08,1.0e+00,1.8e-02,5.4e-01,1.0e-03,2.3e-03,global-S%GRNTE,CASSmGRNTEAFF,CASSMGRNTEAFF,TRBV19,TRBJ1-1,CVVNGWSTLTF,Donor AJD3280:L TCRab CD8ab Teff,1.000000,-,-,-,-,-,-,-,-,-,-,-
53,S%GRNTE,1.7e-04,2,4,2.3e-08,1.0e+00,1.8e-02,5.4e-01,1.0e-03,2.3e-03,global-S%GRNTE,CAWSwGRNTEAFF,CAWSWGRNTEAFF,TRBV30,TRBJ1-1,CVVNGFQKLVF,Donor AJKQ118:IEL TCRab CD8ab TRM,1.000000,-,-,-,-,-,-,-,-,-,-,-
53,S%GRNTE,1.7e-04,2,4,2.3e-08,1.0e+00,1.8e-02,5.4e-01,1.0e-03,2.3e-03,global-S%GRNTE,CAWSwGRNTEAFF,CAWSWGRNTEAFF,TRBV30,TRBJ1-1,CAFLHTGANSKLTF,Donor AJKQ118:LP TCRab CD8ab TEM,1.000000,-,-,-,-,-,-,-,-,-,-,-
53,S%GRNTE,1.7e-04,2,4,2.3e-08,1.0e+00,1.8e-02,5.4e-01,1.0e-03,2.3e-03,global-S%GRNTE,CASSVGRNTEAFF,CASSVGRNTEAFF,TRBV19,TRBJ1-1,CVVNGYSTLTF,Donor AJD3280:L TCRab CD8ab Teff,2.000000,-,-,-,-,-,-,-,-,-,-,-

54,SL%NE,1.8e-04,2,5,2.4e-08,1.0e+00,2.5e-02,6.6e-01,1.0e-03,1.5e-03,global-SL%NE,CASSLaNEQFF,CASSLANEQFF,TRBV5-6,TRBJ2-1,CAASPNTGGFKTIF,Donor AJKQ118:PB TCRab CD8ab Naive/TCM,1.000000,-,-,-,-,-,-,-,-,-,-,-
54,SL%NE,1.8e-04,2,5,2.4e-08,1.0e+00,2.5e-02,6.6e-01,1.0e-03,1.5e-03,global-SL%NE,CASSLiNEQFF,CASSLINEQFF,TRBV11-2,TRBJ2-1,CAGRQDTGNQFYF,Donor AJG2309:IEL TCRab CD8ab TRM,2.000000,-,-,-,-,-,-,-,-,-,-,-
54,SL%NE,1.8e-04,2,5,2.4e-08,1.0e+00,2.5e-02,6.6e-01,1.0e-03,1.5e-03,global-SL%NE,CASSLiNEQFF,CASSLINEQFF,TRBV11-2,TRBJ2-1,CAGRQDTGNQFYF,Donor AJG2309:LP TCRab CD8ab TRM,1.000000,-,-,-,-,-,-,-,-,-,-,-
54,SL%NE,1.8e-04,2,5,2.4e-08,1.0e+00,2.5e-02,6.6e-01,1.0e-03,1.5e-03,global-SL%NE,CAWSlgnEQYF,CAWSLGNEQYF,TRBV30,TRBJ2-7,CLVGAQAGTALIF,Donor AJKQ118:PB TCRab CD8ab Naive/TCM,1.000000,-,-,-,-,-,-,-,-,-,-,-
54,SL%NE,1.8e-04,2,5,2.4e-08,1.0e+00,2.5e-02,6.6e-01,1.0e-03,1.5e-03,global-SL%NE,CASSLgNEQFF,CASSLGNEQFF,TRBV5-6,TRBJ2-1,CAMSDLGFGNVLHC,Donor AJKQ118:LP TCRab CD8ab TRM,1.000000,-,-,-,-,-,-,-,-,-,-,-
54,SL%NE,1.8e-04,2,5,2.4e-08,1.0e+00,2.5e-02,6.6e-01,1.0e-03,1.5e-03,global-SL%NE,CASSLfNEQFF,CASSLFNEQFF,TRBV7-9,TRBJ2-1,CALSEPTSGTYKYIF,Donor AJKQ118:PB TCRab CD8ab Naive/TCM,1.000000,-,-,-,-,-,-,-,-,-,-,-

55,SP%SGE,2.3e-04,3,3,1.0e-06,1.0e+00,1.6e-01,1.0e+00,1.0e-03,6.2e-03,global-SP%SGE,CASSPeSGEQYF,CASSPESGEQYF,TRBV4-2,TRBJ2-7,CAESMDSSYKLIF,Donor AJD3280:PB TCRab CD8ab Naive/TCM,1.000000,-,-,-,-,-,-,-,-,-,-,-
55,SP%SGE,2.3e-04,3,3,1.0e-06,1.0e+00,1.6e-01,1.0e+00,1.0e-03,6.2e-03,global-SP%SGE,CASSPnsGELFF,CASSPNSGELFF,TRBV3-1,TRBJ2-2,CAASSYGARLMF,Donor AJKQ118:IEL TCRab CD8ab TRM,1.000000,-,-,-,-,-,-,-,-,-,-,-
55,SP%SGE,2.3e-04,3,3,1.0e-06,1.0e+00,1.6e-01,1.0e+00,1.0e-03,6.2e-03,global-SP%SGE,CASSPdsGELFF,CASSPDSGELFF,TRBV28,TRBJ2-2,CAVFNDMRF,Donor AJG2309:IEL TCRab CD8ab TRM,1.000000,-,-,-,-,-,-,-,-,-,-,-

56,SPT%NTE,2.3e-04,1,3,9.1e-08,1.0e+00,2.6e-02,5.7e-01,1.0e-03,6.2e-03,global-SPT%NTE,CASSPtlNTEAFF,CASSPTLNTEAFF,TRBV3-1,TRBJ1-1,CAVGGTGGFKTIF,Donor AJD3280:L TCRab CD8ab TRM,2.000000,-,-,-,-,-,-,-,-,-,-,-
56,SPT%NTE,2.3e-04,1,3,9.1e-08,1.0e+00,2.6e-02,5.7e-01,1.0e-03,6.2e-03,global-SPT%NTE,CASSPtlNTEAFF,CASSPTLNTEAFF,TRBV3-1,TRBJ1-1,CAVGGTGGFKTIF,Donor AJD3280:L TCRab CD8ab Teff,1.000000,-,-,-,-,-,-,-,-,-,-,-
56,SPT%NTE,2.3e-04,1,3,9.1e-08,1.0e+00,2.6e-02,5.7e-01,1.0e-03,6.2e-03,global-SPT%NTE,CASSPtrNTEAFF,CASSPTRNTEAFF,TRBV7-3,TRBJ1-1,CAASMNGNTGKLIF,Donor AJD3280:PB TCRab CD8ab Naive/TCM,1.000000,-,-,-,-,-,-,-,-,-,-,-
56,SPT%NTE,2.3e-04,1,3,9.1e-08,1.0e+00,2.6e-02,5.7e-01,1.0e-03,6.2e-03,global-SPT%NTE,CASSPtrNTEAFF,CASSPTRNTEAFF,TRBV7-3,TRBJ1-1,CAASMNGNTGKLIF,Donor AJD3280:PB TCRab CD8ab TEM,1.000000,-,-,-,-,-,-,-,-,-,-,-
56,SPT%NTE,2.3e-04,1,3,9.1e-08,1.0e+00,2.6e-02,5.7e-01,1.0e-03,6.2e-03,global-SPT%NTE,CASSPtqNTEAFF,CASSPTQNTEAFF,TRBV19,TRBJ1-1,CLLGPTGANSKLTF,Donor AJD3280:PB TCRab CD8ab Naive/TCM,1.000000,-,-,-,-,-,-,-,-,-,-,-

57,PRVP,3.9e-04,1,2,2.6e-04,1.0e+00,5.4e-02,1.0e+00,1.7e-01,2.9e-02,motif-PRVP,CAWSprvpYEQYF,CAWSPRVPYEQYF,TRBV30,TRBJ2-7,CAGSGGGADGLTF,Donor AJD3280:PB TCRab CD8ab Naive/TCM,1.000000,-,-,-,-,-,-,-,-,-,-,-
57,PRVP,3.9e-04,1,2,2.6e-04,1.0e+00,5.4e-02,1.0e+00,1.7e-01,2.9e-02,motif-PRVP,CASSSprvpDRrlNIQYF,CASSSPRVPDRRLNIQYF,TRBV7-9,TRBJ2-4,CAMREGTGANSKLTF,Donor AJD3280:PB TCRab CD8ab Naive/TCM,1.000000,-,-,-,-,-,-,-,-,-,-,-

58,SQDRG%YE,3.9e-04,1,3,2.3e-09,1.0e+00,9.0e-03,4.1e-02,1.0e-03,6.2e-03,global-SQDRG%YE,CASSQDRGtYEQYF,CASSQDRGTYEQYF,TRBV4-3,TRBJ2-7,CLVVTGFQKLVF,Donor AJD3280:IEL TCRab CD8ab TRM,11.000000,-,-,-,-,-,-,-,-,-,-,-
58,SQDRG%YE,3.9e-04,1,3,2.3e-09,1.0e+00,9.0e-03,4.1e-02,1.0e-03,6.2e-03,global-SQDRG%YE,CASSQDRGtYEQYF,CASSQDRGTYEQYF,TRBV4-3,TRBJ2-7,CLVVTGFQKLVF,Donor AJD3280:LP TCRab CD8ab TRM,2.000000,-,-,-,-,-,-,-,-,-,-,-
58,SQDRG%YE,3.9e-04,1,3,2.3e-09,1.0e+00,9.0e-03,4.1e-02,1.0e-03,6.2e-03,global-SQDRG%YE,CASSQDRGaYEQYF,CASSQDRGAYEQYF,TRBV4-2,TRBJ2-7,CAMNRDDKIIF,Donor AJD3280:IEL TCRab CD8ab TRM,1.000000,-,-,-,-,-,-,-,-,-,-,-
58,SQDRG%YE,3.9e-04,1,3,2.3e-09,1.0e+00,9.0e-03,4.1e-02,1.0e-03,6.2e-03,global-SQDRG%YE,CASSQDRGnYEQYF,CASSQDRGNYEQYF,TRBV4-3,TRBJ2-7,CLVVKGYQKVTF,Donor AJD3280:IEL TCRab CD8ab TRM,1.000000,-,-,-,-,-,-,-,-,-,-,-

59,S%TSGPYNE,5.2e-04,1,2,2.9e-08,1.0e+00,1.0e-03,1.0e+00,1.0e-03,2.9e-02,global-S%TSGPYNE,CASSQTSGpYNEQFF,CASSQTSGPYNEQFF,TRBV7-2,TRBJ2-1,CAMRERGGSTLGRLYF,Donor AJKQ118:L TCRab CD8ab TRM,1.000000,-,-,-,-,-,-,-,-,-,-,-
59,S%TSGPYNE,5.2e-04,1,2,2.9e-08,1.0e+00,1.0e-03,1.0e+00,1.0e-03,2.9e-02,global-S%TSGPYNE,CASSaTSGpYNEQFF,CASSATSGPYNEQFF,TRBV7-2,TRBJ2-1,CAMRERGGTSYGKLTF,Donor AJKQ118:IEL TCRab CD8ab TRM,1.000000,-,-,-,-,-,-,-,-,-,-,-

60,SQ%TGTYE,5.2e-04,1,2,1.5e-06,1.0e+00,5.1e-02,1.0e+00,1.0e-03,2.9e-02,global-SQ%TGTYE,CASSQGTGtYEQYF,CASSQGTGTYEQYF,TRBV3-1,TRBJ2-7,CASATGGYQKVTF,Donor AJD3280:L TCRab CD8ab TRM,1.000000,-,-,-,-,-,-,-,-,-,-,-
60,SQ%TGTYE,5.2e-04,1,2,1.5e-06,1.0e+00,5.1e-02,1.0e+00,1.0e-03,2.9e-02,global-SQ%TGTYE,CASSQeTGtYEQYF,CASSQETGTYEQYF,TRBV4-3,TRBJ2-7,CAVTMEYGNKLVF,Donor AJD3280:L TCRab CD8ab Naive/TCM,1.000000,-,-,-,-,-,-,-,-,-,-,-

61,S%GTTNTGE,5.2e-04,1,2,2.9e-08,1.0e+00,1.0e-03,1.0e+00,1.0e-03,2.9e-02,global-S%GTTNTGE,CASSTGttNTGELFF,CASSTGTTNTGELFF,TRBV5-8,TRBJ2-2,CAVDDRGSTLGRLYF,Donor AJD3280:IEL TCRab CD8ab TRM,1.000000,-,-,-,-,-,-,-,-,-,-,-
61,S%GTTNTGE,5.2e-04,1,2,2.9e-08,1.0e+00,1.0e-03,1.0e+00,1.0e-03,2.9e-02,global-S%GTTNTGE,CASSLGTtNTGELFF,CASSLGTTNTGELFF,TRBV5-8,TRBJ2-2,CAVDDRGSTLGRLYF,Donor AJD3280:IEL TCRab CD8ab TRM,1.000000,-,-,-,-,-,-,-,-,-,-,-

62,%ELAGGYNE,5.2e-04,2,2,3.8e-07,1.0e+00,4.7e-02,2.8e-01,1.0e-03,2.9e-02,global-%ELAGGYNE,CSAaeLAGGYNEQFF,CSAAELAGGYNEQFF,TRBV20-1,TRBJ2-1,CAASICPPSNNDMRF,Donor AJKQ118:L TCRab CD8ab TRM,1.000000,-,-,-,-,-,-,-,-,-,-,-
62,%ELAGGYNE,5.2e-04,2,2,3.8e-07,1.0e+00,4.7e-02,2.8e-01,1.0e-03,2.9e-02,global-%ELAGGYNE,CASSELAGGYNEQFF,CASSELAGGYNEQFF,TRBV6-1,TRBJ2-1,CAVEGQGFSFIF,Donor AJD3280:IEL TCRab CD8ab TRM,2.000000,-,-,-,-,-,-,-,-,-,-,-

63,SV%NEK,5.2e-04,2,2,3.1e-07,1.0e+00,7.0e-02,1.5e-01,1.0e-03,2.9e-02,global-SV%NEK,CASSVpNEKLFF,CASSVPNEKLFF,TRBV11-2,TRBJ1-4,CAVSTNAGKSTF,Donor AJD3280:IEL TCRab CD8ab TRM,3.000000,-,-,-,-,-,-,-,-,-,-,-
63,SV%NEK,5.2e-04,2,2,3.1e-07,1.0e+00,7.0e-02,1.5e-01,1.0e-03,2.9e-02,global-SV%NEK,CASSVlNEKLFF,CASSVLNEKLFF,TRBV4-1,TRBJ1-4,CAFRAGNMLTF,Donor AJKQ118:PB TCRab CD8ab Naive/TCM,1.000000,-,-,-,-,-,-,-,-,-,-,-

64,SPRV%ET,5.2e-04,2,2,3.0e-06,1.0e+00,1.0e-01,1.0e+00,1.0e-03,2.9e-02,global-SPRV%ET,CASSPrvwETQYF,CASSPRVWETQYF,TRBV7-7,TRBJ2-5,CATDVDYKLSF,Donor AJG2309:PB TCRab CD8ab Teff,1.000000,-,-,-,-,-,-,-,-,-,-,-
64,SPRV%ET,5.2e-04,2,2,3.0e-06,1.0e+00,1.0e-01,1.0e+00,1.0e-03,2.9e-02,global-SPRV%ET,CASSPrvwETQYF,CASSPRVWETQYF,TRBV7-7,TRBJ2-5,CGSDVDYKLSF,Donor AJG2309:PB TCRab CD8ab Teff,1.000000,-,-,-,-,-,-,-,-,-,-,-
64,SPRV%ET,5.2e-04,2,2,3.0e-06,1.0e+00,1.0e-01,1.0e+00,1.0e-03,2.9e-02,global-SPRV%ET,CASSPrvgETQYF,CASSPRVGETQYF,TRBV12-4,TRBJ2-5,CATGSYNQGGKLIF,Donor AJD3280:IEL TCRab CD8ab TRM,1.000000,-,-,-,-,-,-,-,-,-,-,-

65,SE%LNTE,5.2e-04,2,2,9.4e-07,1.0e+00,8.0e-02,4.0e-01,1.0e-03,2.9e-02,global-SE%LNTE,CAISEslNTEAFF,CAISESLNTEAFF,TRBV10-3,TRBJ1-1,CALGGATNKLIF,Donor AJD3280:IEL TCRab CD8ab TRM,2.000000,-,-,-,-,-,-,-,-,-,-,-
65,SE%LNTE,5.2e-04,2,2,9.4e-07,1.0e+00,8.0e-02,4.0e-01,1.0e-03,2.9e-02,global-SE%LNTE,CAISEslNTEAFF,CAISESLNTEAFF,TRBV10-3,TRBJ1-1,CALGGATNKLIF,Donor AJD3280:LP TCRab CD8ab TRM,1.000000,-,-,-,-,-,-,-,-,-,-,-
65,SE%LNTE,5.2e-04,2,2,9.4e-07,1.0e+00,8.0e-02,4.0e-01,1.0e-03,2.9e-02,global-SE%LNTE,CASSEGLNTEAFF,CASSEGLNTEAFF,TRBV2,TRBJ1-1,CAVNGNNAGNMLTF,Donor AJG2309:IEL TCRab CD8ab TRM,1.000000,-,-,-,-,-,-,-,-,-,-,-

66,SF%QSYE,5.2e-04,1,2,2.0e-06,1.0e+00,6.7e-02,1.0e+00,1.0e-03,2.9e-02,global-SF%QSYE,CASSfrqSYEQYF,CASSFRQSYEQYF,TRBV7-9,TRBJ2-7,CAVSPDSNYQLIW,Donor AJD3280:PB TCRab CD8ab Teff,1.000000,-,-,-,-,-,-,-,-,-,-,-
66,SF%QSYE,5.2e-04,1,2,2.0e-06,1.0e+00,6.7e-02,1.0e+00,1.0e-03,2.9e-02,global-SF%QSYE,CASSfGQSYEQYF,CASSFGQSYEQYF,TRBV27,TRBJ2-7,CAVGYSGGYQKVTF,Donor AJD3280:LP TCRab CD8ab TCM,1.000000,-,-,-,-,-,-,-,-,-,-,-

67,GD%FYG,5.2e-04,2,2,1.7e-06,1.0e+00,5.7e-02,1.0e+00,1.0e-03,2.9e-02,global-GD%FYG,CASGdsfYGYTF,CASGDSFYGYTF,TRBV14,TRBJ1-2,CAVDSGYVRLMF,Donor AJD3280:IEL TCRab CD8ab TRM,1.000000,-,-,-,-,-,-,-,-,-,-,-
67,GD%FYG,5.2e-04,2,2,1.7e-06,1.0e+00,5.7e-02,1.0e+00,1.0e-03,2.9e-02,global-GD%FYG,CASGDRfYGYTF,CASGDRFYGYTF,TRBV10-2,TRBJ1-2,CVVNGGYSSASKIIF,Donor AJG2309:LP TCRab CD8ab TRM,1.000000,-,-,-,-,-,-,-,-,-,-,-

68,SLTGNY%,5.2e-04,2,2,1.4e-06,1.0e+00,4.8e-02,1.0e+00,1.0e-03,2.9e-02,global-SLTGNY%,CASSLTGnYEQYF,CASSLTGNYEQYF,TRBV27,TRBJ2-7,CAGHSSNTGKLIF,Donor AJKQ118:PB TCRab CD8ab Naive/TCM,1.000000,-,-,-,-,-,-,-,-,-,-,-
68,SLTGNY%,5.2e-04,2,2,1.4e-06,1.0e+00,4.8e-02,1.0e+00,1.0e-03,2.9e-02,global-SLTGNY%,CASSLTGNYGYTF,CASSLTGNYGYTF,TRBV7-9,TRBJ1-2,CAPWAGSARQLTF,Donor AJD3280:L TCRab CD8ab Teff,1.000000,-,-,-,-,-,-,-,-,-,-,-

69,T%SSYNSP,5.2e-04,2,2,1.8e-06,1.0e+00,6.1e-02,1.0e+00,1.0e-03,2.9e-02,global-T%SSYNSP,CSAtpsSYNSPLHF,CSATPSSYNSPLHF,TRBV20-1,TRBJ1-6,CIAIIQGAQKLVF,Donor AJKQ118:L TCRab CD8ab Naive/TCM,1.000000,-,-,-,-,-,-,-,-,-,-,-
69,T%SSYNSP,5.2e-04,2,2,1.8e-06,1.0e+00,6.1e-02,1.0e+00,1.0e-03,2.9e-02,global-T%SSYNSP,CASTssSYNSPLHF,CASTSSSYNSPLHF,TRBV19,TRBJ1-6,CGTSDNYGQNFVF,Donor AJD3280:IEL TCRab CD8ab TRM,1.000000,-,-,-,-,-,-,-,-,-,-,-

70,SL%QGGVYE,5.2e-04,1,2,1.3e-06,1.0e+00,4.6e-02,1.0e+00,1.0e-03,2.9e-02,global-SL%QGGVYE,CASSLdQGgvYEQYF,CASSLDQGGVYEQYF,TRBV5-1,TRBJ2-7,CAVSPPAGNNRKLIW,Donor AJD3280:L TCRab CD8ab TRM,1.000000,-,-,-,-,-,-,-,-,-,-,-
70,SL%QGGVYE,5.2e-04,1,2,1.3e-06,1.0e+00,4.6e-02,1.0e+00,1.0e-03,2.9e-02,global-SL%QGGVYE,CASSLrQGgvYEQYF,CASSLRQGGVYEQYF,TRBV4-3,TRBJ2-7,CAVKTDSWGKLQF,Donor AJD3280:PB TCRab CD8ab Naive/TCM,1.000000,-,-,-,-,-,-,-,-,-,-,-

71,SSLA%DT,5.2e-04,1,2,1.5e-06,1.0e+00,5.3e-02,1.0e+00,1.0e-03,2.9e-02,global-SSLA%DT,CASSSLATDTQYF,CASSSLATDTQYF,TRBV7-7,TRBJ2-3,CAVNPTGGGNKLTF,Donor AJD3280:IEL TCRab CD8ab TRM,1.000000,-,-,-,-,-,-,-,-,-,-,-
71,SSLA%DT,5.2e-04,1,2,1.5e-06,1.0e+00,5.3e-02,1.0e+00,1.0e-03,2.9e-02,global-SSLA%DT,CASSSLAaDTQYF,CASSSLAADTQYF,TRBV3-1,TRBJ2-3,CAASLSSNTGKLIF,Donor AJD3280:IEL TCRab CD8ab TRM,1.000000,-,-,-,-,-,-,-,-,-,-,-

72,ST%ANV,5.2e-04,2,2,1.7e-06,1.0e+00,5.8e-02,1.0e+00,1.0e-03,2.9e-02,global-ST%ANV,CASStGANVLTF,CASSTGANVLTF,TRBV25-1,TRBJ2-6,CAVRSGTGNQFYF,Donor AJG2309:PB TCRab CD8ab Naive/TCM,1.000000,-,-,-,-,-,-,-,-,-,-,-
72,ST%ANV,5.2e-04,2,2,1.7e-06,1.0e+00,5.8e-02,1.0e+00,1.0e-03,2.9e-02,global-ST%ANV,CASSttANVLTF,CASSTTANVLTF,TRBV6-2,TRBJ2-6,CAVDMNRDDKIIF,Donor AJKQ118:LP TCRab CD8ab TRM,1.000000,-,-,-,-,-,-,-,-,-,-,-

73,S%AGEADT,5.2e-04,1,2,1.5e-06,1.0e+00,5.2e-02,1.0e+00,1.0e-03,2.9e-02,global-S%AGEADT,CASSVAGeaDTQYF,CASSVAGEADTQYF,TRBV6-4,TRBJ2-3,CAVRDVYGGATNKLIF,Donor AJD3280:IEL TCRab CD8ab TRM,1.000000,-,-,-,-,-,-,-,-,-,-,-
73,S%AGEADT,5.2e-04,1,2,1.5e-06,1.0e+00,5.2e-02,1.0e+00,1.0e-03,2.9e-02,global-S%AGEADT,CATSsAGeaDTQYF,CATSSAGEADTQYF,TRBV15,TRBJ2-3,CAVLDSNYQLIW,Donor AJD3280:L TCRab CD8ab MAIT,1.000000,-,-,-,-,-,-,-,-,-,-,-

74,GTSGA%,5.2e-04,1,2,2.9e-08,1.0e+00,1.0e-03,1.0e+00,1.0e-03,2.9e-02,global-GTSGA%,CSAGTSGalQYF,CSAGTSGALQYF,TRBV20-1,TRBJ2-4,CAVSVRWGGSNYKLTF,Donor AJD3280:PB TCRab CD8ab Teff,1.000000,-,-,-,-,-,-,-,-,-,-,-
74,GTSGA%,5.2e-04,1,2,2.9e-08,1.0e+00,1.0e-03,1.0e+00,1.0e-03,2.9e-02,global-GTSGA%,CSAGTSGaEQYF,CSAGTSGAEQYF,TRBV20-1,TRBJ2-7,CVVSAGTYKYIF,Donor AJD3280:L TCRab CD8ab TRM,1.000000,-,-,-,-,-,-,-,-,-,-,-

75,S%QGAGYG,5.2e-04,2,2,2.0e-07,1.0e+00,7.0e-03,1.0e+00,1.0e-03,2.9e-02,global-S%QGAGYG,CASSLQGagYGYTF,CASSLQGAGYGYTF,TRBV28,TRBJ1-2,CAGKGGSYIPTF,Donor AJD3280:L TCRab CD8ab Naive/TCM,1.000000,-,-,-,-,-,-,-,-,-,-,-
75,S%QGAGYG,5.2e-04,2,2,2.0e-07,1.0e+00,7.0e-03,1.0e+00,1.0e-03,2.9e-02,global-S%QGAGYG,CASSaQGagYGYTF,CASSAQGAGYGYTF,TRBV9,TRBJ1-2,CAFNNNDMRF,Donor AJG2309:L TCRab CD8ab TRM,1.000000,-,-,-,-,-,-,-,-,-,-,-
75,S%QGAGYG,5.2e-04,2,2,2.0e-07,1.0e+00,7.0e-03,1.0e+00,1.0e-03,2.9e-02,global-S%QGAGYG,CASSaQGagYGYTF,CASSAQGAGYGYTF,TRBV9,TRBJ1-2,CALNGGSQGNLIF,Donor AJG2309:L TCRab CD8ab TRM,1.000000,-,-,-,-,-,-,-,-,-,-,-
75,S%QGAGYG,5.2e-04,2,2,2.0e-07,1.0e+00,7.0e-03,1.0e+00,1.0e-03,2.9e-02,global-S%QGAGYG,CASSaQGagYGYTF,CASSAQGAGYGYTF,TRBV9,TRBJ1-2,CAFNNNDMRF,Donor AJG2309:LP TCRab CD8ab TEM,1.000000,-,-,-,-,-,-,-,-,-,-,-

76,STKGGG%,5.2e-04,2,2,3.2e-07,1.0e+00,9.7e-02,1.2e-01,1.0e-03,2.9e-02,global-STKGGG%,CASStkGGGELFF,CASSTKGGGELFF,TRBV6-2,TRBJ2-2,CALSEALTKFSVTDKLIF,Donor AJKQ118:L TCRab CD8ab TRM,5.000000,-,-,-,-,-,-,-,-,-,-,-
76,STKGGG%,5.2e-04,2,2,3.2e-07,1.0e+00,9.7e-02,1.2e-01,1.0e-03,2.9e-02,global-STKGGG%,CASStkGGgvqdF,CASSTKGGGVQDF,TRBV7-6,TRBJ2-7,CAVRHADSWGKLQF,Donor AJG2309:L TCRab CD8ab Teff,1.000000,-,-,-,-,-,-,-,-,-,-,-
76,STKGGG%,5.2e-04,2,2,3.2e-07,1.0e+00,9.7e-02,1.2e-01,1.0e-03,2.9e-02,global-STKGGG%,CASStkGGgvqdF,CASSTKGGGVQDF,TRBV7-6,TRBJ2-7,CAVRHADSWGKLQF,Donor AJG2309:PB TCRab CD8ab Teff,1.000000,-,-,-,-,-,-,-,-,-,-,-

77,S%WTDYG,5.2e-04,1,2,1.5e-06,1.0e+00,5.3e-02,1.0e+00,1.0e-03,2.9e-02,motif-WTDY global-S%WTDYG,CASSQwtdYGYTF,CASSQWTDYGYTF,TRBV16,TRBJ1-2,CALSEANAGKSTF,Donor AJD3280:PB TCRab CD8ab Teff,1.000000,-,-,-,-,-,-,-,-,-,-,-
77,S%WTDYG,5.2e-04,1,2,1.5e-06,1.0e+00,5.3e-02,1.0e+00,1.0e-03,2.9e-02,motif-WTDY global-S%WTDYG,CASSRwtdYGYTF,CASSRWTDYGYTF,TRBV3-1,TRBJ1-2,CIVRVEETGTASKLTF,Donor AJD3280:LP TCRab CD8ab TEM,1.000000,-,-,-,-,-,-,-,-,-,-,-

78,SPGLAV%TDT,5.2e-04,2,2,1.6e-06,1.0e+00,5.4e-02,1.0e+00,1.0e-03,2.9e-02,global-SPGLAV%TDT,CASSPGLAvvTDTQYF,CASSPGLAVVTDTQYF,TRBV5-1,TRBJ2-3,CAVGEEGGGYGGSQGNLIF,Donor AJD3280:IEL TCRab CD8ab TRM,1.000000,-,-,-,-,-,-,-,-,-,-,-
78,SPGLAV%TDT,5.2e-04,2,2,1.6e-06,1.0e+00,5.4e-02,1.0e+00,1.0e-03,2.9e-02,global-SPGLAV%TDT,CASSPGLAvSTDTQYF,CASSPGLAVSTDTQYF,TRBV4-3,TRBJ2-3,CVVSETSFQKLVF,Donor AJKQ118:LP TCRab CD8ab TEM,1.000000,-,-,-,-,-,-,-,-,-,-,-

79,SFN%NTE,5.2e-04,2,2,1.7e-06,1.0e+00,6.0e-02,1.0e+00,1.0e-03,2.9e-02,global-SFN%NTE,CASSfnpNTEAFF,CASSFNPNTEAFF,TRBV14,TRBJ1-1,CAYRLSGGATNKLIF,Donor AJKQ118:IEL TCRab CD8ab TRM,1.000000,-,-,-,-,-,-,-,-,-,-,-
79,SFN%NTE,5.2e-04,2,2,1.7e-06,1.0e+00,6.0e-02,1.0e+00,1.0e-03,2.9e-02,global-SFN%NTE,CASSfngNTEAFF,CASSFNGNTEAFF,TRBV7-3,TRBJ1-1,CAHKSGAGSYQLTF,Donor AJD3280:L TCRab CD8ab TRM,1.000000,-,-,-,-,-,-,-,-,-,-,-

80,SLDRA%SYE,5.2e-04,1,2,1.2e-08,1.0e+00,1.0e-03,4.0e-01,1.0e-03,2.9e-02,global-SLDRA%SYE,CASSLDRasSYEQYF,CASSLDRASSYEQYF,TRBV7-2,TRBJ2-7,CAVGGGYQKVTF,Donor AJD3280:IEL TCRab CD8ab TRM,1.000000,-,-,-,-,-,-,-,-,-,-,-
80,SLDRA%SYE,5.2e-04,1,2,1.2e-08,1.0e+00,1.0e-03,4.0e-01,1.0e-03,2.9e-02,global-SLDRA%SYE,CASSLDRatSYEQYF,CASSLDRATSYEQYF,TRBV7-2,TRBJ2-7,CAEDSGNTPLVF,Donor AJD3280:IEL TCRab CD8ab TRM,1.000000,-,-,-,-,-,-,-,-,-,-,-
80,SLDRA%SYE,5.2e-04,1,2,1.2e-08,1.0e+00,1.0e-03,4.0e-01,1.0e-03,2.9e-02,global-SLDRA%SYE,CASSLDRatSYEQYF,CASSLDRATSYEQYF,TRBV7-2,TRBJ2-7,CAAGGGYQKVTF,Donor AJD3280:IEL TCRab CD8ab TRM,2.000000,-,-,-,-,-,-,-,-,-,-,-

81,SVA%GGDT,5.2e-04,2,2,2.9e-08,1.0e+00,1.0e-03,1.0e+00,1.0e-03,2.9e-02,global-SVA%GGDT,CASSVaSGGDTQYF,CASSVASGGDTQYF,TRBV9,TRBJ2-3,CAAWNRDDKIIF,Donor AJG2309:IEL TCRab CD8ab TRM,1.000000,-,-,-,-,-,-,-,-,-,-,-
81,SVA%GGDT,5.2e-04,2,2,2.9e-08,1.0e+00,1.0e-03,1.0e+00,1.0e-03,2.9e-02,global-SVA%GGDT,CASSVapGGDTQYF,CASSVAPGGDTQYF,TRBV9,TRBJ2-3,CAAWSRNTGKLIF,Donor AJD3280:L TCRab CD8ab TRM,1.000000,-,-,-,-,-,-,-,-,-,-,-

82,S%GTEYYG,5.2e-04,1,2,2.5e-07,1.0e+00,7.6e-02,1.1e-01,1.0e-03,2.9e-02,global-S%GTEYYG,CASSQGTeyYGYTF,CASSQGTEYYGYTF,TRBV14,TRBJ1-2,CAVRDLGFGNVLHC,Donor AJD3280:IEL TCRab CD8ab TRM,1.000000,-,-,-,-,-,-,-,-,-,-,-
82,S%GTEYYG,5.2e-04,1,2,2.5e-07,1.0e+00,7.6e-02,1.1e-01,1.0e-03,2.9e-02,global-S%GTEYYG,CASSSGTeyYGYTF,CASSSGTEYYGYTF,TRBV7-9,TRBJ1-2,CAVRDIGFGNVLHC,Donor AJD3280:IEL TCRab CD8ab TRM,5.000000,-,-,-,-,-,-,-,-,-,-,-
82,S%GTEYYG,5.2e-04,1,2,2.5e-07,1.0e+00,7.6e-02,1.1e-01,1.0e-03,2.9e-02,global-S%GTEYYG,CASSSGTeyYGYTF,CASSSGTEYYGYTF,TRBV7-9,TRBJ1-2,CAVRDIGFGNVLHC,Donor AJD3280:LP TCRab CD8ab TRM,1.000000,-,-,-,-,-,-,-,-,-,-,-

83,SLSGN%YE,5.2e-04,1,2,1.5e-06,1.0e+00,5.3e-02,1.0e+00,1.0e-03,2.9e-02,global-SLSGN%YE,CASSLSGnaYEQYF,CASSLSGNAYEQYF,TRBV13,TRBJ2-7,CAVNNNAGNMLTF,Donor AJKQ118:L TCRab CD8ab TRM,1.000000,-,-,-,-,-,-,-,-,-,-,-
83,SLSGN%YE,5.2e-04,1,2,1.5e-06,1.0e+00,5.3e-02,1.0e+00,1.0e-03,2.9e-02,global-SLSGN%YE,CASSLSGnSYEQYF,CASSLSGNSYEQYF,TRBV11-2,TRBJ2-7,CAVGGRLTGGGNKLTF,Donor AJKQ118:L TCRab CD8ab TRM,1.000000,-,-,-,-,-,-,-,-,-,-,-

84,SLR%GRVDT,5.2e-04,1,2,2.9e-08,1.0e+00,1.0e-03,1.0e+00,1.0e-03,2.9e-02,global-SLR%GRVDT,CASSLraGRvDTQYF,CASSLRAGRVDTQYF,TRBV27,TRBJ2-3,CASGTYKYIF,Donor AJG2309:LP TCRab CD8ab TRM,1.000000,-,-,-,-,-,-,-,-,-,-,-
84,SLR%GRVDT,5.2e-04,1,2,2.9e-08,1.0e+00,1.0e-03,1.0e+00,1.0e-03,2.9e-02,global-SLR%GRVDT,CASSLrpGRvDTQYF,CASSLRPGRVDTQYF,TRBV27,TRBJ2-3,CAAGTYKYIF,Donor AJG2309:LP TCRab CD8ab TEM,1.000000,-,-,-,-,-,-,-,-,-,-,-

85,SFG%TGE,5.2e-04,2,2,1.5e-06,1.0e+00,5.2e-02,1.0e+00,1.0e-03,2.9e-02,global-SFG%TGE,CASSfGGTGELFF,CASSFGGTGELFF,TRBV7-3,TRBJ2-2,CAATASGYALNF,Donor AJD3280:IEL TCRab CD8ab TRM,1.000000,-,-,-,-,-,-,-,-,-,-,-
85,SFG%TGE,5.2e-04,2,2,1.5e-06,1.0e+00,5.2e-02,1.0e+00,1.0e-03,2.9e-02,global-SFG%TGE,CASSfGTTGELFF,CASSFGTTGELFF,TRBV5-6,TRBJ2-2,CIYGNKLVF,Donor AJG2309:LP TCRab CD8ab TEM,1.000000,-,-,-,-,-,-,-,-,-,-,-

86,S%GSGNSP,5.2e-04,2,2,1.5e-06,1.0e+00,5.2e-02,1.0e+00,1.0e-03,2.9e-02,global-S%GSGNSP,CASSSgSGNSPLHF,CASSSGSGNSPLHF,TRBV5-1,TRBJ1-6,CVVNNNNRKLIW,Donor AJD3280:L TCRab CD8ab Naive/TCM,1.000000,-,-,-,-,-,-,-,-,-,-,-
86,S%GSGNSP,5.2e-04,2,2,1.5e-06,1.0e+00,5.2e-02,1.0e+00,1.0e-03,2.9e-02,global-S%GSGNSP,CAWSggSGNSPLHF,CAWSGGSGNSPLHF,TRBV30,TRBJ1-6,CAVKRGSYIPTF,Donor AJKQ118:LP TCRab CD8ab TEM,1.000000,-,-,-,-,-,-,-,-,-,-,-

87,%LGQSSYNE,5.2e-04,1,2,7.7e-09,1.0e+00,1.0e-03,2.6e-01,1.0e-03,2.9e-02,global-%LGQSSYNE,CASTLGQsSYNEQFF,CASTLGQSSYNEQFF,TRBV5-1,TRBJ2-1,CLVANAGGTSYGKLTF,Donor AJD3280:IEL TCRab CD8ab TRM,1.000000,-,-,-,-,-,-,-,-,-,-,-
87,%LGQSSYNE,5.2e-04,1,2,7.7e-09,1.0e+00,1.0e-03,2.6e-01,1.0e-03,2.9e-02,global-%LGQSSYNE,CASSLGQsSYNEQFF,CASSLGQSSYNEQFF,TRBV5-1,TRBJ2-1,CVRGDSGGSNYKLTF,Donor AJD3280:IEL TCRab CD8ab TRM,2.000000,-,-,-,-,-,-,-,-,-,-,-

88,S%SGTGTYE,5.2e-04,2,2,1.5e-06,1.0e+00,5.3e-02,1.0e+00,1.0e-03,2.9e-02,global-S%SGTGTYE,CASSLsGTGtyeqdF,CASSLSGTGTYEQDF,TRBV13,TRBJ2-7,CAVHTNAGKSTF,Donor AJD3280:L TCRab CD8ab Naive/TCM,1.000000,-,-,-,-,-,-,-,-,-,-,-
88,S%SGTGTYE,5.2e-04,2,2,1.5e-06,1.0e+00,5.3e-02,1.0e+00,1.0e-03,2.9e-02,global-S%SGTGTYE,CASSDsGTGtYEQYF,CASSDSGTGTYEQYF,TRBV6-1,TRBJ2-7,CAVRDEHDGNNRKLIW,Donor AJG2309:LP TCRab CD8ab TEM,1.000000,-,-,-,-,-,-,-,-,-,-,-

89,S%SGGAINE,5.2e-04,1,2,1.7e-06,1.0e+00,5.9e-02,1.0e+00,1.0e-03,2.9e-02,global-S%SGGAINE,CASSLSGGaiNEQFF,CASSLSGGAINEQFF,TRBV7-2,TRBJ2-1,CALSDLGDTGRRALTF,Donor AJD3280:LP TCRab CD8ab TEM,1.000000,-,-,-,-,-,-,-,-,-,-,-
89,S%SGGAINE,5.2e-04,1,2,1.7e-06,1.0e+00,5.9e-02,1.0e+00,1.0e-03,2.9e-02,global-S%SGGAINE,CASSISGGaiNEQFF,CASSISGGAINEQFF,TRBV12-4,TRBJ2-1,CVVSVGGSYIPTF,Donor AJD3280:PB TCRab CD8ab TEM,1.000000,-,-,-,-,-,-,-,-,-,-,-

90,S%GPNEK,5.2e-04,2,2,2.5e-06,1.0e+00,8.7e-02,1.0e+00,1.0e-03,2.9e-02,global-S%GPNEK,CAWSAGpNEKLFF,CAWSAGPNEKLFF,TRBV30,TRBJ1-4,CVPVGSQGNLIF,Donor AJKQ118:L TCRab CD8ab Teff,1.000000,-,-,-,-,-,-,-,-,-,-,-
90,S%GPNEK,5.2e-04,2,2,2.5e-06,1.0e+00,8.7e-02,1.0e+00,1.0e-03,2.9e-02,global-S%GPNEK,CAWSAGpNEKLFF,CAWSAGPNEKLFF,TRBV30,TRBJ1-4,CVPVGSQGNLIF,Donor AJKQ118:PB TCRab CD8ab TEM,1.000000,-,-,-,-,-,-,-,-,-,-,-
90,S%GPNEK,5.2e-04,2,2,2.5e-06,1.0e+00,8.7e-02,1.0e+00,1.0e-03,2.9e-02,global-S%GPNEK,CATSGGpNEKLFF,CATSGGPNEKLFF,TRBV15,TRBJ1-4,CAGDSGGSNYKLTF,Donor AJD3280:IEL TCRab CD8ab TRM,1.000000,-,-,-,-,-,-,-,-,-,-,-

91,SLGGH%E,5.2e-04,2,2,2.2e-06,1.0e+00,7.6e-02,1.0e+00,1.0e-03,2.9e-02,global-SLGGH%E,CASSLGGhTEAFF,CASSLGGHTEAFF,TRBV7-8,TRBJ1-1,CAGALADSWGKLQF,Donor AJD3280:PB TCRab CD8ab Naive/TCM,1.000000,-,-,-,-,-,-,-,-,-,-,-
91,SLGGH%E,5.2e-04,2,2,2.2e-06,1.0e+00,7.6e-02,1.0e+00,1.0e-03,2.9e-02,global-SLGGH%E,CASSLGGhNEQFF,CASSLGGHNEQFF,TRBV28,TRBJ2-1,CALDKNSGAGSYQLTF,Donor AJG2309:LP TCRab CD8ab TRM,1.000000,-,-,-,-,-,-,-,-,-,-,-

92,SE%AGGQET,5.2e-04,1,2,2.9e-08,1.0e+00,1.0e-03,1.0e+00,1.0e-03,2.9e-02,global-SE%AGGQET,CASSEqAGGQETQYF,CASSEQAGGQETQYF,TRBV6-1,TRBJ2-5,CAVRDEDYKLSF,Donor AJD3280:L TCRab CD8ab MAIT,1.000000,-,-,-,-,-,-,-,-,-,-,-
92,SE%AGGQET,5.2e-04,1,2,2.9e-08,1.0e+00,1.0e-03,1.0e+00,1.0e-03,2.9e-02,global-SE%AGGQET,CASSELAGGQETQYF,CASSELAGGQETQYF,TRBV6-1,TRBJ2-5,CAVMDSSYKLIF,Donor AJD3280:L TCRab CD8ab MAIT,1.000000,-,-,-,-,-,-,-,-,-,-,-
92,SE%AGGQET,5.2e-04,1,2,2.9e-08,1.0e+00,1.0e-03,1.0e+00,1.0e-03,2.9e-02,global-SE%AGGQET,CASSELAGGQETQYF,CASSELAGGQETQYF,TRBV6-1,TRBJ2-5,CAVRDNDYKLSF,Donor AJD3280:L TCRab CD8ab MAIT,1.000000,-,-,-,-,-,-,-,-,-,-,-
92,SE%AGGQET,5.2e-04,1,2,2.9e-08,1.0e+00,1.0e-03,1.0e+00,1.0e-03,2.9e-02,global-SE%AGGQET,CASSELAGGQETQYF,CASSELAGGQETQYF,TRBV6-1,TRBJ2-5,CAVMDSSYKLIF,Donor AJD3280:L TCRab CD8ab TRM,1.000000,-,-,-,-,-,-,-,-,-,-,-

93,SLG%ANSP,5.2e-04,1,2,2.0e-06,1.0e+00,6.8e-02,1.0e+00,1.0e-03,2.9e-02,global-SLG%ANSP,CASSLgfaNSPLHF,CASSLGFANSPLHF,TRBV13,TRBJ1-6,CAASPNTGKLIF,Donor AJD3280:L TCRab CD8ab Naive/TCM,1.000000,-,-,-,-,-,-,-,-,-,-,-
93,SLG%ANSP,5.2e-04,1,2,2.0e-06,1.0e+00,6.8e-02,1.0e+00,1.0e-03,2.9e-02,global-SLG%ANSP,CASSLgvaNSPLHF,CASSLGVANSPLHF,TRBV7-3,TRBJ1-6,CALSEEVGYQKVTF,Donor AJD3280:L TCRab CD8ab TRM,1.000000,-,-,-,-,-,-,-,-,-,-,-

94,SQD%AAYG,5.2e-04,1,2,5.1e-07,1.0e+00,5.9e-02,3.0e-01,1.0e-03,2.9e-02,global-SQD%AAYG,CASSQdpaaYGYTF,CASSQDPAAYGYTF,TRBV4-1,TRBJ1-2,CAVRDQANAGKSTF,Donor AJD3280:IEL TCRab CD8ab TRM,1.000000,-,-,-,-,-,-,-,-,-,-,-
94,SQD%AAYG,5.2e-04,1,2,5.1e-07,1.0e+00,5.9e-02,3.0e-01,1.0e-03,2.9e-02,global-SQD%AAYG,CASSQDRaaYGYTF,CASSQDRAAYGYTF,TRBV4-3,TRBJ1-2,CAVCESNYQLIW,Donor AJD3280:IEL TCRab CD8ab TRM,2.000000,-,-,-,-,-,-,-,-,-,-,-

95,SE%AGGYNE,5.2e-04,2,2,4.0e-09,1.0e+00,1.0e-03,1.4e-01,1.0e-03,2.9e-02,global-SE%AGGYNE,CASSELAGGYNEQFF,CASSELAGGYNEQFF,TRBV6-1,TRBJ2-1,CAVEGQGFSFIF,Donor AJD3280:IEL TCRab CD8ab TRM,2.000000,-,-,-,-,-,-,-,-,-,-,-
95,SE%AGGYNE,5.2e-04,2,2,4.0e-09,1.0e+00,1.0e-03,1.4e-01,1.0e-03,2.9e-02,global-SE%AGGYNE,CASSEeAGGYNEQFF,CASSEEAGGYNEQFF,TRBV6-1,TRBJ2-1,CAVRDSNYQLIW,Donor AJKQ118:L TCRab CD8ab MAIT,2.000000,-,-,-,-,-,-,-,-,-,-,-

96,SADRG%E,5.2e-04,1,2,1.7e-06,1.0e+00,6.0e-02,1.0e+00,1.0e-03,2.9e-02,global-SADRG%E,CASSaDRGpEQYF,CASSADRGPEQYF,TRBV13,TRBJ2-7,CAAPETSGSRLTF,Donor AJD3280:PB TCRab CD8ab Naive/TCM,1.000000,-,-,-,-,-,-,-,-,-,-,-
96,SADRG%E,5.2e-04,1,2,1.7e-06,1.0e+00,6.0e-02,1.0e+00,1.0e-03,2.9e-02,global-SADRG%E,CASSaDRGNEQFF,CASSADRGNEQFF,TRBV7-6,TRBJ2-1,CAENSPIGSGGYQKVTF,Donor AJD3280:PB TCRab CD8ab Naive/TCM,1.000000,-,-,-,-,-,-,-,-,-,-,-

97,SWDS%QP,5.2e-04,1,2,1.5e-06,1.0e+00,5.0e-02,1.0e+00,1.0e-03,2.9e-02,global-SWDS%QP,CASSwdsyQPQHF,CASSWDSYQPQHF,TRBV27,TRBJ1-5,CAVRDISNTGGFKTIF,Donor AJD3280:PB TCRab CD8ab Naive/TCM,1.000000,-,-,-,-,-,-,-,-,-,-,-
97,SWDS%QP,5.2e-04,1,2,1.5e-06,1.0e+00,5.0e-02,1.0e+00,1.0e-03,2.9e-02,global-SWDS%QP,CASSwdSNQPQHF,CASSWDSNQPQHF,TRBV7-8,TRBJ1-5,CVVSEDTGNQFYF,Donor AJD3280:PB TCRab CD8ab Naive/TCM,1.000000,-,-,-,-,-,-,-,-,-,-,-

98,SRDR%RQP,5.2e-04,1,2,8.3e-09,1.0e+00,1.0e-03,2.8e-01,1.0e-03,2.9e-02,global-SRDR%RQP,CASSRDRrrQPQHF,CASSRDRRRQPQHF,TRBV12-4,TRBJ1-5,CAEEKAAGNKLTF,Donor AJKQ118:IEL TCRab CD8ab TRM,1.000000,-,-,-,-,-,-,-,-,-,-,-
98,SRDR%RQP,5.2e-04,1,2,8.3e-09,1.0e+00,1.0e-03,2.8e-01,1.0e-03,2.9e-02,global-SRDR%RQP,CASSRDRdrQPQHF,CASSRDRDRQPQHF,TRBV12-4,TRBJ1-5,CAERPGNTGKLIF,Donor AJKQ118:LP TCRab CD8ab TEM,2.000000,-,-,-,-,-,-,-,-,-,-,-

99,SS%PDT,5.2e-04,1,2,1.5e-06,1.0e+00,5.0e-02,1.0e+00,1.0e-03,2.9e-02,global-SS%PDT,CASSSlpDTQYF,CASSSLPDTQYF,TRBV11-2,TRBJ2-3,CLVVPSNTGKLIF,Donor AJD3280:IEL TCRab CD8ab TRM,1.000000,-,-,-,-,-,-,-,-,-,-,-
99,SS%PDT,5.2e-04,1,2,1.5e-06,1.0e+00,5.0e-02,1.0e+00,1.0e-03,2.9e-02,global-SS%PDT,CASSSrpDTQYF,CASSSRPDTQYF,TRBV11-3,TRBJ2-3,CAGPPPSNTGKLIF,Donor AJD3280:L TCRab CD8ab TRM,1.000000,-,-,-,-,-,-,-,-,-,-,-

100,%LLSYNE,5.2e-04,2,2,1.6e-06,1.0e+00,5.6e-02,1.0e+00,1.0e-03,2.9e-02,global-%LLSYNE,CASlllSYNEQFF,CASLLLSYNEQFF,TRBV12-4,TRBJ2-1,CAVGGTGGGADGLTF,Donor AJD3280:PB TCRab CD8ab Naive/TCM,1.000000,-,-,-,-,-,-,-,-,-,-,-
100,%LLSYNE,5.2e-04,2,2,1.6e-06,1.0e+00,5.6e-02,1.0e+00,1.0e-03,2.9e-02,global-%LLSYNE,CASSLlSYNEQFF,CASSLLSYNEQFF,TRBV5-1,TRBJ2-1,CAGKASYDKVIF,Donor AJKQ118:PB TCRab CD8ab Naive/TCM,1.000000,-,-,-,-,-,-,-,-,-,-,-

101,SLGQG%RE,5.2e-04,1,2,7.3e-09,1.0e+00,3.0e-03,8.4e-02,1.0e-03,2.9e-02,global-SLGQG%RE,CASSLGQGdrEQYF,CASSLGQGDREQYF,TRBV5-6,TRBJ2-7,CAETPGGSYIPTF,Donor AJG2309:L TCRab CD8ab TRM,1.000000,-,-,-,-,-,-,-,-,-,-,-
101,SLGQG%RE,5.2e-04,1,2,7.3e-09,1.0e+00,3.0e-03,8.4e-02,1.0e-03,2.9e-02,global-SLGQG%RE,CASSLGQGdrEQYF,CASSLGQGDREQYF,TRBV5-6,TRBJ2-7,CAETPGGSYIPTF,Donor AJG2309:PB TCRab CD8ab Teff,6.000000,-,-,-,-,-,-,-,-,-,-,-
101,SLGQG%RE,5.2e-04,1,2,7.3e-09,1.0e+00,3.0e-03,8.4e-02,1.0e-03,2.9e-02,global-SLGQG%RE,CASSLGQGfrEQYF,CASSLGQGFREQYF,TRBV27,TRBJ2-7,CAMREGPVIYNQGGKLIF,Donor AJG2309:IEL TCRab CD8ab TRM,1.000000,-,-,-,-,-,-,-,-,-,-,-

102,SEGPG%GYE,5.2e-04,1,2,2.9e-08,1.0e+00,1.0e-03,1.0e+00,1.0e-03,2.9e-02,global-SEGPG%GYE,CASSEgpGQGYEQYF,CASSEGPGQGYEQYF,TRBV2,TRBJ2-7,CAATILYGGGADGLTF,Donor AJG2309:LP TCRab CD8ab TEM,1.000000,-,-,-,-,-,-,-,-,-,-,-
102,SEGPG%GYE,5.2e-04,1,2,2.9e-08,1.0e+00,1.0e-03,1.0e+00,1.0e-03,2.9e-02,global-SEGPG%GYE,CASSEgpGTGYEQYF,CASSEGPGTGYEQYF,TRBV2,TRBJ2-7,CAMSEESGGGADGLTF,Donor AJG2309:LP TCRab CD8ab TEM,1.000000,-,-,-,-,-,-,-,-,-,-,-
102,SEGPG%GYE,5.2e-04,1,2,2.9e-08,1.0e+00,1.0e-03,1.0e+00,1.0e-03,2.9e-02,global-SEGPG%GYE,CASSEgpGTGYEQYF,CASSEGPGTGYEQYF,TRBV2,TRBJ2-7,CAMSEESGGGADGLTF,Donor AJG2309:LP TCRab CD8ab TRM,1.000000,-,-,-,-,-,-,-,-,-,-,-

103,SVDGGT%E,5.2e-04,1,2,2.2e-09,1.0e+00,1.0e-03,7.6e-02,1.0e-03,2.9e-02,global-SVDGGT%E,CASSVdgGTYEQYF,CASSVDGGTYEQYF,TRBV9,TRBJ2-7,CAVIGSTLTF,Donor AJG2309:LP TCRab CD8ab TEM,1.000000,-,-,-,-,-,-,-,-,-,-,-
103,SVDGGT%E,5.2e-04,1,2,2.2e-09,1.0e+00,1.0e-03,7.6e-02,1.0e-03,2.9e-02,global-SVDGGT%E,CASSVdGGTGELFF,CASSVDGGTGELFF,TRBV9,TRBJ2-2,CALSEGFQKLVF,Donor AJG2309:L TCRab CD8ab TRM,1.000000,-,-,-,-,-,-,-,-,-,-,-
103,SVDGGT%E,5.2e-04,1,2,2.2e-09,1.0e+00,1.0e-03,7.6e-02,1.0e-03,2.9e-02,global-SVDGGT%E,CASSVdGGTGELFF,CASSVDGGTGELFF,TRBV9,TRBJ2-2,CALSEGFQKLVF,Donor AJG2309:L TCRab CD8ab Teff,2.000000,-,-,-,-,-,-,-,-,-,-,-
103,SVDGGT%E,5.2e-04,1,2,2.2e-09,1.0e+00,1.0e-03,7.6e-02,1.0e-03,2.9e-02,global-SVDGGT%E,CASSVdGGTGELFF,CASSVDGGTGELFF,TRBV9,TRBJ2-2,CALSEGFQKLVF,Donor AJG2309:PB TCRab CD8ab Teff,8.000000,-,-,-,-,-,-,-,-,-,-,-

104,%PLPDRGNYG,5.2e-04,1,2,2.9e-08,1.0e+00,1.0e-03,1.0e+00,1.0e-03,2.9e-02,global-%PLPDRGNYG,CASSPlpDRGNYGYTF,CASSPLPDRGNYGYTF,TRBV7-2,TRBJ1-2,CAVSTSGSARQLTF,Donor AJG2309:LP TCRab CD8ab TRM,1.000000,-,-,-,-,-,-,-,-,-,-,-
104,%PLPDRGNYG,5.2e-04,1,2,2.9e-08,1.0e+00,1.0e-03,1.0e+00,1.0e-03,2.9e-02,global-%PLPDRGNYG,CASTplpDRGNYGYTF,CASTPLPDRGNYGYTF,TRBV7-2,TRBJ1-2,CAVSTSGSARQLTF,Donor AJG2309:IEL TCRab CD8ab TRM,1.000000,-,-,-,-,-,-,-,-,-,-,-

105,S%AGYGE,5.2e-04,1,2,1.5e-06,1.0e+00,5.1e-02,1.0e+00,1.0e-03,2.9e-02,global-S%AGYGE,CASSIAGyGELFF,CASSIAGYGELFF,TRBV19,TRBJ2-2,CALLMDSSYKLIF,Donor AJKQ118:PB TCRab CD8ab Naive/TCM,1.000000,-,-,-,-,-,-,-,-,-,-,-
105,S%AGYGE,5.2e-04,1,2,1.5e-06,1.0e+00,5.1e-02,1.0e+00,1.0e-03,2.9e-02,global-S%AGYGE,CAvsLAGygEQYF,CAVSLAGYGEQYF,TRBV3-1,TRBJ2-7,CACQGGSEKLVF,Donor AJKQ118:PB TCRab CD8ab TEM,1.000000,-,-,-,-,-,-,-,-,-,-,-

106,SQG%GETDT,5.2e-04,1,2,1.7e-06,1.0e+00,5.7e-02,1.0e+00,1.0e-03,2.9e-02,global-SQG%GETDT,CASSQGTGeTDTQYF,CASSQGTGETDTQYF,TRBV4-2,TRBJ2-3,CAVTDSNYQLIW,Donor AJD3280:L TCRab CD8ab MAIT,1.000000,-,-,-,-,-,-,-,-,-,-,-
106,SQG%GETDT,5.2e-04,1,2,1.7e-06,1.0e+00,5.7e-02,1.0e+00,1.0e-03,2.9e-02,global-SQG%GETDT,CASSQgSGeTDTQYF,CASSQGSGETDTQYF,TRBV3-1,TRBJ2-3,CAAMDSNYQLIW,Donor AJD3280:L TCRab CD8ab TRM,1.000000,-,-,-,-,-,-,-,-,-,-,-

107,SDSQG%DT,5.2e-04,1,2,1.5e-06,1.0e+00,5.3e-02,1.0e+00,1.0e-03,2.9e-02,motif-SDSQ global-SDSQG%DT,CASSDsQGTDTQYF,CASSDSQGTDTQYF,TRBV6-4,TRBJ2-3,CAVMDSNYQLIW,Donor AJD3280:L TCRab CD8ab TRM,1.000000,-,-,-,-,-,-,-,-,-,-,-
107,SDSQG%DT,5.2e-04,1,2,1.5e-06,1.0e+00,5.3e-02,1.0e+00,1.0e-03,2.9e-02,motif-SDSQ global-SDSQG%DT,CATSDsQGsDTQYF,CATSDSQGSDTQYF,TRBV24-1,TRBJ2-3,CAPRTNYGQNFVF,Donor AJD3280:L TCRab CD8ab Naive/TCM,1.000000,-,-,-,-,-,-,-,-,-,-,-

108,SLVFG%GAYE,5.2e-04,1,2,1.8e-09,1.0e+00,1.0e-03,6.2e-02,1.0e-03,2.9e-02,motif-SLVF motif-LVFG global-SLVFG%GAYE,CASSLvfGQGaYEQYF,CASSLVFGQGAYEQYF,TRBV7-2,TRBJ2-7,CATNYGGSQGNLIF,Donor AJKQ118:IEL TCRab CD8ab TRM,2.000000,-,-,-,-,-,-,-,-,-,-,-
108,SLVFG%GAYE,5.2e-04,1,2,1.8e-09,1.0e+00,1.0e-03,6.2e-02,1.0e-03,2.9e-02,motif-SLVF motif-LVFG global-SLVFG%GAYE,CASSLvfGTGaYEQYF,CASSLVFGTGAYEQYF,TRBV7-2,TRBJ2-7,CAMSRNTGFQKLVF,Donor AJKQ118:IEL TCRab CD8ab TRM,4.000000,-,-,-,-,-,-,-,-,-,-,-

109,SLGDRR%TE,5.2e-04,1,2,2.9e-08,1.0e+00,1.0e-03,1.0e+00,1.0e-03,2.9e-02,global-SLGDRR%TE,CASSLgdrRGTEAFF,CASSLGDRRGTEAFF,TRBV7-2,TRBJ1-1,CAVTPTGFQKLVF,Donor AJD3280:L TCRab CD8ab TRM,1.000000,-,-,-,-,-,-,-,-,-,-,-
109,SLGDRR%TE,5.2e-04,1,2,2.9e-08,1.0e+00,1.0e-03,1.0e+00,1.0e-03,2.9e-02,global-SLGDRR%TE,CASSLgDRrNTEAFF,CASSLGDRRNTEAFF,TRBV7-2,TRBJ1-1,CAVSPTGFQKLVF,Donor AJD3280:L TCRab CD8ab TRM,1.000000,-,-,-,-,-,-,-,-,-,-,-

110,SPRD%ET,5.2e-04,1,2,1.3e-06,1.0e+00,4.4e-02,1.0e+00,1.0e-03,2.9e-02,global-SPRD%ET,CASSPrdtETQYF,CASSPRDTETQYF,TRBV6-2,TRBJ2-5,CAAMDSNYQLIW,Donor AJD3280:L TCRab CD8ab MAIT,1.000000,-,-,-,-,-,-,-,-,-,-,-
110,SPRD%ET,5.2e-04,1,2,1.3e-06,1.0e+00,4.4e-02,1.0e+00,1.0e-03,2.9e-02,global-SPRD%ET,CAWSprdQETQYF,CAWSPRDQETQYF,TRBV30,TRBJ2-5,CAMSDWDDYKLSF,Donor AJD3280:IEL TCRab CD8ab TRM,1.000000,-,-,-,-,-,-,-,-,-,-,-

111,ST%TATGE,5.2e-04,1,2,2.9e-08,1.0e+00,1.0e-03,1.0e+00,1.0e-03,2.9e-02,global-ST%TATGE,CASSTGtaTGELFF,CASSTGTATGELFF,TRBV19,TRBJ2-2,CAMRERSTDSWGKLQF,Donor AJD3280:IEL TCRab CD8ab TRM,1.000000,-,-,-,-,-,-,-,-,-,-,-
111,ST%TATGE,5.2e-04,1,2,2.9e-08,1.0e+00,1.0e-03,1.0e+00,1.0e-03,2.9e-02,global-ST%TATGE,CASStqtaTGELFF,CASSTQTATGELFF,TRBV19,TRBJ2-2,CVPRANNARLMF,Donor AJD3280:L TCRab CD8ab TRM,1.000000,-,-,-,-,-,-,-,-,-,-,-

112,ST%GYTE,5.2e-04,2,2,1.5e-06,1.0e+00,5.3e-02,1.0e+00,1.0e-03,2.9e-02,global-ST%GYTE,CASSTGGyTEAFF,CASSTGGYTEAFF,TRBV6-5,TRBJ1-1,CAVIHYKQAGTALIF,Donor AJKQ118:IEL TCRab CD8ab TRM,1.000000,-,-,-,-,-,-,-,-,-,-,-
112,ST%GYTE,5.2e-04,2,2,1.5e-06,1.0e+00,5.3e-02,1.0e+00,1.0e-03,2.9e-02,global-ST%GYTE,CASStegyTEAFF,CASSTEGYTEAFF,TRBV9,TRBJ1-1,CAVRDIGFQKLVF,Donor AJD3280:PB TCRab CD8ab Naive/TCM,1.000000,-,-,-,-,-,-,-,-,-,-,-

113,%KGGPYNE,5.2e-04,1,2,1.7e-10,1.0e+00,1.0e-03,6.0e-03,1.0e-03,2.9e-02,global-%KGGPYNE,CASSKGGpYNEQFF,CASSKGGPYNEQFF,TRBV19,TRBJ2-1,CVVRGNAGNMLTF,Donor AJKQ118:L TCRab CD8ab TRM,2.000000,-,-,-,-,-,-,-,-,-,-,-
113,%KGGPYNE,5.2e-04,1,2,1.7e-10,1.0e+00,1.0e-03,6.0e-03,1.0e-03,2.9e-02,global-%KGGPYNE,CASSKGGpYNEQFF,CASSKGGPYNEQFF,TRBV19,TRBJ2-1,CVVRGNAGNMLTF,Donor AJKQ118:L TCRab CD8ab Teff,9.000000,-,-,-,-,-,-,-,-,-,-,-
113,%KGGPYNE,5.2e-04,1,2,1.7e-10,1.0e+00,1.0e-03,6.0e-03,1.0e-03,2.9e-02,global-%KGGPYNE,CASSKGGpYNEQFF,CASSKGGPYNEQFF,TRBV19,TRBJ2-1,CVVRGNAGNMLTF,Donor AJKQ118:PB TCRab CD8ab Teff,22.000000,-,-,-,-,-,-,-,-,-,-,-
113,%KGGPYNE,5.2e-04,1,2,1.7e-10,1.0e+00,1.0e-03,6.0e-03,1.0e-03,2.9e-02,global-%KGGPYNE,CASrkGGpYNEQFF,CASRKGGPYNEQFF,TRBV19,TRBJ2-1,CVVRGNAGNMLTF,Donor AJKQ118:PB TCRab CD8ab Teff,1.000000,-,-,-,-,-,-,-,-,-,-,-

114,SSG%SNYG,5.2e-04,2,2,2.9e-08,1.0e+00,1.0e-03,1.0e+00,1.0e-03,2.9e-02,global-SSG%SNYG,CASSSgvsNYGYTF,CASSSGVSNYGYTF,TRBV7-9,TRBJ1-2,CAFMKLSNFGNEKLTF,Donor AJD3280:L TCRab CD8ab TRM,1.000000,-,-,-,-,-,-,-,-,-,-,-
114,SSG%SNYG,5.2e-04,2,2,2.9e-08,1.0e+00,1.0e-03,1.0e+00,1.0e-03,2.9e-02,global-SSG%SNYG,CASSSgpsNYGYTF,CASSSGPSNYGYTF,TRBV7-9,TRBJ1-2,CAVGGSQGNLIF,Donor AJKQ118:L TCRab CD8ab TRM,1.000000,-,-,-,-,-,-,-,-,-,-,-

115,%GWET,5.2e-04,2,2,1.6e-06,1.0e+00,5.4e-02,1.0e+00,1.0e-03,2.9e-02,global-%GWET,CSASgwETQYF,CSASGWETQYF,TRBV20-1,TRBJ2-5,CAVSFSGGYNKLIF,Donor AJD3280:L TCRab CD8ab TRM,1.000000,-,-,-,-,-,-,-,-,-,-,-
115,%GWET,5.2e-04,2,2,1.6e-06,1.0e+00,5.4e-02,1.0e+00,1.0e-03,2.9e-02,global-%GWET,CSVQGwETQYF,CSVQGWETQYF,TRBV29-1,TRBJ2-5,CAVDPLQGAQKLVF,Donor AJKQ118:PB TCRab CD8ab Naive/TCM,1.000000,-,-,-,-,-,-,-,-,-,-,-

116,GS%GLRG,5.2e-04,2,2,7.6e-09,1.0e+00,1.0e-03,2.6e-01,1.0e-03,2.9e-02,global-GS%GLRG,CASGsiGLrGYTF,CASGSIGLRGYTF,TRBV12-5,TRBJ1-2,CAMREGRGGADGLTF,Donor AJKQ118:PB TCRab CD8ab Naive/TCM,1.000000,-,-,-,-,-,-,-,-,-,-,-
116,GS%GLRG,5.2e-04,2,2,7.6e-09,1.0e+00,1.0e-03,2.6e-01,1.0e-03,2.9e-02,global-GS%GLRG,CASGsTGlrGYTF,CASGSTGLRGYTF,TRBV12-5,TRBJ1-2,CAGIDNAGNQFYF,Donor AJD3280:IEL TCRab CD8ab TRM,2.000000,-,-,-,-,-,-,-,-,-,-,-

117,SVVGQ%YE,5.2e-04,1,2,5.6e-09,1.0e+00,1.0e-03,1.9e-01,1.0e-03,2.9e-02,global-SVVGQ%YE,CASSVvGQGYEQYF,CASSVVGQGYEQYF,TRBV9,TRBJ2-7,CAARLPKGTDKLIF,Donor AJG2309:LP TCRab CD8ab TEM,1.000000,-,-,-,-,-,-,-,-,-,-,-
117,SVVGQ%YE,5.2e-04,1,2,5.6e-09,1.0e+00,1.0e-03,1.9e-01,1.0e-03,2.9e-02,global-SVVGQ%YE,CASSVvGQnYEQYF,CASSVVGQNYEQYF,TRBV2,TRBJ2-7,CAPSFNSGGYQKVTF,Donor AJG2309:L TCRab CD8ab TRM,1.000000,-,-,-,-,-,-,-,-,-,-,-
117,SVVGQ%YE,5.2e-04,1,2,5.6e-09,1.0e+00,1.0e-03,1.9e-01,1.0e-03,2.9e-02,global-SVVGQ%YE,CASSVvGQnYEQYF,CASSVVGQNYEQYF,TRBV2,TRBJ2-7,CAPSFNSGGYQKVTF,Donor AJG2309:LP TCRab CD8ab TEM,2.000000,-,-,-,-,-,-,-,-,-,-,-
117,SVVGQ%YE,5.2e-04,1,2,5.6e-09,1.0e+00,1.0e-03,1.9e-01,1.0e-03,2.9e-02,global-SVVGQ%YE,CASSVvGQnYEQYF,CASSVVGQNYEQYF,TRBV2,TRBJ2-7,CAPSFNSGGYQKVTF,Donor AJG2309:LP TCRab CD8ab TRM,1.000000,-,-,-,-,-,-,-,-,-,-,-
117,SVVGQ%YE,5.2e-04,1,2,5.6e-09,1.0e+00,1.0e-03,1.9e-01,1.0e-03,2.9e-02,global-SVVGQ%YE,CASSVvGQnYEQYF,CASSVVGQNYEQYF,TRBV2,TRBJ2-7,CAPSFNSGGYQKVTF,Donor AJG2309:PB TCRab CD8ab TEM,5.000000,-,-,-,-,-,-,-,-,-,-,-
117,SVVGQ%YE,5.2e-04,1,2,5.6e-09,1.0e+00,1.0e-03,1.9e-01,1.0e-03,2.9e-02,global-SVVGQ%YE,CASSVvGQnYEQYF,CASSVVGQNYEQYF,TRBV2,TRBJ2-7,CAPSFNSGGYQKVTF,Donor AJG2309:PB TCRab CD8ab Teff,1.000000,-,-,-,-,-,-,-,-,-,-,-

118,SQGN%E,5.2e-04,2,2,1.7e-06,1.0e+00,5.7e-02,1.0e+00,1.0e-03,2.9e-02,global-SQGN%E,CASSQgnnEQYF,CASSQGNNEQYF,TRBV5-4,TRBJ2-7,CALRSAGGTSYGKLTF,Donor AJD3280:PB TCRab CD8ab Naive/TCM,1.000000,-,-,-,-,-,-,-,-,-,-,-
118,SQGN%E,5.2e-04,2,2,1.7e-06,1.0e+00,5.7e-02,1.0e+00,1.0e-03,2.9e-02,global-SQGN%E,CSVsQGNTEAFF,CSVSQGNTEAFF,TRBV29-1,TRBJ1-1,CGIGLYNQGGKLIF,Donor AJKQ118:IEL TCRab CD8ab TRM,1.000000,-,-,-,-,-,-,-,-,-,-,-

119,SSGLA%YNE,5.2e-04,3,2,4.5e-06,1.0e+00,1.6e-01,1.0e+00,1.0e-03,2.9e-02,global-SSGLA%YNE,CASSSGLAGYNEQFF,CASSSGLAGYNEQFF,TRBV5-6,TRBJ2-1,CATGTASKLTF,Donor AJD3280:PB TCRab CD8ab Naive/TCM,1.000000,-,-,-,-,-,-,-,-,-,-,-
119,SSGLA%YNE,5.2e-04,3,2,4.5e-06,1.0e+00,1.6e-01,1.0e+00,1.0e-03,2.9e-02,global-SSGLA%YNE,CASSSGLAvYNEQFF,CASSSGLAVYNEQFF,TRBV13,TRBJ2-1,CAVRAVGGNKLTF,Donor AJG2309:IEL TCRab CD8ab TRM,1.000000,-,-,-,-,-,-,-,-,-,-,-
119,SSGLA%YNE,5.2e-04,3,2,4.5e-06,1.0e+00,1.6e-01,1.0e+00,1.0e-03,2.9e-02,global-SSGLA%YNE,CASSSGLAvYNEQFF,CASSSGLAVYNEQFF,TRBV7-9,TRBJ2-1,CAAGSNYQLIW,Donor AJKQ118:PB TCRab CD8ab Naive/TCM,1.000000,-,-,-,-,-,-,-,-,-,-,-

120,S%GGNT,5.2e-04,2,2,1.4e-06,1.0e+00,4.7e-02,1.0e+00,1.0e-03,2.9e-02,global-S%GGNT,CASSmgGNTIYF,CASSMGGNTIYF,TRBV13,TRBJ1-3,CAVRDEGKNRDDKIIF,Donor AJD3280:L TCRab CD8ab Naive/TCM,1.000000,-,-,-,-,-,-,-,-,-,-,-
120,S%GGNT,5.2e-04,2,2,1.4e-06,1.0e+00,4.7e-02,1.0e+00,1.0e-03,2.9e-02,global-S%GGNT,CANSpgGNTIYF,CANSPGGNTIYF,TRBV30,TRBJ1-3,CAVGQNDYKLSF,Donor AJKQ118:IEL TCRab CD8ab TRM,1.000000,-,-,-,-,-,-,-,-,-,-,-

121,S%RARDT,5.2e-04,2,2,1.5e-06,1.0e+00,5.3e-02,1.0e+00,1.0e-03,2.9e-02,global-S%RARDT,CASSQrardTIYF,CASSQRARDTIYF,TRBV11-1,TRBJ1-3,CAFITGANSKLTF,Donor AJKQ118:PB TCRab CD8ab Naive/TCM,1.000000,-,-,-,-,-,-,-,-,-,-,-
121,S%RARDT,5.2e-04,2,2,1.5e-06,1.0e+00,5.3e-02,1.0e+00,1.0e-03,2.9e-02,global-S%RARDT,CASSRrarDTQYF,CASSRRARDTQYF,TRBV27,TRBJ2-3,CARLHFGNEKLTF,Donor AJD3280:L TCRab CD8ab Naive/TCM,1.000000,-,-,-,-,-,-,-,-,-,-,-

122,S%LGYTE,5.2e-04,2,2,1.3e-06,1.0e+00,4.5e-02,1.0e+00,1.0e-03,2.9e-02,global-S%LGYTE,CASSflgyTEAFF,CASSFLGYTEAFF,TRBV27,TRBJ1-1,CAVITGNQFYF,Donor AJG2309:IEL TCRab CD8ab TRM,1.000000,-,-,-,-,-,-,-,-,-,-,-
122,S%LGYTE,5.2e-04,2,2,1.3e-06,1.0e+00,4.5e-02,1.0e+00,1.0e-03,2.9e-02,global-S%LGYTE,CASSmlgyTEAFF,CASSMLGYTEAFF,TRBV19,TRBJ1-1,CAYRSARAAGNKLTF,Donor AJD3280:PB TCRab CD8ab Naive/TCM,1.000000,-,-,-,-,-,-,-,-,-,-,-

123,SLWT%NTE,5.2e-04,2,2,1.6e-06,1.0e+00,5.5e-02,1.0e+00,1.0e-03,2.9e-02,global-SLWT%NTE,CASSLwTGNTEAFF,CASSLWTGNTEAFF,TRBV6-5,TRBJ1-1,CAMREGNNNDMRF,Donor AJKQ118:PB TCRab CD8ab Naive/TCM,1.000000,-,-,-,-,-,-,-,-,-,-,-
123,SLWT%NTE,5.2e-04,2,2,1.6e-06,1.0e+00,5.5e-02,1.0e+00,1.0e-03,2.9e-02,global-SLWT%NTE,CASSLwteNTEAFF,CASSLWTENTEAFF,TRBV5-1,TRBJ1-1,CAESSPMDTGRRALTF,Donor AJG2309:IEL TCRab CD8ab TRM,1.000000,-,-,-,-,-,-,-,-,-,-,-

124,S%GLAGYTGE,5.2e-04,2,2,1.5e-06,1.0e+00,5.3e-02,1.0e+00,1.0e-03,2.9e-02,global-S%GLAGYTGE,CASSSGLAGyTGELFF,CASSSGLAGYTGELFF,TRBV27,TRBJ2-2,CAVSGGGKLIF,Donor AJG2309:IEL TCRab CD8ab TRM,1.000000,-,-,-,-,-,-,-,-,-,-,-
124,S%GLAGYTGE,5.2e-04,2,2,1.5e-06,1.0e+00,5.3e-02,1.0e+00,1.0e-03,2.9e-02,global-S%GLAGYTGE,CASSwGLAGyTGELFF,CASSWGLAGYTGELFF,TRBV13,TRBJ2-2,CILSGDGGIGATNKLIF,Donor AJD3280:PB TCRab CD8ab Teff,1.000000,-,-,-,-,-,-,-,-,-,-,-

125,%VSGTDT,5.2e-04,2,2,1.5e-06,1.0e+00,5.1e-02,1.0e+00,1.0e-03,2.9e-02,global-%VSGTDT,CASkvSGTDTQYF,CASKVSGTDTQYF,TRBV6-2,TRBJ2-3,CAADPYGQNFVF,Donor AJG2309:PB TCRab CD8ab TEM,1.000000,-,-,-,-,-,-,-,-,-,-,-
125,%VSGTDT,5.2e-04,2,2,1.5e-06,1.0e+00,5.1e-02,1.0e+00,1.0e-03,2.9e-02,global-%VSGTDT,CASSVSGTDTQYF,CASSVSGTDTQYF,TRBV9,TRBJ2-3,CAERGVSGGYNKLIF,Donor AJD3280:L TCRab CD8ab Naive/TCM,1.000000,-,-,-,-,-,-,-,-,-,-,-

126,SLLD%NTE,5.2e-04,2,2,1.4e-06,1.0e+00,4.8e-02,1.0e+00,1.0e-03,2.9e-02,global-SLLD%NTE,CASSLldaNTEAFF,CASSLLDANTEAFF,TRBV11-2,TRBJ1-1,CAPNDYKLSF,Donor AJKQ118:PB TCRab CD8ab TEM,1.000000,-,-,-,-,-,-,-,-,-,-,-
126,SLLD%NTE,5.2e-04,2,2,1.4e-06,1.0e+00,4.8e-02,1.0e+00,1.0e-03,2.9e-02,global-SLLD%NTE,CASSLldsNTEAFF,CASSLLDSNTEAFF,TRBV3-1,TRBJ1-1,CAMSGGSSASKIIF,Donor AJG2309:IEL TCRab CD8ab TRM,1.000000,-,-,-,-,-,-,-,-,-,-,-

127,SFD%NTE,5.2e-04,2,2,1.2e-06,1.0e+00,4.1e-02,1.0e+00,1.0e-03,2.9e-02,global-SFD%NTE,CASSfdgNTEAFF,CASSFDGNTEAFF,TRBV5-6,TRBJ1-1,CAENRPRSGSARQLTF,Donor AJG2309:PB TCRab CD8ab Teff,1.000000,-,-,-,-,-,-,-,-,-,-,-
127,SFD%NTE,5.2e-04,2,2,1.2e-06,1.0e+00,4.1e-02,1.0e+00,1.0e-03,2.9e-02,global-SFD%NTE,CASSfdmNTEAFF,CASSFDMNTEAFF,TRBV27,TRBJ1-1,CAYRGADSSYKLIF,Donor AJD3280:PB TCRab CD8ab TEM,1.000000,-,-,-,-,-,-,-,-,-,-,-

128,SLR%AET,5.2e-04,2,2,6.3e-07,1.0e+00,7.7e-02,2.8e-01,1.0e-03,2.9e-02,global-SLR%AET,CASSLrtaETQYF,CASSLRTAETQYF,TRBV28,TRBJ2-5,CAFMTTNTGFQKLVF,Donor AJG2309:LP TCRab CD8ab TEM,1.000000,-,-,-,-,-,-,-,-,-,-,-
128,SLR%AET,5.2e-04,2,2,6.3e-07,1.0e+00,7.7e-02,2.8e-01,1.0e-03,2.9e-02,global-SLR%AET,CASSLrmaETQYF,CASSLRMAETQYF,TRBV5-6,TRBJ2-5,CATPEMDSSYKLIF,Donor AJD3280:IEL TCRab CD8ab TRM,2.000000,-,-,-,-,-,-,-,-,-,-,-

129,S%SGGSEK,5.2e-04,2,2,1.7e-08,1.0e+00,1.0e-03,5.8e-01,1.0e-03,2.9e-02,global-S%SGGSEK,CASSLSGGsEKLFF,CASSLSGGSEKLFF,TRBV7-6,TRBJ1-4,CAVMRNGNNRLAF,Donor AJD3280:IEL TCRab CD8ab TRM,1.000000,-,-,-,-,-,-,-,-,-,-,-
129,S%SGGSEK,5.2e-04,2,2,1.7e-08,1.0e+00,1.0e-03,5.8e-01,1.0e-03,2.9e-02,global-S%SGGSEK,CASSfSGGsEKLFF,CASSFSGGSEKLFF,TRBV12-4,TRBJ1-4,CAYNLVGNEKLTF,Donor AJKQ118:L TCRab CD8ab Teff,1.000000,-,-,-,-,-,-,-,-,-,-,-
129,S%SGGSEK,5.2e-04,2,2,1.7e-08,1.0e+00,1.0e-03,5.8e-01,1.0e-03,2.9e-02,global-S%SGGSEK,CASSfSGGsEKLFF,CASSFSGGSEKLFF,TRBV12-4,TRBJ1-4,CAYNLVGNEKLTF,Donor AJKQ118:PB TCRab CD8ab TEM,2.000000,-,-,-,-,-,-,-,-,-,-,-
129,S%SGGSEK,5.2e-04,2,2,1.7e-08,1.0e+00,1.0e-03,5.8e-01,1.0e-03,2.9e-02,global-S%SGGSEK,CASSfSGGsEKLFF,CASSFSGGSEKLFF,TRBV12-4,TRBJ1-4,CIVREGYKLSF,Donor AJKQ118:PB TCRab CD8ab Teff,1.000000,-,-,-,-,-,-,-,-,-,-,-
129,S%SGGSEK,5.2e-04,2,2,1.7e-08,1.0e+00,1.0e-03,5.8e-01,1.0e-03,2.9e-02,global-S%SGGSEK,CASSfSGGsEKLFF,CASSFSGGSEKLFF,TRBV12-4,TRBJ1-4,CAYNLVGNEKLTF,Donor AJKQ118:PB TCRab CD8ab Teff,1.000000,-,-,-,-,-,-,-,-,-,-,-

130,R%LAGYE,5.2e-04,2,2,1.8e-06,1.0e+00,6.2e-02,1.0e+00,1.0e-03,2.9e-02,global-R%LAGYE,CASrGLAGYEQYF,CASRGLAGYEQYF,TRBV6-5,TRBJ2-7,CAVGYTGTASKLTF,Donor AJD3280:IEL TCRab CD8ab TRM,1.000000,-,-,-,-,-,-,-,-,-,-,-
130,R%LAGYE,5.2e-04,2,2,1.8e-06,1.0e+00,6.2e-02,1.0e+00,1.0e-03,2.9e-02,global-R%LAGYE,CASraLAGYEQYF,CASRALAGYEQYF,TRBV28,TRBJ2-7,CAGEGYQLTF,Donor AJG2309:IEL TCRab CD8ab TRM,1.000000,-,-,-,-,-,-,-,-,-,-,-

131,SL%YTGE,5.2e-04,1,2,1.8e-06,1.0e+00,6.1e-02,1.0e+00,1.0e-03,2.9e-02,global-SL%YTGE,CASSLeyTGELFF,CASSLEYTGELFF,TRBV7-2,TRBJ2-2,CAAPLGDYKLSF,Donor AJG2309:IEL TCRab CD8ab TRM,1.000000,-,-,-,-,-,-,-,-,-,-,-
131,SL%YTGE,5.2e-04,1,2,1.8e-06,1.0e+00,6.1e-02,1.0e+00,1.0e-03,2.9e-02,global-SL%YTGE,CASSLtyTGELFF,CASSLTYTGELFF,TRBV14,TRBJ2-2,CGADIIGSARQLTF,Donor AJG2309:LP TCRab CD8ab TEM,1.000000,-,-,-,-,-,-,-,-,-,-,-

132,SPW%AGE,5.2e-04,2,2,1.8e-06,1.0e+00,6.1e-02,1.0e+00,1.0e-03,2.9e-02,global-SPW%AGE,CASSPwtAGEQYF,CASSPWTAGEQYF,TRBV5-1,TRBJ2-7,CIVRERYSGGSNYKLTF,Donor AJD3280:IEL TCRab CD8ab TRM,1.000000,-,-,-,-,-,-,-,-,-,-,-
132,SPW%AGE,5.2e-04,2,2,1.8e-06,1.0e+00,6.1e-02,1.0e+00,1.0e-03,2.9e-02,global-SPW%AGE,CASSPwdAGEQFF,CASSPWDAGEQFF,TRBV11-3,TRBJ2-1,CAYIRWSRNNNDMRF,Donor AJG2309:LP TCRab CD8ab TRM,1.000000,-,-,-,-,-,-,-,-,-,-,-

133,SSGLAG%TGE,5.2e-04,2,2,1.5e-06,1.0e+00,5.3e-02,1.0e+00,1.0e-03,2.9e-02,global-SSGLAG%TGE,CASSSGLAGyTGELFF,CASSSGLAGYTGELFF,TRBV27,TRBJ2-2,CAVSGGGKLIF,Donor AJG2309:IEL TCRab CD8ab TRM,1.000000,-,-,-,-,-,-,-,-,-,-,-
133,SSGLAG%TGE,5.2e-04,2,2,1.5e-06,1.0e+00,5.3e-02,1.0e+00,1.0e-03,2.9e-02,global-SSGLAG%TGE,CASSSGLAGdTGELFF,CASSSGLAGDTGELFF,TRBV5-1,TRBJ2-2,CAMREGWAGGTSYGKLTF,Donor AJKQ118:IEL TCRab CD8ab TRM,1.000000,-,-,-,-,-,-,-,-,-,-,-

134,S%DRTNYG,5.2e-04,1,2,1.4e-06,1.0e+00,4.9e-02,1.0e+00,1.0e-03,2.9e-02,global-S%DRTNYG,CASSLDRtNYGYTF,CASSLDRTNYGYTF,TRBV7-8,TRBJ1-2,CALFWGTYKYIF,Donor AJG2309:PB TCRab CD8ab Naive/TCM,1.000000,-,-,-,-,-,-,-,-,-,-,-
134,S%DRTNYG,5.2e-04,1,2,1.4e-06,1.0e+00,4.9e-02,1.0e+00,1.0e-03,2.9e-02,global-S%DRTNYG,CASSfDRtNYGYTF,CASSFDRTNYGYTF,TRBV27,TRBJ1-2,CAMSLNDMRF,Donor AJG2309:IEL TCRab CD8ab TRM,1.000000,-,-,-,-,-,-,-,-,-,-,-

135,RPR%TE,5.2e-04,2,2,1.7e-06,1.0e+00,5.8e-02,1.0e+00,1.0e-03,2.9e-02,global-RPR%TE,CASrprvTEAFF,CASRPRVTEAFF,TRBV2,TRBJ1-1,CAGDFKLWGGFKTIF,Donor AJD3280:L TCRab CD8ab TRM,1.000000,-,-,-,-,-,-,-,-,-,-,-
135,RPR%TE,5.2e-04,2,2,1.7e-06,1.0e+00,5.8e-02,1.0e+00,1.0e-03,2.9e-02,global-RPR%TE,CSARprdTEAFF,CSARPRDTEAFF,TRBV20-1,TRBJ1-1,CIVRVAGYTGTASKLTF,Donor AJKQ118:IEL TCRab CD8ab TRM,1.000000,-,-,-,-,-,-,-,-,-,-,-

136,S%GLAAWET,5.2e-04,1,2,2.9e-08,1.0e+00,1.0e-03,1.0e+00,1.0e-03,2.9e-02,global-S%GLAAWET,CASStGLAawETQYF,CASSTGLAAWETQYF,TRBV5-1,TRBJ2-5,CAESINNAGNMLTF,Donor AJD3280:L TCRab CD8ab TRM,1.000000,-,-,-,-,-,-,-,-,-,-,-
136,S%GLAAWET,5.2e-04,1,2,2.9e-08,1.0e+00,1.0e-03,1.0e+00,1.0e-03,2.9e-02,global-S%GLAAWET,CASSgGLAawETQYF,CASSGGLAAWETQYF,TRBV5-1,TRBJ2-5,CAESINNAGNMLTF,Donor AJD3280:PB TCRab CD8ab Teff,1.000000,-,-,-,-,-,-,-,-,-,-,-

137,SSLE%YNE,5.2e-04,2,2,1.5e-06,1.0e+00,5.3e-02,1.0e+00,1.0e-03,2.9e-02,global-SSLE%YNE,CASSSleaYNEQFF,CASSSLEAYNEQFF,TRBV27,TRBJ2-1,CAVGTGNQFYF,Donor AJG2309:IEL TCRab CD8ab TRM,1.000000,-,-,-,-,-,-,-,-,-,-,-
137,SSLE%YNE,5.2e-04,2,2,1.5e-06,1.0e+00,5.3e-02,1.0e+00,1.0e-03,2.9e-02,global-SSLE%YNE,CASSSlegYNEQFF,CASSSLEGYNEQFF,TRBV6-2,TRBJ2-1,CAGVMEYGNKLVF,Donor AJD3280:L TCRab CD8ab Naive/TCM,1.000000,-,-,-,-,-,-,-,-,-,-,-

138,S%SPGMNTE,5.2e-04,2,2,1.9e-08,1.0e+00,1.0e-03,6.6e-01,1.0e-03,2.9e-02,global-S%SPGMNTE,CASSYspgmNTEAFF,CASSYSPGMNTEAFF,TRBV6-5,TRBJ1-1,CAVGNYGQNFVF,Donor AJD3280:IEL TCRab CD8ab TRM,1.000000,-,-,-,-,-,-,-,-,-,-,-
138,S%SPGMNTE,5.2e-04,2,2,1.9e-08,1.0e+00,1.0e-03,6.6e-01,1.0e-03,2.9e-02,global-S%SPGMNTE,CASSLspgmNTEAFF,CASSLSPGMNTEAFF,TRBV27,TRBJ1-1,CAMSVMDTGRRALTF,Donor AJG2309:IEL TCRab CD8ab TRM,1.000000,-,-,-,-,-,-,-,-,-,-,-
138,S%SPGMNTE,5.2e-04,2,2,1.9e-08,1.0e+00,1.0e-03,6.6e-01,1.0e-03,2.9e-02,global-S%SPGMNTE,CASSLspgmNTEAFF,CASSLSPGMNTEAFF,TRBV27,TRBJ1-1,CAMSVMDTGRRALTF,Donor AJG2309:L TCRab CD8ab Teff,1.000000,-,-,-,-,-,-,-,-,-,-,-
138,S%SPGMNTE,5.2e-04,2,2,1.9e-08,1.0e+00,1.0e-03,6.6e-01,1.0e-03,2.9e-02,global-S%SPGMNTE,CASSLspgmNTEAFF,CASSLSPGMNTEAFF,TRBV27,TRBJ1-1,CAMSVMDTGRRALTF,Donor AJG2309:LP TCRab CD8ab TEM,2.000000,-,-,-,-,-,-,-,-,-,-,-
138,S%SPGMNTE,5.2e-04,2,2,1.9e-08,1.0e+00,1.0e-03,6.6e-01,1.0e-03,2.9e-02,global-S%SPGMNTE,CASSLspgmNTEAFF,CASSLSPGMNTEAFF,TRBV27,TRBJ1-1,CAMSVMDTGRRALTF,Donor AJG2309:PB TCRab CD8ab Teff,1.000000,-,-,-,-,-,-,-,-,-,-,-
138,S%SPGMNTE,5.2e-04,2,2,1.9e-08,1.0e+00,1.0e-03,6.6e-01,1.0e-03,2.9e-02,global-S%SPGMNTE,CASSLspgmNTEAFF,CASSLSPGMNTEAFF,TRBV27,TRBJ1-1,CAYRSPAGGSQGNLIF,Donor AJG2309:PB TCRab CD8ab Teff,1.000000,-,-,-,-,-,-,-,-,-,-,-

139,S%LAET,5.2e-04,1,2,1.8e-06,1.0e+00,6.2e-02,1.0e+00,1.0e-03,2.9e-02,global-S%LAET,CATSDLaETQYF,CATSDLAETQYF,TRBV24-1,TRBJ2-5,CALNPGNQFYF,Donor AJD3280:LP TCRab CD8ab TRM,1.000000,-,-,-,-,-,-,-,-,-,-,-
139,S%LAET,5.2e-04,1,2,1.8e-06,1.0e+00,6.2e-02,1.0e+00,1.0e-03,2.9e-02,global-S%LAET,CASSKLAETQYF,CASSKLAETQYF,TRBV7-2,TRBJ2-3,CATTNTGGFKTIF,Donor AJD3280:IEL TCRab CD8ab TRM,1.000000,-,-,-,-,-,-,-,-,-,-,-

140,SY%TNTGE,5.2e-04,1,2,3.7e-08,1.0e+00,6.0e-03,2.1e-01,1.0e-03,2.9e-02,global-SY%TNTGE,CASSYdtNTGELFF,CASSYDTNTGELFF,TRBV6-2,TRBJ2-2,CAVRDSNYQLIW,Donor AJD3280:IEL TCRab CD8ab TRM,3.000000,-,-,-,-,-,-,-,-,-,-,-
140,SY%TNTGE,5.2e-04,1,2,3.7e-08,1.0e+00,6.0e-03,2.1e-01,1.0e-03,2.9e-02,global-SY%TNTGE,CASSYdtNTGELFF,CASSYDTNTGELFF,TRBV6-2,TRBJ2-2,CAVRDSNYQLIW,Donor AJD3280:L TCRab CD8ab MAIT,1.000000,-,-,-,-,-,-,-,-,-,-,-
140,SY%TNTGE,5.2e-04,1,2,3.7e-08,1.0e+00,6.0e-03,2.1e-01,1.0e-03,2.9e-02,global-SY%TNTGE,CASSYdtNTGELFF,CASSYDTNTGELFF,TRBV6-2,TRBJ2-2,CAVRDSNYQLIW,Donor AJD3280:L TCRab CD8ab TRM,2.000000,-,-,-,-,-,-,-,-,-,-,-
140,SY%TNTGE,5.2e-04,1,2,3.7e-08,1.0e+00,6.0e-03,2.1e-01,1.0e-03,2.9e-02,global-SY%TNTGE,CASSYGTNTGELFF,CASSYGTNTGELFF,TRBV6-5,TRBJ2-2,CATEGADNYGQNFVF,Donor AJD3280:L TCRab CD8ab Naive/TCM,1.000000,-,-,-,-,-,-,-,-,-,-,-

141,SL%GGNYNE,5.2e-04,2,2,1.4e-06,1.0e+00,4.9e-02,1.0e+00,1.0e-03,2.9e-02,global-SL%GGNYNE,CASSLeGGnYNEQFF,CASSLEGGNYNEQFF,TRBV9,TRBJ2-1,CALILTSGTYKYIF,Donor AJG2309:IEL TCRab CD8ab TRM,1.000000,-,-,-,-,-,-,-,-,-,-,-
141,SL%GGNYNE,5.2e-04,2,2,1.4e-06,1.0e+00,4.9e-02,1.0e+00,1.0e-03,2.9e-02,global-SL%GGNYNE,CASSLQGgnYNEQFF,CASSLQGGNYNEQFF,TRBV5-8,TRBJ2-1,CAVALYNQGGKLIF,Donor AJD3280:L TCRab CD8ab TRM,1.000000,-,-,-,-,-,-,-,-,-,-,-

142,SPQGG%QP,5.2e-04,2,2,1.9e-08,1.0e+00,3.0e-03,2.2e-01,1.0e-03,2.9e-02,global-SPQGG%QP,CASSPQGgiQPQHF,CASSPQGGIQPQHF,TRBV3-1,TRBJ1-5,CAVRPAGSEKLVF,Donor AJKQ118:L TCRab CD8ab TRM,3.000000,-,-,-,-,-,-,-,-,-,-,-
142,SPQGG%QP,5.2e-04,2,2,1.9e-08,1.0e+00,3.0e-03,2.2e-01,1.0e-03,2.9e-02,global-SPQGG%QP,CASSPQGgiQPQHF,CASSPQGGIQPQHF,TRBV3-1,TRBJ1-5,CAVRPAGSEKLVF,Donor AJKQ118:L TCRab CD8ab Teff,1.000000,-,-,-,-,-,-,-,-,-,-,-
142,SPQGG%QP,5.2e-04,2,2,1.9e-08,1.0e+00,3.0e-03,2.2e-01,1.0e-03,2.9e-02,global-SPQGG%QP,CASSPQGgqQPQHF,CASSPQGGQQPQHF,TRBV12-4,TRBJ1-5,CAVRDSGGSYIPTF,Donor AJD3280:PB TCRab CD8ab Naive/TCM,1.000000,-,-,-,-,-,-,-,-,-,-,-

143,SQDL%QP,5.2e-04,1,2,2.0e-06,1.0e+00,7.0e-02,1.0e+00,1.0e-03,2.9e-02,global-SQDL%QP,CASSQdlwQPQHF,CASSQDLWQPQHF,TRBV3-1,TRBJ1-5,CALVVGAAGNKLTF,Donor AJD3280:L TCRab CD8ab TRM,1.000000,-,-,-,-,-,-,-,-,-,-,-
143,SQDL%QP,5.2e-04,1,2,2.0e-06,1.0e+00,7.0e-02,1.0e+00,1.0e-03,2.9e-02,global-SQDL%QP,CASSQdLAQPQHF,CASSQDLAQPQHF,TRBV4-2,TRBJ1-5,CALLSGGGADGLTF,Donor AJD3280:PB TCRab CD8ab Teff,1.000000,-,-,-,-,-,-,-,-,-,-,-

144,SYGTGGF%E,5.2e-04,2,2,1.6e-06,1.0e+00,5.4e-02,1.0e+00,1.0e-03,2.9e-02,global-SYGTGGF%E,CASSYGTGGfYEQYF,CASSYGTGGFYEQYF,TRBV6-5,TRBJ2-7,CAHPGGGAGNNRKLIW,Donor AJD3280:PB TCRab CD8ab Naive/TCM,1.000000,-,-,-,-,-,-,-,-,-,-,-
144,SYGTGGF%E,5.2e-04,2,2,1.6e-06,1.0e+00,5.4e-02,1.0e+00,1.0e-03,2.9e-02,global-SYGTGGF%E,CASSYGTGGfhEQFF,CASSYGTGGFHEQFF,TRBV5-1,TRBJ2-1,CALSDESGANSKLTF,Donor AJKQ118:PB TCRab CD8ab Naive/TCM,1.000000,-,-,-,-,-,-,-,-,-,-,-

145,SL%RASSYE,5.2e-04,1,2,1.5e-06,1.0e+00,5.2e-02,1.0e+00,1.0e-03,2.9e-02,global-SL%RASSYE,CASSLDRasSYEQYF,CASSLDRASSYEQYF,TRBV7-2,TRBJ2-7,CAVGGGYQKVTF,Donor AJD3280:IEL TCRab CD8ab TRM,1.000000,-,-,-,-,-,-,-,-,-,-,-
145,SL%RASSYE,5.2e-04,1,2,1.5e-06,1.0e+00,5.2e-02,1.0e+00,1.0e-03,2.9e-02,global-SL%RASSYE,CASSLnrasSYEQYF,CASSLNRASSYEQYF,TRBV2,TRBJ2-7,CAVGVGTNAGKSTF,Donor AJD3280:IEL TCRab CD8ab TRM,1.000000,-,-,-,-,-,-,-,-,-,-,-

146,SPGQG%YNE,5.2e-04,2,2,1.5e-06,1.0e+00,5.1e-02,1.0e+00,1.0e-03,2.9e-02,global-SPGQG%YNE,CASSPGQGrYNEQFF,CASSPGQGRYNEQFF,TRBV9,TRBJ2-1,CAGSTGKLIF,Donor AJKQ118:LP TCRab CD8ab TEM,1.000000,-,-,-,-,-,-,-,-,-,-,-
146,SPGQG%YNE,5.2e-04,2,2,1.5e-06,1.0e+00,5.1e-02,1.0e+00,1.0e-03,2.9e-02,global-SPGQG%YNE,CASSPGQGdYNEQFF,CASSPGQGDYNEQFF,TRBV27,TRBJ2-1,CAAPGGFNKFYF,Donor AJD3280:LP TCRab CD8ab TCM,1.000000,-,-,-,-,-,-,-,-,-,-,-

147,S%GAGTAYE,5.2e-04,1,2,3.9e-07,1.0e+00,5.1e-02,2.6e-01,1.0e-03,2.9e-02,global-S%GAGTAYE,CASSQgaGTaYEQYF,CASSQGAGTAYEQYF,TRBV4-3,TRBJ2-7,CVVNTDKLIF,Donor AJG2309:PB TCRab CD8ab Naive/TCM,2.000000,-,-,-,-,-,-,-,-,-,-,-
147,S%GAGTAYE,5.2e-04,1,2,3.9e-07,1.0e+00,5.1e-02,2.6e-01,1.0e-03,2.9e-02,global-S%GAGTAYE,CASSLgaGTaYEQYF,CASSLGAGTAYEQYF,TRBV27,TRBJ2-7,CAVRGWDSGYSTLTF,Donor AJG2309:IEL TCRab CD8ab TRM,1.000000,-,-,-,-,-,-,-,-,-,-,-

148,S%GTGETDT,5.2e-04,2,2,1.8e-06,1.0e+00,6.3e-02,1.0e+00,1.0e-03,2.9e-02,global-S%GTGETDT,CAISvGTGeTDTQYF,CAISVGTGETDTQYF,TRBV10-3,TRBJ2-3,CAALDSNYQLIW,Donor AJG2309:IEL TCRab CD8ab TRM,1.000000,-,-,-,-,-,-,-,-,-,-,-
148,S%GTGETDT,5.2e-04,2,2,1.8e-06,1.0e+00,6.3e-02,1.0e+00,1.0e-03,2.9e-02,global-S%GTGETDT,CASSQGTGeTDTQYF,CASSQGTGETDTQYF,TRBV4-2,TRBJ2-3,CAVTDSNYQLIW,Donor AJD3280:L TCRab CD8ab MAIT,1.000000,-,-,-,-,-,-,-,-,-,-,-

149,SV%GMGTE,5.2e-04,1,2,2.9e-09,1.0e+00,1.0e-03,9.9e-02,1.0e-03,2.9e-02,global-SV%GMGTE,CASSVTGmgTEAFF,CASSVTGMGTEAFF,TRBV11-2,TRBJ1-1,CAPRPADGLTF,Donor AJKQ118:IEL TCRab CD8ab TRM,4.000000,-,-,-,-,-,-,-,-,-,-,-
149,SV%GMGTE,5.2e-04,1,2,2.9e-09,1.0e+00,1.0e-03,9.9e-02,1.0e-03,2.9e-02,global-SV%GMGTE,CASSVlgmgTEAFF,CASSVLGMGTEAFF,TRBV11-2,TRBJ1-1,CAASVESNQFYF,Donor AJKQ118:IEL TCRab CD8ab TRM,1.000000,-,-,-,-,-,-,-,-,-,-,-

150,SLGG%GNTE,5.2e-04,1,2,2.1e-06,1.0e+00,7.2e-02,1.0e+00,1.0e-03,2.9e-02,global-SLGG%GNTE,CASSLgGQGNTEAFF,CASSLGGQGNTEAFF,TRBV5-1,TRBJ1-1,CAGLHYGGSQGNLIF,Donor AJD3280:LP TCRab CD8ab TRM,1.000000,-,-,-,-,-,-,-,-,-,-,-
150,SLGG%GNTE,5.2e-04,1,2,2.1e-06,1.0e+00,7.2e-02,1.0e+00,1.0e-03,2.9e-02,global-SLGG%GNTE,CASSLGGpgNTEAFF,CASSLGGPGNTEAFF,TRBV7-2,TRBJ1-1,CAASWTGYALNF,Donor AJD3280:IEL TCRab CD8ab TRM,1.000000,-,-,-,-,-,-,-,-,-,-,-

151,SLG%SLYE,5.2e-04,1,2,2.1e-07,1.0e+00,5.1e-02,1.4e-01,1.0e-03,2.9e-02,global-SLG%SLYE,CASSLgdslYEQYF,CASSLGDSLYEQYF,TRBV7-8,TRBJ2-7,CCCSARQLTF,Donor AJD3280:PB TCRab CD8ab Naive/TCM,1.000000,-,-,-,-,-,-,-,-,-,-,-
151,SLG%SLYE,5.2e-04,1,2,2.1e-07,1.0e+00,5.1e-02,1.4e-01,1.0e-03,2.9e-02,global-SLG%SLYE,CASSLgvslYEQYF,CASSLGVSLYEQYF,TRBV5-6,TRBJ2-7,CAALNTGNQFYF,Donor AJD3280:IEL TCRab CD8ab TRM,3.000000,-,-,-,-,-,-,-,-,-,-,-

152,SFAG%YNE,5.2e-04,1,2,1.6e-07,1.0e+00,5.5e-02,1.0e-01,1.0e-03,2.9e-02,global-SFAG%YNE,CASSfAGkYNEQFF,CASSFAGKYNEQFF,TRBV11-3,TRBJ2-1,CAEYNTDKLIF,Donor AJD3280:PB TCRab CD8ab Naive/TCM,1.000000,-,-,-,-,-,-,-,-,-,-,-
152,SFAG%YNE,5.2e-04,1,2,1.6e-07,1.0e+00,5.5e-02,1.0e-01,1.0e-03,2.9e-02,global-SFAG%YNE,CASSfAGGYNEQFF,CASSFAGGYNEQFF,TRBV7-3,TRBJ2-1,CALSSNTGNQFYF,Donor AJD3280:IEL TCRab CD8ab TRM,4.000000,-,-,-,-,-,-,-,-,-,-,-

153,S%LNSP,5.2e-04,1,2,8.3e-09,1.0e+00,1.0e-03,2.8e-01,1.0e-03,2.9e-02,global-S%LNSP,CASSDlNSPLHF,CASSDLNSPLHF,TRBV27,TRBJ1-6,CIVRVGGDSWGKFQF,Donor AJG2309:LP TCRab CD8ab TEM,2.000000,-,-,-,-,-,-,-,-,-,-,-
153,S%LNSP,5.2e-04,1,2,8.3e-09,1.0e+00,1.0e-03,2.8e-01,1.0e-03,2.9e-02,global-S%LNSP,CASSnlNSPLHF,CASSNLNSPLHF,TRBV27,TRBJ1-6,CIVRVGGDSWGKLQF,Donor AJG2309:IEL TCRab CD8ab TRM,1.000000,-,-,-,-,-,-,-,-,-,-,-
153,S%LNSP,5.2e-04,1,2,8.3e-09,1.0e+00,1.0e-03,2.8e-01,1.0e-03,2.9e-02,global-S%LNSP,CASSnlNSPLHF,CASSNLNSPLHF,TRBV27,TRBJ1-6,CIVRVGGDSWGKLQF,Donor AJG2309:L TCRab CD8ab TRM,1.000000,-,-,-,-,-,-,-,-,-,-,-
153,S%LNSP,5.2e-04,1,2,8.3e-09,1.0e+00,1.0e-03,2.8e-01,1.0e-03,2.9e-02,global-S%LNSP,CASSnlNSPLHF,CASSNLNSPLHF,TRBV27,TRBJ1-6,CIVRVGGDSWGKLQF,Donor AJG2309:LP TCRab CD8ab TEM,2.000000,-,-,-,-,-,-,-,-,-,-,-

154,S%GGASSYE,5.2e-04,1,2,5.6e-07,1.0e+00,8.0e-02,2.4e-01,1.0e-03,2.9e-02,global-S%GGASSYE,CAISEGGasSYEQYF,CAISEGGASSYEQYF,TRBV10-3,TRBJ2-7,CALNTGGFKTIF,Donor AJD3280:IEL TCRab CD8ab TRM,2.000000,-,-,-,-,-,-,-,-,-,-,-
154,S%GGASSYE,5.2e-04,1,2,5.6e-07,1.0e+00,8.0e-02,2.4e-01,1.0e-03,2.9e-02,global-S%GGASSYE,CAISEGGasSYEQYF,CAISEGGASSYEQYF,TRBV10-3,TRBJ2-7,CALNTGGFKTIF,Donor AJD3280:LP TCRab CD8ab TRM,2.000000,-,-,-,-,-,-,-,-,-,-,-
154,S%GGASSYE,5.2e-04,1,2,5.6e-07,1.0e+00,8.0e-02,2.4e-01,1.0e-03,2.9e-02,global-S%GGASSYE,CASSSGGasSYEQYF,CASSSGGASSYEQYF,TRBV2,TRBJ2-7,CAFIPSYGKLTF,Donor AJD3280:IEL TCRab CD8ab TRM,1.000000,-,-,-,-,-,-,-,-,-,-,-

155,S%PNEK,5.2e-04,1,2,2.1e-07,1.0e+00,5.4e-02,1.3e-01,1.0e-03,2.9e-02,global-S%PNEK,CASSVpNEKLFF,CASSVPNEKLFF,TRBV11-2,TRBJ1-4,CAVSTNAGKSTF,Donor AJD3280:IEL TCRab CD8ab TRM,3.000000,-,-,-,-,-,-,-,-,-,-,-
155,S%PNEK,5.2e-04,1,2,2.1e-07,1.0e+00,5.4e-02,1.3e-01,1.0e-03,2.9e-02,global-S%PNEK,CASSLpNEKLFF,CASSLPNEKLFF,TRBV11-1,TRBJ1-4,CAVNTNAGKSTF,Donor AJD3280:IEL TCRab CD8ab TRM,1.000000,-,-,-,-,-,-,-,-,-,-,-

156,SG%GQGGYG,5.2e-04,1,2,3.1e-09,1.0e+00,1.0e-03,1.1e-01,1.0e-03,2.9e-02,global-SG%GQGGYG,CASSgpGQGgYGYTF,CASSGPGQGGYGYTF,TRBV9,TRBJ1-2,CAVSHNNARLMF,Donor AJD3280:IEL TCRab CD8ab TRM,3.000000,-,-,-,-,-,-,-,-,-,-,-
156,SG%GQGGYG,5.2e-04,1,2,3.1e-09,1.0e+00,1.0e-03,1.1e-01,1.0e-03,2.9e-02,global-SG%GQGGYG,CASSgsGQGgYGYTF,CASSGSGQGGYGYTF,TRBV9,TRBJ1-2,CAVSLNNARLMF,Donor AJD3280:IEL TCRab CD8ab TRM,2.000000,-,-,-,-,-,-,-,-,-,-,-

157,SDS%GSTDT,5.2e-04,1,2,8.1e-10,1.0e+00,1.0e-03,2.8e-02,1.0e-03,2.9e-02,global-SDS%GSTDT,CASSDsRGSTDTQYF,CASSDSRGSTDTQYF,TRBV6-4,TRBJ2-3,CAVMDSNYQLIW,Donor AJD3280:L TCRab CD8ab TRM,1.000000,-,-,-,-,-,-,-,-,-,-,-
157,SDS%GSTDT,5.2e-04,1,2,8.1e-10,1.0e+00,1.0e-03,2.8e-02,1.0e-03,2.9e-02,global-SDS%GSTDT,CASSDsvgSTDTQYF,CASSDSVGSTDTQYF,TRBV6-4,TRBJ2-3,CAGMDSNYQLIW,Donor AJD3280:L TCRab CD8ab MAIT,1.000000,-,-,-,-,-,-,-,-,-,-,-
157,SDS%GSTDT,5.2e-04,1,2,8.1e-10,1.0e+00,1.0e-03,2.8e-02,1.0e-03,2.9e-02,global-SDS%GSTDT,CASSDsvgSTDTQYF,CASSDSVGSTDTQYF,TRBV6-4,TRBJ2-3,CAGMDSNYQLIW,Donor AJD3280:L TCRab CD8ab TRM,13.000000,-,-,-,-,-,-,-,-,-,-,-
157,SDS%GSTDT,5.2e-04,1,2,8.1e-10,1.0e+00,1.0e-03,2.8e-02,1.0e-03,2.9e-02,global-SDS%GSTDT,CASSDsvgSTDTQYF,CASSDSVGSTDTQYF,TRBV6-4,TRBJ2-3,CAGMDSNYQLIW,Donor AJD3280:L TCRab CD8ab Teff,1.000000,-,-,-,-,-,-,-,-,-,-,-

158,SVD%SSE,5.2e-04,2,2,1.7e-06,1.0e+00,5.9e-02,1.0e+00,1.0e-03,2.9e-02,global-SVD%SSE,CASSVdpssEAFF,CASSVDPSSEAFF,TRBV7-3,TRBJ1-1,CAVMSDMRF,Donor AJKQ118:PB TCRab CD8ab Teff,1.000000,-,-,-,-,-,-,-,-,-,-,-
158,SVD%SSE,5.2e-04,2,2,1.7e-06,1.0e+00,5.9e-02,1.0e+00,1.0e-03,2.9e-02,global-SVD%SSE,CASSVdgssEQYF,CASSVDGSSEQYF,TRBV9,TRBJ2-7,CAVKTNTDKLIF,Donor AJG2309:IEL TCRab CD8ab TRM,1.000000,-,-,-,-,-,-,-,-,-,-,-

159,SAT%NE,5.2e-04,1,2,1.4e-06,1.0e+00,4.9e-02,1.0e+00,1.0e-03,2.9e-02,global-SAT%NE,CSASatYNEQFF,CSASATYNEQFF,TRBV20-1,TRBJ2-1,CAVTSPSLQAGTALIF,Donor AJKQ118:IEL TCRab CD8ab TRM,1.000000,-,-,-,-,-,-,-,-,-,-,-
159,SAT%NE,5.2e-04,1,2,1.4e-06,1.0e+00,4.9e-02,1.0e+00,1.0e-03,2.9e-02,global-SAT%NE,CASSatvNEQFF,CASSATVNEQFF,TRBV27,TRBJ2-1,CAVGERTGANNLFF,Donor AJKQ118:L TCRab CD8ab TRM,1.000000,-,-,-,-,-,-,-,-,-,-,-

160,S%SGSRET,5.2e-04,2,2,1.2e-06,1.0e+00,4.0e-02,1.0e+00,1.0e-03,2.9e-02,global-S%SGSRET,CASSSSGsrETQYF,CASSSSGSRETQYF,TRBV9,TRBJ2-5,CAENLEYGNKLVF,Donor AJG2309:IEL TCRab CD8ab TRM,1.000000,-,-,-,-,-,-,-,-,-,-,-
160,S%SGSRET,5.2e-04,2,2,1.2e-06,1.0e+00,4.0e-02,1.0e+00,1.0e-03,2.9e-02,global-S%SGSRET,CASSLSGsrETQYF,CASSLSGSRETQYF,TRBV28,TRBJ2-5,CAASTTNTGFQKLVF,Donor AJKQ118:IEL TCRab CD8ab TRM,1.000000,-,-,-,-,-,-,-,-,-,-,-

161,SPAG%SNQP,5.2e-04,2,2,1.5e-06,1.0e+00,5.3e-02,1.0e+00,1.0e-03,2.9e-02,global-SPAG%SNQP,CASSPAGGSNQPQHF,CASSPAGGSNQPQHF,TRBV18,TRBJ1-5,CALSGIDRPSNFNDYKLSF,Donor AJD3280:LP TCRab CD8ab TEM,1.000000,-,-,-,-,-,-,-,-,-,-,-
161,SPAG%SNQP,5.2e-04,2,2,1.5e-06,1.0e+00,5.3e-02,1.0e+00,1.0e-03,2.9e-02,global-SPAG%SNQP,CASSPaGRSNQPQHF,CASSPAGRSNQPQHF,TRBV19,TRBJ1-5,CAVRPRADRGSTLGRLYF,Donor AJKQ118:IEL TCRab CD8ab TRM,1.000000,-,-,-,-,-,-,-,-,-,-,-

162,SEEAGG%NE,5.2e-04,2,2,1.2e-08,1.0e+00,1.0e-03,4.0e-01,1.0e-03,2.9e-02,global-SEEAGG%NE,CASSEeAGGpNEQFF,CASSEEAGGPNEQFF,TRBV6-1,TRBJ2-1,CAVRDSNYQLIW,Donor AJD3280:L TCRab CD8ab MAIT,1.000000,-,-,-,-,-,-,-,-,-,-,-
162,SEEAGG%NE,5.2e-04,2,2,1.2e-08,1.0e+00,1.0e-03,4.0e-01,1.0e-03,2.9e-02,global-SEEAGG%NE,CASSEeAGGpNEQFF,CASSEEAGGPNEQFF,TRBV6-1,TRBJ2-1,CAVRDSNYQLIW,Donor AJD3280:L TCRab CD8ab TRM,1.000000,-,-,-,-,-,-,-,-,-,-,-
162,SEEAGG%NE,5.2e-04,2,2,1.2e-08,1.0e+00,1.0e-03,4.0e-01,1.0e-03,2.9e-02,global-SEEAGG%NE,CASSEeAGGYNEQFF,CASSEEAGGYNEQFF,TRBV6-1,TRBJ2-1,CAVRDSNYQLIW,Donor AJKQ118:L TCRab CD8ab MAIT,2.000000,-,-,-,-,-,-,-,-,-,-,-

163,%PGSGNT,5.2e-04,2,2,1.4e-06,1.0e+00,4.8e-02,1.0e+00,1.0e-03,2.9e-02,global-%PGSGNT,CSVdpgSGNTIYF,CSVDPGSGNTIYF,TRBV29-1,TRBJ1-3,CAMINTNAGKSTF,Donor AJD3280:L TCRab CD8ab Naive/TCM,1.000000,-,-,-,-,-,-,-,-,-,-,-
163,%PGSGNT,5.2e-04,2,2,1.4e-06,1.0e+00,4.8e-02,1.0e+00,1.0e-03,2.9e-02,global-%PGSGNT,CAISpgSGNTIYF,CAISPGSGNTIYF,TRBV10-3,TRBJ1-3,CAVGDNQGGKLIF,Donor AJKQ118:L TCRab CD8ab TRM,1.000000,-,-,-,-,-,-,-,-,-,-,-

164,SQDL%GYE,5.2e-04,2,2,2.9e-08,1.0e+00,1.0e-03,1.0e+00,1.0e-03,2.9e-02,global-SQDL%GYE,CASSQdLAGYEQYF,CASSQDLAGYEQYF,TRBV4-3,TRBJ2-7,CAVRDSNYQLIW,Donor AJKQ118:L TCRab CD8ab MAIT,1.000000,-,-,-,-,-,-,-,-,-,-,-
164,SQDL%GYE,5.2e-04,2,2,2.9e-08,1.0e+00,1.0e-03,1.0e+00,1.0e-03,2.9e-02,global-SQDL%GYE,CASSQdlRGYEQYF,CASSQDLRGYEQYF,TRBV4-3,TRBJ2-7,CAVTGANSKLTF,Donor AJD3280:PB TCRab CD8ab Naive/TCM,1.000000,-,-,-,-,-,-,-,-,-,-,-

165,SRDRAQ%,5.2e-04,2,2,2.9e-08,1.0e+00,1.0e-03,1.0e+00,1.0e-03,2.9e-02,global-SRDRAQ%,CASSRDRaQPQHF,CASSRDRAQPQHF,TRBV18,TRBJ1-5,CVVSPNTGGFKTIF,Donor AJG2309:PB TCRab CD8ab Teff,1.000000,-,-,-,-,-,-,-,-,-,-,-
165,SRDRAQ%,5.2e-04,2,2,2.9e-08,1.0e+00,1.0e-03,1.0e+00,1.0e-03,2.9e-02,global-SRDRAQ%,CASSRDRaqEQYF,CASSRDRAQEQYF,TRBV18,TRBJ2-7,CAESLDTGRRALTF,Donor AJKQ118:L TCRab CD8ab TRM,1.000000,-,-,-,-,-,-,-,-,-,-,-

166,%DDQET,5.2e-04,1,2,1.9e-06,1.0e+00,6.6e-02,1.0e+00,1.0e-03,2.9e-02,global-%DDQET,CASSDdQETQYF,CASSDDQETQYF,TRBV6-5,TRBJ2-5,CAYTGTASKLTF,Donor AJD3280:PB TCRab CD8ab Naive/TCM,1.000000,-,-,-,-,-,-,-,-,-,-,-
166,%DDQET,5.2e-04,1,2,1.9e-06,1.0e+00,6.6e-02,1.0e+00,1.0e-03,2.9e-02,global-%DDQET,CSARddQETQYF,CSARDDQETQYF,TRBV20-1,TRBJ2-5,CAVRNNRLAF,Donor AJD3280:PB TCRab CD8ab Teff,1.000000,-,-,-,-,-,-,-,-,-,-,-

167,SLV%GQGTYE,5.2e-04,1,2,1.6e-08,1.0e+00,1.0e-03,5.6e-01,1.0e-03,2.9e-02,global-SLV%GQGTYE,CASSLvtGQGtYEQYF,CASSLVTGQGTYEQYF,TRBV7-8,TRBJ2-7,CAGSPQGAQKLVF,Donor AJKQ118:IEL TCRab CD8ab TRM,1.000000,-,-,-,-,-,-,-,-,-,-,-
167,SLV%GQGTYE,5.2e-04,1,2,1.6e-08,1.0e+00,1.0e-03,5.6e-01,1.0e-03,2.9e-02,global-SLV%GQGTYE,CASSLvtGQGtYEQYF,CASSLVTGQGTYEQYF,TRBV7-8,TRBJ2-7,CAGSPQGAQKLVF,Donor AJKQ118:LP TCRab CD8ab TEM,1.000000,-,-,-,-,-,-,-,-,-,-,-
167,SLV%GQGTYE,5.2e-04,1,2,1.6e-08,1.0e+00,1.0e-03,5.6e-01,1.0e-03,2.9e-02,global-SLV%GQGTYE,CASSLvfGQGtYEQYF,CASSLVFGQGTYEQYF,TRBV11-2,TRBJ2-7,CAGRGNNAGNMLTF,Donor AJKQ118:IEL TCRab CD8ab TRM,2.000000,-,-,-,-,-,-,-,-,-,-,-
167,SLV%GQGTYE,5.2e-04,1,2,1.6e-08,1.0e+00,1.0e-03,5.6e-01,1.0e-03,2.9e-02,global-SLV%GQGTYE,CASSLvfGQGtYEQYF,CASSLVFGQGTYEQYF,TRBV11-2,TRBJ2-7,CAMKGGNKLVF,Donor AJKQ118:LP TCRab CD8ab TEM,1.000000,-,-,-,-,-,-,-,-,-,-,-
167,SLV%GQGTYE,5.2e-04,1,2,1.6e-08,1.0e+00,1.0e-03,5.6e-01,1.0e-03,2.9e-02,global-SLV%GQGTYE,CASSLvfGQGtYEQYF,CASSLVFGQGTYEQYF,TRBV11-2,TRBJ2-7,CAGRGNNAGNMLTF,Donor AJKQ118:LP TCRab CD8ab TEM,1.000000,-,-,-,-,-,-,-,-,-,-,-

168,SDR%YG,5.2e-04,2,2,1.7e-06,1.0e+00,5.8e-02,1.0e+00,1.0e-03,2.9e-02,global-SDR%YG,CASSDRGYGYTF,CASSDRGYGYTF,TRBV6-1,TRBJ1-2,CAESPNQAGTALIF,Donor AJKQ118:PB TCRab CD8ab Naive/TCM,1.000000,-,-,-,-,-,-,-,-,-,-,-
168,SDR%YG,5.2e-04,2,2,1.7e-06,1.0e+00,5.8e-02,1.0e+00,1.0e-03,2.9e-02,global-SDR%YG,CAISdREYGYTF,CAISDREYGYTF,TRBV10-3,TRBJ1-2,CALSVEEGAQKLVF,Donor AJD3280:L TCRab CD8ab TRM,1.000000,-,-,-,-,-,-,-,-,-,-,-

169,S%VSQET,5.2e-04,1,2,2.2e-07,1.0e+00,4.7e-02,1.6e-01,1.0e-03,2.9e-02,global-S%VSQET,CASSQvsQETQYF,CASSQVSQETQYF,TRBV14,TRBJ2-5,CAFIGSTGNQFYF,Donor AJD3280:L TCRab CD8ab Naive/TCM,2.000000,-,-,-,-,-,-,-,-,-,-,-
169,S%VSQET,5.2e-04,1,2,2.2e-07,1.0e+00,4.7e-02,1.6e-01,1.0e-03,2.9e-02,global-S%VSQET,CASSLvsQETQYF,CASSLVSQETQYF,TRBV7-9,TRBJ2-5,CAVLNYGGSQGNLIF,Donor AJD3280:IEL TCRab CD8ab TRM,2.000000,-,-,-,-,-,-,-,-,-,-,-

170,SQ%LNTE,5.2e-04,1,2,2.7e-06,1.0e+00,9.2e-02,1.0e+00,1.0e-03,2.9e-02,global-SQ%LNTE,CASSQalNTEAFF,CASSQALNTEAFF,TRBV3-1,TRBJ1-1,CAASALGNQFYF,Donor AJD3280:IEL TCRab CD8ab TRM,1.000000,-,-,-,-,-,-,-,-,-,-,-
170,SQ%LNTE,5.2e-04,1,2,2.7e-06,1.0e+00,9.2e-02,1.0e+00,1.0e-03,2.9e-02,global-SQ%LNTE,CASSQrlNTEAFF,CASSQRLNTEAFF,TRBV4-2,TRBJ1-1,CAGGTYSGAGSYQLTF,Donor AJD3280:IEL TCRab CD8ab TRM,1.000000,-,-,-,-,-,-,-,-,-,-,-
170,SQ%LNTE,5.2e-04,1,2,2.7e-06,1.0e+00,9.2e-02,1.0e+00,1.0e-03,2.9e-02,global-SQ%LNTE,CASSQrlNTEAFF,CASSQRLNTEAFF,TRBV4-2,TRBJ1-1,CAGGTYSGAGSYQLTF,Donor AJD3280:LP TCRab CD8ab TRM,1.000000,-,-,-,-,-,-,-,-,-,-,-

171,SPGQA%TDT,5.2e-04,2,2,1.7e-06,1.0e+00,5.7e-02,1.0e+00,1.0e-03,2.9e-02,global-SPGQA%TDT,CASSPGQanTDTQYF,CASSPGQANTDTQYF,TRBV13,TRBJ2-3,CALSDYGGSQGNLIF,Donor AJKQ118:L TCRab CD8ab TRM,1.000000,-,-,-,-,-,-,-,-,-,-,-
171,SPGQA%TDT,5.2e-04,2,2,1.7e-06,1.0e+00,5.7e-02,1.0e+00,1.0e-03,2.9e-02,global-SPGQA%TDT,CASSPGQagTDTQYF,CASSPGQAGTDTQYF,TRBV9,TRBJ2-3,CAVRPTNNAGNMLTF,Donor AJD3280:L TCRab CD8ab Naive/TCM,1.000000,-,-,-,-,-,-,-,-,-,-,-

172,SSG%T,5.2e-04,1,2,1.6e-06,1.0e+00,5.4e-02,1.0e+00,1.0e-03,2.9e-02,global-SSG%T,CASSSGNTIYF,CASSSGNTIYF,TRBV11-1,TRBJ1-3,CALSLISGGGADGLTF,Donor AJD3280:L TCRab CD8ab Naive/TCM,1.000000,-,-,-,-,-,-,-,-,-,-,-
172,SSG%T,5.2e-04,1,2,1.6e-06,1.0e+00,5.4e-02,1.0e+00,1.0e-03,2.9e-02,global-SSG%T,CASSSgDTQYF,CASSSGDTQYF,TRBV7-9,TRBJ2-3,CAPWEKAAGNKLTF,Donor AJD3280:L TCRab CD8ab TRM,1.000000,-,-,-,-,-,-,-,-,-,-,-

173,SAWV%NLGQP,5.2e-04,1,2,2.9e-08,1.0e+00,1.0e-03,1.0e+00,1.0e-03,2.9e-02,global-SAWV%NLGQP,CASSawvgnlgQPQHF,CASSAWVGNLGQPQHF,TRBV27,TRBJ1-5,CATAQRGSQGNLIF,Donor AJKQ118:L TCRab CD8ab TRM,1.000000,-,-,-,-,-,-,-,-,-,-,-
173,SAWV%NLGQP,5.2e-04,1,2,2.9e-08,1.0e+00,1.0e-03,1.0e+00,1.0e-03,2.9e-02,global-SAWV%NLGQP,CASSawvenlgQPQHF,CASSAWVENLGQPQHF,TRBV27,TRBJ1-5,CATAQRGSQGNLIF,Donor AJKQ118:IEL TCRab CD8ab TRM,1.000000,-,-,-,-,-,-,-,-,-,-,-

174,SLVGEE%,5.2e-04,1,2,6.1e-09,1.0e+00,1.0e-03,2.1e-01,1.0e-03,2.9e-02,global-SLVGEE%,CASSLvgeETQYF,CASSLVGEETQYF,TRBV27,TRBJ2-5,CAVGTGNQFYF,Donor AJG2309:IEL TCRab CD8ab TRM,3.000000,-,-,-,-,-,-,-,-,-,-,-
174,SLVGEE%,5.2e-04,1,2,6.1e-09,1.0e+00,1.0e-03,2.1e-01,1.0e-03,2.9e-02,global-SLVGEE%,CASSLvgeevtFF,CASSLVGEEVTFF,TRBV27,TRBJ1-1,CALSELIQGAQKLVF,Donor AJG2309:IEL TCRab CD8ab TRM,1.000000,-,-,-,-,-,-,-,-,-,-,-
174,SLVGEE%,5.2e-04,1,2,6.1e-09,1.0e+00,1.0e-03,2.1e-01,1.0e-03,2.9e-02,global-SLVGEE%,CASSLvgeevtFF,CASSLVGEEVTFF,TRBV27,TRBJ1-1,CAASTGNQFYF,Donor AJG2309:IEL TCRab CD8ab TRM,2.000000,-,-,-,-,-,-,-,-,-,-,-
174,SLVGEE%,5.2e-04,1,2,6.1e-09,1.0e+00,1.0e-03,2.1e-01,1.0e-03,2.9e-02,global-SLVGEE%,CASSLvgeevtFF,CASSLVGEEVTFF,TRBV27,TRBJ1-1,CALSELIQGAQKLVF,Donor AJG2309:LP TCRab CD8ab TRM,1.000000,-,-,-,-,-,-,-,-,-,-,-

175,S%SGQSNQP,5.2e-04,1,2,1.5e-06,1.0e+00,5.1e-02,1.0e+00,1.0e-03,2.9e-02,global-S%SGQSNQP,CASSLSGqSNQPQHF,CASSLSGQSNQPQHF,TRBV27,TRBJ1-5,CAVEPNTGFQKLVF,Donor AJD3280:L TCRab CD8ab TRM,1.000000,-,-,-,-,-,-,-,-,-,-,-
175,S%SGQSNQP,5.2e-04,1,2,1.5e-06,1.0e+00,5.1e-02,1.0e+00,1.0e-03,2.9e-02,global-S%SGQSNQP,CAISdSGqSNQPQHF,CAISDSGQSNQPQHF,TRBV10-3,TRBJ1-5,CALSDPSGGSYIPTF,Donor AJD3280:IEL TCRab CD8ab TRM,1.000000,-,-,-,-,-,-,-,-,-,-,-

176,%SGNT,5.2e-04,1,2,1.5e-06,1.0e+00,5.2e-02,1.0e+00,1.0e-03,2.9e-02,global-%SGNT,CASfSGNTIYF,CASFSGNTIYF,TRBV6-6,TRBJ1-3,CALTNFGNEKLTF,Donor AJD3280:L TCRab CD8ab TRM,1.000000,-,-,-,-,-,-,-,-,-,-,-
176,%SGNT,5.2e-04,1,2,1.5e-06,1.0e+00,5.2e-02,1.0e+00,1.0e-03,2.9e-02,global-%SGNT,CASSSGNTIYF,CASSSGNTIYF,TRBV11-1,TRBJ1-3,CALSLISGGGADGLTF,Donor AJD3280:L TCRab CD8ab Naive/TCM,1.000000,-,-,-,-,-,-,-,-,-,-,-

177,SE%DYYE,5.2e-04,2,2,1.5e-06,1.0e+00,5.2e-02,1.0e+00,1.0e-03,2.9e-02,global-SE%DYYE,CASSEsdyyEAFF,CASSESDYYEAFF,TRBV10-2,TRBJ1-1,CAGVTNAGKSTF,Donor AJKQ118:PB TCRab CD8ab Naive/TCM,1.000000,-,-,-,-,-,-,-,-,-,-,-
177,SE%DYYE,5.2e-04,2,2,1.5e-06,1.0e+00,5.2e-02,1.0e+00,1.0e-03,2.9e-02,global-SE%DYYE,CATSegdyYEQYF,CATSEGDYYEQYF,TRBV24-1,TRBJ2-7,CAVGAGGYNKLIF,Donor AJG2309:PB TCRab CD8ab Naive/TCM,1.000000,-,-,-,-,-,-,-,-,-,-,-

178,SIPG%TDT,5.2e-04,2,2,4.0e-07,1.0e+00,5.1e-02,2.7e-01,1.0e-03,2.9e-02,global-SIPG%TDT,CASSIpGTTDTQYF,CASSIPGTTDTQYF,TRBV19,TRBJ2-3,CAASSSGSARQLTF,Donor AJD3280:IEL TCRab CD8ab TRM,1.000000,-,-,-,-,-,-,-,-,-,-,-
178,SIPG%TDT,5.2e-04,2,2,4.0e-07,1.0e+00,5.1e-02,2.7e-01,1.0e-03,2.9e-02,global-SIPG%TDT,CSVsipgeTDTQYF,CSVSIPGETDTQYF,TRBV29-1,TRBJ2-3,CAVRPSDYGQNFVF,Donor AJG2309:IEL TCRab CD8ab TRM,2.000000,-,-,-,-,-,-,-,-,-,-,-

179,SQDH%YG,5.2e-04,1,2,2.9e-08,1.0e+00,1.0e-03,1.0e+00,1.0e-03,2.9e-02,global-SQDH%YG,CASSQdhvYGYTF,CASSQDHVYGYTF,TRBV3-1,TRBJ1-2,CAAGSWGKLQF,Donor AJD3280:L TCRab CD8ab Teff,1.000000,-,-,-,-,-,-,-,-,-,-,-
179,SQDH%YG,5.2e-04,1,2,2.9e-08,1.0e+00,1.0e-03,1.0e+00,1.0e-03,2.9e-02,global-SQDH%YG,CASSQdhNYGYTF,CASSQDHNYGYTF,TRBV3-1,TRBJ1-2,CALSGSNFGNEKLTF,Donor AJD3280:PB TCRab CD8ab Teff,1.000000,-,-,-,-,-,-,-,-,-,-,-

180,SL%AGGPYNE,5.2e-04,2,2,1.6e-06,1.0e+00,5.6e-02,1.0e+00,1.0e-03,2.9e-02,global-SL%AGGPYNE,CASSLeAGGpYNEQFF,CASSLEAGGPYNEQFF,TRBV5-1,TRBJ2-1,CAYKRGYGNKLVF,Donor AJG2309:LP TCRab CD8ab TEM,1.000000,-,-,-,-,-,-,-,-,-,-,-
180,SL%AGGPYNE,5.2e-04,2,2,1.6e-06,1.0e+00,5.6e-02,1.0e+00,1.0e-03,2.9e-02,global-SL%AGGPYNE,CASSLgAGGpYNEQFF,CASSLGAGGPYNEQFF,TRBV12-3,TRBJ2-1,CAVRDKENYGGSQGNLIF,Donor AJD3280:IEL TCRab CD8ab TRM,1.000000,-,-,-,-,-,-,-,-,-,-,-

181,S%TGMGTE,5.2e-04,1,2,5.2e-10,1.0e+00,1.0e-03,1.8e-02,1.0e-03,2.9e-02,global-S%TGMGTE,CASSVTGmgTEAFF,CASSVTGMGTEAFF,TRBV11-2,TRBJ1-1,CAPRPADGLTF,Donor AJKQ118:IEL TCRab CD8ab TRM,4.000000,-,-,-,-,-,-,-,-,-,-,-
181,S%TGMGTE,5.2e-04,1,2,5.2e-10,1.0e+00,1.0e-03,1.8e-02,1.0e-03,2.9e-02,global-S%TGMGTE,CASSITGmgTEAFF,CASSITGMGTEAFF,TRBV11-2,TRBJ1-1,CAGRGANNLFF,Donor AJKQ118:IEL TCRab CD8ab TRM,10.000000,-,-,-,-,-,-,-,-,-,-,-

182,SPGL%NE,5.2e-04,2,2,2.9e-07,1.0e+00,1.0e-02,1.0e+00,1.0e-03,2.9e-02,global-SPGL%NE,CASSPGLiNEQFF,CASSPGLINEQFF,TRBV27,TRBJ2-1,CDIGGGSQGNLIF,Donor AJG2309:IEL TCRab CD8ab TRM,1.000000,-,-,-,-,-,-,-,-,-,-,-
182,SPGL%NE,5.2e-04,2,2,2.9e-07,1.0e+00,1.0e-02,1.0e+00,1.0e-03,2.9e-02,global-SPGL%NE,CASSPGLiNEQFF,CASSPGLINEQFF,TRBV27,TRBJ2-1,CAVGVYNNDMRF,Donor AJG2309:IEL TCRab CD8ab TRM,1.000000,-,-,-,-,-,-,-,-,-,-,-
182,SPGL%NE,5.2e-04,2,2,2.9e-07,1.0e+00,1.0e-02,1.0e+00,1.0e-03,2.9e-02,global-SPGL%NE,CASSPGLiNEQFF,CASSPGLINEQFF,TRBV27,TRBJ2-1,CDIGGGSQGNLIF,Donor AJG2309:LP TCRab CD8ab TRM,1.000000,-,-,-,-,-,-,-,-,-,-,-
182,SPGL%NE,5.2e-04,2,2,2.9e-07,1.0e+00,1.0e-02,1.0e+00,1.0e-03,2.9e-02,global-SPGL%NE,CASSPGLgNEQFF,CASSPGLGNEQFF,TRBV5-4,TRBJ2-1,CATDATMDSNYQLIW,Donor AJD3280:PB TCRab CD8ab Naive/TCM,1.000000,-,-,-,-,-,-,-,-,-,-,-

183,SLQGS%TE,5.2e-04,2,2,1.6e-06,1.0e+00,5.5e-02,1.0e+00,1.0e-03,2.9e-02,global-SLQGS%TE,CASSLqgSGTEAFF,CASSLQGSGTEAFF,TRBV27,TRBJ1-1,CALRRGQGGSEKLVF,Donor AJKQ118:L TCRab CD8ab Teff,1.000000,-,-,-,-,-,-,-,-,-,-,-
183,SLQGS%TE,5.2e-04,2,2,1.6e-06,1.0e+00,5.5e-02,1.0e+00,1.0e-03,2.9e-02,global-SLQGS%TE,CASSLQGsvTEAFF,CASSLQGSVTEAFF,TRBV7-3,TRBJ1-1,CAVGNYGGATNKLIF,Donor AJD3280:PB TCRab CD8ab Naive/TCM,1.000000,-,-,-,-,-,-,-,-,-,-,-

184,SEGGA%SYE,5.2e-04,1,2,6.3e-09,1.0e+00,1.0e-03,2.2e-01,1.0e-03,2.9e-02,global-SEGGA%SYE,CAISEGGaaSYEQYF,CAISEGGAASYEQYF,TRBV10-3,TRBJ2-7,CALNTGGFKTIF,Donor AJD3280:IEL TCRab CD8ab TRM,1.000000,-,-,-,-,-,-,-,-,-,-,-
184,SEGGA%SYE,5.2e-04,1,2,6.3e-09,1.0e+00,1.0e-03,2.2e-01,1.0e-03,2.9e-02,global-SEGGA%SYE,CAISEGGasSYEQYF,CAISEGGASSYEQYF,TRBV10-3,TRBJ2-7,CALNTGGFKTIF,Donor AJD3280:IEL TCRab CD8ab TRM,2.000000,-,-,-,-,-,-,-,-,-,-,-
184,SEGGA%SYE,5.2e-04,1,2,6.3e-09,1.0e+00,1.0e-03,2.2e-01,1.0e-03,2.9e-02,global-SEGGA%SYE,CAISEGGasSYEQYF,CAISEGGASSYEQYF,TRBV10-3,TRBJ2-7,CALNTGGFKTIF,Donor AJD3280:LP TCRab CD8ab TRM,2.000000,-,-,-,-,-,-,-,-,-,-,-

185,S%DLAGYE,5.2e-04,1,2,2.4e-07,1.0e+00,5.4e-02,1.5e-01,1.0e-03,2.9e-02,global-S%DLAGYE,CASSRdLAGYEQYF,CASSRDLAGYEQYF,TRBV10-1,TRBJ2-7,CALSEAGRQAGTALIF,Donor AJKQ118:IEL TCRab CD8ab TRM,3.000000,-,-,-,-,-,-,-,-,-,-,-
185,S%DLAGYE,5.2e-04,1,2,2.4e-07,1.0e+00,5.4e-02,1.5e-01,1.0e-03,2.9e-02,global-S%DLAGYE,CASSQdLAGYEQYF,CASSQDLAGYEQYF,TRBV4-3,TRBJ2-7,CAVRDSNYQLIW,Donor AJKQ118:L TCRab CD8ab MAIT,1.000000,-,-,-,-,-,-,-,-,-,-,-

186,SLAAG%NTGE,5.2e-04,2,2,2.0e-06,1.0e+00,6.7e-02,1.0e+00,1.0e-03,2.9e-02,global-SLAAG%NTGE,CASSLaAGpNTGELFF,CASSLAAGPNTGELFF,TRBV7-2,TRBJ2-2,CAVRQVSGYSTLTF,Donor AJD3280:PB TCRab CD8ab TEM,1.000000,-,-,-,-,-,-,-,-,-,-,-
186,SLAAG%NTGE,5.2e-04,2,2,2.0e-06,1.0e+00,6.7e-02,1.0e+00,1.0e-03,2.9e-02,global-SLAAG%NTGE,CASSLaAGGNTGELFF,CASSLAAGGNTGELFF,TRBV11-2,TRBJ2-2,CAMRGLSGGYNKLIF,Donor AJG2309:PB TCRab CD8ab Naive/TCM,1.000000,-,-,-,-,-,-,-,-,-,-,-

187,SKGGPY%E,5.2e-04,1,2,2.0e-10,1.0e+00,1.0e-03,7.0e-03,1.0e-03,2.9e-02,global-SKGGPY%E,CASSKGGpYNEQFF,CASSKGGPYNEQFF,TRBV19,TRBJ2-1,CVVRGNAGNMLTF,Donor AJKQ118:L TCRab CD8ab TRM,2.000000,-,-,-,-,-,-,-,-,-,-,-
187,SKGGPY%E,5.2e-04,1,2,2.0e-10,1.0e+00,1.0e-03,7.0e-03,1.0e-03,2.9e-02,global-SKGGPY%E,CASSKGGpYNEQFF,CASSKGGPYNEQFF,TRBV19,TRBJ2-1,CVVRGNAGNMLTF,Donor AJKQ118:L TCRab CD8ab Teff,9.000000,-,-,-,-,-,-,-,-,-,-,-
187,SKGGPY%E,5.2e-04,1,2,2.0e-10,1.0e+00,1.0e-03,7.0e-03,1.0e-03,2.9e-02,global-SKGGPY%E,CASSKGGpYNEQFF,CASSKGGPYNEQFF,TRBV19,TRBJ2-1,CVVRGNAGNMLTF,Donor AJKQ118:PB TCRab CD8ab Teff,22.000000,-,-,-,-,-,-,-,-,-,-,-
187,SKGGPY%E,5.2e-04,1,2,2.0e-10,1.0e+00,1.0e-03,7.0e-03,1.0e-03,2.9e-02,global-SKGGPY%E,CASSKGGpytEQFF,CASSKGGPYTEQFF,TRBV19,TRBJ2-1,CVVRGNAGNMLTF,Donor AJKQ118:PB TCRab CD8ab Teff,1.000000,-,-,-,-,-,-,-,-,-,-,-

188,SL%GGPTDT,5.2e-04,1,2,2.9e-08,1.0e+00,1.0e-03,1.0e+00,1.0e-03,2.9e-02,global-SL%GGPTDT,CASSLAGGpTDTQYF,CASSLAGGPTDTQYF,TRBV7-6,TRBJ2-3,CAVRPSADSWGKLQF,Donor AJD3280:IEL TCRab CD8ab TRM,1.000000,-,-,-,-,-,-,-,-,-,-,-
188,SL%GGPTDT,5.2e-04,1,2,2.9e-08,1.0e+00,1.0e-03,1.0e+00,1.0e-03,2.9e-02,global-SL%GGPTDT,CASSLGGgpTDTQYF,CASSLGGGPTDTQYF,TRBV7-6,TRBJ2-3,CAFMIYNQGGKLIF,Donor AJD3280:L TCRab CD8ab TRM,1.000000,-,-,-,-,-,-,-,-,-,-,-

189,S%GDRAYNE,5.2e-04,1,2,1.8e-06,1.0e+00,6.3e-02,1.0e+00,1.0e-03,2.9e-02,global-S%GDRAYNE,CASSLgDRaYNEQFF,CASSLGDRAYNEQFF,TRBV5-6,TRBJ2-1,CALSEGSNFGNEKLTF,Donor AJD3280:PB TCRab CD8ab Teff,1.000000,-,-,-,-,-,-,-,-,-,-,-
189,S%GDRAYNE,5.2e-04,1,2,1.8e-06,1.0e+00,6.3e-02,1.0e+00,1.0e-03,2.9e-02,global-S%GDRAYNE,CASSVgDRaYNEQFF,CASSVGDRAYNEQFF,TRBV9,TRBJ2-1,CVVSDGGSQGNLIF,Donor AJD3280:PB TCRab CD8ab Naive/TCM,1.000000,-,-,-,-,-,-,-,-,-,-,-

190,S%GLAGVSYE,5.2e-04,2,2,2.5e-06,1.0e+00,8.5e-02,1.0e+00,1.0e-03,2.9e-02,global-S%GLAGVSYE,CASSLGLAGvSYEQYF,CASSLGLAGVSYEQYF,TRBV5-1,TRBJ2-7,CAVMDSSYKLIF,Donor AJG2309:IEL TCRab CD8ab TRM,1.000000,-,-,-,-,-,-,-,-,-,-,-
190,S%GLAGVSYE,5.2e-04,2,2,2.5e-06,1.0e+00,8.5e-02,1.0e+00,1.0e-03,2.9e-02,global-S%GLAGVSYE,CASSLGLAGvSYEQYF,CASSLGLAGVSYEQYF,TRBV5-1,TRBJ2-7,CAVMDSSYKLIF,Donor AJG2309:LP TCRab CD8ab TRM,1.000000,-,-,-,-,-,-,-,-,-,-,-
190,S%GLAGVSYE,5.2e-04,2,2,2.5e-06,1.0e+00,8.5e-02,1.0e+00,1.0e-03,2.9e-02,global-S%GLAGVSYE,CASStGLAGvSYEQYF,CASSTGLAGVSYEQYF,TRBV27,TRBJ2-7,CIVGRLVF,Donor AJD3280:L TCRab CD8ab Naive/TCM,1.000000,-,-,-,-,-,-,-,-,-,-,-

191,%LAGGPTDT,5.2e-04,1,2,1.4e-06,1.0e+00,4.8e-02,1.0e+00,1.0e-03,2.9e-02,global-%LAGGPTDT,CASSLAGGpTDTQYF,CASSLAGGPTDTQYF,TRBV7-6,TRBJ2-3,CAVRPSADSWGKLQF,Donor AJD3280:IEL TCRab CD8ab TRM,1.000000,-,-,-,-,-,-,-,-,-,-,-
191,%LAGGPTDT,5.2e-04,1,2,1.4e-06,1.0e+00,4.8e-02,1.0e+00,1.0e-03,2.9e-02,global-%LAGGPTDT,CASnLAGGpTDTQYF,CASNLAGGPTDTQYF,TRBV3-1,TRBJ2-3,CAGYSGAGSYQLTF,Donor AJD3280:IEL TCRab CD8ab TRM,1.000000,-,-,-,-,-,-,-,-,-,-,-

192,SYPTSGG%T,5.2e-04,2,2,2.1e-09,1.0e+00,1.0e-03,7.3e-02,1.0e-03,2.9e-02,motif-YPTS motif-SYPT global-SYPTSGG%T,CASSYpTSGGETQYF,CASSYPTSGGETQYF,TRBV6-2,TRBJ2-5,CAVQQGYALNF,Donor AJD3280:L TCRab CD8ab Teff,1.000000,-,-,-,-,-,-,-,-,-,-,-
192,SYPTSGG%T,5.2e-04,2,2,2.1e-09,1.0e+00,1.0e-03,7.3e-02,1.0e-03,2.9e-02,motif-YPTS motif-SYPT global-SYPTSGG%T,CASSYpTSGGETQYF,CASSYPTSGGETQYF,TRBV6-2,TRBJ2-5,CAVQQGYALNF,Donor AJD3280:PB TCRab CD8ab Teff,1.000000,-,-,-,-,-,-,-,-,-,-,-
192,SYPTSGG%T,5.2e-04,2,2,2.1e-09,1.0e+00,1.0e-03,7.3e-02,1.0e-03,2.9e-02,motif-YPTS motif-SYPT global-SYPTSGG%T,CASSYpTSGGsTQYF,CASSYPTSGGSTQYF,TRBV6-2,TRBJ2-3,CASRSSYKLIF,Donor AJKQ118:IEL TCRab CD8ab TRM,1.000000,-,-,-,-,-,-,-,-,-,-,-
192,SYPTSGG%T,5.2e-04,2,2,2.1e-09,1.0e+00,1.0e-03,7.3e-02,1.0e-03,2.9e-02,motif-YPTS motif-SYPT global-SYPTSGG%T,CASSYpTSGGsTQYF,CASSYPTSGGSTQYF,TRBV6-2,TRBJ2-3,CASRSSYKLIF,Donor AJKQ118:L TCRab CD8ab Teff,7.000000,-,-,-,-,-,-,-,-,-,-,-
192,SYPTSGG%T,5.2e-04,2,2,2.1e-09,1.0e+00,1.0e-03,7.3e-02,1.0e-03,2.9e-02,motif-YPTS motif-SYPT global-SYPTSGG%T,CASSYpTSGGsTQYF,CASSYPTSGGSTQYF,TRBV6-2,TRBJ2-3,CASRSSYKLIF,Donor AJKQ118:PB TCRab CD8ab Teff,2.000000,-,-,-,-,-,-,-,-,-,-,-

193,SEPPG%YSYE,5.2e-04,1,2,1.2e-08,1.0e+00,4.0e-03,1.1e-01,1.0e-03,2.9e-02,global-SEPPG%YSYE,CASSEppgeySYEQYF,CASSEPPGEYSYEQYF,TRBV25-1,TRBJ2-7,CAVRDQTGANNLFF,Donor AJD3280:IEL TCRab CD8ab TRM,5.000000,-,-,-,-,-,-,-,-,-,-,-
193,SEPPG%YSYE,5.2e-04,1,2,1.2e-08,1.0e+00,4.0e-03,1.1e-01,1.0e-03,2.9e-02,global-SEPPG%YSYE,CASSEppGTySYEQYF,CASSEPPGTYSYEQYF,TRBV6-1,TRBJ2-7,CAVRDLAAGNKLTF,Donor AJD3280:IEL TCRab CD8ab TRM,1.000000,-,-,-,-,-,-,-,-,-,-,-
193,SEPPG%YSYE,5.2e-04,1,2,1.2e-08,1.0e+00,4.0e-03,1.1e-01,1.0e-03,2.9e-02,global-SEPPG%YSYE,CASSEppGTySYEQYF,CASSEPPGTYSYEQYF,TRBV6-1,TRBJ2-7,CAVRDLAAGNKLTF,Donor AJD3280:LP TCRab CD8ab TRM,1.000000,-,-,-,-,-,-,-,-,-,-,-

194,SPG%SYNE,5.2e-04,2,2,1.8e-06,1.0e+00,6.2e-02,1.0e+00,1.0e-03,2.9e-02,global-SPG%SYNE,CSASpGGSYNEQFF,CSASPGGSYNEQFF,TRBV20-1,TRBJ2-1,CASMDSNYQLIW,Donor AJG2309:L TCRab CD8ab Naive/TCM,1.000000,-,-,-,-,-,-,-,-,-,-,-
194,SPG%SYNE,5.2e-04,2,2,1.8e-06,1.0e+00,6.2e-02,1.0e+00,1.0e-03,2.9e-02,global-SPG%SYNE,CASSPgiSYNEQFF,CASSPGISYNEQFF,TRBV7-9,TRBJ2-1,CAATSQGGSEKLVF,Donor AJD3280:IEL TCRab CD8ab TRM,1.000000,-,-,-,-,-,-,-,-,-,-,-

195,DLF,6.7e-04,3,3,2.3e-06,1.0e+00,8.0e-03,1.1e-01,4.1e-01,6.2e-03,motif-DLF,CSApdlfySYNEQFF,CSAPDLFYSYNEQFF,TRBV20-1,TRBJ2-1,CALSGGGNAGNMLTF,Donor AJG2309:IEL TCRab CD8ab TRM,1.000000,-,-,-,-,-,-,-,-,-,-,-
195,DLF,6.7e-04,3,3,2.3e-06,1.0e+00,8.0e-03,1.1e-01,4.1e-01,6.2e-03,motif-DLF,CSARdlfTGaeSYEQYF,CSARDLFTGAESYEQYF,TRBV20-1,TRBJ2-7,CAAMDSNYQLIW,Donor AJD3280:L TCRab CD8ab TRM,1.000000,-,-,-,-,-,-,-,-,-,-,-
195,DLF,6.7e-04,3,3,2.3e-06,1.0e+00,8.0e-03,1.1e-01,4.1e-01,6.2e-03,motif-DLF,CASSQdlfGQlSGNTIYF,CASSQDLFGQLSGNTIYF,TRBV4-1,TRBJ1-3,CAMREGLSGSARQLTF,Donor AJKQ118:IEL TCRab CD8ab TRM,5.000000,-,-,-,-,-,-,-,-,-,-,-

196,SRLD,6.7e-04,2,3,4.0e-04,1.0e+00,1.5e-01,1.0e+00,4.2e-01,6.2e-03,motif-SRLD,CSASrldYNEQFF,CSASRLDYNEQFF,TRBV20-1,TRBJ2-1,CAMREGDNYGQNFVF,Donor AJG2309:PB TCRab CD8ab TEM,1.000000,-,-,-,-,-,-,-,-,-,-,-
196,SRLD,6.7e-04,2,3,4.0e-04,1.0e+00,1.5e-01,1.0e+00,4.2e-01,6.2e-03,motif-SRLD,CASSLsrldfYEQYF,CASSLSRLDFYEQYF,TRBV28,TRBJ2-7,CILRDGNTDKLIF,Donor AJG2309:LP TCRab CD8ab TRM,1.000000,-,-,-,-,-,-,-,-,-,-,-
196,SRLD,6.7e-04,2,3,4.0e-04,1.0e+00,1.5e-01,1.0e+00,4.2e-01,6.2e-03,motif-SRLD,CASSRldgpeaEKLFF,CASSRLDGPEAEKLFF,TRBV7-9,TRBJ1-4,CASLSGGSNYKLTF,Donor AJKQ118:L TCRab CD8ab TRM,1.000000,-,-,-,-,-,-,-,-,-,-,-

197,SL%E,9.1e-04,2,3,8.5e-07,1.0e+00,1.4e-01,1.0e+00,1.0e-03,6.2e-03,global-SL%E,CASSLYEQYF,CASSLYEQYF,TRBV5-8,TRBJ2-7,CAFHNTDKLIF,Donor AJKQ118:PB TCRab CD8ab Teff,1.000000,-,-,-,-,-,-,-,-,-,-,-
197,SL%E,9.1e-04,2,3,8.5e-07,1.0e+00,1.4e-01,1.0e+00,1.0e-03,6.2e-03,global-SL%E,CASSLGELFF,CASSLGELFF,TRBV12-3,TRBJ2-2,CAVRTTGGGNKLTF,Donor AJD3280:PB TCRab CD8ab Teff,1.000000,-,-,-,-,-,-,-,-,-,-,-
197,SL%E,9.1e-04,2,3,8.5e-07,1.0e+00,1.4e-01,1.0e+00,1.0e-03,6.2e-03,global-SL%E,CASSLgEAFF,CASSLGEAFF,TRBV7-9,TRBJ1-1,CAADTTGSARQLTF,Donor AJKQ118:PB TCRab CD8ab Teff,1.000000,-,-,-,-,-,-,-,-,-,-,-

198,S%GTAYE,9.9e-04,2,4,5.6e-08,1.0e+00,2.4e-02,1.0e+00,1.0e-03,2.3e-03,global-S%GTAYE,CASSTGtaYEQYF,CASSTGTAYEQYF,TRBV9,TRBJ2-7,CATVPNSGNTPLVF,Donor AJD3280:PB TCRab CD8ab Naive/TCM,1.000000,-,-,-,-,-,-,-,-,-,-,-
198,S%GTAYE,9.9e-04,2,4,5.6e-08,1.0e+00,2.4e-02,1.0e+00,1.0e-03,2.3e-03,global-S%GTAYE,CASSaGTaYEQYF,CASSAGTAYEQYF,TRBV11-3,TRBJ2-7,CAVSNFNKFYF,Donor AJD3280:IEL TCRab CD8ab TRM,1.000000,-,-,-,-,-,-,-,-,-,-,-
198,S%GTAYE,9.9e-04,2,4,5.6e-08,1.0e+00,2.4e-02,1.0e+00,1.0e-03,2.3e-03,global-S%GTAYE,CASSLGTaYEQYF,CASSLGTAYEQYF,TRBV11-3,TRBJ2-7,CAAGVFNKFYF,Donor AJD3280:IEL TCRab CD8ab TRM,1.000000,-,-,-,-,-,-,-,-,-,-,-
198,S%GTAYE,9.9e-04,2,4,5.6e-08,1.0e+00,2.4e-02,1.0e+00,1.0e-03,2.3e-03,global-S%GTAYE,CASSfGTaYEQYF,CASSFGTAYEQYF,TRBV27,TRBJ2-7,CAASHAGNMLTF,Donor AJG2309:LP TCRab CD8ab TRM,1.000000,-,-,-,-,-,-,-,-,-,-,-

199,LLQT,1.2e-03,2,2,5.6e-05,1.0e+00,4.6e-02,2.7e-01,1.6e-01,2.9e-02,motif-LLQT,CASSLlqTGiNSPLHF,CASSLLQTGINSPLHF,TRBV7-6,TRBJ1-6,CAVNRGNTGFQKLVF,Donor AJKQ118:IEL TCRab CD8ab TRM,2.000000,-,-,-,-,-,-,-,-,-,-,-
199,LLQT,1.2e-03,2,2,5.6e-05,1.0e+00,4.6e-02,2.7e-01,1.6e-01,2.9e-02,motif-LLQT,CASSLlqtGANVLTF,CASSLLQTGANVLTF,TRBV5-4,TRBJ2-6,CLVGEWTGANNLFF,Donor AJD3280:IEL TCRab CD8ab TRM,1.000000,-,-,-,-,-,-,-,-,-,-,-

200,SY%DTGE,1.3e-03,2,3,1.5e-08,1.0e+00,5.0e-03,4.9e-01,1.0e-03,6.2e-03,global-SY%DTGE,CASSYqdTGELFF,CASSYQDTGELFF,TRBV6-2,TRBJ2-2,CAGMDSNYQLIW,Donor AJKQ118:L TCRab CD8ab MAIT,1.000000,-,-,-,-,-,-,-,-,-,-,-
200,SY%DTGE,1.3e-03,2,3,1.5e-08,1.0e+00,5.0e-03,4.9e-01,1.0e-03,6.2e-03,global-SY%DTGE,CASSYqdTGELFF,CASSYQDTGELFF,TRBV6-2,TRBJ2-2,CAGMDSNYQLIW,Donor AJKQ118:L TCRab CD8ab TRM,2.000000,-,-,-,-,-,-,-,-,-,-,-
200,SY%DTGE,1.3e-03,2,3,1.5e-08,1.0e+00,5.0e-03,4.9e-01,1.0e-03,6.2e-03,global-SY%DTGE,CASSYwdTGELFF,CASSYWDTGELFF,TRBV4-2,TRBJ2-2,CAGRGGGADGLTF,Donor AJD3280:L TCRab CD8ab TRM,1.000000,-,-,-,-,-,-,-,-,-,-,-
200,SY%DTGE,1.3e-03,2,3,1.5e-08,1.0e+00,5.0e-03,4.9e-01,1.0e-03,6.2e-03,global-SY%DTGE,CASSYsdTGELFF,CASSYSDTGELFF,TRBV6-2,TRBJ2-2,CAVMDSSYKLIF,Donor AJD3280:L TCRab CD8ab TRM,1.000000,-,-,-,-,-,-,-,-,-,-,-

201,SL%GSSYNE,1.3e-03,2,3,9.9e-07,1.0e+00,1.6e-01,1.0e+00,1.0e-03,6.2e-03,global-SL%GSSYNE,CASSLTGsSYNEQFF,CASSLTGSSYNEQFF,TRBV28,TRBJ2-1,CAMREAYSGGGADGLTF,Donor AJG2309:PB TCRab CD8ab Naive/TCM,1.000000,-,-,-,-,-,-,-,-,-,-,-
201,SL%GSSYNE,1.3e-03,2,3,9.9e-07,1.0e+00,1.6e-01,1.0e+00,1.0e-03,6.2e-03,global-SL%GSSYNE,CASSLSGsSYNEQFF,CASSLSGSSYNEQFF,TRBV12-3,TRBJ2-1,CILRDSGTYKYIF,Donor AJKQ118:PB TCRab CD8ab Naive/TCM,1.000000,-,-,-,-,-,-,-,-,-,-,-
201,SL%GSSYNE,1.3e-03,2,3,9.9e-07,1.0e+00,1.6e-01,1.0e+00,1.0e-03,6.2e-03,global-SL%GSSYNE,CASSLwgsSYNEQFF,CASSLWGSSYNEQFF,TRBV12-4,TRBJ2-1,CAMREDGNKLVF,Donor AJKQ118:PB TCRab CD8ab Teff,1.000000,-,-,-,-,-,-,-,-,-,-,-

202,SQGA%E,1.3e-03,2,3,7.4e-08,1.0e+00,1.2e-02,1.0e+00,1.0e-03,6.2e-03,global-SQGA%E,CASSQgaiEAFF,CASSQGAIEAFF,TRBV19,TRBJ1-1,CVVNDWRNNDMRF,Donor AJD3280:IEL TCRab CD8ab TRM,1.000000,-,-,-,-,-,-,-,-,-,-,-
202,SQGA%E,1.3e-03,2,3,7.4e-08,1.0e+00,1.2e-02,1.0e+00,1.0e-03,6.2e-03,global-SQGA%E,CASSQgadEQYF,CASSQGADEQYF,TRBV19,TRBJ2-7,CAVQSSNDYKLSF,Donor AJKQ118:IEL TCRab CD8ab TRM,1.000000,-,-,-,-,-,-,-,-,-,-,-
202,SQGA%E,1.3e-03,2,3,7.4e-08,1.0e+00,1.2e-02,1.0e+00,1.0e-03,6.2e-03,global-SQGA%E,CASSQgadEQYF,CASSQGADEQYF,TRBV19,TRBJ2-7,CAVQSSNDYKLSF,Donor AJKQ118:LP TCRab CD8ab TEM,1.000000,-,-,-,-,-,-,-,-,-,-,-
202,SQGA%E,1.3e-03,2,3,7.4e-08,1.0e+00,1.2e-02,1.0e+00,1.0e-03,6.2e-03,global-SQGA%E,CASSQgaYEQYF,CASSQGAYEQYF,TRBV14,TRBJ2-7,CAASFTGGGNKLTF,Donor AJD3280:PB TCRab CD8ab Naive/TCM,1.000000,-,-,-,-,-,-,-,-,-,-,-

203,SL%NTE,1.4e-03,2,4,1.6e-08,1.0e+00,2.1e-02,3.2e-01,1.0e-03,2.3e-03,global-SL%NTE,CASSLeNTEAFF,CASSLENTEAFF,TRBV13,TRBJ1-1,CIVRNFNKFYF,Donor AJD3280:PB TCRab CD8ab Naive/TCM,1.000000,-,-,-,-,-,-,-,-,-,-,-
203,SL%NTE,1.4e-03,2,4,1.6e-08,1.0e+00,2.1e-02,3.2e-01,1.0e-03,2.3e-03,global-SL%NTE,CASSLdNTEAFF,CASSLDNTEAFF,TRBV11-3,TRBJ1-1,CAVKAGGGNKLTF,Donor AJD3280:IEL TCRab CD8ab TRM,1.000000,-,-,-,-,-,-,-,-,-,-,-
203,SL%NTE,1.4e-03,2,4,1.6e-08,1.0e+00,2.1e-02,3.2e-01,1.0e-03,2.3e-03,global-SL%NTE,CASSLgNTEAFF,CASSLGNTEAFF,TRBV5-1,TRBJ1-1,CAFMKMIGGSQGNLIF,Donor AJD3280:IEL TCRab CD8ab TRM,2.000000,-,-,-,-,-,-,-,-,-,-,-
203,SL%NTE,1.4e-03,2,4,1.6e-08,1.0e+00,2.1e-02,3.2e-01,1.0e-03,2.3e-03,global-SL%NTE,CASSLgNTEAFF,CASSLGNTEAFF,TRBV13,TRBJ1-1,CAVKDYGNNRLAF,Donor AJG2309:IEL TCRab CD8ab TRM,1.000000,-,-,-,-,-,-,-,-,-,-,-
203,SL%NTE,1.4e-03,2,4,1.6e-08,1.0e+00,2.1e-02,3.2e-01,1.0e-03,2.3e-03,global-SL%NTE,CASSLgNTEAFF,CASSLGNTEAFF,TRBV11-3,TRBJ1-1,CAGQKAGAGSYQLTF,Donor AJG2309:IEL TCRab CD8ab TRM,3.000000,-,-,-,-,-,-,-,-,-,-,-
203,SL%NTE,1.4e-03,2,4,1.6e-08,1.0e+00,2.1e-02,3.2e-01,1.0e-03,2.3e-03,global-SL%NTE,CASSLfNTEAFF,CASSLFNTEAFF,TRBV28,TRBJ1-1,CAGEGLLTGGGNKLTF,Donor AJG2309:LP TCRab CD8ab TEM,1.000000,-,-,-,-,-,-,-,-,-,-,-

204,SPLG%QP,1.5e-03,2,2,1.7e-06,1.0e+00,5.8e-02,1.0e+00,1.0e-03,2.9e-02,global-SPLG%QP,CASSPlGGQPQHF,CASSPLGGQPQHF,TRBV27,TRBJ1-5,CAGQPGFGNVLHC,Donor AJD3280:PB TCRab CD8ab Naive/TCM,1.000000,-,-,-,-,-,-,-,-,-,-,-
204,SPLG%QP,1.5e-03,2,2,1.7e-06,1.0e+00,5.8e-02,1.0e+00,1.0e-03,2.9e-02,global-SPLG%QP,CSASplgvQPQHF,CSASPLGVQPQHF,TRBV20-1,TRBJ1-5,CAVGVETSYDKVIF,Donor AJG2309:L TCRab CD8ab TRM,1.000000,-,-,-,-,-,-,-,-,-,-,-

205,SYG%NQP,1.5e-03,2,2,2.9e-08,1.0e+00,1.0e-03,1.0e+00,1.0e-03,2.9e-02,global-SYG%NQP,CASSYghNQPQHF,CASSYGHNQPQHF,TRBV6-5,TRBJ1-5,CAEKGSGAGSYQLTF,Donor AJKQ118:PB TCRab CD8ab Naive/TCM,1.000000,-,-,-,-,-,-,-,-,-,-,-
205,SYG%NQP,1.5e-03,2,2,2.9e-08,1.0e+00,1.0e-03,1.0e+00,1.0e-03,2.9e-02,global-SYG%NQP,CASSYGGNQPQHF,CASSYGGNQPQHF,TRBV6-5,TRBJ1-5,CALDKNSGAGSYQLTF,Donor AJG2309:IEL TCRab CD8ab TRM,1.000000,-,-,-,-,-,-,-,-,-,-,-

206,SLTS%DT,1.5e-03,2,2,1.9e-07,1.0e+00,5.2e-02,1.3e-01,1.0e-03,2.9e-02,global-SLTS%DT,CASSLtSTDTQYF,CASSLTSTDTQYF,TRBV5-4,TRBJ2-3,CALYNFNKFYF,Donor AJKQ118:L TCRab CD8ab TRM,3.000000,-,-,-,-,-,-,-,-,-,-,-
206,SLTS%DT,1.5e-03,2,2,1.9e-07,1.0e+00,5.2e-02,1.3e-01,1.0e-03,2.9e-02,global-SLTS%DT,CASSLTSpDTQYF,CASSLTSPDTQYF,TRBV12-4,TRBJ2-3,CATDGGGKLIF,Donor AJD3280:PB TCRab CD8ab Naive/TCM,1.000000,-,-,-,-,-,-,-,-,-,-,-

207,S%SRGDNE,1.5e-03,2,2,2.0e-06,1.0e+00,6.9e-02,1.0e+00,1.0e-03,2.9e-02,global-S%SRGDNE,CASSSsRGdNEQFF,CASSSSRGDNEQFF,TRBV6-2,TRBJ2-1,CLVGLKPGTYKYIF,Donor AJG2309:IEL TCRab CD8ab TRM,1.000000,-,-,-,-,-,-,-,-,-,-,-
207,S%SRGDNE,1.5e-03,2,2,2.0e-06,1.0e+00,6.9e-02,1.0e+00,1.0e-03,2.9e-02,global-S%SRGDNE,CASSLsRGdNEQFF,CASSLSRGDNEQFF,TRBV7-3,TRBJ2-1,CAFMKGSGAGSYQLTF,Donor AJD3280:PB TCRab CD8ab Naive/TCM,1.000000,-,-,-,-,-,-,-,-,-,-,-

208,S%GLAGVNE,1.5e-03,1,2,2.6e-06,1.0e+00,8.9e-02,1.0e+00,1.0e-03,2.9e-02,global-S%GLAGVNE,CASSQGLAGvNEQFF,CASSQGLAGVNEQFF,TRBV4-3,TRBJ2-1,CAVSSGFGNEKLTF,Donor AJKQ118:PB TCRab CD8ab Naive/TCM,1.000000,-,-,-,-,-,-,-,-,-,-,-
208,S%GLAGVNE,1.5e-03,1,2,2.6e-06,1.0e+00,8.9e-02,1.0e+00,1.0e-03,2.9e-02,global-S%GLAGVNE,CASSnGLAGvNEQFF,CASSNGLAGVNEQFF,TRBV5-8,TRBJ2-1,CAMIGAGGTSYGKLTF,Donor AJKQ118:L TCRab CD8ab TRM,1.000000,-,-,-,-,-,-,-,-,-,-,-
208,S%GLAGVNE,1.5e-03,1,2,2.6e-06,1.0e+00,8.9e-02,1.0e+00,1.0e-03,2.9e-02,global-S%GLAGVNE,CASSnGLAGvNEQFF,CASSNGLAGVNEQFF,TRBV5-8,TRBJ2-1,CVVRDTGTASKLTF,Donor AJKQ118:L TCRab CD8ab TRM,1.000000,-,-,-,-,-,-,-,-,-,-,-

209,SEG%SYE,1.5e-03,2,2,1.4e-06,1.0e+00,4.9e-02,1.0e+00,1.0e-03,2.9e-02,global-SEG%SYE,CASSEGLSYEQYF,CASSEGLSYEQYF,TRBV25-1,TRBJ2-7,CAVSPTSNDYKLSF,Donor AJD3280:IEL TCRab CD8ab TRM,1.000000,-,-,-,-,-,-,-,-,-,-,-
209,SEG%SYE,1.5e-03,2,2,1.4e-06,1.0e+00,4.9e-02,1.0e+00,1.0e-03,2.9e-02,global-SEG%SYE,CASSEgiSYEQYF,CASSEGISYEQYF,TRBV10-1,TRBJ2-7,CAVKKENTPLVF,Donor AJKQ118:L TCRab CD8ab TRM,1.000000,-,-,-,-,-,-,-,-,-,-,-

210,T%NTGE,1.5e-03,1,2,1.8e-06,1.0e+00,6.3e-02,1.0e+00,1.0e-03,2.9e-02,global-T%NTGE,CSATGNTGELFF,CSATGNTGELFF,TRBV20-1,TRBJ2-2,CAVRAGRRALTF,Donor AJD3280:L TCRab CD8ab TRM,1.000000,-,-,-,-,-,-,-,-,-,-,-
210,T%NTGE,1.5e-03,1,2,1.8e-06,1.0e+00,6.3e-02,1.0e+00,1.0e-03,2.9e-02,global-T%NTGE,CATTSNTGELFF,CATTSNTGELFF,TRBV24-1,TRBJ2-2,CVVNSPGGYNKLIF,Donor AJD3280:L TCRab CD8ab Naive/TCM,1.000000,-,-,-,-,-,-,-,-,-,-,-

211,EG%E,1.5e-03,1,2,1.3e-06,1.0e+00,4.3e-02,1.0e+00,1.0e-03,2.9e-02,global-EG%E,CASegTEAFF,CASEGTEAFF,TRBV2,TRBJ1-1,CAYSEETSGSRLTF,Donor AJD3280:L TCRab CD8ab TRM,1.000000,-,-,-,-,-,-,-,-,-,-,-
211,EG%E,1.5e-03,1,2,1.3e-06,1.0e+00,4.3e-02,1.0e+00,1.0e-03,2.9e-02,global-EG%E,CSVEGQeplV,CSVEGQEPLV,TRBV29-1,TRBJ1-2,CLGDYKLSF,Donor AJD3280:PB TCRab CD8ab Naive/TCM,1.000000,-,-,-,-,-,-,-,-,-,-,-

212,SDS%GTDT,1.5e-03,2,2,1.5e-06,1.0e+00,5.2e-02,1.0e+00,1.0e-03,2.9e-02,global-SDS%GTDT,CASSDSGGTDTQYF,CASSDSGGTDTQYF,TRBV2,TRBJ2-3,CAMRESNAGNMLTF,Donor AJG2309:IEL TCRab CD8ab TRM,1.000000,-,-,-,-,-,-,-,-,-,-,-
212,SDS%GTDT,1.5e-03,2,2,1.5e-06,1.0e+00,5.2e-02,1.0e+00,1.0e-03,2.9e-02,global-SDS%GTDT,CASSDsQGTDTQYF,CASSDSQGTDTQYF,TRBV6-4,TRBJ2-3,CAVMDSNYQLIW,Donor AJD3280:L TCRab CD8ab TRM,1.000000,-,-,-,-,-,-,-,-,-,-,-

213,S%AAGASYE,1.5e-03,1,2,1.7e-07,1.0e+00,6.0e-03,1.0e+00,1.0e-03,2.9e-02,global-S%AAGASYE,CASSEaAGaSYEQYF,CASSEAAGASYEQYF,TRBV6-1,TRBJ2-7,CAVMDSNYQLIW,Donor AJD3280:L TCRab CD8ab MAIT,1.000000,-,-,-,-,-,-,-,-,-,-,-
213,S%AAGASYE,1.5e-03,1,2,1.7e-07,1.0e+00,6.0e-03,1.0e+00,1.0e-03,2.9e-02,global-S%AAGASYE,CASSEaAGaSYEQYF,CASSEAAGASYEQYF,TRBV6-1,TRBJ2-7,CAVMDSNYQLIW,Donor AJD3280:L TCRab CD8ab TRM,1.000000,-,-,-,-,-,-,-,-,-,-,-
213,S%AAGASYE,1.5e-03,1,2,1.7e-07,1.0e+00,6.0e-03,1.0e+00,1.0e-03,2.9e-02,global-S%AAGASYE,CASSQaAGaSYEQYF,CASSQAAGASYEQYF,TRBV4-1,TRBJ2-7,CAVNSAGKSTF,Donor AJD3280:IEL TCRab CD8ab TRM,1.000000,-,-,-,-,-,-,-,-,-,-,-

214,SE%AGGSTDT,1.5e-03,1,2,1.4e-06,1.0e+00,4.7e-02,1.0e+00,1.0e-03,2.9e-02,global-SE%AGGSTDT,CASSELAGGSTDTQYF,CASSELAGGSTDTQYF,TRBV6-4,TRBJ2-3,CAVMDSSYKLIF,Donor AJD3280:L TCRab CD8ab TRM,1.000000,-,-,-,-,-,-,-,-,-,-,-
214,SE%AGGSTDT,1.5e-03,1,2,1.4e-06,1.0e+00,4.7e-02,1.0e+00,1.0e-03,2.9e-02,global-SE%AGGSTDT,CASSEnAGGSTDTQYF,CASSENAGGSTDTQYF,TRBV2,TRBJ2-3,CAPHSEKLVF,Donor AJD3280:L TCRab CD8ab Naive/TCM,1.000000,-,-,-,-,-,-,-,-,-,-,-

215,SPSG%YNE,1.5e-03,2,2,7.0e-10,1.0e+00,1.0e-03,2.4e-02,1.0e-03,2.9e-02,global-SPSG%YNE,CASSPSGGYNEQFF,CASSPSGGYNEQFF,TRBV7-8,TRBJ2-1,CVVSSSGTYKYIF,Donor AJD3280:LP TCRab CD8ab TRM,1.000000,-,-,-,-,-,-,-,-,-,-,-
215,SPSG%YNE,1.5e-03,2,2,7.0e-10,1.0e+00,1.0e-03,2.4e-02,1.0e-03,2.9e-02,global-SPSG%YNE,CSASpSGpYNEQFF,CSASPSGPYNEQFF,TRBV20-1,TRBJ2-1,CGTTPRDTGKLIF,Donor AJG2309:L TCRab CD8ab Naive/TCM,1.000000,-,-,-,-,-,-,-,-,-,-,-
215,SPSG%YNE,1.5e-03,2,2,7.0e-10,1.0e+00,1.0e-03,2.4e-02,1.0e-03,2.9e-02,global-SPSG%YNE,CSASpSGpYNEQFF,CSASPSGPYNEQFF,TRBV20-1,TRBJ2-1,CGTTPRDTGKLIF,Donor AJG2309:L TCRab CD8ab TRM,3.000000,-,-,-,-,-,-,-,-,-,-,-
215,SPSG%YNE,1.5e-03,2,2,7.0e-10,1.0e+00,1.0e-03,2.4e-02,1.0e-03,2.9e-02,global-SPSG%YNE,CSASpSGpYNEQFF,CSASPSGPYNEQFF,TRBV20-1,TRBJ2-1,CGTTPRDTGKLIF,Donor AJG2309:LP TCRab CD8ab TEM,8.000000,-,-,-,-,-,-,-,-,-,-,-
215,SPSG%YNE,1.5e-03,2,2,7.0e-10,1.0e+00,1.0e-03,2.4e-02,1.0e-03,2.9e-02,global-SPSG%YNE,CSASpSGpYNEQFF,CSASPSGPYNEQFF,TRBV20-1,TRBJ2-1,CGTTPRDTGKLIF,Donor AJG2309:LP TCRab CD8ab TRM,1.000000,-,-,-,-,-,-,-,-,-,-,-
215,SPSG%YNE,1.5e-03,2,2,7.0e-10,1.0e+00,1.0e-03,2.4e-02,1.0e-03,2.9e-02,global-SPSG%YNE,CSASpSGpYNEQFF,CSASPSGPYNEQFF,TRBV20-1,TRBJ2-1,CGTTPRDTGKLIF,Donor AJG2309:PB TCRab CD8ab Naive/TCM,2.000000,-,-,-,-,-,-,-,-,-,-,-
215,SPSG%YNE,1.5e-03,2,2,7.0e-10,1.0e+00,1.0e-03,2.4e-02,1.0e-03,2.9e-02,global-SPSG%YNE,CSASpSGpYNEQFF,CSASPSGPYNEQFF,TRBV20-1,TRBJ2-1,CGTTPRDTGKLIF,Donor AJG2309:PB TCRab CD8ab TEM,4.000000,-,-,-,-,-,-,-,-,-,-,-
215,SPSG%YNE,1.5e-03,2,2,7.0e-10,1.0e+00,1.0e-03,2.4e-02,1.0e-03,2.9e-02,global-SPSG%YNE,CSASpSGpYNEQFF,CSASPSGPYNEQFF,TRBV20-1,TRBJ2-1,CGTTPRDTGKLIF,Donor AJG2309:PB TCRab CD8ab Teff,9.000000,-,-,-,-,-,-,-,-,-,-,-

216,SLV%GQGAYE,1.5e-03,1,2,5.8e-09,1.0e+00,2.0e-03,9.9e-02,1.0e-03,2.9e-02,global-SLV%GQGAYE,CASSLvfGQGaYEQYF,CASSLVFGQGAYEQYF,TRBV7-2,TRBJ2-7,CATNYGGSQGNLIF,Donor AJKQ118:IEL TCRab CD8ab TRM,2.000000,-,-,-,-,-,-,-,-,-,-,-
216,SLV%GQGAYE,1.5e-03,1,2,5.8e-09,1.0e+00,2.0e-03,9.9e-02,1.0e-03,2.9e-02,global-SLV%GQGAYE,CASSLvaGQGaYEQYF,CASSLVAGQGAYEQYF,TRBV7-8,TRBJ2-7,CAVKDRGSTLGRLYF,Donor AJKQ118:IEL TCRab CD8ab TRM,7.000000,-,-,-,-,-,-,-,-,-,-,-
216,SLV%GQGAYE,1.5e-03,1,2,5.8e-09,1.0e+00,2.0e-03,9.9e-02,1.0e-03,2.9e-02,global-SLV%GQGAYE,CASSLvaGQGaYEQYF,CASSLVAGQGAYEQYF,TRBV7-8,TRBJ2-7,CALNSKAAGNKLTF,Donor AJKQ118:IEL TCRab CD8ab TRM,1.000000,-,-,-,-,-,-,-,-,-,-,-
216,SLV%GQGAYE,1.5e-03,1,2,5.8e-09,1.0e+00,2.0e-03,9.9e-02,1.0e-03,2.9e-02,global-SLV%GQGAYE,CASSLvaGQGaYEQYF,CASSLVAGQGAYEQYF,TRBV7-8,TRBJ2-7,CAVKDRGSTLGRLYF,Donor AJKQ118:LP TCRab CD8ab TEM,1.000000,-,-,-,-,-,-,-,-,-,-,-
216,SLV%GQGAYE,1.5e-03,1,2,5.8e-09,1.0e+00,2.0e-03,9.9e-02,1.0e-03,2.9e-02,global-SLV%GQGAYE,CASSLvaGQGaYEQYF,CASSLVAGQGAYEQYF,TRBV7-8,TRBJ2-7,CAVKDRGSTLGRLYF,Donor AJKQ118:LP TCRab CD8ab TRM,1.000000,-,-,-,-,-,-,-,-,-,-,-

217,SD%GYG,1.5e-03,2,2,1.4e-06,1.0e+00,4.9e-02,1.0e+00,1.0e-03,2.9e-02,global-SD%GYG,CASSDRGYGYTF,CASSDRGYGYTF,TRBV6-1,TRBJ1-2,CAESPNQAGTALIF,Donor AJKQ118:PB TCRab CD8ab Naive/TCM,1.000000,-,-,-,-,-,-,-,-,-,-,-
217,SD%GYG,1.5e-03,2,2,1.4e-06,1.0e+00,4.9e-02,1.0e+00,1.0e-03,2.9e-02,global-SD%GYG,CASSDQGYGYTF,CASSDQGYGYTF,TRBV9,TRBJ1-2,CILLTGTASKLTF,Donor AJD3280:IEL TCRab CD8ab TRM,1.000000,-,-,-,-,-,-,-,-,-,-,-

218,SQGG%TE,1.5e-03,1,2,1.5e-06,1.0e+00,5.2e-02,1.0e+00,1.0e-03,2.9e-02,global-SQGG%TE,CASSQGGdTEAFF,CASSQGGDTEAFF,TRBV12-4,TRBJ1-1,CAFMTPWGTYKYIF,Donor AJD3280:PB TCRab CD8ab Naive/TCM,1.000000,-,-,-,-,-,-,-,-,-,-,-
218,SQGG%TE,1.5e-03,1,2,1.5e-06,1.0e+00,5.2e-02,1.0e+00,1.0e-03,2.9e-02,global-SQGG%TE,CASSQGGgTEAFF,CASSQGGGTEAFF,TRBV3-1,TRBJ1-1,CAASGGGTSYGKLTF,Donor AJD3280:LP TCRab CD8ab TRM,1.000000,-,-,-,-,-,-,-,-,-,-,-

219,SQ%VGYE,1.5e-03,2,2,2.2e-06,1.0e+00,7.4e-02,1.0e+00,1.0e-03,2.9e-02,global-SQ%VGYE,CASSQavgYEQYF,CASSQAVGYEQYF,TRBV4-1,TRBJ2-7,CVVSESGGYNKLIF,Donor AJG2309:LP TCRab CD8ab TEM,1.000000,-,-,-,-,-,-,-,-,-,-,-
219,SQ%VGYE,1.5e-03,2,2,2.2e-06,1.0e+00,7.4e-02,1.0e+00,1.0e-03,2.9e-02,global-SQ%VGYE,CASSQrvgYEQYF,CASSQRVGYEQYF,TRBV4-3,TRBJ2-7,CAAFYNQGGKLIF,Donor AJD3280:IEL TCRab CD8ab TRM,1.000000,-,-,-,-,-,-,-,-,-,-,-

220,SG%GKET,1.5e-03,1,2,1.4e-06,1.0e+00,4.8e-02,1.0e+00,1.0e-03,2.9e-02,global-SG%GKET,CASSgpgkETQYF,CASSGPGKETQYF,TRBV12-3,TRBJ2-5,CAVSRNNNARLMF,Donor AJD3280:L TCRab CD8ab TRM,1.000000,-,-,-,-,-,-,-,-,-,-,-
220,SG%GKET,1.5e-03,1,2,1.4e-06,1.0e+00,4.8e-02,1.0e+00,1.0e-03,2.9e-02,global-SG%GKET,CAWSGQGkETQYF,CAWSGQGKETQYF,TRBV30,TRBJ2-5,CAVANTGFQKLVF,Donor AJD3280:IEL TCRab CD8ab TRM,1.000000,-,-,-,-,-,-,-,-,-,-,-

221,SEGTG%EK,1.5e-03,2,2,5.8e-07,1.0e+00,6.5e-02,3.1e-01,1.0e-03,2.9e-02,global-SEGTG%EK,CASSEGTGvEKLFF,CASSEGTGVEKLFF,TRBV2,TRBJ1-4,CAMREGTGGGADGLTF,Donor AJG2309:IEL TCRab CD8ab TRM,2.000000,-,-,-,-,-,-,-,-,-,-,-
221,SEGTG%EK,1.5e-03,2,2,5.8e-07,1.0e+00,6.5e-02,3.1e-01,1.0e-03,2.9e-02,global-SEGTG%EK,CASSEGTGfEKLFF,CASSEGTGFEKLFF,TRBV6-1,TRBJ1-4,CAVRDRNYQLIW,Donor AJD3280:L TCRab CD8ab TRM,1.000000,-,-,-,-,-,-,-,-,-,-,-

222,SSG%TNEK,1.5e-03,2,2,1.9e-06,1.0e+00,6.4e-02,1.0e+00,1.0e-03,2.9e-02,global-SSG%TNEK,CAWSSGGTNEKLFF,CAWSSGGTNEKLFF,TRBV30,TRBJ1-4,CAPLGNQFYF,Donor AJKQ118:PB TCRab CD8ab Naive/TCM,1.000000,-,-,-,-,-,-,-,-,-,-,-
222,SSG%TNEK,1.5e-03,2,2,1.9e-06,1.0e+00,6.4e-02,1.0e+00,1.0e-03,2.9e-02,global-SSG%TNEK,CASSSgpTNEKLFF,CASSSGPTNEKLFF,TRBV11-2,TRBJ1-4,CAVDPNSGGYQKVTF,Donor AJD3280:LP TCRab CD8ab TRM,1.000000,-,-,-,-,-,-,-,-,-,-,-

223,SYSGG%NE,1.5e-03,2,2,1.4e-06,1.0e+00,4.9e-02,1.0e+00,1.0e-03,2.9e-02,global-SYSGG%NE,CASSYSGGaNEQFF,CASSYSGGANEQFF,TRBV6-2,TRBJ2-1,CAENMKGNKLVF,Donor AJG2309:LP TCRab CD8ab TRM,1.000000,-,-,-,-,-,-,-,-,-,-,-
223,SYSGG%NE,1.5e-03,2,2,1.4e-06,1.0e+00,4.9e-02,1.0e+00,1.0e-03,2.9e-02,global-SYSGG%NE,CASSYSGGYNEQFF,CASSYSGGYNEQFF,TRBV12-3,TRBJ2-1,CIVRVHGGGADGLTF,Donor AJKQ118:IEL TCRab CD8ab TRM,1.000000,-,-,-,-,-,-,-,-,-,-,-

224,S%SGSSYNE,1.5e-03,2,2,1.3e-06,1.0e+00,4.6e-02,1.0e+00,1.0e-03,2.9e-02,global-S%SGSSYNE,CASSLSGsSYNEQFF,CASSLSGSSYNEQFF,TRBV12-3,TRBJ2-1,CILRDSGTYKYIF,Donor AJKQ118:PB TCRab CD8ab Naive/TCM,1.000000,-,-,-,-,-,-,-,-,-,-,-
224,S%SGSSYNE,1.5e-03,2,2,1.3e-06,1.0e+00,4.6e-02,1.0e+00,1.0e-03,2.9e-02,global-S%SGSSYNE,CASSSSGsSYNEQFF,CASSSSGSSYNEQFF,TRBV5-5,TRBJ2-1,CATDGYYNQGGKLIF,Donor AJG2309:IEL TCRab CD8ab TRM,1.000000,-,-,-,-,-,-,-,-,-,-,-

225,S%AEE,1.5e-03,2,2,1.5e-06,1.0e+00,5.1e-02,1.0e+00,1.0e-03,2.9e-02,global-S%AEE,CASSQaeEQFF,CASSQAEEQFF,TRBV6-6,TRBJ2-1,CAASMGNTPLVF,Donor AJKQ118:PB TCRab CD8ab Naive/TCM,1.000000,-,-,-,-,-,-,-,-,-,-,-
225,S%AEE,1.5e-03,2,2,1.5e-06,1.0e+00,5.1e-02,1.0e+00,1.0e-03,2.9e-02,global-S%AEE,CASSLaeEAFF,CASSLAEEAFF,TRBV11-1,TRBJ1-1,CAESGSNYQLIW,Donor AJD3280:L TCRab CD8ab Teff,1.000000,-,-,-,-,-,-,-,-,-,-,-

226,S%SDSYE,1.5e-03,1,2,1.6e-06,1.0e+00,5.5e-02,1.0e+00,1.0e-03,2.9e-02,global-S%SDSYE,CASSLsdSYEQYF,CASSLSDSYEQYF,TRBV7-6,TRBJ2-7,CAASVLTNEKLTF,Donor AJG2309:LP TCRab CD8ab TRM,1.000000,-,-,-,-,-,-,-,-,-,-,-
226,S%SDSYE,1.5e-03,1,2,1.6e-06,1.0e+00,5.5e-02,1.0e+00,1.0e-03,2.9e-02,global-S%SDSYE,CASSfsdSYEQYF,CASSFSDSYEQYF,TRBV5-1,TRBJ2-7,CASLNQGGKLIF,Donor AJG2309:IEL TCRab CD8ab TRM,1.000000,-,-,-,-,-,-,-,-,-,-,-

227,SQGRS%E,1.5e-03,2,2,1.5e-07,1.0e+00,5.9e-02,8.9e-02,1.0e-03,2.9e-02,global-SQGRS%E,CASSQGRsTEAFF,CASSQGRSTEAFF,TRBV9,TRBJ1-1,CAAWYTGTASKLTF,Donor AJG2309:IEL TCRab CD8ab TRM,2.000000,-,-,-,-,-,-,-,-,-,-,-
227,SQGRS%E,1.5e-03,2,2,1.5e-07,1.0e+00,5.9e-02,8.9e-02,1.0e-03,2.9e-02,global-SQGRS%E,CASSQGRSYEQYF,CASSQGRSYEQYF,TRBV3-1,TRBJ2-7,CAVNTNAGKSTF,Donor AJD3280:IEL TCRab CD8ab TRM,3.000000,-,-,-,-,-,-,-,-,-,-,-

228,SF%GGLNTE,1.5e-03,1,2,2.9e-08,1.0e+00,1.0e-03,1.0e+00,1.0e-03,2.9e-02,global-SF%GGLNTE,CASSfAGGlNTEAFF,CASSFAGGLNTEAFF,TRBV7-3,TRBJ1-1,CATDSNSGYALNF,Donor AJD3280:IEL TCRab CD8ab TRM,1.000000,-,-,-,-,-,-,-,-,-,-,-
228,SF%GGLNTE,1.5e-03,1,2,2.9e-08,1.0e+00,1.0e-03,1.0e+00,1.0e-03,2.9e-02,global-SF%GGLNTE,CASSfSGGlNTEAFF,CASSFSGGLNTEAFF,TRBV7-3,TRBJ1-1,CAGPTGAGSYQLTF,Donor AJD3280:IEL TCRab CD8ab TRM,1.000000,-,-,-,-,-,-,-,-,-,-,-

229,S%RGLYE,1.5e-03,2,2,1.6e-06,1.0e+00,5.4e-02,1.0e+00,1.0e-03,2.9e-02,global-S%RGLYE,CASSLRGlYEQYF,CASSLRGLYEQYF,TRBV28,TRBJ2-7,CALQREGRQLTF,Donor AJG2309:L TCRab CD8ab TRM,1.000000,-,-,-,-,-,-,-,-,-,-,-
229,S%RGLYE,1.5e-03,2,2,1.6e-06,1.0e+00,5.4e-02,1.0e+00,1.0e-03,2.9e-02,global-S%RGLYE,CASSgRGlYEQYF,CASSGRGLYEQYF,TRBV3-1,TRBJ2-7,CAVSTLRRYSSASKIIF,Donor AJKQ118:IEL TCRab CD8ab TRM,1.000000,-,-,-,-,-,-,-,-,-,-,-

230,T%TNTGE,1.5e-03,1,2,2.0e-06,1.0e+00,6.9e-02,1.0e+00,1.0e-03,2.9e-02,global-T%TNTGE,CSVtytNTGELFF,CSVTYTNTGELFF,TRBV29-1,TRBJ2-2,CALSEAGTGFQKLVF,Donor AJD3280:L TCRab CD8ab TRM,1.000000,-,-,-,-,-,-,-,-,-,-,-
230,T%TNTGE,1.5e-03,1,2,2.0e-06,1.0e+00,6.9e-02,1.0e+00,1.0e-03,2.9e-02,global-T%TNTGE,CASTptNTGELFF,CASTPTNTGELFF,TRBV27,TRBJ2-2,CAEIPDNYGQNFVF,Donor AJD3280:L TCRab CD8ab TRM,1.000000,-,-,-,-,-,-,-,-,-,-,-

231,SF%GYTE,1.5e-03,2,2,2.9e-08,1.0e+00,1.0e-03,1.0e+00,1.0e-03,2.9e-02,global-SF%GYTE,CASSfAGyTEAFF,CASSFAGYTEAFF,TRBV27,TRBJ1-1,CASPPGYGGSQGNLIF,Donor AJKQ118:PB TCRab CD8ab Naive/TCM,1.000000,-,-,-,-,-,-,-,-,-,-,-
231,SF%GYTE,1.5e-03,2,2,2.9e-08,1.0e+00,1.0e-03,1.0e+00,1.0e-03,2.9e-02,global-SF%GYTE,CASSflgyTEAFF,CASSFLGYTEAFF,TRBV27,TRBJ1-1,CAVITGNQFYF,Donor AJG2309:IEL TCRab CD8ab TRM,1.000000,-,-,-,-,-,-,-,-,-,-,-

232,SLA%AGRTE,1.5e-03,1,2,1.7e-06,1.0e+00,5.7e-02,1.0e+00,1.0e-03,2.9e-02,global-SLA%AGRTE,CASSLawaGRTEAFF,CASSLAWAGRTEAFF,TRBV5-8,TRBJ1-1,CLVGDEAGGFKTIF,Donor AJD3280:IEL TCRab CD8ab TRM,1.000000,-,-,-,-,-,-,-,-,-,-,-
232,SLA%AGRTE,1.5e-03,1,2,1.7e-06,1.0e+00,5.7e-02,1.0e+00,1.0e-03,2.9e-02,global-SLA%AGRTE,CASSLaLAGrTEAFF,CASSLALAGRTEAFF,TRBV12-4,TRBJ1-1,CATSDNYGQNFVF,Donor AJD3280:L TCRab CD8ab Naive/TCM,1.000000,-,-,-,-,-,-,-,-,-,-,-

233,RMN%E,1.5e-03,2,2,2.6e-06,1.0e+00,9.1e-02,1.0e+00,1.0e-03,2.9e-02,global-RMN%E,CSVrmNTEAFF,CSVRMNTEAFF,TRBV29-1,TRBJ1-1,CAATDRSGGSNYKLTF,Donor AJD3280:L TCRab CD8ab TRM,1.000000,-,-,-,-,-,-,-,-,-,-,-
233,RMN%E,1.5e-03,2,2,2.6e-06,1.0e+00,9.1e-02,1.0e+00,1.0e-03,2.9e-02,global-RMN%E,CASrmnNEQFF,CASRMNNEQFF,TRBV10-2,TRBJ2-1,CACLI,Donor AJKQ118:L TCRab CD8ab Teff,1.000000,-,-,-,-,-,-,-,-,-,-,-
233,RMN%E,1.5e-03,2,2,2.6e-06,1.0e+00,9.1e-02,1.0e+00,1.0e-03,2.9e-02,global-RMN%E,CASrmnNEQFF,CASRMNNEQFF,TRBV10-2,TRBJ2-1,CACLI,Donor AJKQ118:PB TCRab CD8ab Teff,1.000000,-,-,-,-,-,-,-,-,-,-,-

234,SV%GGTGE,1.5e-03,2,2,1.5e-09,1.0e+00,1.0e-03,5.3e-02,1.0e-03,2.9e-02,global-SV%GGTGE,CASSVeGGTGELFF,CASSVEGGTGELFF,TRBV9,TRBJ2-2,CAVGDNAGNMLTF,Donor AJD3280:PB TCRab CD8ab Naive/TCM,1.000000,-,-,-,-,-,-,-,-,-,-,-
234,SV%GGTGE,1.5e-03,2,2,1.5e-09,1.0e+00,1.0e-03,5.3e-02,1.0e-03,2.9e-02,global-SV%GGTGE,CASSVdGGTGELFF,CASSVDGGTGELFF,TRBV9,TRBJ2-2,CALSEGFQKLVF,Donor AJG2309:L TCRab CD8ab TRM,1.000000,-,-,-,-,-,-,-,-,-,-,-
234,SV%GGTGE,1.5e-03,2,2,1.5e-09,1.0e+00,1.0e-03,5.3e-02,1.0e-03,2.9e-02,global-SV%GGTGE,CASSVdGGTGELFF,CASSVDGGTGELFF,TRBV9,TRBJ2-2,CALSEGFQKLVF,Donor AJG2309:L TCRab CD8ab Teff,2.000000,-,-,-,-,-,-,-,-,-,-,-
234,SV%GGTGE,1.5e-03,2,2,1.5e-09,1.0e+00,1.0e-03,5.3e-02,1.0e-03,2.9e-02,global-SV%GGTGE,CASSVdGGTGELFF,CASSVDGGTGELFF,TRBV9,TRBJ2-2,CALSEGFQKLVF,Donor AJG2309:PB TCRab CD8ab Teff,8.000000,-,-,-,-,-,-,-,-,-,-,-

235,SF%GGGTE,1.5e-03,2,2,1.4e-06,1.0e+00,4.7e-02,1.0e+00,1.0e-03,2.9e-02,global-SF%GGGTE,CASSfpGGgTEAFF,CASSFPGGGTEAFF,TRBV28,TRBJ1-1,CVVNTYDSIQGAQKLVF,Donor AJG2309:IEL TCRab CD8ab TRM,1.000000,-,-,-,-,-,-,-,-,-,-,-
235,SF%GGGTE,1.5e-03,2,2,1.4e-06,1.0e+00,4.7e-02,1.0e+00,1.0e-03,2.9e-02,global-SF%GGGTE,CASSfeGGgTEAFF,CASSFEGGGTEAFF,TRBV12-3,TRBJ1-1,CAVPRSNDYKLSF,Donor AJKQ118:LP TCRab CD8ab TCM,1.000000,-,-,-,-,-,-,-,-,-,-,-

236,SFVGG%YE,1.5e-03,1,2,1.6e-06,1.0e+00,5.4e-02,1.0e+00,1.0e-03,2.9e-02,global-SFVGG%YE,CASSfvgGTYEQYF,CASSFVGGTYEQYF,TRBV27,TRBJ2-7,CAVRRNYGQNFVF,Donor AJG2309:PB TCRab CD8ab Naive/TCM,1.000000,-,-,-,-,-,-,-,-,-,-,-
236,SFVGG%YE,1.5e-03,1,2,1.6e-06,1.0e+00,5.4e-02,1.0e+00,1.0e-03,2.9e-02,global-SFVGG%YE,CASSfvGGSYEQYF,CASSFVGGSYEQYF,TRBV28,TRBJ2-7,CAASGGGADGLTF,Donor AJG2309:IEL TCRab CD8ab TRM,1.000000,-,-,-,-,-,-,-,-,-,-,-

237,SY%AGE,1.5e-03,2,2,1.7e-06,1.0e+00,6.0e-02,1.0e+00,1.0e-03,2.9e-02,global-SY%AGE,CASSYgAGEQYF,CASSYGAGEQYF,TRBV6-6,TRBJ2-7,CAVRHEVSDGQKLLF,Donor AJG2309:IEL TCRab CD8ab TRM,1.000000,-,-,-,-,-,-,-,-,-,-,-
237,SY%AGE,1.5e-03,2,2,1.7e-06,1.0e+00,6.0e-02,1.0e+00,1.0e-03,2.9e-02,global-SY%AGE,CASSYsaGELFF,CASSYSAGELFF,TRBV6-5,TRBJ2-2,CAVRDNAGNMLTF,Donor AJD3280:PB TCRab CD8ab Naive/TCM,1.000000,-,-,-,-,-,-,-,-,-,-,-

238,SP%GPTDT,1.5e-03,1,2,1.4e-06,1.0e+00,4.9e-02,1.0e+00,1.0e-03,2.9e-02,global-SP%GPTDT,CASSPGGpTDTQYF,CASSPGGPTDTQYF,TRBV5-1,TRBJ2-3,CAVRDMRVTNAGKSTF,Donor AJD3280:L TCRab CD8ab TRM,1.000000,-,-,-,-,-,-,-,-,-,-,-
238,SP%GPTDT,1.5e-03,1,2,1.4e-06,1.0e+00,4.9e-02,1.0e+00,1.0e-03,2.9e-02,global-SP%GPTDT,CASSPTGpTDTQYF,CASSPTGPTDTQYF,TRBV7-2,TRBJ2-3,CAVRPRSSASKIIF,Donor AJD3280:L TCRab CD8ab TRM,1.000000,-,-,-,-,-,-,-,-,-,-,-

239,SS%GTNEK,1.5e-03,2,2,1.5e-06,1.0e+00,5.1e-02,1.0e+00,1.0e-03,2.9e-02,global-SS%GTNEK,CAWSSGGTNEKLFF,CAWSSGGTNEKLFF,TRBV30,TRBJ1-4,CAPLGNQFYF,Donor AJKQ118:PB TCRab CD8ab Naive/TCM,1.000000,-,-,-,-,-,-,-,-,-,-,-
239,SS%GTNEK,1.5e-03,2,2,1.5e-06,1.0e+00,5.1e-02,1.0e+00,1.0e-03,2.9e-02,global-SS%GTNEK,CASSSQGTNEKLFF,CASSSQGTNEKLFF,TRBV12-4,TRBJ1-4,CAVEDGGFGNVLHC,Donor AJD3280:IEL TCRab CD8ab TRM,1.000000,-,-,-,-,-,-,-,-,-,-,-

240,%DYTE,1.5e-03,2,2,1.8e-06,1.0e+00,6.1e-02,1.0e+00,1.0e-03,2.9e-02,global-%DYTE,CASSDyTEAFF,CASSDYTEAFF,TRBV6-6,TRBJ1-1,CAVRGNSGYALNF,Donor AJD3280:IEL TCRab CD8ab TRM,1.000000,-,-,-,-,-,-,-,-,-,-,-
240,%DYTE,1.5e-03,2,2,1.8e-06,1.0e+00,6.1e-02,1.0e+00,1.0e-03,2.9e-02,global-%DYTE,CASrdyTEAFF,CASRDYTEAFF,TRBV28,TRBJ1-1,CAPRDRGSTLGRLYF,Donor AJG2309:IEL TCRab CD8ab TRM,1.000000,-,-,-,-,-,-,-,-,-,-,-

241,SQ%GGTE,1.5e-03,2,2,1.6e-06,1.0e+00,5.4e-02,1.0e+00,1.0e-03,2.9e-02,global-SQ%GGTE,CASSQkGGTEAFF,CASSQKGGTEAFF,TRBV4-2,TRBJ1-1,CAYFIYNNAGNMLTF,Donor AJKQ118:L TCRab CD8ab TRM,1.000000,-,-,-,-,-,-,-,-,-,-,-
241,SQ%GGTE,1.5e-03,2,2,1.6e-06,1.0e+00,5.4e-02,1.0e+00,1.0e-03,2.9e-02,global-SQ%GGTE,CASSQGGgTEAFF,CASSQGGGTEAFF,TRBV3-1,TRBJ1-1,CAASGGGTSYGKLTF,Donor AJD3280:LP TCRab CD8ab TRM,1.000000,-,-,-,-,-,-,-,-,-,-,-

242,SL%TGGNQP,1.5e-03,2,2,3.9e-07,1.0e+00,4.8e-02,2.8e-01,1.0e-03,2.9e-02,global-SL%TGGNQP,CASSLsTGGNQPQHF,CASSLSTGGNQPQHF,TRBV27,TRBJ1-5,CAMSHTSGTYKYIF,Donor AJG2309:IEL TCRab CD8ab TRM,2.000000,-,-,-,-,-,-,-,-,-,-,-
242,SL%TGGNQP,1.5e-03,2,2,3.9e-07,1.0e+00,4.8e-02,2.8e-01,1.0e-03,2.9e-02,global-SL%TGGNQP,CASSLGTGGNQPQHF,CASSLGTGGNQPQHF,TRBV7-9,TRBJ1-5,CAVSGPPGGSARQLTF,Donor AJD3280:L TCRab CD8ab TRM,1.000000,-,-,-,-,-,-,-,-,-,-,-

243,SP%TGLNTE,1.5e-03,2,2,1.9e-06,1.0e+00,6.6e-02,1.0e+00,1.0e-03,2.9e-02,global-SP%TGLNTE,CASSPrTGlNTEAFF,CASSPRTGLNTEAFF,TRBV27,TRBJ1-1,CAARGLEDDKIIF,Donor AJD3280:L TCRab CD8ab Naive/TCM,1.000000,-,-,-,-,-,-,-,-,-,-,-
243,SP%TGLNTE,1.5e-03,2,2,1.9e-06,1.0e+00,6.6e-02,1.0e+00,1.0e-03,2.9e-02,global-SP%TGLNTE,CASSPpTGlNTEAFF,CASSPPTGLNTEAFF,TRBV7-8,TRBJ1-1,CAYRSAYNDMRF,Donor AJKQ118:PB TCRab CD8ab Naive/TCM,1.000000,-,-,-,-,-,-,-,-,-,-,-

244,SLGDR%MNTE,1.5e-03,1,2,1.3e-06,1.0e+00,4.5e-02,1.0e+00,1.0e-03,2.9e-02,global-SLGDR%MNTE,CASSLgDRGmNTEAFF,CASSLGDRGMNTEAFF,TRBV12-3,TRBJ1-1,CAVTTNAGKSTF,Donor AJD3280:IEL TCRab CD8ab TRM,1.000000,-,-,-,-,-,-,-,-,-,-,-
244,SLGDR%MNTE,1.5e-03,1,2,1.3e-06,1.0e+00,4.5e-02,1.0e+00,1.0e-03,2.9e-02,global-SLGDR%MNTE,CASSLgDRamNTEAFF,CASSLGDRAMNTEAFF,TRBV5-5,TRBJ1-1,CAVRDGGQAGTALIF,Donor AJD3280:PB TCRab CD8ab Naive/TCM,1.000000,-,-,-,-,-,-,-,-,-,-,-

245,S%VGTGE,1.5e-03,2,2,1.2e-07,1.0e+00,4.0e-03,1.0e+00,1.0e-03,2.9e-02,global-S%VGTGE,CASSSvgTGELFF,CASSSVGTGELFF,TRBV7-6,TRBJ2-2,CIVRLNNAGNMLTF,Donor AJG2309:IEL TCRab CD8ab TRM,1.000000,-,-,-,-,-,-,-,-,-,-,-
245,S%VGTGE,1.5e-03,2,2,1.2e-07,1.0e+00,4.0e-03,1.0e+00,1.0e-03,2.9e-02,global-S%VGTGE,CASSQvgTGELFF,CASSQVGTGELFF,TRBV14,TRBJ2-2,CALSDRRGTGANNLFF,Donor AJKQ118:IEL TCRab CD8ab TRM,1.000000,-,-,-,-,-,-,-,-,-,-,-
245,S%VGTGE,1.5e-03,2,2,1.2e-07,1.0e+00,4.0e-03,1.0e+00,1.0e-03,2.9e-02,global-S%VGTGE,CASSQvgTGELFF,CASSQVGTGELFF,TRBV14,TRBJ2-2,CALSDRRGTGANNLFF,Donor AJKQ118:L TCRab CD8ab TRM,1.000000,-,-,-,-,-,-,-,-,-,-,-

246,%YSRGTE,1.5e-03,1,2,2.9e-08,1.0e+00,1.0e-03,1.0e+00,1.0e-03,2.9e-02,global-%YSRGTE,CASTysRGTEAFF,CASTYSRGTEAFF,TRBV6-5,TRBJ1-1,CLVDNTGGFKTIF,Donor AJD3280:IEL TCRab CD8ab TRM,1.000000,-,-,-,-,-,-,-,-,-,-,-
246,%YSRGTE,1.5e-03,1,2,2.9e-08,1.0e+00,1.0e-03,1.0e+00,1.0e-03,2.9e-02,global-%YSRGTE,CASSYsRGTEAFF,CASSYSRGTEAFF,TRBV6-5,TRBJ1-1,CASNFNKFYF,Donor AJD3280:IEL TCRab CD8ab TRM,1.000000,-,-,-,-,-,-,-,-,-,-,-

247,SQA%GASYE,1.5e-03,1,2,2.9e-08,1.0e+00,1.0e-03,1.0e+00,1.0e-03,2.9e-02,global-SQA%GASYE,CASSQAGGaSYEQYF,CASSQAGGASYEQYF,TRBV4-1,TRBJ2-7,CAVNTNAGKSTF,Donor AJD3280:LP TCRab CD8ab TRM,1.000000,-,-,-,-,-,-,-,-,-,-,-
247,SQA%GASYE,1.5e-03,1,2,2.9e-08,1.0e+00,1.0e-03,1.0e+00,1.0e-03,2.9e-02,global-SQA%GASYE,CASSQaAGaSYEQYF,CASSQAAGASYEQYF,TRBV4-1,TRBJ2-7,CAVNSAGKSTF,Donor AJD3280:IEL TCRab CD8ab TRM,1.000000,-,-,-,-,-,-,-,-,-,-,-

248,S%LEAYNE,1.5e-03,1,2,2.9e-08,1.0e+00,1.0e-03,1.0e+00,1.0e-03,2.9e-02,global-S%LEAYNE,CASSGLeaYNEQFF,CASSGLEAYNEQFF,TRBV27,TRBJ2-1,CAVGTGNQFYF,Donor AJG2309:LP TCRab CD8ab TRM,1.000000,-,-,-,-,-,-,-,-,-,-,-
248,S%LEAYNE,1.5e-03,1,2,2.9e-08,1.0e+00,1.0e-03,1.0e+00,1.0e-03,2.9e-02,global-S%LEAYNE,CASSSleaYNEQFF,CASSSLEAYNEQFF,TRBV27,TRBJ2-1,CAVGTGNQFYF,Donor AJG2309:IEL TCRab CD8ab TRM,1.000000,-,-,-,-,-,-,-,-,-,-,-

249,RG%RDYE,1.7e-03,1,3,6.2e-09,1.0e+00,1.0e-03,1.0e+00,1.0e-03,6.2e-03,global-RG%RDYE,CSARgsrdYEQYF,CSARGSRDYEQYF,TRBV20-1,TRBJ2-7,CVPMDSNYQLIW,Donor AJD3280:L TCRab CD8ab MAIT,1.000000,-,-,-,-,-,-,-,-,-,-,-
249,RG%RDYE,1.7e-03,1,3,6.2e-09,1.0e+00,1.0e-03,1.0e+00,1.0e-03,6.2e-03,global-RG%RDYE,CSARgsrdYEQYF,CSARGSRDYEQYF,TRBV20-1,TRBJ2-7,CVPMDSNYQLIW,Donor AJD3280:L TCRab CD8ab TRM,1.000000,-,-,-,-,-,-,-,-,-,-,-
249,RG%RDYE,1.7e-03,1,3,6.2e-09,1.0e+00,1.0e-03,1.0e+00,1.0e-03,6.2e-03,global-RG%RDYE,CSARgGRdYEQYF,CSARGGRDYEQYF,TRBV20-1,TRBJ2-7,CAVEDSNYQLIW,Donor AJD3280:L TCRab CD8ab MAIT,1.000000,-,-,-,-,-,-,-,-,-,-,-
249,RG%RDYE,1.7e-03,1,3,6.2e-09,1.0e+00,1.0e-03,1.0e+00,1.0e-03,6.2e-03,global-RG%RDYE,CSgRGdrdYEQYF,CSGRGDRDYEQYF,TRBV20-1,TRBJ2-7,CAVRDSNYQLIW,Donor AJD3280:L TCRab CD8ab MAIT,1.000000,-,-,-,-,-,-,-,-,-,-,-
249,RG%RDYE,1.7e-03,1,3,6.2e-09,1.0e+00,1.0e-03,1.0e+00,1.0e-03,6.2e-03,global-RG%RDYE,CSgRGdrdYEQYF,CSGRGDRDYEQYF,TRBV20-1,TRBJ2-7,CAVRDSNYQLIW,Donor AJD3280:L TCRab CD8ab TRM,1.000000,-,-,-,-,-,-,-,-,-,-,-

250,S%GSGANV,1.7e-03,3,3,6.3e-08,1.0e+00,2.1e-02,4.9e-01,1.0e-03,6.2e-03,global-S%GSGANV,CASSDgSGANVLTF,CASSDGSGANVLTF,TRBV6-4,TRBJ2-6,CAVRDEDYKLSF,Donor AJD3280:L TCRab CD8ab MAIT,2.000000,-,-,-,-,-,-,-,-,-,-,-
250,S%GSGANV,1.7e-03,3,3,6.3e-08,1.0e+00,2.1e-02,4.9e-01,1.0e-03,6.2e-03,global-S%GSGANV,CASSDgSGANVLTF,CASSDGSGANVLTF,TRBV6-4,TRBJ2-6,CAVRDEDYKLSF,Donor AJD3280:L TCRab CD8ab TRM,1.000000,-,-,-,-,-,-,-,-,-,-,-
250,S%GSGANV,1.7e-03,3,3,6.3e-08,1.0e+00,2.1e-02,4.9e-01,1.0e-03,6.2e-03,global-S%GSGANV,CASSYgSGANVLTF,CASSYGSGANVLTF,TRBV6-5,TRBJ2-6,CIVRVAHGAGSYQLTF,Donor AJKQ118:L TCRab CD8ab TRM,1.000000,-,-,-,-,-,-,-,-,-,-,-
250,S%GSGANV,1.7e-03,3,3,6.3e-08,1.0e+00,2.1e-02,4.9e-01,1.0e-03,6.2e-03,global-S%GSGANV,CASSTGSGANVLTF,CASSTGSGANVLTF,TRBV27,TRBJ2-6,CAPEDPSGNTPLVF,Donor AJG2309:IEL TCRab CD8ab TRM,1.000000,-,-,-,-,-,-,-,-,-,-,-

251,EAEN,1.8e-03,2,2,2.5e-04,1.0e+00,5.2e-02,1.0e+00,1.7e-01,2.9e-02,motif-EAEN,CASSYseaeaeNTIYF,CASSYSEAEAENTIYF,TRBV6-5,TRBJ1-3,CAMREGPVTGGFKTIF,Donor AJKQ118:IEL TCRab CD8ab TRM,1.000000,-,-,-,-,-,-,-,-,-,-,-
251,EAEN,1.8e-03,2,2,2.5e-04,1.0e+00,5.2e-02,1.0e+00,1.7e-01,2.9e-02,motif-EAEN,CSARDRGeaeNIQYF,CSARDRGEAENIQYF,TRBV20-1,TRBJ2-4,CAVRLAFSSGSARQLTF,Donor AJD3280:IEL TCRab CD8ab TRM,1.000000,-,-,-,-,-,-,-,-,-,-,-

252,SYQA,1.8e-03,2,2,2.5e-04,1.0e+00,5.3e-02,1.0e+00,1.6e-01,2.9e-02,motif-SYQA,CASSYqaGQagEQFF,CASSYQAGQAGEQFF,TRBV6-5,TRBJ2-1,CVVNGDNYGQNFVF,Donor AJD3280:PB TCRab CD8ab Naive/TCM,1.000000,-,-,-,-,-,-,-,-,-,-,-
252,SYQA,1.8e-03,2,2,2.5e-04,1.0e+00,5.3e-02,1.0e+00,1.6e-01,2.9e-02,motif-SYQA,CASSYqaGQNTGELFF,CASSYQAGQNTGELFF,TRBV6-1,TRBJ2-2,CAVNQAAAGNKLTF,Donor AJG2309:PB TCRab CD8ab Naive/TCM,1.000000,-,-,-,-,-,-,-,-,-,-,-

253,YSPR,1.8e-03,1,2,2.7e-04,1.0e+00,5.4e-02,1.0e+00,1.7e-01,2.9e-02,motif-YSPR,CASSYspRGdKNIQYF,CASSYSPRGDKNIQYF,TRBV6-5,TRBJ2-4,CAYRTSFFGNEKLTF,Donor AJD3280:IEL TCRab CD8ab TRM,1.000000,-,-,-,-,-,-,-,-,-,-,-
253,YSPR,1.8e-03,1,2,2.7e-04,1.0e+00,5.4e-02,1.0e+00,1.7e-01,2.9e-02,motif-YSPR,CASSYspRGEAFF,CASSYSPRGEAFF,TRBV6-2,TRBJ1-1,CILSLIKAAGNKLTF,Donor AJD3280:IEL TCRab CD8ab TRM,1.000000,-,-,-,-,-,-,-,-,-,-,-

254,SLG%NYG,2.3e-03,2,3,8.7e-07,1.0e+00,1.4e-01,1.0e+00,1.0e-03,6.2e-03,global-SLG%NYG,CASSLGQNYGYTF,CASSLGQNYGYTF,TRBV5-6,TRBJ1-2,CAGGGRGTGNQFYF,Donor AJG2309:PB TCRab CD8ab TEM,1.000000,-,-,-,-,-,-,-,-,-,-,-
254,SLG%NYG,2.3e-03,2,3,8.7e-07,1.0e+00,1.4e-01,1.0e+00,1.0e-03,6.2e-03,global-SLG%NYG,CASSLGGNYGYTF,CASSLGGNYGYTF,TRBV12-3,TRBJ1-2,CAFMYDGAQKLVF,Donor AJKQ118:IEL TCRab CD8ab TRM,1.000000,-,-,-,-,-,-,-,-,-,-,-
254,SLG%NYG,2.3e-03,2,3,8.7e-07,1.0e+00,1.4e-01,1.0e+00,1.0e-03,6.2e-03,global-SLG%NYG,CASSLGLNYGYTF,CASSLGLNYGYTF,TRBV5-8,TRBJ1-2,CAVQAEGGFQKLVF,Donor AJG2309:IEL TCRab CD8ab TRM,1.000000,-,-,-,-,-,-,-,-,-,-,-

255,SLVG%TE,2.3e-03,3,3,9.6e-07,1.0e+00,1.6e-01,1.0e+00,1.0e-03,6.2e-03,global-SLVG%TE,CASSLvgsTEAFF,CASSLVGSTEAFF,TRBV5-8,TRBJ1-1,CAVRPNQAGTALIF,Donor AJD3280:IEL TCRab CD8ab TRM,1.000000,-,-,-,-,-,-,-,-,-,-,-
255,SLVG%TE,2.3e-03,3,3,9.6e-07,1.0e+00,1.6e-01,1.0e+00,1.0e-03,6.2e-03,global-SLVG%TE,CASSLvgNTEAFF,CASSLVGNTEAFF,TRBV7-2,TRBJ1-1,CALSEVGDAGGTSYGKLTF,Donor AJG2309:IEL TCRab CD8ab TRM,1.000000,-,-,-,-,-,-,-,-,-,-,-
255,SLVG%TE,2.3e-03,3,3,9.6e-07,1.0e+00,1.6e-01,1.0e+00,1.0e-03,6.2e-03,global-SLVG%TE,CASSLvGGTEAFF,CASSLVGGTEAFF,TRBV13,TRBJ1-1,CAVSEGGFNKFYF,Donor AJKQ118:IEL TCRab CD8ab TRM,1.000000,-,-,-,-,-,-,-,-,-,-,-

256,SLG%SSYNE,2.3e-03,1,3,2.2e-07,1.0e+00,1.6e-01,2.3e-01,1.0e-03,6.2e-03,global-SLG%SSYNE,CASSLgpsSYNEQFF,CASSLGPSSYNEQFF,TRBV7-7,TRBJ2-1,CATDRGGSSNTGKLIF,Donor AJD3280:IEL TCRab CD8ab TRM,2.000000,-,-,-,-,-,-,-,-,-,-,-
256,SLG%SSYNE,2.3e-03,1,3,2.2e-07,1.0e+00,1.6e-01,2.3e-01,1.0e-03,6.2e-03,global-SLG%SSYNE,CASSLgssSYNEQFF,CASSLGSSSYNEQFF,TRBV19,TRBJ2-1,CAASFVKAAGNKLTF,Donor AJD3280:L TCRab CD8ab Naive/TCM,1.000000,-,-,-,-,-,-,-,-,-,-,-
256,SLG%SSYNE,2.3e-03,1,3,2.2e-07,1.0e+00,1.6e-01,2.3e-01,1.0e-03,6.2e-03,global-SLG%SSYNE,CASSLGQsSYNEQFF,CASSLGQSSYNEQFF,TRBV5-1,TRBJ2-1,CVRGDSGGSNYKLTF,Donor AJD3280:IEL TCRab CD8ab TRM,2.000000,-,-,-,-,-,-,-,-,-,-,-

257,GDHT,2.5e-03,2,2,3.2e-04,1.0e+00,6.9e-02,1.0e+00,1.6e-01,2.9e-02,motif-GDHT,CASSLGGdhTDTQYF,CASSLGGDHTDTQYF,TRBV5-4,TRBJ2-3,CAVRDGIGFGNVLHC,Donor AJD3280:PB TCRab CD8ab Naive/TCM,1.000000,-,-,-,-,-,-,-,-,-,-,-
257,GDHT,2.5e-03,2,2,3.2e-04,1.0e+00,6.9e-02,1.0e+00,1.6e-01,2.9e-02,motif-GDHT,CASSLgdhTQYF,CASSLGDHTQYF,TRBV7-9,TRBJ2-3,CAVDDNDMRF,Donor AJG2309:IEL TCRab CD8ab TRM,1.000000,-,-,-,-,-,-,-,-,-,-,-

258,S%GYE,2.9e-03,3,6,1.3e-07,1.0e+00,1.0e-01,1.0e+00,1.0e-03,1.2e-03,global-S%GYE,CASSQgYEQYF,CASSQGYEQYF,TRBV27,TRBJ2-7,CARNTGNQFYF,Donor AJD3280:LP TCRab CD8ab TCM,1.000000,-,-,-,-,-,-,-,-,-,-,-
258,S%GYE,2.9e-03,3,6,1.3e-07,1.0e+00,1.0e-01,1.0e+00,1.0e-03,1.2e-03,global-S%GYE,CASSPgYEQYF,CASSPGYEQYF,TRBV2,TRBJ2-7,CAGQSYGGATNKLIF,Donor AJD3280:L TCRab CD8ab Naive/TCM,1.000000,-,-,-,-,-,-,-,-,-,-,-
258,S%GYE,2.9e-03,3,6,1.3e-07,1.0e+00,1.0e-01,1.0e+00,1.0e-03,1.2e-03,global-S%GYE,CASSSgYEQYF,CASSSGYEQYF,TRBV11-2,TRBJ2-7,CAGDSGGYQKVTF,Donor AJKQ118:PB TCRab CD8ab Naive/TCM,1.000000,-,-,-,-,-,-,-,-,-,-,-
258,S%GYE,2.9e-03,3,6,1.3e-07,1.0e+00,1.0e-01,1.0e+00,1.0e-03,1.2e-03,global-S%GYE,CSASTGYEQYF,CSASTGYEQYF,TRBV20-1,TRBJ2-7,CAGHEIQGQGAQKLVF,Donor AJG2309:PB TCRab CD8ab TEM,1.000000,-,-,-,-,-,-,-,-,-,-,-
258,S%GYE,2.9e-03,3,6,1.3e-07,1.0e+00,1.0e-01,1.0e+00,1.0e-03,1.2e-03,global-S%GYE,CASSEgyEAFF,CASSEGYEAFF,TRBV2,TRBJ1-1,CAASAPPNFGNEKLTF,Donor AJKQ118:L TCRab CD8ab Teff,1.000000,-,-,-,-,-,-,-,-,-,-,-
258,S%GYE,2.9e-03,3,6,1.3e-07,1.0e+00,1.0e-01,1.0e+00,1.0e-03,1.2e-03,global-S%GYE,CASSEgyEAFF,CASSEGYEAFF,TRBV2,TRBJ1-1,CAASAPPNFGNEKLTF,Donor AJKQ118:PB TCRab CD8ab TEM,1.000000,-,-,-,-,-,-,-,-,-,-,-
258,S%GYE,2.9e-03,3,6,1.3e-07,1.0e+00,1.0e-01,1.0e+00,1.0e-03,1.2e-03,global-S%GYE,CASSEgyEAFF,CASSEGYEAFF,TRBV2,TRBJ1-1,CAASAPPNFGNEKLTF,Donor AJKQ118:PB TCRab CD8ab Teff,1.000000,-,-,-,-,-,-,-,-,-,-,-
258,S%GYE,2.9e-03,3,6,1.3e-07,1.0e+00,1.0e-01,1.0e+00,1.0e-03,1.2e-03,global-S%GYE,CASSRgYEQYF,CASSRGYEQYF,TRBV6-5,TRBJ2-7,CVVSVLDHDKIIF,Donor AJG2309:L TCRab CD8ab TRM,1.000000,-,-,-,-,-,-,-,-,-,-,-

259,SQDRV%YE,3.0e-03,1,2,6.3e-07,1.0e+00,9.4e-02,2.3e-01,1.0e-03,2.9e-02,motif-QDRV global-SQDRV%YE,CASSQDRvaYEQYF,CASSQDRVAYEQYF,TRBV4-3,TRBJ2-7,CAPNRDDKIIF,Donor AJD3280:IEL TCRab CD8ab TRM,1.000000,-,-,-,-,-,-,-,-,-,-,-
259,SQDRV%YE,3.0e-03,1,2,6.3e-07,1.0e+00,9.4e-02,2.3e-01,1.0e-03,2.9e-02,motif-QDRV global-SQDRV%YE,CASSQDRvSYEQYF,CASSQDRVSYEQYF,TRBV4-2,TRBJ2-7,CAVGGYQKVTF,Donor AJD3280:IEL TCRab CD8ab TRM,3.000000,-,-,-,-,-,-,-,-,-,-,-
259,SQDRV%YE,3.0e-03,1,2,6.3e-07,1.0e+00,9.4e-02,2.3e-01,1.0e-03,2.9e-02,motif-QDRV global-SQDRV%YE,CASSQDRvSYEQYF,CASSQDRVSYEQYF,TRBV4-2,TRBJ2-7,CAVGTNAGKSTF,Donor AJD3280:IEL TCRab CD8ab TRM,1.000000,-,-,-,-,-,-,-,-,-,-,-

260,S%DGNTE,3.0e-03,2,2,1.9e-06,1.0e+00,6.4e-02,1.0e+00,1.0e-03,2.9e-02,global-S%DGNTE,CASSfdgNTEAFF,CASSFDGNTEAFF,TRBV5-6,TRBJ1-1,CAENRPRSGSARQLTF,Donor AJG2309:PB TCRab CD8ab Teff,1.000000,-,-,-,-,-,-,-,-,-,-,-
260,S%DGNTE,3.0e-03,2,2,1.9e-06,1.0e+00,6.4e-02,1.0e+00,1.0e-03,2.9e-02,global-S%DGNTE,CAWSldgNTEAFF,CAWSLDGNTEAFF,TRBV30,TRBJ1-1,CAVTGDSNYQLIW,Donor AJD3280:L TCRab CD8ab Naive/TCM,1.000000,-,-,-,-,-,-,-,-,-,-,-

261,%GTDYNE,3.0e-03,1,2,2.9e-08,1.0e+00,1.0e-03,1.0e+00,1.0e-03,2.9e-02,global-%GTDYNE,CSVTGtdYNEQFF,CSVTGTDYNEQFF,TRBV29-1,TRBJ2-1,CAVVYEYGNKLVF,Donor AJD3280:PB TCRab CD8ab Teff,1.000000,-,-,-,-,-,-,-,-,-,-,-
261,%GTDYNE,3.0e-03,1,2,2.9e-08,1.0e+00,1.0e-03,1.0e+00,1.0e-03,2.9e-02,global-%GTDYNE,CSlSGtdYNEQFF,CSLSGTDYNEQFF,TRBV29-1,TRBJ2-1,CAAVMEYGNKLVF,Donor AJD3280:L TCRab CD8ab Teff,1.000000,-,-,-,-,-,-,-,-,-,-,-
261,%GTDYNE,3.0e-03,1,2,2.9e-08,1.0e+00,1.0e-03,1.0e+00,1.0e-03,2.9e-02,global-%GTDYNE,CSlSGtdYNEQFF,CSLSGTDYNEQFF,TRBV29-1,TRBJ2-1,CAAVMEYGNKLVF,Donor AJD3280:PB TCRab CD8ab TEM,1.000000,-,-,-,-,-,-,-,-,-,-,-

262,S%GISYE,3.0e-03,2,2,1.7e-06,1.0e+00,5.8e-02,1.0e+00,1.0e-03,2.9e-02,global-S%GISYE,CAWSdgiSYEQYF,CAWSDGISYEQYF,TRBV30,TRBJ2-7,CAATQGAQKLVF,Donor AJD3280:PB TCRab CD8ab Naive/TCM,1.000000,-,-,-,-,-,-,-,-,-,-,-
262,S%GISYE,3.0e-03,2,2,1.7e-06,1.0e+00,5.8e-02,1.0e+00,1.0e-03,2.9e-02,global-S%GISYE,CASSEgiSYEQYF,CASSEGISYEQYF,TRBV10-1,TRBJ2-7,CAVKKENTPLVF,Donor AJKQ118:L TCRab CD8ab TRM,1.000000,-,-,-,-,-,-,-,-,-,-,-

263,STG%AYE,3.0e-03,2,2,5.5e-10,1.0e+00,1.0e-03,1.9e-02,1.0e-03,2.9e-02,global-STG%AYE,CATSTGeaYEQYF,CATSTGEAYEQYF,TRBV15,TRBJ2-7,CILTGYGQNFVF,Donor AJKQ118:IEL TCRab CD8ab TRM,1.000000,-,-,-,-,-,-,-,-,-,-,-
263,STG%AYE,3.0e-03,2,2,5.5e-10,1.0e+00,1.0e-03,1.9e-02,1.0e-03,2.9e-02,global-STG%AYE,CATSTGeaYEQYF,CATSTGEAYEQYF,TRBV15,TRBJ2-7,CILTGYGQNFVF,Donor AJKQ118:L TCRab CD8ab Teff,11.000000,-,-,-,-,-,-,-,-,-,-,-
263,STG%AYE,3.0e-03,2,2,5.5e-10,1.0e+00,1.0e-03,1.9e-02,1.0e-03,2.9e-02,global-STG%AYE,CATSTGeaYEQYF,CATSTGEAYEQYF,TRBV15,TRBJ2-7,CILTGYGQNFVF,Donor AJKQ118:LP TCRab CD8ab TEM,1.000000,-,-,-,-,-,-,-,-,-,-,-
263,STG%AYE,3.0e-03,2,2,5.5e-10,1.0e+00,1.0e-03,1.9e-02,1.0e-03,2.9e-02,global-STG%AYE,CATSTGeaYEQYF,CATSTGEAYEQYF,TRBV15,TRBJ2-7,CILTGYGQNFVF,Donor AJKQ118:PB TCRab CD8ab TEM,1.000000,-,-,-,-,-,-,-,-,-,-,-
263,STG%AYE,3.0e-03,2,2,5.5e-10,1.0e+00,1.0e-03,1.9e-02,1.0e-03,2.9e-02,global-STG%AYE,CATSTGeaYEQYF,CATSTGEAYEQYF,TRBV15,TRBJ2-7,CILTGYGQNFVF,Donor AJKQ118:PB TCRab CD8ab Teff,17.000000,-,-,-,-,-,-,-,-,-,-,-
263,STG%AYE,3.0e-03,2,2,5.5e-10,1.0e+00,1.0e-03,1.9e-02,1.0e-03,2.9e-02,global-STG%AYE,CASSTGtaYEQYF,CASSTGTAYEQYF,TRBV9,TRBJ2-7,CATVPNSGNTPLVF,Donor AJD3280:PB TCRab CD8ab Naive/TCM,1.000000,-,-,-,-,-,-,-,-,-,-,-

264,SVDGS%E,3.0e-03,1,2,2.9e-08,1.0e+00,1.0e-03,1.0e+00,1.0e-03,2.9e-02,global-SVDGS%E,CASSVdgssEQYF,CASSVDGSSEQYF,TRBV9,TRBJ2-7,CAVKTNTDKLIF,Donor AJG2309:IEL TCRab CD8ab TRM,1.000000,-,-,-,-,-,-,-,-,-,-,-
264,SVDGS%E,3.0e-03,1,2,2.9e-08,1.0e+00,1.0e-03,1.0e+00,1.0e-03,2.9e-02,global-SVDGS%E,CASSVdgsGELFF,CASSVDGSGELFF,TRBV9,TRBJ2-2,CAVGAGSARQLTF,Donor AJG2309:LP TCRab CD8ab TRM,1.000000,-,-,-,-,-,-,-,-,-,-,-

265,SG%GGNQP,3.0e-03,2,2,1.2e-08,1.0e+00,3.0e-03,1.4e-01,1.0e-03,2.9e-02,global-SG%GGNQP,CASSgdGGNQPQHF,CASSGDGGNQPQHF,TRBV9,TRBJ1-5,CAVNFEGNNDMRF,Donor AJD3280:PB TCRab CD8ab Naive/TCM,1.000000,-,-,-,-,-,-,-,-,-,-,-
265,SG%GGNQP,3.0e-03,2,2,1.2e-08,1.0e+00,3.0e-03,1.4e-01,1.0e-03,2.9e-02,global-SG%GGNQP,CASSGQGgNQPQHF,CASSGQGGNQPQHF,TRBV6-1,TRBJ1-5,CALSEVSAGFGNVLHC,Donor AJKQ118:IEL TCRab CD8ab TRM,1.000000,-,-,-,-,-,-,-,-,-,-,-
265,SG%GGNQP,3.0e-03,2,2,1.2e-08,1.0e+00,3.0e-03,1.4e-01,1.0e-03,2.9e-02,global-SG%GGNQP,CASSGQGgNQPQHF,CASSGQGGNQPQHF,TRBV6-1,TRBJ1-5,CALSEVSAGFGNVLHC,Donor AJKQ118:L TCRab CD8ab TRM,4.000000,-,-,-,-,-,-,-,-,-,-,-

266,SQE%GGSYE,3.0e-03,2,2,1.4e-06,1.0e+00,4.8e-02,1.0e+00,1.0e-03,2.9e-02,global-SQE%GGSYE,CASSQeTGGSYEQYF,CASSQETGGSYEQYF,TRBV4-3,TRBJ2-7,CALSEGDYKLSF,Donor AJG2309:IEL TCRab CD8ab TRM,1.000000,-,-,-,-,-,-,-,-,-,-,-
266,SQE%GGSYE,3.0e-03,2,2,1.4e-06,1.0e+00,4.8e-02,1.0e+00,1.0e-03,2.9e-02,global-SQE%GGSYE,CASSQeeGGSYEQYF,CASSQEEGGSYEQYF,TRBV4-2,TRBJ2-7,CIVRAHYGGSQGNLIF,Donor AJD3280:IEL TCRab CD8ab TRM,1.000000,-,-,-,-,-,-,-,-,-,-,-

267,SD%GTYE,3.0e-03,2,2,6.6e-09,1.0e+00,1.0e-03,2.3e-01,1.0e-03,2.9e-02,global-SD%GTYE,CAISdpGTYEQYF,CAISDPGTYEQYF,TRBV10-3,TRBJ2-7,CVVGGSQGNLIF,Donor AJD3280:PB TCRab CD8ab Naive/TCM,1.000000,-,-,-,-,-,-,-,-,-,-,-
267,SD%GTYE,3.0e-03,2,2,6.6e-09,1.0e+00,1.0e-03,2.3e-01,1.0e-03,2.9e-02,global-SD%GTYE,CAISdgGTYEQYF,CAISDGGTYEQYF,TRBV10-3,TRBJ2-7,CAASFSEGQNFVF,Donor AJG2309:IEL TCRab CD8ab TRM,1.000000,-,-,-,-,-,-,-,-,-,-,-
267,SD%GTYE,3.0e-03,2,2,6.6e-09,1.0e+00,1.0e-03,2.3e-01,1.0e-03,2.9e-02,global-SD%GTYE,CAISdgGTYEQYF,CAISDGGTYEQYF,TRBV10-3,TRBJ2-7,CAALSNFGNEKLTF,Donor AJG2309:IEL TCRab CD8ab TRM,3.000000,-,-,-,-,-,-,-,-,-,-,-

268,SLV%DYG,3.0e-03,1,2,1.7e-06,1.0e+00,5.7e-02,1.0e+00,1.0e-03,2.9e-02,global-SLV%DYG,CASSLvldYGYTF,CASSLVLDYGYTF,TRBV7-8,TRBJ1-2,CAYRTPFGNEKLTF,Donor AJD3280:L TCRab CD8ab TRM,1.000000,-,-,-,-,-,-,-,-,-,-,-
268,SLV%DYG,3.0e-03,1,2,1.7e-06,1.0e+00,5.7e-02,1.0e+00,1.0e-03,2.9e-02,global-SLV%DYG,CASSLvrdYGYTF,CASSLVRDYGYTF,TRBV7-2,TRBJ1-2,CAEKRNGNKLVF,Donor AJD3280:L TCRab CD8ab TRM,1.000000,-,-,-,-,-,-,-,-,-,-,-

269,S%GADYG,3.0e-03,2,2,1.8e-06,1.0e+00,6.2e-02,1.0e+00,1.0e-03,2.9e-02,global-S%GADYG,CASSEgadYGYTF,CASSEGADYGYTF,TRBV2,TRBJ1-2,CATDAWGNNRLAF,Donor AJD3280:IEL TCRab CD8ab TRM,1.000000,-,-,-,-,-,-,-,-,-,-,-
269,S%GADYG,3.0e-03,2,2,1.8e-06,1.0e+00,6.2e-02,1.0e+00,1.0e-03,2.9e-02,global-S%GADYG,CASSYgadYGYTF,CASSYGADYGYTF,TRBV6-6,TRBJ1-2,CAVRPLFSDGQKLLF,Donor AJG2309:IEL TCRab CD8ab TRM,1.000000,-,-,-,-,-,-,-,-,-,-,-

270,S%TGVYNE,3.0e-03,1,2,2.9e-08,1.0e+00,1.0e-03,1.0e+00,1.0e-03,2.9e-02,global-S%TGVYNE,CASSSTGvYNEQFF,CASSSTGVYNEQFF,TRBV7-6,TRBJ2-1,CVVSDGGYQKVTF,Donor AJKQ118:LP TCRab CD8ab TRM,1.000000,-,-,-,-,-,-,-,-,-,-,-
270,S%TGVYNE,3.0e-03,1,2,2.9e-08,1.0e+00,1.0e-03,1.0e+00,1.0e-03,2.9e-02,global-S%TGVYNE,CASSLTGvYNEQFF,CASSLTGVYNEQFF,TRBV7-6,TRBJ2-1,CAANSGGYQKVTF,Donor AJKQ118:IEL TCRab CD8ab TRM,1.000000,-,-,-,-,-,-,-,-,-,-,-

271,S%QGTGE,3.0e-03,1,2,1.6e-06,1.0e+00,5.5e-02,1.0e+00,1.0e-03,2.9e-02,global-S%QGTGE,CASSLQGTGELFF,CASSLQGTGELFF,TRBV5-1,TRBJ2-2,CILRGLGYQKVTF,Donor AJKQ118:L TCRab CD8ab TRM,1.000000,-,-,-,-,-,-,-,-,-,-,-
271,S%QGTGE,3.0e-03,1,2,1.6e-06,1.0e+00,5.5e-02,1.0e+00,1.0e-03,2.9e-02,global-S%QGTGE,CASSRQGTGELFF,CASSRQGTGELFF,TRBV6-1,TRBJ2-2,CGADISSNYKLTF,Donor AJKQ118:IEL TCRab CD8ab TRM,1.000000,-,-,-,-,-,-,-,-,-,-,-

272,SF%GGTYE,3.0e-03,2,2,1.7e-06,1.0e+00,5.7e-02,1.0e+00,1.0e-03,2.9e-02,global-SF%GGTYE,CASSfggGTYEQYF,CASSFGGGTYEQYF,TRBV7-6,TRBJ2-7,CVVSDRGNSGGGADGLTF,Donor AJD3280:L TCRab CD8ab Naive/TCM,1.000000,-,-,-,-,-,-,-,-,-,-,-
272,SF%GGTYE,3.0e-03,2,2,1.7e-06,1.0e+00,5.7e-02,1.0e+00,1.0e-03,2.9e-02,global-SF%GGTYE,CASSfvgGTYEQYF,CASSFVGGTYEQYF,TRBV27,TRBJ2-7,CAVRRNYGQNFVF,Donor AJG2309:PB TCRab CD8ab Naive/TCM,1.000000,-,-,-,-,-,-,-,-,-,-,-

273,%ATGE,3.0e-03,1,2,5.7e-07,1.0e+00,8.8e-02,2.2e-01,1.0e-03,2.9e-02,global-%ATGE,CASwaTGELFF,CASWATGELFF,TRBV12-3,TRBJ2-2,CAVNTNAGKSTF,Donor AJD3280:IEL TCRab CD8ab TRM,1.000000,-,-,-,-,-,-,-,-,-,-,-
273,%ATGE,3.0e-03,1,2,5.7e-07,1.0e+00,8.8e-02,2.2e-01,1.0e-03,2.9e-02,global-%ATGE,CASSaTGEAFF,CASSATGEAFF,TRBV7-9,TRBJ1-1,CAASSNTGKLIF,Donor AJD3280:IEL TCRab CD8ab TRM,3.000000,-,-,-,-,-,-,-,-,-,-,-
273,%ATGE,3.0e-03,1,2,5.7e-07,1.0e+00,8.8e-02,2.2e-01,1.0e-03,2.9e-02,global-%ATGE,CASSaTGEAFF,CASSATGEAFF,TRBV7-9,TRBJ1-1,CAASSNTGKLIF,Donor AJD3280:LP TCRab CD8ab TEM,1.000000,-,-,-,-,-,-,-,-,-,-,-

274,RD%TE,3.0e-03,2,2,2.0e-06,1.0e+00,6.7e-02,1.0e+00,1.0e-03,2.9e-02,global-RD%TE,CASrdgTEAFF,CASRDGTEAFF,TRBV6-1,TRBJ1-1,CAATGGTGFQKLVF,Donor AJKQ118:PB TCRab CD8ab TEM,1.000000,-,-,-,-,-,-,-,-,-,-,-
274,RD%TE,3.0e-03,2,2,2.0e-06,1.0e+00,6.7e-02,1.0e+00,1.0e-03,2.9e-02,global-RD%TE,CASrdyTEAFF,CASRDYTEAFF,TRBV28,TRBJ1-1,CAPRDRGSTLGRLYF,Donor AJG2309:IEL TCRab CD8ab TRM,1.000000,-,-,-,-,-,-,-,-,-,-,-

275,S%GGSNQP,3.0e-03,1,2,1.5e-06,1.0e+00,5.3e-02,1.0e+00,1.0e-03,2.9e-02,global-S%GGSNQP,CASSLGGSNQPQHF,CASSLGGSNQPQHF,TRBV13,TRBJ1-5,CALSAKAGGTSYGKLTF,Donor AJD3280:L TCRab CD8ab Naive/TCM,1.000000,-,-,-,-,-,-,-,-,-,-,-
275,S%GGSNQP,3.0e-03,1,2,1.5e-06,1.0e+00,5.3e-02,1.0e+00,1.0e-03,2.9e-02,global-S%GGSNQP,CASSTGGSNQPQHF,CASSTGGSNQPQHF,TRBV12-4,TRBJ1-5,CLVGPNAGNNRKLIW,Donor AJD3280:PB TCRab CD8ab Naive/TCM,1.000000,-,-,-,-,-,-,-,-,-,-,-

276,SQGAY%,3.0e-03,1,2,1.4e-06,1.0e+00,4.9e-02,1.0e+00,1.0e-03,2.9e-02,global-SQGAY%,CASSQgaYGYTF,CASSQGAYGYTF,TRBV4-1,TRBJ1-2,CAVRDQNEGNKLVF,Donor AJD3280:IEL TCRab CD8ab TRM,1.000000,-,-,-,-,-,-,-,-,-,-,-
276,SQGAY%,3.0e-03,1,2,1.4e-06,1.0e+00,4.9e-02,1.0e+00,1.0e-03,2.9e-02,global-SQGAY%,CASSQgaYEQYF,CASSQGAYEQYF,TRBV14,TRBJ2-7,CAASFTGGGNKLTF,Donor AJD3280:PB TCRab CD8ab Naive/TCM,1.000000,-,-,-,-,-,-,-,-,-,-,-

277,SYGTGG%YE,3.0e-03,2,2,1.4e-06,1.0e+00,4.8e-02,1.0e+00,1.0e-03,2.9e-02,global-SYGTGG%YE,CASSYGTGGlyEQFF,CASSYGTGGLYEQFF,TRBV11-2,TRBJ2-1,CAVLSGNTPLVF,Donor AJKQ118:L TCRab CD8ab TRM,1.000000,-,-,-,-,-,-,-,-,-,-,-
277,SYGTGG%YE,3.0e-03,2,2,1.4e-06,1.0e+00,4.8e-02,1.0e+00,1.0e-03,2.9e-02,global-SYGTGG%YE,CASSYGTGGfYEQYF,CASSYGTGGFYEQYF,TRBV6-5,TRBJ2-7,CAHPGGGAGNNRKLIW,Donor AJD3280:PB TCRab CD8ab Naive/TCM,1.000000,-,-,-,-,-,-,-,-,-,-,-

278,SLG%HTE,3.0e-03,1,2,1.5e-06,1.0e+00,5.2e-02,1.0e+00,1.0e-03,2.9e-02,global-SLG%HTE,CASSLGGhTEAFF,CASSLGGHTEAFF,TRBV7-8,TRBJ1-1,CAGALADSWGKLQF,Donor AJD3280:PB TCRab CD8ab Naive/TCM,1.000000,-,-,-,-,-,-,-,-,-,-,-
278,SLG%HTE,3.0e-03,1,2,1.5e-06,1.0e+00,5.2e-02,1.0e+00,1.0e-03,2.9e-02,global-SLG%HTE,CASSLgshTEAFF,CASSLGSHTEAFF,TRBV28,TRBJ1-1,CVVSPRDTGRRALTF,Donor AJD3280:LP TCRab CD8ab TRM,1.000000,-,-,-,-,-,-,-,-,-,-,-

279,SLGLA%YNE,3.0e-03,2,2,1.5e-06,1.0e+00,5.2e-02,1.0e+00,1.0e-03,2.9e-02,global-SLGLA%YNE,CASSLGLAlYNEQFF,CASSLGLALYNEQFF,TRBV13,TRBJ2-1,CAVNAFGNNRLAF,Donor AJG2309:IEL TCRab CD8ab TRM,1.000000,-,-,-,-,-,-,-,-,-,-,-
279,SLGLA%YNE,3.0e-03,2,2,1.5e-06,1.0e+00,5.2e-02,1.0e+00,1.0e-03,2.9e-02,global-SLGLA%YNE,CASSLGLAvYNEQFF,CASSLGLAVYNEQFF,TRBV12-4,TRBJ2-1,CILRAPNNAGNMLTF,Donor AJD3280:PB TCRab CD8ab Naive/TCM,1.000000,-,-,-,-,-,-,-,-,-,-,-

280,STGT%NTGE,3.0e-03,1,2,2.1e-09,1.0e+00,1.0e-03,7.1e-02,1.0e-03,2.9e-02,global-STGT%NTGE,CASSTGtvNTGELFF,CASSTGTVNTGELFF,TRBV5-8,TRBJ2-2,CAVDDRGSTLGRLYF,Donor AJD3280:IEL TCRab CD8ab TRM,5.000000,-,-,-,-,-,-,-,-,-,-,-
280,STGT%NTGE,3.0e-03,1,2,2.1e-09,1.0e+00,1.0e-03,7.1e-02,1.0e-03,2.9e-02,global-STGT%NTGE,CASSTGtvNTGELFF,CASSTGTVNTGELFF,TRBV5-8,TRBJ2-2,CAVDDRGSTLGRLYF,Donor AJD3280:LP TCRab CD8ab TRM,2.000000,-,-,-,-,-,-,-,-,-,-,-
280,STGT%NTGE,3.0e-03,1,2,2.1e-09,1.0e+00,1.0e-03,7.1e-02,1.0e-03,2.9e-02,global-STGT%NTGE,CASSTGttNTGELFF,CASSTGTTNTGELFF,TRBV5-8,TRBJ2-2,CAVDDRGSTLGRLYF,Donor AJD3280:IEL TCRab CD8ab TRM,1.000000,-,-,-,-,-,-,-,-,-,-,-

281,S%AGFGQP,3.0e-03,1,2,1.5e-06,1.0e+00,5.3e-02,1.0e+00,1.0e-03,2.9e-02,global-S%AGFGQP,CASSRAGfgQPQHF,CASSRAGFGQPQHF,TRBV7-8,TRBJ1-5,CAGPDNFNKFYF,Donor AJD3280:IEL TCRab CD8ab TRM,1.000000,-,-,-,-,-,-,-,-,-,-,-
281,S%AGFGQP,3.0e-03,1,2,1.5e-06,1.0e+00,5.3e-02,1.0e+00,1.0e-03,2.9e-02,global-S%AGFGQP,CASSQAGfgQPQHF,CASSQAGFGQPQHF,TRBV4-3,TRBJ1-5,CAVGAENTDKLIF,Donor AJD3280:PB TCRab CD8ab Naive/TCM,1.000000,-,-,-,-,-,-,-,-,-,-,-

282,SQGR%TE,3.0e-03,2,2,4.5e-07,1.0e+00,5.3e-02,2.9e-01,1.0e-03,2.9e-02,global-SQGR%TE,CASSQGRsTEAFF,CASSQGRSTEAFF,TRBV9,TRBJ1-1,CAAWYTGTASKLTF,Donor AJG2309:IEL TCRab CD8ab TRM,2.000000,-,-,-,-,-,-,-,-,-,-,-
282,SQGR%TE,3.0e-03,2,2,4.5e-07,1.0e+00,5.3e-02,2.9e-01,1.0e-03,2.9e-02,global-SQGR%TE,CASSQGRdTEAFF,CASSQGRDTEAFF,TRBV4-1,TRBJ1-1,CLPDSCNYGGSQGNLIF,Donor AJD3280:PB TCRab CD8ab Naive/TCM,1.000000,-,-,-,-,-,-,-,-,-,-,-

283,S%VAYE,3.0e-03,2,2,1.6e-06,1.0e+00,5.4e-02,1.0e+00,1.0e-03,2.9e-02,global-S%VAYE,CASSPvaYEQYF,CASSPVAYEQYF,TRBV7-9,TRBJ2-7,CALLGGSNYKLTF,Donor AJKQ118:PB TCRab CD8ab Naive/TCM,1.000000,-,-,-,-,-,-,-,-,-,-,-
283,S%VAYE,3.0e-03,2,2,1.6e-06,1.0e+00,5.4e-02,1.0e+00,1.0e-03,2.9e-02,global-S%VAYE,CASSLvaYEQYF,CASSLVAYEQYF,TRBV11-2,TRBJ2-7,CLLLSSNTGKLIF,Donor AJD3280:IEL TCRab CD8ab TRM,1.000000,-,-,-,-,-,-,-,-,-,-,-

284,SLTG%SYNE,3.0e-03,2,2,1.5e-06,1.0e+00,5.1e-02,1.0e+00,1.0e-03,2.9e-02,global-SLTG%SYNE,CASSLTGsSYNEQFF,CASSLTGSSYNEQFF,TRBV28,TRBJ2-1,CAMREAYSGGGADGLTF,Donor AJG2309:PB TCRab CD8ab Naive/TCM,1.000000,-,-,-,-,-,-,-,-,-,-,-
284,SLTG%SYNE,3.0e-03,2,2,1.5e-06,1.0e+00,5.1e-02,1.0e+00,1.0e-03,2.9e-02,global-SLTG%SYNE,CASSLTGGSYNEQFF,CASSLTGGSYNEQFF,TRBV7-8,TRBJ2-1,CAVRDSNQAGTALIF,Donor AJD3280:IEL TCRab CD8ab TRM,1.000000,-,-,-,-,-,-,-,-,-,-,-

285,SLE%GYE,3.0e-03,2,2,1.6e-06,1.0e+00,5.5e-02,1.0e+00,1.0e-03,2.9e-02,global-SLE%GYE,CASSLeegYEQYF,CASSLEEGYEQYF,TRBV7-8,TRBJ2-7,CAVGAWENSGGSNYKLTF,Donor AJD3280:PB TCRab CD8ab TEM,1.000000,-,-,-,-,-,-,-,-,-,-,-
285,SLE%GYE,3.0e-03,2,2,1.6e-06,1.0e+00,5.5e-02,1.0e+00,1.0e-03,2.9e-02,global-SLE%GYE,CASSLeGGYEQYF,CASSLEGGYEQYF,TRBV7-9,TRBJ2-7,CVVNGNAGNMLTF,Donor AJG2309:LP TCRab CD8ab TRM,1.000000,-,-,-,-,-,-,-,-,-,-,-

286,S%GSNTE,3.0e-03,2,2,1.9e-08,1.0e+00,1.1e-02,5.8e-02,1.0e-03,2.9e-02,global-S%GSNTE,CASSTGsNTEAFF,CASSTGSNTEAFF,TRBV28,TRBJ1-1,CLVGVGRLMF,Donor AJG2309:LP TCRab CD8ab TEM,6.000000,-,-,-,-,-,-,-,-,-,-,-
286,S%GSNTE,3.0e-03,2,2,1.9e-08,1.0e+00,1.1e-02,5.8e-02,1.0e-03,2.9e-02,global-S%GSNTE,CASSTGsNTEAFF,CASSTGSNTEAFF,TRBV28,TRBJ1-1,CLVGVGRLMF,Donor AJG2309:LP TCRab CD8ab TRM,3.000000,-,-,-,-,-,-,-,-,-,-,-
286,S%GSNTE,3.0e-03,2,2,1.9e-08,1.0e+00,1.1e-02,5.8e-02,1.0e-03,2.9e-02,global-S%GSNTE,CASSLgsNTEAFF,CASSLGSNTEAFF,TRBV11-3,TRBJ1-1,CAMREGANTGGFKTIF,Donor AJD3280:IEL TCRab CD8ab TRM,1.000000,-,-,-,-,-,-,-,-,-,-,-

287,SLG%PYE,3.0e-03,2,2,1.5e-06,1.0e+00,5.2e-02,1.0e+00,1.0e-03,2.9e-02,global-SLG%PYE,CASSLgapYEQYF,CASSLGAPYEQYF,TRBV5-5,TRBJ2-7,CAASSVNRLRQKVTF,Donor AJKQ118:L TCRab CD8ab TRM,1.000000,-,-,-,-,-,-,-,-,-,-,-
287,SLG%PYE,3.0e-03,2,2,1.5e-06,1.0e+00,5.2e-02,1.0e+00,1.0e-03,2.9e-02,global-SLG%PYE,CASSLGGpYEQYF,CASSLGGPYEQYF,TRBV7-2,TRBJ2-7,CASSSNTGKLIF,Donor AJD3280:IEL TCRab CD8ab TRM,1.000000,-,-,-,-,-,-,-,-,-,-,-

288,SDT%E,3.0e-03,2,2,1.8e-06,1.0e+00,6.1e-02,1.0e+00,1.0e-03,2.9e-02,global-SDT%E,CAISdtYEQYF,CAISDTYEQYF,TRBV10-3,TRBJ2-7,CAVNAGTYKYIF,Donor AJD3280:PB TCRab CD8ab Naive/TCM,1.000000,-,-,-,-,-,-,-,-,-,-,-
288,SDT%E,3.0e-03,2,2,1.8e-06,1.0e+00,6.1e-02,1.0e+00,1.0e-03,2.9e-02,global-SDT%E,CAasdTGELFF,CAASDTGELFF,TRBV10-2,TRBJ2-2,CATEGQDTDKLIF,Donor AJG2309:PB TCRab CD8ab TEM,1.000000,-,-,-,-,-,-,-,-,-,-,-

289,SPGQ%YG,3.0e-03,2,2,1.4e-06,1.0e+00,4.9e-02,1.0e+00,1.0e-03,2.9e-02,global-SPGQ%YG,CASSPGQdYGYTF,CASSPGQDYGYTF,TRBV11-2,TRBJ1-2,CAAFQGAQKLVF,Donor AJKQ118:L TCRab CD8ab TRM,1.000000,-,-,-,-,-,-,-,-,-,-,-
289,SPGQ%YG,3.0e-03,2,2,1.4e-06,1.0e+00,4.9e-02,1.0e+00,1.0e-03,2.9e-02,global-SPGQ%YG,CASSPGQsYGYTF,CASSPGQSYGYTF,TRBV5-4,TRBJ1-2,CARGSGGYNKLIF,Donor AJD3280:L TCRab CD8ab Teff,1.000000,-,-,-,-,-,-,-,-,-,-,-

290,SLV%GYG,3.0e-03,1,2,1.2e-06,1.0e+00,4.2e-02,1.0e+00,1.0e-03,2.9e-02,global-SLV%GYG,CASSLvegYGYTF,CASSLVEGYGYTF,TRBV7-8,TRBJ1-2,CAADLLSGGYNKLIF,Donor AJD3280:IEL TCRab CD8ab TRM,1.000000,-,-,-,-,-,-,-,-,-,-,-
290,SLV%GYG,3.0e-03,1,2,1.2e-06,1.0e+00,4.2e-02,1.0e+00,1.0e-03,2.9e-02,global-SLV%GYG,CASSLvGGYGYTF,CASSLVGGYGYTF,TRBV13,TRBJ1-2,CAFMKRDFGNEKLTF,Donor AJD3280:IEL TCRab CD8ab TRM,1.000000,-,-,-,-,-,-,-,-,-,-,-

291,TSRL,3.3e-03,2,2,3.8e-05,1.0e+00,6.0e-02,1.4e-01,1.6e-01,2.9e-02,motif-TSRL,CASSPqtsrLAGTDTQYF,CASSPQTSRLAGTDTQYF,TRBV5-1,TRBJ2-3,CAVGPDGQKLLF,Donor AJD3280:L TCRab CD8ab Teff,3.000000,-,-,-,-,-,-,-,-,-,-,-
291,TSRL,3.3e-03,2,2,3.8e-05,1.0e+00,6.0e-02,1.4e-01,1.6e-01,2.9e-02,motif-TSRL,CATSDtGTSrldEQFF,CATSDTGTSRLDEQFF,TRBV24-1,TRBJ2-1,CAVGDLIQGAQKLVF,Donor AJG2309:IEL TCRab CD8ab TRM,1.000000,-,-,-,-,-,-,-,-,-,-,-

292,VDST,3.3e-03,1,2,2.0e-04,1.0e+00,4.8e-02,1.0e+00,1.4e-01,2.9e-02,motif-VDST,CASSVdstGTSedGYTF,CASSVDSTGTSEDGYTF,TRBV9,TRBJ1-2,CAVRDIGGGGFKTIF,Donor AJD3280:IEL TCRab CD8ab TRM,1.000000,-,-,-,-,-,-,-,-,-,-,-
292,VDST,3.3e-03,1,2,2.0e-04,1.0e+00,4.8e-02,1.0e+00,1.4e-01,2.9e-02,motif-VDST,CASrvdstNYGYTF,CASRVDSTNYGYTF,TRBV2,TRBJ1-2,CLVGLGDGQKLLF,Donor AJD3280:L TCRab CD8ab Naive/TCM,1.000000,-,-,-,-,-,-,-,-,-,-,-

293,S%NSYE,3.6e-03,2,3,1.0e-06,1.0e+00,1.6e-01,1.0e+00,1.0e-03,6.2e-03,global-S%NSYE,CASSLnSYEQYF,CASSLNSYEQYF,TRBV5-1,TRBJ2-7,CAVVKGEYGNKLVF,Donor AJD3280:PB TCRab CD8ab Teff,1.000000,-,-,-,-,-,-,-,-,-,-,-
293,S%NSYE,3.6e-03,2,3,1.0e-06,1.0e+00,1.6e-01,1.0e+00,1.0e-03,6.2e-03,global-S%NSYE,CASSfnSYEQYF,CASSFNSYEQYF,TRBV6-5,TRBJ2-7,CAVSPAEAAGNKLTF,Donor AJKQ118:PB TCRab CD8ab Naive/TCM,1.000000,-,-,-,-,-,-,-,-,-,-,-
293,S%NSYE,3.6e-03,2,3,1.0e-06,1.0e+00,1.6e-01,1.0e+00,1.0e-03,6.2e-03,global-S%NSYE,CASSSnSYEQYF,CASSSNSYEQYF,TRBV19,TRBJ2-7,CAGRDSGGSNYKLTF,Donor AJD3280:L TCRab CD8ab TRM,1.000000,-,-,-,-,-,-,-,-,-,-,-

294,S%GTGTYE,4.4e-03,1,3,5.4e-07,1.0e+00,8.8e-02,1.0e+00,1.0e-03,6.2e-03,global-S%GTGTYE,CASSPGTGtYEQYF,CASSPGTGTYEQYF,TRBV19,TRBJ2-7,CAMSSNNAGNMLTF,Donor AJD3280:PB TCRab CD8ab Naive/TCM,1.000000,-,-,-,-,-,-,-,-,-,-,-
294,S%GTGTYE,4.4e-03,1,3,5.4e-07,1.0e+00,8.8e-02,1.0e+00,1.0e-03,6.2e-03,global-S%GTGTYE,CASSQGTGtYEQYF,CASSQGTGTYEQYF,TRBV3-1,TRBJ2-7,CASATGGYQKVTF,Donor AJD3280:L TCRab CD8ab TRM,1.000000,-,-,-,-,-,-,-,-,-,-,-
294,S%GTGTYE,4.4e-03,1,3,5.4e-07,1.0e+00,8.8e-02,1.0e+00,1.0e-03,6.2e-03,global-S%GTGTYE,CASSwGTGtYEQYF,CASSWGTGTYEQYF,TRBV19,TRBJ2-7,CALSPTQGGSEKLVF,Donor AJD3280:L TCRab CD8ab Naive/TCM,1.000000,-,-,-,-,-,-,-,-,-,-,-

295,SVGEG%E,5.0e-03,1,2,1.5e-06,1.0e+00,5.0e-02,1.0e+00,1.0e-03,2.9e-02,global-SVGEG%E,CASSVgeGQEAFF,CASSVGEGQEAFF,TRBV9,TRBJ1-1,CAVRDDGGKLIF,Donor AJD3280:PB TCRab CD8ab Naive/TCM,1.000000,-,-,-,-,-,-,-,-,-,-,-
295,SVGEG%E,5.0e-03,1,2,1.5e-06,1.0e+00,5.0e-02,1.0e+00,1.0e-03,2.9e-02,global-SVGEG%E,CASSVgegTEAFF,CASSVGEGTEAFF,TRBV10-2,TRBJ1-1,CGWNSGYSTLTF,Donor AJD3280:IEL TCRab CD8ab TRM,1.000000,-,-,-,-,-,-,-,-,-,-,-

296,RP%DTE,5.0e-03,1,2,8.4e-09,1.0e+00,1.0e-03,2.9e-01,1.0e-03,2.9e-02,global-RP%DTE,CSARpgdTEAFF,CSARPGDTEAFF,TRBV20-1,TRBJ1-1,CAMREVFKAAGNKLTF,Donor AJKQ118:L TCRab CD8ab TRM,2.000000,-,-,-,-,-,-,-,-,-,-,-
296,RP%DTE,5.0e-03,1,2,8.4e-09,1.0e+00,1.0e-03,2.9e-01,1.0e-03,2.9e-02,global-RP%DTE,CSARprdTEAFF,CSARPRDTEAFF,TRBV20-1,TRBJ1-1,CIVRVAGYTGTASKLTF,Donor AJKQ118:IEL TCRab CD8ab TRM,1.000000,-,-,-,-,-,-,-,-,-,-,-

297,SD%GGTDT,5.0e-03,2,2,1.6e-06,1.0e+00,5.4e-02,1.0e+00,1.0e-03,2.9e-02,global-SD%GGTDT,CASSDSGGTDTQYF,CASSDSGGTDTQYF,TRBV2,TRBJ2-3,CAMRESNAGNMLTF,Donor AJG2309:IEL TCRab CD8ab TRM,1.000000,-,-,-,-,-,-,-,-,-,-,-
297,SD%GGTDT,5.0e-03,2,2,1.6e-06,1.0e+00,5.4e-02,1.0e+00,1.0e-03,2.9e-02,global-SD%GGTDT,CASSDGGgTDTQYF,CASSDGGGTDTQYF,TRBV6-4,TRBJ2-3,CAVMDSNYQLIW,Donor AJD3280:L TCRab CD8ab MAIT,1.000000,-,-,-,-,-,-,-,-,-,-,-

298,S%RGIYE,5.0e-03,1,2,5.8e-08,1.0e+00,2.0e-03,1.0e+00,1.0e-03,2.9e-02,global-S%RGIYE,CASSPRGiYEQYF,CASSPRGIYEQYF,TRBV7-9,TRBJ2-7,CAVRSPMDSNYQLIW,Donor AJD3280:PB TCRab CD8ab Naive/TCM,1.000000,-,-,-,-,-,-,-,-,-,-,-
298,S%RGIYE,5.0e-03,1,2,5.8e-08,1.0e+00,2.0e-03,1.0e+00,1.0e-03,2.9e-02,global-S%RGIYE,CASSLRGiYEQYF,CASSLRGIYEQYF,TRBV13,TRBJ2-7,CALARNAGNMLTF,Donor AJD3280:IEL TCRab CD8ab TRM,1.000000,-,-,-,-,-,-,-,-,-,-,-
298,S%RGIYE,5.0e-03,1,2,5.8e-08,1.0e+00,2.0e-03,1.0e+00,1.0e-03,2.9e-02,global-S%RGIYE,CASSLRGiYEQYF,CASSLRGIYEQYF,TRBV13,TRBJ2-7,CAVSFNAGGTSYGKLTF,Donor AJD3280:LP TCRab CD8ab TRM,1.000000,-,-,-,-,-,-,-,-,-,-,-

299,SYGG%GE,5.0e-03,2,2,2.0e-06,1.0e+00,7.0e-02,1.0e+00,1.0e-03,2.9e-02,global-SYGG%GE,CASSYGGTGELFF,CASSYGGTGELFF,TRBV9,TRBJ2-2,CIPGGKLIF,Donor AJG2309:IEL TCRab CD8ab TRM,1.000000,-,-,-,-,-,-,-,-,-,-,-
299,SYGG%GE,5.0e-03,2,2,2.0e-06,1.0e+00,7.0e-02,1.0e+00,1.0e-03,2.9e-02,global-SYGG%GE,CASSYGGaGELFF,CASSYGGAGELFF,TRBV7-6,TRBJ2-2,CAGDSYNQGGKLIF,Donor AJKQ118:PB TCRab CD8ab Naive/TCM,1.000000,-,-,-,-,-,-,-,-,-,-,-

300,S%GT,5.0e-03,2,2,1.4e-06,1.0e+00,4.7e-02,1.0e+00,1.0e-03,2.9e-02,global-S%GT,CSVsSGTQYF,CSVSSGTQYF,TRBV29-1,TRBJ2-5,CAGWSGNTPLVF,Donor AJD3280:IEL TCRab CD8ab TRM,1.000000,-,-,-,-,-,-,-,-,-,-,-
300,S%GT,5.0e-03,2,2,1.4e-06,1.0e+00,4.7e-02,1.0e+00,1.0e-03,2.9e-02,global-S%GT,CASSEgTQYF,CASSEGTQYF,TRBV2,TRBJ2-5,CVVKGWATDSWGKLQF,Donor AJKQ118:PB TCRab CD8ab Naive/TCM,1.000000,-,-,-,-,-,-,-,-,-,-,-

301,SLL%SE,5.0e-03,2,2,2.9e-08,1.0e+00,1.6e-02,6.3e-02,1.0e-03,2.9e-02,global-SLL%SE,CASSLldsEQFF,CASSLLDSEQFF,TRBV5-1,TRBJ2-1,CAENRGGADGLTF,Donor AJKQ118:IEL TCRab CD8ab TRM,1.000000,-,-,-,-,-,-,-,-,-,-,-
301,SLL%SE,5.0e-03,2,2,2.9e-08,1.0e+00,1.6e-02,6.3e-02,1.0e-03,2.9e-02,global-SLL%SE,CASSLldsEQFF,CASSLLDSEQFF,TRBV5-1,TRBJ2-1,CAENRGGADGLTF,Donor AJKQ118:L TCRab CD8ab TRM,9.000000,-,-,-,-,-,-,-,-,-,-,-
301,SLL%SE,5.0e-03,2,2,2.9e-08,1.0e+00,1.6e-02,6.3e-02,1.0e-03,2.9e-02,global-SLL%SE,CASSLldsEQFF,CASSLLDSEQFF,TRBV5-1,TRBJ2-1,CAENRGGADGLTF,Donor AJKQ118:L TCRab CD8ab Teff,1.000000,-,-,-,-,-,-,-,-,-,-,-
301,SLL%SE,5.0e-03,2,2,2.9e-08,1.0e+00,1.6e-02,6.3e-02,1.0e-03,2.9e-02,global-SLL%SE,CASSLlgsEAFF,CASSLLGSEAFF,TRBV7-8,TRBJ1-1,CAVSPLRGYQKVTF,Donor AJD3280:L TCRab CD8ab Naive/TCM,1.000000,-,-,-,-,-,-,-,-,-,-,-

302,SF%GGSYE,5.0e-03,2,2,1.3e-06,1.0e+00,4.3e-02,1.0e+00,1.0e-03,2.9e-02,global-SF%GGSYE,CASSfvGGSYEQYF,CASSFVGGSYEQYF,TRBV28,TRBJ2-7,CAASGGGADGLTF,Donor AJG2309:IEL TCRab CD8ab TRM,1.000000,-,-,-,-,-,-,-,-,-,-,-
302,SF%GGSYE,5.0e-03,2,2,1.3e-06,1.0e+00,4.3e-02,1.0e+00,1.0e-03,2.9e-02,global-SF%GGSYE,CASSfAGGSYEQYF,CASSFAGGSYEQYF,TRBV5-5,TRBJ2-7,CAVPLHNNAGNMLTF,Donor AJD3280:IEL TCRab CD8ab TRM,1.000000,-,-,-,-,-,-,-,-,-,-,-

303,S%QGYG,5.0e-03,2,2,1.5e-06,1.0e+00,5.1e-02,1.0e+00,1.0e-03,2.9e-02,global-S%QGYG,CASSPQGYGYTF,CASSPQGYGYTF,TRBV27,TRBJ1-2,CALNTGGFKTIF,Donor AJG2309:LP TCRab CD8ab TEM,1.000000,-,-,-,-,-,-,-,-,-,-,-
303,S%QGYG,5.0e-03,2,2,1.5e-06,1.0e+00,5.1e-02,1.0e+00,1.0e-03,2.9e-02,global-S%QGYG,CASSDQGYGYTF,CASSDQGYGYTF,TRBV9,TRBJ1-2,CILLTGTASKLTF,Donor AJD3280:IEL TCRab CD8ab TRM,1.000000,-,-,-,-,-,-,-,-,-,-,-

304,S%GQNYG,5.0e-03,2,2,2.6e-06,1.0e+00,9.1e-02,1.0e+00,1.0e-03,2.9e-02,global-S%GQNYG,CASSLGQNYGYTF,CASSLGQNYGYTF,TRBV5-6,TRBJ1-2,CAGGGRGTGNQFYF,Donor AJG2309:PB TCRab CD8ab TEM,1.000000,-,-,-,-,-,-,-,-,-,-,-
304,S%GQNYG,5.0e-03,2,2,2.6e-06,1.0e+00,9.1e-02,1.0e+00,1.0e-03,2.9e-02,global-S%GQNYG,CASSVGQNYGYTF,CASSVGQNYGYTF,TRBV9,TRBJ1-2,CAMRGEGANNLFF,Donor AJD3280:PB TCRab CD8ab Naive/TCM,1.000000,-,-,-,-,-,-,-,-,-,-,-
304,S%GQNYG,5.0e-03,2,2,2.6e-06,1.0e+00,9.1e-02,1.0e+00,1.0e-03,2.9e-02,global-S%GQNYG,CASSVGQNYGYTF,CASSVGQNYGYTF,TRBV9,TRBJ1-2,CVVSDRNHGGSQGNLIF,Donor AJD3280:PB TCRab CD8ab Teff,1.000000,-,-,-,-,-,-,-,-,-,-,-

305,SLGS%TE,5.0e-03,1,2,2.1e-06,1.0e+00,7.2e-02,1.0e+00,1.0e-03,2.9e-02,global-SLGS%TE,CASSLgshTEAFF,CASSLGSHTEAFF,TRBV28,TRBJ1-1,CVVSPRDTGRRALTF,Donor AJD3280:LP TCRab CD8ab TRM,1.000000,-,-,-,-,-,-,-,-,-,-,-
305,SLGS%TE,5.0e-03,1,2,2.1e-06,1.0e+00,7.2e-02,1.0e+00,1.0e-03,2.9e-02,global-SLGS%TE,CASSLgsNTEAFF,CASSLGSNTEAFF,TRBV11-3,TRBJ1-1,CAMREGANTGGFKTIF,Donor AJD3280:IEL TCRab CD8ab TRM,1.000000,-,-,-,-,-,-,-,-,-,-,-

306,S%TGPNTE,5.0e-03,2,2,1.7e-06,1.0e+00,5.7e-02,1.0e+00,1.0e-03,2.9e-02,global-S%TGPNTE,CASSRTGpNTEAFF,CASSRTGPNTEAFF,TRBV4-1,TRBJ1-1,CAVDMDTNAGKSTF,Donor AJD3280:IEL TCRab CD8ab TRM,1.000000,-,-,-,-,-,-,-,-,-,-,-
306,S%TGPNTE,5.0e-03,2,2,1.7e-06,1.0e+00,5.7e-02,1.0e+00,1.0e-03,2.9e-02,global-S%TGPNTE,CASSSTGpNTEAFF,CASSSTGPNTEAFF,TRBV12-4,TRBJ1-1,CAASARTSYDKVIF,Donor AJKQ118:IEL TCRab CD8ab TRM,1.000000,-,-,-,-,-,-,-,-,-,-,-

307,SFG%NTE,5.0e-03,2,2,1.8e-06,1.0e+00,6.1e-02,1.0e+00,1.0e-03,2.9e-02,global-SFG%NTE,CASSfgeNTEAFF,CASSFGENTEAFF,TRBV7-9,TRBJ1-1,CAAKVKSGSRLTF,Donor AJD3280:L TCRab CD8ab Teff,1.000000,-,-,-,-,-,-,-,-,-,-,-
307,SFG%NTE,5.0e-03,2,2,1.8e-06,1.0e+00,6.1e-02,1.0e+00,1.0e-03,2.9e-02,global-SFG%NTE,CASSfGRNTEAFF,CASSFGRNTEAFF,TRBV11-3,TRBJ1-1,CAGTIMDSNYQLIW,Donor AJKQ118:IEL TCRab CD8ab TRM,1.000000,-,-,-,-,-,-,-,-,-,-,-

308,SYS%GTE,5.0e-03,2,2,1.8e-06,1.0e+00,6.2e-02,1.0e+00,1.0e-03,2.9e-02,global-SYS%GTE,CASSYsigTEAFF,CASSYSIGTEAFF,TRBV6-6,TRBJ1-1,CAVQADNAGNMLTF,Donor AJG2309:PB TCRab CD8ab Naive/TCM,1.000000,-,-,-,-,-,-,-,-,-,-,-
308,SYS%GTE,5.0e-03,2,2,1.8e-06,1.0e+00,6.2e-02,1.0e+00,1.0e-03,2.9e-02,global-SYS%GTE,CASSYsRGTEAFF,CASSYSRGTEAFF,TRBV6-5,TRBJ1-1,CASNFNKFYF,Donor AJD3280:IEL TCRab CD8ab TRM,1.000000,-,-,-,-,-,-,-,-,-,-,-

309,%GEET,5.0e-03,2,2,1.4e-06,1.0e+00,4.9e-02,1.0e+00,1.0e-03,2.9e-02,global-%GEET,CSAGgeETQYF,CSAGGEETQYF,TRBV29-1,TRBJ2-5,CATGRAGSYIPTF,Donor AJKQ118:IEL TCRab CD8ab TRM,1.000000,-,-,-,-,-,-,-,-,-,-,-
309,%GEET,5.0e-03,2,2,1.4e-06,1.0e+00,4.9e-02,1.0e+00,1.0e-03,2.9e-02,global-%GEET,CASmgeETQYF,CASMGEETQYF,TRBV7-9,TRBJ2-5,CAVGRTNFGNEKLTF,Donor AJD3280:IEL TCRab CD8ab TRM,1.000000,-,-,-,-,-,-,-,-,-,-,-

310,SLE%TGE,5.0e-03,2,2,1.5e-06,1.0e+00,5.0e-02,1.0e+00,1.0e-03,2.9e-02,global-SLE%TGE,CASSLeyTGELFF,CASSLEYTGELFF,TRBV7-2,TRBJ2-2,CAAPLGDYKLSF,Donor AJG2309:IEL TCRab CD8ab TRM,1.000000,-,-,-,-,-,-,-,-,-,-,-
310,SLE%TGE,5.0e-03,2,2,1.5e-06,1.0e+00,5.0e-02,1.0e+00,1.0e-03,2.9e-02,global-SLE%TGE,CASSLewTGELFF,CASSLEWTGELFF,TRBV5-5,TRBJ2-2,CALGASGGYNKLIF,Donor AJKQ118:IEL TCRab CD8ab TRM,1.000000,-,-,-,-,-,-,-,-,-,-,-

311,S%GTGEYE,5.0e-03,2,2,6.6e-08,1.0e+00,4.0e-03,5.6e-01,1.0e-03,2.9e-02,global-S%GTGEYE,CASSSGTGeYEQYF,CASSSGTGEYEQYF,TRBV7-3,TRBJ2-7,CAASGGGQAGTALIF,Donor AJG2309:L TCRab CD8ab Teff,1.000000,-,-,-,-,-,-,-,-,-,-,-
311,S%GTGEYE,5.0e-03,2,2,6.6e-08,1.0e+00,4.0e-03,5.6e-01,1.0e-03,2.9e-02,global-S%GTGEYE,CASSSGTGeYEQYF,CASSSGTGEYEQYF,TRBV7-3,TRBJ2-7,CAASGGGQAGTALIF,Donor AJG2309:LP TCRab CD8ab TEM,1.000000,-,-,-,-,-,-,-,-,-,-,-
311,S%GTGEYE,5.0e-03,2,2,6.6e-08,1.0e+00,4.0e-03,5.6e-01,1.0e-03,2.9e-02,global-S%GTGEYE,CASSSGTGeYEQYF,CASSSGTGEYEQYF,TRBV7-3,TRBJ2-7,CAASGGGQAGTALIF,Donor AJG2309:LP TCRab CD8ab TRM,1.000000,-,-,-,-,-,-,-,-,-,-,-
311,S%GTGEYE,5.0e-03,2,2,6.6e-08,1.0e+00,4.0e-03,5.6e-01,1.0e-03,2.9e-02,global-S%GTGEYE,CASSSGTGeYEQYF,CASSSGTGEYEQYF,TRBV7-3,TRBJ2-7,CAASGGGQAGTALIF,Donor AJG2309:PB TCRab CD8ab Teff,2.000000,-,-,-,-,-,-,-,-,-,-,-
311,S%GTGEYE,5.0e-03,2,2,6.6e-08,1.0e+00,4.0e-03,5.6e-01,1.0e-03,2.9e-02,global-S%GTGEYE,CASSEGTGeYEQYF,CASSEGTGEYEQYF,TRBV6-1,TRBJ2-7,CAVRGNNARLMF,Donor AJKQ118:PB TCRab CD8ab Naive/TCM,1.000000,-,-,-,-,-,-,-,-,-,-,-

312,SPT%TGE,5.0e-03,1,2,1.7e-06,1.0e+00,5.7e-02,1.0e+00,1.0e-03,2.9e-02,global-SPT%TGE,CASSPTGTGELFF,CASSPTGTGELFF,TRBV7-4,TRBJ2-2,CAVNRRGTGNQFYF,Donor AJD3280:IEL TCRab CD8ab TRM,1.000000,-,-,-,-,-,-,-,-,-,-,-
312,SPT%TGE,5.0e-03,1,2,1.7e-06,1.0e+00,5.7e-02,1.0e+00,1.0e-03,2.9e-02,global-SPT%TGE,CASSPtlTGELFF,CASSPTLTGELFF,TRBV7-9,TRBJ2-2,CAMSQNTGNQFYF,Donor AJD3280:L TCRab CD8ab TRM,1.000000,-,-,-,-,-,-,-,-,-,-,-

313,%GGSYNE,5.0e-03,2,2,2.1e-06,1.0e+00,7.1e-02,1.0e+00,1.0e-03,2.9e-02,global-%GGSYNE,CSGTGGSYNEQFF,CSGTGGSYNEQFF,TRBV20-1,TRBJ2-1,CALRLGGADGLTF,Donor AJG2309:LP TCRab CD8ab TEM,1.000000,-,-,-,-,-,-,-,-,-,-,-
313,%GGSYNE,5.0e-03,2,2,2.1e-06,1.0e+00,7.1e-02,1.0e+00,1.0e-03,2.9e-02,global-%GGSYNE,CSVQGgSYNEQFF,CSVQGGSYNEQFF,TRBV29-1,TRBJ2-1,CAASNNARLMF,Donor AJD3280:L TCRab CD8ab Naive/TCM,1.000000,-,-,-,-,-,-,-,-,-,-,-

314,S%GLAGADT,5.0e-03,1,2,1.4e-06,1.0e+00,4.9e-02,1.0e+00,1.0e-03,2.9e-02,global-S%GLAGADT,CASSLGLAGaDTQYF,CASSLGLAGADTQYF,TRBV6-2,TRBJ2-3,CAPHSGGGADGLTF,Donor AJD3280:L TCRab CD8ab TRM,1.000000,-,-,-,-,-,-,-,-,-,-,-
314,S%GLAGADT,5.0e-03,1,2,1.4e-06,1.0e+00,4.9e-02,1.0e+00,1.0e-03,2.9e-02,global-S%GLAGADT,CASSSGLAGaDTQYF,CASSSGLAGADTQYF,TRBV11-2,TRBJ2-3,CAVNSGGYNKLIF,Donor AJD3280:IEL TCRab CD8ab TRM,1.000000,-,-,-,-,-,-,-,-,-,-,-

315,S%GTAE,5.0e-03,2,2,1.8e-06,1.0e+00,6.1e-02,1.0e+00,1.0e-03,2.9e-02,global-S%GTAE,CASSTGtaEAFF,CASSTGTAEAFF,TRBV5-6,TRBJ1-1,CALTGYNTDKLIF,Donor AJD3280:IEL TCRab CD8ab TRM,1.000000,-,-,-,-,-,-,-,-,-,-,-
315,S%GTAE,5.0e-03,2,2,1.8e-06,1.0e+00,6.1e-02,1.0e+00,1.0e-03,2.9e-02,global-S%GTAE,CASSPGTaEAFF,CASSPGTAEAFF,TRBV7-9,TRBJ1-1,CAENPHARLMF,Donor AJKQ118:PB TCRab CD8ab Naive/TCM,1.000000,-,-,-,-,-,-,-,-,-,-,-

316,SL%SYG,5.0e-03,1,2,1.8e-06,1.0e+00,6.1e-02,1.0e+00,1.0e-03,2.9e-02,global-SL%SYG,CASSLdsYGYTF,CASSLDSYGYTF,TRBV5-1,TRBJ1-2,CLVGAIGGFKTIF,Donor AJD3280:PB TCRab CD8ab Teff,1.000000,-,-,-,-,-,-,-,-,-,-,-
316,SL%SYG,5.0e-03,1,2,1.8e-06,1.0e+00,6.1e-02,1.0e+00,1.0e-03,2.9e-02,global-SL%SYG,CASSLpsYGYTF,CASSLPSYGYTF,TRBV5-6,TRBJ1-2,CAASSYSGGGADGLTF,Donor AJD3280:L TCRab CD8ab Naive/TCM,1.000000,-,-,-,-,-,-,-,-,-,-,-

317,SSRG%SYE,5.0e-03,2,2,4.8e-07,1.0e+00,5.8e-02,2.8e-01,1.0e-03,2.9e-02,global-SSRG%SYE,CASSSRGsSYEQYF,CASSSRGSSYEQYF,TRBV7-2,TRBJ2-7,CALSEESGANNLFF,Donor AJKQ118:L TCRab CD8ab TRM,2.000000,-,-,-,-,-,-,-,-,-,-,-
317,SSRG%SYE,5.0e-03,2,2,4.8e-07,1.0e+00,5.8e-02,2.8e-01,1.0e-03,2.9e-02,global-SSRG%SYE,CASSSRGlSYEQYF,CASSSRGLSYEQYF,TRBV5-6,TRBJ2-7,CVVNKAGNMLTF,Donor AJD3280:PB TCRab CD8ab Naive/TCM,1.000000,-,-,-,-,-,-,-,-,-,-,-

318,S%DSE,5.0e-03,2,2,2.9e-08,1.0e+00,1.0e-03,1.0e+00,1.0e-03,2.9e-02,global-S%DSE,CASSLdsEAFF,CASSLDSEAFF,TRBV7-9,TRBJ1-1,CACTGGYQKVTF,Donor AJG2309:IEL TCRab CD8ab TRM,1.000000,-,-,-,-,-,-,-,-,-,-,-
318,S%DSE,5.0e-03,2,2,2.9e-08,1.0e+00,1.0e-03,1.0e+00,1.0e-03,2.9e-02,global-S%DSE,CASSSdsEAFF,CASSSDSEAFF,TRBV7-9,TRBJ1-1,CAMRESGAGSYQLTF,Donor AJKQ118:PB TCRab CD8ab Naive/TCM,1.000000,-,-,-,-,-,-,-,-,-,-,-

319,SSGT%GTDT,5.0e-03,1,2,2.4e-06,1.0e+00,8.4e-02,1.0e+00,1.0e-03,2.9e-02,global-SSGT%GTDT,CASSSGTSGTDTQYF,CASSSGTSGTDTQYF,TRBV7-3,TRBJ2-3,CAVVPGNQFYF,Donor AJD3280:L TCRab CD8ab TRM,1.000000,-,-,-,-,-,-,-,-,-,-,-
319,SSGT%GTDT,5.0e-03,1,2,2.4e-06,1.0e+00,8.4e-02,1.0e+00,1.0e-03,2.9e-02,global-SSGT%GTDT,CASSSGTSGTDTQYF,CASSSGTSGTDTQYF,TRBV7-3,TRBJ2-3,CAVVPGNQFYF,Donor AJD3280:PB TCRab CD8ab TEM,1.000000,-,-,-,-,-,-,-,-,-,-,-
319,SSGT%GTDT,5.0e-03,1,2,2.4e-06,1.0e+00,8.4e-02,1.0e+00,1.0e-03,2.9e-02,global-SSGT%GTDT,CASSSGTGGTDTQYF,CASSSGTGGTDTQYF,TRBV5-1,TRBJ2-3,CAFGGPDSNYQLIW,Donor AJD3280:PB TCRab CD8ab Naive/TCM,1.000000,-,-,-,-,-,-,-,-,-,-,-

320,SSPGT%SYE,5.0e-03,2,2,5.8e-08,1.0e+00,2.0e-03,1.0e+00,1.0e-03,2.9e-02,global-SSPGT%SYE,CASSSpGTGSYEQYF,CASSSPGTGSYEQYF,TRBV27,TRBJ2-7,CAMIMNTGFQKLVF,Donor AJG2309:IEL TCRab CD8ab TRM,1.000000,-,-,-,-,-,-,-,-,-,-,-
320,SSPGT%SYE,5.0e-03,2,2,5.8e-08,1.0e+00,2.0e-03,1.0e+00,1.0e-03,2.9e-02,global-SSPGT%SYE,CSASspGTlSYEQYF,CSASSPGTLSYEQYF,TRBV20-1,TRBJ2-7,CAAGSLMEYGNKLVF,Donor AJD3280:IEL TCRab CD8ab TRM,1.000000,-,-,-,-,-,-,-,-,-,-,-
320,SSPGT%SYE,5.0e-03,2,2,5.8e-08,1.0e+00,2.0e-03,1.0e+00,1.0e-03,2.9e-02,global-SSPGT%SYE,CSASspGTlSYEQYF,CSASSPGTLSYEQYF,TRBV20-1,TRBJ2-7,CADYSGGGADGLTF,Donor AJD3280:IEL TCRab CD8ab TRM,1.000000,-,-,-,-,-,-,-,-,-,-,-

321,S%LGE,5.4e-03,2,3,1.9e-08,1.0e+00,3.0e-03,1.0e+00,1.0e-03,6.2e-03,global-S%LGE,CASSIlGELFF,CASSILGELFF,TRBV7-9,TRBJ2-2,CAMSVANQAGTALIF,Donor AJG2309:IEL TCRab CD8ab TRM,1.000000,-,-,-,-,-,-,-,-,-,-,-
321,S%LGE,5.4e-03,2,3,1.9e-08,1.0e+00,3.0e-03,1.0e+00,1.0e-03,6.2e-03,global-S%LGE,CASSLlgEQYF,CASSLLGEQYF,TRBV5-4,TRBJ2-7,CAMREGNTGGFKTIF,Donor AJG2309:PB TCRab CD8ab Naive/TCM,1.000000,-,-,-,-,-,-,-,-,-,-,-
321,S%LGE,5.4e-03,2,3,1.9e-08,1.0e+00,3.0e-03,1.0e+00,1.0e-03,6.2e-03,global-S%LGE,CASSLlgEAFF,CASSLLGEAFF,TRBV7-9,TRBJ1-1,CAGEGRGSNYKLTF,Donor AJD3280:IEL TCRab CD8ab TRM,1.000000,-,-,-,-,-,-,-,-,-,-,-

322,TPTD,6.3e-03,1,2,4.6e-06,1.0e+00,1.0e-03,1.0e+00,1.6e-01,2.9e-02,motif-TPTD,CSAtptdqrGYTF,CSATPTDQRGYTF,TRBV20-1,TRBJ1-2,CAVNNNNDMRF,Donor AJD3280:IEL TCRab CD8ab TRM,1.000000,-,-,-,-,-,-,-,-,-,-,-
322,TPTD,6.3e-03,1,2,4.6e-06,1.0e+00,1.0e-03,1.0e+00,1.6e-01,2.9e-02,motif-TPTD,CSAtpTDTQYF,CSATPTDTQYF,TRBV20-1,TRBJ2-3,CIVRVTNSGYALNF,Donor AJD3280:L TCRab CD8ab TRM,1.000000,-,-,-,-,-,-,-,-,-,-,-

323,TPTD,6.3e-03,2,2,2.6e-04,1.0e+00,5.0e-02,1.0e+00,1.8e-01,2.9e-02,motif-TPTD,CASSLystpTDTQYF,CASSLYSTPTDTQYF,TRBV7-3,TRBJ2-3,CAVSSNTGNQFYF,Donor AJG2309:LP TCRab CD8ab TRM,1.000000,-,-,-,-,-,-,-,-,-,-,-
323,TPTD,6.3e-03,2,2,2.6e-04,1.0e+00,5.0e-02,1.0e+00,1.8e-01,2.9e-02,motif-TPTD,CASSPTGGtpTDTQYF,CASSPTGGTPTDTQYF,TRBV11-1,TRBJ2-3,CVVSPPIQKLVF,Donor AJKQ118:IEL TCRab CD8ab TRM,1.000000,-,-,-,-,-,-,-,-,-,-,-

324,S%GAGE,6.4e-03,2,3,3.8e-07,1.0e+00,1.6e-01,3.9e-01,1.0e-03,6.2e-03,global-S%GAGE,CASSIgaGELFF,CASSIGAGELFF,TRBV19,TRBJ2-2,CALSEWEAGTALIF,Donor AJG2309:IEL TCRab CD8ab TRM,2.000000,-,-,-,-,-,-,-,-,-,-,-
324,S%GAGE,6.4e-03,2,3,3.8e-07,1.0e+00,1.6e-01,3.9e-01,1.0e-03,6.2e-03,global-S%GAGE,CASSYgAGEQYF,CASSYGAGEQYF,TRBV6-6,TRBJ2-7,CAVRHEVSDGQKLLF,Donor AJG2309:IEL TCRab CD8ab TRM,1.000000,-,-,-,-,-,-,-,-,-,-,-
324,S%GAGE,6.4e-03,2,3,3.8e-07,1.0e+00,1.6e-01,3.9e-01,1.0e-03,6.2e-03,global-S%GAGE,CASSLgAGEQYF,CASSLGAGEQYF,TRBV5-1,TRBJ2-7,CALASGTYKYIF,Donor AJD3280:IEL TCRab CD8ab TRM,1.000000,-,-,-,-,-,-,-,-,-,-,-

325,SL%SYE,7.3e-03,2,4,1.9e-07,1.0e+00,2.7e-01,3.0e-01,1.0e-03,2.3e-03,global-SL%SYE,CASSLdSYEQYF,CASSLDSYEQYF,TRBV7-2,TRBJ2-7,CAASGGNTDKLIF,Donor AJG2309:IEL TCRab CD8ab TRM,1.000000,-,-,-,-,-,-,-,-,-,-,-
325,SL%SYE,7.3e-03,2,4,1.9e-07,1.0e+00,2.7e-01,3.0e-01,1.0e-03,2.3e-03,global-SL%SYE,CASSLnSYEQYF,CASSLNSYEQYF,TRBV5-1,TRBJ2-7,CAVVKGEYGNKLVF,Donor AJD3280:PB TCRab CD8ab Teff,1.000000,-,-,-,-,-,-,-,-,-,-,-
325,SL%SYE,7.3e-03,2,4,1.9e-07,1.0e+00,2.7e-01,3.0e-01,1.0e-03,2.3e-03,global-SL%SYE,CASSLgSYEQYF,CASSLGSYEQYF,TRBV7-9,TRBJ2-7,CVVPASENTDKLIF,Donor AJD3280:L TCRab CD8ab TRM,1.000000,-,-,-,-,-,-,-,-,-,-,-
325,SL%SYE,7.3e-03,2,4,1.9e-07,1.0e+00,2.7e-01,3.0e-01,1.0e-03,2.3e-03,global-SL%SYE,CASSLlSYEQYF,CASSLLSYEQYF,TRBV12-4,TRBJ2-7,CAGEGNYGQNFVF,Donor AJD3280:IEL TCRab CD8ab TRM,3.000000,-,-,-,-,-,-,-,-,-,-,-

326,S%SGGTDT,7.4e-03,2,2,2.0e-09,1.0e+00,3.0e-03,2.3e-02,1.0e-03,2.9e-02,global-S%SGGTDT,CASSTSGGTDTQYF,CASSTSGGTDTQYF,TRBV6-4,TRBJ2-3,CAVMDSNYQLIW,Donor AJD3280:L TCRab CD8ab MAIT,3.000000,-,-,-,-,-,-,-,-,-,-,-
326,S%SGGTDT,7.4e-03,2,2,2.0e-09,1.0e+00,3.0e-03,2.3e-02,1.0e-03,2.9e-02,global-S%SGGTDT,CASSTSGGTDTQYF,CASSTSGGTDTQYF,TRBV6-4,TRBJ2-3,CAVMDSNYQLIW,Donor AJD3280:L TCRab CD8ab TRM,6.000000,-,-,-,-,-,-,-,-,-,-,-
326,S%SGGTDT,7.4e-03,2,2,2.0e-09,1.0e+00,3.0e-03,2.3e-02,1.0e-03,2.9e-02,global-S%SGGTDT,CASSTSGGTDTQYF,CASSTSGGTDTQYF,TRBV6-4,TRBJ2-3,CVVIYNYGQNFVF,Donor AJD3280:L TCRab CD8ab TRM,12.000000,-,-,-,-,-,-,-,-,-,-,-
326,S%SGGTDT,7.4e-03,2,2,2.0e-09,1.0e+00,3.0e-03,2.3e-02,1.0e-03,2.9e-02,global-S%SGGTDT,CASSTSGGTDTQYF,CASSTSGGTDTQYF,TRBV6-4,TRBJ2-3,CAVMDSNYQLIW,Donor AJD3280:PB TCRab CD8ab Teff,1.000000,-,-,-,-,-,-,-,-,-,-,-
326,S%SGGTDT,7.4e-03,2,2,2.0e-09,1.0e+00,3.0e-03,2.3e-02,1.0e-03,2.9e-02,global-S%SGGTDT,CASSDSGGTDTQYF,CASSDSGGTDTQYF,TRBV2,TRBJ2-3,CAMRESNAGNMLTF,Donor AJG2309:IEL TCRab CD8ab TRM,1.000000,-,-,-,-,-,-,-,-,-,-,-

327,SG%GDE,7.4e-03,1,2,1.8e-06,1.0e+00,6.1e-02,1.0e+00,1.0e-03,2.9e-02,global-SG%GDE,CASSgRGdEQFF,CASSGRGDEQFF,TRBV7-9,TRBJ2-1,CAVRDDKIIF,Donor AJD3280:IEL TCRab CD8ab TRM,1.000000,-,-,-,-,-,-,-,-,-,-,-
327,SG%GDE,7.4e-03,1,2,1.8e-06,1.0e+00,6.1e-02,1.0e+00,1.0e-03,2.9e-02,global-SG%GDE,CSASGGgdEQFF,CSASGGGDEQFF,TRBV20-1,TRBJ2-1,CAERIGGFKTIF,Donor AJD3280:IEL TCRab CD8ab TRM,1.000000,-,-,-,-,-,-,-,-,-,-,-

328,RDGY%,7.4e-03,1,2,2.4e-06,1.0e+00,8.1e-02,1.0e+00,1.0e-03,2.9e-02,global-RDGY%,CSARdgYEQYF,CSARDGYEQYF,TRBV20-1,TRBJ2-7,CAVRALNDMRF,Donor AJD3280:L TCRab CD8ab Naive/TCM,1.000000,-,-,-,-,-,-,-,-,-,-,-
328,RDGY%,7.4e-03,1,2,2.4e-06,1.0e+00,8.1e-02,1.0e+00,1.0e-03,2.9e-02,global-RDGY%,CASrdgYGYTF,CASRDGYGYTF,TRBV6-1,TRBJ1-2,CAVFGRPGTYKYIF,Donor AJD3280:LP TCRab CD8ab TEM,1.000000,-,-,-,-,-,-,-,-,-,-,-

329,S%GVNTGE,7.4e-03,2,2,9.6e-08,1.0e+00,5.8e-02,5.7e-02,1.0e-03,2.9e-02,global-S%GVNTGE,CASSQgvNTGELFF,CASSQGVNTGELFF,TRBV3-1,TRBJ2-2,CAASANDMRF,Donor AJG2309:IEL TCRab CD8ab TRM,5.000000,-,-,-,-,-,-,-,-,-,-,-
329,S%GVNTGE,7.4e-03,2,2,9.6e-08,1.0e+00,5.8e-02,5.7e-02,1.0e-03,2.9e-02,global-S%GVNTGE,CASSLgvNTGELFF,CASSLGVNTGELFF,TRBV13,TRBJ2-2,CAVWGVSYNTDKLIF,Donor AJKQ118:IEL TCRab CD8ab TRM,1.000000,-,-,-,-,-,-,-,-,-,-,-

330,GTG%NQP,7.4e-03,2,2,4.7e-07,1.0e+00,5.7e-02,2.8e-01,1.0e-03,2.9e-02,global-GTG%NQP,CAWGTGGNQPQHF,CAWGTGGNQPQHF,TRBV30,TRBJ1-5,CAEAPFGNEKLTF,Donor AJKQ118:IEL TCRab CD8ab TRM,1.000000,-,-,-,-,-,-,-,-,-,-,-
330,GTG%NQP,7.4e-03,2,2,4.7e-07,1.0e+00,5.7e-02,2.8e-01,1.0e-03,2.9e-02,global-GTG%NQP,CASGTGkNQPQHF,CASGTGKNQPQHF,TRBV7-2,TRBJ1-5,CAVLWGDSWGKLQF,Donor AJD3280:L TCRab CD8ab TRM,2.000000,-,-,-,-,-,-,-,-,-,-,-

331,STG%NTE,7.4e-03,2,2,1.0e-08,1.0e+00,6.0e-03,5.7e-02,1.0e-03,2.9e-02,global-STG%NTE,CASSTGpNTEAFF,CASSTGPNTEAFF,TRBV7-7,TRBJ1-1,CAMREGRDDKIIF,Donor AJD3280:IEL TCRab CD8ab TRM,1.000000,-,-,-,-,-,-,-,-,-,-,-
331,STG%NTE,7.4e-03,2,2,1.0e-08,1.0e+00,6.0e-03,5.7e-02,1.0e-03,2.9e-02,global-STG%NTE,CASSTGsNTEAFF,CASSTGSNTEAFF,TRBV28,TRBJ1-1,CLVGVGRLMF,Donor AJG2309:LP TCRab CD8ab TEM,6.000000,-,-,-,-,-,-,-,-,-,-,-
331,STG%NTE,7.4e-03,2,2,1.0e-08,1.0e+00,6.0e-03,5.7e-02,1.0e-03,2.9e-02,global-STG%NTE,CASSTGsNTEAFF,CASSTGSNTEAFF,TRBV28,TRBJ1-1,CLVGVGRLMF,Donor AJG2309:LP TCRab CD8ab TRM,3.000000,-,-,-,-,-,-,-,-,-,-,-

332,SLGVN%E,7.4e-03,2,2,2.2e-09,1.0e+00,1.0e-03,7.4e-02,1.0e-03,2.9e-02,global-SLGVN%E,CASSLgvnNEQFF,CASSLGVNNEQFF,TRBV27,TRBJ2-1,CAASGTDRGSTLGRLYF,Donor AJG2309:L TCRab CD8ab TRM,2.000000,-,-,-,-,-,-,-,-,-,-,-
332,SLGVN%E,7.4e-03,2,2,2.2e-09,1.0e+00,1.0e-03,7.4e-02,1.0e-03,2.9e-02,global-SLGVN%E,CASSLgvnNEQFF,CASSLGVNNEQFF,TRBV27,TRBJ2-1,CAASGTDRGSTLGRLYF,Donor AJG2309:L TCRab CD8ab Teff,4.000000,-,-,-,-,-,-,-,-,-,-,-
332,SLGVN%E,7.4e-03,2,2,2.2e-09,1.0e+00,1.0e-03,7.4e-02,1.0e-03,2.9e-02,global-SLGVN%E,CASSLgvnNEQFF,CASSLGVNNEQFF,TRBV27,TRBJ2-1,CAASGTDRGSTLGRLYF,Donor AJG2309:LP TCRab CD8ab TEM,1.000000,-,-,-,-,-,-,-,-,-,-,-
332,SLGVN%E,7.4e-03,2,2,2.2e-09,1.0e+00,1.0e-03,7.4e-02,1.0e-03,2.9e-02,global-SLGVN%E,CASSLgvnNEQFF,CASSLGVNNEQFF,TRBV27,TRBJ2-1,CAPLLTGAAGNKLTF,Donor AJG2309:LP TCRab CD8ab TEM,1.000000,-,-,-,-,-,-,-,-,-,-,-
332,SLGVN%E,7.4e-03,2,2,2.2e-09,1.0e+00,1.0e-03,7.4e-02,1.0e-03,2.9e-02,global-SLGVN%E,CASSLgvnNEQFF,CASSLGVNNEQFF,TRBV27,TRBJ2-1,CAASGTDRGSTLGRLYF,Donor AJG2309:LP TCRab CD8ab TRM,1.000000,-,-,-,-,-,-,-,-,-,-,-
332,SLGVN%E,7.4e-03,2,2,2.2e-09,1.0e+00,1.0e-03,7.4e-02,1.0e-03,2.9e-02,global-SLGVN%E,CASSLgvnNEQFF,CASSLGVNNEQFF,TRBV27,TRBJ2-1,CAASGTDRGSTLGRLYF,Donor AJG2309:PB TCRab CD8ab Teff,8.000000,-,-,-,-,-,-,-,-,-,-,-
332,SLGVN%E,7.4e-03,2,2,2.2e-09,1.0e+00,1.0e-03,7.4e-02,1.0e-03,2.9e-02,global-SLGVN%E,CASSLgvNTEAFF,CASSLGVNTEAFF,TRBV11-3,TRBJ1-1,CAASGHNNARLMF,Donor AJD3280:L TCRab CD8ab TRM,1.000000,-,-,-,-,-,-,-,-,-,-,-

333,SDGTGG%E,7.4e-03,2,2,1.6e-06,1.0e+00,5.5e-02,1.0e+00,1.0e-03,2.9e-02,global-SDGTGG%E,CASSDGTGGsEQYF,CASSDGTGGSEQYF,TRBV2,TRBJ2-7,CAAVISNFGNEKLTF,Donor AJD3280:L TCRab CD8ab Naive/TCM,1.000000,-,-,-,-,-,-,-,-,-,-,-
333,SDGTGG%E,7.4e-03,2,2,1.6e-06,1.0e+00,5.5e-02,1.0e+00,1.0e-03,2.9e-02,global-SDGTGG%E,CASSDGTGGNEQFF,CASSDGTGGNEQFF,TRBV6-4,TRBJ2-1,CAVSDLSSASKIIF,Donor AJKQ118:L TCRab CD8ab TRM,1.000000,-,-,-,-,-,-,-,-,-,-,-

334,SS%NTE,7.4e-03,2,2,5.8e-08,1.0e+00,2.0e-03,1.0e+00,1.0e-03,2.9e-02,global-SS%NTE,CASSSlNTEAFF,CASSSLNTEAFF,TRBV27,TRBJ1-1,CIVRVGGDSWGKLQF,Donor AJG2309:IEL TCRab CD8ab TRM,1.000000,-,-,-,-,-,-,-,-,-,-,-
334,SS%NTE,7.4e-03,2,2,5.8e-08,1.0e+00,2.0e-03,1.0e+00,1.0e-03,2.9e-02,global-SS%NTE,CASSSpNTEAFF,CASSSPNTEAFF,TRBV4-3,TRBJ1-1,CAVRPGGYQKVTF,Donor AJKQ118:L TCRab CD8ab Teff,1.000000,-,-,-,-,-,-,-,-,-,-,-
334,SS%NTE,7.4e-03,2,2,5.8e-08,1.0e+00,2.0e-03,1.0e+00,1.0e-03,2.9e-02,global-SS%NTE,CASSSpNTEAFF,CASSSPNTEAFF,TRBV4-3,TRBJ1-1,CAVRPGGYQKVTF,Donor AJKQ118:PB TCRab CD8ab TEM,1.000000,-,-,-,-,-,-,-,-,-,-,-

335,S%GGNQP,7.4e-03,2,2,2.4e-07,1.0e+00,9.8e-02,8.3e-02,1.0e-03,2.9e-02,global-S%GGNQP,CASSPGGNQPQHF,CASSPGGNQPQHF,TRBV18,TRBJ1-5,CAYSKAGANSKLTF,Donor AJKQ118:IEL TCRab CD8ab TRM,6.000000,-,-,-,-,-,-,-,-,-,-,-
335,S%GGNQP,7.4e-03,2,2,2.4e-07,1.0e+00,9.8e-02,8.3e-02,1.0e-03,2.9e-02,global-S%GGNQP,CASSPGGNQPQHF,CASSPGGNQPQHF,TRBV18,TRBJ1-5,CAYSKAGANSKLTF,Donor AJKQ118:L TCRab CD8ab TRM,1.000000,-,-,-,-,-,-,-,-,-,-,-
335,S%GGNQP,7.4e-03,2,2,2.4e-07,1.0e+00,9.8e-02,8.3e-02,1.0e-03,2.9e-02,global-S%GGNQP,CASSYGGNQPQHF,CASSYGGNQPQHF,TRBV6-5,TRBJ1-5,CALDKNSGAGSYQLTF,Donor AJG2309:IEL TCRab CD8ab TRM,1.000000,-,-,-,-,-,-,-,-,-,-,-

336,SLVG%,7.4e-03,1,2,2.3e-07,1.0e+00,5.5e-02,1.4e-01,1.0e-03,2.9e-02,global-SLVG%,CASSLvgEQYF,CASSLVGEQYF,TRBV7-9,TRBJ2-7,CAANTNAGKSTF,Donor AJD3280:IEL TCRab CD8ab TRM,2.000000,-,-,-,-,-,-,-,-,-,-,-
336,SLVG%,7.4e-03,1,2,2.3e-07,1.0e+00,5.5e-02,1.4e-01,1.0e-03,2.9e-02,global-SLVG%,CASSLvGGQFF,CASSLVGGQFF,TRBV12-3,TRBJ2-1,CAVGENTGTASKLTF,Donor AJD3280:IEL TCRab CD8ab TRM,2.000000,-,-,-,-,-,-,-,-,-,-,-

337,%SNTGE,7.4e-03,1,2,1.4e-06,1.0e+00,4.8e-02,1.0e+00,1.0e-03,2.9e-02,global-%SNTGE,CASSSNTGELFF,CASSSNTGELFF,TRBV7-8,TRBJ2-2,CAVNAGNNRKLIW,Donor AJD3280:L TCRab CD8ab TRM,1.000000,-,-,-,-,-,-,-,-,-,-,-
337,%SNTGE,7.4e-03,1,2,1.4e-06,1.0e+00,4.8e-02,1.0e+00,1.0e-03,2.9e-02,global-%SNTGE,CATTSNTGELFF,CATTSNTGELFF,TRBV24-1,TRBJ2-2,CVVNSPGGYNKLIF,Donor AJD3280:L TCRab CD8ab Naive/TCM,1.000000,-,-,-,-,-,-,-,-,-,-,-

338,S%YYE,7.4e-03,2,2,1.7e-06,1.0e+00,5.7e-02,1.0e+00,1.0e-03,2.9e-02,global-S%YYE,CASSPyYEQYF,CASSPYYEQYF,TRBV28,TRBJ2-7,CAYSGVETSGSRLTF,Donor AJKQ118:PB TCRab CD8ab Naive/TCM,1.000000,-,-,-,-,-,-,-,-,-,-,-
338,S%YYE,7.4e-03,2,2,1.7e-06,1.0e+00,5.7e-02,1.0e+00,1.0e-03,2.9e-02,global-S%YYE,CASSSyYEQYF,CASSSYYEQYF,TRBV27,TRBJ2-7,CAGSPEQGGSEKLVF,Donor AJG2309:PB TCRab CD8ab Teff,1.000000,-,-,-,-,-,-,-,-,-,-,-

339,SLG%LGNE,7.4e-03,2,2,1.6e-06,1.0e+00,5.5e-02,1.0e+00,1.0e-03,2.9e-02,global-SLG%LGNE,CASSLgGLgNEQFF,CASSLGGLGNEQFF,TRBV7-3,TRBJ2-1,CATDDAGGTSYGKLTF,Donor AJD3280:PB TCRab CD8ab Naive/TCM,1.000000,-,-,-,-,-,-,-,-,-,-,-
339,SLG%LGNE,7.4e-03,2,2,1.6e-06,1.0e+00,5.5e-02,1.0e+00,1.0e-03,2.9e-02,global-SLG%LGNE,CASSLGQlgNEQFF,CASSLGQLGNEQFF,TRBV5-1,TRBJ2-1,CAASPPLYNFNKFYF,Donor AJKQ118:LP TCRab CD8ab TEM,1.000000,-,-,-,-,-,-,-,-,-,-,-

340,SLT%NYG,7.4e-03,2,2,1.4e-06,1.0e+00,4.8e-02,1.0e+00,1.0e-03,2.9e-02,global-SLT%NYG,CASSLtaNYGYTF,CASSLTANYGYTF,TRBV5-6,TRBJ1-2,CAVNAPDSWGKLQF,Donor AJKQ118:L TCRab CD8ab TRM,1.000000,-,-,-,-,-,-,-,-,-,-,-
340,SLT%NYG,7.4e-03,2,2,1.4e-06,1.0e+00,4.8e-02,1.0e+00,1.0e-03,2.9e-02,global-SLT%NYG,CASSLTGNYGYTF,CASSLTGNYGYTF,TRBV7-9,TRBJ1-2,CAPWAGSARQLTF,Donor AJD3280:L TCRab CD8ab Teff,1.000000,-,-,-,-,-,-,-,-,-,-,-

341,S%RNTE,7.5e-03,2,3,1.1e-06,1.0e+00,1.8e-01,1.0e+00,1.0e-03,6.2e-03,global-S%RNTE,CASSarNTEAFF,CASSARNTEAFF,TRBV11-1,TRBJ1-1,CVVNPHQLIW,Donor AJKQ118:PB TCRab CD8ab Naive/TCM,1.000000,-,-,-,-,-,-,-,-,-,-,-
341,S%RNTE,7.5e-03,2,3,1.1e-06,1.0e+00,1.8e-01,1.0e+00,1.0e-03,6.2e-03,global-S%RNTE,CASSfrNTEAFF,CASSFRNTEAFF,TRBV5-8,TRBJ1-1,CAAPDYGGSQGNLIF,Donor AJD3280:L TCRab CD8ab Naive/TCM,1.000000,-,-,-,-,-,-,-,-,-,-,-
341,S%RNTE,7.5e-03,2,3,1.1e-06,1.0e+00,1.8e-01,1.0e+00,1.0e-03,6.2e-03,global-S%RNTE,CASSPrNTEAFF,CASSPRNTEAFF,TRBV13,TRBJ1-1,CAVIMDSSYKLIF,Donor AJD3280:IEL TCRab CD8ab TRM,1.000000,-,-,-,-,-,-,-,-,-,-,-

342,SP%TDT,7.5e-03,2,3,4.3e-07,1.0e+00,7.0e-02,1.0e+00,1.0e-03,6.2e-03,global-SP%TDT,CASSPlTDTQYF,CASSPLTDTQYF,TRBV27,TRBJ2-3,CIVRVGGDSWGKLQF,Donor AJG2309:LP TCRab CD8ab TEM,1.000000,-,-,-,-,-,-,-,-,-,-,-
342,SP%TDT,7.5e-03,2,3,4.3e-07,1.0e+00,7.0e-02,1.0e+00,1.0e-03,6.2e-03,global-SP%TDT,CASSPrTDTQYF,CASSPRTDTQYF,TRBV27,TRBJ2-3,CAASGSRGNNDMRF,Donor AJD3280:IEL TCRab CD8ab TRM,1.000000,-,-,-,-,-,-,-,-,-,-,-
342,SP%TDT,7.5e-03,2,3,4.3e-07,1.0e+00,7.0e-02,1.0e+00,1.0e-03,6.2e-03,global-SP%TDT,CASSPvTDTQYF,CASSPVTDTQYF,TRBV2,TRBJ2-3,CIAGRPGTYKYIF,Donor AJD3280:LP TCRab CD8ab TEM,1.000000,-,-,-,-,-,-,-,-,-,-,-

343,SVG%NTE,8.8e-03,2,3,1.1e-08,1.0e+00,9.0e-03,1.9e-01,1.0e-03,6.2e-03,global-SVG%NTE,CASSVGGNTEAFF,CASSVGGNTEAFF,TRBV9,TRBJ1-1,CAASPMEYGNKLVF,Donor AJD3280:IEL TCRab CD8ab TRM,3.000000,-,-,-,-,-,-,-,-,-,-,-
343,SVG%NTE,8.8e-03,2,3,1.1e-08,1.0e+00,9.0e-03,1.9e-01,1.0e-03,6.2e-03,global-SVG%NTE,CASSVGGNTEAFF,CASSVGGNTEAFF,TRBV9,TRBJ1-1,CAVGAKSNTGKLIF,Donor AJD3280:IEL TCRab CD8ab TRM,1.000000,-,-,-,-,-,-,-,-,-,-,-
343,SVG%NTE,8.8e-03,2,3,1.1e-08,1.0e+00,9.0e-03,1.9e-01,1.0e-03,6.2e-03,global-SVG%NTE,CASSVGRNTEAFF,CASSVGRNTEAFF,TRBV19,TRBJ1-1,CVVNGYSTLTF,Donor AJD3280:L TCRab CD8ab Teff,2.000000,-,-,-,-,-,-,-,-,-,-,-
343,SVG%NTE,8.8e-03,2,3,1.1e-08,1.0e+00,9.0e-03,1.9e-01,1.0e-03,6.2e-03,global-SVG%NTE,CASSVgaNTEAFF,CASSVGANTEAFF,TRBV9,TRBJ1-1,CAASDSGAGSYQLTF,Donor AJKQ118:IEL TCRab CD8ab TRM,1.000000,-,-,-,-,-,-,-,-,-,-,-

344,SPG%GDYG,1.0e-02,1,2,1.9e-06,1.0e+00,6.6e-02,1.0e+00,1.0e-03,2.9e-02,global-SPG%GDYG,CASSPgigdYGYTF,CASSPGIGDYGYTF,TRBV19,TRBJ1-2,CAVPSYGGSGTYKYIF,Donor AJD3280:PB TCRab CD8ab Naive/TCM,1.000000,-,-,-,-,-,-,-,-,-,-,-
344,SPG%GDYG,1.0e-02,1,2,1.9e-06,1.0e+00,6.6e-02,1.0e+00,1.0e-03,2.9e-02,global-SPG%GDYG,CASSPGTGdYGYTF,CASSPGTGDYGYTF,TRBV5-8,TRBJ1-2,CAMREHTGNQFYF,Donor AJD3280:IEL TCRab CD8ab TRM,1.000000,-,-,-,-,-,-,-,-,-,-,-

345,S%TYE,1.0e-02,2,3,1.2e-06,1.0e+00,1.9e-01,1.0e+00,1.0e-03,6.2e-03,global-S%TYE,CASSQtYEQYF,CASSQTYEQYF,TRBV7-8,TRBJ2-7,CVSGGDSSYKLIF,Donor AJD3280:PB TCRab CD8ab Naive/TCM,1.000000,-,-,-,-,-,-,-,-,-,-,-
345,S%TYE,1.0e-02,2,3,1.2e-06,1.0e+00,1.9e-01,1.0e+00,1.0e-03,6.2e-03,global-S%TYE,CAISdtYEQYF,CAISDTYEQYF,TRBV10-3,TRBJ2-7,CAVNAGTYKYIF,Donor AJD3280:PB TCRab CD8ab Naive/TCM,1.000000,-,-,-,-,-,-,-,-,-,-,-
345,S%TYE,1.0e-02,2,3,1.2e-06,1.0e+00,1.9e-01,1.0e+00,1.0e-03,6.2e-03,global-S%TYE,CATSetYEQYF,CATSETYEQYF,TRBV15,TRBJ2-7,CAVEDTGRRALTF,Donor AJG2309:PB TCRab CD8ab Teff,1.000000,-,-,-,-,-,-,-,-,-,-,-

346,S%PGSYE,1.0e-02,2,2,5.3e-07,1.0e+00,6.1e-02,3.0e-01,1.0e-03,2.9e-02,global-S%PGSYE,CASSSpgSYEQYF,CASSSPGSYEQYF,TRBV7-9,TRBJ2-7,CAVDEGADGLTF,Donor AJD3280:IEL TCRab CD8ab TRM,1.000000,-,-,-,-,-,-,-,-,-,-,-
346,S%PGSYE,1.0e-02,2,2,5.3e-07,1.0e+00,6.1e-02,3.0e-01,1.0e-03,2.9e-02,global-S%PGSYE,CASSPpgSYEQYF,CASSPPGSYEQYF,TRBV11-2,TRBJ2-7,CAMRDYGQNFVF,Donor AJG2309:IEL TCRab CD8ab TRM,2.000000,-,-,-,-,-,-,-,-,-,-,-

347,SFG%SYNE,1.0e-02,2,2,1.3e-06,1.0e+00,4.6e-02,1.0e+00,1.0e-03,2.9e-02,global-SFG%SYNE,CASSfgsSYNEQFF,CASSFGSSYNEQFF,TRBV12-4,TRBJ2-1,CATDADNNARLMF,Donor AJKQ118:L TCRab CD8ab TRM,1.000000,-,-,-,-,-,-,-,-,-,-,-
347,SFG%SYNE,1.0e-02,2,2,1.3e-06,1.0e+00,4.6e-02,1.0e+00,1.0e-03,2.9e-02,global-SFG%SYNE,CASSfgfSYNEQFF,CASSFGFSYNEQFF,TRBV5-6,TRBJ2-1,CAAVLNYGGSQGNLIF,Donor AJD3280:IEL TCRab CD8ab TRM,1.000000,-,-,-,-,-,-,-,-,-,-,-

348,S%GGRGTE,1.0e-02,2,2,1.9e-06,1.0e+00,6.4e-02,1.0e+00,1.0e-03,2.9e-02,global-S%GGRGTE,CASSAGGrgTEAFF,CASSAGGRGTEAFF,TRBV5-6,TRBJ1-1,CAESIDTGGFKTIF,Donor AJD3280:IEL TCRab CD8ab TRM,1.000000,-,-,-,-,-,-,-,-,-,-,-
348,S%GGRGTE,1.0e-02,2,2,1.9e-06,1.0e+00,6.4e-02,1.0e+00,1.0e-03,2.9e-02,global-S%GGRGTE,CAWSmggRGTEAFF,CAWSMGGRGTEAFF,TRBV30,TRBJ1-1,CAATGYSTLTF,Donor AJG2309:PB TCRab CD8ab TEM,1.000000,-,-,-,-,-,-,-,-,-,-,-

349,S%GLAVYNE,1.0e-02,3,2,4.2e-06,1.0e+00,1.5e-01,1.0e+00,1.0e-03,2.9e-02,global-S%GLAVYNE,CASSLGLAvYNEQFF,CASSLGLAVYNEQFF,TRBV12-4,TRBJ2-1,CILRAPNNAGNMLTF,Donor AJD3280:PB TCRab CD8ab Naive/TCM,1.000000,-,-,-,-,-,-,-,-,-,-,-
349,S%GLAVYNE,1.0e-02,3,2,4.2e-06,1.0e+00,1.5e-01,1.0e+00,1.0e-03,2.9e-02,global-S%GLAVYNE,CASSSGLAvYNEQFF,CASSSGLAVYNEQFF,TRBV13,TRBJ2-1,CAVRAVGGNKLTF,Donor AJG2309:IEL TCRab CD8ab TRM,1.000000,-,-,-,-,-,-,-,-,-,-,-
349,S%GLAVYNE,1.0e-02,3,2,4.2e-06,1.0e+00,1.5e-01,1.0e+00,1.0e-03,2.9e-02,global-S%GLAVYNE,CASSSGLAvYNEQFF,CASSSGLAVYNEQFF,TRBV7-9,TRBJ2-1,CAAGSNYQLIW,Donor AJKQ118:PB TCRab CD8ab Naive/TCM,1.000000,-,-,-,-,-,-,-,-,-,-,-

350,SF%SYE,1.0e-02,2,2,1.4e-06,1.0e+00,4.9e-02,1.0e+00,1.0e-03,2.9e-02,global-SF%SYE,CASSfnSYEQYF,CASSFNSYEQYF,TRBV6-5,TRBJ2-7,CAVSPAEAAGNKLTF,Donor AJKQ118:PB TCRab CD8ab Naive/TCM,1.000000,-,-,-,-,-,-,-,-,-,-,-
350,SF%SYE,1.0e-02,2,2,1.4e-06,1.0e+00,4.9e-02,1.0e+00,1.0e-03,2.9e-02,global-SF%SYE,CASSfsSYEQYF,CASSFSSYEQYF,TRBV11-2,TRBJ2-7,CAVQHTGARLMF,Donor AJD3280:IEL TCRab CD8ab TRM,1.000000,-,-,-,-,-,-,-,-,-,-,-

351,S%DSNQP,1.0e-02,2,2,1.9e-06,1.0e+00,6.5e-02,1.0e+00,1.0e-03,2.9e-02,global-S%DSNQP,CASSIdSNQPQHF,CASSIDSNQPQHF,TRBV19,TRBJ1-5,CAFMKRGNDMRF,Donor AJKQ118:PB TCRab CD8ab Naive/TCM,1.000000,-,-,-,-,-,-,-,-,-,-,-
351,S%DSNQP,1.0e-02,2,2,1.9e-06,1.0e+00,6.5e-02,1.0e+00,1.0e-03,2.9e-02,global-S%DSNQP,CASSwdSNQPQHF,CASSWDSNQPQHF,TRBV7-8,TRBJ1-5,CVVSEDTGNQFYF,Donor AJD3280:PB TCRab CD8ab Naive/TCM,1.000000,-,-,-,-,-,-,-,-,-,-,-

352,SLGG%T,1.0e-02,1,2,1.5e-06,1.0e+00,5.0e-02,1.0e+00,1.0e-03,2.9e-02,global-SLGG%T,CASSLGGETQYF,CASSLGGETQYF,TRBV12-4,TRBJ2-5,CAETPNGQKLLF,Donor AJD3280:IEL TCRab CD8ab TRM,1.000000,-,-,-,-,-,-,-,-,-,-,-
352,SLGG%T,1.0e-02,1,2,1.5e-06,1.0e+00,5.0e-02,1.0e+00,1.0e-03,2.9e-02,global-SLGG%T,CASSLGGgTQYF,CASSLGGGTQYF,TRBV11-3,TRBJ2-5,CAVELRRDDKIIF,Donor AJD3280:PB TCRab CD8ab Naive/TCM,1.000000,-,-,-,-,-,-,-,-,-,-,-

353,SQG%NE,1.0e-02,1,2,1.7e-06,1.0e+00,5.8e-02,1.0e+00,1.0e-03,2.9e-02,global-SQG%NE,CASSQgpnEQYF,CASSQGPNEQYF,TRBV6-5,TRBJ2-7,CCTNAGKSTF,Donor AJD3280:L TCRab CD8ab TRM,1.000000,-,-,-,-,-,-,-,-,-,-,-
353,SQG%NE,1.0e-02,1,2,1.7e-06,1.0e+00,5.8e-02,1.0e+00,1.0e-03,2.9e-02,global-SQG%NE,CASSQgnnEQYF,CASSQGNNEQYF,TRBV5-4,TRBJ2-7,CALRSAGGTSYGKLTF,Donor AJD3280:PB TCRab CD8ab Naive/TCM,1.000000,-,-,-,-,-,-,-,-,-,-,-

354,SL%GDSNQP,1.0e-02,1,2,3.9e-07,1.0e+00,5.0e-02,2.7e-01,1.0e-03,2.9e-02,global-SL%GDSNQP,CASSLQGdSNQPQHF,CASSLQGDSNQPQHF,TRBV4-2,TRBJ1-5,CAPDAGNMLTF,Donor AJG2309:IEL TCRab CD8ab TRM,1.000000,-,-,-,-,-,-,-,-,-,-,-
354,SL%GDSNQP,1.0e-02,1,2,3.9e-07,1.0e+00,5.0e-02,2.7e-01,1.0e-03,2.9e-02,global-SL%GDSNQP,CASSLwgdSNQPQHF,CASSLWGDSNQPQHF,TRBV5-1,TRBJ1-5,CAYRGAYSGAGSYQLTF,Donor AJG2309:IEL TCRab CD8ab TRM,2.000000,-,-,-,-,-,-,-,-,-,-,-

355,S%GET,1.0e-02,2,3,3.3e-08,1.0e+00,1.9e-02,2.8e-01,1.0e-03,6.2e-03,global-S%GET,CASSwgETQYF,CASSWGETQYF,TRBV7-2,TRBJ2-5,CAVEDSSNTGKLIF,Donor AJD3280:IEL TCRab CD8ab TRM,1.000000,-,-,-,-,-,-,-,-,-,-,-
355,S%GET,1.0e-02,2,3,3.3e-08,1.0e+00,1.9e-02,2.8e-01,1.0e-03,6.2e-03,global-S%GET,CASSwgETQYF,CASSWGETQYF,TRBV7-2,TRBJ2-5,CVVSYGGNTPLVF,Donor AJD3280:LP TCRab CD8ab TRM,1.000000,-,-,-,-,-,-,-,-,-,-,-
355,S%GET,1.0e-02,2,3,3.3e-08,1.0e+00,1.9e-02,2.8e-01,1.0e-03,6.2e-03,global-S%GET,CASSLgETQYF,CASSLGETQYF,TRBV27,TRBJ2-5,CAPPTSGTYKYIF,Donor AJG2309:IEL TCRab CD8ab TRM,3.000000,-,-,-,-,-,-,-,-,-,-,-
355,S%GET,1.0e-02,2,3,3.3e-08,1.0e+00,1.9e-02,2.8e-01,1.0e-03,6.2e-03,global-S%GET,CASSEgETQYF,CASSEGETQYF,TRBV5-1,TRBJ2-5,CAMRGRWNNARLMF,Donor AJD3280:IEL TCRab CD8ab TRM,1.000000,-,-,-,-,-,-,-,-,-,-,-

356,SPG%SYE,1.0e-02,1,3,5.9e-07,1.0e+00,9.5e-02,1.0e+00,1.0e-03,6.2e-03,global-SPG%SYE,CASSPgpSYEQYF,CASSPGPSYEQYF,TRBV7-2,TRBJ2-7,CILRTPAGGTSYGKLTF,Donor AJD3280:IEL TCRab CD8ab TRM,1.000000,-,-,-,-,-,-,-,-,-,-,-
356,SPG%SYE,1.0e-02,1,3,5.9e-07,1.0e+00,9.5e-02,1.0e+00,1.0e-03,6.2e-03,global-SPG%SYE,CASSPGGSYEQYF,CASSPGGSYEQYF,TRBV4-1,TRBJ2-7,CVGNTNAGKSTF,Donor AJD3280:PB TCRab CD8ab Naive/TCM,1.000000,-,-,-,-,-,-,-,-,-,-,-
356,SPG%SYE,1.0e-02,1,3,5.9e-07,1.0e+00,9.5e-02,1.0e+00,1.0e-03,6.2e-03,global-SPG%SYE,CASSPGTSYEQYF,CASSPGTSYEQYF,TRBV4-1,TRBJ2-7,CAMSNILTGGGNKLTF,Donor AJD3280:LP TCRab CD8ab TRM,1.000000,-,-,-,-,-,-,-,-,-,-,-

357,SPGGS%E,1.0e-02,1,2,1.1e-06,1.0e+00,9.6e-02,4.0e-01,1.0e-03,2.9e-02,global-SPGGS%E,CASSPGGSYEQYF,CASSPGGSYEQYF,TRBV4-1,TRBJ2-7,CVGNTNAGKSTF,Donor AJD3280:PB TCRab CD8ab Naive/TCM,1.000000,-,-,-,-,-,-,-,-,-,-,-
357,SPGGS%E,1.0e-02,1,2,1.1e-06,1.0e+00,9.6e-02,4.0e-01,1.0e-03,2.9e-02,global-SPGGS%E,CASSPGGsdEQYF,CASSPGGSDEQYF,TRBV11-2,TRBJ2-7,CAVNADGQKLLF,Donor AJD3280:IEL TCRab CD8ab TRM,1.000000,-,-,-,-,-,-,-,-,-,-,-
357,SPGGS%E,1.0e-02,1,2,1.1e-06,1.0e+00,9.6e-02,4.0e-01,1.0e-03,2.9e-02,global-SPGGS%E,CASSPGGsdEQYF,CASSPGGSDEQYF,TRBV11-2,TRBJ2-7,CIVRRINNARLMF,Donor AJD3280:IEL TCRab CD8ab TRM,2.000000,-,-,-,-,-,-,-,-,-,-,-

358,SRTG%NTE,1.0e-02,1,2,1.2e-06,1.0e+00,4.1e-02,1.0e+00,1.0e-03,2.9e-02,global-SRTG%NTE,CASSRTGpNTEAFF,CASSRTGPNTEAFF,TRBV4-1,TRBJ1-1,CAVDMDTNAGKSTF,Donor AJD3280:IEL TCRab CD8ab TRM,1.000000,-,-,-,-,-,-,-,-,-,-,-
358,SRTG%NTE,1.0e-02,1,2,1.2e-06,1.0e+00,4.1e-02,1.0e+00,1.0e-03,2.9e-02,global-SRTG%NTE,CASSRTGaNTEAFF,CASSRTGANTEAFF,TRBV14,TRBJ1-1,CAVAGFQKLVF,Donor AJD3280:IEL TCRab CD8ab TRM,1.000000,-,-,-,-,-,-,-,-,-,-,-

359,S%LAGGQET,1.0e-02,1,2,1.2e-07,1.0e+00,4.0e-03,1.0e+00,1.0e-03,2.9e-02,global-S%LAGGQET,CASSELAGGQETQYF,CASSELAGGQETQYF,TRBV6-1,TRBJ2-5,CAVMDSSYKLIF,Donor AJD3280:L TCRab CD8ab MAIT,1.000000,-,-,-,-,-,-,-,-,-,-,-
359,S%LAGGQET,1.0e-02,1,2,1.2e-07,1.0e+00,4.0e-03,1.0e+00,1.0e-03,2.9e-02,global-S%LAGGQET,CASSELAGGQETQYF,CASSELAGGQETQYF,TRBV6-1,TRBJ2-5,CAVRDNDYKLSF,Donor AJD3280:L TCRab CD8ab MAIT,1.000000,-,-,-,-,-,-,-,-,-,-,-
359,S%LAGGQET,1.0e-02,1,2,1.2e-07,1.0e+00,4.0e-03,1.0e+00,1.0e-03,2.9e-02,global-S%LAGGQET,CASSELAGGQETQYF,CASSELAGGQETQYF,TRBV6-1,TRBJ2-5,CAVMDSSYKLIF,Donor AJD3280:L TCRab CD8ab TRM,1.000000,-,-,-,-,-,-,-,-,-,-,-
359,S%LAGGQET,1.0e-02,1,2,1.2e-07,1.0e+00,4.0e-03,1.0e+00,1.0e-03,2.9e-02,global-S%LAGGQET,CAISGLAGGQETQYF,CAISGLAGGQETQYF,TRBV10-3,TRBJ2-5,CAGGSGTYKYIF,Donor AJD3280:PB TCRab CD8ab Naive/TCM,1.000000,-,-,-,-,-,-,-,-,-,-,-

360,SL%PGNTE,1.0e-02,1,2,1.5e-06,1.0e+00,5.2e-02,1.0e+00,1.0e-03,2.9e-02,global-SL%PGNTE,CASSLspgNTEAFF,CASSLSPGNTEAFF,TRBV7-3,TRBJ1-1,CAVQASRGSSNTGKLIF,Donor AJD3280:LP TCRab CD8ab TRM,1.000000,-,-,-,-,-,-,-,-,-,-,-
360,SL%PGNTE,1.0e-02,1,2,1.5e-06,1.0e+00,5.2e-02,1.0e+00,1.0e-03,2.9e-02,global-SL%PGNTE,CASSLqpgNTEAFF,CASSLQPGNTEAFF,TRBV11-3,TRBJ1-1,CAVLTQGGSEKLVF,Donor AJD3280:L TCRab CD8ab TRM,1.000000,-,-,-,-,-,-,-,-,-,-,-

361,SLL%E,1.0e-02,2,3,9.8e-07,1.0e+00,1.6e-01,1.0e+00,1.0e-03,6.2e-03,global-SLL%E,CASSLldEQYF,CASSLLDEQYF,TRBV12-3,TRBJ2-7,CAVIDSGYALNF,Donor AJD3280:L TCRab CD8ab TRM,1.000000,-,-,-,-,-,-,-,-,-,-,-
361,SLL%E,1.0e-02,2,3,9.8e-07,1.0e+00,1.6e-01,1.0e+00,1.0e-03,6.2e-03,global-SLL%E,CASSLlgEQYF,CASSLLGEQYF,TRBV5-4,TRBJ2-7,CAMREGNTGGFKTIF,Donor AJG2309:PB TCRab CD8ab Naive/TCM,1.000000,-,-,-,-,-,-,-,-,-,-,-
361,SLL%E,1.0e-02,2,3,9.8e-07,1.0e+00,1.6e-01,1.0e+00,1.0e-03,6.2e-03,global-SLL%E,CASSLlgEAFF,CASSLLGEAFF,TRBV7-9,TRBJ1-1,CAGEGRGSNYKLTF,Donor AJD3280:IEL TCRab CD8ab TRM,1.000000,-,-,-,-,-,-,-,-,-,-,-

362,SL%PSSYNE,1.0e-02,2,2,4.1e-07,1.0e+00,5.4e-02,2.6e-01,1.0e-03,2.9e-02,global-SL%PSSYNE,CASSLipsSYNEQFF,CASSLIPSSYNEQFF,TRBV12-4,TRBJ2-1,CVVSQAYNQGGKLIF,Donor AJG2309:IEL TCRab CD8ab TRM,1.000000,-,-,-,-,-,-,-,-,-,-,-
362,SL%PSSYNE,1.0e-02,2,2,4.1e-07,1.0e+00,5.4e-02,2.6e-01,1.0e-03,2.9e-02,global-SL%PSSYNE,CASSLgpsSYNEQFF,CASSLGPSSYNEQFF,TRBV7-7,TRBJ2-1,CATDRGGSSNTGKLIF,Donor AJD3280:IEL TCRab CD8ab TRM,2.000000,-,-,-,-,-,-,-,-,-,-,-

363,SLGG%YG,1.2e-02,3,3,9.9e-07,1.0e+00,1.6e-01,1.0e+00,1.0e-03,6.2e-03,global-SLGG%YG,CASSLGGsYGYTF,CASSLGGSYGYTF,TRBV5-6,TRBJ1-2,CATDAVQGAQKLVF,Donor AJD3280:L TCRab CD8ab Naive/TCM,1.000000,-,-,-,-,-,-,-,-,-,-,-
363,SLGG%YG,1.2e-02,3,3,9.9e-07,1.0e+00,1.6e-01,1.0e+00,1.0e-03,6.2e-03,global-SLGG%YG,CASSLGGNYGYTF,CASSLGGNYGYTF,TRBV12-3,TRBJ1-2,CAFMYDGAQKLVF,Donor AJKQ118:IEL TCRab CD8ab TRM,1.000000,-,-,-,-,-,-,-,-,-,-,-
363,SLGG%YG,1.2e-02,3,3,9.9e-07,1.0e+00,1.6e-01,1.0e+00,1.0e-03,6.2e-03,global-SLGG%YG,CASSLGGdYGYTF,CASSLGGDYGYTF,TRBV7-9,TRBJ1-2,CAHYNQGGKLIF,Donor AJG2309:L TCRab CD8ab TRM,1.000000,-,-,-,-,-,-,-,-,-,-,-

364,S%GENTE,1.3e-02,2,2,1.8e-06,1.0e+00,6.2e-02,1.0e+00,1.0e-03,2.9e-02,global-S%GENTE,CASSLgeNTEAFF,CASSLGENTEAFF,TRBV12-3,TRBJ1-1,CAVGARTNAGKSTF,Donor AJKQ118:L TCRab CD8ab TRM,1.000000,-,-,-,-,-,-,-,-,-,-,-
364,S%GENTE,1.3e-02,2,2,1.8e-06,1.0e+00,6.2e-02,1.0e+00,1.0e-03,2.9e-02,global-S%GENTE,CASSfgeNTEAFF,CASSFGENTEAFF,TRBV7-9,TRBJ1-1,CAAKVKSGSRLTF,Donor AJD3280:L TCRab CD8ab Teff,1.000000,-,-,-,-,-,-,-,-,-,-,-

365,SV%GDTE,1.3e-02,2,2,2.3e-09,1.0e+00,1.0e-03,7.9e-02,1.0e-03,2.9e-02,global-SV%GDTE,CASSVRGdTEAFF,CASSVRGDTEAFF,TRBV9,TRBJ1-1,CAEKARNYGQNFVF,Donor AJKQ118:L TCRab CD8ab TRM,4.000000,-,-,-,-,-,-,-,-,-,-,-
365,SV%GDTE,1.3e-02,2,2,2.3e-09,1.0e+00,1.0e-03,7.9e-02,1.0e-03,2.9e-02,global-SV%GDTE,CASSVGGdTEAFF,CASSVGGDTEAFF,TRBV9,TRBJ1-1,CAVPLSYNQGGKLIF,Donor AJG2309:IEL TCRab CD8ab TRM,2.000000,-,-,-,-,-,-,-,-,-,-,-

366,S%GGET,1.3e-02,2,3,1.1e-06,1.0e+00,1.7e-01,1.0e+00,1.0e-03,6.2e-03,global-S%GGET,CASSLGGETQYF,CASSLGGETQYF,TRBV12-4,TRBJ2-5,CAETPNGQKLLF,Donor AJD3280:IEL TCRab CD8ab TRM,1.000000,-,-,-,-,-,-,-,-,-,-,-
366,S%GGET,1.3e-02,2,3,1.1e-06,1.0e+00,1.7e-01,1.0e+00,1.0e-03,6.2e-03,global-S%GGET,CASSQGGETQYF,CASSQGGETQYF,TRBV5-6,TRBJ2-5,CAVRQYYGQNFVF,Donor AJD3280:PB TCRab CD8ab Naive/TCM,1.000000,-,-,-,-,-,-,-,-,-,-,-
366,S%GGET,1.3e-02,2,3,1.1e-06,1.0e+00,1.7e-01,1.0e+00,1.0e-03,6.2e-03,global-S%GGET,CASSYGGETQYF,CASSYGGETQYF,TRBV6-5,TRBJ2-5,CATRSNSGYALNF,Donor AJKQ118:PB TCRab CD8ab Naive/TCM,1.000000,-,-,-,-,-,-,-,-,-,-,-

367,SFR%SYE,1.3e-02,1,2,1.3e-06,1.0e+00,4.4e-02,1.0e+00,1.0e-03,2.9e-02,global-SFR%SYE,CASSfrqSYEQYF,CASSFRQSYEQYF,TRBV7-9,TRBJ2-7,CAVSPDSNYQLIW,Donor AJD3280:PB TCRab CD8ab Teff,1.000000,-,-,-,-,-,-,-,-,-,-,-
367,SFR%SYE,1.3e-02,1,2,1.3e-06,1.0e+00,4.4e-02,1.0e+00,1.0e-03,2.9e-02,global-SFR%SYE,CASSfrsSYEQYF,CASSFRSSYEQYF,TRBV27,TRBJ2-7,CAGLVDSSYKLIF,Donor AJD3280:PB TCRab CD8ab Naive/TCM,1.000000,-,-,-,-,-,-,-,-,-,-,-

368,SLG%GET,1.3e-02,1,2,1.6e-06,1.0e+00,5.5e-02,1.0e+00,1.0e-03,2.9e-02,global-SLG%GET,CASSLGQGETQYF,CASSLGQGETQYF,TRBV7-8,TRBJ2-5,CAVGPGGSYKLIF,Donor AJD3280:L TCRab CD8ab Teff,1.000000,-,-,-,-,-,-,-,-,-,-,-
368,SLG%GET,1.3e-02,1,2,1.6e-06,1.0e+00,5.5e-02,1.0e+00,1.0e-03,2.9e-02,global-SLG%GET,CASSLgRGETQYF,CASSLGRGETQYF,TRBV13,TRBJ2-5,CAAKTGSNYKLTF,Donor AJD3280:L TCRab CD8ab Naive/TCM,1.000000,-,-,-,-,-,-,-,-,-,-,-

369,SLGS%YE,1.3e-02,2,2,1.5e-06,1.0e+00,5.3e-02,1.0e+00,1.0e-03,2.9e-02,global-SLGS%YE,CASSLgsyYEQYF,CASSLGSYYEQYF,TRBV7-9,TRBJ2-7,CAFVPPGNTPLVF,Donor AJKQ118:L TCRab CD8ab Naive/TCM,1.000000,-,-,-,-,-,-,-,-,-,-,-
369,SLGS%YE,1.3e-02,2,2,1.5e-06,1.0e+00,5.3e-02,1.0e+00,1.0e-03,2.9e-02,global-SLGS%YE,CASSLgsSYEQYF,CASSLGSSYEQYF,TRBV11-3,TRBJ2-7,CAVGNQGGKLIF,Donor AJD3280:IEL TCRab CD8ab TRM,1.000000,-,-,-,-,-,-,-,-,-,-,-

370,TG%YG,1.3e-02,2,2,5.0e-07,1.0e+00,7.7e-02,2.2e-01,1.0e-03,2.9e-02,global-TG%YG,CAWTGdYGYTF,CAWTGDYGYTF,TRBV30,TRBJ1-2,CAVRSNFGNEKLTF,Donor AJG2309:L TCRab CD8ab Teff,2.000000,-,-,-,-,-,-,-,-,-,-,-
370,TG%YG,1.3e-02,2,2,5.0e-07,1.0e+00,7.7e-02,2.2e-01,1.0e-03,2.9e-02,global-TG%YG,CAWTGdYGYTF,CAWTGDYGYTF,TRBV30,TRBJ1-2,CAVRSNFGNEKLTF,Donor AJG2309:PB TCRab CD8ab Teff,2.000000,-,-,-,-,-,-,-,-,-,-,-
370,TG%YG,1.3e-02,2,2,5.0e-07,1.0e+00,7.7e-02,2.2e-01,1.0e-03,2.9e-02,global-TG%YG,CSATGiYGYTF,CSATGIYGYTF,TRBV20-1,TRBJ1-2,CVVSAYGSGNTGKLIF,Donor AJD3280:PB TCRab CD8ab Naive/TCM,1.000000,-,-,-,-,-,-,-,-,-,-,-

371,SEGY%,1.3e-02,1,2,5.8e-08,1.0e+00,2.0e-03,1.0e+00,1.0e-03,2.9e-02,global-SEGY%,CASSEgYGYTF,CASSEGYGYTF,TRBV6-6,TRBJ1-2,CAAGPLEYGNKLVF,Donor AJKQ118:L TCRab CD8ab TRM,1.000000,-,-,-,-,-,-,-,-,-,-,-
371,SEGY%,1.3e-02,1,2,5.8e-08,1.0e+00,2.0e-03,1.0e+00,1.0e-03,2.9e-02,global-SEGY%,CASSEgyEAFF,CASSEGYEAFF,TRBV2,TRBJ1-1,CAASAPPNFGNEKLTF,Donor AJKQ118:L TCRab CD8ab Teff,1.000000,-,-,-,-,-,-,-,-,-,-,-
371,SEGY%,1.3e-02,1,2,5.8e-08,1.0e+00,2.0e-03,1.0e+00,1.0e-03,2.9e-02,global-SEGY%,CASSEgyEAFF,CASSEGYEAFF,TRBV2,TRBJ1-1,CAASAPPNFGNEKLTF,Donor AJKQ118:PB TCRab CD8ab TEM,1.000000,-,-,-,-,-,-,-,-,-,-,-
371,SEGY%,1.3e-02,1,2,5.8e-08,1.0e+00,2.0e-03,1.0e+00,1.0e-03,2.9e-02,global-SEGY%,CASSEgyEAFF,CASSEGYEAFF,TRBV2,TRBJ1-1,CAASAPPNFGNEKLTF,Donor AJKQ118:PB TCRab CD8ab Teff,1.000000,-,-,-,-,-,-,-,-,-,-,-

372,SV%GYE,1.3e-02,1,2,4.4e-07,1.0e+00,5.3e-02,2.8e-01,1.0e-03,2.9e-02,global-SV%GYE,CASSVwgYEQYF,CASSVWGYEQYF,TRBV2,TRBJ2-7,CAVDEGDDKIIF,Donor AJD3280:PB TCRab CD8ab Teff,1.000000,-,-,-,-,-,-,-,-,-,-,-
372,SV%GYE,1.3e-02,1,2,4.4e-07,1.0e+00,5.3e-02,2.8e-01,1.0e-03,2.9e-02,global-SV%GYE,CASSVngYEQYF,CASSVNGYEQYF,TRBV9,TRBJ2-7,CAVSNTNAGKSTF,Donor AJD3280:IEL TCRab CD8ab TRM,2.000000,-,-,-,-,-,-,-,-,-,-,-

373,SLV%YE,1.3e-02,1,2,2.7e-09,1.0e+00,1.0e-03,9.4e-02,1.0e-03,2.9e-02,global-SLV%YE,CASSLvaYEQYF,CASSLVAYEQYF,TRBV11-2,TRBJ2-7,CLLLSSNTGKLIF,Donor AJD3280:IEL TCRab CD8ab TRM,1.000000,-,-,-,-,-,-,-,-,-,-,-
373,SLV%YE,1.3e-02,1,2,2.7e-09,1.0e+00,1.0e-03,9.4e-02,1.0e-03,2.9e-02,global-SLV%YE,CASSLvpYEQYF,CASSLVPYEQYF,TRBV11-2,TRBJ2-7,CLRSSSNTGKLIF,Donor AJD3280:IEL TCRab CD8ab TRM,4.000000,-,-,-,-,-,-,-,-,-,-,-

374,SL%GNYG,1.3e-02,2,2,1.6e-06,1.0e+00,5.6e-02,1.0e+00,1.0e-03,2.9e-02,global-SL%GNYG,CASSLTGNYGYTF,CASSLTGNYGYTF,TRBV7-9,TRBJ1-2,CAPWAGSARQLTF,Donor AJD3280:L TCRab CD8ab Teff,1.000000,-,-,-,-,-,-,-,-,-,-,-
374,SL%GNYG,1.3e-02,2,2,1.6e-06,1.0e+00,5.6e-02,1.0e+00,1.0e-03,2.9e-02,global-SL%GNYG,CASSLGGNYGYTF,CASSLGGNYGYTF,TRBV12-3,TRBJ1-2,CAFMYDGAQKLVF,Donor AJKQ118:IEL TCRab CD8ab TRM,1.000000,-,-,-,-,-,-,-,-,-,-,-

375,SL%GDYG,1.3e-02,2,2,1.9e-06,1.0e+00,6.4e-02,1.0e+00,1.0e-03,2.9e-02,global-SL%GDYG,CASSLAGdYGYTF,CASSLAGDYGYTF,TRBV27,TRBJ1-2,CAERGSGYALNF,Donor AJKQ118:PB TCRab CD8ab TEM,1.000000,-,-,-,-,-,-,-,-,-,-,-
375,SL%GDYG,1.3e-02,2,2,1.9e-06,1.0e+00,6.4e-02,1.0e+00,1.0e-03,2.9e-02,global-SL%GDYG,CASSLGGdYGYTF,CASSLGGDYGYTF,TRBV7-9,TRBJ1-2,CAHYNQGGKLIF,Donor AJG2309:L TCRab CD8ab TRM,1.000000,-,-,-,-,-,-,-,-,-,-,-

376,S%QGMNTE,1.3e-02,2,2,1.8e-06,1.0e+00,6.3e-02,1.0e+00,1.0e-03,2.9e-02,global-S%QGMNTE,CASSfQGmNTEAFF,CASSFQGMNTEAFF,TRBV28,TRBJ1-1,CVVFHPFSGSARQLTF,Donor AJG2309:PB TCRab CD8ab Naive/TCM,1.000000,-,-,-,-,-,-,-,-,-,-,-
376,S%QGMNTE,1.3e-02,2,2,1.8e-06,1.0e+00,6.3e-02,1.0e+00,1.0e-03,2.9e-02,global-S%QGMNTE,CASSRQGmNTEAFF,CASSRQGMNTEAFF,TRBV19,TRBJ1-1,CAMRSTGTASKLTF,Donor AJD3280:L TCRab CD8ab TRM,1.000000,-,-,-,-,-,-,-,-,-,-,-

377,SFR%TE,1.3e-02,1,2,1.5e-06,1.0e+00,5.1e-02,1.0e+00,1.0e-03,2.9e-02,global-SFR%TE,CASSfrNTEAFF,CASSFRNTEAFF,TRBV5-8,TRBJ1-1,CAAPDYGGSQGNLIF,Donor AJD3280:L TCRab CD8ab Naive/TCM,1.000000,-,-,-,-,-,-,-,-,-,-,-
377,SFR%TE,1.3e-02,1,2,1.5e-06,1.0e+00,5.1e-02,1.0e+00,1.0e-03,2.9e-02,global-SFR%TE,CASSfRGTEAFF,CASSFRGTEAFF,TRBV7-9,TRBJ1-1,CAGRGATNKLIF,Donor AJD3280:IEL TCRab CD8ab TRM,1.000000,-,-,-,-,-,-,-,-,-,-,-

378,SLGD%NE,1.3e-02,1,2,1.6e-06,1.0e+00,5.4e-02,1.0e+00,1.0e-03,2.9e-02,global-SLGD%NE,CASSLgdYNEQFF,CASSLGDYNEQFF,TRBV5-6,TRBJ2-1,CLVGGPSGGYNKLIF,Donor AJD3280:L TCRab CD8ab Naive/TCM,1.000000,-,-,-,-,-,-,-,-,-,-,-
378,SLGD%NE,1.3e-02,1,2,1.6e-06,1.0e+00,5.4e-02,1.0e+00,1.0e-03,2.9e-02,global-SLGD%NE,CASSLgdgNEQFF,CASSLGDGNEQFF,TRBV5-5,TRBJ2-1,CAVPMNYGGSQGNLIF,Donor AJD3280:IEL TCRab CD8ab TRM,1.000000,-,-,-,-,-,-,-,-,-,-,-

379,S%LAGEGNE,1.3e-02,1,2,1.7e-07,1.0e+00,4.3e-02,1.4e-01,1.0e-03,2.9e-02,global-S%LAGEGNE,CASSDLAGegNEQFF,CASSDLAGEGNEQFF,TRBV6-4,TRBJ2-1,CAVEDSSYKLIF,Donor AJKQ118:L TCRab CD8ab MAIT,3.000000,-,-,-,-,-,-,-,-,-,-,-
379,S%LAGEGNE,1.3e-02,1,2,1.7e-07,1.0e+00,4.3e-02,1.4e-01,1.0e-03,2.9e-02,global-S%LAGEGNE,CASSfLAGegNEQFF,CASSFLAGEGNEQFF,TRBV13,TRBJ2-1,CATGTGANNLFF,Donor AJKQ118:PB TCRab CD8ab Naive/TCM,1.000000,-,-,-,-,-,-,-,-,-,-,-

380,SLG%GYE,1.5e-02,2,3,4.1e-08,1.0e+00,2.4e-02,2.8e-01,1.0e-03,6.2e-03,global-SLG%GYE,CASSLGTGYEQYF,CASSLGTGYEQYF,TRBV7-7,TRBJ2-7,CALSEAGAGGTSYGKLTF,Donor AJD3280:L TCRab CD8ab TRM,1.000000,-,-,-,-,-,-,-,-,-,-,-
380,SLG%GYE,1.5e-02,2,3,4.1e-08,1.0e+00,2.4e-02,2.8e-01,1.0e-03,6.2e-03,global-SLG%GYE,CASSLGQGyEQFF,CASSLGQGYEQFF,TRBV7-9,TRBJ2-1,CADLNQAGTALIF,Donor AJG2309:IEL TCRab CD8ab TRM,3.000000,-,-,-,-,-,-,-,-,-,-,-
380,SLG%GYE,1.5e-02,2,3,4.1e-08,1.0e+00,2.4e-02,2.8e-01,1.0e-03,6.2e-03,global-SLG%GYE,CASSLGQGyEQFF,CASSLGQGYEQFF,TRBV7-9,TRBJ2-1,CADLNQAGTALIF,Donor AJG2309:LP TCRab CD8ab TRM,1.000000,-,-,-,-,-,-,-,-,-,-,-
380,SLG%GYE,1.5e-02,2,3,4.1e-08,1.0e+00,2.4e-02,2.8e-01,1.0e-03,6.2e-03,global-SLG%GYE,CASSLgAGYEQYF,CASSLGAGYEQYF,TRBV5-1,TRBJ2-7,CAARGRDDKIIF,Donor AJD3280:L TCRab CD8ab Naive/TCM,1.000000,-,-,-,-,-,-,-,-,-,-,-

381,S%GSQET,1.7e-02,1,2,1.2e-08,1.0e+00,1.0e-03,4.0e-01,1.0e-03,2.9e-02,global-S%GSQET,CASSRgsQETQYF,CASSRGSQETQYF,TRBV11-2,TRBJ2-5,CAASGGSNYQLIW,Donor AJKQ118:L TCRab CD8ab TRM,1.000000,-,-,-,-,-,-,-,-,-,-,-
381,S%GSQET,1.7e-02,1,2,1.2e-08,1.0e+00,1.0e-03,4.0e-01,1.0e-03,2.9e-02,global-S%GSQET,CASSRgsQETQYF,CASSRGSQETQYF,TRBV11-2,TRBJ2-5,CAASGSNDYKLSF,Donor AJKQ118:L TCRab CD8ab TRM,2.000000,-,-,-,-,-,-,-,-,-,-,-
381,S%GSQET,1.7e-02,1,2,1.2e-08,1.0e+00,1.0e-03,4.0e-01,1.0e-03,2.9e-02,global-S%GSQET,CASSfgsQETQYF,CASSFGSQETQYF,TRBV11-2,TRBJ2-5,CAALLNTPLVF,Donor AJKQ118:L TCRab CD8ab TRM,1.000000,-,-,-,-,-,-,-,-,-,-,-

382,SS%ET,1.7e-02,2,2,1.7e-06,1.0e+00,5.9e-02,1.0e+00,1.0e-03,2.9e-02,global-SS%ET,CASSSrETQYF,CASSSRETQYF,TRBV6-5,TRBJ2-5,CALSDSWGKLQF,Donor AJKQ118:L TCRab CD8ab TRM,1.000000,-,-,-,-,-,-,-,-,-,-,-
382,SS%ET,1.7e-02,2,2,1.7e-06,1.0e+00,5.9e-02,1.0e+00,1.0e-03,2.9e-02,global-SS%ET,CASSStETQYF,CASSSTETQYF,TRBV7-2,TRBJ2-5,CAVSSYSSASKIIF,Donor AJD3280:IEL TCRab CD8ab TRM,1.000000,-,-,-,-,-,-,-,-,-,-,-

383,SDGG%YE,1.7e-02,2,2,6.9e-07,1.0e+00,1.1e-01,2.2e-01,1.0e-03,2.9e-02,global-SDGG%YE,CAISdgGTYEQYF,CAISDGGTYEQYF,TRBV10-3,TRBJ2-7,CAASFSEGQNFVF,Donor AJG2309:IEL TCRab CD8ab TRM,1.000000,-,-,-,-,-,-,-,-,-,-,-
383,SDGG%YE,1.7e-02,2,2,6.9e-07,1.0e+00,1.1e-01,2.2e-01,1.0e-03,2.9e-02,global-SDGG%YE,CAISdgGTYEQYF,CAISDGGTYEQYF,TRBV10-3,TRBJ2-7,CAALSNFGNEKLTF,Donor AJG2309:IEL TCRab CD8ab TRM,3.000000,-,-,-,-,-,-,-,-,-,-,-
383,SDGG%YE,1.7e-02,2,2,6.9e-07,1.0e+00,1.1e-01,2.2e-01,1.0e-03,2.9e-02,global-SDGG%YE,CATSDgGLYEQYF,CATSDGGLYEQYF,TRBV24-1,TRBJ2-7,CAVVFSGNQFYF,Donor AJKQ118:IEL TCRab CD8ab TRM,1.000000,-,-,-,-,-,-,-,-,-,-,-

384,G%GGYE,1.7e-02,1,2,1.5e-06,1.0e+00,5.2e-02,1.0e+00,1.0e-03,2.9e-02,global-G%GGYE,CSVGQGgYEQYF,CSVGQGGYEQYF,TRBV29-1,TRBJ2-7,CAGAGLGTGNQFYF,Donor AJD3280:IEL TCRab CD8ab TRM,1.000000,-,-,-,-,-,-,-,-,-,-,-
384,G%GGYE,1.7e-02,1,2,1.5e-06,1.0e+00,5.2e-02,1.0e+00,1.0e-03,2.9e-02,global-G%GGYE,CASGpGGYEQYF,CASGPGGYEQYF,TRBV9,TRBJ2-7,CAGLTNFGNEKLTF,Donor AJD3280:PB TCRab CD8ab Teff,1.000000,-,-,-,-,-,-,-,-,-,-,-

385,S%GLAYE,1.7e-02,2,2,1.8e-06,1.0e+00,6.1e-02,1.0e+00,1.0e-03,2.9e-02,global-S%GLAYE,CASSPGLAYEQYF,CASSPGLAYEQYF,TRBV12-4,TRBJ2-7,CLVYYQKVTF,Donor AJKQ118:PB TCRab CD8ab Naive/TCM,1.000000,-,-,-,-,-,-,-,-,-,-,-
385,S%GLAYE,1.7e-02,2,2,1.8e-06,1.0e+00,6.1e-02,1.0e+00,1.0e-03,2.9e-02,global-S%GLAYE,CASSSGLAYEQYF,CASSSGLAYEQYF,TRBV11-2,TRBJ2-7,CLVTPSNTGKLIF,Donor AJD3280:IEL TCRab CD8ab TRM,1.000000,-,-,-,-,-,-,-,-,-,-,-

386,RGG%NE,1.7e-02,2,2,1.4e-06,1.0e+00,4.8e-02,1.0e+00,1.0e-03,2.9e-02,global-RGG%NE,CATRGgvNEQFF,CATRGGVNEQFF,TRBV15,TRBJ2-1,CAGRGTTDSWGKLQF,Donor AJD3280:PB TCRab CD8ab Naive/TCM,1.000000,-,-,-,-,-,-,-,-,-,-,-
386,RGG%NE,1.7e-02,2,2,1.4e-06,1.0e+00,4.8e-02,1.0e+00,1.0e-03,2.9e-02,global-RGG%NE,CASRGggNEQFF,CASRGGGNEQFF,TRBV6-2,TRBJ2-1,CATDAFGGKLIF,Donor AJG2309:IEL TCRab CD8ab TRM,1.000000,-,-,-,-,-,-,-,-,-,-,-

387,SLG%TDT,1.7e-02,2,2,1.9e-06,1.0e+00,6.4e-02,1.0e+00,1.0e-03,2.9e-02,global-SLG%TDT,CASSLgvTDTQYF,CASSLGVTDTQYF,TRBV28,TRBJ2-3,CAETLTTDSWGKLQF,Donor AJG2309:PB TCRab CD8ab Teff,1.000000,-,-,-,-,-,-,-,-,-,-,-
387,SLG%TDT,1.7e-02,2,2,1.9e-06,1.0e+00,6.4e-02,1.0e+00,1.0e-03,2.9e-02,global-SLG%TDT,CASSLGGTDTQYF,CASSLGGTDTQYF,TRBV5-1,TRBJ2-3,CALRGGFGNVLHC,Donor AJKQ118:LP TCRab CD8ab TEM,1.000000,-,-,-,-,-,-,-,-,-,-,-

388,SL%RNTGE,1.7e-02,2,2,1.5e-06,1.0e+00,5.3e-02,1.0e+00,1.0e-03,2.9e-02,global-SL%RNTGE,CASSLnrNTGELFF,CASSLNRNTGELFF,TRBV7-3,TRBJ2-2,CAERSHNNNDMRF,Donor AJD3280:L TCRab CD8ab TRM,1.000000,-,-,-,-,-,-,-,-,-,-,-
388,SL%RNTGE,1.7e-02,2,2,1.5e-06,1.0e+00,5.3e-02,1.0e+00,1.0e-03,2.9e-02,global-SL%RNTGE,CASSLsrNTGELFF,CASSLSRNTGELFF,TRBV27,TRBJ2-2,CAMSDSGGGADGLTF,Donor AJG2309:IEL TCRab CD8ab TRM,1.000000,-,-,-,-,-,-,-,-,-,-,-

389,SL%IE,1.7e-02,1,2,8.5e-09,1.0e+00,1.0e-03,2.9e-01,1.0e-03,2.9e-02,global-SL%IE,CASSLsiEAFF,CASSLSIEAFF,TRBV7-9,TRBJ1-1,CAMWAQGAQKLVF,Donor AJD3280:IEL TCRab CD8ab TRM,1.000000,-,-,-,-,-,-,-,-,-,-,-
389,SL%IE,1.7e-02,1,2,8.5e-09,1.0e+00,1.0e-03,2.9e-01,1.0e-03,2.9e-02,global-SL%IE,CASSLgiEQYF,CASSLGIEQYF,TRBV7-9,TRBJ2-7,CAASPFSNFGNEKLTF,Donor AJD3280:L TCRab CD8ab Teff,2.000000,-,-,-,-,-,-,-,-,-,-,-

390,SLGV%TE,1.7e-02,2,2,1.4e-07,1.0e+00,7.2e-02,6.5e-02,1.0e-03,2.9e-02,global-SLGV%TE,CAWSlgvsTEAFF,CAWSLGVSTEAFF,TRBV30,TRBJ1-1,CAMRSYQAGTALIF,Donor AJG2309:IEL TCRab CD8ab TRM,6.000000,-,-,-,-,-,-,-,-,-,-,-
390,SLGV%TE,1.7e-02,2,2,1.4e-07,1.0e+00,7.2e-02,6.5e-02,1.0e-03,2.9e-02,global-SLGV%TE,CASSLgvNTEAFF,CASSLGVNTEAFF,TRBV11-3,TRBJ1-1,CAASGHNNARLMF,Donor AJD3280:L TCRab CD8ab TRM,1.000000,-,-,-,-,-,-,-,-,-,-,-

391,SP%GGTE,1.7e-02,1,2,4.8e-07,1.0e+00,5.6e-02,3.0e-01,1.0e-03,2.9e-02,global-SP%GGTE,CASSPRGgTEAFF,CASSPRGGTEAFF,TRBV7-6,TRBJ1-1,CAVNGPNARLMF,Donor AJKQ118:PB TCRab CD8ab Naive/TCM,1.000000,-,-,-,-,-,-,-,-,-,-,-
391,SP%GGTE,1.7e-02,1,2,4.8e-07,1.0e+00,5.6e-02,3.0e-01,1.0e-03,2.9e-02,global-SP%GGTE,CASSPTGGTEAFF,CASSPTGGTEAFF,TRBV7-9,TRBJ1-1,CAVRSDTGGFKTIF,Donor AJKQ118:IEL TCRab CD8ab TRM,2.000000,-,-,-,-,-,-,-,-,-,-,-

392,S%DRGSGNT,1.7e-02,2,2,1.7e-06,1.0e+00,5.7e-02,1.0e+00,1.0e-03,2.9e-02,global-S%DRGSGNT,CASSfDRGSGNTIYF,CASSFDRGSGNTIYF,TRBV5-1,TRBJ1-3,CAVGEDDYKLSF,Donor AJKQ118:PB TCRab CD8ab Naive/TCM,1.000000,-,-,-,-,-,-,-,-,-,-,-
392,S%DRGSGNT,1.7e-02,2,2,1.7e-06,1.0e+00,5.7e-02,1.0e+00,1.0e-03,2.9e-02,global-S%DRGSGNT,CASSQDRGSGNTIYF,CASSQDRGSGNTIYF,TRBV14,TRBJ1-3,CAEKSFGNEKLTF,Donor AJD3280:IEL TCRab CD8ab TRM,1.000000,-,-,-,-,-,-,-,-,-,-,-

393,S%DSYE,2.1e-02,2,3,9.1e-07,1.0e+00,1.5e-01,1.0e+00,1.0e-03,6.2e-03,global-S%DSYE,CAWSedSYEQYF,CAWSEDSYEQYF,TRBV30,TRBJ2-7,CAASPTWGSQGNLIF,Donor AJKQ118:LP TCRab CD8ab TEM,1.000000,-,-,-,-,-,-,-,-,-,-,-
393,S%DSYE,2.1e-02,2,3,9.1e-07,1.0e+00,1.5e-01,1.0e+00,1.0e-03,6.2e-03,global-S%DSYE,CASSRdSYEQYF,CASSRDSYEQYF,TRBV9,TRBJ2-7,CAYPNNARLMF,Donor AJG2309:LP TCRab CD8ab TRM,1.000000,-,-,-,-,-,-,-,-,-,-,-
393,S%DSYE,2.1e-02,2,3,9.1e-07,1.0e+00,1.5e-01,1.0e+00,1.0e-03,6.2e-03,global-S%DSYE,CASSLdSYEQYF,CASSLDSYEQYF,TRBV7-2,TRBJ2-7,CAASGGNTDKLIF,Donor AJG2309:IEL TCRab CD8ab TRM,1.000000,-,-,-,-,-,-,-,-,-,-,-

394,S%GGPYE,2.1e-02,1,2,2.4e-07,1.0e+00,5.1e-02,1.6e-01,1.0e-03,2.9e-02,global-S%GGPYE,CASSPGGpYEQYF,CASSPGGPYEQYF,TRBV11-2,TRBJ2-7,CASSSNTGKLIF,Donor AJD3280:IEL TCRab CD8ab TRM,3.000000,-,-,-,-,-,-,-,-,-,-,-
394,S%GGPYE,2.1e-02,1,2,2.4e-07,1.0e+00,5.1e-02,1.6e-01,1.0e-03,2.9e-02,global-S%GGPYE,CASSLGGpYEQYF,CASSLGGPYEQYF,TRBV7-2,TRBJ2-7,CASSSNTGKLIF,Donor AJD3280:IEL TCRab CD8ab TRM,1.000000,-,-,-,-,-,-,-,-,-,-,-

395,%EGYE,2.1e-02,2,2,2.9e-07,1.0e+00,1.0e-02,1.0e+00,1.0e-03,2.9e-02,global-%EGYE,CASyegyEAFF,CASYEGYEAFF,TRBV6-5,TRBJ1-1,CAVSPRDFNKFYF,Donor AJD3280:IEL TCRab CD8ab TRM,1.000000,-,-,-,-,-,-,-,-,-,-,-
395,%EGYE,2.1e-02,2,2,2.9e-07,1.0e+00,1.0e-02,1.0e+00,1.0e-03,2.9e-02,global-%EGYE,CASSEgyEAFF,CASSEGYEAFF,TRBV2,TRBJ1-1,CAASAPPNFGNEKLTF,Donor AJKQ118:L TCRab CD8ab Teff,1.000000,-,-,-,-,-,-,-,-,-,-,-
395,%EGYE,2.1e-02,2,2,2.9e-07,1.0e+00,1.0e-02,1.0e+00,1.0e-03,2.9e-02,global-%EGYE,CASSEgyEAFF,CASSEGYEAFF,TRBV2,TRBJ1-1,CAASAPPNFGNEKLTF,Donor AJKQ118:PB TCRab CD8ab TEM,1.000000,-,-,-,-,-,-,-,-,-,-,-
395,%EGYE,2.1e-02,2,2,2.9e-07,1.0e+00,1.0e-02,1.0e+00,1.0e-03,2.9e-02,global-%EGYE,CASSEgyEAFF,CASSEGYEAFF,TRBV2,TRBJ1-1,CAASAPPNFGNEKLTF,Donor AJKQ118:PB TCRab CD8ab Teff,1.000000,-,-,-,-,-,-,-,-,-,-,-

396,SS%SYE,2.1e-02,1,2,1.4e-06,1.0e+00,4.9e-02,1.0e+00,1.0e-03,2.9e-02,global-SS%SYE,CASSSnSYEQYF,CASSSNSYEQYF,TRBV19,TRBJ2-7,CAGRDSGGSNYKLTF,Donor AJD3280:L TCRab CD8ab TRM,1.000000,-,-,-,-,-,-,-,-,-,-,-
396,SS%SYE,2.1e-02,1,2,1.4e-06,1.0e+00,4.9e-02,1.0e+00,1.0e-03,2.9e-02,global-SS%SYE,CASSSySYEQYF,CASSSYSYEQYF,TRBV11-2,TRBJ2-7,CALGVDKLIF,Donor AJD3280:IEL TCRab CD8ab TRM,1.000000,-,-,-,-,-,-,-,-,-,-,-

397,SL%GSGE,2.1e-02,1,2,1.9e-06,1.0e+00,6.5e-02,1.0e+00,1.0e-03,2.9e-02,global-SL%GSGE,CASSLTGsGELFF,CASSLTGSGELFF,TRBV27,TRBJ2-2,CALSDLRWTGNQFYF,Donor AJD3280:IEL TCRab CD8ab TRM,1.000000,-,-,-,-,-,-,-,-,-,-,-
397,SL%GSGE,2.1e-02,1,2,1.9e-06,1.0e+00,6.5e-02,1.0e+00,1.0e-03,2.9e-02,global-SL%GSGE,CASSLSGsgEQFF,CASSLSGSGEQFF,TRBV5-1,TRBJ2-1,CAMRGYANAGKSTF,Donor AJD3280:L TCRab CD8ab Naive/TCM,1.000000,-,-,-,-,-,-,-,-,-,-,-

398,SLGG%NQP,2.1e-02,2,2,1.3e-07,1.0e+00,4.7e-02,9.8e-02,1.0e-03,2.9e-02,global-SLGG%NQP,CASSLGGSNQPQHF,CASSLGGSNQPQHF,TRBV13,TRBJ1-5,CALSAKAGGTSYGKLTF,Donor AJD3280:L TCRab CD8ab Naive/TCM,1.000000,-,-,-,-,-,-,-,-,-,-,-
398,SLGG%NQP,2.1e-02,2,2,1.3e-07,1.0e+00,4.7e-02,9.8e-02,1.0e-03,2.9e-02,global-SLGG%NQP,CASSLgGRNQPQHF,CASSLGGRNQPQHF,TRBV28,TRBJ1-5,CAFMKLSSSGTYKYIF,Donor AJKQ118:PB TCRab CD8ab Teff,4.000000,-,-,-,-,-,-,-,-,-,-,-

399,SSD%E,2.1e-02,1,2,1.1e-08,1.0e+00,1.0e-03,3.8e-01,1.0e-03,2.9e-02,global-SSD%E,CASSSdsEAFF,CASSSDSEAFF,TRBV7-9,TRBJ1-1,CAMRESGAGSYQLTF,Donor AJKQ118:PB TCRab CD8ab Naive/TCM,1.000000,-,-,-,-,-,-,-,-,-,-,-
399,SSD%E,2.1e-02,1,2,1.1e-08,1.0e+00,1.0e-03,3.8e-01,1.0e-03,2.9e-02,global-SSD%E,CASSSdiEAFF,CASSSDIEAFF,TRBV7-9,TRBJ1-1,CVVNRGDKIIF,Donor AJKQ118:IEL TCRab CD8ab TRM,2.000000,-,-,-,-,-,-,-,-,-,-,-
399,SSD%E,2.1e-02,1,2,1.1e-08,1.0e+00,1.0e-03,3.8e-01,1.0e-03,2.9e-02,global-SSD%E,CASSSdiEAFF,CASSSDIEAFF,TRBV7-9,TRBJ1-1,CVVNRGDKIIF,Donor AJKQ118:L TCRab CD8ab Teff,1.000000,-,-,-,-,-,-,-,-,-,-,-

400,SS%GGNE,2.1e-02,2,2,1.7e-06,1.0e+00,6.0e-02,1.0e+00,1.0e-03,2.9e-02,global-SS%GGNE,CASSSvGGNEQFF,CASSSVGGNEQFF,TRBV11-2,TRBJ2-1,CATNPTDSWGKLQF,Donor AJG2309:IEL TCRab CD8ab TRM,1.000000,-,-,-,-,-,-,-,-,-,-,-
400,SS%GGNE,2.1e-02,2,2,1.7e-06,1.0e+00,6.0e-02,1.0e+00,1.0e-03,2.9e-02,global-SS%GGNE,CASSSSGGNEQFF,CASSSSGGNEQFF,TRBV6-2,TRBJ2-1,CAMTLSGYALNF,Donor AJD3280:PB TCRab CD8ab Teff,1.000000,-,-,-,-,-,-,-,-,-,-,-

401,SGA%E,2.1e-02,2,2,4.4e-07,1.0e+00,5.6e-02,2.7e-01,1.0e-03,2.9e-02,global-SGA%E,CATSgaGELFF,CATSGAGELFF,TRBV24-1,TRBJ2-2,CILRDLYNDMRF,Donor AJKQ118:PB TCRab CD8ab Naive/TCM,1.000000,-,-,-,-,-,-,-,-,-,-,-
401,SGA%E,2.1e-02,2,2,4.4e-07,1.0e+00,5.6e-02,2.7e-01,1.0e-03,2.9e-02,global-SGA%E,CASSgaYEQYF,CASSGAYEQYF,TRBV10-2,TRBJ2-7,CATVLKNTDKLIF,Donor AJG2309:IEL TCRab CD8ab TRM,2.000000,-,-,-,-,-,-,-,-,-,-,-

402,SLEGG%E,2.1e-02,2,2,8.2e-09,1.0e+00,1.0e-03,2.8e-01,1.0e-03,2.9e-02,global-SLEGG%E,CASSLeGGYEQYF,CASSLEGGYEQYF,TRBV7-9,TRBJ2-7,CVVNGNAGNMLTF,Donor AJG2309:LP TCRab CD8ab TRM,1.000000,-,-,-,-,-,-,-,-,-,-,-
402,SLEGG%E,2.1e-02,2,2,8.2e-09,1.0e+00,1.0e-03,2.8e-01,1.0e-03,2.9e-02,global-SLEGG%E,CASSLeGGTEAFF,CASSLEGGTEAFF,TRBV7-9,TRBJ1-1,CADMDSSYKLIF,Donor AJD3280:L TCRab CD8ab TRM,2.000000,-,-,-,-,-,-,-,-,-,-,-

403,SLS%E,2.3e-02,2,3,1.0e-06,1.0e+00,1.6e-01,1.0e+00,1.0e-03,6.2e-03,global-SLS%E,CASSLspEQYF,CASSLSPEQYF,TRBV11-2,TRBJ2-7,CAEIGRGANNLFF,Donor AJKQ118:PB TCRab CD8ab Naive/TCM,1.000000,-,-,-,-,-,-,-,-,-,-,-
403,SLS%E,2.3e-02,2,3,1.0e-06,1.0e+00,1.6e-01,1.0e+00,1.0e-03,6.2e-03,global-SLS%E,CASSLsGELFF,CASSLSGELFF,TRBV12-4,TRBJ2-2,CALSEEGQGGSEKLVF,Donor AJD3280:L TCRab CD8ab TRM,1.000000,-,-,-,-,-,-,-,-,-,-,-
403,SLS%E,2.3e-02,2,3,1.0e-06,1.0e+00,1.6e-01,1.0e+00,1.0e-03,6.2e-03,global-SLS%E,CASSLsiEAFF,CASSLSIEAFF,TRBV7-9,TRBJ1-1,CAMWAQGAQKLVF,Donor AJD3280:IEL TCRab CD8ab TRM,1.000000,-,-,-,-,-,-,-,-,-,-,-

404,SL%GNE,2.4e-02,3,4,4.7e-10,1.0e+00,1.0e-02,2.0e-02,1.0e-03,2.3e-03,global-SL%GNE,CASSLAGNEQFF,CASSLAGNEQFF,TRBV12-4,TRBJ2-1,CAGRGNYGQNFVF,Donor AJD3280:L TCRab CD8ab TRM,1.000000,-,-,-,-,-,-,-,-,-,-,-
404,SL%GNE,2.4e-02,3,4,4.7e-10,1.0e+00,1.0e-02,2.0e-02,1.0e-03,2.3e-03,global-SL%GNE,CASSLAGNEQFF,CASSLAGNEQFF,TRBV7-9,TRBJ2-1,CAFMNYNQGGKLIF,Donor AJD3280:PB TCRab CD8ab Naive/TCM,1.000000,-,-,-,-,-,-,-,-,-,-,-
404,SL%GNE,2.4e-02,3,4,4.7e-10,1.0e+00,1.0e-02,2.0e-02,1.0e-03,2.3e-03,global-SL%GNE,CASSLAGNEQFF,CASSLAGNEQFF,TRBV12-4,TRBJ2-1,CAVRFDSGYALNF,Donor AJKQ118:IEL TCRab CD8ab TRM,2.000000,-,-,-,-,-,-,-,-,-,-,-
404,SL%GNE,2.4e-02,3,4,4.7e-10,1.0e+00,1.0e-02,2.0e-02,1.0e-03,2.3e-03,global-SL%GNE,CASSLAGNEQFF,CASSLAGNEQFF,TRBV12-4,TRBJ2-1,CAVRFDSGYALNF,Donor AJKQ118:L TCRab CD8ab Naive/TCM,2.000000,-,-,-,-,-,-,-,-,-,-,-
404,SL%GNE,2.4e-02,3,4,4.7e-10,1.0e+00,1.0e-02,2.0e-02,1.0e-03,2.3e-03,global-SL%GNE,CASSLAGNEQFF,CASSLAGNEQFF,TRBV12-4,TRBJ2-1,CAVRFDSGYALNF,Donor AJKQ118:L TCRab CD8ab TRM,20.000000,-,-,-,-,-,-,-,-,-,-,-
404,SL%GNE,2.4e-02,3,4,4.7e-10,1.0e+00,1.0e-02,2.0e-02,1.0e-03,2.3e-03,global-SL%GNE,CASSLGGNEQFF,CASSLGGNEQFF,TRBV27,TRBJ2-1,CASRFNKFYF,Donor AJG2309:IEL TCRab CD8ab TRM,1.000000,-,-,-,-,-,-,-,-,-,-,-
404,SL%GNE,2.4e-02,3,4,4.7e-10,1.0e+00,1.0e-02,2.0e-02,1.0e-03,2.3e-03,global-SL%GNE,CASSLegNEQFF,CASSLEGNEQFF,TRBV7-9,TRBJ2-1,CAYRNPPGNMLTF,Donor AJKQ118:PB TCRab CD8ab Naive/TCM,1.000000,-,-,-,-,-,-,-,-,-,-,-
404,SL%GNE,2.4e-02,3,4,4.7e-10,1.0e+00,1.0e-02,2.0e-02,1.0e-03,2.3e-03,global-SL%GNE,CASSLdgNEQFF,CASSLDGNEQFF,TRBV7-2,TRBJ2-1,CAGRDRDDKIIF,Donor AJKQ118:PB TCRab CD8ab Naive/TCM,1.000000,-,-,-,-,-,-,-,-,-,-,-

405,SL%GE,2.4e-02,2,4,3.2e-08,1.0e+00,2.7e-02,5.0e-01,1.0e-03,2.3e-03,global-SL%GE,CASSLsGELFF,CASSLSGELFF,TRBV12-4,TRBJ2-2,CALSEEGQGGSEKLVF,Donor AJD3280:L TCRab CD8ab TRM,1.000000,-,-,-,-,-,-,-,-,-,-,-
405,SL%GE,2.4e-02,2,4,3.2e-08,1.0e+00,2.7e-02,5.0e-01,1.0e-03,2.3e-03,global-SL%GE,CASSLlgEQYF,CASSLLGEQYF,TRBV5-4,TRBJ2-7,CAMREGNTGGFKTIF,Donor AJG2309:PB TCRab CD8ab Naive/TCM,1.000000,-,-,-,-,-,-,-,-,-,-,-
405,SL%GE,2.4e-02,2,4,3.2e-08,1.0e+00,2.7e-02,5.0e-01,1.0e-03,2.3e-03,global-SL%GE,CASSLlgEAFF,CASSLLGEAFF,TRBV7-9,TRBJ1-1,CAGEGRGSNYKLTF,Donor AJD3280:IEL TCRab CD8ab TRM,1.000000,-,-,-,-,-,-,-,-,-,-,-
405,SL%GE,2.4e-02,2,4,3.2e-08,1.0e+00,2.7e-02,5.0e-01,1.0e-03,2.3e-03,global-SL%GE,CASSLvgEQYF,CASSLVGEQYF,TRBV7-9,TRBJ2-7,CAANTNAGKSTF,Donor AJD3280:IEL TCRab CD8ab TRM,2.000000,-,-,-,-,-,-,-,-,-,-,-

406,SLLG%E,2.5e-02,1,2,1.7e-06,1.0e+00,5.9e-02,1.0e+00,1.0e-03,2.9e-02,global-SLLG%E,CASSLlgsEAFF,CASSLLGSEAFF,TRBV7-8,TRBJ1-1,CAVSPLRGYQKVTF,Donor AJD3280:L TCRab CD8ab Naive/TCM,1.000000,-,-,-,-,-,-,-,-,-,-,-
406,SLLG%E,2.5e-02,1,2,1.7e-06,1.0e+00,5.9e-02,1.0e+00,1.0e-03,2.9e-02,global-SLLG%E,CASSLlGGEQYF,CASSLLGGEQYF,TRBV7-2,TRBJ2-7,CALSDPGYGGSQGNLIF,Donor AJD3280:L TCRab CD8ab TRM,1.000000,-,-,-,-,-,-,-,-,-,-,-

407,SPGA%E,2.5e-02,2,2,1.8e-06,1.0e+00,6.3e-02,1.0e+00,1.0e-03,2.9e-02,global-SPGA%E,CASSPgapEAFF,CASSPGAPEAFF,TRBV3-1,TRBJ1-1,CAAIRFNNDMRF,Donor AJKQ118:IEL TCRab CD8ab TRM,1.000000,-,-,-,-,-,-,-,-,-,-,-
407,SPGA%E,2.5e-02,2,2,1.8e-06,1.0e+00,6.3e-02,1.0e+00,1.0e-03,2.9e-02,global-SPGA%E,CASSPgaTEAFF,CASSPGATEAFF,TRBV25-1,TRBJ1-1,CATDDYKLSF,Donor AJG2309:IEL TCRab CD8ab TRM,1.000000,-,-,-,-,-,-,-,-,-,-,-

408,SLSGS%E,2.5e-02,2,2,2.0e-06,1.0e+00,6.8e-02,1.0e+00,1.0e-03,2.9e-02,global-SLSGS%E,CASSLSGSYEQYF,CASSLSGSYEQYF,TRBV27,TRBJ2-7,CAFMKPGSGGSNYKLTF,Donor AJKQ118:PB TCRab CD8ab Naive/TCM,1.000000,-,-,-,-,-,-,-,-,-,-,-
408,SLSGS%E,2.5e-02,2,2,2.0e-06,1.0e+00,6.8e-02,1.0e+00,1.0e-03,2.9e-02,global-SLSGS%E,CASSLSGsgEQFF,CASSLSGSGEQFF,TRBV5-1,TRBJ2-1,CAMRGYANAGKSTF,Donor AJD3280:L TCRab CD8ab Naive/TCM,1.000000,-,-,-,-,-,-,-,-,-,-,-

409,RDG%E,2.5e-02,2,2,1.6e-06,1.0e+00,5.4e-02,1.0e+00,1.0e-03,2.9e-02,global-RDG%E,CASrdgTEAFF,CASRDGTEAFF,TRBV6-1,TRBJ1-1,CAATGGTGFQKLVF,Donor AJKQ118:PB TCRab CD8ab TEM,1.000000,-,-,-,-,-,-,-,-,-,-,-
409,RDG%E,2.5e-02,2,2,1.6e-06,1.0e+00,5.4e-02,1.0e+00,1.0e-03,2.9e-02,global-RDG%E,CSARdgYEQYF,CSARDGYEQYF,TRBV20-1,TRBJ2-7,CAVRALNDMRF,Donor AJD3280:L TCRab CD8ab Naive/TCM,1.000000,-,-,-,-,-,-,-,-,-,-,-

410,S%TGANTE,2.5e-02,1,2,1.3e-06,1.0e+00,4.3e-02,1.0e+00,1.0e-03,2.9e-02,global-S%TGANTE,CASSRTGaNTEAFF,CASSRTGANTEAFF,TRBV14,TRBJ1-1,CAVAGFQKLVF,Donor AJD3280:IEL TCRab CD8ab TRM,1.000000,-,-,-,-,-,-,-,-,-,-,-
410,S%TGANTE,2.5e-02,1,2,1.3e-06,1.0e+00,4.3e-02,1.0e+00,1.0e-03,2.9e-02,global-S%TGANTE,CASShTGaNTEAFF,CASSHTGANTEAFF,TRBV3-1,TRBJ1-1,CALTLNSGYSTLTF,Donor AJD3280:IEL TCRab CD8ab TRM,1.000000,-,-,-,-,-,-,-,-,-,-,-

411,SLVA%E,2.5e-02,1,2,2.0e-06,1.0e+00,6.9e-02,1.0e+00,1.0e-03,2.9e-02,global-SLVA%E,CASSLvaTEAFF,CASSLVATEAFF,TRBV5-1,TRBJ1-1,CALSRISSGSARQLTF,Donor AJD3280:L TCRab CD8ab Teff,1.000000,-,-,-,-,-,-,-,-,-,-,-
411,SLVA%E,2.5e-02,1,2,2.0e-06,1.0e+00,6.9e-02,1.0e+00,1.0e-03,2.9e-02,global-SLVA%E,CASSLvaYEQYF,CASSLVAYEQYF,TRBV11-2,TRBJ2-7,CLLLSSNTGKLIF,Donor AJD3280:IEL TCRab CD8ab TRM,1.000000,-,-,-,-,-,-,-,-,-,-,-

412,S%RGTYE,2.5e-02,2,2,1.3e-08,1.0e+00,2.0e-03,2.2e-01,1.0e-03,2.9e-02,global-S%RGTYE,CASSnRGtYEQYF,CASSNRGTYEQYF,TRBV7-8,TRBJ2-7,CAVRRHNAGNMLTF,Donor AJKQ118:IEL TCRab CD8ab TRM,1.000000,-,-,-,-,-,-,-,-,-,-,-
412,S%RGTYE,2.5e-02,2,2,1.3e-08,1.0e+00,2.0e-03,2.2e-01,1.0e-03,2.9e-02,global-S%RGTYE,CASSnRGtYEQYF,CASSNRGTYEQYF,TRBV7-8,TRBJ2-7,CAVRRHNAGNMLTF,Donor AJKQ118:L TCRab CD8ab TRM,3.000000,-,-,-,-,-,-,-,-,-,-,-
412,S%RGTYE,2.5e-02,2,2,1.3e-08,1.0e+00,2.0e-03,2.2e-01,1.0e-03,2.9e-02,global-S%RGTYE,CASSSRGtYEQYF,CASSSRGTYEQYF,TRBV13,TRBJ2-7,CAFPTGNQFYF,Donor AJD3280:IEL TCRab CD8ab TRM,1.000000,-,-,-,-,-,-,-,-,-,-,-

413,SL%GTDT,2.5e-02,2,2,1.5e-06,1.0e+00,5.1e-02,1.0e+00,1.0e-03,2.9e-02,global-SL%GTDT,CASSLAGTDTQYF,CASSLAGTDTQYF,TRBV7-6,TRBJ2-3,CAPPLSGNTPLVF,Donor AJG2309:LP TCRab CD8ab TEM,1.000000,-,-,-,-,-,-,-,-,-,-,-
413,SL%GTDT,2.5e-02,2,2,1.5e-06,1.0e+00,5.1e-02,1.0e+00,1.0e-03,2.9e-02,global-SL%GTDT,CASSLGGTDTQYF,CASSLGGTDTQYF,TRBV5-1,TRBJ2-3,CALRGGFGNVLHC,Donor AJKQ118:LP TCRab CD8ab TEM,1.000000,-,-,-,-,-,-,-,-,-,-,-

414,SPRG%TE,2.5e-02,2,2,1.7e-06,1.0e+00,6.0e-02,1.0e+00,1.0e-03,2.9e-02,global-SPRG%TE,CASSPRGetEQYF,CASSPRGETEQYF,TRBV5-6,TRBJ2-7,CAMREGPGTGRRALTF,Donor AJG2309:LP TCRab CD8ab TRM,1.000000,-,-,-,-,-,-,-,-,-,-,-
414,SPRG%TE,2.5e-02,2,2,1.7e-06,1.0e+00,6.0e-02,1.0e+00,1.0e-03,2.9e-02,global-SPRG%TE,CASSPRGgTEAFF,CASSPRGGTEAFF,TRBV7-6,TRBJ1-1,CAVNGPNARLMF,Donor AJKQ118:PB TCRab CD8ab Naive/TCM,1.000000,-,-,-,-,-,-,-,-,-,-,-

415,SLRG%YE,2.5e-02,2,2,3.0e-06,1.0e+00,1.0e-01,1.0e+00,1.0e-03,2.9e-02,global-SLRG%YE,CASSLRGlYEQYF,CASSLRGLYEQYF,TRBV28,TRBJ2-7,CALQREGRQLTF,Donor AJG2309:L TCRab CD8ab TRM,1.000000,-,-,-,-,-,-,-,-,-,-,-
415,SLRG%YE,2.5e-02,2,2,3.0e-06,1.0e+00,1.0e-01,1.0e+00,1.0e-03,2.9e-02,global-SLRG%YE,CASSLRGiYEQYF,CASSLRGIYEQYF,TRBV13,TRBJ2-7,CALARNAGNMLTF,Donor AJD3280:IEL TCRab CD8ab TRM,1.000000,-,-,-,-,-,-,-,-,-,-,-
415,SLRG%YE,2.5e-02,2,2,3.0e-06,1.0e+00,1.0e-01,1.0e+00,1.0e-03,2.9e-02,global-SLRG%YE,CASSLRGiYEQYF,CASSLRGIYEQYF,TRBV13,TRBJ2-7,CAVSFNAGGTSYGKLTF,Donor AJD3280:LP TCRab CD8ab TRM,1.000000,-,-,-,-,-,-,-,-,-,-,-

416,SEG%E,2.5e-02,2,2,1.7e-07,1.0e+00,6.0e-03,1.0e+00,1.0e-03,2.9e-02,global-SEG%E,CASSEGGEQYF,CASSEGGEQYF,TRBV6-1,TRBJ2-7,CAETPHSGNTPLVF,Donor AJD3280:PB TCRab CD8ab Naive/TCM,1.000000,-,-,-,-,-,-,-,-,-,-,-
416,SEG%E,2.5e-02,2,2,1.7e-07,1.0e+00,6.0e-03,1.0e+00,1.0e-03,2.9e-02,global-SEG%E,CASSEgyEAFF,CASSEGYEAFF,TRBV2,TRBJ1-1,CAASAPPNFGNEKLTF,Donor AJKQ118:L TCRab CD8ab Teff,1.000000,-,-,-,-,-,-,-,-,-,-,-
416,SEG%E,2.5e-02,2,2,1.7e-07,1.0e+00,6.0e-03,1.0e+00,1.0e-03,2.9e-02,global-SEG%E,CASSEgyEAFF,CASSEGYEAFF,TRBV2,TRBJ1-1,CAASAPPNFGNEKLTF,Donor AJKQ118:PB TCRab CD8ab TEM,1.000000,-,-,-,-,-,-,-,-,-,-,-
416,SEG%E,2.5e-02,2,2,1.7e-07,1.0e+00,6.0e-03,1.0e+00,1.0e-03,2.9e-02,global-SEG%E,CASSEgyEAFF,CASSEGYEAFF,TRBV2,TRBJ1-1,CAASAPPNFGNEKLTF,Donor AJKQ118:PB TCRab CD8ab Teff,1.000000,-,-,-,-,-,-,-,-,-,-,-

417,SLGR%E,2.5e-02,1,2,1.8e-06,1.0e+00,6.2e-02,1.0e+00,1.0e-03,2.9e-02,global-SLGR%E,CASSLgRGEQYF,CASSLGRGEQYF,TRBV7-9,TRBJ2-7,CAGRSNTGNQFYF,Donor AJD3280:LP TCRab CD8ab TRM,1.000000,-,-,-,-,-,-,-,-,-,-,-
417,SLGR%E,2.5e-02,1,2,1.8e-06,1.0e+00,6.2e-02,1.0e+00,1.0e-03,2.9e-02,global-SLGR%E,CASSLGRNEQFF,CASSLGRNEQFF,TRBV5-1,TRBJ2-1,CAAPDSNYQLIW,Donor AJD3280:PB TCRab CD8ab Teff,1.000000,-,-,-,-,-,-,-,-,-,-,-

418,S%GQGAYE,2.5e-02,2,2,1.3e-06,1.0e+00,4.5e-02,1.0e+00,1.0e-03,2.9e-02,global-S%GQGAYE,CASSPGQGaYEQYF,CASSPGQGAYEQYF,TRBV4-1,TRBJ2-7,CAFMKPRYNFNKFYF,Donor AJKQ118:PB TCRab CD8ab Naive/TCM,1.000000,-,-,-,-,-,-,-,-,-,-,-
418,S%GQGAYE,2.5e-02,2,2,1.3e-06,1.0e+00,4.5e-02,1.0e+00,1.0e-03,2.9e-02,global-S%GQGAYE,CASSVGQGaYEQYF,CASSVGQGAYEQYF,TRBV7-6,TRBJ2-7,CAEMDFTGGGNKLTF,Donor AJD3280:L TCRab CD8ab Naive/TCM,1.000000,-,-,-,-,-,-,-,-,-,-,-

419,SLGGGR%E,2.5e-02,1,2,1.7e-06,1.0e+00,5.8e-02,1.0e+00,1.0e-03,2.9e-02,global-SLGGGR%E,CASSLggGRYEQYF,CASSLGGGRYEQYF,TRBV5-6,TRBJ2-7,CAGPGGNKLVF,Donor AJD3280:L TCRab CD8ab Naive/TCM,1.000000,-,-,-,-,-,-,-,-,-,-,-
419,SLGGGR%E,2.5e-02,1,2,1.7e-06,1.0e+00,5.8e-02,1.0e+00,1.0e-03,2.9e-02,global-SLGGGR%E,CASSLggGRvEAFF,CASSLGGGRVEAFF,TRBV7-2,TRBJ1-1,CALSEAVNAGNMLTF,Donor AJD3280:IEL TCRab CD8ab TRM,1.000000,-,-,-,-,-,-,-,-,-,-,-

420,SR%RGGAET,2.5e-02,1,2,1.4e-06,1.0e+00,4.9e-02,1.0e+00,1.0e-03,2.9e-02,global-SR%RGGAET,CATSRDRGgaETQYF,CATSRDRGGAETQYF,TRBV15,TRBJ2-5,CAVRIIMNYGGSQGNLIF,Donor AJD3280:L TCRab CD8ab Teff,1.000000,-,-,-,-,-,-,-,-,-,-,-
420,SR%RGGAET,2.5e-02,1,2,1.4e-06,1.0e+00,4.9e-02,1.0e+00,1.0e-03,2.9e-02,global-SR%RGGAET,CASSRyRGgaETQYF,CASSRYRGGAETQYF,TRBV6-5,TRBJ2-5,CAVEDQLSDSWGKLQF,Donor AJD3280:L TCRab CD8ab Naive/TCM,1.000000,-,-,-,-,-,-,-,-,-,-,-

421,S%TGE,2.6e-02,2,3,1.1e-07,1.0e+00,6.5e-02,2.6e-01,1.0e-03,6.2e-03,global-S%TGE,CASSaTGEAFF,CASSATGEAFF,TRBV7-9,TRBJ1-1,CAASSNTGKLIF,Donor AJD3280:IEL TCRab CD8ab TRM,3.000000,-,-,-,-,-,-,-,-,-,-,-
421,S%TGE,2.6e-02,2,3,1.1e-07,1.0e+00,6.5e-02,2.6e-01,1.0e-03,6.2e-03,global-S%TGE,CASSaTGEAFF,CASSATGEAFF,TRBV7-9,TRBJ1-1,CAASSNTGKLIF,Donor AJD3280:LP TCRab CD8ab TEM,1.000000,-,-,-,-,-,-,-,-,-,-,-
421,S%TGE,2.6e-02,2,3,1.1e-07,1.0e+00,6.5e-02,2.6e-01,1.0e-03,6.2e-03,global-S%TGE,CASSNTGELFF,CASSNTGELFF,TRBV19,TRBJ2-2,CAVNVPYSSASKIIF,Donor AJD3280:IEL TCRab CD8ab TRM,2.000000,-,-,-,-,-,-,-,-,-,-,-
421,S%TGE,2.6e-02,2,3,1.1e-07,1.0e+00,6.5e-02,2.6e-01,1.0e-03,6.2e-03,global-S%TGE,CASSNTGELFF,CASSNTGELFF,TRBV5-1,TRBJ2-2,CAVNGGGGNKLTF,Donor AJD3280:PB TCRab CD8ab TEM,1.000000,-,-,-,-,-,-,-,-,-,-,-
421,S%TGE,2.6e-02,2,3,1.1e-07,1.0e+00,6.5e-02,2.6e-01,1.0e-03,6.2e-03,global-S%TGE,CAasdTGELFF,CAASDTGELFF,TRBV10-2,TRBJ2-2,CATEGQDTDKLIF,Donor AJG2309:PB TCRab CD8ab TEM,1.000000,-,-,-,-,-,-,-,-,-,-,-

422,S%GNTE,2.6e-02,3,3,6.5e-07,1.0e+00,4.3e-01,2.5e-01,1.0e-03,6.2e-03,global-S%GNTE,CASSLgNTEAFF,CASSLGNTEAFF,TRBV5-1,TRBJ1-1,CAFMKMIGGSQGNLIF,Donor AJD3280:IEL TCRab CD8ab TRM,2.000000,-,-,-,-,-,-,-,-,-,-,-
422,S%GNTE,2.6e-02,3,3,6.5e-07,1.0e+00,4.3e-01,2.5e-01,1.0e-03,6.2e-03,global-S%GNTE,CASSLgNTEAFF,CASSLGNTEAFF,TRBV13,TRBJ1-1,CAVKDYGNNRLAF,Donor AJG2309:IEL TCRab CD8ab TRM,1.000000,-,-,-,-,-,-,-,-,-,-,-
422,S%GNTE,2.6e-02,3,3,6.5e-07,1.0e+00,4.3e-01,2.5e-01,1.0e-03,6.2e-03,global-S%GNTE,CASSLgNTEAFF,CASSLGNTEAFF,TRBV11-3,TRBJ1-1,CAGQKAGAGSYQLTF,Donor AJG2309:IEL TCRab CD8ab TRM,3.000000,-,-,-,-,-,-,-,-,-,-,-
422,S%GNTE,2.6e-02,3,3,6.5e-07,1.0e+00,4.3e-01,2.5e-01,1.0e-03,6.2e-03,global-S%GNTE,CSVsQGNTEAFF,CSVSQGNTEAFF,TRBV29-1,TRBJ1-1,CGIGLYNQGGKLIF,Donor AJKQ118:IEL TCRab CD8ab TRM,1.000000,-,-,-,-,-,-,-,-,-,-,-
422,S%GNTE,2.6e-02,3,3,6.5e-07,1.0e+00,4.3e-01,2.5e-01,1.0e-03,6.2e-03,global-S%GNTE,CATSTGNTEAFF,CATSTGNTEAFF,TRBV6-5,TRBJ1-1,CAVRPGKHARLMF,Donor AJG2309:L TCRab CD8ab TRM,1.000000,-,-,-,-,-,-,-,-,-,-,-

423,S%GANV,3.0e-02,2,2,2.0e-07,1.0e+00,7.0e-03,1.0e+00,1.0e-03,2.9e-02,global-S%GANV,CASSPGANVLTF,CASSPGANVLTF,TRBV11-3,TRBJ2-6,CALSERGSNFGNEKLTF,Donor AJD3280:L TCRab CD8ab Teff,1.000000,-,-,-,-,-,-,-,-,-,-,-
423,S%GANV,3.0e-02,2,2,2.0e-07,1.0e+00,7.0e-03,1.0e+00,1.0e-03,2.9e-02,global-S%GANV,CASSPGANVLTF,CASSPGANVLTF,TRBV11-3,TRBJ2-6,CALSERGSNFGNEKLTF,Donor AJD3280:PB TCRab CD8ab Teff,1.000000,-,-,-,-,-,-,-,-,-,-,-
423,S%GANV,3.0e-02,2,2,2.0e-07,1.0e+00,7.0e-03,1.0e+00,1.0e-03,2.9e-02,global-S%GANV,CASStGANVLTF,CASSTGANVLTF,TRBV25-1,TRBJ2-6,CAVRSGTGNQFYF,Donor AJG2309:PB TCRab CD8ab Naive/TCM,1.000000,-,-,-,-,-,-,-,-,-,-,-

424,S%AGGSYE,3.0e-02,1,2,5.1e-07,1.0e+00,6.4e-02,2.8e-01,1.0e-03,2.9e-02,global-S%AGGSYE,CASSfAGGSYEQYF,CASSFAGGSYEQYF,TRBV5-5,TRBJ2-7,CAVPLHNNAGNMLTF,Donor AJD3280:IEL TCRab CD8ab TRM,1.000000,-,-,-,-,-,-,-,-,-,-,-
424,S%AGGSYE,3.0e-02,1,2,5.1e-07,1.0e+00,6.4e-02,2.8e-01,1.0e-03,2.9e-02,global-S%AGGSYE,CASSLAGGSYEQYF,CASSLAGGSYEQYF,TRBV5-1,TRBJ2-7,CAEMNSGYSTLTF,Donor AJD3280:IEL TCRab CD8ab TRM,2.000000,-,-,-,-,-,-,-,-,-,-,-

425,SF%ENTE,3.0e-02,2,2,1.7e-06,1.0e+00,5.7e-02,1.0e+00,1.0e-03,2.9e-02,global-SF%ENTE,CASSffeNTEAFF,CASSFFENTEAFF,TRBV28,TRBJ1-1,CALRSGGSYIPTF,Donor AJG2309:PB TCRab CD8ab Naive/TCM,1.000000,-,-,-,-,-,-,-,-,-,-,-
425,SF%ENTE,3.0e-02,2,2,1.7e-06,1.0e+00,5.7e-02,1.0e+00,1.0e-03,2.9e-02,global-SF%ENTE,CASSfgeNTEAFF,CASSFGENTEAFF,TRBV7-9,TRBJ1-1,CAAKVKSGSRLTF,Donor AJD3280:L TCRab CD8ab Teff,1.000000,-,-,-,-,-,-,-,-,-,-,-

426,SF%GNTE,3.0e-02,2,2,1.6e-06,1.0e+00,5.6e-02,1.0e+00,1.0e-03,2.9e-02,global-SF%GNTE,CASSfdgNTEAFF,CASSFDGNTEAFF,TRBV5-6,TRBJ1-1,CAENRPRSGSARQLTF,Donor AJG2309:PB TCRab CD8ab Teff,1.000000,-,-,-,-,-,-,-,-,-,-,-
426,SF%GNTE,3.0e-02,2,2,1.6e-06,1.0e+00,5.6e-02,1.0e+00,1.0e-03,2.9e-02,global-SF%GNTE,CASSfngNTEAFF,CASSFNGNTEAFF,TRBV7-3,TRBJ1-1,CAHKSGAGSYQLTF,Donor AJD3280:L TCRab CD8ab TRM,1.000000,-,-,-,-,-,-,-,-,-,-,-

427,SPGTS%E,3.0e-02,1,2,5.3e-07,1.0e+00,7.9e-02,2.3e-01,1.0e-03,2.9e-02,global-SPGTS%E,CASSPGTSYEQYF,CASSPGTSYEQYF,TRBV4-1,TRBJ2-7,CAMSNILTGGGNKLTF,Donor AJD3280:LP TCRab CD8ab TRM,1.000000,-,-,-,-,-,-,-,-,-,-,-
427,SPGTS%E,3.0e-02,1,2,5.3e-07,1.0e+00,7.9e-02,2.3e-01,1.0e-03,2.9e-02,global-SPGTS%E,CASSPGTShEQYF,CASSPGTSHEQYF,TRBV5-1,TRBJ2-7,CAVSDSWGKLQF,Donor AJD3280:IEL TCRab CD8ab TRM,3.000000,-,-,-,-,-,-,-,-,-,-,-
427,SPGTS%E,3.0e-02,1,2,5.3e-07,1.0e+00,7.9e-02,2.3e-01,1.0e-03,2.9e-02,global-SPGTS%E,CASSPGTShEQYF,CASSPGTSHEQYF,TRBV5-1,TRBJ2-7,CAVSDSWGKLQF,Donor AJD3280:LP TCRab CD8ab TRM,1.000000,-,-,-,-,-,-,-,-,-,-,-

428,SLGG%NTE,3.0e-02,2,2,1.2e-07,1.0e+00,2.9e-02,1.4e-01,1.0e-03,2.9e-02,global-SLGG%NTE,CASSLgGLNTEAFF,CASSLGGLNTEAFF,TRBV12-4,TRBJ1-1,CALPTQGGSEKLVF,Donor AJKQ118:L TCRab CD8ab TRM,1.000000,-,-,-,-,-,-,-,-,-,-,-
428,SLGG%NTE,3.0e-02,2,2,1.2e-07,1.0e+00,2.9e-02,1.4e-01,1.0e-03,2.9e-02,global-SLGG%NTE,CASSLgGLNTEAFF,CASSLGGLNTEAFF,TRBV12-4,TRBJ1-1,CAVNSAAGNKLTF,Donor AJKQ118:L TCRab CD8ab TRM,4.000000,-,-,-,-,-,-,-,-,-,-,-
428,SLGG%NTE,3.0e-02,2,2,1.2e-07,1.0e+00,2.9e-02,1.4e-01,1.0e-03,2.9e-02,global-SLGG%NTE,CASSLgGRNTEAFF,CASSLGGRNTEAFF,TRBV7-8,TRBJ1-1,CAAEQEDTGRRALTF,Donor AJG2309:IEL TCRab CD8ab TRM,2.000000,-,-,-,-,-,-,-,-,-,-,-
428,SLGG%NTE,3.0e-02,2,2,1.2e-07,1.0e+00,2.9e-02,1.4e-01,1.0e-03,2.9e-02,global-SLGG%NTE,CASSLgGRNTEAFF,CASSLGGRNTEAFF,TRBV5-6,TRBJ1-1,CAVNSHNAGNMLTF,Donor AJKQ118:PB TCRab CD8ab Naive/TCM,1.000000,-,-,-,-,-,-,-,-,-,-,-

429,SL%SE,3.0e-02,1,2,1.9e-06,1.0e+00,6.4e-02,1.0e+00,1.0e-03,2.9e-02,global-SL%SE,CASSLgsEQYF,CASSLGSEQYF,TRBV27,TRBJ2-7,CAVSPNNDMRF,Donor AJG2309:IEL TCRab CD8ab TRM,1.000000,-,-,-,-,-,-,-,-,-,-,-
429,SL%SE,3.0e-02,1,2,1.9e-06,1.0e+00,6.4e-02,1.0e+00,1.0e-03,2.9e-02,global-SL%SE,CASSLdsEAFF,CASSLDSEAFF,TRBV7-9,TRBJ1-1,CACTGGYQKVTF,Donor AJG2309:IEL TCRab CD8ab TRM,1.000000,-,-,-,-,-,-,-,-,-,-,-

430,SL%GET,3.1e-02,2,3,1.2e-07,1.0e+00,1.5e-01,1.3e-01,1.0e-03,6.2e-03,global-SL%GET,CASSLTGETQYF,CASSLTGETQYF,TRBV6-6,TRBJ2-5,CAGSRADYKLSF,Donor AJKQ118:IEL TCRab CD8ab TRM,5.000000,-,-,-,-,-,-,-,-,-,-,-
430,SL%GET,3.1e-02,2,3,1.2e-07,1.0e+00,1.5e-01,1.3e-01,1.0e-03,6.2e-03,global-SL%GET,CSASlSGETQYF,CSASLSGETQYF,TRBV20-1,TRBJ2-5,CASNNNARLMF,Donor AJD3280:PB TCRab CD8ab Naive/TCM,1.000000,-,-,-,-,-,-,-,-,-,-,-
430,SL%GET,3.1e-02,2,3,1.2e-07,1.0e+00,1.5e-01,1.3e-01,1.0e-03,6.2e-03,global-SL%GET,CASSLGGETQYF,CASSLGGETQYF,TRBV12-4,TRBJ2-5,CAETPNGQKLLF,Donor AJD3280:IEL TCRab CD8ab TRM,1.000000,-,-,-,-,-,-,-,-,-,-,-

431,S%GQAYE,3.1e-02,2,3,9.9e-11,1.0e+00,1.0e-03,1.6e-02,1.0e-03,6.2e-03,global-S%GQAYE,CASSSGQaYEQYF,CASSSGQAYEQYF,TRBV27,TRBJ2-7,CAVRNNRLAF,Donor AJD3280:PB TCRab CD8ab Teff,1.000000,-,-,-,-,-,-,-,-,-,-,-
431,S%GQAYE,3.1e-02,2,3,9.9e-11,1.0e+00,1.0e-03,1.6e-02,1.0e-03,6.2e-03,global-S%GQAYE,CASSmGQaYEQYF,CASSMGQAYEQYF,TRBV7-8,TRBJ2-7,CILPLAGGTSYGKLTF,Donor AJG2309:L TCRab CD8ab TRM,1.000000,-,-,-,-,-,-,-,-,-,-,-
431,S%GQAYE,3.1e-02,2,3,9.9e-11,1.0e+00,1.0e-03,1.6e-02,1.0e-03,6.2e-03,global-S%GQAYE,CASSmGQaYEQYF,CASSMGQAYEQYF,TRBV7-8,TRBJ2-7,CILPLAGGTSYGKLTF,Donor AJG2309:LP TCRab CD8ab TEM,1.000000,-,-,-,-,-,-,-,-,-,-,-
431,S%GQAYE,3.1e-02,2,3,9.9e-11,1.0e+00,1.0e-03,1.6e-02,1.0e-03,6.2e-03,global-S%GQAYE,CASSmGQaYEQYF,CASSMGQAYEQYF,TRBV7-8,TRBJ2-7,CAARRYSGGGADGLTF,Donor AJG2309:LP TCRab CD8ab TEM,1.000000,-,-,-,-,-,-,-,-,-,-,-
431,S%GQAYE,3.1e-02,2,3,9.9e-11,1.0e+00,1.0e-03,1.6e-02,1.0e-03,6.2e-03,global-S%GQAYE,CASSmGQaYEQYF,CASSMGQAYEQYF,TRBV7-8,TRBJ2-7,CILPLAGGTSYGKLTF,Donor AJG2309:PB TCRab CD8ab Teff,1.000000,-,-,-,-,-,-,-,-,-,-,-
431,S%GQAYE,3.1e-02,2,3,9.9e-11,1.0e+00,1.0e-03,1.6e-02,1.0e-03,6.2e-03,global-S%GQAYE,CASSLGQaYEQYF,CASSLGQAYEQYF,TRBV7-8,TRBJ2-7,CINPLAGGTSYGKLTF,Donor AJG2309:L TCRab CD8ab Naive/TCM,1.000000,-,-,-,-,-,-,-,-,-,-,-
431,S%GQAYE,3.1e-02,2,3,9.9e-11,1.0e+00,1.0e-03,1.6e-02,1.0e-03,6.2e-03,global-S%GQAYE,CASSLGQaYEQYF,CASSLGQAYEQYF,TRBV7-8,TRBJ2-7,CILPLAGGTSYGKLTF,Donor AJG2309:L TCRab CD8ab TRM,1.000000,-,-,-,-,-,-,-,-,-,-,-
431,S%GQAYE,3.1e-02,2,3,9.9e-11,1.0e+00,1.0e-03,1.6e-02,1.0e-03,6.2e-03,global-S%GQAYE,CASSLGQaYEQYF,CASSLGQAYEQYF,TRBV7-8,TRBJ2-7,CINPLAGGTSYGKLTF,Donor AJG2309:L TCRab CD8ab TRM,6.000000,-,-,-,-,-,-,-,-,-,-,-
431,S%GQAYE,3.1e-02,2,3,9.9e-11,1.0e+00,1.0e-03,1.6e-02,1.0e-03,6.2e-03,global-S%GQAYE,CASSLGQaYEQYF,CASSLGQAYEQYF,TRBV7-8,TRBJ2-7,CINPLAGGTSYGKLTF,Donor AJG2309:L TCRab CD8ab Teff,2.000000,-,-,-,-,-,-,-,-,-,-,-
431,S%GQAYE,3.1e-02,2,3,9.9e-11,1.0e+00,1.0e-03,1.6e-02,1.0e-03,6.2e-03,global-S%GQAYE,CASSLGQaYEQYF,CASSLGQAYEQYF,TRBV7-8,TRBJ2-7,CINPLAGGTSYGKLTF,Donor AJG2309:LP TCRab CD8ab TCM,1.000000,-,-,-,-,-,-,-,-,-,-,-
431,S%GQAYE,3.1e-02,2,3,9.9e-11,1.0e+00,1.0e-03,1.6e-02,1.0e-03,6.2e-03,global-S%GQAYE,CASSLGQaYEQYF,CASSLGQAYEQYF,TRBV7-8,TRBJ2-7,CINPLAGGTSYGKLTF,Donor AJG2309:LP TCRab CD8ab TEM,9.000000,-,-,-,-,-,-,-,-,-,-,-
431,S%GQAYE,3.1e-02,2,3,9.9e-11,1.0e+00,1.0e-03,1.6e-02,1.0e-03,6.2e-03,global-S%GQAYE,CASSLGQaYEQYF,CASSLGQAYEQYF,TRBV7-8,TRBJ2-7,CINPLAGGTSYGKLTF,Donor AJG2309:PB TCRab CD8ab Naive/TCM,1.000000,-,-,-,-,-,-,-,-,-,-,-
431,S%GQAYE,3.1e-02,2,3,9.9e-11,1.0e+00,1.0e-03,1.6e-02,1.0e-03,6.2e-03,global-S%GQAYE,CASSLGQaYEQYF,CASSLGQAYEQYF,TRBV7-8,TRBJ2-7,CINPLAGGTSYGKLTF,Donor AJG2309:PB TCRab CD8ab TEM,3.000000,-,-,-,-,-,-,-,-,-,-,-
431,S%GQAYE,3.1e-02,2,3,9.9e-11,1.0e+00,1.0e-03,1.6e-02,1.0e-03,6.2e-03,global-S%GQAYE,CASSLGQaYEQYF,CASSLGQAYEQYF,TRBV7-8,TRBJ2-7,CINPLAGGTSYGKLTF,Donor AJG2309:PB TCRab CD8ab Teff,17.000000,-,-,-,-,-,-,-,-,-,-,-

432,S%GDT,3.3e-02,1,3,1.0e-06,1.0e+00,1.6e-01,1.0e+00,1.0e-03,6.2e-03,global-S%GDT,CASSLgDTQYF,CASSLGDTQYF,TRBV27,TRBJ2-3,CAENMVGDYKLSF,Donor AJD3280:L TCRab CD8ab Naive/TCM,1.000000,-,-,-,-,-,-,-,-,-,-,-
432,S%GDT,3.3e-02,1,3,1.0e-06,1.0e+00,1.6e-01,1.0e+00,1.0e-03,6.2e-03,global-S%GDT,CASSYgDTQYF,CASSYGDTQYF,TRBV6-2,TRBJ2-3,CAVGAGSYQLTF,Donor AJD3280:LP TCRab CD8ab TCM,1.000000,-,-,-,-,-,-,-,-,-,-,-
432,S%GDT,3.3e-02,1,3,1.0e-06,1.0e+00,1.6e-01,1.0e+00,1.0e-03,6.2e-03,global-S%GDT,CASSSgDTQYF,CASSSGDTQYF,TRBV7-9,TRBJ2-3,CAPWEKAAGNKLTF,Donor AJD3280:L TCRab CD8ab TRM,1.000000,-,-,-,-,-,-,-,-,-,-,-

433,SLG%GE,3.3e-02,2,4,2.1e-07,1.0e+00,3.0e-01,3.0e-01,1.0e-03,2.3e-03,global-SLG%GE,CASSLgAGEQYF,CASSLGAGEQYF,TRBV5-1,TRBJ2-7,CALASGTYKYIF,Donor AJD3280:IEL TCRab CD8ab TRM,1.000000,-,-,-,-,-,-,-,-,-,-,-
433,SLG%GE,3.3e-02,2,4,2.1e-07,1.0e+00,3.0e-01,3.0e-01,1.0e-03,2.3e-03,global-SLG%GE,CASSLgRGEQYF,CASSLGRGEQYF,TRBV7-9,TRBJ2-7,CAGRSNTGNQFYF,Donor AJD3280:LP TCRab CD8ab TRM,1.000000,-,-,-,-,-,-,-,-,-,-,-
433,SLG%GE,3.3e-02,2,4,2.1e-07,1.0e+00,3.0e-01,3.0e-01,1.0e-03,2.3e-03,global-SLG%GE,CASSLgvGELFF,CASSLGVGELFF,TRBV12-3,TRBJ2-2,CAVEANDMRF,Donor AJD3280:IEL TCRab CD8ab TRM,3.000000,-,-,-,-,-,-,-,-,-,-,-
433,SLG%GE,3.3e-02,2,4,2.1e-07,1.0e+00,3.0e-01,3.0e-01,1.0e-03,2.3e-03,global-SLG%GE,CASSLGGgEQFF,CASSLGGGEQFF,TRBV7-7,TRBJ2-1,CARDYNQGGKLIF,Donor AJG2309:L TCRab CD8ab TRM,1.000000,-,-,-,-,-,-,-,-,-,-,-

434,SLG%D,3.5e-02,2,2,1.5e-06,1.0e+00,5.2e-02,1.0e+00,1.0e-03,2.9e-02,global-SLG%D,CASSLGTdQYF,CASSLGTDQYF,TRBV11-2,TRBJ2-7,CADLKAAGNKLTF,Donor AJG2309:IEL TCRab CD8ab TRM,1.000000,-,-,-,-,-,-,-,-,-,-,-
434,SLG%D,3.5e-02,2,2,1.5e-06,1.0e+00,5.2e-02,1.0e+00,1.0e-03,2.9e-02,global-SLG%D,CASSLGGdQYF,CASSLGGDQYF,TRBV7-7,TRBJ2-5,CAVKVYGGSQGNLIF,Donor AJKQ118:PB TCRab CD8ab Naive/TCM,1.000000,-,-,-,-,-,-,-,-,-,-,-

435,SL%GSE,3.5e-02,1,2,1.5e-06,1.0e+00,5.0e-02,1.0e+00,1.0e-03,2.9e-02,global-SL%GSE,CASSLlgsEAFF,CASSLLGSEAFF,TRBV7-8,TRBJ1-1,CAVSPLRGYQKVTF,Donor AJD3280:L TCRab CD8ab Naive/TCM,1.000000,-,-,-,-,-,-,-,-,-,-,-
435,SL%GSE,3.5e-02,1,2,1.5e-06,1.0e+00,5.0e-02,1.0e+00,1.0e-03,2.9e-02,global-SL%GSE,CASSLpgsEAFF,CASSLPGSEAFF,TRBV3-1,TRBJ1-1,CAVSLNTGKLIF,Donor AJD3280:IEL TCRab CD8ab TRM,1.000000,-,-,-,-,-,-,-,-,-,-,-

436,SLA%NE,3.5e-02,2,2,7.2e-09,1.0e+00,1.3e-02,1.9e-02,1.0e-03,2.9e-02,global-SLA%NE,CASSLawNEQFF,CASSLAWNEQFF,TRBV7-2,TRBJ2-1,CAMSSNSGGSNYKLTF,Donor AJKQ118:PB TCRab CD8ab Naive/TCM,1.000000,-,-,-,-,-,-,-,-,-,-,-
436,SLA%NE,3.5e-02,2,2,7.2e-09,1.0e+00,1.3e-02,1.9e-02,1.0e-03,2.9e-02,global-SLA%NE,CASSLAGNEQFF,CASSLAGNEQFF,TRBV12-4,TRBJ2-1,CAGRGNYGQNFVF,Donor AJD3280:L TCRab CD8ab TRM,1.000000,-,-,-,-,-,-,-,-,-,-,-
436,SLA%NE,3.5e-02,2,2,7.2e-09,1.0e+00,1.3e-02,1.9e-02,1.0e-03,2.9e-02,global-SLA%NE,CASSLAGNEQFF,CASSLAGNEQFF,TRBV7-9,TRBJ2-1,CAFMNYNQGGKLIF,Donor AJD3280:PB TCRab CD8ab Naive/TCM,1.000000,-,-,-,-,-,-,-,-,-,-,-
436,SLA%NE,3.5e-02,2,2,7.2e-09,1.0e+00,1.3e-02,1.9e-02,1.0e-03,2.9e-02,global-SLA%NE,CASSLAGNEQFF,CASSLAGNEQFF,TRBV12-4,TRBJ2-1,CAVRFDSGYALNF,Donor AJKQ118:IEL TCRab CD8ab TRM,2.000000,-,-,-,-,-,-,-,-,-,-,-
436,SLA%NE,3.5e-02,2,2,7.2e-09,1.0e+00,1.3e-02,1.9e-02,1.0e-03,2.9e-02,global-SLA%NE,CASSLAGNEQFF,CASSLAGNEQFF,TRBV12-4,TRBJ2-1,CAVRFDSGYALNF,Donor AJKQ118:L TCRab CD8ab Naive/TCM,2.000000,-,-,-,-,-,-,-,-,-,-,-
436,SLA%NE,3.5e-02,2,2,7.2e-09,1.0e+00,1.3e-02,1.9e-02,1.0e-03,2.9e-02,global-SLA%NE,CASSLAGNEQFF,CASSLAGNEQFF,TRBV12-4,TRBJ2-1,CAVRFDSGYALNF,Donor AJKQ118:L TCRab CD8ab TRM,20.000000,-,-,-,-,-,-,-,-,-,-,-

437,S%GSE,3.5e-02,2,2,1.9e-06,1.0e+00,6.4e-02,1.0e+00,1.0e-03,2.9e-02,global-S%GSE,CASSLgsEQYF,CASSLGSEQYF,TRBV27,TRBJ2-7,CAVSPNNDMRF,Donor AJG2309:IEL TCRab CD8ab TRM,1.000000,-,-,-,-,-,-,-,-,-,-,-
437,S%GSE,3.5e-02,2,2,1.9e-06,1.0e+00,6.4e-02,1.0e+00,1.0e-03,2.9e-02,global-S%GSE,CASSwgsEAFF,CASSWGSEAFF,TRBV7-2,TRBJ1-1,CAMKGGGSQGNLIF,Donor AJD3280:IEL TCRab CD8ab TRM,1.000000,-,-,-,-,-,-,-,-,-,-,-

438,SLG%SSYE,3.5e-02,1,2,1.7e-06,1.0e+00,6.0e-02,1.0e+00,1.0e-03,2.9e-02,global-SLG%SSYE,CASSLGGsSYEQYF,CASSLGGSSYEQYF,TRBV3-1,TRBJ2-7,CAVGDDKIIF,Donor AJKQ118:PB TCRab CD8ab Naive/TCM,1.000000,-,-,-,-,-,-,-,-,-,-,-
438,SLG%SSYE,3.5e-02,1,2,1.7e-06,1.0e+00,6.0e-02,1.0e+00,1.0e-03,2.9e-02,global-SLG%SSYE,CASSLGLsSYEQYF,CASSLGLSSYEQYF,TRBV7-2,TRBJ2-7,CAMREDQTGANNLFF,Donor AJKQ118:PB TCRab CD8ab Naive/TCM,1.000000,-,-,-,-,-,-,-,-,-,-,-

439,SPGQGA%E,3.5e-02,1,2,1.5e-06,1.0e+00,5.2e-02,1.0e+00,1.0e-03,2.9e-02,global-SPGQGA%E,CASSPGQGaYEQYF,CASSPGQGAYEQYF,TRBV4-1,TRBJ2-7,CAFMKPRYNFNKFYF,Donor AJKQ118:PB TCRab CD8ab Naive/TCM,1.000000,-,-,-,-,-,-,-,-,-,-,-
439,SPGQGA%E,3.5e-02,1,2,1.5e-06,1.0e+00,5.2e-02,1.0e+00,1.0e-03,2.9e-02,global-SPGQGA%E,CASSPGQGavEQFF,CASSPGQGAVEQFF,TRBV7-2,TRBJ2-1,CAAPRGAGGTSYGKLTF,Donor AJKQ118:IEL TCRab CD8ab TRM,1.000000,-,-,-,-,-,-,-,-,-,-,-

440,S%SGET,3.6e-02,1,3,9.0e-07,1.0e+00,1.5e-01,1.0e+00,1.0e-03,6.2e-03,global-S%SGET,CASSSSGETQYF,CASSSSGETQYF,TRBV6-2,TRBJ2-5,CAFSSGSARQLTF,Donor AJD3280:L TCRab CD8ab TRM,1.000000,-,-,-,-,-,-,-,-,-,-,-
440,S%SGET,3.6e-02,1,3,9.0e-07,1.0e+00,1.5e-01,1.0e+00,1.0e-03,6.2e-03,global-S%SGET,CSASlSGETQYF,CSASLSGETQYF,TRBV20-1,TRBJ2-5,CASNNNARLMF,Donor AJD3280:PB TCRab CD8ab Naive/TCM,1.000000,-,-,-,-,-,-,-,-,-,-,-
440,S%SGET,3.6e-02,1,3,9.0e-07,1.0e+00,1.5e-01,1.0e+00,1.0e-03,6.2e-03,global-S%SGET,CATSDSGETQYF,CATSDSGETQYF,TRBV24-1,TRBJ2-5,CAVRDMSTNAGKSTF,Donor AJD3280:PB TCRab CD8ab Naive/TCM,1.000000,-,-,-,-,-,-,-,-,-,-,-

441,SLA%E,3.6e-02,2,3,1.0e-06,1.0e+00,1.6e-01,1.0e+00,1.0e-03,6.2e-03,global-SLA%E,CASSLadEQYF,CASSLADEQYF,TRBV12-3,TRBJ2-7,CAASPPYNTDKLIF,Donor AJKQ118:PB TCRab CD8ab Naive/TCM,1.000000,-,-,-,-,-,-,-,-,-,-,-
441,SLA%E,3.6e-02,2,3,1.0e-06,1.0e+00,1.6e-01,1.0e+00,1.0e-03,6.2e-03,global-SLA%E,CASSLaNEQFF,CASSLANEQFF,TRBV5-6,TRBJ2-1,CAASPNTGGFKTIF,Donor AJKQ118:PB TCRab CD8ab Naive/TCM,1.000000,-,-,-,-,-,-,-,-,-,-,-
441,SLA%E,3.6e-02,2,3,1.0e-06,1.0e+00,1.6e-01,1.0e+00,1.0e-03,6.2e-03,global-SLA%E,CASSLaeEAFF,CASSLAEEAFF,TRBV11-1,TRBJ1-1,CAESGSNYQLIW,Donor AJD3280:L TCRab CD8ab Teff,1.000000,-,-,-,-,-,-,-,-,-,-,-

442,S%GNT,4.0e-02,1,2,1.7e-06,1.0e+00,5.9e-02,1.0e+00,1.0e-03,2.9e-02,global-S%GNT,CATSDGNTIYF,CATSDGNTIYF,TRBV24-1,TRBJ1-3,CVGEDGNEKLTF,Donor AJD3280:IEL TCRab CD8ab TRM,1.000000,-,-,-,-,-,-,-,-,-,-,-
442,S%GNT,4.0e-02,1,2,1.7e-06,1.0e+00,5.9e-02,1.0e+00,1.0e-03,2.9e-02,global-S%GNT,CASSSGNTIYF,CASSSGNTIYF,TRBV11-1,TRBJ1-3,CALSLISGGGADGLTF,Donor AJD3280:L TCRab CD8ab Naive/TCM,1.000000,-,-,-,-,-,-,-,-,-,-,-

443,SSG%AYE,4.0e-02,1,2,1.3e-06,1.0e+00,4.6e-02,1.0e+00,1.0e-03,2.9e-02,global-SSG%AYE,CASSSGQaYEQYF,CASSSGQAYEQYF,TRBV27,TRBJ2-7,CAVRNNRLAF,Donor AJD3280:PB TCRab CD8ab Teff,1.000000,-,-,-,-,-,-,-,-,-,-,-
443,SSG%AYE,4.0e-02,1,2,1.3e-06,1.0e+00,4.6e-02,1.0e+00,1.0e-03,2.9e-02,global-SSG%AYE,CASSSGLAYEQYF,CASSSGLAYEQYF,TRBV11-2,TRBJ2-7,CLVTPSNTGKLIF,Donor AJD3280:IEL TCRab CD8ab TRM,1.000000,-,-,-,-,-,-,-,-,-,-,-

444,RD%YE,4.0e-02,1,2,2.9e-08,1.0e+00,1.0e-03,1.0e+00,1.0e-03,2.9e-02,global-RD%YE,CSARddYEQYF,CSARDDYEQYF,TRBV20-1,TRBJ2-7,CAGMDSNYQLIW,Donor AJD3280:L TCRab CD8ab TRM,1.000000,-,-,-,-,-,-,-,-,-,-,-
444,RD%YE,4.0e-02,1,2,2.9e-08,1.0e+00,1.0e-03,1.0e+00,1.0e-03,2.9e-02,global-RD%YE,CSARdgYEQYF,CSARDGYEQYF,TRBV20-1,TRBJ2-7,CAVRALNDMRF,Donor AJD3280:L TCRab CD8ab Naive/TCM,1.000000,-,-,-,-,-,-,-,-,-,-,-

445,SLGGG%,4.0e-02,2,2,1.7e-06,1.0e+00,5.9e-02,1.0e+00,1.0e-03,2.9e-02,global-SLGGG%,CASSLGGgEQFF,CASSLGGGEQFF,TRBV7-7,TRBJ2-1,CARDYNQGGKLIF,Donor AJG2309:L TCRab CD8ab TRM,1.000000,-,-,-,-,-,-,-,-,-,-,-
445,SLGGG%,4.0e-02,2,2,1.7e-06,1.0e+00,5.9e-02,1.0e+00,1.0e-03,2.9e-02,global-SLGGG%,CASSLGGgTQYF,CASSLGGGTQYF,TRBV11-3,TRBJ2-5,CAVELRRDDKIIF,Donor AJD3280:PB TCRab CD8ab Naive/TCM,1.000000,-,-,-,-,-,-,-,-,-,-,-

446,SRDR%YE,4.0e-02,2,2,3.8e-07,1.0e+00,1.3e-02,1.0e+00,1.0e-03,2.9e-02,global-SRDR%YE,CATSRDRGYEQYF,CATSRDRGYEQYF,TRBV24-1,TRBJ2-7,CAVGPYNTDKLIF,Donor AJD3280:L TCRab CD8ab TRM,1.000000,-,-,-,-,-,-,-,-,-,-,-
446,SRDR%YE,4.0e-02,2,2,3.8e-07,1.0e+00,1.3e-02,1.0e+00,1.0e-03,2.9e-02,global-SRDR%YE,CASSRDRtYEQYF,CASSRDRTYEQYF,TRBV14,TRBJ2-7,CAAFEDTGRRALTF,Donor AJKQ118:IEL TCRab CD8ab TRM,1.000000,-,-,-,-,-,-,-,-,-,-,-
446,SRDR%YE,4.0e-02,2,2,3.8e-07,1.0e+00,1.3e-02,1.0e+00,1.0e-03,2.9e-02,global-SRDR%YE,CASSRDRtYEQYF,CASSRDRTYEQYF,TRBV14,TRBJ2-7,CAESKTGANNLFF,Donor AJKQ118:IEL TCRab CD8ab TRM,1.000000,-,-,-,-,-,-,-,-,-,-,-
446,SRDR%YE,4.0e-02,2,2,3.8e-07,1.0e+00,1.3e-02,1.0e+00,1.0e-03,2.9e-02,global-SRDR%YE,CASSRDRtYEQYF,CASSRDRTYEQYF,TRBV14,TRBJ2-7,CAAFEDTGRRALTF,Donor AJKQ118:LP TCRab CD8ab TEM,1.000000,-,-,-,-,-,-,-,-,-,-,-

447,SWGG%NE,4.0e-02,2,2,1.9e-06,1.0e+00,6.5e-02,1.0e+00,1.0e-03,2.9e-02,global-SWGG%NE,CASSwGGpNEQFF,CASSWGGPNEQFF,TRBV28,TRBJ2-1,CALDKHSGAGSYQLTF,Donor AJG2309:LP TCRab CD8ab TRM,1.000000,-,-,-,-,-,-,-,-,-,-,-
447,SWGG%NE,4.0e-02,2,2,1.9e-06,1.0e+00,6.5e-02,1.0e+00,1.0e-03,2.9e-02,global-SWGG%NE,CASSwGGdNEQFF,CASSWGGDNEQFF,TRBV7-2,TRBJ2-1,CALFGGTSYGKLTF,Donor AJD3280:L TCRab CD8ab Naive/TCM,1.000000,-,-,-,-,-,-,-,-,-,-,-

448,S%AGE,4.2e-02,2,3,4.3e-08,1.0e+00,2.3e-02,3.0e-01,1.0e-03,6.2e-03,global-S%AGE,CATSgaGELFF,CATSGAGELFF,TRBV24-1,TRBJ2-2,CILRDLYNDMRF,Donor AJKQ118:PB TCRab CD8ab Naive/TCM,1.000000,-,-,-,-,-,-,-,-,-,-,-
448,S%AGE,4.2e-02,2,3,4.3e-08,1.0e+00,2.3e-02,3.0e-01,1.0e-03,6.2e-03,global-S%AGE,CASSfaGELFF,CASSFAGELFF,TRBV7-9,TRBJ2-2,CAANTNAGKSTF,Donor AJD3280:IEL TCRab CD8ab TRM,3.000000,-,-,-,-,-,-,-,-,-,-,-
448,S%AGE,4.2e-02,2,3,4.3e-08,1.0e+00,2.3e-02,3.0e-01,1.0e-03,6.2e-03,global-S%AGE,CASSfaGELFF,CASSFAGELFF,TRBV7-9,TRBJ2-2,CAANTNAGKSTF,Donor AJD3280:LP TCRab CD8ab TRM,1.000000,-,-,-,-,-,-,-,-,-,-,-
448,S%AGE,4.2e-02,2,3,4.3e-08,1.0e+00,2.3e-02,3.0e-01,1.0e-03,6.2e-03,global-S%AGE,CASSSAGelYF,CASSSAGELYF,TRBV7-4,TRBJ2-3,CAVNRGGYQKVTF,Donor AJD3280:IEL TCRab CD8ab TRM,1.000000,-,-,-,-,-,-,-,-,-,-,-

449,SLAG%GE,4.5e-02,1,2,1.6e-06,1.0e+00,5.5e-02,1.0e+00,1.0e-03,2.9e-02,global-SLAG%GE,CASSLaGLgEQYF,CASSLAGLGEQYF,TRBV7-2,TRBJ2-7,CAASEGSSNTGKLIF,Donor AJKQ118:L TCRab CD8ab TRM,1.000000,-,-,-,-,-,-,-,-,-,-,-
449,SLAG%GE,4.5e-02,1,2,1.6e-06,1.0e+00,5.5e-02,1.0e+00,1.0e-03,2.9e-02,global-SLAG%GE,CAvsLAGygEQYF,CAVSLAGYGEQYF,TRBV3-1,TRBJ2-7,CACQGGSEKLVF,Donor AJKQ118:PB TCRab CD8ab TEM,1.000000,-,-,-,-,-,-,-,-,-,-,-

450,SVGG%TE,4.5e-02,2,2,4.2e-09,1.0e+00,1.0e-03,1.4e-01,1.0e-03,2.9e-02,global-SVGG%TE,CASSVGGNTEAFF,CASSVGGNTEAFF,TRBV9,TRBJ1-1,CAASPMEYGNKLVF,Donor AJD3280:IEL TCRab CD8ab TRM,3.000000,-,-,-,-,-,-,-,-,-,-,-
450,SVGG%TE,4.5e-02,2,2,4.2e-09,1.0e+00,1.0e-03,1.4e-01,1.0e-03,2.9e-02,global-SVGG%TE,CASSVGGNTEAFF,CASSVGGNTEAFF,TRBV9,TRBJ1-1,CAVGAKSNTGKLIF,Donor AJD3280:IEL TCRab CD8ab TRM,1.000000,-,-,-,-,-,-,-,-,-,-,-
450,SVGG%TE,4.5e-02,2,2,4.2e-09,1.0e+00,1.0e-03,1.4e-01,1.0e-03,2.9e-02,global-SVGG%TE,CASSVGGdTEAFF,CASSVGGDTEAFF,TRBV9,TRBJ1-1,CAVPLSYNQGGKLIF,Donor AJG2309:IEL TCRab CD8ab TRM,2.000000,-,-,-,-,-,-,-,-,-,-,-

451,SLGAG%E,4.5e-02,1,2,1.6e-06,1.0e+00,5.4e-02,1.0e+00,1.0e-03,2.9e-02,global-SLGAG%E,CASSLgAGaEAFF,CASSLGAGAEAFF,TRBV5-6,TRBJ1-1,CAVTPSGGSYIPTF,Donor AJD3280:PB TCRab CD8ab Naive/TCM,1.000000,-,-,-,-,-,-,-,-,-,-,-
451,SLGAG%E,4.5e-02,1,2,1.6e-06,1.0e+00,5.4e-02,1.0e+00,1.0e-03,2.9e-02,global-SLGAG%E,CASSLgAGYEQYF,CASSLGAGYEQYF,TRBV5-1,TRBJ2-7,CAARGRDDKIIF,Donor AJD3280:L TCRab CD8ab Naive/TCM,1.000000,-,-,-,-,-,-,-,-,-,-,-

452,SLAG%SYE,4.5e-02,2,2,1.0e-07,1.0e+00,7.0e-03,5.0e-01,1.0e-03,2.9e-02,global-SLAG%SYE,CASSLAGGSYEQYF,CASSLAGGSYEQYF,TRBV5-1,TRBJ2-7,CAEMNSGYSTLTF,Donor AJD3280:IEL TCRab CD8ab TRM,2.000000,-,-,-,-,-,-,-,-,-,-,-
452,SLAG%SYE,4.5e-02,2,2,1.0e-07,1.0e+00,7.0e-03,5.0e-01,1.0e-03,2.9e-02,global-SLAG%SYE,CASSLAGdSYEQYF,CASSLAGDSYEQYF,TRBV7-2,TRBJ2-7,CAGATRPRTRLMF,Donor AJG2309:IEL TCRab CD8ab TRM,1.000000,-,-,-,-,-,-,-,-,-,-,-
452,SLAG%SYE,4.5e-02,2,2,1.0e-07,1.0e+00,7.0e-03,5.0e-01,1.0e-03,2.9e-02,global-SLAG%SYE,CASSLAGdSYEQYF,CASSLAGDSYEQYF,TRBV7-2,TRBJ2-7,CAGATRPRTRLMF,Donor AJG2309:LP TCRab CD8ab TEM,1.000000,-,-,-,-,-,-,-,-,-,-,-
452,SLAG%SYE,4.5e-02,2,2,1.0e-07,1.0e+00,7.0e-03,5.0e-01,1.0e-03,2.9e-02,global-SLAG%SYE,CASSLAGdSYEQYF,CASSLAGDSYEQYF,TRBV7-2,TRBJ2-7,CAGATRPRTRLMF,Donor AJG2309:LP TCRab CD8ab TRM,1.000000,-,-,-,-,-,-,-,-,-,-,-

453,S%LDE,4.5e-02,1,2,1.5e-06,1.0e+00,5.3e-02,1.0e+00,1.0e-03,2.9e-02,global-S%LDE,CASSSldEQYF,CASSSLDEQYF,TRBV7-6,TRBJ2-7,CAENSGGSNYKLTF,Donor AJD3280:IEL TCRab CD8ab TRM,1.000000,-,-,-,-,-,-,-,-,-,-,-
453,S%LDE,4.5e-02,1,2,1.5e-06,1.0e+00,5.3e-02,1.0e+00,1.0e-03,2.9e-02,global-S%LDE,CASSLldEQYF,CASSLLDEQYF,TRBV12-3,TRBJ2-7,CAVIDSGYALNF,Donor AJD3280:L TCRab CD8ab TRM,1.000000,-,-,-,-,-,-,-,-,-,-,-

454,SR%YE,4.5e-02,1,2,1.7e-06,1.0e+00,5.8e-02,1.0e+00,1.0e-03,2.9e-02,global-SR%YE,CASSRlYEQYF,CASSRLYEQYF,TRBV28,TRBJ2-7,CLVGDNQAGTALIF,Donor AJG2309:LP TCRab CD8ab TEM,1.000000,-,-,-,-,-,-,-,-,-,-,-
454,SR%YE,4.5e-02,1,2,1.7e-06,1.0e+00,5.8e-02,1.0e+00,1.0e-03,2.9e-02,global-SR%YE,CASSRgYEQYF,CASSRGYEQYF,TRBV6-5,TRBJ2-7,CVVSVLDHDKIIF,Donor AJG2309:L TCRab CD8ab TRM,1.000000,-,-,-,-,-,-,-,-,-,-,-

455,SSL%E,4.5e-02,1,2,1.6e-06,1.0e+00,5.5e-02,1.0e+00,1.0e-03,2.9e-02,global-SSL%E,CASSSldEQYF,CASSSLDEQYF,TRBV7-6,TRBJ2-7,CAENSGGSNYKLTF,Donor AJD3280:IEL TCRab CD8ab TRM,1.000000,-,-,-,-,-,-,-,-,-,-,-
455,SSL%E,4.5e-02,1,2,1.6e-06,1.0e+00,5.5e-02,1.0e+00,1.0e-03,2.9e-02,global-SSL%E,CASSSLAEQFF,CASSSLAEQFF,TRBV7-9,TRBJ2-1,CAVRDEGFGNVLHC,Donor AJD3280:L TCRab CD8ab Naive/TCM,1.000000,-,-,-,-,-,-,-,-,-,-,-

456,S%TGGTE,4.5e-02,2,2,5.5e-07,1.0e+00,6.8e-02,2.8e-01,1.0e-03,2.9e-02,global-S%TGGTE,CASSRTGGTEAFF,CASSRTGGTEAFF,TRBV6-1,TRBJ1-1,CAMRRNSGNTPLVF,Donor AJD3280:IEL TCRab CD8ab TRM,1.000000,-,-,-,-,-,-,-,-,-,-,-
456,S%TGGTE,4.5e-02,2,2,5.5e-07,1.0e+00,6.8e-02,2.8e-01,1.0e-03,2.9e-02,global-S%TGGTE,CASSPTGGTEAFF,CASSPTGGTEAFF,TRBV7-9,TRBJ1-1,CAVRSDTGGFKTIF,Donor AJKQ118:IEL TCRab CD8ab TRM,2.000000,-,-,-,-,-,-,-,-,-,-,-

457,SLGG%QET,4.5e-02,2,2,1.5e-06,1.0e+00,5.3e-02,1.0e+00,1.0e-03,2.9e-02,global-SLGG%QET,CASSLGGeQETQYF,CASSLGGEQETQYF,TRBV7-6,TRBJ2-5,CAESGNTGKLIF,Donor AJD3280:L TCRab CD8ab Naive/TCM,1.000000,-,-,-,-,-,-,-,-,-,-,-
457,SLGG%QET,4.5e-02,2,2,1.5e-06,1.0e+00,5.3e-02,1.0e+00,1.0e-03,2.9e-02,global-SLGG%QET,CASSLGGsQETQYF,CASSLGGSQETQYF,TRBV11-1,TRBJ2-5,CAVLSGGYNKLIF,Donor AJKQ118:PB TCRab CD8ab Naive/TCM,1.000000,-,-,-,-,-,-,-,-,-,-,-

458,SWG%E,4.9e-02,2,3,8.9e-07,1.0e+00,1.4e-01,1.0e+00,1.0e-03,6.2e-03,global-SWG%E,CASSwgsEAFF,CASSWGSEAFF,TRBV7-2,TRBJ1-1,CAMKGGGSQGNLIF,Donor AJD3280:IEL TCRab CD8ab TRM,1.000000,-,-,-,-,-,-,-,-,-,-,-
458,SWG%E,4.9e-02,2,3,8.9e-07,1.0e+00,1.4e-01,1.0e+00,1.0e-03,6.2e-03,global-SWG%E,CASSwGGEQFF,CASSWGGEQFF,TRBV27,TRBJ2-1,CACPRGSARQLTF,Donor AJG2309:PB TCRab CD8ab Teff,1.000000,-,-,-,-,-,-,-,-,-,-,-
458,SWG%E,4.9e-02,2,3,8.9e-07,1.0e+00,1.4e-01,1.0e+00,1.0e-03,6.2e-03,global-SWG%E,CASSwGGEQYF,CASSWGGEQYF,TRBV6-6,TRBJ2-7,CADNAGNMLTF,Donor AJG2309:IEL TCRab CD8ab TRM,1.000000,-,-,-,-,-,-,-,-,-,-,-

459,S%SGE,4.9e-02,2,3,9.9e-07,1.0e+00,1.6e-01,1.0e+00,1.0e-03,6.2e-03,global-S%SGE,CASSLsGELFF,CASSLSGELFF,TRBV12-4,TRBJ2-2,CALSEEGQGGSEKLVF,Donor AJD3280:L TCRab CD8ab TRM,1.000000,-,-,-,-,-,-,-,-,-,-,-
459,S%SGE,4.9e-02,2,3,9.9e-07,1.0e+00,1.6e-01,1.0e+00,1.0e-03,6.2e-03,global-S%SGE,CASSSSGEQFF,CASSSSGEQFF,TRBV6-6,TRBJ2-1,CAAEAGNQFYF,Donor AJG2309:PB TCRab CD8ab Naive/TCM,1.000000,-,-,-,-,-,-,-,-,-,-,-
459,S%SGE,4.9e-02,2,3,9.9e-07,1.0e+00,1.6e-01,1.0e+00,1.0e-03,6.2e-03,global-S%SGE,CASSSSGEQYF,CASSSSGEQYF,TRBV11-2,TRBJ2-7,CLVVASNTGKLIF,Donor AJD3280:IEL TCRab CD8ab TRM,1.000000,-,-,-,-,-,-,-,-,-,-,-

460,SLG%NTE,4.9e-02,2,3,1.2e-08,1.0e+00,2.0e-03,1.0e+00,1.0e-03,6.2e-03,global-SLG%NTE,CASSLgsNTEAFF,CASSLGSNTEAFF,TRBV11-3,TRBJ1-1,CAMREGANTGGFKTIF,Donor AJD3280:IEL TCRab CD8ab TRM,1.000000,-,-,-,-,-,-,-,-,-,-,-
460,SLG%NTE,4.9e-02,2,3,1.2e-08,1.0e+00,2.0e-03,1.0e+00,1.0e-03,6.2e-03,global-SLG%NTE,CASSLgeNTEAFF,CASSLGENTEAFF,TRBV12-3,TRBJ1-1,CAVGARTNAGKSTF,Donor AJKQ118:L TCRab CD8ab TRM,1.000000,-,-,-,-,-,-,-,-,-,-,-
460,SLG%NTE,4.9e-02,2,3,1.2e-08,1.0e+00,2.0e-03,1.0e+00,1.0e-03,6.2e-03,global-SLG%NTE,CASSLgvNTEAFF,CASSLGVNTEAFF,TRBV11-3,TRBJ1-1,CAASGHNNARLMF,Donor AJD3280:L TCRab CD8ab TRM,1.000000,-,-,-,-,-,-,-,-,-,-,-

461,S%GEGTE,5.1e-02,1,2,1.5e-06,1.0e+00,5.1e-02,1.0e+00,1.0e-03,2.9e-02,global-S%GEGTE,CASSVgegTEAFF,CASSVGEGTEAFF,TRBV10-2,TRBJ1-1,CGWNSGYSTLTF,Donor AJD3280:IEL TCRab CD8ab TRM,1.000000,-,-,-,-,-,-,-,-,-,-,-
461,S%GEGTE,5.1e-02,1,2,1.5e-06,1.0e+00,5.1e-02,1.0e+00,1.0e-03,2.9e-02,global-S%GEGTE,CASSTGegTEAFF,CASSTGEGTEAFF,TRBV6-4,TRBJ1-1,CAVKDSNYQLIW,Donor AJD3280:L TCRab CD8ab TRM,1.000000,-,-,-,-,-,-,-,-,-,-,-

462,SL%SYNE,5.1e-02,2,2,1.5e-06,1.0e+00,5.1e-02,1.0e+00,1.0e-03,2.9e-02,global-SL%SYNE,CASSLaSYNEQFF,CASSLASYNEQFF,TRBV19,TRBJ2-1,CAAPGNTGKLIF,Donor AJD3280:PB TCRab CD8ab Naive/TCM,1.000000,-,-,-,-,-,-,-,-,-,-,-
462,SL%SYNE,5.1e-02,2,2,1.5e-06,1.0e+00,5.1e-02,1.0e+00,1.0e-03,2.9e-02,global-SL%SYNE,CASSLlSYNEQFF,CASSLLSYNEQFF,TRBV5-1,TRBJ2-1,CAGKASYDKVIF,Donor AJKQ118:PB TCRab CD8ab Naive/TCM,1.000000,-,-,-,-,-,-,-,-,-,-,-

463,SQ%YE,5.1e-02,1,2,1.8e-06,1.0e+00,6.2e-02,1.0e+00,1.0e-03,2.9e-02,global-SQ%YE,CASSQtYEQYF,CASSQTYEQYF,TRBV7-8,TRBJ2-7,CVSGGDSSYKLIF,Donor AJD3280:PB TCRab CD8ab Naive/TCM,1.000000,-,-,-,-,-,-,-,-,-,-,-
463,SQ%YE,5.1e-02,1,2,1.8e-06,1.0e+00,6.2e-02,1.0e+00,1.0e-03,2.9e-02,global-SQ%YE,CASSQgYEQYF,CASSQGYEQYF,TRBV27,TRBJ2-7,CARNTGNQFYF,Donor AJD3280:LP TCRab CD8ab TCM,1.000000,-,-,-,-,-,-,-,-,-,-,-

464,SLG%T,5.1e-02,2,2,4.3e-09,1.0e+00,1.0e-03,1.5e-01,1.0e-03,2.9e-02,global-SLG%T,CASSLgETQYF,CASSLGETQYF,TRBV27,TRBJ2-5,CAPPTSGTYKYIF,Donor AJG2309:IEL TCRab CD8ab TRM,3.000000,-,-,-,-,-,-,-,-,-,-,-
464,SLG%T,5.1e-02,2,2,4.3e-09,1.0e+00,1.0e-03,1.5e-01,1.0e-03,2.9e-02,global-SLG%T,CASSLgDTQYF,CASSLGDTQYF,TRBV27,TRBJ2-3,CAENMVGDYKLSF,Donor AJD3280:L TCRab CD8ab Naive/TCM,1.000000,-,-,-,-,-,-,-,-,-,-,-

465,SLE%GE,5.1e-02,2,2,1.7e-07,1.0e+00,6.0e-03,1.0e+00,1.0e-03,2.9e-02,global-SLE%GE,CASSLevGELFF,CASSLEVGELFF,TRBV11-3,TRBJ2-2,CAASKWNQFYF,Donor AJD3280:IEL TCRab CD8ab TRM,1.000000,-,-,-,-,-,-,-,-,-,-,-
465,SLE%GE,5.1e-02,2,2,1.7e-07,1.0e+00,6.0e-03,1.0e+00,1.0e-03,2.9e-02,global-SLE%GE,CASSLeTGELFF,CASSLETGELFF,TRBV7-9,TRBJ2-2,CAVRPNDYKLSF,Donor AJD3280:PB TCRab CD8ab Naive/TCM,1.000000,-,-,-,-,-,-,-,-,-,-,-
465,SLE%GE,5.1e-02,2,2,1.7e-07,1.0e+00,6.0e-03,1.0e+00,1.0e-03,2.9e-02,global-SLE%GE,CASSLeTGELFF,CASSLETGELFF,TRBV11-3,TRBJ2-2,CAASLGFNARLMF,Donor AJG2309:IEL TCRab CD8ab TRM,1.000000,-,-,-,-,-,-,-,-,-,-,-

466,SPGT%E,5.1e-02,2,2,2.0e-06,1.0e+00,7.0e-02,1.0e+00,1.0e-03,2.9e-02,global-SPGT%E,CASSPGTaEAFF,CASSPGTAEAFF,TRBV7-9,TRBJ1-1,CAENPHARLMF,Donor AJKQ118:PB TCRab CD8ab Naive/TCM,1.000000,-,-,-,-,-,-,-,-,-,-,-
466,SPGT%E,5.1e-02,2,2,2.0e-06,1.0e+00,7.0e-02,1.0e+00,1.0e-03,2.9e-02,global-SPGT%E,CASSPGThEQFF,CASSPGTHEQFF,TRBV27,TRBJ2-1,CALKSPRVNRKLTF,Donor AJG2309:IEL TCRab CD8ab TRM,1.000000,-,-,-,-,-,-,-,-,-,-,-

467,S%GGNYG,5.1e-02,2,2,1.7e-06,1.0e+00,5.7e-02,1.0e+00,1.0e-03,2.9e-02,global-S%GGNYG,CASSIGGNYGYTF,CASSIGGNYGYTF,TRBV19,TRBJ1-2,CIVRLPNTNAGKSTF,Donor AJD3280:PB TCRab CD8ab Naive/TCM,1.000000,-,-,-,-,-,-,-,-,-,-,-
467,S%GGNYG,5.1e-02,2,2,1.7e-06,1.0e+00,5.7e-02,1.0e+00,1.0e-03,2.9e-02,global-S%GGNYG,CASSLGGNYGYTF,CASSLGGNYGYTF,TRBV12-3,TRBJ1-2,CAFMYDGAQKLVF,Donor AJKQ118:IEL TCRab CD8ab TRM,1.000000,-,-,-,-,-,-,-,-,-,-,-

468,S%ET,5.1e-02,2,2,1.5e-06,1.0e+00,5.2e-02,1.0e+00,1.0e-03,2.9e-02,global-S%ET,CASSgETQYF,CASSGETQYF,TRBV18,TRBJ2-5,CAVGDFNKFYF,Donor AJD3280:L TCRab CD8ab Naive/TCM,1.000000,-,-,-,-,-,-,-,-,-,-,-
468,S%ET,5.1e-02,2,2,1.5e-06,1.0e+00,5.2e-02,1.0e+00,1.0e-03,2.9e-02,global-S%ET,CASSQETQYF,CASSQETQYF,TRBV3-1,TRBJ2-5,CVITGGGNKLTF,Donor AJG2309:IEL TCRab CD8ab TRM,1.000000,-,-,-,-,-,-,-,-,-,-,-

469,S%GGTGE,5.6e-02,2,3,1.1e-08,1.0e+00,6.0e-03,2.9e-01,1.0e-03,6.2e-03,global-S%GGTGE,CASSYGGTGELFF,CASSYGGTGELFF,TRBV9,TRBJ2-2,CIPGGKLIF,Donor AJG2309:IEL TCRab CD8ab TRM,1.000000,-,-,-,-,-,-,-,-,-,-,-
469,S%GGTGE,5.6e-02,2,3,1.1e-08,1.0e+00,6.0e-03,2.9e-01,1.0e-03,6.2e-03,global-S%GGTGE,CASSfGGTGELFF,CASSFGGTGELFF,TRBV7-3,TRBJ2-2,CAATASGYALNF,Donor AJD3280:IEL TCRab CD8ab TRM,1.000000,-,-,-,-,-,-,-,-,-,-,-
469,S%GGTGE,5.6e-02,2,3,1.1e-08,1.0e+00,6.0e-03,2.9e-01,1.0e-03,6.2e-03,global-S%GGTGE,CASSVGGTGELFF,CASSVGGTGELFF,TRBV9,TRBJ2-2,CAVGPNSGYALNF,Donor AJG2309:L TCRab CD8ab Teff,1.000000,-,-,-,-,-,-,-,-,-,-,-
469,S%GGTGE,5.6e-02,2,3,1.1e-08,1.0e+00,6.0e-03,2.9e-01,1.0e-03,6.2e-03,global-S%GGTGE,CASSVGGTGELFF,CASSVGGTGELFF,TRBV9,TRBJ2-2,CAVGPNSGYALNF,Donor AJG2309:PB TCRab CD8ab Teff,3.000000,-,-,-,-,-,-,-,-,-,-,-

470,SL%VGE,5.7e-02,1,2,1.9e-07,1.0e+00,4.6e-02,1.4e-01,1.0e-03,2.9e-02,global-SL%VGE,CASSLgvGELFF,CASSLGVGELFF,TRBV12-3,TRBJ2-2,CAVEANDMRF,Donor AJD3280:IEL TCRab CD8ab TRM,3.000000,-,-,-,-,-,-,-,-,-,-,-
470,SL%VGE,5.7e-02,1,2,1.9e-07,1.0e+00,4.6e-02,1.4e-01,1.0e-03,2.9e-02,global-SL%VGE,CASSLevGELFF,CASSLEVGELFF,TRBV11-3,TRBJ2-2,CAASKWNQFYF,Donor AJD3280:IEL TCRab CD8ab TRM,1.000000,-,-,-,-,-,-,-,-,-,-,-

471,SLDG%E,5.7e-02,2,2,1.3e-06,1.0e+00,4.4e-02,1.0e+00,1.0e-03,2.9e-02,global-SLDG%E,CASSLdGREAFF,CASSLDGREAFF,TRBV5-1,TRBJ1-1,CAVRDGQKLLF,Donor AJG2309:IEL TCRab CD8ab TRM,1.000000,-,-,-,-,-,-,-,-,-,-,-
471,SLDG%E,5.7e-02,2,2,1.3e-06,1.0e+00,4.4e-02,1.0e+00,1.0e-03,2.9e-02,global-SLDG%E,CASSLdgNEQFF,CASSLDGNEQFF,TRBV7-2,TRBJ2-1,CAGRDRDDKIIF,Donor AJKQ118:PB TCRab CD8ab Naive/TCM,1.000000,-,-,-,-,-,-,-,-,-,-,-

472,SLDSY%,5.7e-02,2,2,1.7e-06,1.0e+00,5.9e-02,1.0e+00,1.0e-03,2.9e-02,global-SLDSY%,CASSLdSYEQYF,CASSLDSYEQYF,TRBV7-2,TRBJ2-7,CAASGGNTDKLIF,Donor AJG2309:IEL TCRab CD8ab TRM,1.000000,-,-,-,-,-,-,-,-,-,-,-
472,SLDSY%,5.7e-02,2,2,1.7e-06,1.0e+00,5.9e-02,1.0e+00,1.0e-03,2.9e-02,global-SLDSY%,CASSLdsYGYTF,CASSLDSYGYTF,TRBV5-1,TRBJ1-2,CLVGAIGGFKTIF,Donor AJD3280:PB TCRab CD8ab Teff,1.000000,-,-,-,-,-,-,-,-,-,-,-

473,SL%GGYE,5.7e-02,2,2,1.5e-06,1.0e+00,5.2e-02,1.0e+00,1.0e-03,2.9e-02,global-SL%GGYE,CASSLSGGYEQYF,CASSLSGGYEQYF,TRBV27,TRBJ2-7,CIVRPRSGTYKYIF,Donor AJD3280:IEL TCRab CD8ab TRM,1.000000,-,-,-,-,-,-,-,-,-,-,-
473,SL%GGYE,5.7e-02,2,2,1.5e-06,1.0e+00,5.2e-02,1.0e+00,1.0e-03,2.9e-02,global-SL%GGYE,CASSLeGGYEQYF,CASSLEGGYEQYF,TRBV7-9,TRBJ2-7,CVVNGNAGNMLTF,Donor AJG2309:LP TCRab CD8ab TRM,1.000000,-,-,-,-,-,-,-,-,-,-,-

474,SE%YE,5.7e-02,2,2,3.5e-07,1.0e+00,1.2e-02,1.0e+00,1.0e-03,2.9e-02,global-SE%YE,CASSEgyEAFF,CASSEGYEAFF,TRBV2,TRBJ1-1,CAASAPPNFGNEKLTF,Donor AJKQ118:L TCRab CD8ab Teff,1.000000,-,-,-,-,-,-,-,-,-,-,-
474,SE%YE,5.7e-02,2,2,3.5e-07,1.0e+00,1.2e-02,1.0e+00,1.0e-03,2.9e-02,global-SE%YE,CASSEgyEAFF,CASSEGYEAFF,TRBV2,TRBJ1-1,CAASAPPNFGNEKLTF,Donor AJKQ118:PB TCRab CD8ab TEM,1.000000,-,-,-,-,-,-,-,-,-,-,-
474,SE%YE,5.7e-02,2,2,3.5e-07,1.0e+00,1.2e-02,1.0e+00,1.0e-03,2.9e-02,global-SE%YE,CASSEgyEAFF,CASSEGYEAFF,TRBV2,TRBJ1-1,CAASAPPNFGNEKLTF,Donor AJKQ118:PB TCRab CD8ab Teff,1.000000,-,-,-,-,-,-,-,-,-,-,-
474,SE%YE,5.7e-02,2,2,3.5e-07,1.0e+00,1.2e-02,1.0e+00,1.0e-03,2.9e-02,global-SE%YE,CATSetYEQYF,CATSETYEQYF,TRBV15,TRBJ2-7,CAVEDTGRRALTF,Donor AJG2309:PB TCRab CD8ab Teff,1.000000,-,-,-,-,-,-,-,-,-,-,-

475,SG%TDT,5.7e-02,1,2,2.2e-06,1.0e+00,7.7e-02,1.0e+00,1.0e-03,2.9e-02,global-SG%TDT,CASSGGTDTQYF,CASSGGTDTQYF,TRBV28,TRBJ2-3,CALRNSGYSTLTF,Donor AJG2309:LP TCRab CD8ab TRM,1.000000,-,-,-,-,-,-,-,-,-,-,-
475,SG%TDT,5.7e-02,1,2,2.2e-06,1.0e+00,7.7e-02,1.0e+00,1.0e-03,2.9e-02,global-SG%TDT,CSASgdTDTQYF,CSASGDTDTQYF,TRBV20-1,TRBJ2-3,CAFVTQGGSEKLVF,Donor AJG2309:LP TCRab CD8ab TEM,1.000000,-,-,-,-,-,-,-,-,-,-,-
475,SG%TDT,5.7e-02,1,2,2.2e-06,1.0e+00,7.7e-02,1.0e+00,1.0e-03,2.9e-02,global-SG%TDT,CSASgdTDTQYF,CSASGDTDTQYF,TRBV20-1,TRBJ2-3,CAFVTQGGSEKLVF,Donor AJG2309:PB TCRab CD8ab Teff,1.000000,-,-,-,-,-,-,-,-,-,-,-

476,SFRG%E,5.7e-02,2,2,1.9e-06,1.0e+00,6.4e-02,1.0e+00,1.0e-03,2.9e-02,global-SFRG%E,CASSfRGTEAFF,CASSFRGTEAFF,TRBV7-9,TRBJ1-1,CAGRGATNKLIF,Donor AJD3280:IEL TCRab CD8ab TRM,1.000000,-,-,-,-,-,-,-,-,-,-,-
476,SFRG%E,5.7e-02,2,2,1.9e-06,1.0e+00,6.4e-02,1.0e+00,1.0e-03,2.9e-02,global-SFRG%E,CASSfRGhEQYF,CASSFRGHEQYF,TRBV28,TRBJ2-7,CAVRDETGANNLFF,Donor AJG2309:IEL TCRab CD8ab TRM,1.000000,-,-,-,-,-,-,-,-,-,-,-

477,S%GGDTE,5.7e-02,2,2,4.9e-07,1.0e+00,5.5e-02,3.1e-01,1.0e-03,2.9e-02,global-S%GGDTE,CASSQGGdTEAFF,CASSQGGDTEAFF,TRBV12-4,TRBJ1-1,CAFMTPWGTYKYIF,Donor AJD3280:PB TCRab CD8ab Naive/TCM,1.000000,-,-,-,-,-,-,-,-,-,-,-
477,S%GGDTE,5.7e-02,2,2,4.9e-07,1.0e+00,5.5e-02,3.1e-01,1.0e-03,2.9e-02,global-S%GGDTE,CASSVGGdTEAFF,CASSVGGDTEAFF,TRBV9,TRBJ1-1,CAVPLSYNQGGKLIF,Donor AJG2309:IEL TCRab CD8ab TRM,2.000000,-,-,-,-,-,-,-,-,-,-,-

478,SLGG%NE,5.9e-02,2,3,9.1e-07,1.0e+00,1.5e-01,1.0e+00,1.0e-03,6.2e-03,global-SLGG%NE,CASSLGGhNEQFF,CASSLGGHNEQFF,TRBV28,TRBJ2-1,CALDKNSGAGSYQLTF,Donor AJG2309:LP TCRab CD8ab TRM,1.000000,-,-,-,-,-,-,-,-,-,-,-
478,SLGG%NE,5.9e-02,2,3,9.1e-07,1.0e+00,1.5e-01,1.0e+00,1.0e-03,6.2e-03,global-SLGG%NE,CASSLGGiNEQFF,CASSLGGINEQFF,TRBV5-5,TRBJ2-1,CAMREDTLNRDDKIIF,Donor AJG2309:LP TCRab CD8ab TRM,1.000000,-,-,-,-,-,-,-,-,-,-,-
478,SLGG%NE,5.9e-02,2,3,9.1e-07,1.0e+00,1.5e-01,1.0e+00,1.0e-03,6.2e-03,global-SLGG%NE,CASSLGGenEAFF,CASSLGGENEAFF,TRBV12-3,TRBJ1-1,CAMTGSGDYKLSF,Donor AJKQ118:PB TCRab CD8ab Naive/TCM,1.000000,-,-,-,-,-,-,-,-,-,-,-

479,SL%QAYE,6.3e-02,2,2,4.9e-10,1.0e+00,1.0e-03,1.7e-02,1.0e-03,2.9e-02,global-SL%QAYE,CASSLGQaYEQYF,CASSLGQAYEQYF,TRBV7-8,TRBJ2-7,CINPLAGGTSYGKLTF,Donor AJG2309:L TCRab CD8ab Naive/TCM,1.000000,-,-,-,-,-,-,-,-,-,-,-
479,SL%QAYE,6.3e-02,2,2,4.9e-10,1.0e+00,1.0e-03,1.7e-02,1.0e-03,2.9e-02,global-SL%QAYE,CASSLGQaYEQYF,CASSLGQAYEQYF,TRBV7-8,TRBJ2-7,CILPLAGGTSYGKLTF,Donor AJG2309:L TCRab CD8ab TRM,1.000000,-,-,-,-,-,-,-,-,-,-,-
479,SL%QAYE,6.3e-02,2,2,4.9e-10,1.0e+00,1.0e-03,1.7e-02,1.0e-03,2.9e-02,global-SL%QAYE,CASSLGQaYEQYF,CASSLGQAYEQYF,TRBV7-8,TRBJ2-7,CINPLAGGTSYGKLTF,Donor AJG2309:L TCRab CD8ab TRM,6.000000,-,-,-,-,-,-,-,-,-,-,-
479,SL%QAYE,6.3e-02,2,2,4.9e-10,1.0e+00,1.0e-03,1.7e-02,1.0e-03,2.9e-02,global-SL%QAYE,CASSLGQaYEQYF,CASSLGQAYEQYF,TRBV7-8,TRBJ2-7,CINPLAGGTSYGKLTF,Donor AJG2309:L TCRab CD8ab Teff,2.000000,-,-,-,-,-,-,-,-,-,-,-
479,SL%QAYE,6.3e-02,2,2,4.9e-10,1.0e+00,1.0e-03,1.7e-02,1.0e-03,2.9e-02,global-SL%QAYE,CASSLGQaYEQYF,CASSLGQAYEQYF,TRBV7-8,TRBJ2-7,CINPLAGGTSYGKLTF,Donor AJG2309:LP TCRab CD8ab TCM,1.000000,-,-,-,-,-,-,-,-,-,-,-
479,SL%QAYE,6.3e-02,2,2,4.9e-10,1.0e+00,1.0e-03,1.7e-02,1.0e-03,2.9e-02,global-SL%QAYE,CASSLGQaYEQYF,CASSLGQAYEQYF,TRBV7-8,TRBJ2-7,CINPLAGGTSYGKLTF,Donor AJG2309:LP TCRab CD8ab TEM,9.000000,-,-,-,-,-,-,-,-,-,-,-
479,SL%QAYE,6.3e-02,2,2,4.9e-10,1.0e+00,1.0e-03,1.7e-02,1.0e-03,2.9e-02,global-SL%QAYE,CASSLGQaYEQYF,CASSLGQAYEQYF,TRBV7-8,TRBJ2-7,CINPLAGGTSYGKLTF,Donor AJG2309:PB TCRab CD8ab Naive/TCM,1.000000,-,-,-,-,-,-,-,-,-,-,-
479,SL%QAYE,6.3e-02,2,2,4.9e-10,1.0e+00,1.0e-03,1.7e-02,1.0e-03,2.9e-02,global-SL%QAYE,CASSLGQaYEQYF,CASSLGQAYEQYF,TRBV7-8,TRBJ2-7,CINPLAGGTSYGKLTF,Donor AJG2309:PB TCRab CD8ab TEM,3.000000,-,-,-,-,-,-,-,-,-,-,-
479,SL%QAYE,6.3e-02,2,2,4.9e-10,1.0e+00,1.0e-03,1.7e-02,1.0e-03,2.9e-02,global-SL%QAYE,CASSLGQaYEQYF,CASSLGQAYEQYF,TRBV7-8,TRBJ2-7,CINPLAGGTSYGKLTF,Donor AJG2309:PB TCRab CD8ab Teff,17.000000,-,-,-,-,-,-,-,-,-,-,-
479,SL%QAYE,6.3e-02,2,2,4.9e-10,1.0e+00,1.0e-03,1.7e-02,1.0e-03,2.9e-02,global-SL%QAYE,CASSLdqaYEQYF,CASSLDQAYEQYF,TRBV5-6,TRBJ2-7,CATVPWNARLMF,Donor AJD3280:IEL TCRab CD8ab TRM,1.000000,-,-,-,-,-,-,-,-,-,-,-

480,SL%GGTE,6.3e-02,2,2,3.5e-07,1.0e+00,4.6e-02,2.6e-01,1.0e-03,2.9e-02,global-SL%GGTE,CASSLvGGTEAFF,CASSLVGGTEAFF,TRBV13,TRBJ1-1,CAVSEGGFNKFYF,Donor AJKQ118:IEL TCRab CD8ab TRM,1.000000,-,-,-,-,-,-,-,-,-,-,-
480,SL%GGTE,6.3e-02,2,2,3.5e-07,1.0e+00,4.6e-02,2.6e-01,1.0e-03,2.9e-02,global-SL%GGTE,CASSLeGGTEAFF,CASSLEGGTEAFF,TRBV7-9,TRBJ1-1,CADMDSSYKLIF,Donor AJD3280:L TCRab CD8ab TRM,2.000000,-,-,-,-,-,-,-,-,-,-,-

481,SLG%GNE,6.3e-02,1,2,1.5e-06,1.0e+00,5.2e-02,1.0e+00,1.0e-03,2.9e-02,global-SLG%GNE,CASSLgwgNEQFF,CASSLGWGNEQFF,TRBV7-8,TRBJ2-1,CAVGGSTSGTYKYIF,Donor AJD3280:IEL TCRab CD8ab TRM,1.000000,-,-,-,-,-,-,-,-,-,-,-
481,SLG%GNE,6.3e-02,1,2,1.5e-06,1.0e+00,5.2e-02,1.0e+00,1.0e-03,2.9e-02,global-SLG%GNE,CASSLgdgNEQFF,CASSLGDGNEQFF,TRBV5-5,TRBJ2-1,CAVPMNYGGSQGNLIF,Donor AJD3280:IEL TCRab CD8ab TRM,1.000000,-,-,-,-,-,-,-,-,-,-,-

482,SPGG%YE,6.3e-02,1,2,2.5e-07,1.0e+00,5.6e-02,1.5e-01,1.0e-03,2.9e-02,global-SPGG%YE,CASSPGGSYEQYF,CASSPGGSYEQYF,TRBV4-1,TRBJ2-7,CVGNTNAGKSTF,Donor AJD3280:PB TCRab CD8ab Naive/TCM,1.000000,-,-,-,-,-,-,-,-,-,-,-
482,SPGG%YE,6.3e-02,1,2,2.5e-07,1.0e+00,5.6e-02,1.5e-01,1.0e-03,2.9e-02,global-SPGG%YE,CASSPGGpYEQYF,CASSPGGPYEQYF,TRBV11-2,TRBJ2-7,CASSSNTGKLIF,Donor AJD3280:IEL TCRab CD8ab TRM,3.000000,-,-,-,-,-,-,-,-,-,-,-

483,SS%GE,6.3e-02,2,3,1.0e-06,1.0e+00,1.7e-01,1.0e+00,1.0e-03,6.2e-03,global-SS%GE,CASSSAGelYF,CASSSAGELYF,TRBV7-4,TRBJ2-3,CAVNRGGYQKVTF,Donor AJD3280:IEL TCRab CD8ab TRM,1.000000,-,-,-,-,-,-,-,-,-,-,-
483,SS%GE,6.3e-02,2,3,1.0e-06,1.0e+00,1.7e-01,1.0e+00,1.0e-03,6.2e-03,global-SS%GE,CASSSSGEQFF,CASSSSGEQFF,TRBV6-6,TRBJ2-1,CAAEAGNQFYF,Donor AJG2309:PB TCRab CD8ab Naive/TCM,1.000000,-,-,-,-,-,-,-,-,-,-,-
483,SS%GE,6.3e-02,2,3,1.0e-06,1.0e+00,1.7e-01,1.0e+00,1.0e-03,6.2e-03,global-SS%GE,CASSSSGEQYF,CASSSSGEQYF,TRBV11-2,TRBJ2-7,CLVVASNTGKLIF,Donor AJD3280:IEL TCRab CD8ab TRM,1.000000,-,-,-,-,-,-,-,-,-,-,-

484,S%GGNTE,6.3e-02,1,2,6.4e-09,1.0e+00,1.0e-03,2.2e-01,1.0e-03,2.9e-02,global-S%GGNTE,CASSGGgNTEAFF,CASSGGGNTEAFF,TRBV9,TRBJ1-1,CAVRDWIDYKLSF,Donor AJD3280:LP TCRab CD8ab TRM,1.000000,-,-,-,-,-,-,-,-,-,-,-
484,S%GGNTE,6.3e-02,1,2,6.4e-09,1.0e+00,1.0e-03,2.2e-01,1.0e-03,2.9e-02,global-S%GGNTE,CASSVGGNTEAFF,CASSVGGNTEAFF,TRBV9,TRBJ1-1,CAASPMEYGNKLVF,Donor AJD3280:IEL TCRab CD8ab TRM,3.000000,-,-,-,-,-,-,-,-,-,-,-
484,S%GGNTE,6.3e-02,1,2,6.4e-09,1.0e+00,1.0e-03,2.2e-01,1.0e-03,2.9e-02,global-S%GGNTE,CASSVGGNTEAFF,CASSVGGNTEAFF,TRBV9,TRBJ1-1,CAVGAKSNTGKLIF,Donor AJD3280:IEL TCRab CD8ab TRM,1.000000,-,-,-,-,-,-,-,-,-,-,-

485,SS%MNTE,6.3e-02,2,2,1.5e-06,1.0e+00,5.1e-02,1.0e+00,1.0e-03,2.9e-02,global-SS%MNTE,CASSSsmNTEAFF,CASSSSMNTEAFF,TRBV7-9,TRBJ1-1,CAARDGQKLLF,Donor AJKQ118:IEL TCRab CD8ab TRM,1.000000,-,-,-,-,-,-,-,-,-,-,-
485,SS%MNTE,6.3e-02,2,2,1.5e-06,1.0e+00,5.1e-02,1.0e+00,1.0e-03,2.9e-02,global-SS%MNTE,CASSSamNTEAFF,CASSSAMNTEAFF,TRBV27,TRBJ1-1,CVVPMEYGNKLVF,Donor AJD3280:L TCRab CD8ab Naive/TCM,1.000000,-,-,-,-,-,-,-,-,-,-,-

486,SL%DNE,6.9e-02,1,2,1.6e-06,1.0e+00,5.6e-02,1.0e+00,1.0e-03,2.9e-02,global-SL%DNE,CASSLgdNEQFF,CASSLGDNEQFF,TRBV7-9,TRBJ2-1,CAVRDRNNNARLMF,Donor AJG2309:L TCRab CD8ab TRM,1.000000,-,-,-,-,-,-,-,-,-,-,-
486,SL%DNE,6.9e-02,1,2,1.6e-06,1.0e+00,5.6e-02,1.0e+00,1.0e-03,2.9e-02,global-SL%DNE,CASSLqdNEQFF,CASSLQDNEQFF,TRBV5-1,TRBJ2-1,CAVRDSGAGSYQLTF,Donor AJG2309:PB TCRab CD8ab Teff,1.000000,-,-,-,-,-,-,-,-,-,-,-

487,SLGT%YE,6.9e-02,1,2,1.4e-06,1.0e+00,4.7e-02,1.0e+00,1.0e-03,2.9e-02,global-SLGT%YE,CASSLGTGYEQYF,CASSLGTGYEQYF,TRBV7-7,TRBJ2-7,CALSEAGAGGTSYGKLTF,Donor AJD3280:L TCRab CD8ab TRM,1.000000,-,-,-,-,-,-,-,-,-,-,-
487,SLGT%YE,6.9e-02,1,2,1.4e-06,1.0e+00,4.7e-02,1.0e+00,1.0e-03,2.9e-02,global-SLGT%YE,CASSLGTaYEQYF,CASSLGTAYEQYF,TRBV11-3,TRBJ2-7,CAAGVFNKFYF,Donor AJD3280:IEL TCRab CD8ab TRM,1.000000,-,-,-,-,-,-,-,-,-,-,-

488,S%SGGYNE,6.9e-02,2,2,1.8e-06,1.0e+00,6.1e-02,1.0e+00,1.0e-03,2.9e-02,global-S%SGGYNE,CASSPSGGYNEQFF,CASSPSGGYNEQFF,TRBV7-8,TRBJ2-1,CVVSSSGTYKYIF,Donor AJD3280:LP TCRab CD8ab TRM,1.000000,-,-,-,-,-,-,-,-,-,-,-
488,S%SGGYNE,6.9e-02,2,2,1.8e-06,1.0e+00,6.1e-02,1.0e+00,1.0e-03,2.9e-02,global-S%SGGYNE,CASSYSGGYNEQFF,CASSYSGGYNEQFF,TRBV12-3,TRBJ2-1,CIVRVHGGGADGLTF,Donor AJKQ118:IEL TCRab CD8ab TRM,1.000000,-,-,-,-,-,-,-,-,-,-,-

489,S%DYE,7.6e-02,2,2,1.7e-06,1.0e+00,5.8e-02,1.0e+00,1.0e-03,2.9e-02,global-S%DYE,CASSwdYEQYF,CASSWDYEQYF,TRBV5-5,TRBJ2-7,CAVNNYGQNFVF,Donor AJD3280:IEL TCRab CD8ab TRM,1.000000,-,-,-,-,-,-,-,-,-,-,-
489,S%DYE,7.6e-02,2,2,1.7e-06,1.0e+00,5.8e-02,1.0e+00,1.0e-03,2.9e-02,global-S%DYE,CASSfdYEQYF,CASSFDYEQYF,TRBV7-9,TRBJ2-7,CIVSESFKTIF,Donor AJKQ118:L TCRab CD8ab TRM,1.000000,-,-,-,-,-,-,-,-,-,-,-

490,SLGA%YE,7.6e-02,2,2,1.7e-06,1.0e+00,5.9e-02,1.0e+00,1.0e-03,2.9e-02,global-SLGA%YE,CASSLgAGYEQYF,CASSLGAGYEQYF,TRBV5-1,TRBJ2-7,CAARGRDDKIIF,Donor AJD3280:L TCRab CD8ab Naive/TCM,1.000000,-,-,-,-,-,-,-,-,-,-,-
490,SLGA%YE,7.6e-02,2,2,1.7e-06,1.0e+00,5.9e-02,1.0e+00,1.0e-03,2.9e-02,global-SLGA%YE,CASSLgapYEQYF,CASSLGAPYEQYF,TRBV5-5,TRBJ2-7,CAASSVNRLRQKVTF,Donor AJKQ118:L TCRab CD8ab TRM,1.000000,-,-,-,-,-,-,-,-,-,-,-

491,SL%AGE,7.6e-02,2,2,2.0e-07,1.0e+00,7.0e-03,1.0e+00,1.0e-03,2.9e-02,global-SL%AGE,CASSLgAGEQYF,CASSLGAGEQYF,TRBV5-1,TRBJ2-7,CALASGTYKYIF,Donor AJD3280:IEL TCRab CD8ab TRM,1.000000,-,-,-,-,-,-,-,-,-,-,-
491,SL%AGE,7.6e-02,2,2,2.0e-07,1.0e+00,7.0e-03,1.0e+00,1.0e-03,2.9e-02,global-SL%AGE,CASSLnaGELFF,CASSLNAGELFF,TRBV11-2,TRBJ2-2,CACNPTGKLIF,Donor AJKQ118:L TCRab CD8ab Naive/TCM,1.000000,-,-,-,-,-,-,-,-,-,-,-
491,SL%AGE,7.6e-02,2,2,2.0e-07,1.0e+00,7.0e-03,1.0e+00,1.0e-03,2.9e-02,global-SL%AGE,CASSLnaGELFF,CASSLNAGELFF,TRBV11-2,TRBJ2-2,CACNPTGKLIF,Donor AJKQ118:L TCRab CD8ab TRM,1.000000,-,-,-,-,-,-,-,-,-,-,-

492,SPR%GE,7.6e-02,2,2,1.9e-06,1.0e+00,6.5e-02,1.0e+00,1.0e-03,2.9e-02,global-SPR%GE,CASSPRGgEQFF,CASSPRGGEQFF,TRBV5-6,TRBJ2-1,CAVNDNFGNEKLTF,Donor AJG2309:IEL TCRab CD8ab TRM,1.000000,-,-,-,-,-,-,-,-,-,-,-
492,SPR%GE,7.6e-02,2,2,1.9e-06,1.0e+00,6.5e-02,1.0e+00,1.0e-03,2.9e-02,global-SPR%GE,CASSPrRGekYF,CASSPRRGEKYF,TRBV27,TRBJ2-7,CLVGDGVGNARLMF,Donor AJD3280:IEL TCRab CD8ab TRM,1.000000,-,-,-,-,-,-,-,-,-,-,-

493,S%GGTYE,7.6e-02,2,2,3.9e-08,1.0e+00,6.0e-03,2.2e-01,1.0e-03,2.9e-02,global-S%GGTYE,CASSLgGTYEQYF,CASSLGGTYEQYF,TRBV5-1,TRBJ2-7,CAYRSGRHSGNTPLVF,Donor AJD3280:LP TCRab CD8ab TRM,1.000000,-,-,-,-,-,-,-,-,-,-,-
493,S%GGTYE,7.6e-02,2,2,3.9e-08,1.0e+00,6.0e-03,2.2e-01,1.0e-03,2.9e-02,global-S%GGTYE,CAISdgGTYEQYF,CAISDGGTYEQYF,TRBV10-3,TRBJ2-7,CAASFSEGQNFVF,Donor AJG2309:IEL TCRab CD8ab TRM,1.000000,-,-,-,-,-,-,-,-,-,-,-
493,S%GGTYE,7.6e-02,2,2,3.9e-08,1.0e+00,6.0e-03,2.2e-01,1.0e-03,2.9e-02,global-S%GGTYE,CAISdgGTYEQYF,CAISDGGTYEQYF,TRBV10-3,TRBJ2-7,CAALSNFGNEKLTF,Donor AJG2309:IEL TCRab CD8ab TRM,3.000000,-,-,-,-,-,-,-,-,-,-,-

494,SLTG%QP,7.6e-02,1,2,1.4e-06,1.0e+00,4.8e-02,1.0e+00,1.0e-03,2.9e-02,global-SLTG%QP,CASSLTGrqPLHF,CASSLTGRQPLHF,TRBV12-4,TRBJ1-6,CAVSGNAGNMLTF,Donor AJD3280:PB TCRab CD8ab Teff,1.000000,-,-,-,-,-,-,-,-,-,-,-
494,SLTG%QP,7.6e-02,1,2,1.4e-06,1.0e+00,4.8e-02,1.0e+00,1.0e-03,2.9e-02,global-SLTG%QP,CASSLTGeQPQHF,CASSLTGEQPQHF,TRBV7-2,TRBJ1-5,CVVNILSNTGKLIF,Donor AJD3280:IEL TCRab CD8ab TRM,1.000000,-,-,-,-,-,-,-,-,-,-,-

495,SLGTG%E,7.6e-02,1,2,1.6e-06,1.0e+00,5.4e-02,1.0e+00,1.0e-03,2.9e-02,global-SLGTG%E,CASSLGTGYEQYF,CASSLGTGYEQYF,TRBV7-7,TRBJ2-7,CALSEAGAGGTSYGKLTF,Donor AJD3280:L TCRab CD8ab TRM,1.000000,-,-,-,-,-,-,-,-,-,-,-
495,SLGTG%E,7.6e-02,1,2,1.6e-06,1.0e+00,5.4e-02,1.0e+00,1.0e-03,2.9e-02,global-SLGTG%E,CASSLGTGTEAFF,CASSLGTGTEAFF,TRBV9,TRBJ1-1,CAFKASGGSYIPTF,Donor AJD3280:L TCRab CD8ab Naive/TCM,1.000000,-,-,-,-,-,-,-,-,-,-,-

496,SLSGG%E,7.6e-02,2,2,1.4e-06,1.0e+00,4.9e-02,1.0e+00,1.0e-03,2.9e-02,global-SLSGG%E,CASSLSGGsEAFF,CASSLSGGSEAFF,TRBV7-2,TRBJ1-1,CAVYGGSQGNLIF,Donor AJG2309:IEL TCRab CD8ab TRM,1.000000,-,-,-,-,-,-,-,-,-,-,-
496,SLSGG%E,7.6e-02,2,2,1.4e-06,1.0e+00,4.9e-02,1.0e+00,1.0e-03,2.9e-02,global-SLSGG%E,CASSLSGGYEQYF,CASSLSGGYEQYF,TRBV27,TRBJ2-7,CIVRPRSGTYKYIF,Donor AJD3280:IEL TCRab CD8ab TRM,1.000000,-,-,-,-,-,-,-,-,-,-,-

497,SLS%GNTE,7.6e-02,1,2,4.8e-07,1.0e+00,5.8e-02,2.8e-01,1.0e-03,2.9e-02,global-SLS%GNTE,CASSLsTGNTEAFF,CASSLSTGNTEAFF,TRBV4-1,TRBJ1-1,CVVSDRSNDMRF,Donor AJD3280:IEL TCRab CD8ab TRM,2.000000,-,-,-,-,-,-,-,-,-,-,-
497,SLS%GNTE,7.6e-02,1,2,4.8e-07,1.0e+00,5.8e-02,2.8e-01,1.0e-03,2.9e-02,global-SLS%GNTE,CASSLspgNTEAFF,CASSLSPGNTEAFF,TRBV7-3,TRBJ1-1,CAVQASRGSSNTGKLIF,Donor AJD3280:LP TCRab CD8ab TRM,1.000000,-,-,-,-,-,-,-,-,-,-,-

498,SLG%GGNQP,7.6e-02,1,2,1.2e-06,1.0e+00,4.2e-02,1.0e+00,1.0e-03,2.9e-02,global-SLG%GGNQP,CASSLGQGgNQPQHF,CASSLGQGGNQPQHF,TRBV12-3,TRBJ1-5,CAASDDGANNLFF,Donor AJD3280:PB TCRab CD8ab Naive/TCM,1.000000,-,-,-,-,-,-,-,-,-,-,-
498,SLG%GGNQP,7.6e-02,1,2,1.2e-06,1.0e+00,4.2e-02,1.0e+00,1.0e-03,2.9e-02,global-SLG%GGNQP,CASSLGTGGNQPQHF,CASSLGTGGNQPQHF,TRBV7-9,TRBJ1-5,CAVSGPPGGSARQLTF,Donor AJD3280:L TCRab CD8ab TRM,1.000000,-,-,-,-,-,-,-,-,-,-,-

499,SL%DT,8.2e-02,1,2,1.7e-06,1.0e+00,5.9e-02,1.0e+00,1.0e-03,2.9e-02,global-SL%DT,CASSLiDTQYF,CASSLIDTQYF,TRBV12-3,TRBJ2-3,CAVDKGDYKLSF,Donor AJD3280:PB TCRab CD8ab Naive/TCM,1.000000,-,-,-,-,-,-,-,-,-,-,-
499,SL%DT,8.2e-02,1,2,1.7e-06,1.0e+00,5.9e-02,1.0e+00,1.0e-03,2.9e-02,global-SL%DT,CASSLgDTQYF,CASSLGDTQYF,TRBV27,TRBJ2-3,CAENMVGDYKLSF,Donor AJD3280:L TCRab CD8ab Naive/TCM,1.000000,-,-,-,-,-,-,-,-,-,-,-

500,SLSG%YE,8.2e-02,2,2,2.9e-08,1.0e+00,1.0e-03,1.0e+00,1.0e-03,2.9e-02,global-SLSG%YE,CASSLSGSYEQYF,CASSLSGSYEQYF,TRBV27,TRBJ2-7,CAFMKPGSGGSNYKLTF,Donor AJKQ118:PB TCRab CD8ab Naive/TCM,1.000000,-,-,-,-,-,-,-,-,-,-,-
500,SLSG%YE,8.2e-02,2,2,2.9e-08,1.0e+00,1.0e-03,1.0e+00,1.0e-03,2.9e-02,global-SLSG%YE,CASSLSGGYEQYF,CASSLSGGYEQYF,TRBV27,TRBJ2-7,CIVRPRSGTYKYIF,Donor AJD3280:IEL TCRab CD8ab TRM,1.000000,-,-,-,-,-,-,-,-,-,-,-

501,S%STGNTE,8.2e-02,2,2,5.0e-07,1.0e+00,5.9e-02,2.9e-01,1.0e-03,2.9e-02,global-S%STGNTE,CASSLsTGNTEAFF,CASSLSTGNTEAFF,TRBV4-1,TRBJ1-1,CVVSDRSNDMRF,Donor AJD3280:IEL TCRab CD8ab TRM,2.000000,-,-,-,-,-,-,-,-,-,-,-
501,S%STGNTE,8.2e-02,2,2,5.0e-07,1.0e+00,5.9e-02,2.9e-01,1.0e-03,2.9e-02,global-S%STGNTE,CASSTStgNTEAFF,CASSTSTGNTEAFF,TRBV5-1,TRBJ1-1,CALKAIGGFKTIF,Donor AJG2309:PB TCRab CD8ab Teff,1.000000,-,-,-,-,-,-,-,-,-,-,-

502,SLG%E,8.5e-02,3,5,2.1e-07,1.0e+00,4.2e-01,3.5e-01,1.0e-03,1.5e-03,global-SLG%E,CASSLgNEQFF,CASSLGNEQFF,TRBV5-6,TRBJ2-1,CAMSDLGFGNVLHC,Donor AJKQ118:LP TCRab CD8ab TRM,1.000000,-,-,-,-,-,-,-,-,-,-,-
502,SLG%E,8.5e-02,3,5,2.1e-07,1.0e+00,4.2e-01,3.5e-01,1.0e-03,1.5e-03,global-SLG%E,CASSLgfEAFF,CASSLGFEAFF,TRBV5-1,TRBJ1-1,CALSEVSSGSARQLTF,Donor AJKQ118:L TCRab CD8ab TRM,2.000000,-,-,-,-,-,-,-,-,-,-,-
502,SLG%E,8.5e-02,3,5,2.1e-07,1.0e+00,4.2e-01,3.5e-01,1.0e-03,1.5e-03,global-SLG%E,CASSLgiEQYF,CASSLGIEQYF,TRBV7-9,TRBJ2-7,CAASPFSNFGNEKLTF,Donor AJD3280:L TCRab CD8ab Teff,2.000000,-,-,-,-,-,-,-,-,-,-,-
502,SLG%E,8.5e-02,3,5,2.1e-07,1.0e+00,4.2e-01,3.5e-01,1.0e-03,1.5e-03,global-SLG%E,CASSLgsEQYF,CASSLGSEQYF,TRBV27,TRBJ2-7,CAVSPNNDMRF,Donor AJG2309:IEL TCRab CD8ab TRM,1.000000,-,-,-,-,-,-,-,-,-,-,-
502,SLG%E,8.5e-02,3,5,2.1e-07,1.0e+00,4.2e-01,3.5e-01,1.0e-03,1.5e-03,global-SLG%E,CAWSlgnEQYF,CAWSLGNEQYF,TRBV30,TRBJ2-7,CLVGAQAGTALIF,Donor AJKQ118:PB TCRab CD8ab Naive/TCM,1.000000,-,-,-,-,-,-,-,-,-,-,-

503,SLG%NE,8.6e-02,2,4,5.6e-08,1.0e+00,4.3e-02,5.6e-01,1.0e-03,2.3e-03,global-SLG%NE,CASSLgdNEQFF,CASSLGDNEQFF,TRBV7-9,TRBJ2-1,CAVRDRNNNARLMF,Donor AJG2309:L TCRab CD8ab TRM,1.000000,-,-,-,-,-,-,-,-,-,-,-
503,SLG%NE,8.6e-02,2,4,5.6e-08,1.0e+00,4.3e-02,5.6e-01,1.0e-03,2.3e-03,global-SLG%NE,CASSLGGNEQFF,CASSLGGNEQFF,TRBV27,TRBJ2-1,CASRFNKFYF,Donor AJG2309:IEL TCRab CD8ab TRM,1.000000,-,-,-,-,-,-,-,-,-,-,-
503,SLG%NE,8.6e-02,2,4,5.6e-08,1.0e+00,4.3e-02,5.6e-01,1.0e-03,2.3e-03,global-SLG%NE,CASSLgeNEQFF,CASSLGENEQFF,TRBV7-9,TRBJ2-1,CAVDGGSGGYQKVTF,Donor AJG2309:IEL TCRab CD8ab TRM,2.000000,-,-,-,-,-,-,-,-,-,-,-
503,SLG%NE,8.6e-02,2,4,5.6e-08,1.0e+00,4.3e-02,5.6e-01,1.0e-03,2.3e-03,global-SLG%NE,CASSLgeNEQFF,CASSLGENEQFF,TRBV7-9,TRBJ2-1,CAVDGGSGGYQKVTF,Donor AJG2309:LP TCRab CD8ab TRM,1.000000,-,-,-,-,-,-,-,-,-,-,-
503,SLG%NE,8.6e-02,2,4,5.6e-08,1.0e+00,4.3e-02,5.6e-01,1.0e-03,2.3e-03,global-SLG%NE,CASSLGRNEQFF,CASSLGRNEQFF,TRBV5-1,TRBJ2-1,CAAPDSNYQLIW,Donor AJD3280:PB TCRab CD8ab Teff,1.000000,-,-,-,-,-,-,-,-,-,-,-

504,SLG%TE,9.2e-02,2,3,6.3e-07,1.0e+00,4.1e-01,2.5e-01,1.0e-03,6.2e-03,global-SLG%TE,CASSLgwTEAFF,CASSLGWTEAFF,TRBV12-3,TRBJ1-1,CAVDTGNQFYF,Donor AJG2309:IEL TCRab CD8ab TRM,1.000000,-,-,-,-,-,-,-,-,-,-,-
504,SLG%TE,9.2e-02,2,3,6.3e-07,1.0e+00,4.1e-01,2.5e-01,1.0e-03,6.2e-03,global-SLG%TE,CASSLgNTEAFF,CASSLGNTEAFF,TRBV5-1,TRBJ1-1,CAFMKMIGGSQGNLIF,Donor AJD3280:IEL TCRab CD8ab TRM,2.000000,-,-,-,-,-,-,-,-,-,-,-
504,SLG%TE,9.2e-02,2,3,6.3e-07,1.0e+00,4.1e-01,2.5e-01,1.0e-03,6.2e-03,global-SLG%TE,CASSLgNTEAFF,CASSLGNTEAFF,TRBV13,TRBJ1-1,CAVKDYGNNRLAF,Donor AJG2309:IEL TCRab CD8ab TRM,1.000000,-,-,-,-,-,-,-,-,-,-,-
504,SLG%TE,9.2e-02,2,3,6.3e-07,1.0e+00,4.1e-01,2.5e-01,1.0e-03,6.2e-03,global-SLG%TE,CASSLgNTEAFF,CASSLGNTEAFF,TRBV11-3,TRBJ1-1,CAGQKAGAGSYQLTF,Donor AJG2309:IEL TCRab CD8ab TRM,3.000000,-,-,-,-,-,-,-,-,-,-,-
504,SLG%TE,9.2e-02,2,3,6.3e-07,1.0e+00,4.1e-01,2.5e-01,1.0e-03,6.2e-03,global-SLG%TE,CASSLgstEQFF,CASSLGSTEQFF,TRBV7-8,TRBJ2-1,CALSWGSGGSYIPTF,Donor AJG2309:PB TCRab CD8ab TEM,1.000000,-,-,-,-,-,-,-,-,-,-,-

505,SLGG%E,9.3e-02,2,4,6.3e-08,1.0e+00,2.7e-02,1.0e+00,1.0e-03,2.3e-03,global-SLGG%E,CASSLGGgEQFF,CASSLGGGEQFF,TRBV7-7,TRBJ2-1,CARDYNQGGKLIF,Donor AJG2309:L TCRab CD8ab TRM,1.000000,-,-,-,-,-,-,-,-,-,-,-
505,SLGG%E,9.3e-02,2,4,6.3e-08,1.0e+00,2.7e-02,1.0e+00,1.0e-03,2.3e-03,global-SLGG%E,CASSLGGNEQFF,CASSLGGNEQFF,TRBV27,TRBJ2-1,CASRFNKFYF,Donor AJG2309:IEL TCRab CD8ab TRM,1.000000,-,-,-,-,-,-,-,-,-,-,-
505,SLGG%E,9.3e-02,2,4,6.3e-08,1.0e+00,2.7e-02,1.0e+00,1.0e-03,2.3e-03,global-SLGG%E,CASSLGGpEAFF,CASSLGGPEAFF,TRBV12-3,TRBJ1-1,CAMREKNSGGSNYKLTF,Donor AJD3280:L TCRab CD8ab Naive/TCM,1.000000,-,-,-,-,-,-,-,-,-,-,-
505,SLGG%E,9.3e-02,2,4,6.3e-08,1.0e+00,2.7e-02,1.0e+00,1.0e-03,2.3e-03,global-SLGG%E,CASSLGGhEQFF,CASSLGGHEQFF,TRBV27,TRBJ2-1,CALSAIGFGNVLHC,Donor AJG2309:IEL TCRab CD8ab TRM,1.000000,-,-,-,-,-,-,-,-,-,-,-

506,SP%GSYE,9.6e-02,2,2,4.0e-07,1.0e+00,4.7e-02,2.9e-01,1.0e-03,2.9e-02,global-SP%GSYE,CASSPGGSYEQYF,CASSPGGSYEQYF,TRBV4-1,TRBJ2-7,CVGNTNAGKSTF,Donor AJD3280:PB TCRab CD8ab Naive/TCM,1.000000,-,-,-,-,-,-,-,-,-,-,-
506,SP%GSYE,9.6e-02,2,2,4.0e-07,1.0e+00,4.7e-02,2.9e-01,1.0e-03,2.9e-02,global-SP%GSYE,CASSPpgSYEQYF,CASSPPGSYEQYF,TRBV11-2,TRBJ2-7,CAMRDYGQNFVF,Donor AJG2309:IEL TCRab CD8ab TRM,2.000000,-,-,-,-,-,-,-,-,-,-,-

507,SPG%E,1.0e-01,2,2,8.6e-07,1.0e+00,7.8e-02,3.8e-01,1.0e-03,2.9e-02,global-SPG%E,CASSPgTEAFF,CASSPGTEAFF,TRBV4-2,TRBJ1-1,CAEKASYDKVIF,Donor AJG2309:IEL TCRab CD8ab TRM,1.000000,-,-,-,-,-,-,-,-,-,-,-
507,SPG%E,1.0e-01,2,2,8.6e-07,1.0e+00,7.8e-02,3.8e-01,1.0e-03,2.9e-02,global-SPG%E,CASSPgTEAFF,CASSPGTEAFF,TRBV4-2,TRBJ1-1,CAVRVVSYNTDKLIF,Donor AJG2309:IEL TCRab CD8ab TRM,2.000000,-,-,-,-,-,-,-,-,-,-,-
507,SPG%E,1.0e-01,2,2,8.6e-07,1.0e+00,7.8e-02,3.8e-01,1.0e-03,2.9e-02,global-SPG%E,CASSPgYEQYF,CASSPGYEQYF,TRBV2,TRBJ2-7,CAGQSYGGATNKLIF,Donor AJD3280:L TCRab CD8ab Naive/TCM,1.000000,-,-,-,-,-,-,-,-,-,-,-

508,SL%PYE,1.0e-01,1,2,3.0e-09,1.0e+00,1.0e-03,1.0e-01,1.0e-03,2.9e-02,global-SL%PYE,CASSLipYEQYF,CASSLIPYEQYF,TRBV11-2,TRBJ2-7,CLAASSNTGKLIF,Donor AJD3280:IEL TCRab CD8ab TRM,1.000000,-,-,-,-,-,-,-,-,-,-,-
508,SL%PYE,1.0e-01,1,2,3.0e-09,1.0e+00,1.0e-03,1.0e-01,1.0e-03,2.9e-02,global-SL%PYE,CASSLvpYEQYF,CASSLVPYEQYF,TRBV11-2,TRBJ2-7,CLRSSSNTGKLIF,Donor AJD3280:IEL TCRab CD8ab TRM,4.000000,-,-,-,-,-,-,-,-,-,-,-

509,SL%TGNTE,1.0e-01,2,2,5.2e-07,1.0e+00,6.4e-02,2.8e-01,1.0e-03,2.9e-02,global-SL%TGNTE,CASSLwTGNTEAFF,CASSLWTGNTEAFF,TRBV6-5,TRBJ1-1,CAMREGNNNDMRF,Donor AJKQ118:PB TCRab CD8ab Naive/TCM,1.000000,-,-,-,-,-,-,-,-,-,-,-
509,SL%TGNTE,1.0e-01,2,2,5.2e-07,1.0e+00,6.4e-02,2.8e-01,1.0e-03,2.9e-02,global-SL%TGNTE,CASSLsTGNTEAFF,CASSLSTGNTEAFF,TRBV4-1,TRBJ1-1,CVVSDRSNDMRF,Donor AJD3280:IEL TCRab CD8ab TRM,2.000000,-,-,-,-,-,-,-,-,-,-,-

510,SL%GGSYNE,1.0e-01,1,2,1.5e-06,1.0e+00,5.1e-02,1.0e+00,1.0e-03,2.9e-02,global-SL%GGSYNE,CASSLAGGSYNEQFF,CASSLAGGSYNEQFF,TRBV5-1,TRBJ2-1,CAFTSPSNSGYALNF,Donor AJD3280:IEL TCRab CD8ab TRM,1.000000,-,-,-,-,-,-,-,-,-,-,-
510,SL%GGSYNE,1.0e-01,1,2,1.5e-06,1.0e+00,5.1e-02,1.0e+00,1.0e-03,2.9e-02,global-SL%GGSYNE,CASSLTGGSYNEQFF,CASSLTGGSYNEQFF,TRBV7-8,TRBJ2-1,CAVRDSNQAGTALIF,Donor AJD3280:IEL TCRab CD8ab TRM,1.000000,-,-,-,-,-,-,-,-,-,-,-

511,S%GNE,1.1e-01,2,3,9.9e-07,1.0e+00,1.6e-01,1.0e+00,1.0e-03,6.2e-03,global-S%GNE,CAWSlgnEQYF,CAWSLGNEQYF,TRBV30,TRBJ2-7,CLVGAQAGTALIF,Donor AJKQ118:PB TCRab CD8ab Naive/TCM,1.000000,-,-,-,-,-,-,-,-,-,-,-
511,S%GNE,1.1e-01,2,3,9.9e-07,1.0e+00,1.6e-01,1.0e+00,1.0e-03,6.2e-03,global-S%GNE,CASSfgnEQYF,CASSFGNEQYF,TRBV12-4,TRBJ2-7,CVVPGRYSTLTF,Donor AJG2309:PB TCRab CD8ab Naive/TCM,1.000000,-,-,-,-,-,-,-,-,-,-,-
511,S%GNE,1.1e-01,2,3,9.9e-07,1.0e+00,1.6e-01,1.0e+00,1.0e-03,6.2e-03,global-S%GNE,CASSLgNEQFF,CASSLGNEQFF,TRBV5-6,TRBJ2-1,CAMSDLGFGNVLHC,Donor AJKQ118:LP TCRab CD8ab TRM,1.000000,-,-,-,-,-,-,-,-,-,-,-

512,SP%YE,1.1e-01,2,2,1.7e-06,1.0e+00,5.7e-02,1.0e+00,1.0e-03,2.9e-02,global-SP%YE,CASSPyYEQYF,CASSPYYEQYF,TRBV28,TRBJ2-7,CAYSGVETSGSRLTF,Donor AJKQ118:PB TCRab CD8ab Naive/TCM,1.000000,-,-,-,-,-,-,-,-,-,-,-
512,SP%YE,1.1e-01,2,2,1.7e-06,1.0e+00,5.7e-02,1.0e+00,1.0e-03,2.9e-02,global-SP%YE,CASSPgYEQYF,CASSPGYEQYF,TRBV2,TRBJ2-7,CAGQSYGGATNKLIF,Donor AJD3280:L TCRab CD8ab Naive/TCM,1.000000,-,-,-,-,-,-,-,-,-,-,-

513,SLGG%,1.1e-01,2,2,1.7e-06,1.0e+00,5.7e-02,1.0e+00,1.0e-03,2.9e-02,global-SLGG%,CASSLgGQLFF,CASSLGGQLFF,TRBV11-2,TRBJ1-4,CAVAPNNAGNMLTF,Donor AJD3280:IEL TCRab CD8ab TRM,1.000000,-,-,-,-,-,-,-,-,-,-,-
513,SLGG%,1.1e-01,2,2,1.7e-06,1.0e+00,5.7e-02,1.0e+00,1.0e-03,2.9e-02,global-SLGG%,CASSLGGdQYF,CASSLGGDQYF,TRBV7-7,TRBJ2-5,CAVKVYGGSQGNLIF,Donor AJKQ118:PB TCRab CD8ab Naive/TCM,1.000000,-,-,-,-,-,-,-,-,-,-,-

514,SLGG%YE,1.1e-01,1,2,1.3e-06,1.0e+00,4.6e-02,1.0e+00,1.0e-03,2.9e-02,global-SLGG%YE,CASSLgGTYEQYF,CASSLGGTYEQYF,TRBV5-1,TRBJ2-7,CAYRSGRHSGNTPLVF,Donor AJD3280:LP TCRab CD8ab TRM,1.000000,-,-,-,-,-,-,-,-,-,-,-
514,SLGG%YE,1.1e-01,1,2,1.3e-06,1.0e+00,4.6e-02,1.0e+00,1.0e-03,2.9e-02,global-SLGG%YE,CASSLGGpYEQYF,CASSLGGPYEQYF,TRBV7-2,TRBJ2-7,CASSSNTGKLIF,Donor AJD3280:IEL TCRab CD8ab TRM,1.000000,-,-,-,-,-,-,-,-,-,-,-

515,%E,1.2e-01,2,2,4.3e-07,1.0e+00,5.3e-02,2.8e-01,1.0e-03,2.9e-02,global-%E,CAaYEQYF,CAAYEQYF,TRBV24-1,TRBJ2-7,CAVPLNTNAGKSTF,Donor AJKQ118:L TCRab CD8ab TRM,1.000000,-,-,-,-,-,-,-,-,-,-,-
515,%E,1.2e-01,2,2,4.3e-07,1.0e+00,5.3e-02,2.8e-01,1.0e-03,2.9e-02,global-%E,CSAResdF,CSARESDF,TRBV20-1,TRBJ2-5,CAAKLRGKLIF,Donor AJG2309:PB TCRab CD8ab Teff,2.000000,-,-,-,-,-,-,-,-,-,-,-

516,SL%GNTE,1.2e-01,2,3,9.8e-07,1.0e+00,1.6e-01,1.0e+00,1.0e-03,6.2e-03,global-SL%GNTE,CASSLvgNTEAFF,CASSLVGNTEAFF,TRBV7-2,TRBJ1-1,CALSEVGDAGGTSYGKLTF,Donor AJG2309:IEL TCRab CD8ab TRM,1.000000,-,-,-,-,-,-,-,-,-,-,-
516,SL%GNTE,1.2e-01,2,3,9.8e-07,1.0e+00,1.6e-01,1.0e+00,1.0e-03,6.2e-03,global-SL%GNTE,CAWSldgNTEAFF,CAWSLDGNTEAFF,TRBV30,TRBJ1-1,CAVTGDSNYQLIW,Donor AJD3280:L TCRab CD8ab Naive/TCM,1.000000,-,-,-,-,-,-,-,-,-,-,-
516,SL%GNTE,1.2e-01,2,3,9.8e-07,1.0e+00,1.6e-01,1.0e+00,1.0e-03,6.2e-03,global-SL%GNTE,CASSLAGNTEAFF,CASSLAGNTEAFF,TRBV7-9,TRBJ1-1,CAKWDDKIIF,Donor AJG2309:LP TCRab CD8ab TRM,1.000000,-,-,-,-,-,-,-,-,-,-,-

517,SSG%SYE,1.2e-01,2,2,5.2e-07,1.0e+00,6.3e-02,2.8e-01,1.0e-03,2.9e-02,global-SSG%SYE,CASSSgaSYEQYF,CASSSGASYEQYF,TRBV25-1,TRBJ2-7,CAFGGSQGNLIF,Donor AJD3280:IEL TCRab CD8ab TRM,2.000000,-,-,-,-,-,-,-,-,-,-,-
517,SSG%SYE,1.2e-01,2,2,5.2e-07,1.0e+00,6.3e-02,2.8e-01,1.0e-03,2.9e-02,global-SSG%SYE,CASSSgySYEQYF,CASSSGYSYEQYF,TRBV7-8,TRBJ2-7,CAAMLGADKLSF,Donor AJG2309:IEL TCRab CD8ab TRM,1.000000,-,-,-,-,-,-,-,-,-,-,-

518,SS%YE,1.5e-01,2,2,1.7e-06,1.0e+00,5.8e-02,1.0e+00,1.0e-03,2.9e-02,global-SS%YE,CASSSyYEQYF,CASSSYYEQYF,TRBV27,TRBJ2-7,CAGSPEQGGSEKLVF,Donor AJG2309:PB TCRab CD8ab Teff,1.000000,-,-,-,-,-,-,-,-,-,-,-
518,SS%YE,1.5e-01,2,2,1.7e-06,1.0e+00,5.8e-02,1.0e+00,1.0e-03,2.9e-02,global-SS%YE,CASSSgYEQYF,CASSSGYEQYF,TRBV11-2,TRBJ2-7,CAGDSGGYQKVTF,Donor AJKQ118:PB TCRab CD8ab Naive/TCM,1.000000,-,-,-,-,-,-,-,-,-,-,-

519,SLS%SYE,1.5e-01,2,2,1.3e-06,1.0e+00,4.6e-02,1.0e+00,1.0e-03,2.9e-02,global-SLS%SYE,CASSLSGSYEQYF,CASSLSGSYEQYF,TRBV27,TRBJ2-7,CAFMKPGSGGSNYKLTF,Donor AJKQ118:PB TCRab CD8ab Naive/TCM,1.000000,-,-,-,-,-,-,-,-,-,-,-
519,SLS%SYE,1.5e-01,2,2,1.3e-06,1.0e+00,4.6e-02,1.0e+00,1.0e-03,2.9e-02,global-SLS%SYE,CASSLsdSYEQYF,CASSLSDSYEQYF,TRBV7-6,TRBJ2-7,CAASVLTNEKLTF,Donor AJG2309:LP TCRab CD8ab TRM,1.000000,-,-,-,-,-,-,-,-,-,-,-

520,SL%DE,1.7e-01,2,2,2.9e-08,1.0e+00,1.0e-03,1.0e+00,1.0e-03,2.9e-02,global-SL%DE,CASSLldEQYF,CASSLLDEQYF,TRBV12-3,TRBJ2-7,CAVIDSGYALNF,Donor AJD3280:L TCRab CD8ab TRM,1.000000,-,-,-,-,-,-,-,-,-,-,-
520,SL%DE,1.7e-01,2,2,2.9e-08,1.0e+00,1.0e-03,1.0e+00,1.0e-03,2.9e-02,global-SL%DE,CASSLadEQYF,CASSLADEQYF,TRBV12-3,TRBJ2-7,CAASPPYNTDKLIF,Donor AJKQ118:PB TCRab CD8ab Naive/TCM,1.000000,-,-,-,-,-,-,-,-,-,-,-

521,SRG%E,1.7e-01,1,2,1.5e-06,1.0e+00,5.1e-02,1.0e+00,1.0e-03,2.9e-02,global-SRG%E,CASSRgaEAFF,CASSRGAEAFF,TRBV12-4,TRBJ1-1,CADLNNARLMF,Donor AJG2309:PB TCRab CD8ab Naive/TCM,1.000000,-,-,-,-,-,-,-,-,-,-,-
521,SRG%E,1.7e-01,1,2,1.5e-06,1.0e+00,5.1e-02,1.0e+00,1.0e-03,2.9e-02,global-SRG%E,CASSRgYEQYF,CASSRGYEQYF,TRBV6-5,TRBJ2-7,CVVSVLDHDKIIF,Donor AJG2309:L TCRab CD8ab TRM,1.000000,-,-,-,-,-,-,-,-,-,-,-

522,SLGS%E,1.7e-01,2,2,1.7e-06,1.0e+00,6.0e-02,1.0e+00,1.0e-03,2.9e-02,global-SLGS%E,CASSLgstEQFF,CASSLGSTEQFF,TRBV7-8,TRBJ2-1,CALSWGSGGSYIPTF,Donor AJG2309:PB TCRab CD8ab TEM,1.000000,-,-,-,-,-,-,-,-,-,-,-
522,SLGS%E,1.7e-01,2,2,1.7e-06,1.0e+00,6.0e-02,1.0e+00,1.0e-03,2.9e-02,global-SLGS%E,CASSLgSYEQYF,CASSLGSYEQYF,TRBV7-9,TRBJ2-7,CVVPASENTDKLIF,Donor AJD3280:L TCRab CD8ab TRM,1.000000,-,-,-,-,-,-,-,-,-,-,-

523,SL%GSYE,1.7e-01,2,2,1.1e-08,1.0e+00,1.8e-02,2.1e-02,1.0e-03,2.9e-02,global-SL%GSYE,CASSLSGSYEQYF,CASSLSGSYEQYF,TRBV27,TRBJ2-7,CAFMKPGSGGSNYKLTF,Donor AJKQ118:PB TCRab CD8ab Naive/TCM,1.000000,-,-,-,-,-,-,-,-,-,-,-
523,SL%GSYE,1.7e-01,2,2,1.1e-08,1.0e+00,1.8e-02,2.1e-02,1.0e-03,2.9e-02,global-SL%GSYE,CASSLQGSYEQYF,CASSLQGSYEQYF,TRBV28,TRBJ2-7,CAMREGFGNVLHC,Donor AJD3280:IEL TCRab CD8ab TRM,14.000000,-,-,-,-,-,-,-,-,-,-,-
523,SL%GSYE,1.7e-01,2,2,1.1e-08,1.0e+00,1.8e-02,2.1e-02,1.0e-03,2.9e-02,global-SL%GSYE,CASSLQGSYEQYF,CASSLQGSYEQYF,TRBV28,TRBJ2-7,CAMREGFGNVLHC,Donor AJD3280:L TCRab CD8ab TRM,1.000000,-,-,-,-,-,-,-,-,-,-,-
523,SL%GSYE,1.7e-01,2,2,1.1e-08,1.0e+00,1.8e-02,2.1e-02,1.0e-03,2.9e-02,global-SL%GSYE,CASSLQGSYEQYF,CASSLQGSYEQYF,TRBV5-6,TRBJ2-7,CAVNAFPGGYNKLIF,Donor AJD3280:L TCRab CD8ab TRM,1.000000,-,-,-,-,-,-,-,-,-,-,-

524,SLGQ%YE,1.7e-01,1,2,4.9e-10,1.0e+00,1.0e-03,1.7e-02,1.0e-03,2.9e-02,global-SLGQ%YE,CASSLGQaYEQYF,CASSLGQAYEQYF,TRBV7-8,TRBJ2-7,CINPLAGGTSYGKLTF,Donor AJG2309:L TCRab CD8ab Naive/TCM,1.000000,-,-,-,-,-,-,-,-,-,-,-
524,SLGQ%YE,1.7e-01,1,2,4.9e-10,1.0e+00,1.0e-03,1.7e-02,1.0e-03,2.9e-02,global-SLGQ%YE,CASSLGQaYEQYF,CASSLGQAYEQYF,TRBV7-8,TRBJ2-7,CILPLAGGTSYGKLTF,Donor AJG2309:L TCRab CD8ab TRM,1.000000,-,-,-,-,-,-,-,-,-,-,-
524,SLGQ%YE,1.7e-01,1,2,4.9e-10,1.0e+00,1.0e-03,1.7e-02,1.0e-03,2.9e-02,global-SLGQ%YE,CASSLGQaYEQYF,CASSLGQAYEQYF,TRBV7-8,TRBJ2-7,CINPLAGGTSYGKLTF,Donor AJG2309:L TCRab CD8ab TRM,6.000000,-,-,-,-,-,-,-,-,-,-,-
524,SLGQ%YE,1.7e-01,1,2,4.9e-10,1.0e+00,1.0e-03,1.7e-02,1.0e-03,2.9e-02,global-SLGQ%YE,CASSLGQaYEQYF,CASSLGQAYEQYF,TRBV7-8,TRBJ2-7,CINPLAGGTSYGKLTF,Donor AJG2309:L TCRab CD8ab Teff,2.000000,-,-,-,-,-,-,-,-,-,-,-
524,SLGQ%YE,1.7e-01,1,2,4.9e-10,1.0e+00,1.0e-03,1.7e-02,1.0e-03,2.9e-02,global-SLGQ%YE,CASSLGQaYEQYF,CASSLGQAYEQYF,TRBV7-8,TRBJ2-7,CINPLAGGTSYGKLTF,Donor AJG2309:LP TCRab CD8ab TCM,1.000000,-,-,-,-,-,-,-,-,-,-,-
524,SLGQ%YE,1.7e-01,1,2,4.9e-10,1.0e+00,1.0e-03,1.7e-02,1.0e-03,2.9e-02,global-SLGQ%YE,CASSLGQaYEQYF,CASSLGQAYEQYF,TRBV7-8,TRBJ2-7,CINPLAGGTSYGKLTF,Donor AJG2309:LP TCRab CD8ab TEM,9.000000,-,-,-,-,-,-,-,-,-,-,-
524,SLGQ%YE,1.7e-01,1,2,4.9e-10,1.0e+00,1.0e-03,1.7e-02,1.0e-03,2.9e-02,global-SLGQ%YE,CASSLGQaYEQYF,CASSLGQAYEQYF,TRBV7-8,TRBJ2-7,CINPLAGGTSYGKLTF,Donor AJG2309:PB TCRab CD8ab Naive/TCM,1.000000,-,-,-,-,-,-,-,-,-,-,-
524,SLGQ%YE,1.7e-01,1,2,4.9e-10,1.0e+00,1.0e-03,1.7e-02,1.0e-03,2.9e-02,global-SLGQ%YE,CASSLGQaYEQYF,CASSLGQAYEQYF,TRBV7-8,TRBJ2-7,CINPLAGGTSYGKLTF,Donor AJG2309:PB TCRab CD8ab TEM,3.000000,-,-,-,-,-,-,-,-,-,-,-
524,SLGQ%YE,1.7e-01,1,2,4.9e-10,1.0e+00,1.0e-03,1.7e-02,1.0e-03,2.9e-02,global-SLGQ%YE,CASSLGQaYEQYF,CASSLGQAYEQYF,TRBV7-8,TRBJ2-7,CINPLAGGTSYGKLTF,Donor AJG2309:PB TCRab CD8ab Teff,17.000000,-,-,-,-,-,-,-,-,-,-,-
524,SLGQ%YE,1.7e-01,1,2,4.9e-10,1.0e+00,1.0e-03,1.7e-02,1.0e-03,2.9e-02,global-SLGQ%YE,CASSLGQGyEQFF,CASSLGQGYEQFF,TRBV7-9,TRBJ2-1,CADLNQAGTALIF,Donor AJG2309:IEL TCRab CD8ab TRM,3.000000,-,-,-,-,-,-,-,-,-,-,-
524,SLGQ%YE,1.7e-01,1,2,4.9e-10,1.0e+00,1.0e-03,1.7e-02,1.0e-03,2.9e-02,global-SLGQ%YE,CASSLGQGyEQFF,CASSLGQGYEQFF,TRBV7-9,TRBJ2-1,CADLNQAGTALIF,Donor AJG2309:LP TCRab CD8ab TRM,1.000000,-,-,-,-,-,-,-,-,-,-,-

525,SLG%AYE,1.8e-01,2,2,4.7e-10,1.0e+00,1.0e-03,1.6e-02,1.0e-03,2.9e-02,global-SLG%AYE,CASSLGTaYEQYF,CASSLGTAYEQYF,TRBV11-3,TRBJ2-7,CAAGVFNKFYF,Donor AJD3280:IEL TCRab CD8ab TRM,1.000000,-,-,-,-,-,-,-,-,-,-,-
525,SLG%AYE,1.8e-01,2,2,4.7e-10,1.0e+00,1.0e-03,1.6e-02,1.0e-03,2.9e-02,global-SLG%AYE,CASSLGQaYEQYF,CASSLGQAYEQYF,TRBV7-8,TRBJ2-7,CINPLAGGTSYGKLTF,Donor AJG2309:L TCRab CD8ab Naive/TCM,1.000000,-,-,-,-,-,-,-,-,-,-,-
525,SLG%AYE,1.8e-01,2,2,4.7e-10,1.0e+00,1.0e-03,1.6e-02,1.0e-03,2.9e-02,global-SLG%AYE,CASSLGQaYEQYF,CASSLGQAYEQYF,TRBV7-8,TRBJ2-7,CILPLAGGTSYGKLTF,Donor AJG2309:L TCRab CD8ab TRM,1.000000,-,-,-,-,-,-,-,-,-,-,-
525,SLG%AYE,1.8e-01,2,2,4.7e-10,1.0e+00,1.0e-03,1.6e-02,1.0e-03,2.9e-02,global-SLG%AYE,CASSLGQaYEQYF,CASSLGQAYEQYF,TRBV7-8,TRBJ2-7,CINPLAGGTSYGKLTF,Donor AJG2309:L TCRab CD8ab TRM,6.000000,-,-,-,-,-,-,-,-,-,-,-
525,SLG%AYE,1.8e-01,2,2,4.7e-10,1.0e+00,1.0e-03,1.6e-02,1.0e-03,2.9e-02,global-SLG%AYE,CASSLGQaYEQYF,CASSLGQAYEQYF,TRBV7-8,TRBJ2-7,CINPLAGGTSYGKLTF,Donor AJG2309:L TCRab CD8ab Teff,2.000000,-,-,-,-,-,-,-,-,-,-,-
525,SLG%AYE,1.8e-01,2,2,4.7e-10,1.0e+00,1.0e-03,1.6e-02,1.0e-03,2.9e-02,global-SLG%AYE,CASSLGQaYEQYF,CASSLGQAYEQYF,TRBV7-8,TRBJ2-7,CINPLAGGTSYGKLTF,Donor AJG2309:LP TCRab CD8ab TCM,1.000000,-,-,-,-,-,-,-,-,-,-,-
525,SLG%AYE,1.8e-01,2,2,4.7e-10,1.0e+00,1.0e-03,1.6e-02,1.0e-03,2.9e-02,global-SLG%AYE,CASSLGQaYEQYF,CASSLGQAYEQYF,TRBV7-8,TRBJ2-7,CINPLAGGTSYGKLTF,Donor AJG2309:LP TCRab CD8ab TEM,9.000000,-,-,-,-,-,-,-,-,-,-,-
525,SLG%AYE,1.8e-01,2,2,4.7e-10,1.0e+00,1.0e-03,1.6e-02,1.0e-03,2.9e-02,global-SLG%AYE,CASSLGQaYEQYF,CASSLGQAYEQYF,TRBV7-8,TRBJ2-7,CINPLAGGTSYGKLTF,Donor AJG2309:PB TCRab CD8ab Naive/TCM,1.000000,-,-,-,-,-,-,-,-,-,-,-
525,SLG%AYE,1.8e-01,2,2,4.7e-10,1.0e+00,1.0e-03,1.6e-02,1.0e-03,2.9e-02,global-SLG%AYE,CASSLGQaYEQYF,CASSLGQAYEQYF,TRBV7-8,TRBJ2-7,CINPLAGGTSYGKLTF,Donor AJG2309:PB TCRab CD8ab TEM,3.000000,-,-,-,-,-,-,-,-,-,-,-
525,SLG%AYE,1.8e-01,2,2,4.7e-10,1.0e+00,1.0e-03,1.6e-02,1.0e-03,2.9e-02,global-SLG%AYE,CASSLGQaYEQYF,CASSLGQAYEQYF,TRBV7-8,TRBJ2-7,CINPLAGGTSYGKLTF,Donor AJG2309:PB TCRab CD8ab Teff,17.000000,-,-,-,-,-,-,-,-,-,-,-

526,SLG%DT,1.9e-01,2,2,1.5e-06,1.0e+00,5.0e-02,1.0e+00,1.0e-03,2.9e-02,global-SLG%DT,CASSLgeDTQYF,CASSLGEDTQYF,TRBV7-6,TRBJ2-3,CAMNTGFQKLVF,Donor AJG2309:LP TCRab CD8ab TCM,1.000000,-,-,-,-,-,-,-,-,-,-,-
526,SLG%DT,1.9e-01,2,2,1.5e-06,1.0e+00,5.0e-02,1.0e+00,1.0e-03,2.9e-02,global-SLG%DT,CASSLgvDTQYF,CASSLGVDTQYF,TRBV27,TRBJ2-3,CAMREGPKKTSYDKVIF,Donor AJD3280:PB TCRab CD8ab Naive/TCM,1.000000,-,-,-,-,-,-,-,-,-,-,-

527,S%GVGE,2.2e-01,1,2,2.4e-07,1.0e+00,6.1e-02,1.4e-01,1.0e-03,2.9e-02,global-S%GVGE,CASSLgvGELFF,CASSLGVGELFF,TRBV12-3,TRBJ2-2,CAVEANDMRF,Donor AJD3280:IEL TCRab CD8ab TRM,3.000000,-,-,-,-,-,-,-,-,-,-,-
527,S%GVGE,2.2e-01,1,2,2.4e-07,1.0e+00,6.1e-02,1.4e-01,1.0e-03,2.9e-02,global-S%GVGE,CASSVgvgEQFF,CASSVGVGEQFF,TRBV9,TRBJ2-1,CAAAYGGSQGNLIF,Donor AJD3280:L TCRab CD8ab TRM,1.000000,-,-,-,-,-,-,-,-,-,-,-

528,S%GGE,2.5e-01,2,3,1.0e-06,1.0e+00,1.6e-01,1.0e+00,1.0e-03,6.2e-03,global-S%GGE,CASSEGGEQYF,CASSEGGEQYF,TRBV6-1,TRBJ2-7,CAETPHSGNTPLVF,Donor AJD3280:PB TCRab CD8ab Naive/TCM,1.000000,-,-,-,-,-,-,-,-,-,-,-
528,S%GGE,2.5e-01,2,3,1.0e-06,1.0e+00,1.6e-01,1.0e+00,1.0e-03,6.2e-03,global-S%GGE,CASSwGGEQFF,CASSWGGEQFF,TRBV27,TRBJ2-1,CACPRGSARQLTF,Donor AJG2309:PB TCRab CD8ab Teff,1.000000,-,-,-,-,-,-,-,-,-,-,-
528,S%GGE,2.5e-01,2,3,1.0e-06,1.0e+00,1.6e-01,1.0e+00,1.0e-03,6.2e-03,global-S%GGE,CASSwGGEQYF,CASSWGGEQYF,TRBV6-6,TRBJ2-7,CADNAGNMLTF,Donor AJG2309:IEL TCRab CD8ab TRM,1.000000,-,-,-,-,-,-,-,-,-,-,-

529,S%RGGE,2.8e-01,2,2,1.5e-06,1.0e+00,5.0e-02,1.0e+00,1.0e-03,2.9e-02,global-S%RGGE,CASSPRGgEQFF,CASSPRGGEQFF,TRBV5-6,TRBJ2-1,CAVNDNFGNEKLTF,Donor AJG2309:IEL TCRab CD8ab TRM,1.000000,-,-,-,-,-,-,-,-,-,-,-
529,S%RGGE,2.8e-01,2,2,1.5e-06,1.0e+00,5.0e-02,1.0e+00,1.0e-03,2.9e-02,global-S%RGGE,CASSaRGgEAFF,CASSARGGEAFF,TRBV27,TRBJ1-1,CALGGFKTIF,Donor AJD3280:IEL TCRab CD8ab TRM,1.000000,-,-,-,-,-,-,-,-,-,-,-

530,SSG%E,3.0e-01,2,2,1.3e-06,1.0e+00,4.5e-02,1.0e+00,1.0e-03,2.9e-02,global-SSG%E,CASSSgvEQYF,CASSSGVEQYF,TRBV27,TRBJ2-7,CAVSERNFNKFYF,Donor AJD3280:IEL TCRab CD8ab TRM,1.000000,-,-,-,-,-,-,-,-,-,-,-
530,SSG%E,3.0e-01,2,2,1.3e-06,1.0e+00,4.5e-02,1.0e+00,1.0e-03,2.9e-02,global-SSG%E,CASSSgYEQYF,CASSSGYEQYF,TRBV11-2,TRBJ2-7,CAGDSGGYQKVTF,Donor AJKQ118:PB TCRab CD8ab Naive/TCM,1.000000,-,-,-,-,-,-,-,-,-,-,-

531,S%GGNE,3.6e-01,2,2,1.3e-06,1.0e+00,4.3e-02,1.0e+00,1.0e-03,2.9e-02,global-S%GGNE,CASSVGGNEQFF,CASSVGGNEQFF,TRBV9,TRBJ2-1,CAMKRGTSYGKLTF,Donor AJD3280:PB TCRab CD8ab Naive/TCM,1.000000,-,-,-,-,-,-,-,-,-,-,-
531,S%GGNE,3.6e-01,2,2,1.3e-06,1.0e+00,4.3e-02,1.0e+00,1.0e-03,2.9e-02,global-S%GGNE,CASSLGGNEQFF,CASSLGGNEQFF,TRBV27,TRBJ2-1,CASRFNKFYF,Donor AJG2309:IEL TCRab CD8ab TRM,1.000000,-,-,-,-,-,-,-,-,-,-,-

532,SL%GGE,3.9e-01,2,2,1.3e-06,1.0e+00,4.4e-02,1.0e+00,1.0e-03,2.9e-02,global-SL%GGE,CASSLGGgEQFF,CASSLGGGEQFF,TRBV7-7,TRBJ2-1,CARDYNQGGKLIF,Donor AJG2309:L TCRab CD8ab TRM,1.000000,-,-,-,-,-,-,-,-,-,-,-
532,SL%GGE,3.9e-01,2,2,1.3e-06,1.0e+00,4.4e-02,1.0e+00,1.0e-03,2.9e-02,global-SL%GGE,CASSLlGGEQYF,CASSLLGGEQYF,TRBV7-2,TRBJ2-7,CALSDPGYGGSQGNLIF,Donor AJD3280:L TCRab CD8ab TRM,1.000000,-,-,-,-,-,-,-,-,-,-,-

536,single,1.0e+00,1,1,1.1e-07,1.0e+00,1.0e-03,1.1e-01,1.0e-03,9.5e-01,global-SLELAGGPNE,CASSLeLAGGpNEQFF,CASSLELAGGPNEQFF,TRBV7-8,TRBJ2-1,CALKEDSNYQLIW,Donor AJD3280:IEL TCRab CD8ab TRM,4.000000,-,-,-,-,-,-,-,-,-,-,-
536,single,1.0e+00,1,1,1.1e-07,1.0e+00,1.0e-03,1.1e-01,1.0e-03,9.5e-01,global-SLELAGGPNE,CASSLeLAGGpNEQFF,CASSLELAGGPNEQFF,TRBV7-8,TRBJ2-1,CALKEDSNYQLIW,Donor AJD3280:LP TCRab CD8ab TCM,1.000000,-,-,-,-,-,-,-,-,-,-,-
536,single,1.0e+00,1,1,1.1e-07,1.0e+00,1.0e-03,1.1e-01,1.0e-03,9.5e-01,global-SLELAGGPNE,CASSLeLAGGpNEQFF,CASSLELAGGPNEQFF,TRBV7-8,TRBJ2-1,CALKEDSNYQLIW,Donor AJD3280:LP TCRab CD8ab TRM,2.000000,-,-,-,-,-,-,-,-,-,-,-

569,single,1.0e+00,1,1,2.7e-07,1.0e+00,1.0e-03,2.8e-01,1.0e-03,9.5e-01,global-SDSSTTGE,CASSDsstTGELFF,CASSDSSTTGELFF,TRBV10-1,TRBJ2-2,CAAFNQGGKLIF,Donor AJKQ118:IEL TCRab CD8ab TRM,2.000000,-,-,-,-,-,-,-,-,-,-,-
569,single,1.0e+00,1,1,2.7e-07,1.0e+00,1.0e-03,2.8e-01,1.0e-03,9.5e-01,global-SDSSTTGE,CASSDsstTGELFF,CASSDSSTTGELFF,TRBV10-1,TRBJ2-2,CAAFNQGGKLIF,Donor AJKQ118:LP TCRab CD8ab TEM,1.000000,-,-,-,-,-,-,-,-,-,-,-

570,single,1.0e+00,1,1,9.5e-07,1.0e+00,1.0e-03,1.0e+00,1.0e-03,9.5e-01,global-SLNPGNT,CASSLnpGNTIYF,CASSLNPGNTIYF,TRBV28,TRBJ1-3,CALGGANNLFF,Donor AJG2309:IEL TCRab CD8ab TRM,1.000000,-,-,-,-,-,-,-,-,-,-,-
570,single,1.0e+00,1,1,9.5e-07,1.0e+00,1.0e-03,1.0e+00,1.0e-03,9.5e-01,global-SLNPGNT,CASSLnpGNTIYF,CASSLNPGNTIYF,TRBV28,TRBJ1-3,CALGGANNLFF,Donor AJG2309:LP TCRab CD8ab TEM,1.000000,-,-,-,-,-,-,-,-,-,-,-

571,single,1.0e+00,1,1,6.4e-08,1.0e+00,1.0e-03,6.7e-02,1.0e-03,9.5e-01,global-SQEALDSSSSYNSP,CASSQealdsssSYNSPLHF,CASSQEALDSSSSYNSPLHF,TRBV3-1,TRBJ1-6,CAVRDSNYQLIW,Donor AJKQ118:IEL TCRab CD8ab TRM,7.000000,-,-,-,-,-,-,-,-,-,-,-
571,single,1.0e+00,1,1,6.4e-08,1.0e+00,1.0e-03,6.7e-02,1.0e-03,9.5e-01,global-SQEALDSSSSYNSP,CASSQealdsssSYNSPLHF,CASSQEALDSSSSYNSPLHF,TRBV3-1,TRBJ1-6,CAGGASAGKAAGNKLTF,Donor AJKQ118:L TCRab CD8ab TRM,1.000000,-,-,-,-,-,-,-,-,-,-,-
571,single,1.0e+00,1,1,6.4e-08,1.0e+00,1.0e-03,6.7e-02,1.0e-03,9.5e-01,global-SQEALDSSSSYNSP,CASSQealdsssSYNSPLHF,CASSQEALDSSSSYNSPLHF,TRBV3-1,TRBJ1-6,CAVRDSNYQLIW,Donor AJKQ118:L TCRab CD8ab Teff,3.000000,-,-,-,-,-,-,-,-,-,-,-
571,single,1.0e+00,1,1,6.4e-08,1.0e+00,1.0e-03,6.7e-02,1.0e-03,9.5e-01,global-SQEALDSSSSYNSP,CASSQealdsssSYNSPLHF,CASSQEALDSSSSYNSPLHF,TRBV3-1,TRBJ1-6,CAVRDSNYQLIW,Donor AJKQ118:LP TCRab CD8ab TEM,1.000000,-,-,-,-,-,-,-,-,-,-,-

586,single,1.0e+00,1,1,9.5e-07,1.0e+00,1.0e-03,1.0e+00,1.0e-03,9.5e-01,global-SVVPGRKDT,CASSVvpGRkDTQYF,CASSVVPGRKDTQYF,TRBV9,TRBJ2-3,CAMSALEGYQKVTF,Donor AJG2309:IEL TCRab CD8ab TRM,1.000000,-,-,-,-,-,-,-,-,-,-,-
586,single,1.0e+00,1,1,9.5e-07,1.0e+00,1.0e-03,1.0e+00,1.0e-03,9.5e-01,global-SVVPGRKDT,CASSVvpGRkDTQYF,CASSVVPGRKDTQYF,TRBV9,TRBJ2-3,CAETQDDKIIF,Donor AJG2309:IEL TCRab CD8ab TRM,1.000000,-,-,-,-,-,-,-,-,-,-,-

591,single,1.0e+00,1,1,9.5e-07,1.0e+00,1.0e-03,1.0e+00,1.0e-03,9.5e-01,global-NPGDSGLNE,CASnpgdSGlNEQFF,CASNPGDSGLNEQFF,TRBV5-1,TRBJ2-1,CAIRGGSNYKLTF,Donor AJKQ118:IEL TCRab CD8ab TRM,1.000000,-,-,-,-,-,-,-,-,-,-,-
591,single,1.0e+00,1,1,9.5e-07,1.0e+00,1.0e-03,1.0e+00,1.0e-03,9.5e-01,global-NPGDSGLNE,CASnpgdSGlNEQFF,CASNPGDSGLNEQFF,TRBV5-1,TRBJ2-1,CAIRGGSNYKLTF,Donor AJKQ118:L TCRab CD8ab TRM,1.000000,-,-,-,-,-,-,-,-,-,-,-

654,single,1.0e+00,1,1,9.1e-08,1.0e+00,1.0e-03,9.5e-02,1.0e-03,9.5e-01,global-RVQTGLP,CSARvqTGlpQFF,CSARVQTGLPQFF,TRBV20-1,TRBJ2-1,CAVPYSGNTPLVF,Donor AJG2309:LP TCRab CD8ab TEM,2.000000,-,-,-,-,-,-,-,-,-,-,-
654,single,1.0e+00,1,1,9.1e-08,1.0e+00,1.0e-03,9.5e-02,1.0e-03,9.5e-01,global-RVQTGLP,CSARvqTGlpQFF,CSARVQTGLPQFF,TRBV20-1,TRBJ2-1,CAVPYSGNTPLVF,Donor AJG2309:PB TCRab CD8ab Teff,3.000000,-,-,-,-,-,-,-,-,-,-,-

658,single,1.0e+00,1,1,9.5e-07,1.0e+00,1.0e-03,1.0e+00,1.0e-03,9.5e-01,global-SRYYSGGQET,CASSRyySGGQETQYF,CASSRYYSGGQETQYF,TRBV6-6,TRBJ2-5,CAGEGVQGAQKLVF,Donor AJD3280:L TCRab CD8ab TRM,1.000000,-,-,-,-,-,-,-,-,-,-,-
658,single,1.0e+00,1,1,9.5e-07,1.0e+00,1.0e-03,1.0e+00,1.0e-03,9.5e-01,global-SRYYSGGQET,CASSRyySGGQETQYF,CASSRYYSGGQETQYF,TRBV6-6,TRBJ2-5,CAGEGVQGAQKLVF,Donor AJD3280:PB TCRab CD8ab TEM,1.000000,-,-,-,-,-,-,-,-,-,-,-

661,single,1.0e+00,1,1,2.6e-07,1.0e+00,1.0e-03,2.8e-01,1.0e-03,9.5e-01,global-SSGLAGINAYNE,CASSSGLAGinaYNEQFF,CASSSGLAGINAYNEQFF,TRBV13,TRBJ2-1,CIPVNAGGTSYGKLTF,Donor AJKQ118:IEL TCRab CD8ab TRM,1.000000,-,-,-,-,-,-,-,-,-,-,-
661,single,1.0e+00,1,1,2.6e-07,1.0e+00,1.0e-03,2.8e-01,1.0e-03,9.5e-01,global-SSGLAGINAYNE,CASSSGLAGinaYNEQFF,CASSSGLAGINAYNEQFF,TRBV13,TRBJ2-1,CIPVNAGGTSYGKLTF,Donor AJKQ118:LP TCRab CD8ab TEM,2.000000,-,-,-,-,-,-,-,-,-,-,-

666,single,1.0e+00,1,1,6.9e-08,1.0e+00,1.0e-03,7.2e-02,1.0e-03,9.5e-01,global-SSTGGDE,CASSSTGGdEQFF,CASSSTGGDEQFF,TRBV6-4,TRBJ2-1,CAAFDSWGKLQF,Donor AJD3280:L TCRab CD8ab TRM,1.000000,-,-,-,-,-,-,-,-,-,-,-
666,single,1.0e+00,1,1,6.9e-08,1.0e+00,1.0e-03,7.2e-02,1.0e-03,9.5e-01,global-SSTGGDE,CASSSTGGdEQFF,CASSSTGGDEQFF,TRBV6-4,TRBJ2-1,CAAFDSWGKLQF,Donor AJD3280:L TCRab CD8ab Teff,4.000000,-,-,-,-,-,-,-,-,-,-,-
666,single,1.0e+00,1,1,6.9e-08,1.0e+00,1.0e-03,7.2e-02,1.0e-03,9.5e-01,global-SSTGGDE,CASSSTGGdEQFF,CASSSTGGDEQFF,TRBV6-4,TRBJ2-1,CAAFDSWGKLQF,Donor AJD3280:PB TCRab CD8ab Teff,4.000000,-,-,-,-,-,-,-,-,-,-,-

679,single,1.0e+00,1,1,1.8e-08,1.0e+00,1.0e-03,1.9e-02,1.0e-03,9.5e-01,global-SVGGNTGE,CASSVGGNTGELFF,CASSVGGNTGELFF,TRBV9,TRBJ2-2,CAAASTGGGNKLTF,Donor AJG2309:L TCRab CD8ab TRM,5.000000,-,-,-,-,-,-,-,-,-,-,-
679,single,1.0e+00,1,1,1.8e-08,1.0e+00,1.0e-03,1.9e-02,1.0e-03,9.5e-01,global-SVGGNTGE,CASSVGGNTGELFF,CASSVGGNTGELFF,TRBV9,TRBJ2-2,CAVSTGGGNKLTF,Donor AJG2309:L TCRab CD8ab TRM,1.000000,-,-,-,-,-,-,-,-,-,-,-
679,single,1.0e+00,1,1,1.8e-08,1.0e+00,1.0e-03,1.9e-02,1.0e-03,9.5e-01,global-SVGGNTGE,CASSVGGNTGELFF,CASSVGGNTGELFF,TRBV9,TRBJ2-2,CATDELAGGFKTIF,Donor AJG2309:L TCRab CD8ab TRM,2.000000,-,-,-,-,-,-,-,-,-,-,-
679,single,1.0e+00,1,1,1.8e-08,1.0e+00,1.0e-03,1.9e-02,1.0e-03,9.5e-01,global-SVGGNTGE,CASSVGGNTGELFF,CASSVGGNTGELFF,TRBV9,TRBJ2-2,CAAASTGGGNKLTF,Donor AJG2309:L TCRab CD8ab Teff,2.000000,-,-,-,-,-,-,-,-,-,-,-
679,single,1.0e+00,1,1,1.8e-08,1.0e+00,1.0e-03,1.9e-02,1.0e-03,9.5e-01,global-SVGGNTGE,CASSVGGNTGELFF,CASSVGGNTGELFF,TRBV9,TRBJ2-2,CATDELAGGFKTIF,Donor AJG2309:L TCRab CD8ab Teff,1.000000,-,-,-,-,-,-,-,-,-,-,-
679,single,1.0e+00,1,1,1.8e-08,1.0e+00,1.0e-03,1.9e-02,1.0e-03,9.5e-01,global-SVGGNTGE,CASSVGGNTGELFF,CASSVGGNTGELFF,TRBV9,TRBJ2-2,CAVSTGGGNKLTF,Donor AJG2309:PB TCRab CD8ab TEM,1.000000,-,-,-,-,-,-,-,-,-,-,-
679,single,1.0e+00,1,1,1.8e-08,1.0e+00,1.0e-03,1.9e-02,1.0e-03,9.5e-01,global-SVGGNTGE,CASSVGGNTGELFF,CASSVGGNTGELFF,TRBV9,TRBJ2-2,CAAASTGGGNKLTF,Donor AJG2309:PB TCRab CD8ab Teff,9.000000,-,-,-,-,-,-,-,-,-,-,-
679,single,1.0e+00,1,1,1.8e-08,1.0e+00,1.0e-03,1.9e-02,1.0e-03,9.5e-01,global-SVGGNTGE,CASSVGGNTGELFF,CASSVGGNTGELFF,TRBV9,TRBJ2-2,CAVSTGGGNKLTF,Donor AJG2309:PB TCRab CD8ab Teff,1.000000,-,-,-,-,-,-,-,-,-,-,-
679,single,1.0e+00,1,1,1.8e-08,1.0e+00,1.0e-03,1.9e-02,1.0e-03,9.5e-01,global-SVGGNTGE,CASSVGGNTGELFF,CASSVGGNTGELFF,TRBV9,TRBJ2-2,CATDELAGGFKTIF,Donor AJG2309:PB TCRab CD8ab Teff,9.000000,-,-,-,-,-,-,-,-,-,-,-

685,single,1.0e+00,1,1,9.5e-07,1.0e+00,1.0e-03,1.0e+00,1.0e-03,9.5e-01,global-STGQRNTE,CASSTGqrNTEAFF,CASSTGQRNTEAFF,TRBV2,TRBJ1-1,CLVGGGTGGFKTIF,Donor AJD3280:L TCRab CD8ab Teff,1.000000,-,-,-,-,-,-,-,-,-,-,-
685,single,1.0e+00,1,1,9.5e-07,1.0e+00,1.0e-03,1.0e+00,1.0e-03,9.5e-01,global-STGQRNTE,CASSTGqrNTEAFF,CASSTGQRNTEAFF,TRBV2,TRBJ1-1,CLVGGGTGGFKTIF,Donor AJD3280:PB TCRab CD8ab Teff,1.000000,-,-,-,-,-,-,-,-,-,-,-

707,single,1.0e+00,1,1,9.6e-08,1.0e+00,1.0e-03,1.0e-01,1.0e-03,9.5e-01,global-SLKWGLASHE,CASSLkwGLAshEQFF,CASSLKWGLASHEQFF,TRBV11-2,TRBJ2-1,CAFNQFYF,Donor AJD3280:IEL TCRab CD8ab TRM,3.000000,-,-,-,-,-,-,-,-,-,-,-
707,single,1.0e+00,1,1,9.6e-08,1.0e+00,1.0e-03,1.0e-01,1.0e-03,9.5e-01,global-SLKWGLASHE,CASSLkwGLAshEQFF,CASSLKWGLASHEQFF,TRBV11-2,TRBJ2-1,CAFNQFYF,Donor AJD3280:PB TCRab CD8ab Teff,2.000000,-,-,-,-,-,-,-,-,-,-,-

716,single,1.0e+00,1,1,8.6e-08,1.0e+00,1.0e-03,9.0e-02,1.0e-03,9.5e-01,global-RFGTEVYE,CATrfGTevYEQYF,CATRFGTEVYEQYF,TRBV19,TRBJ2-7,CAVGTNAGKSTF,Donor AJG2309:IEL TCRab CD8ab TRM,5.000000,-,-,-,-,-,-,-,-,-,-,-
716,single,1.0e+00,1,1,8.6e-08,1.0e+00,1.0e-03,9.0e-02,1.0e-03,9.5e-01,global-RFGTEVYE,CATrfGTevYEQYF,CATRFGTEVYEQYF,TRBV19,TRBJ2-7,CAVRGSSGGYNKLIF,Donor AJG2309:IEL TCRab CD8ab TRM,2.000000,-,-,-,-,-,-,-,-,-,-,-
716,single,1.0e+00,1,1,8.6e-08,1.0e+00,1.0e-03,9.0e-02,1.0e-03,9.5e-01,global-RFGTEVYE,CATrfGTevYEQYF,CATRFGTEVYEQYF,TRBV19,TRBJ2-7,CAVGTNAGKSTF,Donor AJG2309:LP TCRab CD8ab TRM,1.000000,-,-,-,-,-,-,-,-,-,-,-

726,single,1.0e+00,1,1,2.7e-07,1.0e+00,1.0e-03,2.9e-01,1.0e-03,9.5e-01,global-SPVRDRGIV,CASSPvrDRGivQFF,CASSPVRDRGIVQFF,TRBV28,TRBJ2-1,CALRVSGGSYIPTF,Donor AJKQ118:IEL TCRab CD8ab TRM,2.000000,-,-,-,-,-,-,-,-,-,-,-
726,single,1.0e+00,1,1,2.7e-07,1.0e+00,1.0e-03,2.9e-01,1.0e-03,9.5e-01,global-SPVRDRGIV,CASSPvrDRGivQFF,CASSPVRDRGIVQFF,TRBV28,TRBJ2-1,CALRVSGGSYIPTF,Donor AJKQ118:L TCRab CD8ab TRM,1.000000,-,-,-,-,-,-,-,-,-,-,-

728,single,1.0e+00,1,1,2.2e-07,1.0e+00,1.0e-03,2.3e-01,1.0e-03,9.5e-01,global-SYAPYNE,CASSYapYNEQFF,CASSYAPYNEQFF,TRBV6-2,TRBJ2-1,CATLRGTGNQFYF,Donor AJD3280:IEL TCRab CD8ab TRM,3.000000,-,-,-,-,-,-,-,-,-,-,-
728,single,1.0e+00,1,1,2.2e-07,1.0e+00,1.0e-03,2.3e-01,1.0e-03,9.5e-01,global-SYAPYNE,CASSYapYNEQFF,CASSYAPYNEQFF,TRBV6-2,TRBJ2-1,CATLRGTGNQFYF,Donor AJD3280:LP TCRab CD8ab TEM,1.000000,-,-,-,-,-,-,-,-,-,-,-
728,single,1.0e+00,1,1,2.2e-07,1.0e+00,1.0e-03,2.3e-01,1.0e-03,9.5e-01,global-SYAPYNE,CASSYapYNEQFF,CASSYAPYNEQFF,TRBV6-2,TRBJ2-1,CATLRGTGNQFYF,Donor AJD3280:LP TCRab CD8ab TRM,1.000000,-,-,-,-,-,-,-,-,-,-,-

738,single,1.0e+00,1,1,5.6e-08,1.0e+00,1.0e-03,5.9e-02,1.0e-03,9.5e-01,global-SSRRYE,CASSSrrYEQYF,CASSSRRYEQYF,TRBV7-9,TRBJ2-7,CIVRDDRDDKIIF,Donor AJKQ118:L TCRab CD8ab TRM,1.000000,-,-,-,-,-,-,-,-,-,-,-
738,single,1.0e+00,1,1,5.6e-08,1.0e+00,1.0e-03,5.9e-02,1.0e-03,9.5e-01,global-SSRRYE,CASSSrrYEQYF,CASSSRRYEQYF,TRBV7-9,TRBJ2-7,CAYQGGGADGLTF,Donor AJKQ118:L TCRab CD8ab TRM,6.000000,-,-,-,-,-,-,-,-,-,-,-

751,single,1.0e+00,1,1,8.6e-09,1.0e+00,1.0e-03,9.0e-03,1.0e-03,9.5e-01,global-SFRQGGTE,CASSfrQGgTEAFF,CASSFRQGGTEAFF,TRBV7-2,TRBJ1-1,CAEIRNYGQNFVF,Donor AJD3280:IEL TCRab CD8ab TRM,21.000000,-,-,-,-,-,-,-,-,-,-,-
751,single,1.0e+00,1,1,8.6e-09,1.0e+00,1.0e-03,9.0e-03,1.0e-03,9.5e-01,global-SFRQGGTE,CASSfrQGgTEAFF,CASSFRQGGTEAFF,TRBV7-2,TRBJ1-1,CAEIRNYGQNFVF,Donor AJD3280:L TCRab CD8ab TRM,1.000000,-,-,-,-,-,-,-,-,-,-,-
751,single,1.0e+00,1,1,8.6e-09,1.0e+00,1.0e-03,9.0e-03,1.0e-03,9.5e-01,global-SFRQGGTE,CASSfrQGgTEAFF,CASSFRQGGTEAFF,TRBV7-2,TRBJ1-1,CAEIRNYGQNFVF,Donor AJD3280:LP TCRab CD8ab TRM,1.000000,-,-,-,-,-,-,-,-,-,-,-

770,single,1.0e+00,1,1,9.5e-07,1.0e+00,1.0e-03,1.0e+00,1.0e-03,9.5e-01,global-SPENSGT,CASSPenSGteFF,CASSPENSGTEFF,TRBV18,TRBJ2-1,CALSEANYGGATNKLIF,Donor AJG2309:L TCRab CD8ab Teff,1.000000,-,-,-,-,-,-,-,-,-,-,-
770,single,1.0e+00,1,1,9.5e-07,1.0e+00,1.0e-03,1.0e+00,1.0e-03,9.5e-01,global-SPENSGT,CASSPenSGteFF,CASSPENSGTEFF,TRBV18,TRBJ2-1,CALSEANYGGATNKLIF,Donor AJG2309:PB TCRab CD8ab Teff,1.000000,-,-,-,-,-,-,-,-,-,-,-

781,single,1.0e+00,1,1,2.9e-07,1.0e+00,1.0e-03,3.1e-01,1.0e-03,9.5e-01,global-SQDVAQGFFYE,CASSQdvaQGffYEQYF,CASSQDVAQGFFYEQYF,TRBV3-1,TRBJ2-7,CATRSNDYKLSF,Donor AJD3280:L TCRab CD8ab TRM,1.000000,-,-,-,-,-,-,-,-,-,-,-
781,single,1.0e+00,1,1,2.9e-07,1.0e+00,1.0e-03,3.1e-01,1.0e-03,9.5e-01,global-SQDVAQGFFYE,CASSQdvaQGffYEQYF,CASSQDVAQGFFYEQYF,TRBV3-1,TRBJ2-7,CATRSNDYKLSF,Donor AJD3280:L TCRab CD8ab Teff,1.000000,-,-,-,-,-,-,-,-,-,-,-
781,single,1.0e+00,1,1,2.9e-07,1.0e+00,1.0e-03,3.1e-01,1.0e-03,9.5e-01,global-SQDVAQGFFYE,CASSQdvaQGffYEQYF,CASSQDVAQGFFYEQYF,TRBV3-1,TRBJ2-7,CAASTYNFNKFYF,Donor AJD3280:L TCRab CD8ab Teff,2.000000,-,-,-,-,-,-,-,-,-,-,-
781,single,1.0e+00,1,1,2.9e-07,1.0e+00,1.0e-03,3.1e-01,1.0e-03,9.5e-01,global-SQDVAQGFFYE,CASSQdvaQGffYEQYF,CASSQDVAQGFFYEQYF,TRBV3-1,TRBJ2-7,CATRSNDYKLSF,Donor AJD3280:PB TCRab CD8ab Teff,2.000000,-,-,-,-,-,-,-,-,-,-,-

803,single,1.0e+00,1,1,2.9e-07,1.0e+00,1.0e-03,3.0e-01,1.0e-03,9.5e-01,global-SPLLLRDAVWSE,CASSPlllrdavwsEAFF,CASSPLLLRDAVWSEAFF,TRBV4-2,TRBJ1-1,CAVLNQAGTALIF,Donor AJG2309:L TCRab CD8ab TRM,1.000000,-,-,-,-,-,-,-,-,-,-,-
803,single,1.0e+00,1,1,2.9e-07,1.0e+00,1.0e-03,3.0e-01,1.0e-03,9.5e-01,global-SPLLLRDAVWSE,CASSPlllrdavwsEAFF,CASSPLLLRDAVWSEAFF,TRBV4-2,TRBJ1-1,CAVLNQAGTALIF,Donor AJG2309:PB TCRab CD8ab Teff,2.000000,-,-,-,-,-,-,-,-,-,-,-

812,single,1.0e+00,1,1,2.8e-07,1.0e+00,1.0e-03,3.0e-01,1.0e-03,9.5e-01,global-SEAGAGSDT,CASSEAGagsDTQYF,CASSEAGAGSDTQYF,TRBV6-1,TRBJ2-3,CAVRDSNYQLIW,Donor AJD3280:L TCRab CD8ab MAIT,2.000000,-,-,-,-,-,-,-,-,-,-,-
812,single,1.0e+00,1,1,2.8e-07,1.0e+00,1.0e-03,3.0e-01,1.0e-03,9.5e-01,global-SEAGAGSDT,CASSEAGagsDTQYF,CASSEAGAGSDTQYF,TRBV6-1,TRBJ2-3,CAVRDSNYQLIW,Donor AJD3280:L TCRab CD8ab TRM,1.000000,-,-,-,-,-,-,-,-,-,-,-

813,single,1.0e+00,1,1,9.5e-07,1.0e+00,1.0e-03,1.0e+00,1.0e-03,9.5e-01,global-SATASLNNSP,CASSataslnNSPLHF,CASSATASLNNSPLHF,TRBV2,TRBJ1-6,CVVNKGTGGFKTIF,Donor AJG2309:IEL TCRab CD8ab TRM,1.000000,-,-,-,-,-,-,-,-,-,-,-
813,single,1.0e+00,1,1,9.5e-07,1.0e+00,1.0e-03,1.0e+00,1.0e-03,9.5e-01,global-SATASLNNSP,CASSataslnNSPLHF,CASSATASLNNSPLHF,TRBV2,TRBJ1-6,CVVNKGTGGFKTIF,Donor AJG2309:LP TCRab CD8ab TEM,1.000000,-,-,-,-,-,-,-,-,-,-,-

814,single,1.0e+00,1,1,2.8e-07,1.0e+00,1.0e-03,3.0e-01,1.0e-03,9.5e-01,global-SVGSGFP,CASSVgSGfpsFF,CASSVGSGFPSFF,TRBV9,TRBJ1-1,CAMILHTGNQFYF,Donor AJD3280:IEL TCRab CD8ab TRM,2.000000,-,-,-,-,-,-,-,-,-,-,-
814,single,1.0e+00,1,1,2.8e-07,1.0e+00,1.0e-03,3.0e-01,1.0e-03,9.5e-01,global-SVGSGFP,CASSVgSGfpsFF,CASSVGSGFPSFF,TRBV9,TRBJ1-1,CAMILHTGNQFYF,Donor AJD3280:LP TCRab CD8ab TRM,1.000000,-,-,-,-,-,-,-,-,-,-,-

815,single,1.0e+00,1,1,9.5e-07,1.0e+00,1.0e-03,1.0e+00,1.0e-03,9.5e-01,global-RGTVPYE,CASRGtvpYEQYF,CASRGTVPYEQYF,TRBV2,TRBJ2-7,CAVISYNNNDMRF,Donor AJKQ118:L TCRab CD8ab TRM,1.000000,-,-,-,-,-,-,-,-,-,-,-
815,single,1.0e+00,1,1,9.5e-07,1.0e+00,1.0e-03,1.0e+00,1.0e-03,9.5e-01,global-RGTVPYE,CASRGtvpYEQYF,CASRGTVPYEQYF,TRBV2,TRBJ2-7,CAVNASFGNEKLTF,Donor AJKQ118:L TCRab CD8ab TRM,1.000000,-,-,-,-,-,-,-,-,-,-,-

843,single,1.0e+00,1,1,2.8e-07,1.0e+00,1.0e-03,2.9e-01,1.0e-03,9.5e-01,global-SLGPNYE,CASSLgpnYEQYF,CASSLGPNYEQYF,TRBV7-6,TRBJ2-7,CAASSNQGGKLIF,Donor AJG2309:IEL TCRab CD8ab TRM,1.000000,-,-,-,-,-,-,-,-,-,-,-
843,single,1.0e+00,1,1,2.8e-07,1.0e+00,1.0e-03,2.9e-01,1.0e-03,9.5e-01,global-SLGPNYE,CASSLgpnYEQYF,CASSLGPNYEQYF,TRBV7-6,TRBJ2-7,CAASSNQGGKLIF,Donor AJG2309:L TCRab CD8ab TRM,1.000000,-,-,-,-,-,-,-,-,-,-,-
843,single,1.0e+00,1,1,2.8e-07,1.0e+00,1.0e-03,2.9e-01,1.0e-03,9.5e-01,global-SLGPNYE,CASSLgpnYEQYF,CASSLGPNYEQYF,TRBV7-6,TRBJ2-7,CAASSNQGGKLIF,Donor AJG2309:LP TCRab CD8ab TCM,1.000000,-,-,-,-,-,-,-,-,-,-,-
843,single,1.0e+00,1,1,2.8e-07,1.0e+00,1.0e-03,2.9e-01,1.0e-03,9.5e-01,global-SLGPNYE,CASSLgpnYEQYF,CASSLGPNYEQYF,TRBV7-6,TRBJ2-7,CAASSNQGGKLIF,Donor AJG2309:LP TCRab CD8ab TEM,3.000000,-,-,-,-,-,-,-,-,-,-,-
843,single,1.0e+00,1,1,2.8e-07,1.0e+00,1.0e-03,2.9e-01,1.0e-03,9.5e-01,global-SLGPNYE,CASSLgpnYEQYF,CASSLGPNYEQYF,TRBV7-6,TRBJ2-7,CAASSNQGGKLIF,Donor AJG2309:PB TCRab CD8ab TEM,2.000000,-,-,-,-,-,-,-,-,-,-,-
843,single,1.0e+00,1,1,2.8e-07,1.0e+00,1.0e-03,2.9e-01,1.0e-03,9.5e-01,global-SLGPNYE,CASSLgpnYEQYF,CASSLGPNYEQYF,TRBV7-6,TRBJ2-7,CAASSNQGGKLIF,Donor AJG2309:PB TCRab CD8ab Teff,1.000000,-,-,-,-,-,-,-,-,-,-,-

845,single,1.0e+00,1,1,1.1e-08,1.0e+00,1.0e-03,1.2e-02,1.0e-03,9.5e-01,global-SPNGDRGLE,CASSPngDRGlEQYF,CASSPNGDRGLEQYF,TRBV11-2,TRBJ2-7,CALIWYGKLTF,Donor AJG2309:IEL TCRab CD8ab TRM,14.000000,-,-,-,-,-,-,-,-,-,-,-
845,single,1.0e+00,1,1,1.1e-08,1.0e+00,1.0e-03,1.2e-02,1.0e-03,9.5e-01,global-SPNGDRGLE,CASSPngDRGlEQYF,CASSPNGDRGLEQYF,TRBV11-2,TRBJ2-7,CALIWYGKLTF,Donor AJG2309:LP TCRab CD8ab TRM,2.000000,-,-,-,-,-,-,-,-,-,-,-

847,single,1.0e+00,1,1,1.4e-07,1.0e+00,1.0e-03,1.5e-01,1.0e-03,9.5e-01,global-SHGAAGGPPTDT,CASShgaAGGppTDTQYF,CASSHGAAGGPPTDTQYF,TRBV28,TRBJ2-3,CAVNLYGNQFYF,Donor AJG2309:L TCRab CD8ab TRM,3.000000,-,-,-,-,-,-,-,-,-,-,-
847,single,1.0e+00,1,1,1.4e-07,1.0e+00,1.0e-03,1.5e-01,1.0e-03,9.5e-01,global-SHGAAGGPPTDT,CASShgaAGGppTDTQYF,CASSHGAAGGPPTDTQYF,TRBV28,TRBJ2-3,CAVNLYGNQFYF,Donor AJG2309:LP TCRab CD8ab TEM,1.000000,-,-,-,-,-,-,-,-,-,-,-
847,single,1.0e+00,1,1,1.4e-07,1.0e+00,1.0e-03,1.5e-01,1.0e-03,9.5e-01,global-SHGAAGGPPTDT,CASShgaAGGppTDTQYF,CASSHGAAGGPPTDTQYF,TRBV28,TRBJ2-3,CAVNLYGNQFYF,Donor AJG2309:LP TCRab CD8ab TRM,1.000000,-,-,-,-,-,-,-,-,-,-,-
847,single,1.0e+00,1,1,1.4e-07,1.0e+00,1.0e-03,1.5e-01,1.0e-03,9.5e-01,global-SHGAAGGPPTDT,CASShgaAGGppTDTQYF,CASSHGAAGGPPTDTQYF,TRBV28,TRBJ2-3,CAVNLYGNQFYF,Donor AJG2309:PB TCRab CD8ab Teff,3.000000,-,-,-,-,-,-,-,-,-,-,-

848,single,1.0e+00,1,1,9.5e-07,1.0e+00,1.0e-03,1.0e+00,1.0e-03,9.5e-01,global-SAGQLGTDT,CATSaGQlgTDTQYF,CATSAGQLGTDTQYF,TRBV24-1,TRBJ2-3,CGTASDSWGKLQF,Donor AJD3280:LP TCRab CD8ab TEM,1.000000,-,-,-,-,-,-,-,-,-,-,-
848,single,1.0e+00,1,1,9.5e-07,1.0e+00,1.0e-03,1.0e+00,1.0e-03,9.5e-01,global-SAGQLGTDT,CATSaGQlgTDTQYF,CATSAGQLGTDTQYF,TRBV24-1,TRBJ2-3,CGTASDSWGKLQF,Donor AJD3280:PB TCRab CD8ab Teff,1.000000,-,-,-,-,-,-,-,-,-,-,-

859,single,1.0e+00,1,1,9.3e-08,1.0e+00,1.0e-03,9.7e-02,1.0e-03,9.5e-01,global-SRRGNTGE,CASSRRGNTGELFF,CASSRRGNTGELFF,TRBV4-3,TRBJ2-2,CAVRDGGAGSYQLTF,Donor AJKQ118:L TCRab CD8ab TRM,4.000000,-,-,-,-,-,-,-,-,-,-,-
859,single,1.0e+00,1,1,9.3e-08,1.0e+00,1.0e-03,9.7e-02,1.0e-03,9.5e-01,global-SRRGNTGE,CASSRRGNTGELFF,CASSRRGNTGELFF,TRBV4-3,TRBJ2-2,CAVRDGGAGSYQLTF,Donor AJKQ118:L TCRab CD8ab Teff,1.000000,-,-,-,-,-,-,-,-,-,-,-

865,single,1.0e+00,1,1,9.5e-07,1.0e+00,1.0e-03,1.0e+00,1.0e-03,9.5e-01,global-SQDRRLAE,CASSQdrrLAEAFF,CASSQDRRLAEAFF,TRBV4-1,TRBJ1-1,CAVCDPFAGGTSYGKLTF,Donor AJD3280:L TCRab CD8ab Teff,1.000000,-,-,-,-,-,-,-,-,-,-,-
865,single,1.0e+00,1,1,9.5e-07,1.0e+00,1.0e-03,1.0e+00,1.0e-03,9.5e-01,global-SQDRRLAE,CASSQdrrLAEAFF,CASSQDRRLAEAFF,TRBV4-1,TRBJ1-1,CAVCDPFAGGTSYGKLTF,Donor AJD3280:PB TCRab CD8ab Teff,1.000000,-,-,-,-,-,-,-,-,-,-,-

869,single,1.0e+00,1,1,9.5e-07,1.0e+00,1.0e-03,1.0e+00,1.0e-03,9.5e-01,global-TRLGNTE,CASTrlgNTEAFF,CASTRLGNTEAFF,TRBV28,TRBJ1-1,CAPTLGNVLHC,Donor AJKQ118:L TCRab CD8ab MAIT,1.000000,-,-,-,-,-,-,-,-,-,-,-
869,single,1.0e+00,1,1,9.5e-07,1.0e+00,1.0e-03,1.0e+00,1.0e-03,9.5e-01,global-TRLGNTE,CASTrlgNTEAFF,CASTRLGNTEAFF,TRBV28,TRBJ1-1,CAPTLGNVLHC,Donor AJKQ118:L TCRab CD8ab TRM,1.000000,-,-,-,-,-,-,-,-,-,-,-

871,single,1.0e+00,1,1,2.8e-07,1.0e+00,1.0e-03,2.9e-01,1.0e-03,9.5e-01,global-SQGTGARTE,CASSQGTGartEQFF,CASSQGTGARTEQFF,TRBV4-3,TRBJ2-1,CAVNEDSGAGSYQLTF,Donor AJD3280:L TCRab CD8ab Teff,2.000000,-,-,-,-,-,-,-,-,-,-,-
871,single,1.0e+00,1,1,2.8e-07,1.0e+00,1.0e-03,2.9e-01,1.0e-03,9.5e-01,global-SQGTGARTE,CASSQGTGartEQFF,CASSQGTGARTEQFF,TRBV4-3,TRBJ2-1,CAVNEDSGAGSYQLTF,Donor AJD3280:LP TCRab CD8ab TEM,1.000000,-,-,-,-,-,-,-,-,-,-,-

891,single,1.0e+00,1,1,3.1e-08,1.0e+00,1.0e-03,3.2e-02,1.0e-03,9.5e-01,global-GGGIPLNTE,CASGGGiplNTEAFF,CASGGGIPLNTEAFF,TRBV27,TRBJ1-1,CIPNHYGQNFVF,Donor AJG2309:L TCRab CD8ab TRM,1.000000,-,-,-,-,-,-,-,-,-,-,-
891,single,1.0e+00,1,1,3.1e-08,1.0e+00,1.0e-03,3.2e-02,1.0e-03,9.5e-01,global-GGGIPLNTE,CASGGGiplNTEAFF,CASGGGIPLNTEAFF,TRBV27,TRBJ1-1,CIPNHYGQNFVF,Donor AJG2309:L TCRab CD8ab Teff,2.000000,-,-,-,-,-,-,-,-,-,-,-
891,single,1.0e+00,1,1,3.1e-08,1.0e+00,1.0e-03,3.2e-02,1.0e-03,9.5e-01,global-GGGIPLNTE,CASGGGiplNTEAFF,CASGGGIPLNTEAFF,TRBV27,TRBJ1-1,CIPNHYGQNFVF,Donor AJG2309:PB TCRab CD8ab Teff,10.000000,-,-,-,-,-,-,-,-,-,-,-

893,single,1.0e+00,1,1,9.5e-07,1.0e+00,1.0e-03,1.0e+00,1.0e-03,9.5e-01,global-SLGQFTE,CASSLGQfTEAFF,CASSLGQFTEAFF,TRBV11-2,TRBJ1-1,CAAKNTGNQFYF,Donor AJKQ118:PB TCRab CD8ab TEM,1.000000,-,-,-,-,-,-,-,-,-,-,-
893,single,1.0e+00,1,1,9.5e-07,1.0e+00,1.0e-03,1.0e+00,1.0e-03,9.5e-01,global-SLGQFTE,CASSLGQfTEAFF,CASSLGQFTEAFF,TRBV11-2,TRBJ1-1,CAAKNTGNQFYF,Donor AJKQ118:PB TCRab CD8ab Teff,1.000000,-,-,-,-,-,-,-,-,-,-,-

907,single,1.0e+00,1,1,2.8e-07,1.0e+00,1.0e-03,2.9e-01,1.0e-03,9.5e-01,global-SLTGSFYSNQP,CASSLTGsfySNQPQHF,CASSLTGSFYSNQPQHF,TRBV2,TRBJ1-5,CAVWSYGQNFVF,Donor AJKQ118:IEL TCRab CD8ab TRM,1.000000,-,-,-,-,-,-,-,-,-,-,-
907,single,1.0e+00,1,1,2.8e-07,1.0e+00,1.0e-03,2.9e-01,1.0e-03,9.5e-01,global-SLTGSFYSNQP,CASSLTGsfySNQPQHF,CASSLTGSFYSNQPQHF,TRBV2,TRBJ1-5,CALVANQAGTALIF,Donor AJKQ118:L TCRab CD8ab TRM,2.000000,-,-,-,-,-,-,-,-,-,-,-

912,single,1.0e+00,1,1,5.8e-08,1.0e+00,1.0e-03,6.1e-02,1.0e-03,9.5e-01,global-RSPRYSP,CSARsprySPLHF,CSARSPRYSPLHF,TRBV20-1,TRBJ1-6,CAASATKTSGSRLTF,Donor AJD3280:L TCRab CD8ab Teff,1.000000,-,-,-,-,-,-,-,-,-,-,-
912,single,1.0e+00,1,1,5.8e-08,1.0e+00,1.0e-03,6.1e-02,1.0e-03,9.5e-01,global-RSPRYSP,CSARsprySPLHF,CSARSPRYSPLHF,TRBV20-1,TRBJ1-6,CALERGDKIIF,Donor AJD3280:L TCRab CD8ab Teff,8.000000,-,-,-,-,-,-,-,-,-,-,-
912,single,1.0e+00,1,1,5.8e-08,1.0e+00,1.0e-03,6.1e-02,1.0e-03,9.5e-01,global-RSPRYSP,CSARsprySPLHF,CSARSPRYSPLHF,TRBV20-1,TRBJ1-6,CALERGDKIIF,Donor AJD3280:PB TCRab CD8ab Teff,1.000000,-,-,-,-,-,-,-,-,-,-,-

921,single,1.0e+00,1,1,9.5e-07,1.0e+00,1.0e-03,1.0e+00,1.0e-03,9.5e-01,global-SHSGTYGYNE,CASShSGtygYNEQFF,CASSHSGTYGYNEQFF,TRBV4-1,TRBJ2-1,CAAGGSTLTF,Donor AJG2309:IEL TCRab CD8ab TRM,1.000000,-,-,-,-,-,-,-,-,-,-,-
921,single,1.0e+00,1,1,9.5e-07,1.0e+00,1.0e-03,1.0e+00,1.0e-03,9.5e-01,global-SHSGTYGYNE,CASShSGtygYNEQFF,CASSHSGTYGYNEQFF,TRBV4-1,TRBJ2-1,CAAGGSTLTF,Donor AJG2309:LP TCRab CD8ab TRM,1.000000,-,-,-,-,-,-,-,-,-,-,-

922,single,1.0e+00,1,1,1.5e-07,1.0e+00,1.0e-03,1.5e-01,1.0e-03,9.5e-01,global-SYFLGRLNADT,CASSYflGRlnaDTQYF,CASSYFLGRLNADTQYF,TRBV28,TRBJ2-3,CALLNAGNMLTF,Donor AJG2309:IEL TCRab CD8ab TRM,1.000000,-,-,-,-,-,-,-,-,-,-,-
922,single,1.0e+00,1,1,1.5e-07,1.0e+00,1.0e-03,1.5e-01,1.0e-03,9.5e-01,global-SYFLGRLNADT,CASSYflGRlnaDTQYF,CASSYFLGRLNADTQYF,TRBV28,TRBJ2-3,CALLNAGNMLTF,Donor AJG2309:L TCRab CD8ab TRM,2.000000,-,-,-,-,-,-,-,-,-,-,-
922,single,1.0e+00,1,1,1.5e-07,1.0e+00,1.0e-03,1.5e-01,1.0e-03,9.5e-01,global-SYFLGRLNADT,CASSYflGRlnaDTQYF,CASSYFLGRLNADTQYF,TRBV28,TRBJ2-3,CALLNAGNMLTF,Donor AJG2309:PB TCRab CD8ab Teff,3.000000,-,-,-,-,-,-,-,-,-,-,-

923,single,1.0e+00,1,1,2.9e-07,1.0e+00,1.0e-03,3.1e-01,1.0e-03,9.5e-01,global-SFSESSYNE,CASSfsesSYNEQFF,CASSFSESSYNEQFF,TRBV27,TRBJ2-1,CAATHAGNNRKLIW,Donor AJG2309:IEL TCRab CD8ab TRM,1.000000,-,-,-,-,-,-,-,-,-,-,-
923,single,1.0e+00,1,1,2.9e-07,1.0e+00,1.0e-03,3.1e-01,1.0e-03,9.5e-01,global-SFSESSYNE,CASSfsesSYNEQFF,CASSFSESSYNEQFF,TRBV27,TRBJ2-1,CGTVSGNTPLVF,Donor AJG2309:IEL TCRab CD8ab TRM,2.000000,-,-,-,-,-,-,-,-,-,-,-

924,single,1.0e+00,1,1,9.5e-07,1.0e+00,1.0e-03,1.0e+00,1.0e-03,9.5e-01,global-SPDRGYTE,CASSPDRGyTEAFF,CASSPDRGYTEAFF,TRBV19,TRBJ1-1,CAVKRNYQLIW,Donor AJD3280:IEL TCRab CD8ab TRM,1.000000,-,-,-,-,-,-,-,-,-,-,-
924,single,1.0e+00,1,1,9.5e-07,1.0e+00,1.0e-03,1.0e+00,1.0e-03,9.5e-01,global-SPDRGYTE,CASSPDRGyTEAFF,CASSPDRGYTEAFF,TRBV19,TRBJ1-1,CAVKRNYQLIW,Donor AJD3280:LP TCRab CD8ab TEM,1.000000,-,-,-,-,-,-,-,-,-,-,-
924,single,1.0e+00,1,1,9.5e-07,1.0e+00,1.0e-03,1.0e+00,1.0e-03,9.5e-01,global-SPDRGYTE,CASSPDRGyTEAFF,CASSPDRGYTEAFF,TRBV19,TRBJ1-1,CAVKRNYQLIW,Donor AJD3280:LP TCRab CD8ab TRM,1.000000,-,-,-,-,-,-,-,-,-,-,-

927,single,1.0e+00,1,1,9.5e-07,1.0e+00,1.0e-03,1.0e+00,1.0e-03,9.5e-01,global-EGTDSGANV,CSVEGTdSGANVLTF,CSVEGTDSGANVLTF,TRBV29-1,TRBJ2-6,CALSPMDSNYQLIW,Donor AJKQ118:L TCRab CD8ab Teff,1.000000,-,-,-,-,-,-,-,-,-,-,-
927,single,1.0e+00,1,1,9.5e-07,1.0e+00,1.0e-03,1.0e+00,1.0e-03,9.5e-01,global-EGTDSGANV,CSVEGTdSGANVLTF,CSVEGTDSGANVLTF,TRBV29-1,TRBJ2-6,CALSPMDSNYQLIW,Donor AJKQ118:LP TCRab CD8ab TEM,1.000000,-,-,-,-,-,-,-,-,-,-,-
927,single,1.0e+00,1,1,9.5e-07,1.0e+00,1.0e-03,1.0e+00,1.0e-03,9.5e-01,global-EGTDSGANV,CSVEGTdSGANVLTF,CSVEGTDSGANVLTF,TRBV29-1,TRBJ2-6,CALSPMDSNYQLIW,Donor AJKQ118:LP TCRab CD8ab TRM,1.000000,-,-,-,-,-,-,-,-,-,-,-

928,single,1.0e+00,1,1,3.6e-07,1.0e+00,1.0e-03,3.8e-01,1.0e-03,9.5e-01,global-DRGSDE,CAaDRGsdEQYF,CAADRGSDEQYF,TRBV28,TRBJ2-7,CALRNSGYSTLTF,Donor AJG2309:IEL TCRab CD8ab TRM,2.000000,-,-,-,-,-,-,-,-,-,-,-
928,single,1.0e+00,1,1,3.6e-07,1.0e+00,1.0e-03,3.8e-01,1.0e-03,9.5e-01,global-DRGSDE,CAaDRGsdEQYF,CAADRGSDEQYF,TRBV28,TRBJ2-7,CALRNSGYSTLTF,Donor AJG2309:LP TCRab CD8ab TEM,1.000000,-,-,-,-,-,-,-,-,-,-,-
928,single,1.0e+00,1,1,3.6e-07,1.0e+00,1.0e-03,3.8e-01,1.0e-03,9.5e-01,global-DRGSDE,CAaDRGsdEQYF,CAADRGSDEQYF,TRBV28,TRBJ2-7,CALRNSGYSTLTF,Donor AJG2309:LP TCRab CD8ab TRM,1.000000,-,-,-,-,-,-,-,-,-,-,-

933,single,1.0e+00,1,1,2.3e-07,1.0e+00,1.0e-03,2.4e-01,1.0e-03,9.5e-01,global-SFWGGSNQP,CASSfwGGSNQPQHF,CASSFWGGSNQPQHF,TRBV5-1,TRBJ1-5,CASPPQSNTGNQFYF,Donor AJG2309:IEL TCRab CD8ab TRM,1.000000,-,-,-,-,-,-,-,-,-,-,-
933,single,1.0e+00,1,1,2.3e-07,1.0e+00,1.0e-03,2.4e-01,1.0e-03,9.5e-01,global-SFWGGSNQP,CASSfwGGSNQPQHF,CASSFWGGSNQPQHF,TRBV5-1,TRBJ1-5,CAYRSAREGGSEKLVF,Donor AJG2309:IEL TCRab CD8ab TRM,3.000000,-,-,-,-,-,-,-,-,-,-,-
933,single,1.0e+00,1,1,2.3e-07,1.0e+00,1.0e-03,2.4e-01,1.0e-03,9.5e-01,global-SFWGGSNQP,CASSfwGGSNQPQHF,CASSFWGGSNQPQHF,TRBV5-1,TRBJ1-5,CAYRSAREGGSEKLVF,Donor AJG2309:LP TCRab CD8ab TRM,1.000000,-,-,-,-,-,-,-,-,-,-,-

938,single,1.0e+00,1,1,9.5e-07,1.0e+00,1.0e-03,1.0e+00,1.0e-03,9.5e-01,global-SLGTGSYE,CASSLGTGSYEQYF,CASSLGTGSYEQYF,TRBV13,TRBJ2-7,CAVRDMTTEGADGLTF,Donor AJG2309:L TCRab CD8ab TRM,1.000000,-,-,-,-,-,-,-,-,-,-,-
938,single,1.0e+00,1,1,9.5e-07,1.0e+00,1.0e-03,1.0e+00,1.0e-03,9.5e-01,global-SLGTGSYE,CASSLGTGSYEQYF,CASSLGTGSYEQYF,TRBV13,TRBJ2-7,CAVRDMTTEGADGLTF,Donor AJG2309:PB TCRab CD8ab Teff,1.000000,-,-,-,-,-,-,-,-,-,-,-

940,single,1.0e+00,1,1,5.0e-08,1.0e+00,1.0e-03,5.2e-02,1.0e-03,9.5e-01,global-SDHGTSGRDE,CATSDhGTSGRdEQYF,CATSDHGTSGRDEQYF,TRBV24-1,TRBJ2-7,CAFITGFSDGQKLLF,Donor AJKQ118:IEL TCRab CD8ab TRM,5.000000,-,-,-,-,-,-,-,-,-,-,-
940,single,1.0e+00,1,1,5.0e-08,1.0e+00,1.0e-03,5.2e-02,1.0e-03,9.5e-01,global-SDHGTSGRDE,CATSDhGTSGRdEQYF,CATSDHGTSGRDEQYF,TRBV24-1,TRBJ2-7,CAFITGFSDGQKLLF,Donor AJKQ118:L TCRab CD8ab Naive/TCM,1.000000,-,-,-,-,-,-,-,-,-,-,-
940,single,1.0e+00,1,1,5.0e-08,1.0e+00,1.0e-03,5.2e-02,1.0e-03,9.5e-01,global-SDHGTSGRDE,CATSDhGTSGRdEQYF,CATSDHGTSGRDEQYF,TRBV24-1,TRBJ2-7,CAFITGFSDGQKLLF,Donor AJKQ118:L TCRab CD8ab TRM,6.000000,-,-,-,-,-,-,-,-,-,-,-
940,single,1.0e+00,1,1,5.0e-08,1.0e+00,1.0e-03,5.2e-02,1.0e-03,9.5e-01,global-SDHGTSGRDE,CATSDhGTSGRdEQYF,CATSDHGTSGRDEQYF,TRBV24-1,TRBJ2-7,CAFITGFSDGQKLLF,Donor AJKQ118:L TCRab CD8ab Teff,1.000000,-,-,-,-,-,-,-,-,-,-,-
940,single,1.0e+00,1,1,5.0e-08,1.0e+00,1.0e-03,5.2e-02,1.0e-03,9.5e-01,global-SDHGTSGRDE,CATSDhGTSGRdEQYF,CATSDHGTSGRDEQYF,TRBV24-1,TRBJ2-7,CAFITGFSDGQKLLF,Donor AJKQ118:PB TCRab CD8ab Teff,2.000000,-,-,-,-,-,-,-,-,-,-,-

941,single,1.0e+00,1,1,9.5e-07,1.0e+00,1.0e-03,1.0e+00,1.0e-03,9.5e-01,global-GAGTEYQET,CASGaGTeyQETQYF,CASGAGTEYQETQYF,TRBV12-5,TRBJ2-5,CASRNYGGSQGNLIF,Donor AJD3280:IEL TCRab CD8ab TRM,1.000000,-,-,-,-,-,-,-,-,-,-,-
941,single,1.0e+00,1,1,9.5e-07,1.0e+00,1.0e-03,1.0e+00,1.0e-03,9.5e-01,global-GAGTEYQET,CASGaGTeyQETQYF,CASGAGTEYQETQYF,TRBV12-5,TRBJ2-5,CASRNYGGSQGNLIF,Donor AJD3280:LP TCRab CD8ab TRM,1.000000,-,-,-,-,-,-,-,-,-,-,-

943,single,1.0e+00,1,1,4.2e-08,1.0e+00,1.0e-03,4.4e-02,1.0e-03,9.5e-01,global-STIDRGGG,CASStiDRGgGYTF,CASSTIDRGGGYTF,TRBV27,TRBJ1-2,CALHTGNQFYF,Donor AJG2309:IEL TCRab CD8ab TRM,6.000000,-,-,-,-,-,-,-,-,-,-,-
943,single,1.0e+00,1,1,4.2e-08,1.0e+00,1.0e-03,4.4e-02,1.0e-03,9.5e-01,global-STIDRGGG,CASStiDRGgGYTF,CASSTIDRGGGYTF,TRBV27,TRBJ1-2,CALHTGNQFYF,Donor AJG2309:LP TCRab CD8ab TRM,2.000000,-,-,-,-,-,-,-,-,-,-,-

944,single,1.0e+00,1,1,2.7e-07,1.0e+00,1.0e-03,2.9e-01,1.0e-03,9.5e-01,global-SLFEPLKPNT,CASSLfeplkpnTQYF,CASSLFEPLKPNTQYF,TRBV11-2,TRBJ2-3,CAVVTGRRALTF,Donor AJKQ118:IEL TCRab CD8ab TRM,2.000000,-,-,-,-,-,-,-,-,-,-,-
944,single,1.0e+00,1,1,2.7e-07,1.0e+00,1.0e-03,2.9e-01,1.0e-03,9.5e-01,global-SLFEPLKPNT,CASSLfeplkpnTQYF,CASSLFEPLKPNTQYF,TRBV11-2,TRBJ2-3,CAVVTGRRALTF,Donor AJKQ118:LP TCRab CD8ab TEM,1.000000,-,-,-,-,-,-,-,-,-,-,-

950,single,1.0e+00,1,1,9.5e-10,1.0e+00,1.0e-03,1.0e-03,1.0e-03,9.5e-01,global-SRGTASSQP,CASSRGTassQPQHF,CASSRGTASSQPQHF,TRBV4-1,TRBJ1-5,CAVLEGRRALTF,Donor AJKQ118:L TCRab CD8ab Naive/TCM,1.000000,-,-,-,-,-,-,-,-,-,-,-
950,single,1.0e+00,1,1,9.5e-10,1.0e+00,1.0e-03,1.0e-03,1.0e-03,9.5e-01,global-SRGTASSQP,CASSRGTassQPQHF,CASSRGTASSQPQHF,TRBV4-1,TRBJ1-5,CAVLEGRRALTF,Donor AJKQ118:L TCRab CD8ab TRM,57.000000,-,-,-,-,-,-,-,-,-,-,-

954,single,1.0e+00,1,1,2.8e-07,1.0e+00,1.0e-03,2.9e-01,1.0e-03,9.5e-01,global-SLEATAPVYE,CASSLeatapvYEQYF,CASSLEATAPVYEQYF,TRBV5-1,TRBJ2-7,CAMRELTGGGNKLTF,Donor AJG2309:IEL TCRab CD8ab TRM,2.000000,-,-,-,-,-,-,-,-,-,-,-
954,single,1.0e+00,1,1,2.8e-07,1.0e+00,1.0e-03,2.9e-01,1.0e-03,9.5e-01,global-SLEATAPVYE,CASSLeatapvYEQYF,CASSLEATAPVYEQYF,TRBV5-1,TRBJ2-7,CAMRELTGGGNKLTF,Donor AJG2309:LP TCRab CD8ab TRM,1.000000,-,-,-,-,-,-,-,-,-,-,-

970,single,1.0e+00,1,1,9.5e-07,1.0e+00,1.0e-03,1.0e+00,1.0e-03,9.5e-01,global-SQDKGHE,CASSQdkghEQYF,CASSQDKGHEQYF,TRBV4-3,TRBJ2-7,CAAINYGQNFVF,Donor AJG2309:IEL TCRab CD8ab TRM,1.000000,-,-,-,-,-,-,-,-,-,-,-
970,single,1.0e+00,1,1,9.5e-07,1.0e+00,1.0e-03,1.0e+00,1.0e-03,9.5e-01,global-SQDKGHE,CASSQdkghEQYF,CASSQDKGHEQYF,TRBV4-3,TRBJ2-7,CILRDCRAGNNRKLIW,Donor AJG2309:IEL TCRab CD8ab TRM,1.000000,-,-,-,-,-,-,-,-,-,-,-
970,single,1.0e+00,1,1,9.5e-07,1.0e+00,1.0e-03,1.0e+00,1.0e-03,9.5e-01,global-SQDKGHE,CASSQdkghEQYF,CASSQDKGHEQYF,TRBV4-3,TRBJ2-7,CILRDCRAGNNRKLIW,Donor AJG2309:LP TCRab CD8ab TRM,1.000000,-,-,-,-,-,-,-,-,-,-,-

1011,single,1.0e+00,1,1,9.5e-07,1.0e+00,1.0e-03,1.0e+00,1.0e-03,9.5e-01,global-TVRDRGNGE,CATtvrDRGnGELFF,CATTVRDRGNGELFF,TRBV6-6,TRBJ2-2,CAVNARGNQFYF,Donor AJKQ118:IEL TCRab CD8ab TRM,1.000000,-,-,-,-,-,-,-,-,-,-,-
1011,single,1.0e+00,1,1,9.5e-07,1.0e+00,1.0e-03,1.0e+00,1.0e-03,9.5e-01,global-TVRDRGNGE,CATtvrDRGnGELFF,CATTVRDRGNGELFF,TRBV6-6,TRBJ2-2,CAVNARGNQFYF,Donor AJKQ118:LP TCRab CD8ab TEM,1.000000,-,-,-,-,-,-,-,-,-,-,-

1026,single,1.0e+00,1,1,9.5e-07,1.0e+00,1.0e-03,1.0e+00,1.0e-03,9.5e-01,global-SEGIGANTGE,CASSEgigaNTGELFF,CASSEGIGANTGELFF,TRBV6-1,TRBJ2-2,CAPLNTGFQKLVF,Donor AJG2309:IEL TCRab CD8ab TRM,1.000000,-,-,-,-,-,-,-,-,-,-,-
1026,single,1.0e+00,1,1,9.5e-07,1.0e+00,1.0e-03,1.0e+00,1.0e-03,9.5e-01,global-SEGIGANTGE,CASSEgigaNTGELFF,CASSEGIGANTGELFF,TRBV6-1,TRBJ2-2,CAFISTGGSYIPTF,Donor AJG2309:LP TCRab CD8ab TEM,1.000000,-,-,-,-,-,-,-,-,-,-,-
1026,single,1.0e+00,1,1,9.5e-07,1.0e+00,1.0e-03,1.0e+00,1.0e-03,9.5e-01,global-SEGIGANTGE,CASSEgigaNTGELFF,CASSEGIGANTGELFF,TRBV6-1,TRBJ2-2,CAFISTGGSYIPTF,Donor AJG2309:LP TCRab CD8ab TRM,1.000000,-,-,-,-,-,-,-,-,-,-,-

1037,single,1.0e+00,1,1,9.5e-07,1.0e+00,1.0e-03,1.0e+00,1.0e-03,9.5e-01,global-SLNRNGET,CASSLnrngETQYF,CASSLNRNGETQYF,TRBV12-4,TRBJ2-5,CAEWYRDDKIIF,Donor AJD3280:L TCRab CD8ab Teff,1.000000,-,-,-,-,-,-,-,-,-,-,-
1037,single,1.0e+00,1,1,9.5e-07,1.0e+00,1.0e-03,1.0e+00,1.0e-03,9.5e-01,global-SLNRNGET,CASSLnrngETQYF,CASSLNRNGETQYF,TRBV12-4,TRBJ2-5,CAEWYRDDKIIF,Donor AJD3280:PB TCRab CD8ab Teff,1.000000,-,-,-,-,-,-,-,-,-,-,-

1052,single,1.0e+00,1,1,5.6e-08,1.0e+00,1.0e-03,5.9e-02,1.0e-03,9.5e-01,global-MGGGNTGE,CSAmGGgNTGELFF,CSAMGGGNTGELFF,TRBV20-1,TRBJ2-2,CAASKVRGKLIF,Donor AJG2309:LP TCRab CD8ab TEM,1.000000,-,-,-,-,-,-,-,-,-,-,-
1052,single,1.0e+00,1,1,5.6e-08,1.0e+00,1.0e-03,5.9e-02,1.0e-03,9.5e-01,global-MGGGNTGE,CSAmGGgNTGELFF,CSAMGGGNTGELFF,TRBV20-1,TRBJ2-2,CAASKVRGKLIF,Donor AJG2309:PB TCRab CD8ab Teff,5.000000,-,-,-,-,-,-,-,-,-,-,-

1057,single,1.0e+00,1,1,2.5e-07,1.0e+00,1.0e-03,2.6e-01,1.0e-03,9.5e-01,global-SPRRLAKSYE,CASSPrrLAkSYEQYF,CASSPRRLAKSYEQYF,TRBV3-1,TRBJ2-7,CALSEEYGNKLVF,Donor AJG2309:IEL TCRab CD8ab TRM,2.000000,-,-,-,-,-,-,-,-,-,-,-
1057,single,1.0e+00,1,1,2.5e-07,1.0e+00,1.0e-03,2.6e-01,1.0e-03,9.5e-01,global-SPRRLAKSYE,CASSPrrLAkSYEQYF,CASSPRRLAKSYEQYF,TRBV3-1,TRBJ2-7,CALSEEYGNKLVF,Donor AJG2309:LP TCRab CD8ab TRM,1.000000,-,-,-,-,-,-,-,-,-,-,-

1058,single,1.0e+00,1,1,2.0e-05,1.0e+00,7.0e-02,3.0e-01,1.0e-03,9.5e-01,global-SIQRLNTE,CASSIqrlNTEAFF,CASSIQRLNTEAFF,TRBV18,TRBJ1-1,CATSGTGFQKLVF,Donor AJKQ118:IEL TCRab CD8ab TRM,1.000000,-,-,-,-,-,-,-,-,-,-,-
1058,single,1.0e+00,1,1,2.0e-05,1.0e+00,7.0e-02,3.0e-01,1.0e-03,9.5e-01,global-SIQRLNTE,CASSIqrlNTEAFF,CASSIQRLNTEAFF,TRBV19,TRBJ1-1,CATSGTGFQKLVF,Donor AJKQ118:IEL TCRab CD8ab TRM,2.000000,-,-,-,-,-,-,-,-,-,-,-

1083,single,1.0e+00,1,1,4.5e-07,1.0e+00,1.0e-03,4.7e-01,1.0e-03,9.5e-01,global-SYRAGVRET,CASSYrAGvrETQYF,CASSYRAGVRETQYF,TRBV6-5,TRBJ2-5,CAGLGAGNQFYF,Donor AJKQ118:IEL TCRab CD8ab TRM,1.000000,-,-,-,-,-,-,-,-,-,-,-
1083,single,1.0e+00,1,1,4.5e-07,1.0e+00,1.0e-03,4.7e-01,1.0e-03,9.5e-01,global-SYRAGVRET,CASSYrAGvrETQYF,CASSYRAGVRETQYF,TRBV6-5,TRBJ2-5,CAQSRVSSGTYKYIF,Donor AJKQ118:L TCRab CD8ab TRM,2.000000,-,-,-,-,-,-,-,-,-,-,-
1083,single,1.0e+00,1,1,4.5e-07,1.0e+00,1.0e-03,4.7e-01,1.0e-03,9.5e-01,global-SYRAGVRET,CASSYrAGvrETQYF,CASSYRAGVRETQYF,TRBV6-5,TRBJ2-5,CAQTTLMDSNYQLIW,Donor AJKQ118:L TCRab CD8ab TRM,1.000000,-,-,-,-,-,-,-,-,-,-,-
1083,single,1.0e+00,1,1,4.5e-07,1.0e+00,1.0e-03,4.7e-01,1.0e-03,9.5e-01,global-SYRAGVRET,CASSYrAGvrETQYF,CASSYRAGVRETQYF,TRBV6-5,TRBJ2-5,CAGLGAGNQFYF,Donor AJKQ118:LP TCRab CD8ab TRM,1.000000,-,-,-,-,-,-,-,-,-,-,-

1097,single,1.0e+00,1,1,9.5e-07,1.0e+00,1.0e-03,1.0e+00,1.0e-03,9.5e-01,global-SQLLSGGSYNE,CASSQllSGGSYNEQFF,CASSQLLSGGSYNEQFF,TRBV3-1,TRBJ2-1,CAVKEGGKLIF,Donor AJD3280:L TCRab CD8ab Teff,1.000000,-,-,-,-,-,-,-,-,-,-,-
1097,single,1.0e+00,1,1,9.5e-07,1.0e+00,1.0e-03,1.0e+00,1.0e-03,9.5e-01,global-SQLLSGGSYNE,CASSQllSGGSYNEQFF,CASSQLLSGGSYNEQFF,TRBV3-1,TRBJ2-1,CAVKEGGKLIF,Donor AJD3280:PB TCRab CD8ab Teff,1.000000,-,-,-,-,-,-,-,-,-,-,-

1101,single,1.0e+00,1,1,2.8e-07,1.0e+00,1.0e-03,2.9e-01,1.0e-03,9.5e-01,global-NNPTGVAGVFTGE,CASnnpTGvagvfTGELFF,CASNNPTGVAGVFTGELFF,TRBV7-9,TRBJ2-2,CAVNPRSYNTDKLIF,Donor AJG2309:L TCRab CD8ab TRM,1.000000,-,-,-,-,-,-,-,-,-,-,-
1101,single,1.0e+00,1,1,2.8e-07,1.0e+00,1.0e-03,2.9e-01,1.0e-03,9.5e-01,global-NNPTGVAGVFTGE,CASnnpTGvagvfTGELFF,CASNNPTGVAGVFTGELFF,TRBV7-9,TRBJ2-2,CAMREGETGGFKTIF,Donor AJG2309:LP TCRab CD8ab TEM,2.000000,-,-,-,-,-,-,-,-,-,-,-

1103,single,1.0e+00,1,1,2.1e-08,1.0e+00,1.0e-03,2.2e-02,1.0e-03,9.5e-01,global-SVGLYSTDT,CASSVGLySTDTQYF,CASSVGLYSTDTQYF,TRBV9,TRBJ2-3,CAVGGTGSGGYQKVTF,Donor AJKQ118:IEL TCRab CD8ab TRM,13.000000,-,-,-,-,-,-,-,-,-,-,-
1103,single,1.0e+00,1,1,2.1e-08,1.0e+00,1.0e-03,2.2e-02,1.0e-03,9.5e-01,global-SVGLYSTDT,CASSVGLySTDTQYF,CASSVGLYSTDTQYF,TRBV9,TRBJ2-3,CAVGGTGSGGYQKVTF,Donor AJKQ118:L TCRab CD8ab Naive/TCM,1.000000,-,-,-,-,-,-,-,-,-,-,-
1103,single,1.0e+00,1,1,2.1e-08,1.0e+00,1.0e-03,2.2e-02,1.0e-03,9.5e-01,global-SVGLYSTDT,CASSVGLySTDTQYF,CASSVGLYSTDTQYF,TRBV9,TRBJ2-3,CAVGGTGSGGYQKVTF,Donor AJKQ118:L TCRab CD8ab TRM,2.000000,-,-,-,-,-,-,-,-,-,-,-

1106,single,1.0e+00,1,1,1.2e-07,1.0e+00,1.0e-03,1.3e-01,1.0e-03,9.5e-01,global-SQGDTTYE,CASSQgdttYEQYF,CASSQGDTTYEQYF,TRBV7-9,TRBJ2-7,CAASFNTGNQFYF,Donor AJG2309:IEL TCRab CD8ab TRM,4.000000,-,-,-,-,-,-,-,-,-,-,-
1106,single,1.0e+00,1,1,1.2e-07,1.0e+00,1.0e-03,1.3e-01,1.0e-03,9.5e-01,global-SQGDTTYE,CASSQgdttYEQYF,CASSQGDTTYEQYF,TRBV7-9,TRBJ2-7,CALEDKIIF,Donor AJG2309:IEL TCRab CD8ab TRM,1.000000,-,-,-,-,-,-,-,-,-,-,-
1106,single,1.0e+00,1,1,1.2e-07,1.0e+00,1.0e-03,1.3e-01,1.0e-03,9.5e-01,global-SQGDTTYE,CASSQgdttYEQYF,CASSQGDTTYEQYF,TRBV7-9,TRBJ2-7,CAASFNTGNQFYF,Donor AJG2309:LP TCRab CD8ab TRM,1.000000,-,-,-,-,-,-,-,-,-,-,-

1110,single,1.0e+00,1,1,2.6e-07,1.0e+00,1.0e-03,2.7e-01,1.0e-03,9.5e-01,global-SRLVWGDTSTGE,CASSRlvwgdTSTGELFF,CASSRLVWGDTSTGELFF,TRBV3-1,TRBJ2-2,CAASWEFWGGKLIF,Donor AJG2309:PB TCRab CD8ab Teff,1.000000,-,-,-,-,-,-,-,-,-,-,-
1110,single,1.0e+00,1,1,2.6e-07,1.0e+00,1.0e-03,2.7e-01,1.0e-03,9.5e-01,global-SRLVWGDTSTGE,CASSRlvwgdTSTGELFF,CASSRLVWGDTSTGELFF,TRBV3-1,TRBJ2-2,CAAWKDEAAGNKLTF,Donor AJG2309:PB TCRab CD8ab Teff,2.000000,-,-,-,-,-,-,-,-,-,-,-

1126,single,1.0e+00,1,1,1.6e-07,1.0e+00,1.0e-03,1.6e-01,1.0e-03,9.5e-01,global-SQVLSMGAKNI,CASSQvlsmgAKNIQYF,CASSQVLSMGAKNIQYF,TRBV3-1,TRBJ2-4,CAGQPQGSQGNLIF,Donor AJKQ118:IEL TCRab CD8ab TRM,3.000000,-,-,-,-,-,-,-,-,-,-,-
1126,single,1.0e+00,1,1,1.6e-07,1.0e+00,1.0e-03,1.6e-01,1.0e-03,9.5e-01,global-SQVLSMGAKNI,CASSQvlsmgAKNIQYF,CASSQVLSMGAKNIQYF,TRBV3-1,TRBJ2-4,CAGQPQGSQGNLIF,Donor AJKQ118:LP TCRab CD8ab TRM,1.000000,-,-,-,-,-,-,-,-,-,-,-

1129,single,1.0e+00,1,1,1.5e-07,1.0e+00,1.0e-03,1.6e-01,1.0e-03,9.5e-01,global-SGVGGRRGNE,CASSgvggrRGNEQFF,CASSGVGGRRGNEQFF,TRBV9,TRBJ2-1,CALDMYQAGTALIF,Donor AJG2309:IEL TCRab CD8ab TRM,1.000000,-,-,-,-,-,-,-,-,-,-,-
1129,single,1.0e+00,1,1,1.5e-07,1.0e+00,1.0e-03,1.6e-01,1.0e-03,9.5e-01,global-SGVGGRRGNE,CASSgvggrRGNEQFF,CASSGVGGRRGNEQFF,TRBV9,TRBJ2-1,CALDMYQAGTALIF,Donor AJG2309:LP TCRab CD8ab TEM,3.000000,-,-,-,-,-,-,-,-,-,-,-

1130,single,1.0e+00,1,1,9.5e-07,1.0e+00,1.0e-03,1.0e+00,1.0e-03,9.5e-01,global-SVLAGGFNE,CASSVLAGGfNEQFF,CASSVLAGGFNEQFF,TRBV19,TRBJ2-1,CALRGEGAGGTSYGKLTF,Donor AJG2309:IEL TCRab CD8ab TRM,1.000000,-,-,-,-,-,-,-,-,-,-,-
1130,single,1.0e+00,1,1,9.5e-07,1.0e+00,1.0e-03,1.0e+00,1.0e-03,9.5e-01,global-SVLAGGFNE,CASSVLAGGfNEQFF,CASSVLAGGFNEQFF,TRBV19,TRBJ2-1,CAASMSGNKLVF,Donor AJG2309:IEL TCRab CD8ab TRM,1.000000,-,-,-,-,-,-,-,-,-,-,-

1143,single,1.0e+00,1,1,9.5e-07,1.0e+00,1.0e-03,1.0e+00,1.0e-03,9.5e-01,global-RGSGANV,CASRGSGANVLTF,CASRGSGANVLTF,TRBV9,TRBJ2-6,CAVRVDTDKLIF,Donor AJG2309:IEL TCRab CD8ab TRM,1.000000,-,-,-,-,-,-,-,-,-,-,-
1143,single,1.0e+00,1,1,9.5e-07,1.0e+00,1.0e-03,1.0e+00,1.0e-03,9.5e-01,global-RGSGANV,CASRGSGANVLTF,CASRGSGANVLTF,TRBV9,TRBJ2-6,CAVRVDTDKLIF,Donor AJG2309:LP TCRab CD8ab TRM,1.000000,-,-,-,-,-,-,-,-,-,-,-

1148,single,1.0e+00,1,1,9.5e-07,1.0e+00,1.0e-03,1.0e+00,1.0e-03,9.5e-01,global-SLNGQGLYG,CASSLnGQGlYGYTF,CASSLNGQGLYGYTF,TRBV11-1,TRBJ1-2,CAVTHYGGATNKLIF,Donor AJD3280:L TCRab CD8ab Teff,1.000000,-,-,-,-,-,-,-,-,-,-,-
1148,single,1.0e+00,1,1,9.5e-07,1.0e+00,1.0e-03,1.0e+00,1.0e-03,9.5e-01,global-SLNGQGLYG,CASSLnGQGlYGYTF,CASSLNGQGLYGYTF,TRBV11-1,TRBJ1-2,CAVTHYGGATNKLIF,Donor AJD3280:PB TCRab CD8ab Teff,1.000000,-,-,-,-,-,-,-,-,-,-,-

1152,single,1.0e+00,1,1,9.5e-07,1.0e+00,1.0e-03,1.0e+00,1.0e-03,9.5e-01,global-SPTSASAE,CASSPTSasaEQYF,CASSPTSASAEQYF,TRBV28,TRBJ2-7,CAPSHTGKLIF,Donor AJG2309:LP TCRab CD8ab TCM,1.000000,-,-,-,-,-,-,-,-,-,-,-
1152,single,1.0e+00,1,1,9.5e-07,1.0e+00,1.0e-03,1.0e+00,1.0e-03,9.5e-01,global-SPTSASAE,CASSPTSasaEQYF,CASSPTSASAEQYF,TRBV28,TRBJ2-7,CAPSHTGKLIF,Donor AJG2309:LP TCRab CD8ab TEM,1.000000,-,-,-,-,-,-,-,-,-,-,-
1152,single,1.0e+00,1,1,9.5e-07,1.0e+00,1.0e-03,1.0e+00,1.0e-03,9.5e-01,global-SPTSASAE,CASSPTSasaEQYF,CASSPTSASAEQYF,TRBV28,TRBJ2-7,CAPSHTGKLIF,Donor AJG2309:PB TCRab CD8ab Teff,1.000000,-,-,-,-,-,-,-,-,-,-,-

1153,single,1.0e+00,1,1,1.4e-07,1.0e+00,1.0e-03,1.4e-01,1.0e-03,9.5e-01,global-STAEGIE,CAWStaegiEQYF,CAWSTAEGIEQYF,TRBV30,TRBJ2-7,CAFHSGYSTLTF,Donor AJKQ118:IEL TCRab CD8ab TRM,3.000000,-,-,-,-,-,-,-,-,-,-,-
1153,single,1.0e+00,1,1,1.4e-07,1.0e+00,1.0e-03,1.4e-01,1.0e-03,9.5e-01,global-STAEGIE,CAWStaegiEQYF,CAWSTAEGIEQYF,TRBV30,TRBJ2-7,CAFTPFNNARLMF,Donor AJKQ118:L TCRab CD8ab TRM,1.000000,-,-,-,-,-,-,-,-,-,-,-

1157,single,1.0e+00,1,1,2.7e-07,1.0e+00,1.0e-03,2.8e-01,1.0e-03,9.5e-01,global-SQDGWGE,CASSQdgwgEQYF,CASSQDGWGEQYF,TRBV4-3,TRBJ2-7,CAASPHSGGSNYKLTF,Donor AJG2309:L TCRab CD8ab TRM,2.000000,-,-,-,-,-,-,-,-,-,-,-
1157,single,1.0e+00,1,1,2.7e-07,1.0e+00,1.0e-03,2.8e-01,1.0e-03,9.5e-01,global-SQDGWGE,CASSQdgwgEQYF,CASSQDGWGEQYF,TRBV4-3,TRBJ2-7,CAVRDRNNNARLMF,Donor AJG2309:L TCRab CD8ab TRM,1.000000,-,-,-,-,-,-,-,-,-,-,-

1178,single,1.0e+00,1,1,9.5e-07,1.0e+00,1.0e-03,1.0e+00,1.0e-03,9.5e-01,global-GRPKYRGTFQET,CSAGrpkyRGtfQETQYF,CSAGRPKYRGTFQETQYF,TRBV20-1,TRBJ2-5,CLVGPTGGGNKLTF,Donor AJD3280:L TCRab CD8ab Teff,1.000000,-,-,-,-,-,-,-,-,-,-,-
1178,single,1.0e+00,1,1,9.5e-07,1.0e+00,1.0e-03,1.0e+00,1.0e-03,9.5e-01,global-GRPKYRGTFQET,CSAGrpkyRGtfQETQYF,CSAGRPKYRGTFQETQYF,TRBV20-1,TRBJ2-5,CLVGPTGGGNKLTF,Donor AJD3280:PB TCRab CD8ab Teff,1.000000,-,-,-,-,-,-,-,-,-,-,-

1181,single,1.0e+00,1,1,2.5e-07,1.0e+00,1.0e-03,2.7e-01,1.0e-03,9.5e-01,global-KIAGRFQET,CASkiaGRfQETQYF,CASKIAGRFQETQYF,TRBV6-6,TRBJ2-5,CAVSASSGSYQLTF,Donor AJD3280:L TCRab CD8ab TRM,1.000000,-,-,-,-,-,-,-,-,-,-,-
1181,single,1.0e+00,1,1,2.5e-07,1.0e+00,1.0e-03,2.7e-01,1.0e-03,9.5e-01,global-KIAGRFQET,CASkiaGRfQETQYF,CASKIAGRFQETQYF,TRBV6-6,TRBJ2-5,CAVSASSGSYQLTF,Donor AJD3280:L TCRab CD8ab Teff,2.000000,-,-,-,-,-,-,-,-,-,-,-

1189,single,1.0e+00,1,1,9.5e-07,1.0e+00,1.0e-03,1.0e+00,1.0e-03,9.5e-01,global-SYDVTGVYE,CASSYdvTGvYEQYF,CASSYDVTGVYEQYF,TRBV6-2,TRBJ2-7,CAVIDSNYQLIW,Donor AJD3280:L TCRab CD8ab MAIT,1.000000,-,-,-,-,-,-,-,-,-,-,-
1189,single,1.0e+00,1,1,9.5e-07,1.0e+00,1.0e-03,1.0e+00,1.0e-03,9.5e-01,global-SYDVTGVYE,CASSYdvTGvYEQYF,CASSYDVTGVYEQYF,TRBV6-2,TRBJ2-7,CAVIDSNYQLIW,Donor AJD3280:L TCRab CD8ab TRM,1.000000,-,-,-,-,-,-,-,-,-,-,-

1198,single,1.0e+00,1,1,1.2e-07,1.0e+00,1.0e-03,1.3e-01,1.0e-03,9.5e-01,global-SAAGTGIGE,CASSaaGTGigEQFF,CASSAAGTGIGEQFF,TRBV28,TRBJ2-1,CAVIKAGFQKLVF,Donor AJKQ118:IEL TCRab CD8ab TRM,1.000000,-,-,-,-,-,-,-,-,-,-,-
1198,single,1.0e+00,1,1,1.2e-07,1.0e+00,1.0e-03,1.3e-01,1.0e-03,9.5e-01,global-SAAGTGIGE,CASSaaGTGigEQFF,CASSAAGTGIGEQFF,TRBV28,TRBJ2-1,CIVRVVGNTDKLIF,Donor AJKQ118:L TCRab CD8ab TRM,4.000000,-,-,-,-,-,-,-,-,-,-,-
1198,single,1.0e+00,1,1,1.2e-07,1.0e+00,1.0e-03,1.3e-01,1.0e-03,9.5e-01,global-SAAGTGIGE,CASSaaGTGigEQFF,CASSAAGTGIGEQFF,TRBV28,TRBJ2-1,CAVIKAGFQKLVF,Donor AJKQ118:L TCRab CD8ab TRM,1.000000,-,-,-,-,-,-,-,-,-,-,-

1201,single,1.0e+00,1,1,7.8e-08,1.0e+00,1.0e-03,8.2e-02,1.0e-03,9.5e-01,global-SQEGQGREK,CASSQeGQGrEKLFF,CASSQEGQGREKLFF,TRBV4-1,TRBJ1-4,CAKWDDKIIF,Donor AJG2309:LP TCRab CD8ab TEM,2.000000,-,-,-,-,-,-,-,-,-,-,-
1201,single,1.0e+00,1,1,7.8e-08,1.0e+00,1.0e-03,8.2e-02,1.0e-03,9.5e-01,global-SQEGQGREK,CASSQeGQGrEKLFF,CASSQEGQGREKLFF,TRBV4-1,TRBJ1-4,CAKWDDKIIF,Donor AJG2309:LP TCRab CD8ab TRM,3.000000,-,-,-,-,-,-,-,-,-,-,-

1222,single,1.0e+00,1,1,9.5e-07,1.0e+00,1.0e-03,1.0e+00,1.0e-03,9.5e-01,global-SWGQGAG,CASSwGQGaGYTF,CASSWGQGAGYTF,TRBV27,TRBJ1-2,CAVSGYTGGFKTIF,Donor AJG2309:LP TCRab CD8ab TEM,1.000000,-,-,-,-,-,-,-,-,-,-,-
1222,single,1.0e+00,1,1,9.5e-07,1.0e+00,1.0e-03,1.0e+00,1.0e-03,9.5e-01,global-SWGQGAG,CASSwGQGaGYTF,CASSWGQGAGYTF,TRBV27,TRBJ1-2,CAVSGYTGGFKTIF,Donor AJG2309:PB TCRab CD8ab Teff,1.000000,-,-,-,-,-,-,-,-,-,-,-

1225,single,1.0e+00,1,1,9.5e-07,1.0e+00,1.0e-03,1.0e+00,1.0e-03,9.5e-01,global-NDSYE,CASndSYEQYF,CASNDSYEQYF,TRBV28,TRBJ2-7,CALRDSGYSTLTF,Donor AJG2309:IEL TCRab CD8ab TRM,1.000000,-,-,-,-,-,-,-,-,-,-,-
1225,single,1.0e+00,1,1,9.5e-07,1.0e+00,1.0e-03,1.0e+00,1.0e-03,9.5e-01,global-NDSYE,CASndSYEQYF,CASNDSYEQYF,TRBV28,TRBJ2-7,CALRDSGYSTLTF,Donor AJG2309:LP TCRab CD8ab TRM,1.000000,-,-,-,-,-,-,-,-,-,-,-

1226,single,1.0e+00,1,1,3.9e-08,1.0e+00,1.0e-03,4.1e-02,1.0e-03,9.5e-01,global-SDPGGGLNE,CASSDpggGLNEQFF,CASSDPGGGLNEQFF,TRBV2,TRBJ2-1,CVVSGDSSYKLIF,Donor AJD3280:IEL TCRab CD8ab TRM,1.000000,-,-,-,-,-,-,-,-,-,-,-
1226,single,1.0e+00,1,1,3.9e-08,1.0e+00,1.0e-03,4.1e-02,1.0e-03,9.5e-01,global-SDPGGGLNE,CASSDpggGLNEQFF,CASSDPGGGLNEQFF,TRBV2,TRBJ2-1,CVVSGDSSYKLIF,Donor AJD3280:L TCRab CD8ab Teff,3.000000,-,-,-,-,-,-,-,-,-,-,-
1226,single,1.0e+00,1,1,3.9e-08,1.0e+00,1.0e-03,4.1e-02,1.0e-03,9.5e-01,global-SDPGGGLNE,CASSDpggGLNEQFF,CASSDPGGGLNEQFF,TRBV2,TRBJ2-1,CVVSGDSSYKLIF,Donor AJD3280:PB TCRab CD8ab Teff,7.000000,-,-,-,-,-,-,-,-,-,-,-

1234,single,1.0e+00,1,1,1.3e-08,1.0e+00,1.0e-03,1.4e-02,1.0e-03,9.5e-01,global-SRDTVNTE,CASSRdtvNTEAFF,CASSRDTVNTEAFF,TRBV10-1,TRBJ1-1,CAASIGVGGFGNVLHC,Donor AJKQ118:IEL TCRab CD8ab TRM,9.000000,-,-,-,-,-,-,-,-,-,-,-
1234,single,1.0e+00,1,1,1.3e-08,1.0e+00,1.0e-03,1.4e-02,1.0e-03,9.5e-01,global-SRDTVNTE,CASSRdtvNTEAFF,CASSRDTVNTEAFF,TRBV10-1,TRBJ1-1,CALSEPSGGATNKLIF,Donor AJKQ118:IEL TCRab CD8ab TRM,10.000000,-,-,-,-,-,-,-,-,-,-,-
1234,single,1.0e+00,1,1,1.3e-08,1.0e+00,1.0e-03,1.4e-02,1.0e-03,9.5e-01,global-SRDTVNTE,CASSRdtvNTEAFF,CASSRDTVNTEAFF,TRBV10-1,TRBJ1-1,CAASIGVGGFGNVLHC,Donor AJKQ118:LP TCRab CD8ab TEM,1.000000,-,-,-,-,-,-,-,-,-,-,-
1234,single,1.0e+00,1,1,1.3e-08,1.0e+00,1.0e-03,1.4e-02,1.0e-03,9.5e-01,global-SRDTVNTE,CASSRdtvNTEAFF,CASSRDTVNTEAFF,TRBV10-1,TRBJ1-1,CALSEPSGGATNKLIF,Donor AJKQ118:LP TCRab CD8ab TEM,1.000000,-,-,-,-,-,-,-,-,-,-,-
1234,single,1.0e+00,1,1,1.3e-08,1.0e+00,1.0e-03,1.4e-02,1.0e-03,9.5e-01,global-SRDTVNTE,CASSRdtvNTEAFF,CASSRDTVNTEAFF,TRBV10-1,TRBJ1-1,CAASIGVGGFGNVLHC,Donor AJKQ118:LP TCRab CD8ab TRM,3.000000,-,-,-,-,-,-,-,-,-,-,-
1234,single,1.0e+00,1,1,1.3e-08,1.0e+00,1.0e-03,1.4e-02,1.0e-03,9.5e-01,global-SRDTVNTE,CASSRdtvNTEAFF,CASSRDTVNTEAFF,TRBV10-1,TRBJ1-1,CALSEPSGGATNKLIF,Donor AJKQ118:LP TCRab CD8ab TRM,2.000000,-,-,-,-,-,-,-,-,-,-,-

1235,single,1.0e+00,1,1,1.7e-07,1.0e+00,1.0e-03,1.8e-01,1.0e-03,9.5e-01,global-RSGLAGADE,CASrsGLAGadEQYF,CASRSGLAGADEQYF,TRBV11-2,TRBJ2-7,CAASVRSQGNLIF,Donor AJKQ118:IEL TCRab CD8ab TRM,4.000000,-,-,-,-,-,-,-,-,-,-,-
1235,single,1.0e+00,1,1,1.7e-07,1.0e+00,1.0e-03,1.8e-01,1.0e-03,9.5e-01,global-RSGLAGADE,CASrsGLAGadEQYF,CASRSGLAGADEQYF,TRBV11-2,TRBJ2-7,CIVRVAGYTGTASKLTF,Donor AJKQ118:L TCRab CD8ab TRM,1.000000,-,-,-,-,-,-,-,-,-,-,-
1235,single,1.0e+00,1,1,1.7e-07,1.0e+00,1.0e-03,1.8e-01,1.0e-03,9.5e-01,global-RSGLAGADE,CASrsGLAGadEQYF,CASRSGLAGADEQYF,TRBV11-2,TRBJ2-7,CAASVRSQGNLIF,Donor AJKQ118:LP TCRab CD8ab TEM,1.000000,-,-,-,-,-,-,-,-,-,-,-
1235,single,1.0e+00,1,1,1.7e-07,1.0e+00,1.0e-03,1.8e-01,1.0e-03,9.5e-01,global-RSGLAGADE,CASrsGLAGadEQYF,CASRSGLAGADEQYF,TRBV11-2,TRBJ2-7,CAASVRSQGNLIF,Donor AJKQ118:LP TCRab CD8ab TRM,1.000000,-,-,-,-,-,-,-,-,-,-,-
1235,single,1.0e+00,1,1,1.7e-07,1.0e+00,1.0e-03,1.8e-01,1.0e-03,9.5e-01,global-RSGLAGADE,CASrsGLAGadEQYF,CASRSGLAGADEQYF,TRBV11-2,TRBJ2-7,CAASVRSQGNLIF,Donor AJKQ118:PB TCRab CD8ab TEM,2.000000,-,-,-,-,-,-,-,-,-,-,-

1243,single,1.0e+00,1,1,9.5e-07,1.0e+00,1.0e-03,1.0e+00,1.0e-03,9.5e-01,global-SIVAGGGDNE,CASSIvAGGgdNEQFF,CASSIVAGGGDNEQFF,TRBV19,TRBJ2-1,CATDGGNAGNMLTF,Donor AJG2309:IEL TCRab CD8ab TRM,1.000000,-,-,-,-,-,-,-,-,-,-,-
1243,single,1.0e+00,1,1,9.5e-07,1.0e+00,1.0e-03,1.0e+00,1.0e-03,9.5e-01,global-SIVAGGGDNE,CASSIvAGGgdNEQFF,CASSIVAGGGDNEQFF,TRBV19,TRBJ2-1,CATDGGNAGNMLTF,Donor AJG2309:LP TCRab CD8ab TRM,1.000000,-,-,-,-,-,-,-,-,-,-,-

1256,single,1.0e+00,1,1,3.2e-08,1.0e+00,1.0e-03,3.4e-02,1.0e-03,9.5e-01,global-IFFRTAVSYE,CSViffrtavSYEQYF,CSVIFFRTAVSYEQYF,TRBV29-1,TRBJ2-7,CAGGYPGNQFYF,Donor AJKQ118:L TCRab CD8ab TRM,7.000000,-,-,-,-,-,-,-,-,-,-,-
1256,single,1.0e+00,1,1,3.2e-08,1.0e+00,1.0e-03,3.4e-02,1.0e-03,9.5e-01,global-IFFRTAVSYE,CSViffrtavSYEQYF,CSVIFFRTAVSYEQYF,TRBV29-1,TRBJ2-7,CAGGYPGNQFYF,Donor AJKQ118:L TCRab CD8ab Teff,1.000000,-,-,-,-,-,-,-,-,-,-,-

1264,single,1.0e+00,1,1,2.9e-07,1.0e+00,1.0e-03,3.0e-01,1.0e-03,9.5e-01,global-SLARLAGEET,CASSLarLAGeETQYF,CASSLARLAGEETQYF,TRBV7-2,TRBJ2-5,CAVRDLVGADYKLSF,Donor AJG2309:IEL TCRab CD8ab TRM,2.000000,-,-,-,-,-,-,-,-,-,-,-
1264,single,1.0e+00,1,1,2.9e-07,1.0e+00,1.0e-03,3.0e-01,1.0e-03,9.5e-01,global-SLARLAGEET,CASSLarLAGeETQYF,CASSLARLAGEETQYF,TRBV7-2,TRBJ2-5,CAVRDLVGADYKLSF,Donor AJG2309:LP TCRab CD8ab TRM,1.000000,-,-,-,-,-,-,-,-,-,-,-

1293,single,1.0e+00,1,1,2.0e-08,1.0e+00,1.0e-03,2.1e-02,1.0e-03,9.5e-01,global-SGRQGKRATNRRTDRP,CASSgrQGkratnrrtdrPQHF,CASSGRQGKRATNRRTDRPQHF,TRBV28,TRBJ1-5,CAMKGDYKLSF,Donor AJG2309:L TCRab CD8ab TRM,9.000000,-,-,-,-,-,-,-,-,-,-,-
1293,single,1.0e+00,1,1,2.0e-08,1.0e+00,1.0e-03,2.1e-02,1.0e-03,9.5e-01,global-SGRQGKRATNRRTDRP,CASSgrQGkratnrrtdrPQHF,CASSGRQGKRATNRRTDRPQHF,TRBV28,TRBJ1-5,CAMKGDYKLSF,Donor AJG2309:PB TCRab CD8ab Teff,3.000000,-,-,-,-,-,-,-,-,-,-,-

1297,single,1.0e+00,1,1,9.5e-07,1.0e+00,1.0e-03,1.0e+00,1.0e-03,9.5e-01,global-SRTSGSAGANV,CASSRTSGsaGANVLTF,CASSRTSGSAGANVLTF,TRBV4-1,TRBJ2-6,CAGADNYGQNFVF,Donor AJG2309:IEL TCRab CD8ab TRM,1.000000,-,-,-,-,-,-,-,-,-,-,-
1297,single,1.0e+00,1,1,9.5e-07,1.0e+00,1.0e-03,1.0e+00,1.0e-03,9.5e-01,global-SRTSGSAGANV,CASSRTSGsaGANVLTF,CASSRTSGSAGANVLTF,TRBV4-1,TRBJ2-6,CAGADNYGQNFVF,Donor AJG2309:LP TCRab CD8ab TRM,1.000000,-,-,-,-,-,-,-,-,-,-,-

1300,single,1.0e+00,1,1,9.5e-07,1.0e+00,1.0e-03,1.0e+00,1.0e-03,9.5e-01,global-SRGTGEGYE,CASSRGTGegyEQFF,CASSRGTGEGYEQFF,TRBV7-3,TRBJ2-1,CAASWDKIIF,Donor AJG2309:L TCRab CD8ab TRM,1.000000,-,-,-,-,-,-,-,-,-,-,-
1300,single,1.0e+00,1,1,9.5e-07,1.0e+00,1.0e-03,1.0e+00,1.0e-03,9.5e-01,global-SRGTGEGYE,CASSRGTGegyEQFF,CASSRGTGEGYEQFF,TRBV7-3,TRBJ2-1,CAASWDKIIF,Donor AJG2309:L TCRab CD8ab Teff,1.000000,-,-,-,-,-,-,-,-,-,-,-
1300,single,1.0e+00,1,1,9.5e-07,1.0e+00,1.0e-03,1.0e+00,1.0e-03,9.5e-01,global-SRGTGEGYE,CASSRGTGegyEQFF,CASSRGTGEGYEQFF,TRBV7-3,TRBJ2-1,CAASWDKIIF,Donor AJG2309:LP TCRab CD8ab TEM,1.000000,-,-,-,-,-,-,-,-,-,-,-

1308,single,1.0e+00,1,1,5.1e-08,1.0e+00,1.0e-03,5.3e-02,1.0e-03,9.5e-01,global-SQGRDYYG,CASSQGRdyYGYTF,CASSQGRDYYGYTF,TRBV14,TRBJ1-2,CAVRDLGFGNVLHC,Donor AJD3280:IEL TCRab CD8ab TRM,6.000000,-,-,-,-,-,-,-,-,-,-,-
1308,single,1.0e+00,1,1,5.1e-08,1.0e+00,1.0e-03,5.3e-02,1.0e-03,9.5e-01,global-SQGRDYYG,CASSQGRdyYGYTF,CASSQGRDYYGYTF,TRBV14,TRBJ1-2,CAVRDLGFGNVLHC,Donor AJD3280:LP TCRab CD8ab TRM,1.000000,-,-,-,-,-,-,-,-,-,-,-

1314,single,1.0e+00,1,1,3.6e-08,1.0e+00,1.0e-03,3.8e-02,1.0e-03,9.5e-01,global-IRTGLDYG,CASirTGldYGYTF,CASIRTGLDYGYTF,TRBV7-9,TRBJ1-2,CIVRAGGNAGNMLTF,Donor AJKQ118:L TCRab CD8ab TRM,6.000000,-,-,-,-,-,-,-,-,-,-,-
1314,single,1.0e+00,1,1,3.6e-08,1.0e+00,1.0e-03,3.8e-02,1.0e-03,9.5e-01,global-IRTGLDYG,CASirTGldYGYTF,CASIRTGLDYGYTF,TRBV7-9,TRBJ1-2,CIVRAGGNAGNMLTF,Donor AJKQ118:LP TCRab CD8ab TRM,2.000000,-,-,-,-,-,-,-,-,-,-,-

1328,single,1.0e+00,1,1,9.5e-07,1.0e+00,1.0e-03,1.0e+00,1.0e-03,9.5e-01,global-SVGTVPSTDT,CASSVGTvpSTDTQYF,CASSVGTVPSTDTQYF,TRBV9,TRBJ2-3,CAARNTDKLIF,Donor AJKQ118:IEL TCRab CD8ab TRM,1.000000,-,-,-,-,-,-,-,-,-,-,-
1328,single,1.0e+00,1,1,9.5e-07,1.0e+00,1.0e-03,1.0e+00,1.0e-03,9.5e-01,global-SVGTVPSTDT,CASSVGTvpSTDTQYF,CASSVGTVPSTDTQYF,TRBV9,TRBJ2-3,CAARNTDKLIF,Donor AJKQ118:PB TCRab CD8ab TEM,1.000000,-,-,-,-,-,-,-,-,-,-,-

1335,single,1.0e+00,1,1,9.5e-07,1.0e+00,1.0e-03,1.0e+00,1.0e-03,9.5e-01,global-PGVANTGE,CAIpgvaNTGELFF,CAIPGVANTGELFF,TRBV5-4,TRBJ2-2,CAGARAGGYNKLIF,Donor AJD3280:IEL TCRab CD8ab TRM,1.000000,-,-,-,-,-,-,-,-,-,-,-
1335,single,1.0e+00,1,1,9.5e-07,1.0e+00,1.0e-03,1.0e+00,1.0e-03,9.5e-01,global-PGVANTGE,CAIpgvaNTGELFF,CAIPGVANTGELFF,TRBV5-4,TRBJ2-2,CAGARAGGYNKLIF,Donor AJD3280:PB TCRab CD8ab Teff,1.000000,-,-,-,-,-,-,-,-,-,-,-

1345,single,1.0e+00,1,1,2.7e-07,1.0e+00,1.0e-03,2.8e-01,1.0e-03,9.5e-01,global-SLAGRLYG,CASSLaGRlYGYTF,CASSLAGRLYGYTF,TRBV7-2,TRBJ1-2,CAVEHSGAGSYQLTF,Donor AJKQ118:IEL TCRab CD8ab TRM,2.000000,-,-,-,-,-,-,-,-,-,-,-
1345,single,1.0e+00,1,1,2.7e-07,1.0e+00,1.0e-03,2.8e-01,1.0e-03,9.5e-01,global-SLAGRLYG,CASSLaGRlYGYTF,CASSLAGRLYGYTF,TRBV7-2,TRBJ1-2,CIVRVATGGGNKLTF,Donor AJKQ118:IEL TCRab CD8ab TRM,1.000000,-,-,-,-,-,-,-,-,-,-,-

1359,single,1.0e+00,1,1,1.0e-07,1.0e+00,1.0e-03,1.1e-01,1.0e-03,9.5e-01,global-TGAPYE,CATTGapYEQYF,CATTGAPYEQYF,TRBV2,TRBJ2-7,CAMSEGGGNKLTF,Donor AJG2309:IEL TCRab CD8ab TRM,4.000000,-,-,-,-,-,-,-,-,-,-,-
1359,single,1.0e+00,1,1,1.0e-07,1.0e+00,1.0e-03,1.1e-01,1.0e-03,9.5e-01,global-TGAPYE,CATTGapYEQYF,CATTGAPYEQYF,TRBV2,TRBJ2-7,CAMSEGGGNKLTF,Donor AJG2309:LP TCRab CD8ab TRM,1.000000,-,-,-,-,-,-,-,-,-,-,-

1370,single,1.0e+00,1,1,1.5e-07,1.0e+00,1.0e-03,1.5e-01,1.0e-03,9.5e-01,global-SLAAGPSGNT,CASSLaAGpSGNTIYF,CASSLAAGPSGNTIYF,TRBV7-9,TRBJ1-3,CAMRRPSGGYNKLIF,Donor AJD3280:L TCRab CD8ab TRM,4.000000,-,-,-,-,-,-,-,-,-,-,-
1370,single,1.0e+00,1,1,1.5e-07,1.0e+00,1.0e-03,1.5e-01,1.0e-03,9.5e-01,global-SLAAGPSGNT,CASSLaAGpSGNTIYF,CASSLAAGPSGNTIYF,TRBV7-9,TRBJ1-3,CAMRRPSGGYNKLIF,Donor AJD3280:L TCRab CD8ab Teff,1.000000,-,-,-,-,-,-,-,-,-,-,-
1370,single,1.0e+00,1,1,1.5e-07,1.0e+00,1.0e-03,1.5e-01,1.0e-03,9.5e-01,global-SLAAGPSGNT,CASSLaAGpSGNTIYF,CASSLAAGPSGNTIYF,TRBV7-9,TRBJ1-3,CAMRRPSGGYNKLIF,Donor AJD3280:PB TCRab CD8ab TEM,1.000000,-,-,-,-,-,-,-,-,-,-,-

1375,single,1.0e+00,1,1,9.0e-08,1.0e+00,1.0e-03,9.4e-02,1.0e-03,9.5e-01,global-SSQGQSAGANV,CASSSQGqsaGANVLTF,CASSSQGQSAGANVLTF,TRBV27,TRBJ2-6,CAASREGLTGGGNKLTF,Donor AJKQ118:IEL TCRab CD8ab TRM,4.000000,-,-,-,-,-,-,-,-,-,-,-
1375,single,1.0e+00,1,1,9.0e-08,1.0e+00,1.0e-03,9.4e-02,1.0e-03,9.5e-01,global-SSQGQSAGANV,CASSSQGqsaGANVLTF,CASSSQGQSAGANVLTF,TRBV27,TRBJ2-6,CAASREGLTGGGNKLTF,Donor AJKQ118:L TCRab CD8ab TRM,1.000000,-,-,-,-,-,-,-,-,-,-,-

1378,single,1.0e+00,1,1,1.2e-07,1.0e+00,1.0e-03,1.3e-01,1.0e-03,9.5e-01,global-RDGQYYG,CASrdGQyYGYTF,CASRDGQYYGYTF,TRBV7-9,TRBJ1-2,CAASLAKISNFGNEKLTF,Donor AJD3280:L TCRab CD8ab Teff,3.000000,-,-,-,-,-,-,-,-,-,-,-
1378,single,1.0e+00,1,1,1.2e-07,1.0e+00,1.0e-03,1.3e-01,1.0e-03,9.5e-01,global-RDGQYYG,CASrdGQyYGYTF,CASRDGQYYGYTF,TRBV7-9,TRBJ1-2,CAASLAKISNFGNEKLTF,Donor AJD3280:LP TCRab CD8ab TEM,2.000000,-,-,-,-,-,-,-,-,-,-,-
1378,single,1.0e+00,1,1,1.2e-07,1.0e+00,1.0e-03,1.3e-01,1.0e-03,9.5e-01,global-RDGQYYG,CASrdGQyYGYTF,CASRDGQYYGYTF,TRBV7-9,TRBJ1-2,CAASLAKISNFGNEKLTF,Donor AJD3280:PB TCRab CD8ab Teff,2.000000,-,-,-,-,-,-,-,-,-,-,-

1396,single,1.0e+00,1,1,9.5e-07,1.0e+00,1.0e-03,1.0e+00,1.0e-03,9.5e-01,global-SSRPGE,CASSSrpgEQFF,CASSSRPGEQFF,TRBV27,TRBJ2-1,CAASTGRRALTF,Donor AJG2309:IEL TCRab CD8ab TRM,1.000000,-,-,-,-,-,-,-,-,-,-,-
1396,single,1.0e+00,1,1,9.5e-07,1.0e+00,1.0e-03,1.0e+00,1.0e-03,9.5e-01,global-SSRPGE,CASSSrpgEQFF,CASSSRPGEQFF,TRBV27,TRBJ2-1,CAASTGRRALTF,Donor AJG2309:LP TCRab CD8ab TRM,1.000000,-,-,-,-,-,-,-,-,-,-,-

1397,single,1.0e+00,1,1,4.5e-08,1.0e+00,1.0e-03,4.7e-02,1.0e-03,9.5e-01,global-SVGGSPADT,CASSVGGspaDTQYF,CASSVGGSPADTQYF,TRBV9,TRBJ2-3,CALFSGGYNKLIF,Donor AJG2309:IEL TCRab CD8ab TRM,6.000000,-,-,-,-,-,-,-,-,-,-,-
1397,single,1.0e+00,1,1,4.5e-08,1.0e+00,1.0e-03,4.7e-02,1.0e-03,9.5e-01,global-SVGGSPADT,CASSVGGspaDTQYF,CASSVGGSPADTQYF,TRBV9,TRBJ2-3,CALFSGGYNKLIF,Donor AJG2309:LP TCRab CD8ab TEM,1.000000,-,-,-,-,-,-,-,-,-,-,-

1431,single,1.0e+00,1,1,6.7e-09,1.0e+00,1.0e-03,7.0e-03,1.0e-03,9.5e-01,global-RDVSGGELNE,CASrdvSGGelNEQFF,CASRDVSGGELNEQFF,TRBV7-9,TRBJ2-1,CAVRDIANSGYALNF,Donor AJD3280:L TCRab CD8ab Teff,13.000000,-,-,-,-,-,-,-,-,-,-,-
1431,single,1.0e+00,1,1,6.7e-09,1.0e+00,1.0e-03,7.0e-03,1.0e-03,9.5e-01,global-RDVSGGELNE,CASrdvSGGelNEQFF,CASRDVSGGELNEQFF,TRBV7-9,TRBJ2-1,CAVRDIANSGYALNF,Donor AJD3280:PB TCRab CD8ab Teff,5.000000,-,-,-,-,-,-,-,-,-,-,-

1434,single,1.0e+00,1,1,9.5e-07,1.0e+00,1.0e-03,1.0e+00,1.0e-03,9.5e-01,global-SRDSSNTE,CASSRdssNTEAFF,CASSRDSSNTEAFF,TRBV10-1,TRBJ1-1,CAVRDIEGSYQKVTF,Donor AJKQ118:IEL TCRab CD8ab TRM,1.000000,-,-,-,-,-,-,-,-,-,-,-
1434,single,1.0e+00,1,1,9.5e-07,1.0e+00,1.0e-03,1.0e+00,1.0e-03,9.5e-01,global-SRDSSNTE,CASSRdssNTEAFF,CASSRDSSNTEAFF,TRBV10-1,TRBJ1-1,CGDDYKLSF,Donor AJKQ118:IEL TCRab CD8ab TRM,1.000000,-,-,-,-,-,-,-,-,-,-,-
1434,single,1.0e+00,1,1,9.5e-07,1.0e+00,1.0e-03,1.0e+00,1.0e-03,9.5e-01,global-SRDSSNTE,CASSRdssNTEAFF,CASSRDSSNTEAFF,TRBV10-1,TRBJ1-1,CAVRDIEGSYQKVTF,Donor AJKQ118:LP TCRab CD8ab TEM,1.000000,-,-,-,-,-,-,-,-,-,-,-

1441,single,1.0e+00,1,1,6.3e-05,1.0e+00,6.6e-02,1.0e+00,1.0e-03,9.5e-01,global-SLLFTDT,CASSLlfTDTQYF,CASSLLFTDTQYF,TRBV5-8,TRBJ2-3,CVVNRGDKIIF,Donor AJD3280:IEL TCRab CD8ab TRM,1.000000,-,-,-,-,-,-,-,-,-,-,-
1441,single,1.0e+00,1,1,6.3e-05,1.0e+00,6.6e-02,1.0e+00,1.0e-03,9.5e-01,global-SLLFTDT,CASSLlfTDTQYF,CASSLLFTDTQYF,TRBV7-2,TRBJ2-3,CAASKGNKLVF,Donor AJD3280:L TCRab CD8ab TRM,1.000000,-,-,-,-,-,-,-,-,-,-,-

1450,single,1.0e+00,1,1,2.3e-07,1.0e+00,1.0e-03,2.4e-01,1.0e-03,9.5e-01,global-SPAWGGSYE,CASSPawGGSYEQYF,CASSPAWGGSYEQYF,TRBV7-2,TRBJ2-7,CALSDLGDGQNFVF,Donor AJKQ118:IEL TCRab CD8ab TRM,3.000000,-,-,-,-,-,-,-,-,-,-,-
1450,single,1.0e+00,1,1,2.3e-07,1.0e+00,1.0e-03,2.4e-01,1.0e-03,9.5e-01,global-SPAWGGSYE,CASSPawGGSYEQYF,CASSPAWGGSYEQYF,TRBV7-2,TRBJ2-7,CALSDLGDGQNFVF,Donor AJKQ118:LP TCRab CD8ab TRM,1.000000,-,-,-,-,-,-,-,-,-,-,-
1450,single,1.0e+00,1,1,2.3e-07,1.0e+00,1.0e-03,2.4e-01,1.0e-03,9.5e-01,global-SPAWGGSYE,CASSPawGGSYEQYF,CASSPAWGGSYEQYF,TRBV7-2,TRBJ2-7,CALSDLGDGQNFVF,Donor AJKQ118:PB TCRab CD8ab Naive/TCM,1.000000,-,-,-,-,-,-,-,-,-,-,-

1462,single,1.0e+00,1,1,7.3e-08,1.0e+00,1.0e-03,7.6e-02,1.0e-03,9.5e-01,global-SLGLAGVVDTGE,CASSLGLAGvvdTGELFF,CASSLGLAGVVDTGELFF,TRBV28,TRBJ2-2,CALSEAKYNQGGKLIF,Donor AJG2309:IEL TCRab CD8ab TRM,5.000000,-,-,-,-,-,-,-,-,-,-,-
1462,single,1.0e+00,1,1,7.3e-08,1.0e+00,1.0e-03,7.6e-02,1.0e-03,9.5e-01,global-SLGLAGVVDTGE,CASSLGLAGvvdTGELFF,CASSLGLAGVVDTGELFF,TRBV28,TRBJ2-2,CALSEAKYNQGGKLIF,Donor AJG2309:LP TCRab CD8ab TRM,1.000000,-,-,-,-,-,-,-,-,-,-,-

1465,single,1.0e+00,1,1,3.9e-08,1.0e+00,1.0e-03,4.1e-02,1.0e-03,9.5e-01,global-SWRGQGQP,CASSwrGQGQPQHF,CASSWRGQGQPQHF,TRBV5-6,TRBJ1-5,CVVSPWYPNFGNEKLTF,Donor AJKQ118:L TCRab CD8ab TRM,8.000000,-,-,-,-,-,-,-,-,-,-,-
1465,single,1.0e+00,1,1,3.9e-08,1.0e+00,1.0e-03,4.1e-02,1.0e-03,9.5e-01,global-SWRGQGQP,CASSwrGQGQPQHF,CASSWRGQGQPQHF,TRBV5-6,TRBJ1-5,CAGLHDYKLSF,Donor AJKQ118:L TCRab CD8ab TRM,1.000000,-,-,-,-,-,-,-,-,-,-,-

1469,single,1.0e+00,1,1,9.5e-07,1.0e+00,1.0e-03,1.0e+00,1.0e-03,9.5e-01,global-SIERGRDPFRE,CASSIeRGrdpfrEQYF,CASSIERGRDPFREQYF,TRBV19,TRBJ2-7,CATVHVDYKLSF,Donor AJD3280:LP TCRab CD8ab TEM,1.000000,-,-,-,-,-,-,-,-,-,-,-
1469,single,1.0e+00,1,1,9.5e-07,1.0e+00,1.0e-03,1.0e+00,1.0e-03,9.5e-01,global-SIERGRDPFRE,CASSIeRGrdpfrEQYF,CASSIERGRDPFREQYF,TRBV19,TRBJ2-7,CAVNALGGSQGNLIF,Donor AJD3280:PB TCRab CD8ab Teff,1.000000,-,-,-,-,-,-,-,-,-,-,-

1477,single,1.0e+00,1,1,9.5e-07,1.0e+00,1.0e-03,1.0e+00,1.0e-03,9.5e-01,global-SPPGQAASDNE,CASSPpGQaasdNEQFF,CASSPPGQAASDNEQFF,TRBV18,TRBJ2-1,CASTGSNDYKLSF,Donor AJKQ118:IEL TCRab CD8ab TRM,1.000000,-,-,-,-,-,-,-,-,-,-,-
1477,single,1.0e+00,1,1,9.5e-07,1.0e+00,1.0e-03,1.0e+00,1.0e-03,9.5e-01,global-SPPGQAASDNE,CASSPpGQaasdNEQFF,CASSPPGQAASDNEQFF,TRBV18,TRBJ2-1,CASTGSNDYKLSF,Donor AJKQ118:L TCRab CD8ab TRM,1.000000,-,-,-,-,-,-,-,-,-,-,-

1483,single,1.0e+00,1,1,9.5e-07,1.0e+00,1.0e-03,1.0e+00,1.0e-03,9.5e-01,global-SQPGGAAET,CASSQpGGaaETQYF,CASSQPGGAAETQYF,TRBV3-1,TRBJ2-5,CADPGWGGKLIF,Donor AJD3280:LP TCRab CD8ab TRM,1.000000,-,-,-,-,-,-,-,-,-,-,-
1483,single,1.0e+00,1,1,9.5e-07,1.0e+00,1.0e-03,1.0e+00,1.0e-03,9.5e-01,global-SQPGGAAET,CASSQpGGaaETQYF,CASSQPGGAAETQYF,TRBV3-1,TRBJ2-5,CVVSYGQNFVF,Donor AJD3280:LP TCRab CD8ab TRM,1.000000,-,-,-,-,-,-,-,-,-,-,-

1487,single,1.0e+00,1,1,4.8e-09,1.0e+00,1.0e-03,5.0e-03,1.0e-03,9.5e-01,global-RKDRRSTNEK,CASrkDRrsTNEKLFF,CASRKDRRSTNEKLFF,TRBV10-2,TRBJ1-4,CAVRPFFYNQGGKLIF,Donor AJKQ118:L TCRab CD8ab Teff,12.000000,-,-,-,-,-,-,-,-,-,-,-
1487,single,1.0e+00,1,1,4.8e-09,1.0e+00,1.0e-03,5.0e-03,1.0e-03,9.5e-01,global-RKDRRSTNEK,CASrkDRrsTNEKLFF,CASRKDRRSTNEKLFF,TRBV10-2,TRBJ1-4,CAVRPFFYNQGGKLIF,Donor AJKQ118:LP TCRab CD8ab TEM,1.000000,-,-,-,-,-,-,-,-,-,-,-
1487,single,1.0e+00,1,1,4.8e-09,1.0e+00,1.0e-03,5.0e-03,1.0e-03,9.5e-01,global-RKDRRSTNEK,CASrkDRrsTNEKLFF,CASRKDRRSTNEKLFF,TRBV10-2,TRBJ1-4,CAVRPFFYNQGGKLIF,Donor AJKQ118:PB TCRab CD8ab Teff,16.000000,-,-,-,-,-,-,-,-,-,-,-

1491,single,1.0e+00,1,1,9.5e-07,1.0e+00,1.0e-03,1.0e+00,1.0e-03,9.5e-01,global-RRVRHNE,CASrrvrhNEQFF,CASRRVRHNEQFF,TRBV9,TRBJ2-1,CVVLGEGAQKLVF,Donor AJG2309:IEL TCRab CD8ab TRM,1.000000,-,-,-,-,-,-,-,-,-,-,-
1491,single,1.0e+00,1,1,9.5e-07,1.0e+00,1.0e-03,1.0e+00,1.0e-03,9.5e-01,global-RRVRHNE,CASrrvrhNEQFF,CASRRVRHNEQFF,TRBV9,TRBJ2-1,CVVLGEGAQKLVF,Donor AJG2309:LP TCRab CD8ab TRM,1.000000,-,-,-,-,-,-,-,-,-,-,-

1496,single,1.0e+00,1,1,2.7e-07,1.0e+00,1.0e-03,2.8e-01,1.0e-03,9.5e-01,global-SQDASGAPKNI,CASSQdaSGapKNIQYF,CASSQDASGAPKNIQYF,TRBV4-3,TRBJ2-4,CAVRPMDSSYKLIF,Donor AJG2309:L TCRab CD8ab TRM,2.000000,-,-,-,-,-,-,-,-,-,-,-
1496,single,1.0e+00,1,1,2.7e-07,1.0e+00,1.0e-03,2.8e-01,1.0e-03,9.5e-01,global-SQDASGAPKNI,CASSQdaSGapKNIQYF,CASSQDASGAPKNIQYF,TRBV4-3,TRBJ2-4,CAVRPMDSSYKLIF,Donor AJG2309:PB TCRab CD8ab Teff,1.000000,-,-,-,-,-,-,-,-,-,-,-

1503,single,1.0e+00,1,1,1.3e-07,1.0e+00,1.0e-03,1.4e-01,1.0e-03,9.5e-01,global-RPPDWGGPGEKW,CSARppdwGGpgekwAFF,CSARPPDWGGPGEKWAFF,TRBV20-1,TRBJ1-1,CAFFGSSNTGKLIF,Donor AJG2309:IEL TCRab CD8ab TRM,1.000000,-,-,-,-,-,-,-,-,-,-,-
1503,single,1.0e+00,1,1,1.3e-07,1.0e+00,1.0e-03,1.4e-01,1.0e-03,9.5e-01,global-RPPDWGGPGEKW,CSARppdwGGpgekwAFF,CSARPPDWGGPGEKWAFF,TRBV20-1,TRBJ1-1,CAEPFNDYKLSF,Donor AJG2309:IEL TCRab CD8ab TRM,3.000000,-,-,-,-,-,-,-,-,-,-,-

1507,single,1.0e+00,1,1,9.5e-07,1.0e+00,1.0e-03,1.0e+00,1.0e-03,9.5e-01,global-SKDMKNSMNTE,CAWSkdmknsmNTEAFF,CAWSKDMKNSMNTEAFF,TRBV30,TRBJ1-1,CALSEITDSWGKLQF,Donor AJKQ118:IEL TCRab CD8ab TRM,1.000000,-,-,-,-,-,-,-,-,-,-,-
1507,single,1.0e+00,1,1,9.5e-07,1.0e+00,1.0e-03,1.0e+00,1.0e-03,9.5e-01,global-SKDMKNSMNTE,CAWSkdmknsmNTEAFF,CAWSKDMKNSMNTEAFF,TRBV30,TRBJ1-1,CALSEITDSWGKLQF,Donor AJKQ118:L TCRab CD8ab TRM,1.000000,-,-,-,-,-,-,-,-,-,-,-

1513,single,1.0e+00,1,1,5.5e-08,1.0e+00,1.0e-03,5.8e-02,1.0e-03,9.5e-01,global-SLSGRMNTE,CASSLSGRmNTEAFF,CASSLSGRMNTEAFF,TRBV7-2,TRBJ1-1,CALNGFTQGAQKLVF,Donor AJG2309:L TCRab CD8ab TRM,3.000000,-,-,-,-,-,-,-,-,-,-,-
1513,single,1.0e+00,1,1,5.5e-08,1.0e+00,1.0e-03,5.8e-02,1.0e-03,9.5e-01,global-SLSGRMNTE,CASSLSGRmNTEAFF,CASSLSGRMNTEAFF,TRBV7-2,TRBJ1-1,CALSEAQGGSEKLVF,Donor AJG2309:L TCRab CD8ab TRM,2.000000,-,-,-,-,-,-,-,-,-,-,-
1513,single,1.0e+00,1,1,5.5e-08,1.0e+00,1.0e-03,5.8e-02,1.0e-03,9.5e-01,global-SLSGRMNTE,CASSLSGRmNTEAFF,CASSLSGRMNTEAFF,TRBV7-2,TRBJ1-1,CALNGFTQGAQKLVF,Donor AJG2309:LP TCRab CD8ab TEM,1.000000,-,-,-,-,-,-,-,-,-,-,-
1513,single,1.0e+00,1,1,5.5e-08,1.0e+00,1.0e-03,5.8e-02,1.0e-03,9.5e-01,global-SLSGRMNTE,CASSLSGRmNTEAFF,CASSLSGRMNTEAFF,TRBV7-2,TRBJ1-1,CALSEAQGGSEKLVF,Donor AJG2309:LP TCRab CD8ab TEM,1.000000,-,-,-,-,-,-,-,-,-,-,-
1513,single,1.0e+00,1,1,5.5e-08,1.0e+00,1.0e-03,5.8e-02,1.0e-03,9.5e-01,global-SLSGRMNTE,CASSLSGRmNTEAFF,CASSLSGRMNTEAFF,TRBV7-2,TRBJ1-1,CALNGFTQGAQKLVF,Donor AJG2309:PB TCRab CD8ab TEM,8.000000,-,-,-,-,-,-,-,-,-,-,-

1528,single,1.0e+00,1,1,9.5e-10,1.0e+00,1.0e-03,1.0e-03,1.0e-03,9.5e-01,global-SSGVGLAGDE,CASSSgvGLAGdEQYF,CASSSGVGLAGDEQYF,TRBV12-4,TRBJ2-7,CAGSPRMDSSYKLIF,Donor AJG2309:L TCRab CD8ab MAIT,21.000000,-,-,-,-,-,-,-,-,-,-,-
1528,single,1.0e+00,1,1,9.5e-10,1.0e+00,1.0e-03,1.0e-03,1.0e-03,9.5e-01,global-SSGVGLAGDE,CASSSgvGLAGdEQYF,CASSSGVGLAGDEQYF,TRBV12-4,TRBJ2-7,CAVLVGARLMF,Donor AJG2309:L TCRab CD8ab MAIT,16.000000,-,-,-,-,-,-,-,-,-,-,-
1528,single,1.0e+00,1,1,9.5e-10,1.0e+00,1.0e-03,1.0e-03,1.0e-03,9.5e-01,global-SSGVGLAGDE,CASSSgvGLAGdEQYF,CASSSGVGLAGDEQYF,TRBV12-4,TRBJ2-7,CAGSPRMDSSYKLIF,Donor AJG2309:L TCRab CD8ab Naive/TCM,1.000000,-,-,-,-,-,-,-,-,-,-,-
1528,single,1.0e+00,1,1,9.5e-10,1.0e+00,1.0e-03,1.0e-03,1.0e-03,9.5e-01,global-SSGVGLAGDE,CASSSgvGLAGdEQYF,CASSSGVGLAGDEQYF,TRBV12-4,TRBJ2-7,CAGSPRMDSSYKLIF,Donor AJG2309:L TCRab CD8ab TRM,29.000000,-,-,-,-,-,-,-,-,-,-,-
1528,single,1.0e+00,1,1,9.5e-10,1.0e+00,1.0e-03,1.0e-03,1.0e-03,9.5e-01,global-SSGVGLAGDE,CASSSgvGLAGdEQYF,CASSSGVGLAGDEQYF,TRBV12-4,TRBJ2-7,CAVLVGARLMF,Donor AJG2309:L TCRab CD8ab TRM,31.000000,-,-,-,-,-,-,-,-,-,-,-
1528,single,1.0e+00,1,1,9.5e-10,1.0e+00,1.0e-03,1.0e-03,1.0e-03,9.5e-01,global-SSGVGLAGDE,CASSSgvGLAGdEQYF,CASSSGVGLAGDEQYF,TRBV12-4,TRBJ2-7,CAGSPRMDSSYKLIF,Donor AJG2309:L TCRab CD8ab Teff,2.000000,-,-,-,-,-,-,-,-,-,-,-
1528,single,1.0e+00,1,1,9.5e-10,1.0e+00,1.0e-03,1.0e-03,1.0e-03,9.5e-01,global-SSGVGLAGDE,CASSSgvGLAGdEQYF,CASSSGVGLAGDEQYF,TRBV12-4,TRBJ2-7,CAVLVGARLMF,Donor AJG2309:L TCRab CD8ab Teff,1.000000,-,-,-,-,-,-,-,-,-,-,-
1528,single,1.0e+00,1,1,9.5e-10,1.0e+00,1.0e-03,1.0e-03,1.0e-03,9.5e-01,global-SSGVGLAGDE,CASSSgvGLAGdEQYF,CASSSGVGLAGDEQYF,TRBV12-4,TRBJ2-7,CAGSPRMDSSYKLIF,Donor AJG2309:PB TCRab CD8ab Teff,3.000000,-,-,-,-,-,-,-,-,-,-,-
1528,single,1.0e+00,1,1,9.5e-10,1.0e+00,1.0e-03,1.0e-03,1.0e-03,9.5e-01,global-SSGVGLAGDE,CASSSgvGLAGdEQYF,CASSSGVGLAGDEQYF,TRBV12-4,TRBJ2-7,CAVLVGARLMF,Donor AJG2309:PB TCRab CD8ab Teff,3.000000,-,-,-,-,-,-,-,-,-,-,-

1543,single,1.0e+00,1,1,2.7e-07,1.0e+00,1.0e-03,2.9e-01,1.0e-03,9.5e-01,global-SSLGAPFHNE,CASSSlgapfhNEQFF,CASSSLGAPFHNEQFF,TRBV27,TRBJ2-1,CAASTGNQFYF,Donor AJG2309:IEL TCRab CD8ab TRM,2.000000,-,-,-,-,-,-,-,-,-,-,-
1543,single,1.0e+00,1,1,2.7e-07,1.0e+00,1.0e-03,2.9e-01,1.0e-03,9.5e-01,global-SSLGAPFHNE,CASSSlgapfhNEQFF,CASSSLGAPFHNEQFF,TRBV27,TRBJ2-1,CAASTGNQFYF,Donor AJG2309:LP TCRab CD8ab TRM,1.000000,-,-,-,-,-,-,-,-,-,-,-

1553,single,1.0e+00,1,1,3.6e-08,1.0e+00,1.0e-03,3.8e-02,1.0e-03,9.5e-01,global-RGLAGSRDT,CASrGLAGsrDTQYF,CASRGLAGSRDTQYF,TRBV9,TRBJ2-3,CAVQPIDGQKLLF,Donor AJG2309:L TCRab CD8ab Teff,4.000000,-,-,-,-,-,-,-,-,-,-,-
1553,single,1.0e+00,1,1,3.6e-08,1.0e+00,1.0e-03,3.8e-02,1.0e-03,9.5e-01,global-RGLAGSRDT,CASrGLAGsrDTQYF,CASRGLAGSRDTQYF,TRBV9,TRBJ2-3,CAVQPIDGQKLLF,Donor AJG2309:PB TCRab CD8ab Teff,6.000000,-,-,-,-,-,-,-,-,-,-,-

1554,single,1.0e+00,1,1,6.8e-08,1.0e+00,1.0e-03,7.1e-02,1.0e-03,9.5e-01,global-SPQVRESSYE,CASSPqvREsSYEQYF,CASSPQVRESSYEQYF,TRBV7-6,TRBJ2-7,CAMREGWGAQKLVF,Donor AJG2309:L TCRab CD8ab TRM,2.000000,-,-,-,-,-,-,-,-,-,-,-
1554,single,1.0e+00,1,1,6.8e-08,1.0e+00,1.0e-03,7.1e-02,1.0e-03,9.5e-01,global-SPQVRESSYE,CASSPqvREsSYEQYF,CASSPQVRESSYEQYF,TRBV7-6,TRBJ2-7,CAMREGWGAQKLVF,Donor AJG2309:PB TCRab CD8ab Teff,4.000000,-,-,-,-,-,-,-,-,-,-,-

1568,single,1.0e+00,2,1,7.3e-07,1.0e+00,9.0e-03,8.5e-02,1.0e-03,9.5e-01,global-SPQGDEK,CASSPQGdEKLFF,CASSPQGDEKLFF,TRBV6-2,TRBJ1-4,CAVGPLQFYF,Donor AJD3280:IEL TCRab CD8ab TRM,2.000000,-,-,-,-,-,-,-,-,-,-,-
1568,single,1.0e+00,2,1,7.3e-07,1.0e+00,9.0e-03,8.5e-02,1.0e-03,9.5e-01,global-SPQGDEK,CASSPQGdEKLFF,CASSPQGDEKLFF,TRBV18,TRBJ1-4,CAVTIGAGSYQLTF,Donor AJG2309:L TCRab CD8ab TRM,1.000000,-,-,-,-,-,-,-,-,-,-,-
1568,single,1.0e+00,2,1,7.3e-07,1.0e+00,9.0e-03,8.5e-02,1.0e-03,9.5e-01,global-SPQGDEK,CASSPQGdEKLFF,CASSPQGDEKLFF,TRBV18,TRBJ1-4,CAVTIGAGSYQLTF,Donor AJG2309:L TCRab CD8ab Teff,2.000000,-,-,-,-,-,-,-,-,-,-,-
1568,single,1.0e+00,2,1,7.3e-07,1.0e+00,9.0e-03,8.5e-02,1.0e-03,9.5e-01,global-SPQGDEK,CASSPQGdEKLFF,CASSPQGDEKLFF,TRBV18,TRBJ1-4,CAVTIGAGSYQLTF,Donor AJG2309:PB TCRab CD8ab Teff,4.000000,-,-,-,-,-,-,-,-,-,-,-

1576,single,1.0e+00,1,1,1.0e-07,1.0e+00,1.0e-03,1.1e-01,1.0e-03,9.5e-01,global-SPQGQGGRNTE,CASSPqGQGgrNTEAFF,CASSPQGQGGRNTEAFF,TRBV9,TRBJ1-1,CVVNTEMDSSYKLIF,Donor AJG2309:IEL TCRab CD8ab TRM,1.000000,-,-,-,-,-,-,-,-,-,-,-
1576,single,1.0e+00,1,1,1.0e-07,1.0e+00,1.0e-03,1.1e-01,1.0e-03,9.5e-01,global-SPQGQGGRNTE,CASSPqGQGgrNTEAFF,CASSPQGQGGRNTEAFF,TRBV9,TRBJ1-1,CVVNTEMDSSYKLIF,Donor AJG2309:L TCRab CD8ab TRM,4.000000,-,-,-,-,-,-,-,-,-,-,-
1576,single,1.0e+00,1,1,1.0e-07,1.0e+00,1.0e-03,1.1e-01,1.0e-03,9.5e-01,global-SPQGQGGRNTE,CASSPqGQGgrNTEAFF,CASSPQGQGGRNTEAFF,TRBV9,TRBJ1-1,CVVNTEMDSSYKLIF,Donor AJG2309:LP TCRab CD8ab TEM,2.000000,-,-,-,-,-,-,-,-,-,-,-
1576,single,1.0e+00,1,1,1.0e-07,1.0e+00,1.0e-03,1.1e-01,1.0e-03,9.5e-01,global-SPQGQGGRNTE,CASSPqGQGgrNTEAFF,CASSPQGQGGRNTEAFF,TRBV9,TRBJ1-1,CVVNTEMDSSYKLIF,Donor AJG2309:PB TCRab CD8ab Teff,2.000000,-,-,-,-,-,-,-,-,-,-,-

1583,single,1.0e+00,1,1,9.5e-07,1.0e+00,1.0e-03,1.0e+00,1.0e-03,9.5e-01,global-RPWGQYQET,CASrpwGQyQETQYF,CASRPWGQYQETQYF,TRBV5-4,TRBJ2-5,CAVKGTYKYIF,Donor AJG2309:IEL TCRab CD8ab TRM,1.000000,-,-,-,-,-,-,-,-,-,-,-
1583,single,1.0e+00,1,1,9.5e-07,1.0e+00,1.0e-03,1.0e+00,1.0e-03,9.5e-01,global-RPWGQYQET,CASrpwGQyQETQYF,CASRPWGQYQETQYF,TRBV5-4,TRBJ2-5,CAVKGTYKYIF,Donor AJG2309:LP TCRab CD8ab TEM,1.000000,-,-,-,-,-,-,-,-,-,-,-

1584,single,1.0e+00,1,1,2.8e-07,1.0e+00,1.0e-03,2.9e-01,1.0e-03,9.5e-01,global-SPTVNTGE,CASSPtvNTGELFF,CASSPTVNTGELFF,TRBV4-2,TRBJ2-2,CAASANQLIW,Donor AJG2309:IEL TCRab CD8ab TRM,2.000000,-,-,-,-,-,-,-,-,-,-,-
1584,single,1.0e+00,1,1,2.8e-07,1.0e+00,1.0e-03,2.9e-01,1.0e-03,9.5e-01,global-SPTVNTGE,CASSPtvNTGELFF,CASSPTVNTGELFF,TRBV4-2,TRBJ2-2,CAASANQLIW,Donor AJG2309:L TCRab CD8ab TRM,1.000000,-,-,-,-,-,-,-,-,-,-,-

1598,single,1.0e+00,1,1,4.7e-07,1.0e+00,1.0e-03,4.9e-01,1.0e-03,9.5e-01,global-SYGME,CASSYgmEAFF,CASSYGMEAFF,TRBV6-6,TRBJ1-1,CAVLSGDSNYQLIW,Donor AJKQ118:L TCRab CD8ab Teff,1.000000,-,-,-,-,-,-,-,-,-,-,-
1598,single,1.0e+00,1,1,4.7e-07,1.0e+00,1.0e-03,4.9e-01,1.0e-03,9.5e-01,global-SYGME,CASSYgmEAFF,CASSYGMEAFF,TRBV6-6,TRBJ1-1,CAGQTSNTGNQFYF,Donor AJKQ118:L TCRab CD8ab Teff,1.000000,-,-,-,-,-,-,-,-,-,-,-
1598,single,1.0e+00,1,1,4.7e-07,1.0e+00,1.0e-03,4.9e-01,1.0e-03,9.5e-01,global-SYGME,CASSYgmEAFF,CASSYGMEAFF,TRBV6-6,TRBJ1-1,CAVLSGDSNYQLIW,Donor AJKQ118:LP TCRab CD8ab TEM,2.000000,-,-,-,-,-,-,-,-,-,-,-
1598,single,1.0e+00,1,1,4.7e-07,1.0e+00,1.0e-03,4.9e-01,1.0e-03,9.5e-01,global-SYGME,CASSYgmEAFF,CASSYGMEAFF,TRBV6-6,TRBJ1-1,CAVLSGDSNYQLIW,Donor AJKQ118:PB TCRab CD8ab Teff,1.000000,-,-,-,-,-,-,-,-,-,-,-

1604,single,1.0e+00,1,1,2.9e-07,1.0e+00,1.0e-03,3.0e-01,1.0e-03,9.5e-01,global-SQDPADT,CASSQdpaDTQYF,CASSQDPADTQYF,TRBV14,TRBJ2-3,CALSEHPGSGAGSYQLTF,Donor AJG2309:IEL TCRab CD8ab TRM,2.000000,-,-,-,-,-,-,-,-,-,-,-
1604,single,1.0e+00,1,1,2.9e-07,1.0e+00,1.0e-03,3.0e-01,1.0e-03,9.5e-01,global-SQDPADT,CASSQdpaDTQYF,CASSQDPADTQYF,TRBV14,TRBJ2-3,CGSGSEKLVF,Donor AJG2309:LP TCRab CD8ab TRM,1.000000,-,-,-,-,-,-,-,-,-,-,-

1611,single,1.0e+00,1,1,9.5e-07,1.0e+00,1.0e-03,1.0e+00,1.0e-03,9.5e-01,global-EDGRNNYG,CSVEdGRnNYGYTF,CSVEDGRNNYGYTF,TRBV29-1,TRBJ1-2,CAVSEGSSGTYKYIF,Donor AJG2309:LP TCRab CD8ab TEM,1.000000,-,-,-,-,-,-,-,-,-,-,-
1611,single,1.0e+00,1,1,9.5e-07,1.0e+00,1.0e-03,1.0e+00,1.0e-03,9.5e-01,global-EDGRNNYG,CSVEdGRnNYGYTF,CSVEDGRNNYGYTF,TRBV29-1,TRBJ1-2,CAVSEGSSGTYKYIF,Donor AJG2309:LP TCRab CD8ab TRM,1.000000,-,-,-,-,-,-,-,-,-,-,-

1616,single,1.0e+00,1,1,1.1e-08,1.0e+00,1.0e-03,1.1e-02,1.0e-03,9.5e-01,global-SQEDRARG,CASSQeDRarGYTF,CASSQEDRARGYTF,TRBV4-1,TRBJ1-2,CALGFGSGAGSYQLTF,Donor AJG2309:L TCRab CD8ab TRM,19.000000,-,-,-,-,-,-,-,-,-,-,-
1616,single,1.0e+00,1,1,1.1e-08,1.0e+00,1.0e-03,1.1e-02,1.0e-03,9.5e-01,global-SQEDRARG,CASSQeDRarGYTF,CASSQEDRARGYTF,TRBV4-1,TRBJ1-2,CALGFGSGAGSYQLTF,Donor AJG2309:L TCRab CD8ab Teff,1.000000,-,-,-,-,-,-,-,-,-,-,-
1616,single,1.0e+00,1,1,1.1e-08,1.0e+00,1.0e-03,1.1e-02,1.0e-03,9.5e-01,global-SQEDRARG,CASSQeDRarGYTF,CASSQEDRARGYTF,TRBV4-1,TRBJ1-2,CALGFGSGAGSYQLTF,Donor AJG2309:PB TCRab CD8ab Teff,1.000000,-,-,-,-,-,-,-,-,-,-,-

1643,single,1.0e+00,1,1,6.6e-08,1.0e+00,1.0e-03,6.9e-02,1.0e-03,9.5e-01,global-SVLAAAYNE,CASSVLAaaYNEQFF,CASSVLAAAYNEQFF,TRBV19,TRBJ2-1,CAVKYNTGNQFYF,Donor AJG2309:IEL TCRab CD8ab TRM,5.000000,-,-,-,-,-,-,-,-,-,-,-
1643,single,1.0e+00,1,1,6.6e-08,1.0e+00,1.0e-03,6.9e-02,1.0e-03,9.5e-01,global-SVLAAAYNE,CASSVLAaaYNEQFF,CASSVLAAAYNEQFF,TRBV19,TRBJ2-1,CAVKYNTGNQFYF,Donor AJG2309:LP TCRab CD8ab TRM,1.000000,-,-,-,-,-,-,-,-,-,-,-

1661,single,1.0e+00,1,1,1.4e-07,1.0e+00,1.0e-03,1.5e-01,1.0e-03,9.5e-01,global-SFNRASGNT,CASSfnraSGNTIYF,CASSFNRASGNTIYF,TRBV6-5,TRBJ1-3,CVVRSYNQGGKLIF,Donor AJG2309:L TCRab CD8ab TRM,3.000000,-,-,-,-,-,-,-,-,-,-,-
1661,single,1.0e+00,1,1,1.4e-07,1.0e+00,1.0e-03,1.5e-01,1.0e-03,9.5e-01,global-SFNRASGNT,CASSfnraSGNTIYF,CASSFNRASGNTIYF,TRBV6-5,TRBJ1-3,CVVRSYNQGGKLIF,Donor AJG2309:PB TCRab CD8ab Teff,1.000000,-,-,-,-,-,-,-,-,-,-,-

1667,single,1.0e+00,1,1,2.1e-07,1.0e+00,1.0e-03,2.2e-01,1.0e-03,9.5e-01,global-SKDLSSYNE,CASSKdlsSYNEQFF,CASSKDLSSYNEQFF,TRBV10-1,TRBJ2-1,CAVQKGFGNVLHC,Donor AJKQ118:IEL TCRab CD8ab TRM,1.000000,-,-,-,-,-,-,-,-,-,-,-
1667,single,1.0e+00,1,1,2.1e-07,1.0e+00,1.0e-03,2.2e-01,1.0e-03,9.5e-01,global-SKDLSSYNE,CASSKdlsSYNEQFF,CASSKDLSSYNEQFF,TRBV10-1,TRBJ2-1,CIVRVDGGSTLGRLYF,Donor AJKQ118:IEL TCRab CD8ab TRM,3.000000,-,-,-,-,-,-,-,-,-,-,-
1667,single,1.0e+00,1,1,2.1e-07,1.0e+00,1.0e-03,2.2e-01,1.0e-03,9.5e-01,global-SKDLSSYNE,CASSKdlsSYNEQFF,CASSKDLSSYNEQFF,TRBV10-1,TRBJ2-1,CIVRVDGGSTLGRLYF,Donor AJKQ118:LP TCRab CD8ab TRM,1.000000,-,-,-,-,-,-,-,-,-,-,-

1669,single,1.0e+00,1,1,9.5e-07,1.0e+00,1.0e-03,1.0e+00,1.0e-03,9.5e-01,global-SQERNNE,CASSQernNEQFF,CASSQERNNEQFF,TRBV4-1,TRBJ2-1,CAGVLLNTGFQKLVF,Donor AJG2309:L TCRab CD8ab Teff,1.000000,-,-,-,-,-,-,-,-,-,-,-
1669,single,1.0e+00,1,1,9.5e-07,1.0e+00,1.0e-03,1.0e+00,1.0e-03,9.5e-01,global-SQERNNE,CASSQernNEQFF,CASSQERNNEQFF,TRBV4-1,TRBJ2-1,CAGVLLNTGFQKLVF,Donor AJG2309:PB TCRab CD8ab Teff,1.000000,-,-,-,-,-,-,-,-,-,-,-

1671,single,1.0e+00,1,1,3.8e-07,1.0e+00,1.0e-03,4.0e-01,1.0e-03,9.5e-01,global-SWGLSGNT,CASSwGLSGNTIYF,CASSWGLSGNTIYF,TRBV5-4,TRBJ1-3,CALSDVNNAGNMLTF,Donor AJG2309:IEL TCRab CD8ab TRM,2.000000,-,-,-,-,-,-,-,-,-,-,-
1671,single,1.0e+00,1,1,3.8e-07,1.0e+00,1.0e-03,4.0e-01,1.0e-03,9.5e-01,global-SWGLSGNT,CASSwGLSGNTIYF,CASSWGLSGNTIYF,TRBV5-4,TRBJ1-3,CAAFRWGGATNKLIF,Donor AJG2309:IEL TCRab CD8ab TRM,1.000000,-,-,-,-,-,-,-,-,-,-,-
1671,single,1.0e+00,1,1,3.8e-07,1.0e+00,1.0e-03,4.0e-01,1.0e-03,9.5e-01,global-SWGLSGNT,CASSwGLSGNTIYF,CASSWGLSGNTIYF,TRBV5-4,TRBJ1-3,CAAFRWGGATNKLIF,Donor AJG2309:LP TCRab CD8ab TRM,1.000000,-,-,-,-,-,-,-,-,-,-,-

1678,single,1.0e+00,1,1,2.8e-07,1.0e+00,1.0e-03,2.9e-01,1.0e-03,9.5e-01,global-RVGG,CSARvgGYTF,CSARVGGYTF,TRBV20-1,TRBJ1-2,CAGPLGAGSYQLTF,Donor AJKQ118:IEL TCRab CD8ab TRM,2.000000,-,-,-,-,-,-,-,-,-,-,-
1678,single,1.0e+00,1,1,2.8e-07,1.0e+00,1.0e-03,2.9e-01,1.0e-03,9.5e-01,global-RVGG,CSARvgGYTF,CSARVGGYTF,TRBV20-1,TRBJ1-2,CAGPLGAGSYQLTF,Donor AJKQ118:LP TCRab CD8ab TCM,1.000000,-,-,-,-,-,-,-,-,-,-,-

1683,single,1.0e+00,1,1,9.5e-07,1.0e+00,1.0e-03,1.0e+00,1.0e-03,9.5e-01,global-SVAVGKYE,CASSVavgkYEQYF,CASSVAVGKYEQYF,TRBV9,TRBJ2-7,CAVTFNFGNEKLTF,Donor AJG2309:IEL TCRab CD8ab TRM,1.000000,-,-,-,-,-,-,-,-,-,-,-
1683,single,1.0e+00,1,1,9.5e-07,1.0e+00,1.0e-03,1.0e+00,1.0e-03,9.5e-01,global-SVAVGKYE,CASSVavgkYEQYF,CASSVAVGKYEQYF,TRBV9,TRBJ2-7,CAVDSSPTSGTYKYIF,Donor AJG2309:LP TCRab CD8ab TRM,1.000000,-,-,-,-,-,-,-,-,-,-,-

1684,single,1.0e+00,1,1,2.8e-07,1.0e+00,1.0e-03,2.9e-01,1.0e-03,9.5e-01,global-SYRDRASGNT,CASSYrDRaSGNTIYF,CASSYRDRASGNTIYF,TRBV5-6,TRBJ1-3,CAVRDYNNARLMF,Donor AJKQ118:IEL TCRab CD8ab TRM,1.000000,-,-,-,-,-,-,-,-,-,-,-
1684,single,1.0e+00,1,1,2.8e-07,1.0e+00,1.0e-03,2.9e-01,1.0e-03,9.5e-01,global-SYRDRASGNT,CASSYrDRaSGNTIYF,CASSYRDRASGNTIYF,TRBV5-6,TRBJ1-3,CAVRDYNNARLMF,Donor AJKQ118:L TCRab CD8ab TRM,2.000000,-,-,-,-,-,-,-,-,-,-,-

1697,single,1.0e+00,1,1,9.5e-07,1.0e+00,1.0e-03,1.0e+00,1.0e-03,9.5e-01,global-SQRPGQGPFKTPYE,CASSQrpGQGpfktpYEQYF,CASSQRPGQGPFKTPYEQYF,TRBV4-3,TRBJ2-7,CAFPMYSGGGADGLTF,Donor AJG2309:L TCRab CD8ab Teff,1.000000,-,-,-,-,-,-,-,-,-,-,-
1697,single,1.0e+00,1,1,9.5e-07,1.0e+00,1.0e-03,1.0e+00,1.0e-03,9.5e-01,global-SQRPGQGPFKTPYE,CASSQrpGQGpfktpYEQYF,CASSQRPGQGPFKTPYEQYF,TRBV4-3,TRBJ2-7,CAFPMYSGGGADGLTF,Donor AJG2309:LP TCRab CD8ab TRM,1.000000,-,-,-,-,-,-,-,-,-,-,-

1715,single,1.0e+00,1,1,9.5e-07,1.0e+00,1.0e-03,1.0e+00,1.0e-03,9.5e-01,global-SGGRTGE,CASSgGRTGELFF,CASSGGRTGELFF,TRBV5-4,TRBJ2-2,CAFVTQGGSEKLVF,Donor AJG2309:L TCRab CD8ab TRM,1.000000,-,-,-,-,-,-,-,-,-,-,-
1715,single,1.0e+00,1,1,9.5e-07,1.0e+00,1.0e-03,1.0e+00,1.0e-03,9.5e-01,global-SGGRTGE,CASSgGRTGELFF,CASSGGRTGELFF,TRBV5-4,TRBJ2-2,CAAIYGGATNKLIF,Donor AJG2309:LP TCRab CD8ab TEM,1.000000,-,-,-,-,-,-,-,-,-,-,-

1718,single,1.0e+00,1,1,9.5e-10,1.0e+00,1.0e-03,1.0e-03,1.0e-03,9.5e-01,global-SAHARRDRGPE,CASSaharrDRGpEAFF,CASSAHARRDRGPEAFF,TRBV7-9,TRBJ1-1,CVVSPTSGTYKYIF,Donor AJG2309:L TCRab CD8ab TRM,8.000000,-,-,-,-,-,-,-,-,-,-,-
1718,single,1.0e+00,1,1,9.5e-10,1.0e+00,1.0e-03,1.0e-03,1.0e-03,9.5e-01,global-SAHARRDRGPE,CASSaharrDRGpEAFF,CASSAHARRDRGPEAFF,TRBV7-9,TRBJ1-1,CVVSPTSGTYKYIF,Donor AJG2309:L TCRab CD8ab Teff,60.000000,-,-,-,-,-,-,-,-,-,-,-
1718,single,1.0e+00,1,1,9.5e-10,1.0e+00,1.0e-03,1.0e-03,1.0e-03,9.5e-01,global-SAHARRDRGPE,CASSaharrDRGpEAFF,CASSAHARRDRGPEAFF,TRBV7-9,TRBJ1-1,CVVSPTSGTYKYIF,Donor AJG2309:LP TCRab CD8ab TEM,1.000000,-,-,-,-,-,-,-,-,-,-,-
1718,single,1.0e+00,1,1,9.5e-10,1.0e+00,1.0e-03,1.0e-03,1.0e-03,9.5e-01,global-SAHARRDRGPE,CASSaharrDRGpEAFF,CASSAHARRDRGPEAFF,TRBV7-9,TRBJ1-1,CVVSPTSGTYKYIF,Donor AJG2309:PB TCRab CD8ab Teff,21.000000,-,-,-,-,-,-,-,-,-,-,-

1731,single,1.0e+00,1,1,9.5e-07,1.0e+00,1.0e-03,1.0e+00,1.0e-03,9.5e-01,global-SQLAVSGET,CASSQlavSGETQYF,CASSQLAVSGETQYF,TRBV4-2,TRBJ2-5,CAMSGRVNFGNEKLTF,Donor AJG2309:LP TCRab CD8ab TRM,1.000000,-,-,-,-,-,-,-,-,-,-,-
1731,single,1.0e+00,1,1,9.5e-07,1.0e+00,1.0e-03,1.0e+00,1.0e-03,9.5e-01,global-SQLAVSGET,CASSQlavSGETQYF,CASSQLAVSGETQYF,TRBV4-2,TRBJ2-5,CIHRGGGSNYKLTF,Donor AJG2309:LP TCRab CD8ab TRM,1.000000,-,-,-,-,-,-,-,-,-,-,-

1742,single,1.0e+00,1,1,9.5e-07,1.0e+00,1.0e-03,1.0e+00,1.0e-03,9.5e-01,global-RKDTDYE,CSARkdtdYEQYF,CSARKDTDYEQYF,TRBV20-1,TRBJ2-7,CAALPLMDSSYKLIF,Donor AJG2309:IEL TCRab CD8ab TRM,1.000000,-,-,-,-,-,-,-,-,-,-,-
1742,single,1.0e+00,1,1,9.5e-07,1.0e+00,1.0e-03,1.0e+00,1.0e-03,9.5e-01,global-RKDTDYE,CSARkdtdYEQYF,CSARKDTDYEQYF,TRBV20-1,TRBJ2-7,CAALPLMDSSYKLIF,Donor AJG2309:PB TCRab CD8ab Teff,1.000000,-,-,-,-,-,-,-,-,-,-,-

1745,single,1.0e+00,1,1,9.5e-07,1.0e+00,1.0e-03,1.0e+00,1.0e-03,9.5e-01,global-SADRGWSGG,CAISaDRGwsgGYTF,CAISADRGWSGGYTF,TRBV10-3,TRBJ1-2,CAAGDGSSNTGKLIF,Donor AJG2309:L TCRab CD8ab TRM,1.000000,-,-,-,-,-,-,-,-,-,-,-
1745,single,1.0e+00,1,1,9.5e-07,1.0e+00,1.0e-03,1.0e+00,1.0e-03,9.5e-01,global-SADRGWSGG,CAISaDRGwsgGYTF,CAISADRGWSGGYTF,TRBV10-3,TRBJ1-2,CAAGDGSSNTGKLIF,Donor AJG2309:PB TCRab CD8ab Teff,1.000000,-,-,-,-,-,-,-,-,-,-,-

1747,single,1.0e+00,1,1,1.4e-07,1.0e+00,1.0e-03,1.5e-01,1.0e-03,9.5e-01,global-RALRGGDIK,CSARalRGgdikQYF,CSARALRGGDIKQYF,TRBV20-1,TRBJ2-7,CATDRGSTLGRLYF,Donor AJD3280:L TCRab CD8ab Teff,3.000000,-,-,-,-,-,-,-,-,-,-,-
1747,single,1.0e+00,1,1,1.4e-07,1.0e+00,1.0e-03,1.5e-01,1.0e-03,9.5e-01,global-RALRGGDIK,CSARalRGgdikQYF,CSARALRGGDIKQYF,TRBV20-1,TRBJ2-7,CATDRGSTLGRLYF,Donor AJD3280:PB TCRab CD8ab Teff,1.000000,-,-,-,-,-,-,-,-,-,-,-

1778,single,1.0e+00,1,1,9.5e-07,1.0e+00,1.0e-03,1.0e+00,1.0e-03,9.5e-01,global-SVEGSGGPNI,CASSVegSGGpNIQYF,CASSVEGSGGPNIQYF,TRBV9,TRBJ2-4,CAKWAEDNFNKFYF,Donor AJG2309:IEL TCRab CD8ab TRM,1.000000,-,-,-,-,-,-,-,-,-,-,-
1778,single,1.0e+00,1,1,9.5e-07,1.0e+00,1.0e-03,1.0e+00,1.0e-03,9.5e-01,global-SVEGSGGPNI,CASSVegSGGpNIQYF,CASSVEGSGGPNIQYF,TRBV9,TRBJ2-4,CAKWAEDNFNKFYF,Donor AJG2309:LP TCRab CD8ab TRM,1.000000,-,-,-,-,-,-,-,-,-,-,-

1784,single,1.0e+00,1,1,5.7e-09,1.0e+00,1.0e-03,6.0e-03,1.0e-03,9.5e-01,global-SSVQGGET,CASSSvQGgETQYF,CASSSVQGGETQYF,TRBV5-4,TRBJ2-5,CLVGDGNDMRF,Donor AJD3280:IEL TCRab CD8ab TRM,16.000000,-,-,-,-,-,-,-,-,-,-,-
1784,single,1.0e+00,1,1,5.7e-09,1.0e+00,1.0e-03,6.0e-03,1.0e-03,9.5e-01,global-SSVQGGET,CASSSvQGgETQYF,CASSSVQGGETQYF,TRBV5-4,TRBJ2-5,CLVGDGNDMRF,Donor AJD3280:LP TCRab CD8ab TEM,1.000000,-,-,-,-,-,-,-,-,-,-,-
1784,single,1.0e+00,1,1,5.7e-09,1.0e+00,1.0e-03,6.0e-03,1.0e-03,9.5e-01,global-SSVQGGET,CASSSvQGgETQYF,CASSSVQGGETQYF,TRBV5-4,TRBJ2-5,CLVGDGNDMRF,Donor AJD3280:LP TCRab CD8ab TRM,7.000000,-,-,-,-,-,-,-,-,-,-,-

1787,single,1.0e+00,1,1,8.2e-08,1.0e+00,1.0e-03,8.6e-02,1.0e-03,9.5e-01,global-SFGAGALDE,CASSfgAGaldEQFF,CASSFGAGALDEQFF,TRBV12-4,TRBJ2-1,CAAAHYNTDKLIF,Donor AJD3280:L TCRab CD8ab Teff,3.000000,-,-,-,-,-,-,-,-,-,-,-
1787,single,1.0e+00,1,1,8.2e-08,1.0e+00,1.0e-03,8.6e-02,1.0e-03,9.5e-01,global-SFGAGALDE,CASSfgAGaldEQFF,CASSFGAGALDEQFF,TRBV12-4,TRBJ2-1,CAAAHYNTDKLIF,Donor AJD3280:PB TCRab CD8ab Teff,2.000000,-,-,-,-,-,-,-,-,-,-,-

1789,single,1.0e+00,1,1,2.8e-07,1.0e+00,1.0e-03,3.0e-01,1.0e-03,9.5e-01,global-VGGE,CSVvGGEQFF,CSVVGGEQFF,TRBV29-1,TRBJ2-1,CVVPIGFGNVLHC,Donor AJD3280:IEL TCRab CD8ab TRM,2.000000,-,-,-,-,-,-,-,-,-,-,-
1789,single,1.0e+00,1,1,2.8e-07,1.0e+00,1.0e-03,3.0e-01,1.0e-03,9.5e-01,global-VGGE,CSVvGGEQFF,CSVVGGEQFF,TRBV29-1,TRBJ2-1,CAGSGNTPLVF,Donor AJD3280:IEL TCRab CD8ab TRM,1.000000,-,-,-,-,-,-,-,-,-,-,-

1793,single,1.0e+00,1,1,5.9e-08,1.0e+00,1.0e-03,6.2e-02,1.0e-03,9.5e-01,global-RDLLDIYEK,CSARdlldiyEKLFF,CSARDLLDIYEKLFF,TRBV20-1,TRBJ1-4,CIVGNYGQNFVF,Donor AJD3280:IEL TCRab CD8ab TRM,6.000000,-,-,-,-,-,-,-,-,-,-,-
1793,single,1.0e+00,1,1,5.9e-08,1.0e+00,1.0e-03,6.2e-02,1.0e-03,9.5e-01,global-RDLLDIYEK,CSARdlldiyEKLFF,CSARDLLDIYEKLFF,TRBV20-1,TRBJ1-4,CAVSPTNFGNEKLTF,Donor AJD3280:IEL TCRab CD8ab TRM,2.000000,-,-,-,-,-,-,-,-,-,-,-
1793,single,1.0e+00,1,1,5.9e-08,1.0e+00,1.0e-03,6.2e-02,1.0e-03,9.5e-01,global-RDLLDIYEK,CSARdlldiyEKLFF,CSARDLLDIYEKLFF,TRBV20-1,TRBJ1-4,CAGPTGRGAQKLVF,Donor AJD3280:IEL TCRab CD8ab TRM,3.000000,-,-,-,-,-,-,-,-,-,-,-
1793,single,1.0e+00,1,1,5.9e-08,1.0e+00,1.0e-03,6.2e-02,1.0e-03,9.5e-01,global-RDLLDIYEK,CSARdlldiyEKLFF,CSARDLLDIYEKLFF,TRBV20-1,TRBJ1-4,CIVGNYGQNFVF,Donor AJD3280:LP TCRab CD8ab TRM,1.000000,-,-,-,-,-,-,-,-,-,-,-

1809,single,1.0e+00,1,1,2.8e-07,1.0e+00,1.0e-03,2.9e-01,1.0e-03,9.5e-01,global-SSGTSTDT,CASSSGTSTDTQYF,CASSSGTSTDTQYF,TRBV5-6,TRBJ2-3,CAVRDDDNYGQNFVF,Donor AJG2309:PB TCRab CD8ab TEM,1.000000,-,-,-,-,-,-,-,-,-,-,-
1809,single,1.0e+00,1,1,2.8e-07,1.0e+00,1.0e-03,2.9e-01,1.0e-03,9.5e-01,global-SSGTSTDT,CASSSGTSTDTQYF,CASSSGTSTDTQYF,TRBV5-6,TRBJ2-3,CAVRDDDNYGQNFVF,Donor AJG2309:PB TCRab CD8ab Teff,2.000000,-,-,-,-,-,-,-,-,-,-,-

1822,single,1.0e+00,1,1,3.8e-08,1.0e+00,1.0e-03,4.0e-02,1.0e-03,9.5e-01,global-SQDPGQGQT,CASSQdpGQGqTQYF,CASSQDPGQGQTQYF,TRBV4-3,TRBJ2-5,CAVRDDSSYKLIF,Donor AJG2309:IEL TCRab CD8ab TRM,6.000000,-,-,-,-,-,-,-,-,-,-,-
1822,single,1.0e+00,1,1,3.8e-08,1.0e+00,1.0e-03,4.0e-02,1.0e-03,9.5e-01,global-SQDPGQGQT,CASSQdpGQGqTQYF,CASSQDPGQGQTQYF,TRBV4-3,TRBJ2-5,CAVRDDSSYKLIF,Donor AJG2309:L TCRab CD8ab TRM,2.000000,-,-,-,-,-,-,-,-,-,-,-

1830,single,1.0e+00,1,1,9.5e-07,1.0e+00,1.0e-03,1.0e+00,1.0e-03,9.5e-01,global-TPYSGKTSYE,CSstpySGktSYEQYF,CSSTPYSGKTSYEQYF,TRBV20-1,TRBJ2-7,CATDDNSGYSTLTF,Donor AJG2309:LP TCRab CD8ab TEM,1.000000,-,-,-,-,-,-,-,-,-,-,-
1830,single,1.0e+00,1,1,9.5e-07,1.0e+00,1.0e-03,1.0e+00,1.0e-03,9.5e-01,global-TPYSGKTSYE,CSstpySGktSYEQYF,CSSTPYSGKTSYEQYF,TRBV20-1,TRBJ2-7,CALSELSYNNNDMRF,Donor AJG2309:LP TCRab CD8ab TRM,1.000000,-,-,-,-,-,-,-,-,-,-,-

1842,single,1.0e+00,1,1,6.1e-08,1.0e+00,1.0e-03,6.4e-02,1.0e-03,9.5e-01,global-SPGTVDGE,CASSPGTvdgEAFF,CASSPGTVDGEAFF,TRBV4-2,TRBJ1-1,CAPVYNQGGKLIF,Donor AJKQ118:IEL TCRab CD8ab TRM,4.000000,-,-,-,-,-,-,-,-,-,-,-
1842,single,1.0e+00,1,1,6.1e-08,1.0e+00,1.0e-03,6.4e-02,1.0e-03,9.5e-01,global-SPGTVDGE,CASSPGTvdgEAFF,CASSPGTVDGEAFF,TRBV4-2,TRBJ1-1,CAVTSGYGGATNKLIF,Donor AJKQ118:IEL TCRab CD8ab TRM,2.000000,-,-,-,-,-,-,-,-,-,-,-

1855,single,1.0e+00,1,1,2.8e-07,1.0e+00,1.0e-03,3.0e-01,1.0e-03,9.5e-01,global-GTSPGSGANV,CATGTSpgSGANVLTF,CATGTSPGSGANVLTF,TRBV19,TRBJ2-6,CAVMDSSYKLIF,Donor AJD3280:L TCRab CD8ab TRM,2.000000,-,-,-,-,-,-,-,-,-,-,-
1855,single,1.0e+00,1,1,2.8e-07,1.0e+00,1.0e-03,3.0e-01,1.0e-03,9.5e-01,global-GTSPGSGANV,CATGTSpgSGANVLTF,CATGTSPGSGANVLTF,TRBV19,TRBJ2-6,CVVRDTGRRALTF,Donor AJD3280:L TCRab CD8ab TRM,1.000000,-,-,-,-,-,-,-,-,-,-,-

1860,single,1.0e+00,1,1,9.5e-07,1.0e+00,1.0e-03,1.0e+00,1.0e-03,9.5e-01,global-SNQFSTGTYG,CASSnqfsTGtYGYTF,CASSNQFSTGTYGYTF,TRBV7-8,TRBJ1-2,CGTLASGGGADGLTF,Donor AJD3280:L TCRab CD8ab TRM,1.000000,-,-,-,-,-,-,-,-,-,-,-
1860,single,1.0e+00,1,1,9.5e-07,1.0e+00,1.0e-03,1.0e+00,1.0e-03,9.5e-01,global-SNQFSTGTYG,CASSnqfsTGtYGYTF,CASSNQFSTGTYGYTF,TRBV7-8,TRBJ1-2,CGTLASGGGADGLTF,Donor AJD3280:L TCRab CD8ab Teff,1.000000,-,-,-,-,-,-,-,-,-,-,-

1888,single,1.0e+00,1,1,9.5e-07,1.0e+00,1.0e-03,1.0e+00,1.0e-03,9.5e-01,global-SVLGVGVYE,CAWSvlgvgvYEQYF,CAWSVLGVGVYEQYF,TRBV30,TRBJ2-7,CAVQAENRGSTLGRLYF,Donor AJKQ118:IEL TCRab CD8ab TRM,1.000000,-,-,-,-,-,-,-,-,-,-,-
1888,single,1.0e+00,1,1,9.5e-07,1.0e+00,1.0e-03,1.0e+00,1.0e-03,9.5e-01,global-SVLGVGVYE,CAWSvlgvgvYEQYF,CAWSVLGVGVYEQYF,TRBV30,TRBJ2-7,CAVQAENRGSTLGRLYF,Donor AJKQ118:LP TCRab CD8ab TEM,1.000000,-,-,-,-,-,-,-,-,-,-,-

1892,single,1.0e+00,1,1,9.5e-07,1.0e+00,1.0e-03,1.0e+00,1.0e-03,9.5e-01,global-SQDMRVNLNNE,CASSQdmrvnlnNEQFF,CASSQDMRVNLNNEQFF,TRBV3-1,TRBJ2-1,CAVRAITGGGNKLTF,Donor AJD3280:IEL TCRab CD8ab TRM,1.000000,-,-,-,-,-,-,-,-,-,-,-
1892,single,1.0e+00,1,1,9.5e-07,1.0e+00,1.0e-03,1.0e+00,1.0e-03,9.5e-01,global-SQDMRVNLNNE,CASSQdmrvnlnNEQFF,CASSQDMRVNLNNEQFF,TRBV3-1,TRBJ2-1,CLVGDMDNQGGKLIF,Donor AJD3280:IEL TCRab CD8ab TRM,1.000000,-,-,-,-,-,-,-,-,-,-,-

1894,single,1.0e+00,1,1,9.5e-07,1.0e+00,1.0e-03,1.0e+00,1.0e-03,9.5e-01,global-SWTSRYE,CASSwTSrYEQYF,CASSWTSRYEQYF,TRBV6-1,TRBJ2-7,CAVSDRTGTASKLTF,Donor AJD3280:IEL TCRab CD8ab TRM,1.000000,-,-,-,-,-,-,-,-,-,-,-
1894,single,1.0e+00,1,1,9.5e-07,1.0e+00,1.0e-03,1.0e+00,1.0e-03,9.5e-01,global-SWTSRYE,CASSwTSrYEQYF,CASSWTSRYEQYF,TRBV6-1,TRBJ2-7,CAVMTDSWGKLQF,Donor AJD3280:LP TCRab CD8ab TRM,1.000000,-,-,-,-,-,-,-,-,-,-,-

1905,single,1.0e+00,1,1,9.5e-07,1.0e+00,1.0e-03,1.0e+00,1.0e-03,9.5e-01,global-GGGLYYE,CASGgGLyYEQYF,CASGGGLYYEQYF,TRBV6-1,TRBJ2-7,CAALSASKIIF,Donor AJG2309:LP TCRab CD8ab TEM,1.000000,-,-,-,-,-,-,-,-,-,-,-
1905,single,1.0e+00,1,1,9.5e-07,1.0e+00,1.0e-03,1.0e+00,1.0e-03,9.5e-01,global-GGGLYYE,CASGgGLyYEQYF,CASGGGLYYEQYF,TRBV6-1,TRBJ2-7,CAALSASKIIF,Donor AJG2309:LP TCRab CD8ab TRM,1.000000,-,-,-,-,-,-,-,-,-,-,-

1913,single,1.0e+00,1,1,9.5e-10,1.0e+00,1.0e-03,1.0e-03,1.0e-03,9.5e-01,global-SLGRDPTGE,CASSLGRdpTGELFF,CASSLGRDPTGELFF,TRBV28,TRBJ2-2,CAASHAGKSTF,Donor AJG2309:IEL TCRab CD8ab TRM,1.000000,-,-,-,-,-,-,-,-,-,-,-
1913,single,1.0e+00,1,1,9.5e-10,1.0e+00,1.0e-03,1.0e-03,1.0e-03,9.5e-01,global-SLGRDPTGE,CASSLGRdpTGELFF,CASSLGRDPTGELFF,TRBV28,TRBJ2-2,CAASHAGKSTF,Donor AJG2309:L TCRab CD8ab TRM,36.000000,-,-,-,-,-,-,-,-,-,-,-
1913,single,1.0e+00,1,1,9.5e-10,1.0e+00,1.0e-03,1.0e-03,1.0e-03,9.5e-01,global-SLGRDPTGE,CASSLGRdpTGELFF,CASSLGRDPTGELFF,TRBV28,TRBJ2-2,CAASHAGKSTF,Donor AJG2309:L TCRab CD8ab Teff,14.000000,-,-,-,-,-,-,-,-,-,-,-
1913,single,1.0e+00,1,1,9.5e-10,1.0e+00,1.0e-03,1.0e-03,1.0e-03,9.5e-01,global-SLGRDPTGE,CASSLGRdpTGELFF,CASSLGRDPTGELFF,TRBV28,TRBJ2-2,CAASHAGKSTF,Donor AJG2309:LP TCRab CD8ab TEM,5.000000,-,-,-,-,-,-,-,-,-,-,-
1913,single,1.0e+00,1,1,9.5e-10,1.0e+00,1.0e-03,1.0e-03,1.0e-03,9.5e-01,global-SLGRDPTGE,CASSLGRdpTGELFF,CASSLGRDPTGELFF,TRBV28,TRBJ2-2,CAASHAGKSTF,Donor AJG2309:PB TCRab CD8ab TEM,1.000000,-,-,-,-,-,-,-,-,-,-,-
1913,single,1.0e+00,1,1,9.5e-10,1.0e+00,1.0e-03,1.0e-03,1.0e-03,9.5e-01,global-SLGRDPTGE,CASSLGRdpTGELFF,CASSLGRDPTGELFF,TRBV28,TRBJ2-2,CAASHAGKSTF,Donor AJG2309:PB TCRab CD8ab Teff,21.000000,-,-,-,-,-,-,-,-,-,-,-

1930,single,1.0e+00,1,1,9.5e-07,1.0e+00,1.0e-03,1.0e+00,1.0e-03,9.5e-01,global-SLARTSPGGTDT,CASSLarTSpggTDTQYF,CASSLARTSPGGTDTQYF,TRBV12-4,TRBJ2-3,CAGHNAGNMLTF,Donor AJG2309:L TCRab CD8ab Teff,1.000000,-,-,-,-,-,-,-,-,-,-,-
1930,single,1.0e+00,1,1,9.5e-07,1.0e+00,1.0e-03,1.0e+00,1.0e-03,9.5e-01,global-SLARTSPGGTDT,CASSLarTSpggTDTQYF,CASSLARTSPGGTDTQYF,TRBV12-4,TRBJ2-3,CAGHNAGNMLTF,Donor AJG2309:PB TCRab CD8ab Teff,1.000000,-,-,-,-,-,-,-,-,-,-,-

1936,single,1.0e+00,1,1,9.5e-07,1.0e+00,1.0e-03,1.0e+00,1.0e-03,9.5e-01,global-EGVGGT,CASegvGGTQYF,CASEGVGGTQYF,TRBV12-4,TRBJ2-5,CALSVDSNYQLIW,Donor AJKQ118:L TCRab CD8ab TRM,1.000000,-,-,-,-,-,-,-,-,-,-,-
1936,single,1.0e+00,1,1,9.5e-07,1.0e+00,1.0e-03,1.0e+00,1.0e-03,9.5e-01,global-EGVGGT,CASegvGGTQYF,CASEGVGGTQYF,TRBV12-4,TRBJ2-5,CALSVDSNYQLIW,Donor AJKQ118:L TCRab CD8ab Teff,1.000000,-,-,-,-,-,-,-,-,-,-,-

1967,single,1.0e+00,1,1,9.5e-07,1.0e+00,1.0e-03,1.0e+00,1.0e-03,9.5e-01,global-SPQTVMGASNE,CASSPqtvmgasNEQFF,CASSPQTVMGASNEQFF,TRBV7-2,TRBJ2-1,CAVRGSTSGTYKYIF,Donor AJG2309:IEL TCRab CD8ab TRM,1.000000,-,-,-,-,-,-,-,-,-,-,-
1967,single,1.0e+00,1,1,9.5e-07,1.0e+00,1.0e-03,1.0e+00,1.0e-03,9.5e-01,global-SPQTVMGASNE,CASSPqtvmgasNEQFF,CASSPQTVMGASNEQFF,TRBV7-2,TRBJ2-1,CAVRGSTSGTYKYIF,Donor AJG2309:LP TCRab CD8ab TRM,1.000000,-,-,-,-,-,-,-,-,-,-,-

1970,single,1.0e+00,1,1,2.7e-07,1.0e+00,1.0e-03,2.8e-01,1.0e-03,9.5e-01,global-SELRINTE,CASSElriNTEAFF,CASSELRINTEAFF,TRBV6-1,TRBJ1-1,CATPAGAGYSTLTF,Donor AJKQ118:IEL TCRab CD8ab TRM,2.000000,-,-,-,-,-,-,-,-,-,-,-
1970,single,1.0e+00,1,1,2.7e-07,1.0e+00,1.0e-03,2.8e-01,1.0e-03,9.5e-01,global-SELRINTE,CASSElriNTEAFF,CASSELRINTEAFF,TRBV6-1,TRBJ1-1,CATPAGAGYSTLTF,Donor AJKQ118:L TCRab CD8ab TRM,1.000000,-,-,-,-,-,-,-,-,-,-,-

2003,single,1.0e+00,1,1,1.1e-08,1.0e+00,1.0e-03,1.2e-02,1.0e-03,9.5e-01,global-DKRLYG,CSAdkrlYGYTF,CSADKRLYGYTF,TRBV20-1,TRBJ1-2,CATDTGAQKLVF,Donor AJD3280:L TCRab CD8ab TRM,1.000000,-,-,-,-,-,-,-,-,-,-,-
2003,single,1.0e+00,1,1,1.1e-08,1.0e+00,1.0e-03,1.2e-02,1.0e-03,9.5e-01,global-DKRLYG,CSAdkrlYGYTF,CSADKRLYGYTF,TRBV20-1,TRBJ1-2,CATDTGAQKLVF,Donor AJD3280:L TCRab CD8ab Teff,10.000000,-,-,-,-,-,-,-,-,-,-,-
2003,single,1.0e+00,1,1,1.1e-08,1.0e+00,1.0e-03,1.2e-02,1.0e-03,9.5e-01,global-DKRLYG,CSAdkrlYGYTF,CSADKRLYGYTF,TRBV20-1,TRBJ1-2,CILSGNAGNMLTF,Donor AJD3280:LP TCRab CD8ab TEM,1.000000,-,-,-,-,-,-,-,-,-,-,-
2003,single,1.0e+00,1,1,1.1e-08,1.0e+00,1.0e-03,1.2e-02,1.0e-03,9.5e-01,global-DKRLYG,CSAdkrlYGYTF,CSADKRLYGYTF,TRBV20-1,TRBJ1-2,CATDTGAQKLVF,Donor AJD3280:PB TCRab CD8ab Teff,8.000000,-,-,-,-,-,-,-,-,-,-,-

2006,single,1.0e+00,1,1,8.8e-08,1.0e+00,1.0e-03,9.2e-02,1.0e-03,9.5e-01,global-SSGAPDE,CSASSGapdEQFF,CSASSGAPDEQFF,TRBV20-1,TRBJ2-1,CIVRVAGYTGTASKLTF,Donor AJKQ118:IEL TCRab CD8ab TRM,3.000000,-,-,-,-,-,-,-,-,-,-,-
2006,single,1.0e+00,1,1,8.8e-08,1.0e+00,1.0e-03,9.2e-02,1.0e-03,9.5e-01,global-SSGAPDE,CSASSGapdEQFF,CSASSGAPDEQFF,TRBV20-1,TRBJ2-1,CIVRVAGYTGTASKLTF,Donor AJKQ118:L TCRab CD8ab TRM,2.000000,-,-,-,-,-,-,-,-,-,-,-

2007,single,1.0e+00,1,1,2.1e-07,1.0e+00,1.0e-03,2.2e-01,1.0e-03,9.5e-01,global-SQEWFSRPNE,CASSQewfsrpNEQFF,CASSQEWFSRPNEQFF,TRBV3-1,TRBJ2-1,CAGYGGSNYKLTF,Donor AJG2309:LP TCRab CD8ab TEM,2.000000,-,-,-,-,-,-,-,-,-,-,-
2007,single,1.0e+00,1,1,2.1e-07,1.0e+00,1.0e-03,2.2e-01,1.0e-03,9.5e-01,global-SQEWFSRPNE,CASSQewfsrpNEQFF,CASSQEWFSRPNEQFF,TRBV3-1,TRBJ2-1,CAYRTIYTGANSKLTF,Donor AJG2309:LP TCRab CD8ab TRM,1.000000,-,-,-,-,-,-,-,-,-,-,-
2007,single,1.0e+00,1,1,2.1e-07,1.0e+00,1.0e-03,2.2e-01,1.0e-03,9.5e-01,global-SQEWFSRPNE,CASSQewfsrpNEQFF,CASSQEWFSRPNEQFF,TRBV3-1,TRBJ2-1,CAGYGGSNYKLTF,Donor AJG2309:PB TCRab CD8ab TEM,2.000000,-,-,-,-,-,-,-,-,-,-,-

2018,single,1.0e+00,1,1,9.5e-07,1.0e+00,1.0e-03,1.0e+00,1.0e-03,9.5e-01,global-RDGGQATDT,CSARdgGQaTDTQYF,CSARDGGQATDTQYF,TRBV20-1,TRBJ2-3,CVVNSITGGFKTIF,Donor AJKQ118:PB TCRab CD8ab TEM,1.000000,-,-,-,-,-,-,-,-,-,-,-
2018,single,1.0e+00,1,1,9.5e-07,1.0e+00,1.0e-03,1.0e+00,1.0e-03,9.5e-01,global-RDGGQATDT,CSARdgGQaTDTQYF,CSARDGGQATDTQYF,TRBV20-1,TRBJ2-3,CVVNSITGGFKTIF,Donor AJKQ118:PB TCRab CD8ab Teff,1.000000,-,-,-,-,-,-,-,-,-,-,-

2019,single,1.0e+00,1,1,1.4e-07,1.0e+00,1.0e-03,1.5e-01,1.0e-03,9.5e-01,global-SYSRLAGYNE,CASSYsrLAGYNEQFF,CASSYSRLAGYNEQFF,TRBV6-6,TRBJ2-1,CAATLGNQFYF,Donor AJKQ118:IEL TCRab CD8ab TRM,3.000000,-,-,-,-,-,-,-,-,-,-,-
2019,single,1.0e+00,1,1,1.4e-07,1.0e+00,1.0e-03,1.5e-01,1.0e-03,9.5e-01,global-SYSRLAGYNE,CASSYsrLAGYNEQFF,CASSYSRLAGYNEQFF,TRBV6-6,TRBJ2-1,CAATLGNQFYF,Donor AJKQ118:LP TCRab CD8ab TEM,1.000000,-,-,-,-,-,-,-,-,-,-,-

2025,single,1.0e+00,1,1,2.8e-07,1.0e+00,1.0e-03,2.9e-01,1.0e-03,9.5e-01,global-FGGGYE,CASfGGgYEQYF,CASFGGGYEQYF,TRBV28,TRBJ2-7,CAVRDEDYGQNFVF,Donor AJD3280:PB TCRab CD8ab Teff,2.000000,-,-,-,-,-,-,-,-,-,-,-
2025,single,1.0e+00,1,1,2.8e-07,1.0e+00,1.0e-03,2.9e-01,1.0e-03,9.5e-01,global-FGGGYE,CASfGGgYEQYF,CASFGGGYEQYF,TRBV28,TRBJ2-7,CAVRPVGAGRRALTF,Donor AJD3280:PB TCRab CD8ab Teff,1.000000,-,-,-,-,-,-,-,-,-,-,-

2026,single,1.0e+00,1,1,1.0e-07,1.0e+00,1.0e-03,1.1e-01,1.0e-03,9.5e-01,global-RDFPE,CSARdfpEQFF,CSARDFPEQFF,TRBV20-1,TRBJ2-1,CALSEAGTGNQFYF,Donor AJKQ118:L TCRab CD8ab Naive/TCM,1.000000,-,-,-,-,-,-,-,-,-,-,-
2026,single,1.0e+00,1,1,1.0e-07,1.0e+00,1.0e-03,1.1e-01,1.0e-03,9.5e-01,global-RDFPE,CSARdfpEQFF,CSARDFPEQFF,TRBV20-1,TRBJ2-1,CALSEAGTGNQFYF,Donor AJKQ118:L TCRab CD8ab TRM,4.000000,-,-,-,-,-,-,-,-,-,-,-

2030,single,1.0e+00,1,1,9.5e-07,1.0e+00,1.0e-03,1.0e+00,1.0e-03,9.5e-01,global-SLGSQGFTGE,CASSLgsQGfTGELFF,CASSLGSQGFTGELFF,TRBV11-2,TRBJ2-2,CVVRPGSNDYKLSF,Donor AJKQ118:L TCRab CD8ab TRM,1.000000,-,-,-,-,-,-,-,-,-,-,-
2030,single,1.0e+00,1,1,9.5e-07,1.0e+00,1.0e-03,1.0e+00,1.0e-03,9.5e-01,global-SLGSQGFTGE,CASSLgsQGfTGELFF,CASSLGSQGFTGELFF,TRBV11-2,TRBJ2-2,CAATDSGGYQKVTF,Donor AJKQ118:L TCRab CD8ab TRM,1.000000,-,-,-,-,-,-,-,-,-,-,-

2037,single,1.0e+00,1,1,2.7e-07,1.0e+00,1.0e-03,2.8e-01,1.0e-03,9.5e-01,global-SWDDSASGNT,CASSwddsaSGNTIYF,CASSWDDSASGNTIYF,TRBV6-5,TRBJ1-3,CAASIEAYSSASKIIF,Donor AJG2309:IEL TCRab CD8ab TRM,2.000000,-,-,-,-,-,-,-,-,-,-,-
2037,single,1.0e+00,1,1,2.7e-07,1.0e+00,1.0e-03,2.8e-01,1.0e-03,9.5e-01,global-SWDDSASGNT,CASSwddsaSGNTIYF,CASSWDDSASGNTIYF,TRBV6-5,TRBJ1-3,CAASIEAYSSASKIIF,Donor AJG2309:LP TCRab CD8ab TRM,1.000000,-,-,-,-,-,-,-,-,-,-,-

2052,single,1.0e+00,1,1,7.6e-09,1.0e+00,1.0e-03,8.0e-03,1.0e-03,9.5e-01,global-SLRLAGGLSSYNE,CASSLrLAGGlsSYNEQFF,CASSLRLAGGLSSYNEQFF,TRBV12-4,TRBJ2-1,CALSGTTSGTYKYIF,Donor AJG2309:IEL TCRab CD8ab TRM,9.000000,-,-,-,-,-,-,-,-,-,-,-
2052,single,1.0e+00,1,1,7.6e-09,1.0e+00,1.0e-03,8.0e-03,1.0e-03,9.5e-01,global-SLRLAGGLSSYNE,CASSLrLAGGlsSYNEQFF,CASSLRLAGGLSSYNEQFF,TRBV12-4,TRBJ2-1,CALSGTTSGTYKYIF,Donor AJG2309:LP TCRab CD8ab TEM,9.000000,-,-,-,-,-,-,-,-,-,-,-
2052,single,1.0e+00,1,1,7.6e-09,1.0e+00,1.0e-03,8.0e-03,1.0e-03,9.5e-01,global-SLRLAGGLSSYNE,CASSLrLAGGlsSYNEQFF,CASSLRLAGGLSSYNEQFF,TRBV12-4,TRBJ2-1,CALSGTTSGTYKYIF,Donor AJG2309:LP TCRab CD8ab TRM,2.000000,-,-,-,-,-,-,-,-,-,-,-

2074,single,1.0e+00,1,1,9.5e-07,1.0e+00,1.0e-03,1.0e+00,1.0e-03,9.5e-01,global-RTGTGATLSYNE,CASrtGTGatlSYNEQFF,CASRTGTGATLSYNEQFF,TRBV27,TRBJ2-1,CALSTLTGGGNKLTF,Donor AJKQ118:L TCRab CD8ab Naive/TCM,1.000000,-,-,-,-,-,-,-,-,-,-,-
2074,single,1.0e+00,1,1,9.5e-07,1.0e+00,1.0e-03,1.0e+00,1.0e-03,9.5e-01,global-RTGTGATLSYNE,CASrtGTGatlSYNEQFF,CASRTGTGATLSYNEQFF,TRBV27,TRBJ2-1,CALSTLTGGGNKLTF,Donor AJKQ118:L TCRab CD8ab TRM,1.000000,-,-,-,-,-,-,-,-,-,-,-
2074,single,1.0e+00,1,1,9.5e-07,1.0e+00,1.0e-03,1.0e+00,1.0e-03,9.5e-01,global-RTGTGATLSYNE,CASrtGTGatlSYNEQFF,CASRTGTGATLSYNEQFF,TRBV27,TRBJ2-1,CALSTLTGGGNKLTF,Donor AJKQ118:L TCRab CD8ab TRM,1.000000,-,-,-,-,-,-,-,-,-,-,-

2091,single,1.0e+00,1,1,9.5e-07,1.0e+00,1.0e-03,1.0e+00,1.0e-03,9.5e-01,global-SPRTSGGNE,CASSPrTSGGNEQFF,CASSPRTSGGNEQFF,TRBV6-2,TRBJ2-1,CALNTGGFKTIF,Donor AJD3280:IEL TCRab CD8ab TRM,1.000000,-,-,-,-,-,-,-,-,-,-,-
2091,single,1.0e+00,1,1,9.5e-07,1.0e+00,1.0e-03,1.0e+00,1.0e-03,9.5e-01,global-SPRTSGGNE,CASSPrTSGGNEQFF,CASSPRTSGGNEQFF,TRBV6-2,TRBJ2-1,CAESSPGKLIF,Donor AJD3280:IEL TCRab CD8ab TRM,1.000000,-,-,-,-,-,-,-,-,-,-,-

2094,single,1.0e+00,1,1,1.5e-07,1.0e+00,1.0e-03,1.6e-01,1.0e-03,9.5e-01,global-TLDRGRYQP,CASTLDRGryQPQHF,CASTLDRGRYQPQHF,TRBV19,TRBJ1-5,CAGSEYGNKLVF,Donor AJKQ118:L TCRab CD8ab TRM,2.000000,-,-,-,-,-,-,-,-,-,-,-
2094,single,1.0e+00,1,1,1.5e-07,1.0e+00,1.0e-03,1.6e-01,1.0e-03,9.5e-01,global-TLDRGRYQP,CASTLDRGryQPQHF,CASTLDRGRYQPQHF,TRBV19,TRBJ1-5,CAGSEYGNKLVF,Donor AJKQ118:L TCRab CD8ab Teff,2.000000,-,-,-,-,-,-,-,-,-,-,-

2114,single,1.0e+00,1,1,9.5e-07,1.0e+00,1.0e-03,1.0e+00,1.0e-03,9.5e-01,global-STTQGAGG,CASSttQGagGYTF,CASSTTQGAGGYTF,TRBV12-4,TRBJ1-2,CAMREPRGDSSYKLIF,Donor AJG2309:LP TCRab CD8ab TEM,1.000000,-,-,-,-,-,-,-,-,-,-,-
2114,single,1.0e+00,1,1,9.5e-07,1.0e+00,1.0e-03,1.0e+00,1.0e-03,9.5e-01,global-STTQGAGG,CASSttQGagGYTF,CASSTTQGAGGYTF,TRBV12-4,TRBJ1-2,CAMREPRGDSSYKLIF,Donor AJG2309:LP TCRab CD8ab TRM,1.000000,-,-,-,-,-,-,-,-,-,-,-

2126,single,1.0e+00,1,1,9.5e-07,1.0e+00,1.0e-03,1.0e+00,1.0e-03,9.5e-01,global-SLYRGLNDE,CASSLyRGlndEQYF,CASSLYRGLNDEQYF,TRBV28,TRBJ2-7,CAASMDGGSQGNLIF,Donor AJG2309:IEL TCRab CD8ab TRM,1.000000,-,-,-,-,-,-,-,-,-,-,-
2126,single,1.0e+00,1,1,9.5e-07,1.0e+00,1.0e-03,1.0e+00,1.0e-03,9.5e-01,global-SLYRGLNDE,CASSLyRGlndEQYF,CASSLYRGLNDEQYF,TRBV28,TRBJ2-7,CIVRVARDRGSTLGRLYF,Donor AJG2309:IEL TCRab CD8ab TRM,1.000000,-,-,-,-,-,-,-,-,-,-,-

2128,single,1.0e+00,1,1,2.6e-07,1.0e+00,1.0e-03,2.7e-01,1.0e-03,9.5e-01,global-SLPRTDSGNT,CASSLprtdSGNTIYF,CASSLPRTDSGNTIYF,TRBV3-1,TRBJ1-3,CPAPGGYNKLIF,Donor AJKQ118:L TCRab CD8ab TRM,1.000000,-,-,-,-,-,-,-,-,-,-,-
2128,single,1.0e+00,1,1,2.6e-07,1.0e+00,1.0e-03,2.7e-01,1.0e-03,9.5e-01,global-SLPRTDSGNT,CASSLprtdSGNTIYF,CASSLPRTDSGNTIYF,TRBV3-1,TRBJ1-3,CVVSDRRGTASKLTF,Donor AJKQ118:L TCRab CD8ab TRM,2.000000,-,-,-,-,-,-,-,-,-,-,-

2149,single,1.0e+00,1,1,1.1e-07,1.0e+00,1.0e-03,1.1e-01,1.0e-03,9.5e-01,global-ASPSGTGGLNE,CASaspsGTGGlNEQFF,CASASPSGTGGLNEQFF,TRBV18,TRBJ2-1,CVLMNTCFQKLVF,Donor AJD3280:L TCRab CD8ab Teff,1.000000,-,-,-,-,-,-,-,-,-,-,-
2149,single,1.0e+00,1,1,1.1e-07,1.0e+00,1.0e-03,1.1e-01,1.0e-03,9.5e-01,global-ASPSGTGGLNE,CASaspsGTGGlNEQFF,CASASPSGTGGLNEQFF,TRBV18,TRBJ2-1,CVLMNTGFQKLVF,Donor AJD3280:L TCRab CD8ab Teff,2.000000,-,-,-,-,-,-,-,-,-,-,-
2149,single,1.0e+00,1,1,1.1e-07,1.0e+00,1.0e-03,1.1e-01,1.0e-03,9.5e-01,global-ASPSGTGGLNE,CASaspsGTGGlNEQFF,CASASPSGTGGLNEQFF,TRBV18,TRBJ2-1,CVLMNTGFQKLVF,Donor AJD3280:PB TCRab CD8ab Teff,4.000000,-,-,-,-,-,-,-,-,-,-,-

2153,single,1.0e+00,1,1,1.8e-08,1.0e+00,1.0e-03,1.9e-02,1.0e-03,9.5e-01,global-SLEGQGGQP,CASSLeGQGgQPQHF,CASSLEGQGGQPQHF,TRBV5-1,TRBJ1-5,CAVKAQAGSARQLTF,Donor AJKQ118:IEL TCRab CD8ab TRM,14.000000,-,-,-,-,-,-,-,-,-,-,-
2153,single,1.0e+00,1,1,1.8e-08,1.0e+00,1.0e-03,1.9e-02,1.0e-03,9.5e-01,global-SLEGQGGQP,CASSLeGQGgQPQHF,CASSLEGQGGQPQHF,TRBV5-1,TRBJ1-5,CAVKAQAGSARQLTF,Donor AJKQ118:L TCRab CD8ab TRM,1.000000,-,-,-,-,-,-,-,-,-,-,-
2153,single,1.0e+00,1,1,1.8e-08,1.0e+00,1.0e-03,1.9e-02,1.0e-03,9.5e-01,global-SLEGQGGQP,CASSLeGQGgQPQHF,CASSLEGQGGQPQHF,TRBV5-1,TRBJ1-5,CAVKAQAGSARQLTF,Donor AJKQ118:LP TCRab CD8ab TEM,2.000000,-,-,-,-,-,-,-,-,-,-,-

2155,single,1.0e+00,1,1,8.4e-08,1.0e+00,1.0e-03,8.8e-02,1.0e-03,9.5e-01,global-RDRGYET,CATrDRGyETQYF,CATRDRGYETQYF,TRBV24-1,TRBJ2-5,CAVEAREYGNKLVF,Donor AJG2309:L TCRab CD8ab Teff,4.000000,-,-,-,-,-,-,-,-,-,-,-
2155,single,1.0e+00,1,1,8.4e-08,1.0e+00,1.0e-03,8.8e-02,1.0e-03,9.5e-01,global-RDRGYET,CATrDRGyETQYF,CATRDRGYETQYF,TRBV24-1,TRBJ2-5,CAVEAREYGNKLVF,Donor AJG2309:LP TCRab CD8ab TRM,1.000000,-,-,-,-,-,-,-,-,-,-,-

2181,single,1.0e+00,1,1,2.7e-07,1.0e+00,1.0e-03,2.8e-01,1.0e-03,9.5e-01,global-RADRGLDTE,CSARaDRGldTEAFF,CSARADRGLDTEAFF,TRBV20-1,TRBJ1-1,CAMTPNSGGYQKVTF,Donor AJG2309:LP TCRab CD8ab TEM,2.000000,-,-,-,-,-,-,-,-,-,-,-
2181,single,1.0e+00,1,1,2.7e-07,1.0e+00,1.0e-03,2.8e-01,1.0e-03,9.5e-01,global-RADRGLDTE,CSARaDRGldTEAFF,CSARADRGLDTEAFF,TRBV20-1,TRBJ1-1,CAMTPNSGGYQKVTF,Donor AJG2309:LP TCRab CD8ab TRM,1.000000,-,-,-,-,-,-,-,-,-,-,-

2186,single,1.0e+00,1,1,2.6e-07,1.0e+00,1.0e-03,2.7e-01,1.0e-03,9.5e-01,global-TEHTTDT,CATtehtTDTQYF,CATTEHTTDTQYF,TRBV12-4,TRBJ2-3,CAVGMEYGNKLVF,Donor AJD3280:L TCRab CD8ab Teff,1.000000,-,-,-,-,-,-,-,-,-,-,-
2186,single,1.0e+00,1,1,2.6e-07,1.0e+00,1.0e-03,2.7e-01,1.0e-03,9.5e-01,global-TEHTTDT,CATtehtTDTQYF,CATTEHTTDTQYF,TRBV12-4,TRBJ2-3,CAVGMEYGNKLVF,Donor AJD3280:PB TCRab CD8ab Teff,2.000000,-,-,-,-,-,-,-,-,-,-,-

2189,single,1.0e+00,1,1,7.6e-09,1.0e+00,1.0e-03,8.0e-03,1.0e-03,9.5e-01,global-SLDDLTDT,CASSLddlTDTQYF,CASSLDDLTDTQYF,TRBV5-1,TRBJ2-3,CAENKRNAGNMLTF,Donor AJD3280:L TCRab CD8ab TRM,3.000000,-,-,-,-,-,-,-,-,-,-,-
2189,single,1.0e+00,1,1,7.6e-09,1.0e+00,1.0e-03,8.0e-03,1.0e-03,9.5e-01,global-SLDDLTDT,CASSLddlTDTQYF,CASSLDDLTDTQYF,TRBV5-1,TRBJ2-3,CAENKRNAGNMLTF,Donor AJD3280:L TCRab CD8ab Teff,4.000000,-,-,-,-,-,-,-,-,-,-,-
2189,single,1.0e+00,1,1,7.6e-09,1.0e+00,1.0e-03,8.0e-03,1.0e-03,9.5e-01,global-SLDDLTDT,CASSLddlTDTQYF,CASSLDDLTDTQYF,TRBV5-1,TRBJ2-3,CALSAGGTSYGKLTF,Donor AJD3280:L TCRab CD8ab Teff,5.000000,-,-,-,-,-,-,-,-,-,-,-
2189,single,1.0e+00,1,1,7.6e-09,1.0e+00,1.0e-03,8.0e-03,1.0e-03,9.5e-01,global-SLDDLTDT,CASSLddlTDTQYF,CASSLDDLTDTQYF,TRBV5-1,TRBJ2-3,CALSAGGTSYGKLTF,Donor AJD3280:LP TCRab CD8ab TCM,1.000000,-,-,-,-,-,-,-,-,-,-,-
2189,single,1.0e+00,1,1,7.6e-09,1.0e+00,1.0e-03,8.0e-03,1.0e-03,9.5e-01,global-SLDDLTDT,CASSLddlTDTQYF,CASSLDDLTDTQYF,TRBV5-1,TRBJ2-3,CAENKRNAGNMLTF,Donor AJD3280:PB TCRab CD8ab Teff,10.000000,-,-,-,-,-,-,-,-,-,-,-
2189,single,1.0e+00,1,1,7.6e-09,1.0e+00,1.0e-03,8.0e-03,1.0e-03,9.5e-01,global-SLDDLTDT,CASSLddlTDTQYF,CASSLDDLTDTQYF,TRBV5-1,TRBJ2-3,CALSAGGTSYGKLTF,Donor AJD3280:PB TCRab CD8ab Teff,6.000000,-,-,-,-,-,-,-,-,-,-,-

2201,single,1.0e+00,1,1,5.4e-08,1.0e+00,1.0e-03,5.7e-02,1.0e-03,9.5e-01,global-SEGGTSMET,CATSegGTSmETQYF,CATSEGGTSMETQYF,TRBV24-1,TRBJ2-5,CAESITTGRRALTF,Donor AJD3280:L TCRab CD8ab Teff,4.000000,-,-,-,-,-,-,-,-,-,-,-
2201,single,1.0e+00,1,1,5.4e-08,1.0e+00,1.0e-03,5.7e-02,1.0e-03,9.5e-01,global-SEGGTSMET,CATSegGTSmETQYF,CATSEGGTSMETQYF,TRBV24-1,TRBJ2-5,CAESITTGRRALTF,Donor AJD3280:PB TCRab CD8ab Teff,2.000000,-,-,-,-,-,-,-,-,-,-,-

2209,single,1.0e+00,1,1,9.5e-07,1.0e+00,1.0e-03,1.0e+00,1.0e-03,9.5e-01,global-SWDLGAANYG,CASSwdlgaaNYGYTF,CASSWDLGAANYGYTF,TRBV6-2,TRBJ1-2,CAASPANQAGTALIF,Donor AJKQ118:L TCRab CD8ab Teff,1.000000,-,-,-,-,-,-,-,-,-,-,-
2209,single,1.0e+00,1,1,9.5e-07,1.0e+00,1.0e-03,1.0e+00,1.0e-03,9.5e-01,global-SWDLGAANYG,CASSwdlgaaNYGYTF,CASSWDLGAANYGYTF,TRBV6-2,TRBJ1-2,CAASPANQAGTALIF,Donor AJKQ118:PB TCRab CD8ab Teff,1.000000,-,-,-,-,-,-,-,-,-,-,-

2222,single,1.0e+00,1,1,9.5e-07,1.0e+00,1.0e-03,1.0e+00,1.0e-03,9.5e-01,global-QGIAGTGANV,CSAQGiagtGANVLTF,CSAQGIAGTGANVLTF,TRBV20-1,TRBJ2-6,CAVNANYGGSQGNLIF,Donor AJKQ118:IEL TCRab CD8ab TRM,1.000000,-,-,-,-,-,-,-,-,-,-,-
2222,single,1.0e+00,1,1,9.5e-07,1.0e+00,1.0e-03,1.0e+00,1.0e-03,9.5e-01,global-QGIAGTGANV,CSAQGiagtGANVLTF,CSAQGIAGTGANVLTF,TRBV20-1,TRBJ2-6,CAVNANYGGSQGNLIF,Donor AJKQ118:L TCRab CD8ab TRM,1.000000,-,-,-,-,-,-,-,-,-,-,-

2231,single,1.0e+00,1,1,9.5e-07,1.0e+00,1.0e-03,1.0e+00,1.0e-03,9.5e-01,global-SSAGTGYQP,CASSSaGTGyQPQHF,CASSSAGTGYQPQHF,TRBV6-6,TRBJ1-5,CAARIITGANNLFF,Donor AJG2309:IEL TCRab CD8ab TRM,1.000000,-,-,-,-,-,-,-,-,-,-,-
2231,single,1.0e+00,1,1,9.5e-07,1.0e+00,1.0e-03,1.0e+00,1.0e-03,9.5e-01,global-SSAGTGYQP,CASSSaGTGyQPQHF,CASSSAGTGYQPQHF,TRBV6-6,TRBJ1-5,CAEPSGNTPLVF,Donor AJG2309:LP TCRab CD8ab TEM,1.000000,-,-,-,-,-,-,-,-,-,-,-
2231,single,1.0e+00,1,1,9.5e-07,1.0e+00,1.0e-03,1.0e+00,1.0e-03,9.5e-01,global-SSAGTGYQP,CASSSaGTGyQPQHF,CASSSAGTGYQPQHF,TRBV6-6,TRBJ1-5,CAARIITGANNLFF,Donor AJG2309:LP TCRab CD8ab TRM,1.000000,-,-,-,-,-,-,-,-,-,-,-

2234,single,1.0e+00,1,1,2.6e-07,1.0e+00,1.0e-03,2.7e-01,1.0e-03,9.5e-01,global-REVIAGGYE,CSAReviAGGYEQYF,CSAREVIAGGYEQYF,TRBV20-1,TRBJ2-7,CAVGAENTDKLIF,Donor AJG2309:IEL TCRab CD8ab TRM,2.000000,-,-,-,-,-,-,-,-,-,-,-
2234,single,1.0e+00,1,1,2.6e-07,1.0e+00,1.0e-03,2.7e-01,1.0e-03,9.5e-01,global-REVIAGGYE,CSAReviAGGYEQYF,CSAREVIAGGYEQYF,TRBV20-1,TRBJ2-7,CAVGAENTDKLIF,Donor AJG2309:LP TCRab CD8ab TEM,1.000000,-,-,-,-,-,-,-,-,-,-,-

2267,single,1.0e+00,1,1,2.9e-08,1.0e+00,1.0e-03,3.0e-02,1.0e-03,9.5e-01,global-SQFWTGGPYE,CASSQfwTGGpYEQYF,CASSQFWTGGPYEQYF,TRBV4-2,TRBJ2-7,CAYNFNKFYF,Donor AJD3280:IEL TCRab CD8ab TRM,8.000000,-,-,-,-,-,-,-,-,-,-,-
2267,single,1.0e+00,1,1,2.9e-08,1.0e+00,1.0e-03,3.0e-02,1.0e-03,9.5e-01,global-SQFWTGGPYE,CASSQfwTGGpYEQYF,CASSQFWTGGPYEQYF,TRBV4-2,TRBJ2-7,CAYNFNKFYF,Donor AJD3280:LP TCRab CD8ab TRM,1.000000,-,-,-,-,-,-,-,-,-,-,-

2271,single,1.0e+00,1,1,8.1e-08,1.0e+00,1.0e-03,8.5e-02,1.0e-03,9.5e-01,global-SLARGQNYG,CASSLaRGqNYGYTF,CASSLARGQNYGYTF,TRBV12-4,TRBJ1-2,CAVYSGQNFVF,Donor AJKQ118:IEL TCRab CD8ab TRM,2.000000,-,-,-,-,-,-,-,-,-,-,-
2271,single,1.0e+00,1,1,8.1e-08,1.0e+00,1.0e-03,8.5e-02,1.0e-03,9.5e-01,global-SLARGQNYG,CASSLaRGqNYGYTF,CASSLARGQNYGYTF,TRBV12-4,TRBJ1-2,CAVYSGQNFVF,Donor AJKQ118:L TCRab CD8ab TRM,3.000000,-,-,-,-,-,-,-,-,-,-,-

2279,single,1.0e+00,1,1,9.5e-07,1.0e+00,1.0e-03,1.0e+00,1.0e-03,9.5e-01,global-SMVSMDT,CASSmvsmDTQYF,CASSMVSMDTQYF,TRBV19,TRBJ2-3,CAGPGGRLHGGSQGNLIF,Donor AJKQ118:IEL TCRab CD8ab TRM,1.000000,-,-,-,-,-,-,-,-,-,-,-
2279,single,1.0e+00,1,1,9.5e-07,1.0e+00,1.0e-03,1.0e+00,1.0e-03,9.5e-01,global-SMVSMDT,CASSmvsmDTQYF,CASSMVSMDTQYF,TRBV19,TRBJ2-3,CAGPGGRLHGGSQGNLIF,Donor AJKQ118:L TCRab CD8ab TRM,1.000000,-,-,-,-,-,-,-,-,-,-,-
2279,single,1.0e+00,1,1,9.5e-07,1.0e+00,1.0e-03,1.0e+00,1.0e-03,9.5e-01,global-SMVSMDT,CASSmvsmDTQYF,CASSMVSMDTQYF,TRBV19,TRBJ2-3,CAGPGGRLHGGSQGNLIF,Donor AJKQ118:LP TCRab CD8ab TRM,1.000000,-,-,-,-,-,-,-,-,-,-,-

2286,single,1.0e+00,1,1,1.3e-07,1.0e+00,1.0e-03,1.4e-01,1.0e-03,9.5e-01,global-SYWTGYNTGE,CASSYwTGyNTGELFF,CASSYWTGYNTGELFF,TRBV6-5,TRBJ2-2,CAVEDRENTGFQKLVF,Donor AJG2309:IEL TCRab CD8ab TRM,3.000000,-,-,-,-,-,-,-,-,-,-,-
2286,single,1.0e+00,1,1,1.3e-07,1.0e+00,1.0e-03,1.4e-01,1.0e-03,9.5e-01,global-SYWTGYNTGE,CASSYwTGyNTGELFF,CASSYWTGYNTGELFF,TRBV6-5,TRBJ2-2,CAGQKAGAGSYQLTF,Donor AJG2309:IEL TCRab CD8ab TRM,1.000000,-,-,-,-,-,-,-,-,-,-,-

2289,single,1.0e+00,1,1,3.1e-08,1.0e+00,1.0e-03,3.2e-02,1.0e-03,9.5e-01,global-SQIFGTGTNQP,CASSQifGTGtNQPQHF,CASSQIFGTGTNQPQHF,TRBV4-3,TRBJ1-5,CAMREARNNNNDMRF,Donor AJG2309:IEL TCRab CD8ab TRM,6.000000,-,-,-,-,-,-,-,-,-,-,-
2289,single,1.0e+00,1,1,3.1e-08,1.0e+00,1.0e-03,3.2e-02,1.0e-03,9.5e-01,global-SQIFGTGTNQP,CASSQifGTGtNQPQHF,CASSQIFGTGTNQPQHF,TRBV4-3,TRBJ1-5,CAMREARNNNNDMRF,Donor AJG2309:LP TCRab CD8ab TRM,5.000000,-,-,-,-,-,-,-,-,-,-,-

2300,single,1.0e+00,1,1,9.5e-07,1.0e+00,1.0e-03,1.0e+00,1.0e-03,9.5e-01,global-SVMDE,CASSVmdEQFF,CASSVMDEQFF,TRBV7-8,TRBJ2-1,CATDALYTQFYF,Donor AJG2309:IEL TCRab CD8ab TRM,1.000000,-,-,-,-,-,-,-,-,-,-,-
2300,single,1.0e+00,1,1,9.5e-07,1.0e+00,1.0e-03,1.0e+00,1.0e-03,9.5e-01,global-SVMDE,CASSVmdEQFF,CASSVMDEQFF,TRBV7-8,TRBJ2-1,CATDALYTQFYF,Donor AJG2309:LP TCRab CD8ab TRM,1.000000,-,-,-,-,-,-,-,-,-,-,-

2312,single,1.0e+00,1,1,5.7e-09,1.0e+00,1.0e-03,6.0e-03,1.0e-03,9.5e-01,global-SPRGRAADT,CASSPRGraaDTQYF,CASSPRGRAADTQYF,TRBV7-3,TRBJ2-3,CAVSRGWRSGGSNYKLTF,Donor AJKQ118:L TCRab CD8ab TRM,4.000000,-,-,-,-,-,-,-,-,-,-,-
2312,single,1.0e+00,1,1,5.7e-09,1.0e+00,1.0e-03,6.0e-03,1.0e-03,9.5e-01,global-SPRGRAADT,CASSPRGraaDTQYF,CASSPRGRAADTQYF,TRBV7-3,TRBJ2-3,CAVSRGWRSGGSNYKLTF,Donor AJKQ118:L TCRab CD8ab Teff,3.000000,-,-,-,-,-,-,-,-,-,-,-
2312,single,1.0e+00,1,1,5.7e-09,1.0e+00,1.0e-03,6.0e-03,1.0e-03,9.5e-01,global-SPRGRAADT,CASSPRGraaDTQYF,CASSPRGRAADTQYF,TRBV7-3,TRBJ2-3,CAVSRGWRSGGSNYKLTF,Donor AJKQ118:PB TCRab CD8ab Teff,11.000000,-,-,-,-,-,-,-,-,-,-,-

2315,single,1.0e+00,1,1,5.9e-08,1.0e+00,1.0e-03,6.2e-02,1.0e-03,9.5e-01,global-SYFLGANE,CASSYflganEQYF,CASSYFLGANEQYF,TRBV6-5,TRBJ2-7,CAVLRTGTASKLTF,Donor AJD3280:IEL TCRab CD8ab TRM,3.000000,-,-,-,-,-,-,-,-,-,-,-
2315,single,1.0e+00,1,1,5.9e-08,1.0e+00,1.0e-03,6.2e-02,1.0e-03,9.5e-01,global-SYFLGANE,CASSYflganEQYF,CASSYFLGANEQYF,TRBV6-5,TRBJ2-7,CAESFNAGNNRKLIW,Donor AJD3280:IEL TCRab CD8ab TRM,3.000000,-,-,-,-,-,-,-,-,-,-,-

2323,single,1.0e+00,1,1,9.5e-07,1.0e+00,1.0e-03,1.0e+00,1.0e-03,9.5e-01,global-SALRGSNQP,CASSalRGSNQPQHF,CASSALRGSNQPQHF,TRBV7-8,TRBJ1-5,CVVNDYKLSF,Donor AJD3280:IEL TCRab CD8ab TRM,1.000000,-,-,-,-,-,-,-,-,-,-,-
2323,single,1.0e+00,1,1,9.5e-07,1.0e+00,1.0e-03,1.0e+00,1.0e-03,9.5e-01,global-SALRGSNQP,CASSalRGSNQPQHF,CASSALRGSNQPQHF,TRBV7-8,TRBJ1-5,CVVNDYKLSF,Donor AJD3280:LP TCRab CD8ab TRM,1.000000,-,-,-,-,-,-,-,-,-,-,-

2324,single,1.0e+00,1,1,3.8e-07,1.0e+00,1.0e-03,4.0e-01,1.0e-03,9.5e-01,global-RAGTA,CASraGTafdF,CASRAGTAFDF,TRBV5-8,TRBJ2-3,CAFPGYSSASKIIF,Donor AJG2309:IEL TCRab CD8ab TRM,1.000000,-,-,-,-,-,-,-,-,-,-,-
2324,single,1.0e+00,1,1,3.8e-07,1.0e+00,1.0e-03,4.0e-01,1.0e-03,9.5e-01,global-RAGTA,CASraGTafdF,CASRAGTAFDF,TRBV5-8,TRBJ2-3,CALLTDSWGKFQF,Donor AJG2309:IEL TCRab CD8ab TRM,2.000000,-,-,-,-,-,-,-,-,-,-,-
2324,single,1.0e+00,1,1,3.8e-07,1.0e+00,1.0e-03,4.0e-01,1.0e-03,9.5e-01,global-RAGTA,CASraGTafdF,CASRAGTAFDF,TRBV5-8,TRBJ2-3,CAFPGYSSASKIIF,Donor AJG2309:LP TCRab CD8ab TRM,1.000000,-,-,-,-,-,-,-,-,-,-,-

2328,single,1.0e+00,1,1,3.3e-07,1.0e+00,1.0e-03,3.4e-01,1.0e-03,9.5e-01,global-SVAGTGFSP,CASSVaGTGfSPLHF,CASSVAGTGFSPLHF,TRBV9,TRBJ1-6,CAVRDRNNNARLMF,Donor AJG2309:IEL TCRab CD8ab TRM,1.000000,-,-,-,-,-,-,-,-,-,-,-
2328,single,1.0e+00,1,1,3.3e-07,1.0e+00,1.0e-03,3.4e-01,1.0e-03,9.5e-01,global-SVAGTGFSP,CASSVaGTGfSPLHF,CASSVAGTGFSPLHF,TRBV9,TRBJ1-6,CAVRDRNNNARLMF,Donor AJG2309:L TCRab CD8ab TRM,1.000000,-,-,-,-,-,-,-,-,-,-,-
2328,single,1.0e+00,1,1,3.3e-07,1.0e+00,1.0e-03,3.4e-01,1.0e-03,9.5e-01,global-SVAGTGFSP,CASSVaGTGfSPLHF,CASSVAGTGFSPLHF,TRBV9,TRBJ1-6,CAVRDRNNNARLMF,Donor AJG2309:LP TCRab CD8ab TEM,1.000000,-,-,-,-,-,-,-,-,-,-,-
2328,single,1.0e+00,1,1,3.3e-07,1.0e+00,1.0e-03,3.4e-01,1.0e-03,9.5e-01,global-SVAGTGFSP,CASSVaGTGfSPLHF,CASSVAGTGFSPLHF,TRBV9,TRBJ1-6,CAVRDRNNNARLMF,Donor AJG2309:PB TCRab CD8ab TEM,1.000000,-,-,-,-,-,-,-,-,-,-,-
2328,single,1.0e+00,1,1,3.3e-07,1.0e+00,1.0e-03,3.4e-01,1.0e-03,9.5e-01,global-SVAGTGFSP,CASSVaGTGfSPLHF,CASSVAGTGFSPLHF,TRBV9,TRBJ1-6,CAVRDRNNNARLMF,Donor AJG2309:PB TCRab CD8ab Teff,3.000000,-,-,-,-,-,-,-,-,-,-,-

2383,single,1.0e+00,1,1,9.5e-07,1.0e+00,1.0e-03,1.0e+00,1.0e-03,9.5e-01,global-SRTSEINE,CASSRTSeiNEQFF,CASSRTSEINEQFF,TRBV6-4,TRBJ2-1,CAVKKVRNQGGKLIF,Donor AJKQ118:L TCRab CD8ab TRM,1.000000,-,-,-,-,-,-,-,-,-,-,-
2383,single,1.0e+00,1,1,9.5e-07,1.0e+00,1.0e-03,1.0e+00,1.0e-03,9.5e-01,global-SRTSEINE,CASSRTSeiNEQFF,CASSRTSEINEQFF,TRBV6-4,TRBJ2-1,CAVKKVRNQGGKLIF,Donor AJKQ118:L TCRab CD8ab Teff,1.000000,-,-,-,-,-,-,-,-,-,-,-
2383,single,1.0e+00,1,1,9.5e-07,1.0e+00,1.0e-03,1.0e+00,1.0e-03,9.5e-01,global-SRTSEINE,CASSRTSeiNEQFF,CASSRTSEINEQFF,TRBV6-4,TRBJ2-1,CAVKKVRNQGGKLIF,Donor AJKQ118:LP TCRab CD8ab TEM,1.000000,-,-,-,-,-,-,-,-,-,-,-

2400,single,1.0e+00,1,1,9.5e-07,1.0e+00,1.0e-03,1.0e+00,1.0e-03,9.5e-01,global-SLGAGANE,CASSLgAGaNEQFF,CASSLGAGANEQFF,TRBV11-3,TRBJ2-1,CGTGYNTDKLIF,Donor AJD3280:IEL TCRab CD8ab TRM,1.000000,-,-,-,-,-,-,-,-,-,-,-
2400,single,1.0e+00,1,1,9.5e-07,1.0e+00,1.0e-03,1.0e+00,1.0e-03,9.5e-01,global-SLGAGANE,CASSLgAGaNEQFF,CASSLGAGANEQFF,TRBV11-3,TRBJ2-1,CGTGYNTDKLIF,Donor AJD3280:LP TCRab CD8ab TRM,1.000000,-,-,-,-,-,-,-,-,-,-,-

2437,single,1.0e+00,1,1,9.5e-07,1.0e+00,1.0e-03,1.0e+00,1.0e-03,9.5e-01,global-SVDRGRSQP,CASSVDRGrsQPQHF,CASSVDRGRSQPQHF,TRBV6-1,TRBJ1-5,CAVQKTMEYGNKLVF,Donor AJKQ118:L TCRab CD8ab Teff,1.000000,-,-,-,-,-,-,-,-,-,-,-
2437,single,1.0e+00,1,1,9.5e-07,1.0e+00,1.0e-03,1.0e+00,1.0e-03,9.5e-01,global-SVDRGRSQP,CASSVDRGrsQPQHF,CASSVDRGRSQPQHF,TRBV6-1,TRBJ1-5,CAVQKTMEYGNKLVF,Donor AJKQ118:PB TCRab CD8ab Teff,1.000000,-,-,-,-,-,-,-,-,-,-,-

2438,single,1.0e+00,1,1,1.1e-08,1.0e+00,1.0e-03,1.1e-02,1.0e-03,9.5e-01,global-RNG,CSARnGYTF,CSARNGYTF,TRBV20-1,TRBJ1-2,CAMRESRDSGAGSYQLTF,Donor AJKQ118:IEL TCRab CD8ab TRM,12.000000,-,-,-,-,-,-,-,-,-,-,-
2438,single,1.0e+00,1,1,1.1e-08,1.0e+00,1.0e-03,1.1e-02,1.0e-03,9.5e-01,global-RNG,CSARnGYTF,CSARNGYTF,TRBV20-1,TRBJ1-2,CAMRESRDSGAGSYQLTF,Donor AJKQ118:LP TCRab CD8ab TEM,1.000000,-,-,-,-,-,-,-,-,-,-,-

2440,single,1.0e+00,1,1,9.5e-07,1.0e+00,1.0e-03,1.0e+00,1.0e-03,9.5e-01,global-SPPGSGSRE,CASSPpgSGsrEQYF,CASSPPGSGSREQYF,TRBV13,TRBJ2-7,CADDYSSASKIIF,Donor AJKQ118:IEL TCRab CD8ab TRM,1.000000,-,-,-,-,-,-,-,-,-,-,-
2440,single,1.0e+00,1,1,9.5e-07,1.0e+00,1.0e-03,1.0e+00,1.0e-03,9.5e-01,global-SPPGSGSRE,CASSPpgSGsrEQYF,CASSPPGSGSREQYF,TRBV13,TRBJ2-7,CAVGGGNKLTF,Donor AJKQ118:L TCRab CD8ab Teff,1.000000,-,-,-,-,-,-,-,-,-,-,-
2440,single,1.0e+00,1,1,9.5e-07,1.0e+00,1.0e-03,1.0e+00,1.0e-03,9.5e-01,global-SPPGSGSRE,CASSPpgSGsrEQYF,CASSPPGSGSREQYF,TRBV13,TRBJ2-7,CAVGGGNKLTF,Donor AJKQ118:PB TCRab CD8ab Teff,1.000000,-,-,-,-,-,-,-,-,-,-,-

2449,single,1.0e+00,1,1,3.8e-07,1.0e+00,1.0e-03,4.0e-01,1.0e-03,9.5e-01,global-KDPGSGNQP,CSVkdpgSGNQPQHF,CSVKDPGSGNQPQHF,TRBV20-1,TRBJ1-5,CAVRDRRGFGNVLHC,Donor AJKQ118:IEL TCRab CD8ab TRM,2.000000,-,-,-,-,-,-,-,-,-,-,-
2449,single,1.0e+00,1,1,3.8e-07,1.0e+00,1.0e-03,4.0e-01,1.0e-03,9.5e-01,global-KDPGSGNQP,CSVkdpgSGNQPQHF,CSVKDPGSGNQPQHF,TRBV20-1,TRBJ1-5,CAYSNARLMF,Donor AJKQ118:IEL TCRab CD8ab TRM,1.000000,-,-,-,-,-,-,-,-,-,-,-
2449,single,1.0e+00,1,1,3.8e-07,1.0e+00,1.0e-03,4.0e-01,1.0e-03,9.5e-01,global-KDPGSGNQP,CSVkdpgSGNQPQHF,CSVKDPGSGNQPQHF,TRBV20-1,TRBJ1-5,CAVRDRRGFGNVLHC,Donor AJKQ118:LP TCRab CD8ab TEM,1.000000,-,-,-,-,-,-,-,-,-,-,-

2456,single,1.0e+00,1,1,9.5e-07,1.0e+00,1.0e-03,1.0e+00,1.0e-03,9.5e-01,global-SARTGNSP,CASSarTGNSPLHF,CASSARTGNSPLHF,TRBV19,TRBJ1-6,CAFMIRGGGADGLTF,Donor AJG2309:L TCRab CD8ab TRM,1.000000,-,-,-,-,-,-,-,-,-,-,-
2456,single,1.0e+00,1,1,9.5e-07,1.0e+00,1.0e-03,1.0e+00,1.0e-03,9.5e-01,global-SARTGNSP,CASSarTGNSPLHF,CASSARTGNSPLHF,TRBV19,TRBJ1-6,CAFMIRGGGADGLTF,Donor AJG2309:PB TCRab CD8ab Teff,1.000000,-,-,-,-,-,-,-,-,-,-,-

2460,single,1.0e+00,1,1,3.6e-08,1.0e+00,1.0e-03,3.8e-02,1.0e-03,9.5e-01,global-SLRLAGDTGE,CASSLrLAGdTGELFF,CASSLRLAGDTGELFF,TRBV7-6,TRBJ2-2,CAASAGSGTYKYIF,Donor AJG2309:IEL TCRab CD8ab TRM,5.000000,-,-,-,-,-,-,-,-,-,-,-
2460,single,1.0e+00,1,1,3.6e-08,1.0e+00,1.0e-03,3.8e-02,1.0e-03,9.5e-01,global-SLRLAGDTGE,CASSLrLAGdTGELFF,CASSLRLAGDTGELFF,TRBV7-6,TRBJ2-2,CVVSVGYGGATNKLIF,Donor AJG2309:IEL TCRab CD8ab TRM,3.000000,-,-,-,-,-,-,-,-,-,-,-

2466,single,1.0e+00,1,1,4.0e-07,1.0e+00,1.0e-03,4.2e-01,1.0e-03,9.5e-01,global-SYSLAYLE,CASSYsLAylEAFF,CASSYSLAYLEAFF,TRBV6-5,TRBJ1-1,CATVHNDMRF,Donor AJKQ118:IEL TCRab CD8ab TRM,1.000000,-,-,-,-,-,-,-,-,-,-,-
2466,single,1.0e+00,1,1,4.0e-07,1.0e+00,1.0e-03,4.2e-01,1.0e-03,9.5e-01,global-SYSLAYLE,CASSYsLAylEAFF,CASSYSLAYLEAFF,TRBV6-5,TRBJ1-1,CATVHNDMRF,Donor AJKQ118:L TCRab CD8ab Teff,2.000000,-,-,-,-,-,-,-,-,-,-,-
2466,single,1.0e+00,1,1,4.0e-07,1.0e+00,1.0e-03,4.2e-01,1.0e-03,9.5e-01,global-SYSLAYLE,CASSYsLAylEAFF,CASSYSLAYLEAFF,TRBV6-5,TRBJ1-1,CATVHNDMRF,Donor AJKQ118:LP TCRab CD8ab TEM,1.000000,-,-,-,-,-,-,-,-,-,-,-

2468,single,1.0e+00,1,1,1.3e-08,1.0e+00,1.0e-03,1.4e-02,1.0e-03,9.5e-01,global-SLVVGVLHYE,CASSLvvgvlhYEQYF,CASSLVVGVLHYEQYF,TRBV11-2,TRBJ2-7,CATGELKLTF,Donor AJKQ118:L TCRab CD8ab Naive/TCM,2.000000,-,-,-,-,-,-,-,-,-,-,-
2468,single,1.0e+00,1,1,1.3e-08,1.0e+00,1.0e-03,1.4e-02,1.0e-03,9.5e-01,global-SLVVGVLHYE,CASSLvvgvlhYEQYF,CASSLVVGVLHYEQYF,TRBV11-2,TRBJ2-7,CATGELKLTF,Donor AJKQ118:L TCRab CD8ab TRM,10.000000,-,-,-,-,-,-,-,-,-,-,-

2471,single,1.0e+00,1,1,9.5e-07,1.0e+00,1.0e-03,1.0e+00,1.0e-03,9.5e-01,global-SQVKAGVLETGE,CASSQvkAGvleTGELFF,CASSQVKAGVLETGELFF,TRBV4-1,TRBJ2-2,CAVGGGATNKLIF,Donor AJKQ118:L TCRab CD8ab Naive/TCM,1.000000,-,-,-,-,-,-,-,-,-,-,-
2471,single,1.0e+00,1,1,9.5e-07,1.0e+00,1.0e-03,1.0e+00,1.0e-03,9.5e-01,global-SQVKAGVLETGE,CASSQvkAGvleTGELFF,CASSQVKAGVLETGELFF,TRBV4-1,TRBJ2-2,CAVRGQNFVF,Donor AJKQ118:L TCRab CD8ab TRM,1.000000,-,-,-,-,-,-,-,-,-,-,-

2483,single,1.0e+00,1,1,3.6e-08,1.0e+00,1.0e-03,3.8e-02,1.0e-03,9.5e-01,global-SGDRTFYG,CASSgDRtfYGYTF,CASSGDRTFYGYTF,TRBV6-2,TRBJ1-2,CALSELLLNFGNEKLTF,Donor AJG2309:IEL TCRab CD8ab TRM,4.000000,-,-,-,-,-,-,-,-,-,-,-
2483,single,1.0e+00,1,1,3.6e-08,1.0e+00,1.0e-03,3.8e-02,1.0e-03,9.5e-01,global-SGDRTFYG,CASSgDRtfYGYTF,CASSGDRTFYGYTF,TRBV6-2,TRBJ1-2,CALSELLLNFGNEKLTF,Donor AJG2309:LP TCRab CD8ab TRM,4.000000,-,-,-,-,-,-,-,-,-,-,-

2489,single,1.0e+00,1,1,9.5e-07,1.0e+00,1.0e-03,1.0e+00,1.0e-03,9.5e-01,global-REGNSP,CASREgNSPLHF,CASREGNSPLHF,TRBV19,TRBJ1-6,CATDEFRARLMF,Donor AJG2309:IEL TCRab CD8ab TRM,1.000000,-,-,-,-,-,-,-,-,-,-,-
2489,single,1.0e+00,1,1,9.5e-07,1.0e+00,1.0e-03,1.0e+00,1.0e-03,9.5e-01,global-REGNSP,CASREgNSPLHF,CASREGNSPLHF,TRBV19,TRBJ1-6,CATDEFRARLMF,Donor AJG2309:LP TCRab CD8ab TRM,1.000000,-,-,-,-,-,-,-,-,-,-,-

2499,single,1.0e+00,1,1,9.5e-07,1.0e+00,1.0e-03,1.0e+00,1.0e-03,9.5e-01,global-SLNGLNE,CASSLnGLNEQFF,CASSLNGLNEQFF,TRBV7-3,TRBJ2-1,CAASEGNEKLTF,Donor AJG2309:L TCRab CD8ab TRM,1.000000,-,-,-,-,-,-,-,-,-,-,-
2499,single,1.0e+00,1,1,9.5e-07,1.0e+00,1.0e-03,1.0e+00,1.0e-03,9.5e-01,global-SLNGLNE,CASSLnGLNEQFF,CASSLNGLNEQFF,TRBV7-3,TRBJ2-1,CAASEGNEKLTF,Donor AJG2309:LP TCRab CD8ab TEM,1.000000,-,-,-,-,-,-,-,-,-,-,-
2499,single,1.0e+00,1,1,9.5e-07,1.0e+00,1.0e-03,1.0e+00,1.0e-03,9.5e-01,global-SLNGLNE,CASSLnGLNEQFF,CASSLNGLNEQFF,TRBV7-3,TRBJ2-1,CAATPLPGSARQLTF,Donor AJG2309:LP TCRab CD8ab TEM,1.000000,-,-,-,-,-,-,-,-,-,-,-

2512,single,1.0e+00,2,1,2.0e-07,1.0e+00,6.0e-03,3.5e-02,1.0e-03,9.5e-01,global-SLPNYE,CASSLpnYEQYF,CASSLPNYEQYF,TRBV11-2,TRBJ2-7,CVDNTNAGKSTF,Donor AJD3280:IEL TCRab CD8ab TRM,1.000000,-,-,-,-,-,-,-,-,-,-,-
2512,single,1.0e+00,2,1,2.0e-07,1.0e+00,6.0e-03,3.5e-02,1.0e-03,9.5e-01,global-SLPNYE,CASSLpnYEQYF,CASSLPNYEQYF,TRBV28,TRBJ2-7,CAYRITGNQFYF,Donor AJKQ118:IEL TCRab CD8ab TRM,9.000000,-,-,-,-,-,-,-,-,-,-,-
2512,single,1.0e+00,2,1,2.0e-07,1.0e+00,6.0e-03,3.5e-02,1.0e-03,9.5e-01,global-SLPNYE,CASSLpnYEQYF,CASSLPNYEQYF,TRBV28,TRBJ2-7,CAYRITGNQFYF,Donor AJKQ118:L TCRab CD8ab Naive/TCM,1.000000,-,-,-,-,-,-,-,-,-,-,-
2512,single,1.0e+00,2,1,2.0e-07,1.0e+00,6.0e-03,3.5e-02,1.0e-03,9.5e-01,global-SLPNYE,CASSLpnYEQYF,CASSLPNYEQYF,TRBV28,TRBJ2-7,CAYRITGNQFYF,Donor AJKQ118:L TCRab CD8ab TRM,5.000000,-,-,-,-,-,-,-,-,-,-,-

2534,single,1.0e+00,1,1,2.8e-07,1.0e+00,1.0e-03,3.0e-01,1.0e-03,9.5e-01,global-SLSSAAGE,CASSLssaaGELFF,CASSLSSAAGELFF,TRBV28,TRBJ2-2,CAVGDNFNKFYF,Donor AJG2309:IEL TCRab CD8ab TRM,1.000000,-,-,-,-,-,-,-,-,-,-,-
2534,single,1.0e+00,1,1,2.8e-07,1.0e+00,1.0e-03,3.0e-01,1.0e-03,9.5e-01,global-SLSSAAGE,CASSLssaaGELFF,CASSLSSAAGELFF,TRBV28,TRBJ2-2,CAVGDNFNKFYF,Donor AJG2309:LP TCRab CD8ab TEM,2.000000,-,-,-,-,-,-,-,-,-,-,-

2541,single,1.0e+00,1,1,6.7e-08,1.0e+00,1.0e-03,7.0e-02,1.0e-03,9.5e-01,global-SPDTYE,CASSPdtYEQYF,CASSPDTYEQYF,TRBV3-1,TRBJ2-7,CASHSNSGYALNF,Donor AJD3280:IEL TCRab CD8ab TRM,4.000000,-,-,-,-,-,-,-,-,-,-,-
2541,single,1.0e+00,1,1,6.7e-08,1.0e+00,1.0e-03,7.0e-02,1.0e-03,9.5e-01,global-SPDTYE,CASSPdtYEQYF,CASSPDTYEQYF,TRBV3-1,TRBJ2-7,CASHSNSGYALNF,Donor AJD3280:LP TCRab CD8ab TRM,2.000000,-,-,-,-,-,-,-,-,-,-,-

2548,single,1.0e+00,1,1,9.5e-07,1.0e+00,1.0e-03,1.0e+00,1.0e-03,9.5e-01,global-SFSLDPSYE,CASSfsldpSYEQYF,CASSFSLDPSYEQYF,TRBV7-9,TRBJ2-7,CVVRSGGYNKLIF,Donor AJD3280:IEL TCRab CD8ab TRM,1.000000,-,-,-,-,-,-,-,-,-,-,-
2548,single,1.0e+00,1,1,9.5e-07,1.0e+00,1.0e-03,1.0e+00,1.0e-03,9.5e-01,global-SFSLDPSYE,CASSfsldpSYEQYF,CASSFSLDPSYEQYF,TRBV7-9,TRBJ2-7,CVVRSGGYNKLIF,Donor AJD3280:PB TCRab CD8ab Teff,1.000000,-,-,-,-,-,-,-,-,-,-,-

2551,single,1.0e+00,1,1,9.5e-07,1.0e+00,1.0e-03,1.0e+00,1.0e-03,9.5e-01,global-SEISGGADT,CASSEiSGGaDTQYF,CASSEISGGADTQYF,TRBV6-1,TRBJ2-3,CAVRDSNYQLIW,Donor AJD3280:L TCRab CD8ab MAIT,1.000000,-,-,-,-,-,-,-,-,-,-,-
2551,single,1.0e+00,1,1,9.5e-07,1.0e+00,1.0e-03,1.0e+00,1.0e-03,9.5e-01,global-SEISGGADT,CASSEiSGGaDTQYF,CASSEISGGADTQYF,TRBV6-1,TRBJ2-3,CAVRDSNYQLIW,Donor AJD3280:L TCRab CD8ab TRM,1.000000,-,-,-,-,-,-,-,-,-,-,-

2553,single,1.0e+00,1,1,9.5e-07,1.0e+00,1.0e-03,1.0e+00,1.0e-03,9.5e-01,global-SSQGKMDTGE,CASSSQGkmdTGELFF,CASSSQGKMDTGELFF,TRBV5-6,TRBJ2-2,CGTENTGNQFYF,Donor AJG2309:IEL TCRab CD8ab TRM,1.000000,-,-,-,-,-,-,-,-,-,-,-
2553,single,1.0e+00,1,1,9.5e-07,1.0e+00,1.0e-03,1.0e+00,1.0e-03,9.5e-01,global-SSQGKMDTGE,CASSSQGkmdTGELFF,CASSSQGKMDTGELFF,TRBV5-6,TRBJ2-2,CGTENTGNQFYF,Donor AJG2309:LP TCRab CD8ab TRM,1.000000,-,-,-,-,-,-,-,-,-,-,-

2584,single,1.0e+00,1,1,2.9e-07,1.0e+00,1.0e-03,3.0e-01,1.0e-03,9.5e-01,global-SHYDRGANYG,CASShyDRGaNYGYTF,CASSHYDRGANYGYTF,TRBV5-4,TRBJ1-2,CAASFQGGSEKLVF,Donor AJG2309:IEL TCRab CD8ab TRM,2.000000,-,-,-,-,-,-,-,-,-,-,-
2584,single,1.0e+00,1,1,2.9e-07,1.0e+00,1.0e-03,3.0e-01,1.0e-03,9.5e-01,global-SHYDRGANYG,CASShyDRGaNYGYTF,CASSHYDRGANYGYTF,TRBV5-4,TRBJ1-2,CAASFQGGSEKLVF,Donor AJG2309:LP TCRab CD8ab TRM,1.000000,-,-,-,-,-,-,-,-,-,-,-

2595,single,1.0e+00,1,1,1.0e-07,1.0e+00,1.0e-03,1.1e-01,1.0e-03,9.5e-01,global-SSDFDE,CASSSdfdEQYF,CASSSDFDEQYF,TRBV5-4,TRBJ2-7,CAVNMWAGGTSYGKLTF,Donor AJD3280:L TCRab CD8ab TRM,1.000000,-,-,-,-,-,-,-,-,-,-,-
2595,single,1.0e+00,1,1,1.0e-07,1.0e+00,1.0e-03,1.1e-01,1.0e-03,9.5e-01,global-SSDFDE,CASSSdfdEQYF,CASSSDFDEQYF,TRBV5-4,TRBJ2-7,CAVGFYNFNKFYF,Donor AJD3280:L TCRab CD8ab TRM,4.000000,-,-,-,-,-,-,-,-,-,-,-
2595,single,1.0e+00,1,1,1.0e-07,1.0e+00,1.0e-03,1.1e-01,1.0e-03,9.5e-01,global-SSDFDE,CASSSdfdEQYF,CASSSDFDEQYF,TRBV5-4,TRBJ2-7,CAVNMWAGGTSYGKLTF,Donor AJD3280:L TCRab CD8ab Teff,1.000000,-,-,-,-,-,-,-,-,-,-,-
2595,single,1.0e+00,1,1,1.0e-07,1.0e+00,1.0e-03,1.1e-01,1.0e-03,9.5e-01,global-SSDFDE,CASSSdfdEQYF,CASSSDFDEQYF,TRBV5-4,TRBJ2-7,CAVGFYNFNKFYF,Donor AJD3280:L TCRab CD8ab Teff,2.000000,-,-,-,-,-,-,-,-,-,-,-
2595,single,1.0e+00,1,1,1.0e-07,1.0e+00,1.0e-03,1.1e-01,1.0e-03,9.5e-01,global-SSDFDE,CASSSdfdEQYF,CASSSDFDEQYF,TRBV5-4,TRBJ2-7,CAVNMWAGGTSYGKLTF,Donor AJD3280:PB TCRab CD8ab Teff,3.000000,-,-,-,-,-,-,-,-,-,-,-

2608,single,1.0e+00,1,1,2.7e-07,1.0e+00,1.0e-03,2.8e-01,1.0e-03,9.5e-01,global-SYGPSAGANV,CASSYgpsaGANVLTF,CASSYGPSAGANVLTF,TRBV6-2,TRBJ2-6,CAVRDNYGQNFVF,Donor AJG2309:IEL TCRab CD8ab TRM,1.000000,-,-,-,-,-,-,-,-,-,-,-
2608,single,1.0e+00,1,1,2.7e-07,1.0e+00,1.0e-03,2.8e-01,1.0e-03,9.5e-01,global-SYGPSAGANV,CASSYgpsaGANVLTF,CASSYGPSAGANVLTF,TRBV6-2,TRBJ2-6,CAVRDNYGQNFVF,Donor AJG2309:IEL TCRab CD8ab TRM,2.000000,-,-,-,-,-,-,-,-,-,-,-

2633,single,1.0e+00,1,1,9.5e-07,1.0e+00,1.0e-03,1.0e+00,1.0e-03,9.5e-01,global-SQTSGSRE,CASSQTSGsrEQYF,CASSQTSGSREQYF,TRBV4-3,TRBJ2-7,CAALDRGSTLGRLYF,Donor AJKQ118:IEL TCRab CD8ab TRM,1.000000,-,-,-,-,-,-,-,-,-,-,-
2633,single,1.0e+00,1,1,9.5e-07,1.0e+00,1.0e-03,1.0e+00,1.0e-03,9.5e-01,global-SQTSGSRE,CASSQTSGsrEQYF,CASSQTSGSREQYF,TRBV4-3,TRBJ2-7,CAVQASGTYKYIF,Donor AJKQ118:L TCRab CD8ab TRM,1.000000,-,-,-,-,-,-,-,-,-,-,-

2650,single,1.0e+00,1,1,5.6e-08,1.0e+00,1.0e-03,5.9e-02,1.0e-03,9.5e-01,global-SQELGSANEK,CASSQelgsaNEKLFF,CASSQELGSANEKLFF,TRBV4-3,TRBJ1-4,CAALRNNNARLMF,Donor AJD3280:IEL TCRab CD8ab TRM,7.000000,-,-,-,-,-,-,-,-,-,-,-
2650,single,1.0e+00,1,1,5.6e-08,1.0e+00,1.0e-03,5.9e-02,1.0e-03,9.5e-01,global-SQELGSANEK,CASSQelgsaNEKLFF,CASSQELGSANEKLFF,TRBV4-3,TRBJ1-4,CAALRNNNARLMF,Donor AJD3280:L TCRab CD8ab TRM,1.000000,-,-,-,-,-,-,-,-,-,-,-
2650,single,1.0e+00,1,1,5.6e-08,1.0e+00,1.0e-03,5.9e-02,1.0e-03,9.5e-01,global-SQELGSANEK,CASSQelgsaNEKLFF,CASSQELGSANEKLFF,TRBV4-3,TRBJ1-4,CAALRNNNARLMF,Donor AJD3280:LP TCRab CD8ab TRM,1.000000,-,-,-,-,-,-,-,-,-,-,-

2688,single,1.0e+00,1,1,9.5e-07,1.0e+00,1.0e-03,1.0e+00,1.0e-03,9.5e-01,global-SLAGQGEET,CASSLaGQGeETQYF,CASSLAGQGEETQYF,TRBV5-1,TRBJ2-5,CAGVTLYGQNFVF,Donor AJKQ118:L TCRab CD8ab Teff,1.000000,-,-,-,-,-,-,-,-,-,-,-
2688,single,1.0e+00,1,1,9.5e-07,1.0e+00,1.0e-03,1.0e+00,1.0e-03,9.5e-01,global-SLAGQGEET,CASSLaGQGeETQYF,CASSLAGQGEETQYF,TRBV5-1,TRBJ2-5,CAGVTLYGQNFVF,Donor AJKQ118:PB TCRab CD8ab Teff,1.000000,-,-,-,-,-,-,-,-,-,-,-

2690,single,1.0e+00,1,1,5.1e-08,1.0e+00,1.0e-03,5.3e-02,1.0e-03,9.5e-01,global-SPGLAGLSGANV,CASSPGLAGlSGANVLTF,CASSPGLAGLSGANVLTF,TRBV7-6,TRBJ2-6,CAMVGAGGTSYGKLTF,Donor AJKQ118:IEL TCRab CD8ab TRM,6.000000,-,-,-,-,-,-,-,-,-,-,-
2690,single,1.0e+00,1,1,5.1e-08,1.0e+00,1.0e-03,5.3e-02,1.0e-03,9.5e-01,global-SPGLAGLSGANV,CASSPGLAGlSGANVLTF,CASSPGLAGLSGANVLTF,TRBV7-6,TRBJ2-6,CAMVGAGGTSYGKLTF,Donor AJKQ118:L TCRab CD8ab TRM,1.000000,-,-,-,-,-,-,-,-,-,-,-

2718,single,1.0e+00,1,1,9.5e-07,1.0e+00,1.0e-03,1.0e+00,1.0e-03,9.5e-01,global-SSVSRANT,CASSSvsraNTIYF,CASSSVSRANTIYF,TRBV7-9,TRBJ1-3,CALSDQNYGQNFVF,Donor AJG2309:L TCRab CD8ab TRM,1.000000,-,-,-,-,-,-,-,-,-,-,-
2718,single,1.0e+00,1,1,9.5e-07,1.0e+00,1.0e-03,1.0e+00,1.0e-03,9.5e-01,global-SSVSRANT,CASSSvsraNTIYF,CASSSVSRANTIYF,TRBV7-9,TRBJ1-3,CALSDQNYGQNFVF,Donor AJG2309:LP TCRab CD8ab TEM,1.000000,-,-,-,-,-,-,-,-,-,-,-
2718,single,1.0e+00,1,1,9.5e-07,1.0e+00,1.0e-03,1.0e+00,1.0e-03,9.5e-01,global-SSVSRANT,CASSSvsraNTIYF,CASSSVSRANTIYF,TRBV7-9,TRBJ1-3,CALSDQNYGQNFVF,Donor AJG2309:PB TCRab CD8ab Teff,1.000000,-,-,-,-,-,-,-,-,-,-,-

2723,single,1.0e+00,1,1,5.9e-08,1.0e+00,1.0e-03,6.2e-02,1.0e-03,9.5e-01,global-PTLTNEK,CSAptlTNEKLFF,CSAPTLTNEKLFF,TRBV20-1,TRBJ1-4,CIVRAWAYGSSNTGKLIF,Donor AJKQ118:IEL TCRab CD8ab TRM,5.000000,-,-,-,-,-,-,-,-,-,-,-
2723,single,1.0e+00,1,1,5.9e-08,1.0e+00,1.0e-03,6.2e-02,1.0e-03,9.5e-01,global-PTLTNEK,CSAptlTNEKLFF,CSAPTLTNEKLFF,TRBV20-1,TRBJ1-4,CIVRAWAYGSSNTGKLIF,Donor AJKQ118:L TCRab CD8ab TRM,1.000000,-,-,-,-,-,-,-,-,-,-,-

2725,single,1.0e+00,1,1,9.5e-07,1.0e+00,1.0e-03,1.0e+00,1.0e-03,9.5e-01,global-GPRRDRRGE,CSVgprrDRrGELFF,CSVGPRRDRRGELFF,TRBV29-1,TRBJ1-4,CIVRVGSQGGKLIF,Donor AJG2309:L TCRab CD8ab TRM,1.000000,-,-,-,-,-,-,-,-,-,-,-
2725,single,1.0e+00,1,1,9.5e-07,1.0e+00,1.0e-03,1.0e+00,1.0e-03,9.5e-01,global-GPRRDRRGE,CSVgprrDRrGELFF,CSVGPRRDRRGELFF,TRBV29-1,TRBJ1-4,CIVRVGSQGGKLIF,Donor AJG2309:L TCRab CD8ab Teff,1.000000,-,-,-,-,-,-,-,-,-,-,-
2725,single,1.0e+00,1,1,9.5e-07,1.0e+00,1.0e-03,1.0e+00,1.0e-03,9.5e-01,global-GPRRDRRGE,CSVgprrDRrGELFF,CSVGPRRDRRGELFF,TRBV29-1,TRBJ1-4,CIVRVGSQGGKLIF,Donor AJG2309:PB TCRab CD8ab Teff,1.000000,-,-,-,-,-,-,-,-,-,-,-

2739,single,1.0e+00,1,1,7.6e-09,1.0e+00,1.0e-03,8.0e-03,1.0e-03,9.5e-01,global-SYLGGDSSDE,CASSYlGGdssdEQYF,CASSYLGGDSSDEQYF,TRBV6-2,TRBJ2-7,CAVRDSNYQLIW,Donor AJD3280:L TCRab CD8ab MAIT,8.000000,-,-,-,-,-,-,-,-,-,-,-
2739,single,1.0e+00,1,1,7.6e-09,1.0e+00,1.0e-03,8.0e-03,1.0e-03,9.5e-01,global-SYLGGDSSDE,CASSYlGGdssdEQYF,CASSYLGGDSSDEQYF,TRBV6-2,TRBJ2-7,CAVRDSNYQLIW,Donor AJD3280:L TCRab CD8ab TRM,8.000000,-,-,-,-,-,-,-,-,-,-,-

2744,single,1.0e+00,1,1,2.6e-07,1.0e+00,1.0e-03,2.8e-01,1.0e-03,9.5e-01,global-SEPASPSNYG,CASSEpaspsNYGYTF,CASSEPASPSNYGYTF,TRBV6-1,TRBJ1-2,CAVALYGGSQGNLIF,Donor AJD3280:L TCRab CD8ab TRM,2.000000,-,-,-,-,-,-,-,-,-,-,-
2744,single,1.0e+00,1,1,2.6e-07,1.0e+00,1.0e-03,2.8e-01,1.0e-03,9.5e-01,global-SEPASPSNYG,CASSEpaspsNYGYTF,CASSEPASPSNYGYTF,TRBV6-1,TRBJ1-2,CAGRSGGGADGLTF,Donor AJD3280:L TCRab CD8ab TRM,1.000000,-,-,-,-,-,-,-,-,-,-,-

2776,single,1.0e+00,1,1,1.5e-07,1.0e+00,1.0e-03,1.5e-01,1.0e-03,9.5e-01,global-SRGGDQP,CASSRGGdQPQHF,CASSRGGDQPQHF,TRBV14,TRBJ1-5,CALSEDNARLMF,Donor AJG2309:LP TCRab CD8ab TEM,2.000000,-,-,-,-,-,-,-,-,-,-,-
2776,single,1.0e+00,1,1,1.5e-07,1.0e+00,1.0e-03,1.5e-01,1.0e-03,9.5e-01,global-SRGGDQP,CASSRGGdQPQHF,CASSRGGDQPQHF,TRBV14,TRBJ1-5,CALSEDNARLMF,Donor AJG2309:PB TCRab CD8ab Teff,2.000000,-,-,-,-,-,-,-,-,-,-,-

2784,single,1.0e+00,1,1,9.5e-07,1.0e+00,1.0e-03,1.0e+00,1.0e-03,9.5e-01,global-SPTGLAGANTGE,CASSPtGLAGaNTGELFF,CASSPTGLAGANTGELFF,TRBV7-9,TRBJ2-2,CALSPIEKLVF,Donor AJD3280:IEL TCRab CD8ab TRM,1.000000,-,-,-,-,-,-,-,-,-,-,-
2784,single,1.0e+00,1,1,9.5e-07,1.0e+00,1.0e-03,1.0e+00,1.0e-03,9.5e-01,global-SPTGLAGANTGE,CASSPtGLAGaNTGELFF,CASSPTGLAGANTGELFF,TRBV7-9,TRBJ2-2,CALSPIEKLVF,Donor AJD3280:LP TCRab CD8ab TRM,1.000000,-,-,-,-,-,-,-,-,-,-,-

2805,single,1.0e+00,1,1,4.7e-08,1.0e+00,1.0e-03,4.9e-02,1.0e-03,9.5e-01,global-SSGGSGNT,CASSSGGSGNTIYF,CASSSGGSGNTIYF,TRBV7-8,TRBJ1-3,CAVSHTGGFKTIF,Donor AJKQ118:L TCRab CD8ab TRM,7.000000,-,-,-,-,-,-,-,-,-,-,-
2805,single,1.0e+00,1,1,4.7e-08,1.0e+00,1.0e-03,4.9e-02,1.0e-03,9.5e-01,global-SSGGSGNT,CASSSGGSGNTIYF,CASSSGGSGNTIYF,TRBV7-8,TRBJ1-3,CAVSHTGGFKTIF,Donor AJKQ118:LP TCRab CD8ab TEM,1.000000,-,-,-,-,-,-,-,-,-,-,-

2813,single,1.0e+00,1,1,9.5e-07,1.0e+00,1.0e-03,1.0e+00,1.0e-03,9.5e-01,global-SLGLAGGTYNE,CASSLGLAGGtYNEQFF,CASSLGLAGGTYNEQFF,TRBV6-2,TRBJ2-1,CLVGDRMDSSYKLIF,Donor AJD3280:L TCRab CD8ab Teff,1.000000,-,-,-,-,-,-,-,-,-,-,-
2813,single,1.0e+00,1,1,9.5e-07,1.0e+00,1.0e-03,1.0e+00,1.0e-03,9.5e-01,global-SLGLAGGTYNE,CASSLGLAGGtYNEQFF,CASSLGLAGGTYNEQFF,TRBV6-2,TRBJ2-1,CLVGDRMDSSYKLIF,Donor AJD3280:PB TCRab CD8ab Teff,1.000000,-,-,-,-,-,-,-,-,-,-,-

2833,single,1.0e+00,1,1,1.1e-07,1.0e+00,1.0e-03,1.2e-01,1.0e-03,9.5e-01,global-SGQPNTE,CSASGQpNTEAFF,CSASGQPNTEAFF,TRBV20-1,TRBJ1-1,CVVIPYSSASKIIF,Donor AJKQ118:IEL TCRab CD8ab TRM,5.000000,-,-,-,-,-,-,-,-,-,-,-
2833,single,1.0e+00,1,1,1.1e-07,1.0e+00,1.0e-03,1.2e-01,1.0e-03,9.5e-01,global-SGQPNTE,CSASGQpNTEAFF,CSASGQPNTEAFF,TRBV20-1,TRBJ1-1,CVVIPYSSASKIIF,Donor AJKQ118:L TCRab CD8ab Naive/TCM,1.000000,-,-,-,-,-,-,-,-,-,-,-
2833,single,1.0e+00,1,1,1.1e-07,1.0e+00,1.0e-03,1.2e-01,1.0e-03,9.5e-01,global-SGQPNTE,CSASGQpNTEAFF,CSASGQPNTEAFF,TRBV20-1,TRBJ1-1,CVVIPYSSASKIIF,Donor AJKQ118:L TCRab CD8ab TRM,2.000000,-,-,-,-,-,-,-,-,-,-,-
2833,single,1.0e+00,1,1,1.1e-07,1.0e+00,1.0e-03,1.2e-01,1.0e-03,9.5e-01,global-SGQPNTE,CSASGQpNTEAFF,CSASGQPNTEAFF,TRBV20-1,TRBJ1-1,CVVIPYSSASKIIF,Donor AJKQ118:LP TCRab CD8ab TRM,1.000000,-,-,-,-,-,-,-,-,-,-,-

2841,single,1.0e+00,1,1,3.8e-08,1.0e+00,1.0e-03,4.0e-02,1.0e-03,9.5e-01,global-SSPSAGPSYE,CASSSpsAGpSYEQYF,CASSSPSAGPSYEQYF,TRBV11-2,TRBJ2-7,CLVVPSNTGKLIF,Donor AJD3280:IEL TCRab CD8ab TRM,7.000000,-,-,-,-,-,-,-,-,-,-,-
2841,single,1.0e+00,1,1,3.8e-08,1.0e+00,1.0e-03,4.0e-02,1.0e-03,9.5e-01,global-SSPSAGPSYE,CASSSpsAGpSYEQYF,CASSSPSAGPSYEQYF,TRBV11-2,TRBJ2-7,CLVVPSNTGKLIF,Donor AJD3280:L TCRab CD8ab Teff,1.000000,-,-,-,-,-,-,-,-,-,-,-

2843,single,1.0e+00,1,1,2.8e-07,1.0e+00,1.0e-03,2.9e-01,1.0e-03,9.5e-01,global-SQGDRDYPSTDT,CASSQgDRdypSTDTQYF,CASSQGDRDYPSTDTQYF,TRBV4-3,TRBJ2-3,CALIRGGGADGLTF,Donor AJD3280:L TCRab CD8ab Teff,1.000000,-,-,-,-,-,-,-,-,-,-,-
2843,single,1.0e+00,1,1,2.8e-07,1.0e+00,1.0e-03,2.9e-01,1.0e-03,9.5e-01,global-SQGDRDYPSTDT,CASSQgDRdypSTDTQYF,CASSQGDRDYPSTDTQYF,TRBV4-3,TRBJ2-3,CALIRGGGADGLTF,Donor AJD3280:PB TCRab CD8ab Teff,2.000000,-,-,-,-,-,-,-,-,-,-,-

2896,single,1.0e+00,1,1,2.8e-08,1.0e+00,1.0e-03,2.9e-02,1.0e-03,9.5e-01,global-SSSVDVET,CAWSssvdvETQYF,CAWSSSVDVETQYF,TRBV30,TRBJ2-5,CAFPPGNQFYF,Donor AJKQ118:L TCRab CD8ab TRM,8.000000,-,-,-,-,-,-,-,-,-,-,-
2896,single,1.0e+00,1,1,2.8e-08,1.0e+00,1.0e-03,2.9e-02,1.0e-03,9.5e-01,global-SSSVDVET,CAWSssvdvETQYF,CAWSSSVDVETQYF,TRBV30,TRBJ2-5,CAFPPGNQFYF,Donor AJKQ118:L TCRab CD8ab Teff,2.000000,-,-,-,-,-,-,-,-,-,-,-

2901,single,1.0e+00,1,1,2.6e-07,1.0e+00,1.0e-03,2.7e-01,1.0e-03,9.5e-01,global-SLTPGGGYE,CASSLtpGGgYEQYF,CASSLTPGGGYEQYF,TRBV7-2,TRBJ2-7,CAASNINKFYF,Donor AJD3280:IEL TCRab CD8ab TRM,2.000000,-,-,-,-,-,-,-,-,-,-,-
2901,single,1.0e+00,1,1,2.6e-07,1.0e+00,1.0e-03,2.7e-01,1.0e-03,9.5e-01,global-SLTPGGGYE,CASSLtpGGgYEQYF,CASSLTPGGGYEQYF,TRBV7-2,TRBJ2-7,CAASNINKFYF,Donor AJD3280:PB TCRab CD8ab Teff,1.000000,-,-,-,-,-,-,-,-,-,-,-

2910,single,1.0e+00,1,1,2.3e-07,1.0e+00,1.0e-03,2.4e-01,1.0e-03,9.5e-01,global-SLVGQGEGYG,CASSLvGQGegYGYTF,CASSLVGQGEGYGYTF,TRBV11-2,TRBJ1-2,CLVGDMGNYGGSQGNLIF,Donor AJD3280:L TCRab CD8ab TRM,1.000000,-,-,-,-,-,-,-,-,-,-,-
2910,single,1.0e+00,1,1,2.3e-07,1.0e+00,1.0e-03,2.4e-01,1.0e-03,9.5e-01,global-SLVGQGEGYG,CASSLvGQGegYGYTF,CASSLVGQGEGYGYTF,TRBV11-2,TRBJ1-2,CLVGDMGNYGGSQGNLIF,Donor AJD3280:PB TCRab CD8ab Naive/TCM,1.000000,-,-,-,-,-,-,-,-,-,-,-
2910,single,1.0e+00,1,1,2.3e-07,1.0e+00,1.0e-03,2.4e-01,1.0e-03,9.5e-01,global-SLVGQGEGYG,CASSLvGQGegYGYTF,CASSLVGQGEGYGYTF,TRBV11-2,TRBJ1-2,CLVGDMGNYGGSQGNLIF,Donor AJD3280:PB TCRab CD8ab Teff,3.000000,-,-,-,-,-,-,-,-,-,-,-

2933,single,1.0e+00,1,1,9.5e-07,1.0e+00,1.0e-03,1.0e+00,1.0e-03,9.5e-01,global-SQKLAASTDT,CAISqkLAaSTDTQYF,CAISQKLAASTDTQYF,TRBV10-3,TRBJ2-3,CAVSDWGSQGNLIF,Donor AJG2309:L TCRab CD8ab Naive/TCM,1.000000,-,-,-,-,-,-,-,-,-,-,-
2933,single,1.0e+00,1,1,9.5e-07,1.0e+00,1.0e-03,1.0e+00,1.0e-03,9.5e-01,global-SQKLAASTDT,CAISqkLAaSTDTQYF,CAISQKLAASTDTQYF,TRBV10-3,TRBJ2-3,CAVSDWGSQGNLIF,Donor AJG2309:LP TCRab CD8ab TEM,1.000000,-,-,-,-,-,-,-,-,-,-,-
2933,single,1.0e+00,1,1,9.5e-07,1.0e+00,1.0e-03,1.0e+00,1.0e-03,9.5e-01,global-SQKLAASTDT,CAISqkLAaSTDTQYF,CAISQKLAASTDTQYF,TRBV10-3,TRBJ2-3,CAVSDWGSQGNLIF,Donor AJG2309:PB TCRab CD8ab Teff,1.000000,-,-,-,-,-,-,-,-,-,-,-

2935,single,1.0e+00,1,1,9.5e-07,1.0e+00,1.0e-03,1.0e+00,1.0e-03,9.5e-01,global-SSTYGQANTGE,CASSStyGQaNTGELFF,CASSSTYGQANTGELFF,TRBV5-4,TRBJ2-2,CAASAGQKLLF,Donor AJG2309:L TCRab CD8ab TRM,1.000000,-,-,-,-,-,-,-,-,-,-,-
2935,single,1.0e+00,1,1,9.5e-07,1.0e+00,1.0e-03,1.0e+00,1.0e-03,9.5e-01,global-SSTYGQANTGE,CASSStyGQaNTGELFF,CASSSTYGQANTGELFF,TRBV5-4,TRBJ2-2,CAASAGQKLLF,Donor AJG2309:PB TCRab CD8ab Teff,1.000000,-,-,-,-,-,-,-,-,-,-,-

2963,single,1.0e+00,1,1,9.5e-07,1.0e+00,1.0e-03,1.0e+00,1.0e-03,9.5e-01,global-RASGDYNE,CSARaSGdYNEQFF,CSARASGDYNEQFF,TRBV20-1,TRBJ2-1,CAPMDSNYQLIW,Donor AJG2309:L TCRab CD8ab TRM,1.000000,-,-,-,-,-,-,-,-,-,-,-
2963,single,1.0e+00,1,1,9.5e-07,1.0e+00,1.0e-03,1.0e+00,1.0e-03,9.5e-01,global-RASGDYNE,CSARaSGdYNEQFF,CSARASGDYNEQFF,TRBV20-1,TRBJ2-1,CAPMDSNYQLIW,Donor AJG2309:PB TCRab CD8ab Teff,1.000000,-,-,-,-,-,-,-,-,-,-,-

2964,single,1.0e+00,1,1,9.5e-07,1.0e+00,1.0e-03,1.0e+00,1.0e-03,9.5e-01,global-SGSGTGE,CASSgSGTGELFF,CASSGSGTGELFF,TRBV3-1,TRBJ2-2,CAASEKSNYQLIW,Donor AJKQ118:IEL TCRab CD8ab TRM,1.000000,-,-,-,-,-,-,-,-,-,-,-
2964,single,1.0e+00,1,1,9.5e-07,1.0e+00,1.0e-03,1.0e+00,1.0e-03,9.5e-01,global-SGSGTGE,CASSgSGTGELFF,CASSGSGTGELFF,TRBV3-1,TRBJ2-2,CAASEKSNYQLIW,Donor AJKQ118:LP TCRab CD8ab TRM,1.000000,-,-,-,-,-,-,-,-,-,-,-

2966,single,1.0e+00,1,1,3.7e-08,1.0e+00,1.0e-03,3.9e-02,1.0e-03,9.5e-01,global-SPPGGAYG,CASSPpGGaYGYTF,CASSPPGGAYGYTF,TRBV4-1,TRBJ1-2,CAASRNNNDMRF,Donor AJG2309:L TCRab CD8ab Teff,1.000000,-,-,-,-,-,-,-,-,-,-,-
2966,single,1.0e+00,1,1,3.7e-08,1.0e+00,1.0e-03,3.9e-02,1.0e-03,9.5e-01,global-SPPGGAYG,CASSPpGGaYGYTF,CASSPPGGAYGYTF,TRBV4-1,TRBJ1-2,CAASRNNNDMRF,Donor AJG2309:PB TCRab CD8ab Teff,6.000000,-,-,-,-,-,-,-,-,-,-,-

2973,single,1.0e+00,1,1,9.5e-07,1.0e+00,1.0e-03,1.0e+00,1.0e-03,9.5e-01,global-SPVTGQGVYE,CASSPvtGQGvYEQYF,CASSPVTGQGVYEQYF,TRBV7-8,TRBJ2-7,CAVMDSNYQLIW,Donor AJKQ118:IEL TCRab CD8ab TRM,1.000000,-,-,-,-,-,-,-,-,-,-,-
2973,single,1.0e+00,1,1,9.5e-07,1.0e+00,1.0e-03,1.0e+00,1.0e-03,9.5e-01,global-SPVTGQGVYE,CASSPvtGQGvYEQYF,CASSPVTGQGVYEQYF,TRBV7-8,TRBJ2-7,CAGKASGTYKYIF,Donor AJKQ118:IEL TCRab CD8ab TRM,1.000000,-,-,-,-,-,-,-,-,-,-,-

2989,single,1.0e+00,1,1,4.8e-07,1.0e+00,1.0e-03,5.1e-01,1.0e-03,9.5e-01,global-SHRENTE,CASShRENTEAFF,CASSHRENTEAFF,TRBV6-2,TRBJ1-1,CAVRDSNYQLIW,Donor AJD3280:L TCRab CD8ab MAIT,2.000000,-,-,-,-,-,-,-,-,-,-,-
2989,single,1.0e+00,1,1,4.8e-07,1.0e+00,1.0e-03,5.1e-01,1.0e-03,9.5e-01,global-SHRENTE,CASShRENTEAFF,CASSHRENTEAFF,TRBV6-2,TRBJ1-1,CAVRDSNYQLIW,Donor AJD3280:L TCRab CD8ab TRM,1.000000,-,-,-,-,-,-,-,-,-,-,-
2989,single,1.0e+00,1,1,4.8e-07,1.0e+00,1.0e-03,5.1e-01,1.0e-03,9.5e-01,global-SHRENTE,CASShRENTEAFF,CASSHRENTEAFF,TRBV6-2,TRBJ1-1,CAVRGNAGNMLTF,Donor AJD3280:L TCRab CD8ab TRM,1.000000,-,-,-,-,-,-,-,-,-,-,-
2989,single,1.0e+00,1,1,4.8e-07,1.0e+00,1.0e-03,5.1e-01,1.0e-03,9.5e-01,global-SHRENTE,CASShRENTEAFF,CASSHRENTEAFF,TRBV6-2,TRBJ1-1,CAENPNNARLMF,Donor AJD3280:L TCRab CD8ab TRM,1.000000,-,-,-,-,-,-,-,-,-,-,-

3002,single,1.0e+00,1,1,1.2e-07,1.0e+00,1.0e-03,1.3e-01,1.0e-03,9.5e-01,global-SFETTGRNTGE,CASSfetTGrNTGELFF,CASSFETTGRNTGELFF,TRBV12-4,TRBJ2-2,CAFMKRPSIMNYGGSQGNLIF,Donor AJD3280:L TCRab CD8ab TRM,1.000000,-,-,-,-,-,-,-,-,-,-,-
3002,single,1.0e+00,1,1,1.2e-07,1.0e+00,1.0e-03,1.3e-01,1.0e-03,9.5e-01,global-SFETTGRNTGE,CASSfetTGrNTGELFF,CASSFETTGRNTGELFF,TRBV12-4,TRBJ2-2,CAFMKRPSIMNYGGSQGNLIF,Donor AJD3280:L TCRab CD8ab Teff,3.000000,-,-,-,-,-,-,-,-,-,-,-
3002,single,1.0e+00,1,1,1.2e-07,1.0e+00,1.0e-03,1.3e-01,1.0e-03,9.5e-01,global-SFETTGRNTGE,CASSfetTGrNTGELFF,CASSFETTGRNTGELFF,TRBV12-4,TRBJ2-2,CAFMKRPSIMNYGGSQGNLIF,Donor AJD3280:PB TCRab CD8ab Teff,2.000000,-,-,-,-,-,-,-,-,-,-,-

3003,single,1.0e+00,1,1,2.6e-07,1.0e+00,1.0e-03,2.8e-01,1.0e-03,9.5e-01,global-SLKVGLNTE,CASSLkvGLNTEAFF,CASSLKVGLNTEAFF,TRBV7-9,TRBJ1-1,CAVGAGDDKIIF,Donor AJD3280:PB TCRab CD8ab Teff,1.000000,-,-,-,-,-,-,-,-,-,-,-
3003,single,1.0e+00,1,1,2.6e-07,1.0e+00,1.0e-03,2.8e-01,1.0e-03,9.5e-01,global-SLKVGLNTE,CASSLkvGLNTEAFF,CASSLKVGLNTEAFF,TRBV7-9,TRBJ1-1,CAVTPGNNRKLIW,Donor AJD3280:PB TCRab CD8ab Teff,2.000000,-,-,-,-,-,-,-,-,-,-,-

3023,single,1.0e+00,1,1,9.5e-07,1.0e+00,1.0e-03,1.0e+00,1.0e-03,9.5e-01,global-SPQRGTSTDT,CASSPqRGtSTDTQYF,CASSPQRGTSTDTQYF,TRBV18,TRBJ2-3,CAVRDSSASKIIF,Donor AJD3280:L TCRab CD8ab TRM,1.000000,-,-,-,-,-,-,-,-,-,-,-
3023,single,1.0e+00,1,1,9.5e-07,1.0e+00,1.0e-03,1.0e+00,1.0e-03,9.5e-01,global-SPQRGTSTDT,CASSPqRGtSTDTQYF,CASSPQRGTSTDTQYF,TRBV18,TRBJ2-3,CAVRDSSASKIIF,Donor AJD3280:LP TCRab CD8ab TEM,1.000000,-,-,-,-,-,-,-,-,-,-,-

3030,single,1.0e+00,1,1,6.5e-08,1.0e+00,1.0e-03,6.8e-02,1.0e-03,9.5e-01,global-SLVGGPHVYG,CASSLvGGphvYGYTF,CASSLVGGPHVYGYTF,TRBV5-1,TRBJ1-2,CAIRGNDMRF,Donor AJG2309:L TCRab CD8ab TRM,1.000000,-,-,-,-,-,-,-,-,-,-,-
3030,single,1.0e+00,1,1,6.5e-08,1.0e+00,1.0e-03,6.8e-02,1.0e-03,9.5e-01,global-SLVGGPHVYG,CASSLvGGphvYGYTF,CASSLVGGPHVYGYTF,TRBV5-1,TRBJ1-2,CAIRGNDMRF,Donor AJG2309:PB TCRab CD8ab TEM,1.000000,-,-,-,-,-,-,-,-,-,-,-
3030,single,1.0e+00,1,1,6.5e-08,1.0e+00,1.0e-03,6.8e-02,1.0e-03,9.5e-01,global-SLVGGPHVYG,CASSLvGGphvYGYTF,CASSLVGGPHVYGYTF,TRBV5-1,TRBJ1-2,CAIRGNDMRF,Donor AJG2309:PB TCRab CD8ab Teff,6.000000,-,-,-,-,-,-,-,-,-,-,-

3033,single,1.0e+00,1,1,9.5e-07,1.0e+00,1.0e-03,1.0e+00,1.0e-03,9.5e-01,global-SPRLAGVDE,CASSPrLAGvdEQFF,CASSPRLAGVDEQFF,TRBV9,TRBJ2-1,CAGYSGGSNYKLTF,Donor AJD3280:IEL TCRab CD8ab TRM,1.000000,-,-,-,-,-,-,-,-,-,-,-
3033,single,1.0e+00,1,1,9.5e-07,1.0e+00,1.0e-03,1.0e+00,1.0e-03,9.5e-01,global-SPRLAGVDE,CASSPrLAGvdEQFF,CASSPRLAGVDEQFF,TRBV9,TRBJ2-1,CAVGWSNYKLTF,Donor AJD3280:IEL TCRab CD8ab TRM,1.000000,-,-,-,-,-,-,-,-,-,-,-

3035,single,1.0e+00,1,1,1.3e-08,1.0e+00,1.0e-03,1.4e-02,1.0e-03,9.5e-01,global-SIGTGNSP,CASSIGTGNSPLHF,CASSIGTGNSPLHF,TRBV28,TRBJ1-6,CAVKGTGRRALTF,Donor AJKQ118:IEL TCRab CD8ab TRM,14.000000,-,-,-,-,-,-,-,-,-,-,-
3035,single,1.0e+00,1,1,1.3e-08,1.0e+00,1.0e-03,1.4e-02,1.0e-03,9.5e-01,global-SIGTGNSP,CASSIGTGNSPLHF,CASSIGTGNSPLHF,TRBV28,TRBJ1-6,CAVKGTGRRALTF,Donor AJKQ118:L TCRab CD8ab Naive/TCM,1.000000,-,-,-,-,-,-,-,-,-,-,-
3035,single,1.0e+00,1,1,1.3e-08,1.0e+00,1.0e-03,1.4e-02,1.0e-03,9.5e-01,global-SIGTGNSP,CASSIGTGNSPLHF,CASSIGTGNSPLHF,TRBV28,TRBJ1-6,CAVKGTGRRALTF,Donor AJKQ118:L TCRab CD8ab TRM,2.000000,-,-,-,-,-,-,-,-,-,-,-

3040,single,1.0e+00,1,1,8.6e-09,1.0e+00,1.0e-03,9.0e-03,1.0e-03,9.5e-01,global-SIKGLLGYTDT,CASSIkGLlgyTDTQYF,CASSIKGLLGYTDTQYF,TRBV28,TRBJ2-3,CALSEETYTGANSKLTF,Donor AJG2309:L TCRab CD8ab TRM,6.000000,-,-,-,-,-,-,-,-,-,-,-
3040,single,1.0e+00,1,1,8.6e-09,1.0e+00,1.0e-03,9.0e-03,1.0e-03,9.5e-01,global-SIKGLLGYTDT,CASSIkGLlgyTDTQYF,CASSIKGLLGYTDTQYF,TRBV28,TRBJ2-3,CALSEETYTGANSKLTF,Donor AJG2309:L TCRab CD8ab Teff,2.000000,-,-,-,-,-,-,-,-,-,-,-
3040,single,1.0e+00,1,1,8.6e-09,1.0e+00,1.0e-03,9.0e-03,1.0e-03,9.5e-01,global-SIKGLLGYTDT,CASSIkGLlgyTDTQYF,CASSIKGLLGYTDTQYF,TRBV28,TRBJ2-3,CALSEETYTGANSKLTF,Donor AJG2309:LP TCRab CD8ab TEM,1.000000,-,-,-,-,-,-,-,-,-,-,-
3040,single,1.0e+00,1,1,8.6e-09,1.0e+00,1.0e-03,9.0e-03,1.0e-03,9.5e-01,global-SIKGLLGYTDT,CASSIkGLlgyTDTQYF,CASSIKGLLGYTDTQYF,TRBV28,TRBJ2-3,CALSEETYTGANSKLTF,Donor AJG2309:PB TCRab CD8ab Teff,20.000000,-,-,-,-,-,-,-,-,-,-,-

3060,single,1.0e+00,1,1,9.5e-07,1.0e+00,1.0e-03,1.0e+00,1.0e-03,9.5e-01,global-SYLGLVET,CASSYlGLvETQYF,CASSYLGLVETQYF,TRBV6-2,TRBJ2-5,CAVKRRVNRKLTF,Donor AJG2309:IEL TCRab CD8ab TRM,1.000000,-,-,-,-,-,-,-,-,-,-,-
3060,single,1.0e+00,1,1,9.5e-07,1.0e+00,1.0e-03,1.0e+00,1.0e-03,9.5e-01,global-SYLGLVET,CASSYlGLvETQYF,CASSYLGLVETQYF,TRBV6-2,TRBJ2-5,CAYRSGPTSGSRLTF,Donor AJG2309:LP TCRab CD8ab TEM,1.000000,-,-,-,-,-,-,-,-,-,-,-

3067,single,1.0e+00,2,1,1.6e-08,1.0e+00,1.0e-03,1.7e-02,1.0e-03,9.5e-01,global-SLAGGPNE,CASSLAGGpNEQFF,CASSLAGGPNEQFF,TRBV27,TRBJ2-1,CAVRDGNNARLMF,Donor AJD3280:L TCRab CD8ab Naive/TCM,1.000000,-,-,-,-,-,-,-,-,-,-,-
3067,single,1.0e+00,2,1,1.6e-08,1.0e+00,1.0e-03,1.7e-02,1.0e-03,9.5e-01,global-SLAGGPNE,CASSLAGGpNEQFF,CASSLAGGPNEQFF,TRBV27,TRBJ2-1,CAYAHSAGGTSYGKLTF,Donor AJG2309:IEL TCRab CD8ab TRM,1.000000,-,-,-,-,-,-,-,-,-,-,-
3067,single,1.0e+00,2,1,1.6e-08,1.0e+00,1.0e-03,1.7e-02,1.0e-03,9.5e-01,global-SLAGGPNE,CASSLAGGpNEQFF,CASSLAGGPNEQFF,TRBV27,TRBJ2-1,CAYAHSAGGTSYGKLTF,Donor AJG2309:L TCRab CD8ab TRM,4.000000,-,-,-,-,-,-,-,-,-,-,-
3067,single,1.0e+00,2,1,1.6e-08,1.0e+00,1.0e-03,1.7e-02,1.0e-03,9.5e-01,global-SLAGGPNE,CASSLAGGpNEQFF,CASSLAGGPNEQFF,TRBV27,TRBJ2-1,CAYAHSAGGTSYGKLTF,Donor AJG2309:L TCRab CD8ab Teff,1.000000,-,-,-,-,-,-,-,-,-,-,-
3067,single,1.0e+00,2,1,1.6e-08,1.0e+00,1.0e-03,1.7e-02,1.0e-03,9.5e-01,global-SLAGGPNE,CASSLAGGpNEQFF,CASSLAGGPNEQFF,TRBV27,TRBJ2-1,CAYAHSAGGTSYGKLTF,Donor AJG2309:LP TCRab CD8ab TCM,1.000000,-,-,-,-,-,-,-,-,-,-,-
3067,single,1.0e+00,2,1,1.6e-08,1.0e+00,1.0e-03,1.7e-02,1.0e-03,9.5e-01,global-SLAGGPNE,CASSLAGGpNEQFF,CASSLAGGPNEQFF,TRBV27,TRBJ2-1,CAYAHSAGGTSYGKLTF,Donor AJG2309:LP TCRab CD8ab TEM,19.000000,-,-,-,-,-,-,-,-,-,-,-
3067,single,1.0e+00,2,1,1.6e-08,1.0e+00,1.0e-03,1.7e-02,1.0e-03,9.5e-01,global-SLAGGPNE,CASSLAGGpNEQFF,CASSLAGGPNEQFF,TRBV27,TRBJ2-1,CAYAHSAGGTSYGKLTF,Donor AJG2309:LP TCRab CD8ab TRM,6.000000,-,-,-,-,-,-,-,-,-,-,-
3067,single,1.0e+00,2,1,1.6e-08,1.0e+00,1.0e-03,1.7e-02,1.0e-03,9.5e-01,global-SLAGGPNE,CASSLAGGpNEQFF,CASSLAGGPNEQFF,TRBV27,TRBJ2-1,CAYAHSAGGTSYGKLTF,Donor AJG2309:PB TCRab CD8ab TEM,2.000000,-,-,-,-,-,-,-,-,-,-,-
3067,single,1.0e+00,2,1,1.6e-08,1.0e+00,1.0e-03,1.7e-02,1.0e-03,9.5e-01,global-SLAGGPNE,CASSLAGGpNEQFF,CASSLAGGPNEQFF,TRBV27,TRBJ2-1,CAYAHSAGGTSYGKLTF,Donor AJG2309:PB TCRab CD8ab Teff,8.000000,-,-,-,-,-,-,-,-,-,-,-

3083,single,1.0e+00,1,1,9.5e-07,1.0e+00,1.0e-03,1.0e+00,1.0e-03,9.5e-01,global-SIAGFSYE,CASSIAGfSYEQYF,CASSIAGFSYEQYF,TRBV19,TRBJ2-7,CGPVPDGSSNTGKLIF,Donor AJD3280:IEL TCRab CD8ab TRM,1.000000,-,-,-,-,-,-,-,-,-,-,-
3083,single,1.0e+00,1,1,9.5e-07,1.0e+00,1.0e-03,1.0e+00,1.0e-03,9.5e-01,global-SIAGFSYE,CASSIAGfSYEQYF,CASSIAGFSYEQYF,TRBV19,TRBJ2-7,CGPVPDGSSNTGKLIF,Donor AJD3280:LP TCRab CD8ab TRM,1.000000,-,-,-,-,-,-,-,-,-,-,-

3089,single,1.0e+00,1,1,2.7e-07,1.0e+00,1.0e-03,2.8e-01,1.0e-03,9.5e-01,global-SHFPGSTSSYNE,CATShfpgsTSSYNEQFF,CATSHFPGSTSSYNEQFF,TRBV24-1,TRBJ2-1,CAETLSGGYQKVTF,Donor AJG2309:IEL TCRab CD8ab TRM,1.000000,-,-,-,-,-,-,-,-,-,-,-
3089,single,1.0e+00,1,1,2.7e-07,1.0e+00,1.0e-03,2.8e-01,1.0e-03,9.5e-01,global-SHFPGSTSSYNE,CATShfpgsTSSYNEQFF,CATSHFPGSTSSYNEQFF,TRBV24-1,TRBJ2-1,CAETLSGGYQKVTF,Donor AJG2309:LP TCRab CD8ab TRM,2.000000,-,-,-,-,-,-,-,-,-,-,-

3106,single,1.0e+00,1,1,8.4e-08,1.0e+00,1.0e-03,8.8e-02,1.0e-03,9.5e-01,global-SYSGQGAYSNQP,CASSYsGQGaySNQPQHF,CASSYSGQGAYSNQPQHF,TRBV6-2,TRBJ1-5,CALSEETGGFKTIF,Donor AJG2309:L TCRab CD8ab Teff,1.000000,-,-,-,-,-,-,-,-,-,-,-
3106,single,1.0e+00,1,1,8.4e-08,1.0e+00,1.0e-03,8.8e-02,1.0e-03,9.5e-01,global-SYSGQGAYSNQP,CASSYsGQGaySNQPQHF,CASSYSGQGAYSNQPQHF,TRBV6-2,TRBJ1-5,CALSEETGGFKTIF,Donor AJG2309:PB TCRab CD8ab Teff,4.000000,-,-,-,-,-,-,-,-,-,-,-

3116,single,1.0e+00,1,1,9.5e-07,1.0e+00,1.0e-03,1.0e+00,1.0e-03,9.5e-01,global-NAMGAGKNTE,CASnamgAGkNTEAFF,CASNAMGAGKNTEAFF,TRBV28,TRBJ1-1,CVVTDTGGFKTIF,Donor AJG2309:L TCRab CD8ab TRM,1.000000,-,-,-,-,-,-,-,-,-,-,-
3116,single,1.0e+00,1,1,9.5e-07,1.0e+00,1.0e-03,1.0e+00,1.0e-03,9.5e-01,global-NAMGAGKNTE,CASnamgAGkNTEAFF,CASNAMGAGKNTEAFF,TRBV28,TRBJ1-1,CVVTDTGGFKTIF,Donor AJG2309:LP TCRab CD8ab TEM,1.000000,-,-,-,-,-,-,-,-,-,-,-

3123,single,1.0e+00,1,1,2.9e-07,1.0e+00,1.0e-03,3.0e-01,1.0e-03,9.5e-01,global-SDARYYE,CATSDaryYEQYF,CATSDARYYEQYF,TRBV15,TRBJ2-7,CAMREDNQGGKLIF,Donor AJD3280:IEL TCRab CD8ab TRM,2.000000,-,-,-,-,-,-,-,-,-,-,-
3123,single,1.0e+00,1,1,2.9e-07,1.0e+00,1.0e-03,3.0e-01,1.0e-03,9.5e-01,global-SDARYYE,CATSDaryYEQYF,CATSDARYYEQYF,TRBV15,TRBJ2-7,CAMREDNQGGKLIF,Donor AJD3280:LP TCRab CD8ab TRM,1.000000,-,-,-,-,-,-,-,-,-,-,-

3138,single,1.0e+00,1,1,9.5e-07,1.0e+00,1.0e-03,1.0e+00,1.0e-03,9.5e-01,global-SPLTGMGYE,CASSPlTGmgYEQYF,CASSPLTGMGYEQYF,TRBV5-1,TRBJ2-7,CIVRVKIYNQGGKLIF,Donor AJKQ118:L TCRab CD8ab TRM,1.000000,-,-,-,-,-,-,-,-,-,-,-
3138,single,1.0e+00,1,1,9.5e-07,1.0e+00,1.0e-03,1.0e+00,1.0e-03,9.5e-01,global-SPLTGMGYE,CASSPlTGmgYEQYF,CASSPLTGMGYEQYF,TRBV5-1,TRBJ2-7,CIVRVKIYNQGGKLIF,Donor AJKQ118:PB TCRab CD8ab Teff,1.000000,-,-,-,-,-,-,-,-,-,-,-

3148,single,1.0e+00,1,1,9.5e-07,1.0e+00,1.0e-03,1.0e+00,1.0e-03,9.5e-01,global-VTGLGNTE,CSVvTGlgNTEAFF,CSVVTGLGNTEAFF,TRBV29-1,TRBJ1-1,CAMRETRSNDYKLSF,Donor AJKQ118:LP TCRab CD8ab TEM,1.000000,-,-,-,-,-,-,-,-,-,-,-
3148,single,1.0e+00,1,1,9.5e-07,1.0e+00,1.0e-03,1.0e+00,1.0e-03,9.5e-01,global-VTGLGNTE,CSVvTGlgNTEAFF,CSVVTGLGNTEAFF,TRBV29-1,TRBJ1-1,CAMRETRSNDYKLSF,Donor AJKQ118:PB TCRab CD8ab TEM,1.000000,-,-,-,-,-,-,-,-,-,-,-
3148,single,1.0e+00,1,1,9.5e-07,1.0e+00,1.0e-03,1.0e+00,1.0e-03,9.5e-01,global-VTGLGNTE,CSVvTGlgNTEAFF,CSVVTGLGNTEAFF,TRBV29-1,TRBJ1-1,CAMRETRSNDYKLSF,Donor AJKQ118:PB TCRab CD8ab Teff,1.000000,-,-,-,-,-,-,-,-,-,-,-

3153,single,1.0e+00,1,1,9.8e-08,1.0e+00,1.0e-03,1.0e-01,1.0e-03,9.5e-01,global-SQPGAGYG,CASSQpgAGYGYTF,CASSQPGAGYGYTF,TRBV3-1,TRBJ1-2,CAMSDNTDKLIF,Donor AJD3280:IEL TCRab CD8ab TRM,4.000000,-,-,-,-,-,-,-,-,-,-,-
3153,single,1.0e+00,1,1,9.8e-08,1.0e+00,1.0e-03,1.0e-01,1.0e-03,9.5e-01,global-SQPGAGYG,CASSQpgAGYGYTF,CASSQPGAGYGYTF,TRBV3-1,TRBJ1-2,CAMSDNTDKLIF,Donor AJD3280:LP TCRab CD8ab TRM,1.000000,-,-,-,-,-,-,-,-,-,-,-

3155,single,1.0e+00,1,1,9.5e-07,1.0e+00,1.0e-03,1.0e+00,1.0e-03,9.5e-01,global-SFPRGQASSGANV,CASSfpRGqasSGANVLTF,CASSFPRGQASSGANVLTF,TRBV4-2,TRBJ2-6,CAYLNNAGNMLTF,Donor AJG2309:L TCRab CD8ab TRM,1.000000,-,-,-,-,-,-,-,-,-,-,-
3155,single,1.0e+00,1,1,9.5e-07,1.0e+00,1.0e-03,1.0e+00,1.0e-03,9.5e-01,global-SFPRGQASSGANV,CASSfpRGqasSGANVLTF,CASSFPRGQASSGANVLTF,TRBV4-2,TRBJ2-6,CAYLNNAGNMLTF,Donor AJG2309:PB TCRab CD8ab Teff,1.000000,-,-,-,-,-,-,-,-,-,-,-

3181,single,1.0e+00,1,1,9.5e-07,1.0e+00,1.0e-03,1.0e+00,1.0e-03,9.5e-01,global-SAMETGRAYNE,CASSameTGraYNEQFF,CASSAMETGRAYNEQFF,TRBV2,TRBJ2-1,CASSSASKIIF,Donor AJG2309:LP TCRab CD8ab TEM,1.000000,-,-,-,-,-,-,-,-,-,-,-
3181,single,1.0e+00,1,1,9.5e-07,1.0e+00,1.0e-03,1.0e+00,1.0e-03,9.5e-01,global-SAMETGRAYNE,CASSameTGraYNEQFF,CASSAMETGRAYNEQFF,TRBV2,TRBJ2-1,CASSSASKIIF,Donor AJG2309:LP TCRab CD8ab TRM,1.000000,-,-,-,-,-,-,-,-,-,-,-

3190,single,1.0e+00,1,1,3.1e-08,1.0e+00,1.0e-03,3.2e-02,1.0e-03,9.5e-01,global-SQERSQA,CASSQersqaQHF,CASSQERSQAQHF,TRBV4-1,TRBJ1-5,CALSEANSDYKLSF,Donor AJG2309:L TCRab CD8ab TRM,1.000000,-,-,-,-,-,-,-,-,-,-,-
3190,single,1.0e+00,1,1,3.1e-08,1.0e+00,1.0e-03,3.2e-02,1.0e-03,9.5e-01,global-SQERSQA,CASSQersqaQHF,CASSQERSQAQHF,TRBV4-1,TRBJ1-5,CALSEANSDYKLSF,Donor AJG2309:PB TCRab CD8ab Teff,8.000000,-,-,-,-,-,-,-,-,-,-,-

3200,single,1.0e+00,1,1,1.5e-07,1.0e+00,1.0e-03,1.6e-01,1.0e-03,9.5e-01,global-KEELNTE,CASkeelNTEAFF,CASKEELNTEAFF,TRBV19,TRBJ1-1,CALKEDYGQNFVF,Donor AJD3280:IEL TCRab CD8ab TRM,1.000000,-,-,-,-,-,-,-,-,-,-,-
3200,single,1.0e+00,1,1,1.5e-07,1.0e+00,1.0e-03,1.6e-01,1.0e-03,9.5e-01,global-KEELNTE,CASkeelNTEAFF,CASKEELNTEAFF,TRBV19,TRBJ1-1,CALKEDYGQNFVF,Donor AJD3280:L TCRab CD8ab Teff,4.000000,-,-,-,-,-,-,-,-,-,-,-
3200,single,1.0e+00,1,1,1.5e-07,1.0e+00,1.0e-03,1.6e-01,1.0e-03,9.5e-01,global-KEELNTE,CASkeelNTEAFF,CASKEELNTEAFF,TRBV19,TRBJ1-1,CALKEDYGQNFVF,Donor AJD3280:PB TCRab CD8ab Teff,1.000000,-,-,-,-,-,-,-,-,-,-,-

3207,single,1.0e+00,1,1,2.5e-08,1.0e+00,1.0e-03,2.6e-02,1.0e-03,9.5e-01,global-SYSATWTPNTDT,CASSYsatwtpnTDTQYF,CASSYSATWTPNTDTQYF,TRBV6-5,TRBJ2-3,CAVARAGGTSYGKLTF,Donor AJG2309:IEL TCRab CD8ab TRM,9.000000,-,-,-,-,-,-,-,-,-,-,-
3207,single,1.0e+00,1,1,2.5e-08,1.0e+00,1.0e-03,2.6e-02,1.0e-03,9.5e-01,global-SYSATWTPNTDT,CASSYsatwtpnTDTQYF,CASSYSATWTPNTDTQYF,TRBV6-5,TRBJ2-3,CAVARAGGTSYGKLTF,Donor AJG2309:LP TCRab CD8ab TRM,2.000000,-,-,-,-,-,-,-,-,-,-,-

3212,single,1.0e+00,2,1,5.9e-05,1.0e+00,6.2e-02,1.0e+00,1.0e-03,9.5e-01,global-SSRDRPYE,CASSSrDRpYEQYF,CASSSRDRPYEQYF,TRBV6-2,TRBJ2-7,CIVRVAPHGSSNTGKLIF,Donor AJD3280:PB TCRab CD8ab Teff,1.000000,-,-,-,-,-,-,-,-,-,-,-
3212,single,1.0e+00,2,1,5.9e-05,1.0e+00,6.2e-02,1.0e+00,1.0e-03,9.5e-01,global-SSRDRPYE,CASSSrDRpYEQYF,CASSSRDRPYEQYF,TRBV7-9,TRBJ2-7,CALSDLYSSASKIIF,Donor AJG2309:LP TCRab CD8ab TRM,1.000000,-,-,-,-,-,-,-,-,-,-,-

3219,single,1.0e+00,1,1,9.5e-07,1.0e+00,1.0e-03,1.0e+00,1.0e-03,9.5e-01,global-SVGDGLYE,CASSVgdGLYEQYF,CASSVGDGLYEQYF,TRBV9,TRBJ2-7,CAVRVLHNAGNMLTF,Donor AJG2309:L TCRab CD8ab TRM,1.000000,-,-,-,-,-,-,-,-,-,-,-
3219,single,1.0e+00,1,1,9.5e-07,1.0e+00,1.0e-03,1.0e+00,1.0e-03,9.5e-01,global-SVGDGLYE,CASSVgdGLYEQYF,CASSVGDGLYEQYF,TRBV9,TRBJ2-7,CALSDRRGGFGNVLHC,Donor AJG2309:PB TCRab CD8ab TEM,1.000000,-,-,-,-,-,-,-,-,-,-,-

3223,single,1.0e+00,1,1,9.5e-07,1.0e+00,1.0e-03,1.0e+00,1.0e-03,9.5e-01,global-SLSPPDRSSYE,CASSLsppDRsSYEQYF,CASSLSPPDRSSYEQYF,TRBV7-2,TRBJ2-7,CAVRSYGQNFVF,Donor AJD3280:IEL TCRab CD8ab TRM,1.000000,-,-,-,-,-,-,-,-,-,-,-
3223,single,1.0e+00,1,1,9.5e-07,1.0e+00,1.0e-03,1.0e+00,1.0e-03,9.5e-01,global-SLSPPDRSSYE,CASSLsppDRsSYEQYF,CASSLSPPDRSSYEQYF,TRBV7-2,TRBJ2-7,CAVTGAAGNKLTF,Donor AJD3280:IEL TCRab CD8ab TRM,1.000000,-,-,-,-,-,-,-,-,-,-,-

3225,single,1.0e+00,1,1,5.8e-08,1.0e+00,1.0e-03,6.1e-02,1.0e-03,9.5e-01,global-SLDQGITW,CASSLdQGitwAFF,CASSLDQGITWAFF,TRBV11-2,TRBJ1-1,CAVILGFGNVLHC,Donor AJG2309:IEL TCRab CD8ab TRM,3.000000,-,-,-,-,-,-,-,-,-,-,-
3225,single,1.0e+00,1,1,5.8e-08,1.0e+00,1.0e-03,6.1e-02,1.0e-03,9.5e-01,global-SLDQGITW,CASSLdQGitwAFF,CASSLDQGITWAFF,TRBV11-2,TRBJ1-1,CIVRVVWGGYQKVTF,Donor AJG2309:IEL TCRab CD8ab TRM,6.000000,-,-,-,-,-,-,-,-,-,-,-
3225,single,1.0e+00,1,1,5.8e-08,1.0e+00,1.0e-03,6.1e-02,1.0e-03,9.5e-01,global-SLDQGITW,CASSLdQGitwAFF,CASSLDQGITWAFF,TRBV11-2,TRBJ1-1,CAVILGFGNVLHC,Donor AJG2309:LP TCRab CD8ab TEM,1.000000,-,-,-,-,-,-,-,-,-,-,-

3249,single,1.0e+00,1,1,8.6e-09,1.0e+00,1.0e-03,9.0e-03,1.0e-03,9.5e-01,global-SYWTSGVTGE,CASSYwTSGvTGELFF,CASSYWTSGVTGELFF,TRBV6-5,TRBJ2-2,CAVINGQLTF,Donor AJG2309:IEL TCRab CD8ab TRM,15.000000,-,-,-,-,-,-,-,-,-,-,-
3249,single,1.0e+00,1,1,8.6e-09,1.0e+00,1.0e-03,9.0e-03,1.0e-03,9.5e-01,global-SYWTSGVTGE,CASSYwTSGvTGELFF,CASSYWTSGVTGELFF,TRBV6-5,TRBJ2-2,CAVINGQLTF,Donor AJG2309:LP TCRab CD8ab TRM,1.000000,-,-,-,-,-,-,-,-,-,-,-

3266,single,1.0e+00,1,1,2.6e-07,1.0e+00,1.0e-03,2.7e-01,1.0e-03,9.5e-01,global-RTPNLAGGPRE,CASrtpnLAGGprEQYF,CASRTPNLAGGPREQYF,TRBV12-3,TRBJ2-7,CAFMKHSSVMGRIQGAQKLVF,Donor AJD3280:L TCRab CD8ab Teff,2.000000,-,-,-,-,-,-,-,-,-,-,-
3266,single,1.0e+00,1,1,2.6e-07,1.0e+00,1.0e-03,2.7e-01,1.0e-03,9.5e-01,global-RTPNLAGGPRE,CASrtpnLAGGprEQYF,CASRTPNLAGGPREQYF,TRBV12-3,TRBJ2-7,CAFMKHSSVMGRIQGAQKLVF,Donor AJD3280:PB TCRab CD8ab Teff,1.000000,-,-,-,-,-,-,-,-,-,-,-

3303,single,1.0e+00,1,1,9.5e-07,1.0e+00,1.0e-03,1.0e+00,1.0e-03,9.5e-01,global-GQGDNV,CASGQGdNVLTF,CASGQGDNVLTF,TRBV7-6,TRBJ2-6,CAVRDTLRNTDKLIF,Donor AJG2309:IEL TCRab CD8ab TRM,1.000000,-,-,-,-,-,-,-,-,-,-,-
3303,single,1.0e+00,1,1,9.5e-07,1.0e+00,1.0e-03,1.0e+00,1.0e-03,9.5e-01,global-GQGDNV,CASGQGdNVLTF,CASGQGDNVLTF,TRBV7-6,TRBJ2-6,CAGLIPNAGNMLTF,Donor AJG2309:LP TCRab CD8ab TRM,1.000000,-,-,-,-,-,-,-,-,-,-,-
3303,single,1.0e+00,1,1,9.5e-07,1.0e+00,1.0e-03,1.0e+00,1.0e-03,9.5e-01,global-GQGDNV,CASGQGdNVLTF,CASGQGDNVLTF,TRBV7-6,TRBJ2-6,CAVRDTLRNTDKLIF,Donor AJG2309:LP TCRab CD8ab TRM,1.000000,-,-,-,-,-,-,-,-,-,-,-

3304,single,1.0e+00,1,1,2.7e-07,1.0e+00,1.0e-03,2.8e-01,1.0e-03,9.5e-01,global-SSGTSGSYE,CASSSGTSGSYEQYF,CASSSGTSGSYEQYF,TRBV5-1,TRBJ2-7,CILRDWEVRRGNEKLTF,Donor AJG2309:IEL TCRab CD8ab TRM,2.000000,-,-,-,-,-,-,-,-,-,-,-
3304,single,1.0e+00,1,1,2.7e-07,1.0e+00,1.0e-03,2.8e-01,1.0e-03,9.5e-01,global-SSGTSGSYE,CASSSGTSGSYEQYF,CASSSGTSGSYEQYF,TRBV5-1,TRBJ2-7,CILRDWEVRRGNEKLTF,Donor AJG2309:LP TCRab CD8ab TRM,1.000000,-,-,-,-,-,-,-,-,-,-,-

3309,single,1.0e+00,1,1,9.5e-07,1.0e+00,1.0e-03,1.0e+00,1.0e-03,9.5e-01,global-SPEGSNYG,CASSPegsNYGYTF,CASSPEGSNYGYTF,TRBV28,TRBJ1-2,CLLGDTRYAGNNRKLIW,Donor AJKQ118:IEL TCRab CD8ab TRM,1.000000,-,-,-,-,-,-,-,-,-,-,-
3309,single,1.0e+00,1,1,9.5e-07,1.0e+00,1.0e-03,1.0e+00,1.0e-03,9.5e-01,global-SPEGSNYG,CASSPegsNYGYTF,CASSPEGSNYGYTF,TRBV28,TRBJ1-2,CATDLDLL,Donor AJKQ118:LP TCRab CD8ab TRM,1.000000,-,-,-,-,-,-,-,-,-,-,-
3309,single,1.0e+00,1,1,9.5e-07,1.0e+00,1.0e-03,1.0e+00,1.0e-03,9.5e-01,global-SPEGSNYG,CASSPegsNYGYTF,CASSPEGSNYGYTF,TRBV28,TRBJ1-2,CLLGDTRYAGNNRKLIW,Donor AJKQ118:PB TCRab CD8ab TEM,1.000000,-,-,-,-,-,-,-,-,-,-,-

3321,single,1.0e+00,1,1,2.8e-08,1.0e+00,1.0e-03,2.9e-02,1.0e-03,9.5e-01,global-SLRRTSGRLDE,CASSLrrTSGRldEQFF,CASSLRRTSGRLDEQFF,TRBV7-2,TRBJ2-1,CAVSPNSGYSTLTF,Donor AJG2309:L TCRab CD8ab TRM,9.000000,-,-,-,-,-,-,-,-,-,-,-
3321,single,1.0e+00,1,1,2.8e-08,1.0e+00,1.0e-03,2.9e-02,1.0e-03,9.5e-01,global-SLRRTSGRLDE,CASSLrrTSGRldEQFF,CASSLRRTSGRLDEQFF,TRBV7-2,TRBJ2-1,CAVSPNSGYSTLTF,Donor AJG2309:L TCRab CD8ab Teff,1.000000,-,-,-,-,-,-,-,-,-,-,-

3348,single,1.0e+00,1,1,2.8e-07,1.0e+00,1.0e-03,3.0e-01,1.0e-03,9.5e-01,global-SGHSGEGYNE,CASSghSGegYNEQFF,CASSGHSGEGYNEQFF,TRBV6-4,TRBJ2-1,CAVRDSNYQLIW,Donor AJD3280:L TCRab CD8ab MAIT,1.000000,-,-,-,-,-,-,-,-,-,-,-
3348,single,1.0e+00,1,1,2.8e-07,1.0e+00,1.0e-03,3.0e-01,1.0e-03,9.5e-01,global-SGHSGEGYNE,CASSghSGegYNEQFF,CASSGHSGEGYNEQFF,TRBV6-4,TRBJ2-1,CAVRDSNYQLIW,Donor AJD3280:L TCRab CD8ab TRM,2.000000,-,-,-,-,-,-,-,-,-,-,-

3351,single,1.0e+00,1,1,9.5e-07,1.0e+00,1.0e-03,1.0e+00,1.0e-03,9.5e-01,global-ARGQGKSSYE,CATarGQGksSYEQYF,CATARGQGKSSYEQYF,TRBV27,TRBJ2-7,CAEVSGSSYKLIF,Donor AJG2309:LP TCRab CD8ab TEM,1.000000,-,-,-,-,-,-,-,-,-,-,-
3351,single,1.0e+00,1,1,9.5e-07,1.0e+00,1.0e-03,1.0e+00,1.0e-03,9.5e-01,global-ARGQGKSSYE,CATarGQGksSYEQYF,CATARGQGKSSYEQYF,TRBV27,TRBJ2-7,CAEVSGSSYKLIF,Donor AJG2309:LP TCRab CD8ab TRM,1.000000,-,-,-,-,-,-,-,-,-,-,-

3354,single,1.0e+00,1,1,1.7e-07,1.0e+00,1.0e-03,1.8e-01,1.0e-03,9.5e-01,global-SPGLLGE,CASSPGLlgEQFF,CASSPGLLGEQFF,TRBV6-5,TRBJ2-1,CAFMKHVPTDSWGKLQF,Donor AJKQ118:IEL TCRab CD8ab TRM,4.000000,-,-,-,-,-,-,-,-,-,-,-
3354,single,1.0e+00,1,1,1.7e-07,1.0e+00,1.0e-03,1.8e-01,1.0e-03,9.5e-01,global-SPGLLGE,CASSPGLlgEQFF,CASSPGLLGEQFF,TRBV6-5,TRBJ2-1,CAFMKHVPTDSWGKLQF,Donor AJKQ118:L TCRab CD8ab Teff,2.000000,-,-,-,-,-,-,-,-,-,-,-
3354,single,1.0e+00,1,1,1.7e-07,1.0e+00,1.0e-03,1.8e-01,1.0e-03,9.5e-01,global-SPGLLGE,CASSPGLlgEQFF,CASSPGLLGEQFF,TRBV6-5,TRBJ2-1,CAGQGGNNAGNMLTF,Donor AJKQ118:LP TCRab CD8ab TCM,1.000000,-,-,-,-,-,-,-,-,-,-,-
3354,single,1.0e+00,1,1,1.7e-07,1.0e+00,1.0e-03,1.8e-01,1.0e-03,9.5e-01,global-SPGLLGE,CASSPGLlgEQFF,CASSPGLLGEQFF,TRBV6-5,TRBJ2-1,CAFMKHVPTDSWGKLQF,Donor AJKQ118:LP TCRab CD8ab TEM,2.000000,-,-,-,-,-,-,-,-,-,-,-
3354,single,1.0e+00,1,1,1.7e-07,1.0e+00,1.0e-03,1.8e-01,1.0e-03,9.5e-01,global-SPGLLGE,CASSPGLlgEQFF,CASSPGLLGEQFF,TRBV6-5,TRBJ2-1,CAGQGGNNAGNMLTF,Donor AJKQ118:PB TCRab CD8ab TEM,1.000000,-,-,-,-,-,-,-,-,-,-,-
3354,single,1.0e+00,1,1,1.7e-07,1.0e+00,1.0e-03,1.8e-01,1.0e-03,9.5e-01,global-SPGLLGE,CASSPGLlgEQFF,CASSPGLLGEQFF,TRBV6-5,TRBJ2-1,CAFMKHVPTDSWGKLQF,Donor AJKQ118:PB TCRab CD8ab TEM,1.000000,-,-,-,-,-,-,-,-,-,-,-
3354,single,1.0e+00,1,1,1.7e-07,1.0e+00,1.0e-03,1.8e-01,1.0e-03,9.5e-01,global-SPGLLGE,CASSPGLlgEQFF,CASSPGLLGEQFF,TRBV6-5,TRBJ2-1,CAGQGGNNAGNMLTF,Donor AJKQ118:PB TCRab CD8ab Teff,2.000000,-,-,-,-,-,-,-,-,-,-,-
3354,single,1.0e+00,1,1,1.7e-07,1.0e+00,1.0e-03,1.8e-01,1.0e-03,9.5e-01,global-SPGLLGE,CASSPGLlgEQFF,CASSPGLLGEQFF,TRBV6-5,TRBJ2-1,CAFMKHVPTDSWGKLQF,Donor AJKQ118:PB TCRab CD8ab Teff,1.000000,-,-,-,-,-,-,-,-,-,-,-

3373,single,1.0e+00,1,1,4.6e-07,1.0e+00,1.0e-03,4.8e-01,1.0e-03,9.5e-01,global-SQDRLNSGKSG,CASSQdrlnSGksGYTF,CASSQDRLNSGKSGYTF,TRBV4-3,TRBJ1-2,CAASTGADGQKLLF,Donor AJD3280:IEL TCRab CD8ab TRM,2.000000,-,-,-,-,-,-,-,-,-,-,-
3373,single,1.0e+00,1,1,4.6e-07,1.0e+00,1.0e-03,4.8e-01,1.0e-03,9.5e-01,global-SQDRLNSGKSG,CASSQdrlnSGksGYTF,CASSQDRLNSGKSGYTF,TRBV4-3,TRBJ1-2,CAAHNNNARLMF,Donor AJD3280:IEL TCRab CD8ab TRM,1.000000,-,-,-,-,-,-,-,-,-,-,-
3373,single,1.0e+00,1,1,4.6e-07,1.0e+00,1.0e-03,4.8e-01,1.0e-03,9.5e-01,global-SQDRLNSGKSG,CASSQdrlnSGksGYTF,CASSQDRLNSGKSGYTF,TRBV4-3,TRBJ1-2,CAASTGADGQKLLF,Donor AJD3280:LP TCRab CD8ab TRM,1.000000,-,-,-,-,-,-,-,-,-,-,-
3373,single,1.0e+00,1,1,4.6e-07,1.0e+00,1.0e-03,4.8e-01,1.0e-03,9.5e-01,global-SQDRLNSGKSG,CASSQdrlnSGksGYTF,CASSQDRLNSGKSGYTF,TRBV4-3,TRBJ1-2,CAAHNNNARLMF,Donor AJD3280:LP TCRab CD8ab TRM,1.000000,-,-,-,-,-,-,-,-,-,-,-

3380,single,1.0e+00,1,1,9.5e-07,1.0e+00,1.0e-03,1.0e+00,1.0e-03,9.5e-01,global-SSLPGGGSGNT,CATSslpGGgSGNTIYF,CATSSLPGGGSGNTIYF,TRBV15,TRBJ1-3,CAASVGEDKIIF,Donor AJG2309:L TCRab CD8ab Teff,1.000000,-,-,-,-,-,-,-,-,-,-,-
3380,single,1.0e+00,1,1,9.5e-07,1.0e+00,1.0e-03,1.0e+00,1.0e-03,9.5e-01,global-SSLPGGGSGNT,CATSslpGGgSGNTIYF,CATSSLPGGGSGNTIYF,TRBV15,TRBJ1-3,CAASVGEDKIIF,Donor AJG2309:PB TCRab CD8ab Teff,1.000000,-,-,-,-,-,-,-,-,-,-,-

3394,single,1.0e+00,1,1,1.3e-07,1.0e+00,1.0e-03,1.3e-01,1.0e-03,9.5e-01,global-SYRSGGRPLWET,CASSYrSGGrplwETQYF,CASSYRSGGRPLWETQYF,TRBV27,TRBJ2-5,CAVGSNDYKLSF,Donor AJG2309:LP TCRab CD8ab TEM,1.000000,-,-,-,-,-,-,-,-,-,-,-
3394,single,1.0e+00,1,1,1.3e-07,1.0e+00,1.0e-03,1.3e-01,1.0e-03,9.5e-01,global-SYRSGGRPLWET,CASSYrSGGrplwETQYF,CASSYRSGGRPLWETQYF,TRBV27,TRBJ2-5,CAVGSNDYKLSF,Donor AJG2309:LP TCRab CD8ab TRM,3.000000,-,-,-,-,-,-,-,-,-,-,-

3397,single,1.0e+00,1,1,9.5e-07,1.0e+00,1.0e-03,1.0e+00,1.0e-03,9.5e-01,global-SVGGDNNE,CASSVGGdnNEQFF,CASSVGGDNNEQFF,TRBV9,TRBJ2-1,CIVRDNGGATNKLIF,Donor AJD3280:IEL TCRab CD8ab TRM,1.000000,-,-,-,-,-,-,-,-,-,-,-
3397,single,1.0e+00,1,1,9.5e-07,1.0e+00,1.0e-03,1.0e+00,1.0e-03,9.5e-01,global-SVGGDNNE,CASSVGGdnNEQFF,CASSVGGDNNEQFF,TRBV9,TRBJ2-1,CIVRDNGGATNKLIF,Donor AJD3280:L TCRab CD8ab Teff,1.000000,-,-,-,-,-,-,-,-,-,-,-
3397,single,1.0e+00,1,1,9.5e-07,1.0e+00,1.0e-03,1.0e+00,1.0e-03,9.5e-01,global-SVGGDNNE,CASSVGGdnNEQFF,CASSVGGDNNEQFF,TRBV9,TRBJ2-1,CIVRDNGGATNKLIF,Donor AJD3280:PB TCRab CD8ab Teff,1.000000,-,-,-,-,-,-,-,-,-,-,-

3403,single,1.0e+00,1,1,4.7e-08,1.0e+00,1.0e-03,4.9e-02,1.0e-03,9.5e-01,global-SLLDLGTIE,CSASlldlGTiEQYF,CSASLLDLGTIEQYF,TRBV20-1,TRBJ2-7,CAVNTGFQKLVF,Donor AJG2309:IEL TCRab CD8ab TRM,7.000000,-,-,-,-,-,-,-,-,-,-,-
3403,single,1.0e+00,1,1,4.7e-08,1.0e+00,1.0e-03,4.9e-02,1.0e-03,9.5e-01,global-SLLDLGTIE,CSASlldlGTiEQYF,CSASLLDLGTIEQYF,TRBV20-1,TRBJ2-7,CALSDPDTGGFKTIF,Donor AJG2309:IEL TCRab CD8ab TRM,1.000000,-,-,-,-,-,-,-,-,-,-,-
3403,single,1.0e+00,1,1,4.7e-08,1.0e+00,1.0e-03,4.9e-02,1.0e-03,9.5e-01,global-SLLDLGTIE,CSASlldlGTiEQYF,CSASLLDLGTIEQYF,TRBV20-1,TRBJ2-7,CALSDPDTGGFKTIF,Donor AJG2309:LP TCRab CD8ab TRM,2.000000,-,-,-,-,-,-,-,-,-,-,-

3405,single,1.0e+00,1,1,2.7e-07,1.0e+00,1.0e-03,2.8e-01,1.0e-03,9.5e-01,global-SSESGTSLYE,CSASsesGTSlYEQYF,CSASSESGTSLYEQYF,TRBV20-1,TRBJ2-7,CAVELYDYKLSF,Donor AJD3280:IEL TCRab CD8ab TRM,2.000000,-,-,-,-,-,-,-,-,-,-,-
3405,single,1.0e+00,1,1,2.7e-07,1.0e+00,1.0e-03,2.8e-01,1.0e-03,9.5e-01,global-SSESGTSLYE,CSASsesGTSlYEQYF,CSASSESGTSLYEQYF,TRBV20-1,TRBJ2-7,CAVPWGSSASKIIF,Donor AJD3280:LP TCRab CD8ab TEM,1.000000,-,-,-,-,-,-,-,-,-,-,-

3409,single,1.0e+00,1,1,7.0e-08,1.0e+00,1.0e-03,7.3e-02,1.0e-03,9.5e-01,global-SPTAGGE,CASSPtAGGEQFF,CASSPTAGGEQFF,TRBV12-4,TRBJ2-1,CAASIGSGAGSYQLTF,Donor AJG2309:L TCRab CD8ab TRM,2.000000,-,-,-,-,-,-,-,-,-,-,-
3409,single,1.0e+00,1,1,7.0e-08,1.0e+00,1.0e-03,7.3e-02,1.0e-03,9.5e-01,global-SPTAGGE,CASSPtAGGEQFF,CASSPTAGGEQFF,TRBV12-4,TRBJ2-1,CALPFSGGYNKLIF,Donor AJG2309:L TCRab CD8ab TRM,4.000000,-,-,-,-,-,-,-,-,-,-,-

3442,single,1.0e+00,1,1,8.4e-08,1.0e+00,1.0e-03,8.8e-02,1.0e-03,9.5e-01,global-SYSESIDE,CASSYsesidEQFF,CASSYSESIDEQFF,TRBV6-2,TRBJ2-1,CAVMDSNYQLIW,Donor AJD3280:L TCRab CD8ab MAIT,2.000000,-,-,-,-,-,-,-,-,-,-,-
3442,single,1.0e+00,1,1,8.4e-08,1.0e+00,1.0e-03,8.8e-02,1.0e-03,9.5e-01,global-SYSESIDE,CASSYsesidEQFF,CASSYSESIDEQFF,TRBV6-2,TRBJ2-1,CAVMDSNYQLIW,Donor AJD3280:L TCRab CD8ab TRM,3.000000,-,-,-,-,-,-,-,-,-,-,-

3443,single,1.0e+00,1,1,1.9e-07,1.0e+00,1.0e-03,2.0e-01,1.0e-03,9.5e-01,global-SGGAAGGNTGE,CAWSggaAGGNTGELFF,CAWSGGAAGGNTGELFF,TRBV30,TRBJ2-2,CALDEDYKLSF,Donor AJD3280:IEL TCRab CD8ab TRM,1.000000,-,-,-,-,-,-,-,-,-,-,-
3443,single,1.0e+00,1,1,1.9e-07,1.0e+00,1.0e-03,2.0e-01,1.0e-03,9.5e-01,global-SGGAAGGNTGE,CAWSggaAGGNTGELFF,CAWSGGAAGGNTGELFF,TRBV30,TRBJ2-2,CALDEDYKLSF,Donor AJD3280:L TCRab CD8ab TRM,2.000000,-,-,-,-,-,-,-,-,-,-,-
3443,single,1.0e+00,1,1,1.9e-07,1.0e+00,1.0e-03,2.0e-01,1.0e-03,9.5e-01,global-SGGAAGGNTGE,CAWSggaAGGNTGELFF,CAWSGGAAGGNTGELFF,TRBV30,TRBJ2-2,CALDEDYKLSF,Donor AJD3280:LP TCRab CD8ab TEM,2.000000,-,-,-,-,-,-,-,-,-,-,-

3467,single,1.0e+00,1,1,9.7e-08,1.0e+00,1.0e-03,1.0e-01,1.0e-03,9.5e-01,global-SQTSGGPET,CASSQTSGGpETQYF,CASSQTSGGPETQYF,TRBV6-5,TRBJ2-5,CAVMDSNYQLIW,Donor AJD3280:L TCRab CD8ab MAIT,4.000000,-,-,-,-,-,-,-,-,-,-,-
3467,single,1.0e+00,1,1,9.7e-08,1.0e+00,1.0e-03,1.0e-01,1.0e-03,9.5e-01,global-SQTSGGPET,CASSQTSGGpETQYF,CASSQTSGGPETQYF,TRBV6-5,TRBJ2-5,CAVMDSNYQLIW,Donor AJD3280:L TCRab CD8ab TRM,1.000000,-,-,-,-,-,-,-,-,-,-,-

3468,single,1.0e+00,1,1,9.5e-07,1.0e+00,1.0e-03,1.0e+00,1.0e-03,9.5e-01,global-SEGLPPHYE,CASSEGLpphYEQYF,CASSEGLPPHYEQYF,TRBV2,TRBJ2-7,CAGAGGGTDKLIF,Donor AJG2309:L TCRab CD8ab TRM,1.000000,-,-,-,-,-,-,-,-,-,-,-
3468,single,1.0e+00,1,1,9.5e-07,1.0e+00,1.0e-03,1.0e+00,1.0e-03,9.5e-01,global-SEGLPPHYE,CASSEGLpphYEQYF,CASSEGLPPHYEQYF,TRBV2,TRBJ2-7,CAVMDSNYQLIW,Donor AJG2309:L TCRab CD8ab Teff,1.000000,-,-,-,-,-,-,-,-,-,-,-

3479,single,1.0e+00,1,1,2.8e-07,1.0e+00,1.0e-03,2.9e-01,1.0e-03,9.5e-01,global-SQTGGSGYG,CASSQTGGsgYGYTF,CASSQTGGSGYGYTF,TRBV3-1,TRBJ1-2,CAMRDGTTDSWGKLQF,Donor AJKQ118:IEL TCRab CD8ab TRM,2.000000,-,-,-,-,-,-,-,-,-,-,-
3479,single,1.0e+00,1,1,2.8e-07,1.0e+00,1.0e-03,2.9e-01,1.0e-03,9.5e-01,global-SQTGGSGYG,CASSQTGGsgYGYTF,CASSQTGGSGYGYTF,TRBV3-1,TRBJ1-2,CAVARTSGTYKYIF,Donor AJKQ118:IEL TCRab CD8ab TRM,1.000000,-,-,-,-,-,-,-,-,-,-,-

3491,single,1.0e+00,1,1,1.3e-07,1.0e+00,1.0e-03,1.4e-01,1.0e-03,9.5e-01,global-SRGYSGTE,CASSRgySGTEAFF,CASSRGYSGTEAFF,TRBV4-2,TRBJ1-1,CAASTGKLIF,Donor AJD3280:L TCRab CD8ab TRM,1.000000,-,-,-,-,-,-,-,-,-,-,-
3491,single,1.0e+00,1,1,1.3e-07,1.0e+00,1.0e-03,1.4e-01,1.0e-03,9.5e-01,global-SRGYSGTE,CASSRgySGTEAFF,CASSRGYSGTEAFF,TRBV4-2,TRBJ1-1,CAASTGKLIF,Donor AJD3280:L TCRab CD8ab Teff,3.000000,-,-,-,-,-,-,-,-,-,-,-

3497,single,1.0e+00,1,1,9.5e-07,1.0e+00,1.0e-03,1.0e+00,1.0e-03,9.5e-01,global-SFGQGGWTGE,CASSfGQGgwTGELFF,CASSFGQGGWTGELFF,TRBV6-5,TRBJ2-2,CAAANEKLTF,Donor AJKQ118:LP TCRab CD8ab TEM,1.000000,-,-,-,-,-,-,-,-,-,-,-
3497,single,1.0e+00,1,1,9.5e-07,1.0e+00,1.0e-03,1.0e+00,1.0e-03,9.5e-01,global-SFGQGGWTGE,CASSfGQGgwTGELFF,CASSFGQGGWTGELFF,TRBV6-5,TRBJ2-2,CAAANEKLTF,Donor AJKQ118:LP TCRab CD8ab TRM,1.000000,-,-,-,-,-,-,-,-,-,-,-

3520,single,1.0e+00,1,1,9.5e-08,1.0e+00,1.0e-03,9.9e-02,1.0e-03,9.5e-01,global-DYQEGSSTDT,CASdyqegsSTDTQYF,CASDYQEGSSTDTQYF,TRBV6-1,TRBJ2-3,CVVSSNTGFQKLVF,Donor AJG2309:PB TCRab CD8ab TEM,1.000000,-,-,-,-,-,-,-,-,-,-,-
3520,single,1.0e+00,1,1,9.5e-08,1.0e+00,1.0e-03,9.9e-02,1.0e-03,9.5e-01,global-DYQEGSSTDT,CASdyqegsSTDTQYF,CASDYQEGSSTDTQYF,TRBV6-1,TRBJ2-3,CVVSSNTGFQKLVF,Donor AJG2309:PB TCRab CD8ab Teff,4.000000,-,-,-,-,-,-,-,-,-,-,-

3532,single,1.0e+00,1,1,9.5e-07,1.0e+00,1.0e-03,1.0e+00,1.0e-03,9.5e-01,global-SDLVDRGGEK,CASSDlvDRGgEKLFF,CASSDLVDRGGEKLFF,TRBV6-1,TRBJ1-4,CAVMDSNYQLIW,Donor AJD3280:IEL TCRab CD8ab TRM,1.000000,-,-,-,-,-,-,-,-,-,-,-
3532,single,1.0e+00,1,1,9.5e-07,1.0e+00,1.0e-03,1.0e+00,1.0e-03,9.5e-01,global-SDLVDRGGEK,CASSDlvDRGgEKLFF,CASSDLVDRGGEKLFF,TRBV6-1,TRBJ1-4,CAVMDSNYQLIW,Donor AJD3280:L TCRab CD8ab MAIT,1.000000,-,-,-,-,-,-,-,-,-,-,-

3542,single,1.0e+00,1,1,2.5e-07,1.0e+00,1.0e-03,2.6e-01,1.0e-03,9.5e-01,global-SSGLTSYE,CASSSGLtSYEQYF,CASSSGLTSYEQYF,TRBV9,TRBJ2-7,CIVRVGSQGGKLIF,Donor AJG2309:L TCRab CD8ab TRM,1.000000,-,-,-,-,-,-,-,-,-,-,-
3542,single,1.0e+00,1,1,2.5e-07,1.0e+00,1.0e-03,2.6e-01,1.0e-03,9.5e-01,global-SSGLTSYE,CASSSGLtSYEQYF,CASSSGLTSYEQYF,TRBV9,TRBJ2-7,CAAQGGSEKLVF,Donor AJG2309:L TCRab CD8ab TRM,2.000000,-,-,-,-,-,-,-,-,-,-,-

3564,single,1.0e+00,1,1,9.3e-08,1.0e+00,1.0e-03,9.7e-02,1.0e-03,9.5e-01,global-SGQPAWK,CASSGQpawkfkV,CASSGQPAWKFKV,TRBV11-2,TRBJ1-2,CAVRPVGTGTASKLTF,Donor AJD3280:IEL TCRab CD8ab TRM,4.000000,-,-,-,-,-,-,-,-,-,-,-
3564,single,1.0e+00,1,1,9.3e-08,1.0e+00,1.0e-03,9.7e-02,1.0e-03,9.5e-01,global-SGQPAWK,CASSGQpawkfkV,CASSGQPAWKFKV,TRBV11-2,TRBJ1-2,CAVRPVGTGTASKLTF,Donor AJD3280:LP TCRab CD8ab TEM,1.000000,-,-,-,-,-,-,-,-,-,-,-

3570,single,1.0e+00,1,1,9.5e-07,1.0e+00,1.0e-03,1.0e+00,1.0e-03,9.5e-01,global-RAITSNE,CSARaiTSNEQFF,CSARAITSNEQFF,TRBV20-1,TRBJ2-1,CAVRTGRRALTF,Donor AJG2309:IEL TCRab CD8ab TRM,1.000000,-,-,-,-,-,-,-,-,-,-,-
3570,single,1.0e+00,1,1,9.5e-07,1.0e+00,1.0e-03,1.0e+00,1.0e-03,9.5e-01,global-RAITSNE,CSARaiTSNEQFF,CSARAITSNEQFF,TRBV20-1,TRBJ2-1,CAVRTGRRALTF,Donor AJG2309:LP TCRab CD8ab TRM,1.000000,-,-,-,-,-,-,-,-,-,-,-

3589,single,1.0e+00,1,1,9.5e-07,1.0e+00,1.0e-03,1.0e+00,1.0e-03,9.5e-01,global-SYSLSRGLFYE,CASSYslsRGlfYEQYF,CASSYSLSRGLFYEQYF,TRBV6-2,TRBJ2-7,CEPVSDGQKLLF,Donor AJG2309:IEL TCRab CD8ab TRM,1.000000,-,-,-,-,-,-,-,-,-,-,-
3589,single,1.0e+00,1,1,9.5e-07,1.0e+00,1.0e-03,1.0e+00,1.0e-03,9.5e-01,global-SYSLSRGLFYE,CASSYslsRGlfYEQYF,CASSYSLSRGLFYEQYF,TRBV6-2,TRBJ2-7,CALLPYSGAGSYQLTF,Donor AJG2309:PB TCRab CD8ab Teff,1.000000,-,-,-,-,-,-,-,-,-,-,-

3593,single,1.0e+00,1,1,9.6e-08,1.0e+00,1.0e-03,1.0e-01,1.0e-03,9.5e-01,global-SLYSGGSPYE,CASSLySGGspYEQYF,CASSLYSGGSPYEQYF,TRBV7-9,TRBJ2-7,CAASARYQGGSEKLVF,Donor AJG2309:IEL TCRab CD8ab TRM,3.000000,-,-,-,-,-,-,-,-,-,-,-
3593,single,1.0e+00,1,1,9.6e-08,1.0e+00,1.0e-03,1.0e-01,1.0e-03,9.5e-01,global-SLYSGGSPYE,CASSLySGGspYEQYF,CASSLYSGGSPYEQYF,TRBV7-9,TRBJ2-7,CAVRNRDDKIIF,Donor AJG2309:IEL TCRab CD8ab TRM,4.000000,-,-,-,-,-,-,-,-,-,-,-
3593,single,1.0e+00,1,1,9.6e-08,1.0e+00,1.0e-03,1.0e-01,1.0e-03,9.5e-01,global-SLYSGGSPYE,CASSLySGGspYEQYF,CASSLYSGGSPYEQYF,TRBV7-9,TRBJ2-7,CAASARYQGGSEKLVF,Donor AJG2309:LP TCRab CD8ab TRM,1.000000,-,-,-,-,-,-,-,-,-,-,-
3593,single,1.0e+00,1,1,9.6e-08,1.0e+00,1.0e-03,1.0e-01,1.0e-03,9.5e-01,global-SLYSGGSPYE,CASSLySGGspYEQYF,CASSLYSGGSPYEQYF,TRBV7-9,TRBJ2-7,CAVRNRDDKIIF,Donor AJG2309:LP TCRab CD8ab TRM,1.000000,-,-,-,-,-,-,-,-,-,-,-

3606,single,1.0e+00,1,1,9.5e-07,1.0e+00,1.0e-03,1.0e+00,1.0e-03,9.5e-01,global-RVTLRTE,CASrvtlrtEQFF,CASRVTLRTEQFF,TRBV6-5,TRBJ2-1,CAVVGGGADGLTF,Donor AJKQ118:IEL TCRab CD8ab TRM,1.000000,-,-,-,-,-,-,-,-,-,-,-
3606,single,1.0e+00,1,1,9.5e-07,1.0e+00,1.0e-03,1.0e+00,1.0e-03,9.5e-01,global-RVTLRTE,CASrvtlrtEQFF,CASRVTLRTEQFF,TRBV6-5,TRBJ2-1,CAVVGGGADGLTF,Donor AJKQ118:PB TCRab CD8ab Teff,1.000000,-,-,-,-,-,-,-,-,-,-,-

3610,single,1.0e+00,1,1,9.5e-07,1.0e+00,1.0e-03,1.0e+00,1.0e-03,9.5e-01,global-SERTTGPQET,CASSErtTGpQETQYF,CASSERTTGPQETQYF,TRBV10-1,TRBJ2-5,CAMRSTAGGTSYGKLTF,Donor AJKQ118:L TCRab CD8ab Naive/TCM,1.000000,-,-,-,-,-,-,-,-,-,-,-
3610,single,1.0e+00,1,1,9.5e-07,1.0e+00,1.0e-03,1.0e+00,1.0e-03,9.5e-01,global-SERTTGPQET,CASSErtTGpQETQYF,CASSERTTGPQETQYF,TRBV10-1,TRBJ2-5,CAMRSTAGGTSYGKLTF,Donor AJKQ118:L TCRab CD8ab TRM,1.000000,-,-,-,-,-,-,-,-,-,-,-

3614,single,1.0e+00,1,1,9.5e-07,1.0e+00,1.0e-03,1.0e+00,1.0e-03,9.5e-01,global-SYLGVFDG,CASSYlgvfdGYTF,CASSYLGVFDGYTF,TRBV6-6,TRBJ1-2,CAMRDTGNQFYF,Donor AJG2309:IEL TCRab CD8ab TRM,1.000000,-,-,-,-,-,-,-,-,-,-,-
3614,single,1.0e+00,1,1,9.5e-07,1.0e+00,1.0e-03,1.0e+00,1.0e-03,9.5e-01,global-SYLGVFDG,CASSYlgvfdGYTF,CASSYLGVFDGYTF,TRBV6-6,TRBJ1-2,CAMRDTGNQFYF,Donor AJG2309:LP TCRab CD8ab TEM,1.000000,-,-,-,-,-,-,-,-,-,-,-

3626,single,1.0e+00,1,1,1.5e-07,1.0e+00,1.0e-03,1.6e-01,1.0e-03,9.5e-01,global-SYSTVASGNT,CASSYstvaSGNTIYF,CASSYSTVASGNTIYF,TRBV6-6,TRBJ1-3,CAVRDIDDYKLSF,Donor AJD3280:IEL TCRab CD8ab TRM,2.000000,-,-,-,-,-,-,-,-,-,-,-
3626,single,1.0e+00,1,1,1.5e-07,1.0e+00,1.0e-03,1.6e-01,1.0e-03,9.5e-01,global-SYSTVASGNT,CASSYstvaSGNTIYF,CASSYSTVASGNTIYF,TRBV6-6,TRBJ1-3,CDSDKLIF,Donor AJD3280:IEL TCRab CD8ab TRM,2.000000,-,-,-,-,-,-,-,-,-,-,-

3629,single,1.0e+00,1,1,3.0e-07,1.0e+00,1.0e-03,3.2e-01,1.0e-03,9.5e-01,global-SLGGQGRFSDE,CASSLgGQGrfsdEQFF,CASSLGGQGRFSDEQFF,TRBV7-6,TRBJ2-1,CARANFGNEKLTF,Donor AJG2309:IEL TCRab CD8ab TRM,1.000000,-,-,-,-,-,-,-,-,-,-,-
3629,single,1.0e+00,1,1,3.0e-07,1.0e+00,1.0e-03,3.2e-01,1.0e-03,9.5e-01,global-SLGGQGRFSDE,CASSLgGQGrfsdEQFF,CASSLGGQGRFSDEQFF,TRBV7-6,TRBJ2-1,CARANFGNEKLTF,Donor AJG2309:LP TCRab CD8ab TRM,2.000000,-,-,-,-,-,-,-,-,-,-,-

3630,single,1.0e+00,1,1,9.5e-07,1.0e+00,1.0e-03,1.0e+00,1.0e-03,9.5e-01,global-SPTPTNTE,CASSPtptNTEAFF,CASSPTPTNTEAFF,TRBV6-5,TRBJ1-1,CAVRPGNQGGKLIF,Donor AJG2309:IEL TCRab CD8ab TRM,1.000000,-,-,-,-,-,-,-,-,-,-,-
3630,single,1.0e+00,1,1,9.5e-07,1.0e+00,1.0e-03,1.0e+00,1.0e-03,9.5e-01,global-SPTPTNTE,CASSPtptNTEAFF,CASSPTPTNTEAFF,TRBV6-5,TRBJ1-1,CAVRPGNQGGKLIF,Donor AJG2309:LP TCRab CD8ab TRM,1.000000,-,-,-,-,-,-,-,-,-,-,-

3645,single,1.0e+00,1,1,9.5e-07,1.0e+00,1.0e-03,1.0e+00,1.0e-03,9.5e-01,global-RGADTGE,CSARgadTGELFF,CSARGADTGELFF,TRBV20-1,TRBJ2-2,CALSEAPHNNARLMF,Donor AJG2309:IEL TCRab CD8ab TRM,1.000000,-,-,-,-,-,-,-,-,-,-,-
3645,single,1.0e+00,1,1,9.5e-07,1.0e+00,1.0e-03,1.0e+00,1.0e-03,9.5e-01,global-RGADTGE,CSARgadTGELFF,CSARGADTGELFF,TRBV20-1,TRBJ2-2,CARMNYGGATNKLIF,Donor AJG2309:IEL TCRab CD8ab TRM,1.000000,-,-,-,-,-,-,-,-,-,-,-

3661,single,1.0e+00,1,1,2.5e-07,1.0e+00,1.0e-03,2.7e-01,1.0e-03,9.5e-01,global-SQEIGGLTDT,CASSQeigGLTDTQYF,CASSQEIGGLTDTQYF,TRBV14,TRBJ2-3,CAVRAAGNNRKLIW,Donor AJG2309:IEL TCRab CD8ab TRM,1.000000,-,-,-,-,-,-,-,-,-,-,-
3661,single,1.0e+00,1,1,2.5e-07,1.0e+00,1.0e-03,2.7e-01,1.0e-03,9.5e-01,global-SQEIGGLTDT,CASSQeigGLTDTQYF,CASSQEIGGLTDTQYF,TRBV14,TRBJ2-3,CAVRAAGNNRKLIW,Donor AJG2309:LP TCRab CD8ab TRM,2.000000,-,-,-,-,-,-,-,-,-,-,-

3664,single,1.0e+00,1,1,6.0e-05,1.0e+00,6.3e-02,1.0e+00,1.0e-03,9.5e-01,global-SLAPFTGE,CASSLapfTGELFF,CASSLAPFTGELFF,TRBV11-2,TRBJ2-2,CAVRDKGGADGLTF,Donor AJG2309:IEL TCRab CD8ab TRM,1.000000,-,-,-,-,-,-,-,-,-,-,-
3664,single,1.0e+00,1,1,6.0e-05,1.0e+00,6.3e-02,1.0e+00,1.0e-03,9.5e-01,global-SLAPFTGE,CASSLapfTGELFF,CASSLAPFTGELFF,TRBV7-2,TRBJ2-2,CAVRDKGGADGLTF,Donor AJG2309:IEL TCRab CD8ab TRM,1.000000,-,-,-,-,-,-,-,-,-,-,-

3678,single,1.0e+00,1,1,9.5e-07,1.0e+00,1.0e-03,1.0e+00,1.0e-03,9.5e-01,global-SSPIWDRQET,CASSSpiwDRQETQYF,CASSSPIWDRQETQYF,TRBV11-2,TRBJ2-5,CAASPLWGAQKLVF,Donor AJG2309:PB TCRab CD8ab TEM,1.000000,-,-,-,-,-,-,-,-,-,-,-
3678,single,1.0e+00,1,1,9.5e-07,1.0e+00,1.0e-03,1.0e+00,1.0e-03,9.5e-01,global-SSPIWDRQET,CASSSpiwDRQETQYF,CASSSPIWDRQETQYF,TRBV11-2,TRBJ2-5,CAASPLWGAQKLVF,Donor AJG2309:PB TCRab CD8ab Teff,1.000000,-,-,-,-,-,-,-,-,-,-,-

3690,single,1.0e+00,1,1,2.7e-07,1.0e+00,1.0e-03,2.8e-01,1.0e-03,9.5e-01,global-SVAGTSGSRG,CASSVaGTSGsrgQYF,CASSVAGTSGSRGQYF,TRBV9,TRBJ2-5,CARVLHC,Donor AJG2309:PB TCRab CD8ab Teff,2.000000,-,-,-,-,-,-,-,-,-,-,-
3690,single,1.0e+00,1,1,2.7e-07,1.0e+00,1.0e-03,2.8e-01,1.0e-03,9.5e-01,global-SVAGTSGSRG,CASSVaGTSGsrgQYF,CASSVAGTSGSRGQYF,TRBV9,TRBJ2-5,CALSPYNQGGKLIF,Donor AJG2309:PB TCRab CD8ab Teff,1.000000,-,-,-,-,-,-,-,-,-,-,-

3704,single,1.0e+00,1,1,1.4e-07,1.0e+00,1.0e-03,1.5e-01,1.0e-03,9.5e-01,global-RDVRGAWEK,CSARdvRGawEKLFF,CSARDVRGAWEKLFF,TRBV20-1,TRBJ1-4,CAASGGSQGNLIF,Donor AJKQ118:IEL TCRab CD8ab TRM,3.000000,-,-,-,-,-,-,-,-,-,-,-
3704,single,1.0e+00,1,1,1.4e-07,1.0e+00,1.0e-03,1.5e-01,1.0e-03,9.5e-01,global-RDVRGAWEK,CSARdvRGawEKLFF,CSARDVRGAWEKLFF,TRBV20-1,TRBJ1-4,CAASGGSQGNLIF,Donor AJKQ118:L TCRab CD8ab Naive/TCM,1.000000,-,-,-,-,-,-,-,-,-,-,-

3713,single,1.0e+00,1,1,9.5e-07,1.0e+00,1.0e-03,1.0e+00,1.0e-03,9.5e-01,global-RGVGTDT,CSARgvgTDTQYF,CSARGVGTDTQYF,TRBV20-1,TRBJ2-3,CARYNFNKFYF,Donor AJKQ118:IEL TCRab CD8ab TRM,1.000000,-,-,-,-,-,-,-,-,-,-,-
3713,single,1.0e+00,1,1,9.5e-07,1.0e+00,1.0e-03,1.0e+00,1.0e-03,9.5e-01,global-RGVGTDT,CSARgvgTDTQYF,CSARGVGTDTQYF,TRBV20-1,TRBJ2-3,CARYNFNKFYF,Donor AJKQ118:L TCRab CD8ab TRM,1.000000,-,-,-,-,-,-,-,-,-,-,-

3732,single,1.0e+00,1,1,9.5e-07,1.0e+00,1.0e-03,1.0e+00,1.0e-03,9.5e-01,global-SSAGTGFSYE,CAISsaGTGfSYEQYF,CAISSAGTGFSYEQYF,TRBV10-3,TRBJ2-7,CGADMKMDSNYQLIW,Donor AJD3280:L TCRab CD8ab Teff,1.000000,-,-,-,-,-,-,-,-,-,-,-
3732,single,1.0e+00,1,1,9.5e-07,1.0e+00,1.0e-03,1.0e+00,1.0e-03,9.5e-01,global-SSAGTGFSYE,CAISsaGTGfSYEQYF,CAISSAGTGFSYEQYF,TRBV10-3,TRBJ2-7,CGADMKMDSNYQLIW,Donor AJD3280:PB TCRab CD8ab Teff,1.000000,-,-,-,-,-,-,-,-,-,-,-

3735,single,1.0e+00,1,1,2.7e-07,1.0e+00,1.0e-03,2.9e-01,1.0e-03,9.5e-01,global-SSGVYNE,CASSSgvYNEQFF,CASSSGVYNEQFF,TRBV7-3,TRBJ2-1,CAENYGGSQGNLIF,Donor AJG2309:L TCRab CD8ab TRM,1.000000,-,-,-,-,-,-,-,-,-,-,-
3735,single,1.0e+00,1,1,2.7e-07,1.0e+00,1.0e-03,2.9e-01,1.0e-03,9.5e-01,global-SSGVYNE,CASSSgvYNEQFF,CASSSGVYNEQFF,TRBV7-3,TRBJ2-1,CAENYGGSQGNLIF,Donor AJG2309:PB TCRab CD8ab Teff,2.000000,-,-,-,-,-,-,-,-,-,-,-

3751,single,1.0e+00,1,1,2.6e-07,1.0e+00,1.0e-03,2.7e-01,1.0e-03,9.5e-01,global-SRGVGAPLYE,CASSRgvgaplYEQYF,CASSRGVGAPLYEQYF,TRBV28,TRBJ2-7,CAYRSFRSGNTPLVF,Donor AJG2309:IEL TCRab CD8ab TRM,2.000000,-,-,-,-,-,-,-,-,-,-,-
3751,single,1.0e+00,1,1,2.6e-07,1.0e+00,1.0e-03,2.7e-01,1.0e-03,9.5e-01,global-SRGVGAPLYE,CASSRgvgaplYEQYF,CASSRGVGAPLYEQYF,TRBV28,TRBJ2-7,CAYRSFRSGNTPLVF,Donor AJG2309:LP TCRab CD8ab TRM,1.000000,-,-,-,-,-,-,-,-,-,-,-

3758,single,1.0e+00,1,1,9.5e-07,1.0e+00,1.0e-03,1.0e+00,1.0e-03,9.5e-01,global-SQDVGVGQGRLE,CASSQdvgvGQGrlEAFF,CASSQDVGVGQGRLEAFF,TRBV4-3,TRBJ1-1,CAFPPAPGSGNTGKLIF,Donor AJG2309:IEL TCRab CD8ab TRM,1.000000,-,-,-,-,-,-,-,-,-,-,-
3758,single,1.0e+00,1,1,9.5e-07,1.0e+00,1.0e-03,1.0e+00,1.0e-03,9.5e-01,global-SQDVGVGQGRLE,CASSQdvgvGQGrlEAFF,CASSQDVGVGQGRLEAFF,TRBV4-3,TRBJ1-1,CALSEDRGSTLGRLYF,Donor AJG2309:LP TCRab CD8ab TRM,1.000000,-,-,-,-,-,-,-,-,-,-,-

3787,single,1.0e+00,1,1,1.4e-07,1.0e+00,1.0e-03,1.5e-01,1.0e-03,9.5e-01,global-SPLASVNTGE,CASSPLAsvNTGELFF,CASSPLASVNTGELFF,TRBV3-1,TRBJ2-2,CATANTGTASKLTF,Donor AJKQ118:IEL TCRab CD8ab TRM,4.000000,-,-,-,-,-,-,-,-,-,-,-
3787,single,1.0e+00,1,1,1.4e-07,1.0e+00,1.0e-03,1.5e-01,1.0e-03,9.5e-01,global-SPLASVNTGE,CASSPLAsvNTGELFF,CASSPLASVNTGELFF,TRBV3-1,TRBJ2-2,CGTGGPQETSGSRLTF,Donor AJKQ118:IEL TCRab CD8ab TRM,2.000000,-,-,-,-,-,-,-,-,-,-,-
3787,single,1.0e+00,1,1,1.4e-07,1.0e+00,1.0e-03,1.5e-01,1.0e-03,9.5e-01,global-SPLASVNTGE,CASSPLAsvNTGELFF,CASSPLASVNTGELFF,TRBV3-1,TRBJ2-2,CATANTGTASKLTF,Donor AJKQ118:L TCRab CD8ab TRM,1.000000,-,-,-,-,-,-,-,-,-,-,-
3787,single,1.0e+00,1,1,1.4e-07,1.0e+00,1.0e-03,1.5e-01,1.0e-03,9.5e-01,global-SPLASVNTGE,CASSPLAsvNTGELFF,CASSPLASVNTGELFF,TRBV3-1,TRBJ2-2,CGTGGPQETSGSRLTF,Donor AJKQ118:L TCRab CD8ab TRM,1.000000,-,-,-,-,-,-,-,-,-,-,-

3789,single,1.0e+00,1,1,9.5e-07,1.0e+00,1.0e-03,1.0e+00,1.0e-03,9.5e-01,global-STGQGGDLYLGNT,CASStGQGgdlylGNTIYF,CASSTGQGGDLYLGNTIYF,TRBV7-8,TRBJ1-3,CLVGDPSGGGADGLTF,Donor AJD3280:LP TCRab CD8ab TRM,1.000000,-,-,-,-,-,-,-,-,-,-,-
3789,single,1.0e+00,1,1,9.5e-07,1.0e+00,1.0e-03,1.0e+00,1.0e-03,9.5e-01,global-STGQGGDLYLGNT,CASStGQGgdlylGNTIYF,CASSTGQGGDLYLGNTIYF,TRBV7-8,TRBJ1-3,CLVGDPSGGGADGLTF,Donor AJD3280:PB TCRab CD8ab TEM,1.000000,-,-,-,-,-,-,-,-,-,-,-

3825,single,1.0e+00,1,1,1.5e-07,1.0e+00,1.0e-03,1.6e-01,1.0e-03,9.5e-01,global-SALAGVGSYE,CASSaLAGvgSYEQYF,CASSALAGVGSYEQYF,TRBV7-8,TRBJ2-7,CAGKKTGGFKTIF,Donor AJKQ118:IEL TCRab CD8ab TRM,3.000000,-,-,-,-,-,-,-,-,-,-,-
3825,single,1.0e+00,1,1,1.5e-07,1.0e+00,1.0e-03,1.6e-01,1.0e-03,9.5e-01,global-SALAGVGSYE,CASSaLAGvgSYEQYF,CASSALAGVGSYEQYF,TRBV7-8,TRBJ2-7,CAGKKTGGFKTIF,Donor AJKQ118:LP TCRab CD8ab TEM,1.000000,-,-,-,-,-,-,-,-,-,-,-

3833,single,1.0e+00,1,1,1.9e-09,1.0e+00,1.0e-03,2.0e-03,1.0e-03,9.5e-01,global-SSEIGNE,CASSSeigNEQFF,CASSSEIGNEQFF,TRBV7-3,TRBJ2-1,CAMREGVRLDGQKLLF,Donor AJG2309:L TCRab CD8ab TRM,1.000000,-,-,-,-,-,-,-,-,-,-,-
3833,single,1.0e+00,1,1,1.9e-09,1.0e+00,1.0e-03,2.0e-03,1.0e-03,9.5e-01,global-SSEIGNE,CASSSeigNEQFF,CASSSEIGNEQFF,TRBV7-3,TRBJ2-1,CAMREGVRLDGQKLLF,Donor AJG2309:L TCRab CD8ab Teff,10.000000,-,-,-,-,-,-,-,-,-,-,-
3833,single,1.0e+00,1,1,1.9e-09,1.0e+00,1.0e-03,2.0e-03,1.0e-03,9.5e-01,global-SSEIGNE,CASSSeigNEQFF,CASSSEIGNEQFF,TRBV7-3,TRBJ2-1,CAMREGVRLDGQKLLF,Donor AJG2309:LP TCRab CD8ab TEM,1.000000,-,-,-,-,-,-,-,-,-,-,-
3833,single,1.0e+00,1,1,1.9e-09,1.0e+00,1.0e-03,2.0e-03,1.0e-03,9.5e-01,global-SSEIGNE,CASSSeigNEQFF,CASSSEIGNEQFF,TRBV7-3,TRBJ2-1,CAMREGVRLDGQKLLF,Donor AJG2309:PB TCRab CD8ab Teff,32.000000,-,-,-,-,-,-,-,-,-,-,-

3865,single,1.0e+00,1,1,1.4e-07,1.0e+00,1.0e-03,1.5e-01,1.0e-03,9.5e-01,global-SQNRASYE,CASSQnraSYEQYF,CASSQNRASYEQYF,TRBV4-2,TRBJ2-7,CALNTNAGKSTF,Donor AJD3280:IEL TCRab CD8ab TRM,2.000000,-,-,-,-,-,-,-,-,-,-,-
3865,single,1.0e+00,1,1,1.4e-07,1.0e+00,1.0e-03,1.5e-01,1.0e-03,9.5e-01,global-SQNRASYE,CASSQnraSYEQYF,CASSQNRASYEQYF,TRBV4-2,TRBJ2-7,CALNTNAGKSTF,Donor AJD3280:LP TCRab CD8ab TRM,2.000000,-,-,-,-,-,-,-,-,-,-,-

3868,single,1.0e+00,1,1,2.1e-07,1.0e+00,1.0e-03,2.2e-01,1.0e-03,9.5e-01,global-SFDRGAE,CASSfDRGaEAFF,CASSFDRGAEAFF,TRBV4-1,TRBJ1-1,CAENKNYGGSQGNLIF,Donor AJG2309:IEL TCRab CD8ab TRM,3.000000,-,-,-,-,-,-,-,-,-,-,-
3868,single,1.0e+00,1,1,2.1e-07,1.0e+00,1.0e-03,2.2e-01,1.0e-03,9.5e-01,global-SFDRGAE,CASSfDRGaEAFF,CASSFDRGAEAFF,TRBV4-1,TRBJ1-1,CAWVSTIQGAQKLVF,Donor AJG2309:IEL TCRab CD8ab TRM,1.000000,-,-,-,-,-,-,-,-,-,-,-
3868,single,1.0e+00,1,1,2.1e-07,1.0e+00,1.0e-03,2.2e-01,1.0e-03,9.5e-01,global-SFDRGAE,CASSfDRGaEAFF,CASSFDRGAEAFF,TRBV4-1,TRBJ1-1,CAENKNYGGSQGNLIF,Donor AJG2309:LP TCRab CD8ab TRM,1.000000,-,-,-,-,-,-,-,-,-,-,-

3873,single,1.0e+00,1,1,1.8e-08,1.0e+00,1.0e-03,1.9e-02,1.0e-03,9.5e-01,global-SIAGGRQET,CASSIAGGrQETQYF,CASSIAGGRQETQYF,TRBV5-8,TRBJ2-5,CAMSAASNTGKLIF,Donor AJKQ118:IEL TCRab CD8ab TRM,1.000000,-,-,-,-,-,-,-,-,-,-,-
3873,single,1.0e+00,1,1,1.8e-08,1.0e+00,1.0e-03,1.9e-02,1.0e-03,9.5e-01,global-SIAGGRQET,CASSIAGGrQETQYF,CASSIAGGRQETQYF,TRBV5-8,TRBJ2-5,CAMSAASNTGKLIF,Donor AJKQ118:L TCRab CD8ab TRM,10.000000,-,-,-,-,-,-,-,-,-,-,-
3873,single,1.0e+00,1,1,1.8e-08,1.0e+00,1.0e-03,1.9e-02,1.0e-03,9.5e-01,global-SIAGGRQET,CASSIAGGrQETQYF,CASSIAGGRQETQYF,TRBV5-8,TRBJ2-5,CAVEPSRKLIW,Donor AJKQ118:L TCRab CD8ab TRM,5.000000,-,-,-,-,-,-,-,-,-,-,-

3877,single,1.0e+00,1,1,2.7e-07,1.0e+00,1.0e-03,2.8e-01,1.0e-03,9.5e-01,global-SDSTWGT,CATSDstwgTQYF,CATSDSTWGTQYF,TRBV24-1,TRBJ2-3,CAMREFTGGGNKLTF,Donor AJD3280:IEL TCRab CD8ab TRM,2.000000,-,-,-,-,-,-,-,-,-,-,-
3877,single,1.0e+00,1,1,2.7e-07,1.0e+00,1.0e-03,2.8e-01,1.0e-03,9.5e-01,global-SDSTWGT,CATSDstwgTQYF,CATSDSTWGTQYF,TRBV24-1,TRBJ2-3,CAMREFTGGGNKLTF,Donor AJD3280:LP TCRab CD8ab TRM,1.000000,-,-,-,-,-,-,-,-,-,-,-

3881,single,1.0e+00,1,1,4.6e-08,1.0e+00,1.0e-03,4.8e-02,1.0e-03,9.5e-01,global-SPLPGQGYE,CASSPlpGQGYEQYF,CASSPLPGQGYEQYF,TRBV9,TRBJ2-7,CAMRGPVNFGNEKLTF,Donor AJKQ118:IEL TCRab CD8ab TRM,5.000000,-,-,-,-,-,-,-,-,-,-,-
3881,single,1.0e+00,1,1,4.6e-08,1.0e+00,1.0e-03,4.8e-02,1.0e-03,9.5e-01,global-SPLPGQGYE,CASSPlpGQGYEQYF,CASSPLPGQGYEQYF,TRBV9,TRBJ2-7,CAMRGPVNFGNEKLTF,Donor AJKQ118:LP TCRab CD8ab TRM,2.000000,-,-,-,-,-,-,-,-,-,-,-

3883,single,1.0e+00,1,1,9.5e-07,1.0e+00,1.0e-03,1.0e+00,1.0e-03,9.5e-01,global-SYGDSYE,CASSYgdSYEQYF,CASSYGDSYEQYF,TRBV6-5,TRBJ2-7,CAVRESPLQLTF,Donor AJG2309:IEL TCRab CD8ab TRM,1.000000,-,-,-,-,-,-,-,-,-,-,-
3883,single,1.0e+00,1,1,9.5e-07,1.0e+00,1.0e-03,1.0e+00,1.0e-03,9.5e-01,global-SYGDSYE,CASSYgdSYEQYF,CASSYGDSYEQYF,TRBV6-5,TRBJ2-7,CAVRESPLQLTF,Donor AJG2309:LP TCRab CD8ab TRM,1.000000,-,-,-,-,-,-,-,-,-,-,-

3892,single,1.0e+00,1,1,1.4e-07,1.0e+00,1.0e-03,1.4e-01,1.0e-03,9.5e-01,global-PRLRNVNTE,CSAprlrnvNTEAFF,CSAPRLRNVNTEAFF,TRBV20-1,TRBJ1-1,CAMRGDSNFGNEKLTF,Donor AJKQ118:IEL TCRab CD8ab TRM,3.000000,-,-,-,-,-,-,-,-,-,-,-
3892,single,1.0e+00,1,1,1.4e-07,1.0e+00,1.0e-03,1.4e-01,1.0e-03,9.5e-01,global-PRLRNVNTE,CSAprlrnvNTEAFF,CSAPRLRNVNTEAFF,TRBV20-1,TRBJ1-1,CAMRGDSNFGNEKLTF,Donor AJKQ118:L TCRab CD8ab TRM,1.000000,-,-,-,-,-,-,-,-,-,-,-

3895,single,1.0e+00,1,1,6.1e-08,1.0e+00,1.0e-03,6.4e-02,1.0e-03,9.5e-01,global-SSFGEGVEET,CASSSfgegveETQYF,CASSSFGEGVEETQYF,TRBV5-6,TRBJ2-5,CAVRDYWTGANNLFF,Donor AJG2309:IEL TCRab CD8ab TRM,5.000000,-,-,-,-,-,-,-,-,-,-,-
3895,single,1.0e+00,1,1,6.1e-08,1.0e+00,1.0e-03,6.4e-02,1.0e-03,9.5e-01,global-SSFGEGVEET,CASSSfgegveETQYF,CASSSFGEGVEETQYF,TRBV5-6,TRBJ2-5,CAVRDYWTGANNLFF,Donor AJG2309:LP TCRab CD8ab TRM,1.000000,-,-,-,-,-,-,-,-,-,-,-

3905,single,1.0e+00,1,1,9.5e-07,1.0e+00,1.0e-03,1.0e+00,1.0e-03,9.5e-01,global-SLGGDRVFQET,CASSLGGdrvfQETQYF,CASSLGGDRVFQETQYF,TRBV5-4,TRBJ2-5,CAPTRNQGGKLIF,Donor AJG2309:L TCRab CD8ab TRM,1.000000,-,-,-,-,-,-,-,-,-,-,-
3905,single,1.0e+00,1,1,9.5e-07,1.0e+00,1.0e-03,1.0e+00,1.0e-03,9.5e-01,global-SLGGDRVFQET,CASSLGGdrvfQETQYF,CASSLGGDRVFQETQYF,TRBV5-4,TRBJ2-5,CAVRPESGNTPLVF,Donor AJG2309:L TCRab CD8ab Teff,1.000000,-,-,-,-,-,-,-,-,-,-,-

3907,single,1.0e+00,1,1,2.7e-07,1.0e+00,1.0e-03,2.8e-01,1.0e-03,9.5e-01,global-SARPLDRGE,CASSarplDRGEQYF,CASSARPLDRGEQYF,TRBV9,TRBJ2-7,CAAFNTDKLIF,Donor AJD3280:IEL TCRab CD8ab TRM,2.000000,-,-,-,-,-,-,-,-,-,-,-
3907,single,1.0e+00,1,1,2.7e-07,1.0e+00,1.0e-03,2.8e-01,1.0e-03,9.5e-01,global-SARPLDRGE,CASSarplDRGEQYF,CASSARPLDRGEQYF,TRBV9,TRBJ2-7,CAAFNTDKLIF,Donor AJD3280:LP TCRab CD8ab TRM,1.000000,-,-,-,-,-,-,-,-,-,-,-

3909,single,1.0e+00,1,1,1.1e-07,1.0e+00,1.0e-03,1.1e-01,1.0e-03,9.5e-01,global-SLAVGTRSRAE,CASSLavGTrsraEQFF,CASSLAVGTRSRAEQFF,TRBV5-1,TRBJ2-1,CIVRDANAGKSTF,Donor AJG2309:L TCRab CD8ab TRM,1.000000,-,-,-,-,-,-,-,-,-,-,-
3909,single,1.0e+00,1,1,1.1e-07,1.0e+00,1.0e-03,1.1e-01,1.0e-03,9.5e-01,global-SLAVGTRSRAE,CASSLavGTrsraEQFF,CASSLAVGTRSRAEQFF,TRBV5-1,TRBJ2-1,CIVRDANAGKSTF,Donor AJG2309:PB TCRab CD8ab TEM,1.000000,-,-,-,-,-,-,-,-,-,-,-
3909,single,1.0e+00,1,1,1.1e-07,1.0e+00,1.0e-03,1.1e-01,1.0e-03,9.5e-01,global-SLAVGTRSRAE,CASSLavGTrsraEQFF,CASSLAVGTRSRAEQFF,TRBV5-1,TRBJ2-1,CIVRDANAGKSTF,Donor AJG2309:PB TCRab CD8ab Teff,5.000000,-,-,-,-,-,-,-,-,-,-,-

3917,single,1.0e+00,1,1,9.5e-07,1.0e+00,1.0e-03,1.0e+00,1.0e-03,9.5e-01,global-SRDYYG,CASSRdyYGYTF,CASSRDYYGYTF,TRBV12-3,TRBJ1-2,CAVTRAGKSTF,Donor AJKQ118:IEL TCRab CD8ab TRM,1.000000,-,-,-,-,-,-,-,-,-,-,-
3917,single,1.0e+00,1,1,9.5e-07,1.0e+00,1.0e-03,1.0e+00,1.0e-03,9.5e-01,global-SRDYYG,CASSRdyYGYTF,CASSRDYYGYTF,TRBV12-3,TRBJ1-2,CAVTRAGKSTF,Donor AJKQ118:L TCRab CD8ab TRM,1.000000,-,-,-,-,-,-,-,-,-,-,-

3922,single,1.0e+00,1,1,9.5e-07,1.0e+00,1.0e-03,1.0e+00,1.0e-03,9.5e-01,global-GTLAKNI,CASGtlAKNIQYF,CASGTLAKNIQYF,TRBV6-1,TRBJ2-4,CAYAGTGNQFYF,Donor AJKQ118:IEL TCRab CD8ab TRM,1.000000,-,-,-,-,-,-,-,-,-,-,-
3922,single,1.0e+00,1,1,9.5e-07,1.0e+00,1.0e-03,1.0e+00,1.0e-03,9.5e-01,global-GTLAKNI,CASGtlAKNIQYF,CASGTLAKNIQYF,TRBV6-1,TRBJ2-4,CAYAGTGNQFYF,Donor AJKQ118:L TCRab CD8ab Naive/TCM,1.000000,-,-,-,-,-,-,-,-,-,-,-
3922,single,1.0e+00,1,1,9.5e-07,1.0e+00,1.0e-03,1.0e+00,1.0e-03,9.5e-01,global-GTLAKNI,CASGtlAKNIQYF,CASGTLAKNIQYF,TRBV6-1,TRBJ2-4,CAYAGTGNQFYF,Donor AJKQ118:L TCRab CD8ab TRM,1.000000,-,-,-,-,-,-,-,-,-,-,-

3938,single,1.0e+00,1,1,1.4e-07,1.0e+00,1.0e-03,1.5e-01,1.0e-03,9.5e-01,global-RMGVYSNQP,CASrmgvySNQPQHF,CASRMGVYSNQPQHF,TRBV27,TRBJ1-5,CAVNIKSNFGNEKLTF,Donor AJG2309:IEL TCRab CD8ab TRM,1.000000,-,-,-,-,-,-,-,-,-,-,-
3938,single,1.0e+00,1,1,1.4e-07,1.0e+00,1.0e-03,1.5e-01,1.0e-03,9.5e-01,global-RMGVYSNQP,CASrmgvySNQPQHF,CASRMGVYSNQPQHF,TRBV27,TRBJ1-5,CAVRGGNARLMF,Donor AJG2309:IEL TCRab CD8ab TRM,3.000000,-,-,-,-,-,-,-,-,-,-,-

3943,single,1.0e+00,1,1,9.5e-07,1.0e+00,1.0e-03,1.0e+00,1.0e-03,9.5e-01,global-RPRTGNTE,CASrprTGNTEAFF,CASRPRTGNTEAFF,TRBV6-4,TRBJ1-1,CATDAGRGSQGNLIF,Donor AJKQ118:L TCRab CD8ab Naive/TCM,1.000000,-,-,-,-,-,-,-,-,-,-,-
3943,single,1.0e+00,1,1,9.5e-07,1.0e+00,1.0e-03,1.0e+00,1.0e-03,9.5e-01,global-RPRTGNTE,CASrprTGNTEAFF,CASRPRTGNTEAFF,TRBV6-4,TRBJ1-1,CATDAGRGSQGNLIF,Donor AJKQ118:L TCRab CD8ab TRM,1.000000,-,-,-,-,-,-,-,-,-,-,-

3947,single,1.0e+00,1,1,1.5e-07,1.0e+00,1.0e-03,1.5e-01,1.0e-03,9.5e-01,motif-SYPT global-SLRRNSYPTGE,CASSLrrnsypTGELFF,CASSLRRNSYPTGELFF,TRBV9,TRBJ2-2,CAATGDQAGTALIF,Donor AJG2309:IEL TCRab CD8ab TRM,2.000000,-,-,-,-,-,-,-,-,-,-,-
3947,single,1.0e+00,1,1,1.5e-07,1.0e+00,1.0e-03,1.5e-01,1.0e-03,9.5e-01,motif-SYPT global-SLRRNSYPTGE,CASSLrrnsypTGELFF,CASSLRRNSYPTGELFF,TRBV9,TRBJ2-2,CAATGDQAGTALIF,Donor AJG2309:LP TCRab CD8ab TRM,2.000000,-,-,-,-,-,-,-,-,-,-,-

3952,single,1.0e+00,1,1,1.6e-07,1.0e+00,1.0e-03,1.6e-01,1.0e-03,9.5e-01,global-GPDRGMNTE,CASGpDRGmNTEAFF,CASGPDRGMNTEAFF,TRBV12-5,TRBJ1-1,CAGPNTGNQFYF,Donor AJG2309:IEL TCRab CD8ab TRM,3.000000,-,-,-,-,-,-,-,-,-,-,-
3952,single,1.0e+00,1,1,1.6e-07,1.0e+00,1.0e-03,1.6e-01,1.0e-03,9.5e-01,global-GPDRGMNTE,CASGpDRGmNTEAFF,CASGPDRGMNTEAFF,TRBV12-5,TRBJ1-1,CAGPNTGNQFYF,Donor AJG2309:LP TCRab CD8ab TRM,1.000000,-,-,-,-,-,-,-,-,-,-,-

3981,single,1.0e+00,1,1,9.5e-07,1.0e+00,1.0e-03,1.0e+00,1.0e-03,9.5e-01,global-SPQGNGNQP,CASSPQGngNQPQHF,CASSPQGNGNQPQHF,TRBV18,TRBJ1-5,CAYRGLDNYGQNFVF,Donor AJKQ118:IEL TCRab CD8ab TRM,1.000000,-,-,-,-,-,-,-,-,-,-,-
3981,single,1.0e+00,1,1,9.5e-07,1.0e+00,1.0e-03,1.0e+00,1.0e-03,9.5e-01,global-SPQGNGNQP,CASSPQGngNQPQHF,CASSPQGNGNQPQHF,TRBV18,TRBJ1-5,CPLPPVGNQFYF,Donor AJKQ118:IEL TCRab CD8ab TRM,1.000000,-,-,-,-,-,-,-,-,-,-,-

3982,single,1.0e+00,1,1,9.5e-07,1.0e+00,1.0e-03,1.0e+00,1.0e-03,9.5e-01,global-SRIRPLAGKGNE,CASSRirpLAGkgNEQFF,CASSRIRPLAGKGNEQFF,TRBV6-5,TRBJ2-1,CAVRHNTNAGKSTF,Donor AJKQ118:L TCRab CD8ab TRM,1.000000,-,-,-,-,-,-,-,-,-,-,-
3982,single,1.0e+00,1,1,9.5e-07,1.0e+00,1.0e-03,1.0e+00,1.0e-03,9.5e-01,global-SRIRPLAGKGNE,CASSRirpLAGkgNEQFF,CASSRIRPLAGKGNEQFF,TRBV6-5,TRBJ2-1,CAVRHNTNAGKSTF,Donor AJKQ118:LP TCRab CD8ab TEM,1.000000,-,-,-,-,-,-,-,-,-,-,-
3982,single,1.0e+00,1,1,9.5e-07,1.0e+00,1.0e-03,1.0e+00,1.0e-03,9.5e-01,global-SRIRPLAGKGNE,CASSRirpLAGkgNEQFF,CASSRIRPLAGKGNEQFF,TRBV6-5,TRBJ2-1,CAVRHNTNAGKSTF,Donor AJKQ118:PB TCRab CD8ab Teff,1.000000,-,-,-,-,-,-,-,-,-,-,-

4012,single,1.0e+00,1,1,2.7e-07,1.0e+00,1.0e-03,2.8e-01,1.0e-03,9.5e-01,global-NFRDPSYE,CASnfrdpSYEQYF,CASNFRDPSYEQYF,TRBV28,TRBJ2-7,CAVRDGGVYNTDKLIF,Donor AJG2309:L TCRab CD8ab Teff,2.000000,-,-,-,-,-,-,-,-,-,-,-
4012,single,1.0e+00,1,1,2.7e-07,1.0e+00,1.0e-03,2.8e-01,1.0e-03,9.5e-01,global-NFRDPSYE,CASnfrdpSYEQYF,CASNFRDPSYEQYF,TRBV28,TRBJ2-7,CAVRDGGVYNTDKLIF,Donor AJG2309:PB TCRab CD8ab Teff,1.000000,-,-,-,-,-,-,-,-,-,-,-

4017,single,1.0e+00,1,1,2.6e-07,1.0e+00,1.0e-03,2.7e-01,1.0e-03,9.5e-01,global-SINPGSSYNE,CASSInpgsSYNEQFF,CASSINPGSSYNEQFF,TRBV9,TRBJ2-1,CAQGNTDKLIF,Donor AJG2309:IEL TCRab CD8ab TRM,2.000000,-,-,-,-,-,-,-,-,-,-,-
4017,single,1.0e+00,1,1,2.6e-07,1.0e+00,1.0e-03,2.7e-01,1.0e-03,9.5e-01,global-SINPGSSYNE,CASSInpgsSYNEQFF,CASSINPGSSYNEQFF,TRBV9,TRBJ2-1,CAQGNTDKLIF,Donor AJG2309:LP TCRab CD8ab TRM,1.000000,-,-,-,-,-,-,-,-,-,-,-

4035,single,1.0e+00,1,1,5.7e-09,1.0e+00,1.0e-03,6.0e-03,1.0e-03,9.5e-01,global-SQADPGRGG,CASSQadpgRGGYTF,CASSQADPGRGGYTF,TRBV4-2,TRBJ1-2,CAVGGGNFNKFYF,Donor AJD3280:L TCRab CD8ab Teff,12.000000,-,-,-,-,-,-,-,-,-,-,-
4035,single,1.0e+00,1,1,5.7e-09,1.0e+00,1.0e-03,6.0e-03,1.0e-03,9.5e-01,global-SQADPGRGG,CASSQadpgRGGYTF,CASSQADPGRGGYTF,TRBV4-2,TRBJ1-2,CAVGGGNFNKFYF,Donor AJD3280:PB TCRab CD8ab Teff,7.000000,-,-,-,-,-,-,-,-,-,-,-

4040,single,1.0e+00,1,1,9.5e-07,1.0e+00,1.0e-03,1.0e+00,1.0e-03,9.5e-01,global-RGTGGWVNTE,CASrGTGGwvNTEAFF,CASRGTGGWVNTEAFF,TRBV25-1,TRBJ1-1,CAMSVGGGTSYGKLTF,Donor AJKQ118:IEL TCRab CD8ab TRM,1.000000,-,-,-,-,-,-,-,-,-,-,-
4040,single,1.0e+00,1,1,9.5e-07,1.0e+00,1.0e-03,1.0e+00,1.0e-03,9.5e-01,global-RGTGGWVNTE,CASrGTGGwvNTEAFF,CASRGTGGWVNTEAFF,TRBV25-1,TRBJ1-1,CAMSVGGGTSYGKLTF,Donor AJKQ118:L TCRab CD8ab TRM,1.000000,-,-,-,-,-,-,-,-,-,-,-

4044,single,1.0e+00,1,1,9.5e-07,1.0e+00,1.0e-03,1.0e+00,1.0e-03,9.5e-01,global-SQTGTGLYE,CASSQtGTGlYEQYF,CASSQTGTGLYEQYF,TRBV4-3,TRBJ2-7,CVVNSFSGNTGKLIF,Donor AJD3280:IEL TCRab CD8ab TRM,1.000000,-,-,-,-,-,-,-,-,-,-,-
4044,single,1.0e+00,1,1,9.5e-07,1.0e+00,1.0e-03,1.0e+00,1.0e-03,9.5e-01,global-SQTGTGLYE,CASSQtGTGlYEQYF,CASSQTGTGLYEQYF,TRBV4-3,TRBJ2-7,CVVNSFSGNTGKLIF,Donor AJD3280:LP TCRab CD8ab TRM,1.000000,-,-,-,-,-,-,-,-,-,-,-

4046,single,1.0e+00,1,1,2.5e-08,1.0e+00,1.0e-03,2.6e-02,1.0e-03,9.5e-01,global-KYEGYT,CASkyegyTQYF,CASKYEGYTQYF,TRBV2,TRBJ2-3,CAPSFTGNQFYF,Donor AJKQ118:IEL TCRab CD8ab TRM,1.000000,-,-,-,-,-,-,-,-,-,-,-
4046,single,1.0e+00,1,1,2.5e-08,1.0e+00,1.0e-03,2.6e-02,1.0e-03,9.5e-01,global-KYEGYT,CASkyegyTQYF,CASKYEGYTQYF,TRBV2,TRBJ2-3,CAAHAPTGNQFYF,Donor AJKQ118:IEL TCRab CD8ab TRM,2.000000,-,-,-,-,-,-,-,-,-,-,-
4046,single,1.0e+00,1,1,2.5e-08,1.0e+00,1.0e-03,2.6e-02,1.0e-03,9.5e-01,global-KYEGYT,CASkyegyTQYF,CASKYEGYTQYF,TRBV2,TRBJ2-3,CAPSFTGNQFYF,Donor AJKQ118:L TCRab CD8ab Naive/TCM,3.000000,-,-,-,-,-,-,-,-,-,-,-
4046,single,1.0e+00,1,1,2.5e-08,1.0e+00,1.0e-03,2.6e-02,1.0e-03,9.5e-01,global-KYEGYT,CASkyegyTQYF,CASKYEGYTQYF,TRBV2,TRBJ2-3,CAAHAPTGNQFYF,Donor AJKQ118:L TCRab CD8ab Naive/TCM,1.000000,-,-,-,-,-,-,-,-,-,-,-
4046,single,1.0e+00,1,1,2.5e-08,1.0e+00,1.0e-03,2.6e-02,1.0e-03,9.5e-01,global-KYEGYT,CASkyegyTQYF,CASKYEGYTQYF,TRBV2,TRBJ2-3,CAPSFTGNQFYF,Donor AJKQ118:L TCRab CD8ab TRM,14.000000,-,-,-,-,-,-,-,-,-,-,-
4046,single,1.0e+00,1,1,2.5e-08,1.0e+00,1.0e-03,2.6e-02,1.0e-03,9.5e-01,global-KYEGYT,CASkyegyTQYF,CASKYEGYTQYF,TRBV2,TRBJ2-3,CAAHAPTGNQFYF,Donor AJKQ118:L TCRab CD8ab TRM,2.000000,-,-,-,-,-,-,-,-,-,-,-
4046,single,1.0e+00,1,1,2.5e-08,1.0e+00,1.0e-03,2.6e-02,1.0e-03,9.5e-01,global-KYEGYT,CASkyegyTQYF,CASKYEGYTQYF,TRBV2,TRBJ2-3,CAPSFTGNQFYF,Donor AJKQ118:PB TCRab CD8ab Teff,1.000000,-,-,-,-,-,-,-,-,-,-,-

4054,single,1.0e+00,1,1,9.5e-07,1.0e+00,1.0e-03,1.0e+00,1.0e-03,9.5e-01,global-PRSGLGNTE,CSAprSGlgNTEAFF,CSAPRSGLGNTEAFF,TRBV20-1,TRBJ1-1,CAVRPNDYKLSF,Donor AJKQ118:IEL TCRab CD8ab TRM,1.000000,-,-,-,-,-,-,-,-,-,-,-
4054,single,1.0e+00,1,1,9.5e-07,1.0e+00,1.0e-03,1.0e+00,1.0e-03,9.5e-01,global-PRSGLGNTE,CSAprSGlgNTEAFF,CSAPRSGLGNTEAFF,TRBV20-1,TRBJ1-1,CAVRPNDYKLSF,Donor AJKQ118:L TCRab CD8ab TRM,1.000000,-,-,-,-,-,-,-,-,-,-,-

4061,single,1.0e+00,1,1,9.5e-07,1.0e+00,1.0e-03,1.0e+00,1.0e-03,9.5e-01,global-SYSRTGGSP,CASSYsrTGGSPLHF,CASSYSRTGGSPLHF,TRBV6-6,TRBJ1-6,CAASDAGGTSYGKLTF,Donor AJG2309:L TCRab CD8ab TRM,1.000000,-,-,-,-,-,-,-,-,-,-,-
4061,single,1.0e+00,1,1,9.5e-07,1.0e+00,1.0e-03,1.0e+00,1.0e-03,9.5e-01,global-SYSRTGGSP,CASSYsrTGGSPLHF,CASSYSRTGGSPLHF,TRBV6-6,TRBJ1-6,CAFIPTQGGSEKLVF,Donor AJG2309:PB TCRab CD8ab TEM,1.000000,-,-,-,-,-,-,-,-,-,-,-
4061,single,1.0e+00,1,1,9.5e-07,1.0e+00,1.0e-03,1.0e+00,1.0e-03,9.5e-01,global-SYSRTGGSP,CASSYsrTGGSPLHF,CASSYSRTGGSPLHF,TRBV6-6,TRBJ1-6,CAASDAGGTSYGKLTF,Donor AJG2309:PB TCRab CD8ab Teff,1.000000,-,-,-,-,-,-,-,-,-,-,-
4061,single,1.0e+00,1,1,9.5e-07,1.0e+00,1.0e-03,1.0e+00,1.0e-03,9.5e-01,global-SYSRTGGSP,CASSYsrTGGSPLHF,CASSYSRTGGSPLHF,TRBV6-6,TRBJ1-6,CAFIPTQGGSEKLVF,Donor AJG2309:PB TCRab CD8ab Teff,1.000000,-,-,-,-,-,-,-,-,-,-,-

4062,single,1.0e+00,1,1,4.3e-08,1.0e+00,1.0e-03,4.5e-02,1.0e-03,9.5e-01,global-SLAGAIDE,CASSLAGaidEQFF,CASSLAGAIDEQFF,TRBV28,TRBJ2-1,CAVRPNGQKLLF,Donor AJKQ118:L TCRab CD8ab TRM,3.000000,-,-,-,-,-,-,-,-,-,-,-
4062,single,1.0e+00,1,1,4.3e-08,1.0e+00,1.0e-03,4.5e-02,1.0e-03,9.5e-01,global-SLAGAIDE,CASSLAGaidEQFF,CASSLAGAIDEQFF,TRBV28,TRBJ2-1,CAASAKQGAQKLVF,Donor AJKQ118:L TCRab CD8ab TRM,5.000000,-,-,-,-,-,-,-,-,-,-,-

4076,single,1.0e+00,1,1,8.1e-08,1.0e+00,1.0e-03,8.5e-02,1.0e-03,9.5e-01,global-SRRGAGAYE,CASSRRGagaYEQYF,CASSRRGAGAYEQYF,TRBV13,TRBJ2-7,CAGLQNTGNQFYF,Donor AJG2309:L TCRab CD8ab TRM,4.000000,-,-,-,-,-,-,-,-,-,-,-
4076,single,1.0e+00,1,1,8.1e-08,1.0e+00,1.0e-03,8.5e-02,1.0e-03,9.5e-01,global-SRRGAGAYE,CASSRRGagaYEQYF,CASSRRGAGAYEQYF,TRBV13,TRBJ2-7,CAGLQNTGNQFYF,Donor AJG2309:L TCRab CD8ab Teff,1.000000,-,-,-,-,-,-,-,-,-,-,-
4076,single,1.0e+00,1,1,8.1e-08,1.0e+00,1.0e-03,8.5e-02,1.0e-03,9.5e-01,global-SRRGAGAYE,CASSRRGagaYEQYF,CASSRRGAGAYEQYF,TRBV13,TRBJ2-7,CAGLQNTGNQFYF,Donor AJG2309:PB TCRab CD8ab Teff,3.000000,-,-,-,-,-,-,-,-,-,-,-

4079,single,1.0e+00,1,1,9.5e-07,1.0e+00,1.0e-03,1.0e+00,1.0e-03,9.5e-01,global-TLRDRTHNE,CASTLrDRthNEQFF,CASTLRDRTHNEQFF,TRBV7-8,TRBJ2-1,CAYRRRDSSYKLIF,Donor AJD3280:IEL TCRab CD8ab TRM,1.000000,-,-,-,-,-,-,-,-,-,-,-
4079,single,1.0e+00,1,1,9.5e-07,1.0e+00,1.0e-03,1.0e+00,1.0e-03,9.5e-01,global-TLRDRTHNE,CASTLrDRthNEQFF,CASTLRDRTHNEQFF,TRBV7-8,TRBJ2-1,CAYRRRDSSYKLIF,Donor AJD3280:L TCRab CD8ab TRM,1.000000,-,-,-,-,-,-,-,-,-,-,-

4082,single,1.0e+00,1,1,2.7e-07,1.0e+00,1.0e-03,2.8e-01,1.0e-03,9.5e-01,global-SPLRQGNTE,CASSPlrQGNTEAFF,CASSPLRQGNTEAFF,TRBV7-2,TRBJ1-1,CAVDNYGQNFVF,Donor AJD3280:IEL TCRab CD8ab TRM,2.000000,-,-,-,-,-,-,-,-,-,-,-
4082,single,1.0e+00,1,1,2.7e-07,1.0e+00,1.0e-03,2.8e-01,1.0e-03,9.5e-01,global-SPLRQGNTE,CASSPlrQGNTEAFF,CASSPLRQGNTEAFF,TRBV7-2,TRBJ1-1,CALSDPSGGSYIPTF,Donor AJD3280:IEL TCRab CD8ab TRM,1.000000,-,-,-,-,-,-,-,-,-,-,-

4091,single,1.0e+00,1,1,3.7e-07,1.0e+00,1.0e-03,3.8e-01,1.0e-03,9.5e-01,global-SLAFVHLNYG,CASSLafvhlNYGYTF,CASSLAFVHLNYGYTF,TRBV5-1,TRBJ1-2,CGTSAGGTSYGKLTF,Donor AJG2309:IEL TCRab CD8ab TRM,1.000000,-,-,-,-,-,-,-,-,-,-,-
4091,single,1.0e+00,1,1,3.7e-07,1.0e+00,1.0e-03,3.8e-01,1.0e-03,9.5e-01,global-SLAFVHLNYG,CASSLafvhlNYGYTF,CASSLAFVHLNYGYTF,TRBV5-1,TRBJ1-2,CGTSAGGTSYGKLTF,Donor AJG2309:L TCRab CD8ab TRM,2.000000,-,-,-,-,-,-,-,-,-,-,-
4091,single,1.0e+00,1,1,3.7e-07,1.0e+00,1.0e-03,3.8e-01,1.0e-03,9.5e-01,global-SLAFVHLNYG,CASSLafvhlNYGYTF,CASSLAFVHLNYGYTF,TRBV5-1,TRBJ1-2,CGTSAGGTSYGKLTF,Donor AJG2309:L TCRab CD8ab Teff,1.000000,-,-,-,-,-,-,-,-,-,-,-

4096,single,1.0e+00,1,1,2.4e-07,1.0e+00,1.0e-03,2.5e-01,1.0e-03,9.5e-01,global-NEIAGGLGYG,CASneiAGGlgYGYTF,CASNEIAGGLGYGYTF,TRBV6-1,TRBJ1-2,CAVPLGGSGYSTLTF,Donor AJKQ118:IEL TCRab CD8ab TRM,2.000000,-,-,-,-,-,-,-,-,-,-,-
4096,single,1.0e+00,1,1,2.4e-07,1.0e+00,1.0e-03,2.5e-01,1.0e-03,9.5e-01,global-NEIAGGLGYG,CASneiAGGlgYGYTF,CASNEIAGGLGYGYTF,TRBV6-1,TRBJ1-2,CIVRVRDGNTGKLIF,Donor AJKQ118:IEL TCRab CD8ab TRM,2.000000,-,-,-,-,-,-,-,-,-,-,-
4096,single,1.0e+00,1,1,2.4e-07,1.0e+00,1.0e-03,2.5e-01,1.0e-03,9.5e-01,global-NEIAGGLGYG,CASneiAGGlgYGYTF,CASNEIAGGLGYGYTF,TRBV6-1,TRBJ1-2,CAVPLGGSGYSTLTF,Donor AJKQ118:L TCRab CD8ab Teff,1.000000,-,-,-,-,-,-,-,-,-,-,-

4098,single,1.0e+00,1,1,9.5e-07,1.0e+00,1.0e-03,1.0e+00,1.0e-03,9.5e-01,global-SSPMEGAGE,CASSSpmegaGELFF,CASSSPMEGAGELFF,TRBV7-8,TRBJ2-2,CAVGAYSSASKIIF,Donor AJD3280:IEL TCRab CD8ab TRM,1.000000,-,-,-,-,-,-,-,-,-,-,-
4098,single,1.0e+00,1,1,9.5e-07,1.0e+00,1.0e-03,1.0e+00,1.0e-03,9.5e-01,global-SSPMEGAGE,CASSSpmegaGELFF,CASSSPMEGAGELFF,TRBV7-8,TRBJ2-2,CAVHMNTGFQKLVF,Donor AJD3280:PB TCRab CD8ab Teff,1.000000,-,-,-,-,-,-,-,-,-,-,-

4102,single,1.0e+00,1,1,1.2e-07,1.0e+00,1.0e-03,1.3e-01,1.0e-03,9.5e-01,global-EDGERRGSE,CSVEdgerRGsEQYF,CSVEDGERRGSEQYF,TRBV29-1,TRBJ2-7,CAASYRDDKIIF,Donor AJKQ118:IEL TCRab CD8ab TRM,5.000000,-,-,-,-,-,-,-,-,-,-,-
4102,single,1.0e+00,1,1,1.2e-07,1.0e+00,1.0e-03,1.3e-01,1.0e-03,9.5e-01,global-EDGERRGSE,CSVEdgerRGsEQYF,CSVEDGERRGSEQYF,TRBV29-1,TRBJ2-7,CAASYRDDKIIF,Donor AJKQ118:L TCRab CD8ab TRM,1.000000,-,-,-,-,-,-,-,-,-,-,-
4102,single,1.0e+00,1,1,1.2e-07,1.0e+00,1.0e-03,1.3e-01,1.0e-03,9.5e-01,global-EDGERRGSE,CSVEdgerRGsEQYF,CSVEDGERRGSEQYF,TRBV29-1,TRBJ2-7,CAASYRDDKIIF,Donor AJKQ118:L TCRab CD8ab Teff,2.000000,-,-,-,-,-,-,-,-,-,-,-
4102,single,1.0e+00,1,1,1.2e-07,1.0e+00,1.0e-03,1.3e-01,1.0e-03,9.5e-01,global-EDGERRGSE,CSVEdgerRGsEQYF,CSVEDGERRGSEQYF,TRBV29-1,TRBJ2-7,CAASYRDDKIIF,Donor AJKQ118:LP TCRab CD8ab TEM,1.000000,-,-,-,-,-,-,-,-,-,-,-
4102,single,1.0e+00,1,1,1.2e-07,1.0e+00,1.0e-03,1.3e-01,1.0e-03,9.5e-01,global-EDGERRGSE,CSVEdgerRGsEQYF,CSVEDGERRGSEQYF,TRBV29-1,TRBJ2-7,CAASYRDDKIIF,Donor AJKQ118:PB TCRab CD8ab TEM,3.000000,-,-,-,-,-,-,-,-,-,-,-
4102,single,1.0e+00,1,1,1.2e-07,1.0e+00,1.0e-03,1.3e-01,1.0e-03,9.5e-01,global-EDGERRGSE,CSVEdgerRGsEQYF,CSVEDGERRGSEQYF,TRBV29-1,TRBJ2-7,CAASYRDDKIIF,Donor AJKQ118:PB TCRab CD8ab Teff,2.000000,-,-,-,-,-,-,-,-,-,-,-

4106,single,1.0e+00,1,1,3.9e-07,1.0e+00,1.0e-03,4.1e-01,1.0e-03,9.5e-01,global-SWGAGSNYG,CASSwgAGsNYGYTF,CASSWGAGSNYGYTF,TRBV7-3,TRBJ1-2,CAGRSADGLTF,Donor AJG2309:L TCRab CD8ab TRM,1.000000,-,-,-,-,-,-,-,-,-,-,-
4106,single,1.0e+00,1,1,3.9e-07,1.0e+00,1.0e-03,4.1e-01,1.0e-03,9.5e-01,global-SWGAGSNYG,CASSwgAGsNYGYTF,CASSWGAGSNYGYTF,TRBV7-3,TRBJ1-2,CAGRSADGLTF,Donor AJG2309:LP TCRab CD8ab TEM,2.000000,-,-,-,-,-,-,-,-,-,-,-
4106,single,1.0e+00,1,1,3.9e-07,1.0e+00,1.0e-03,4.1e-01,1.0e-03,9.5e-01,global-SWGAGSNYG,CASSwgAGsNYGYTF,CASSWGAGSNYGYTF,TRBV7-3,TRBJ1-2,CAGRSADGLTF,Donor AJG2309:PB TCRab CD8ab TEM,1.000000,-,-,-,-,-,-,-,-,-,-,-

4126,single,1.0e+00,1,1,7.1e-08,1.0e+00,1.0e-03,7.4e-02,1.0e-03,9.5e-01,global-SQVGGMET,CASSQvGGmETQYF,CASSQVGGMETQYF,TRBV3-1,TRBJ2-5,CASYGNNRLAF,Donor AJKQ118:L TCRab CD8ab TRM,1.000000,-,-,-,-,-,-,-,-,-,-,-
4126,single,1.0e+00,1,1,7.1e-08,1.0e+00,1.0e-03,7.4e-02,1.0e-03,9.5e-01,global-SQVGGMET,CASSQvGGmETQYF,CASSQVGGMETQYF,TRBV3-1,TRBJ2-5,CASYGNNRLAF,Donor AJKQ118:L TCRab CD8ab Teff,4.000000,-,-,-,-,-,-,-,-,-,-,-

4135,single,1.0e+00,1,1,9.7e-08,1.0e+00,1.0e-03,1.0e-01,1.0e-03,9.5e-01,global-SLGRGRYQP,CASSLgRGryQPQHF,CASSLGRGRYQPQHF,TRBV7-6,TRBJ1-5,CAAPRGSSASKIIF,Donor AJG2309:LP TCRab CD8ab TEM,1.000000,-,-,-,-,-,-,-,-,-,-,-
4135,single,1.0e+00,1,1,9.7e-08,1.0e+00,1.0e-03,1.0e-01,1.0e-03,9.5e-01,global-SLGRGRYQP,CASSLgRGryQPQHF,CASSLGRGRYQPQHF,TRBV7-6,TRBJ1-5,CAVNRGPGGSYIPTF,Donor AJG2309:LP TCRab CD8ab TRM,3.000000,-,-,-,-,-,-,-,-,-,-,-
4135,single,1.0e+00,1,1,9.7e-08,1.0e+00,1.0e-03,1.0e-01,1.0e-03,9.5e-01,global-SLGRGRYQP,CASSLgRGryQPQHF,CASSLGRGRYQPQHF,TRBV7-6,TRBJ1-5,CAAPRGSSASKIIF,Donor AJG2309:LP TCRab CD8ab TRM,3.000000,-,-,-,-,-,-,-,-,-,-,-

4149,single,1.0e+00,1,1,9.5e-07,1.0e+00,1.0e-03,1.0e+00,1.0e-03,9.5e-01,global-SDRSGSTYG,CATSDrSGstYGYTF,CATSDRSGSTYGYTF,TRBV24-1,TRBJ1-2,CAYPSGGYQKVTF,Donor AJG2309:LP TCRab CD8ab TEM,1.000000,-,-,-,-,-,-,-,-,-,-,-
4149,single,1.0e+00,1,1,9.5e-07,1.0e+00,1.0e-03,1.0e+00,1.0e-03,9.5e-01,global-SDRSGSTYG,CATSDrSGstYGYTF,CATSDRSGSTYGYTF,TRBV24-1,TRBJ1-2,CAYPSGGYQKVTF,Donor AJG2309:PB TCRab CD8ab Teff,1.000000,-,-,-,-,-,-,-,-,-,-,-

4164,single,1.0e+00,1,1,2.4e-08,1.0e+00,1.0e-03,2.5e-02,1.0e-03,9.5e-01,global-AWGAFTGE,CASawgafTGELFF,CASAWGAFTGELFF,TRBV4-1,TRBJ2-2,CAYRQGAQKLVF,Donor AJKQ118:L TCRab CD8ab Naive/TCM,2.000000,-,-,-,-,-,-,-,-,-,-,-
4164,single,1.0e+00,1,1,2.4e-08,1.0e+00,1.0e-03,2.5e-02,1.0e-03,9.5e-01,global-AWGAFTGE,CASawgafTGELFF,CASAWGAFTGELFF,TRBV4-1,TRBJ2-2,CAYRQGAQKLVF,Donor AJKQ118:L TCRab CD8ab TRM,8.000000,-,-,-,-,-,-,-,-,-,-,-

4172,single,1.0e+00,1,1,2.1e-07,1.0e+00,1.0e-03,2.2e-01,1.0e-03,9.5e-01,global-SLYPSQGAYGQP,CASSLypsQGaygQPQHF,CASSLYPSQGAYGQPQHF,TRBV28,TRBJ1-5,CAAPPEYGNKLVF,Donor AJG2309:IEL TCRab CD8ab TRM,3.000000,-,-,-,-,-,-,-,-,-,-,-
4172,single,1.0e+00,1,1,2.1e-07,1.0e+00,1.0e-03,2.2e-01,1.0e-03,9.5e-01,global-SLYPSQGAYGQP,CASSLypsQGaygQPQHF,CASSLYPSQGAYGQPQHF,TRBV28,TRBJ1-5,CAAPPEYGNKLVF,Donor AJG2309:LP TCRab CD8ab TRM,1.000000,-,-,-,-,-,-,-,-,-,-,-
4172,single,1.0e+00,1,1,2.1e-07,1.0e+00,1.0e-03,2.2e-01,1.0e-03,9.5e-01,global-SLYPSQGAYGQP,CASSLypsQGaygQPQHF,CASSLYPSQGAYGQPQHF,TRBV28,TRBJ1-5,CAVETSGSRLTF,Donor AJG2309:LP TCRab CD8ab TRM,1.000000,-,-,-,-,-,-,-,-,-,-,-

4178,single,1.0e+00,1,1,2.2e-07,1.0e+00,1.0e-03,2.3e-01,1.0e-03,9.5e-01,global-SVGWGNTGE,CASSVgwgNTGELFF,CASSVGWGNTGELFF,TRBV9,TRBJ2-2,CAMREGNNNARLMF,Donor AJKQ118:IEL TCRab CD8ab TRM,3.000000,-,-,-,-,-,-,-,-,-,-,-
4178,single,1.0e+00,1,1,2.2e-07,1.0e+00,1.0e-03,2.3e-01,1.0e-03,9.5e-01,global-SVGWGNTGE,CASSVgwgNTGELFF,CASSVGWGNTGELFF,TRBV9,TRBJ2-2,CAMREGNNNARLMF,Donor AJKQ118:LP TCRab CD8ab TEM,1.000000,-,-,-,-,-,-,-,-,-,-,-
4178,single,1.0e+00,1,1,2.2e-07,1.0e+00,1.0e-03,2.3e-01,1.0e-03,9.5e-01,global-SVGWGNTGE,CASSVgwgNTGELFF,CASSVGWGNTGELFF,TRBV9,TRBJ2-2,CAMREGNNNARLMF,Donor AJKQ118:LP TCRab CD8ab TRM,1.000000,-,-,-,-,-,-,-,-,-,-,-

4181,single,1.0e+00,1,1,9.5e-07,1.0e+00,1.0e-03,1.0e+00,1.0e-03,9.5e-01,global-SPDWGAPGHE,CASSPdwgapghEQYF,CASSPDWGAPGHEQYF,TRBV9,TRBJ2-7,CAMREGPVSGNTPLVF,Donor AJKQ118:LP TCRab CD8ab TCM,1.000000,-,-,-,-,-,-,-,-,-,-,-
4181,single,1.0e+00,1,1,9.5e-07,1.0e+00,1.0e-03,1.0e+00,1.0e-03,9.5e-01,global-SPDWGAPGHE,CASSPdwgapghEQYF,CASSPDWGAPGHEQYF,TRBV9,TRBJ2-7,CAMREGPVSGNTPLVF,Donor AJKQ118:PB TCRab CD8ab TEM,1.000000,-,-,-,-,-,-,-,-,-,-,-

4183,single,1.0e+00,1,1,9.5e-07,1.0e+00,1.0e-03,1.0e+00,1.0e-03,9.5e-01,global-RVGDLGIET,CSARvgdlgiETQYF,CSARVGDLGIETQYF,TRBV20-1,TRBJ2-5,CVVNRDTRLMF,Donor AJD3280:IEL TCRab CD8ab TRM,1.000000,-,-,-,-,-,-,-,-,-,-,-
4183,single,1.0e+00,1,1,9.5e-07,1.0e+00,1.0e-03,1.0e+00,1.0e-03,9.5e-01,global-RVGDLGIET,CSARvgdlgiETQYF,CSARVGDLGIETQYF,TRBV20-1,TRBJ2-5,CVVNRDTRLMF,Donor AJD3280:LP TCRab CD8ab TRM,1.000000,-,-,-,-,-,-,-,-,-,-,-

4190,single,1.0e+00,1,1,3.8e-09,1.0e+00,1.0e-03,4.0e-03,1.0e-03,9.5e-01,global-SQEASGAYG,CASSQeaSGaYGYTF,CASSQEASGAYGYTF,TRBV3-1,TRBJ1-2,CGTNSNTGKLIF,Donor AJD3280:IEL TCRab CD8ab TRM,30.000000,-,-,-,-,-,-,-,-,-,-,-
4190,single,1.0e+00,1,1,3.8e-09,1.0e+00,1.0e-03,4.0e-03,1.0e-03,9.5e-01,global-SQEASGAYG,CASSQeaSGaYGYTF,CASSQEASGAYGYTF,TRBV3-1,TRBJ1-2,CGTNSNTGKLIF,Donor AJD3280:LP TCRab CD8ab TRM,2.000000,-,-,-,-,-,-,-,-,-,-,-

4197,single,1.0e+00,1,1,9.5e-07,1.0e+00,1.0e-03,1.0e+00,1.0e-03,9.5e-01,global-SLHGGNI,CASSLhGGNIQYF,CASSLHGGNIQYF,TRBV27,TRBJ2-4,CAVVVDTGGFKTIF,Donor AJG2309:IEL TCRab CD8ab TRM,1.000000,-,-,-,-,-,-,-,-,-,-,-
4197,single,1.0e+00,1,1,9.5e-07,1.0e+00,1.0e-03,1.0e+00,1.0e-03,9.5e-01,global-SLHGGNI,CASSLhGGNIQYF,CASSLHGGNIQYF,TRBV27,TRBJ2-4,CAVVVDTGGFKTIF,Donor AJG2309:LP TCRab CD8ab TRM,1.000000,-,-,-,-,-,-,-,-,-,-,-

4199,single,1.0e+00,1,1,9.5e-07,1.0e+00,1.0e-03,1.0e+00,1.0e-03,9.5e-01,global-SQGRGDHEGTDT,CASSQgRGdhegTDTQYF,CASSQGRGDHEGTDTQYF,TRBV3-1,TRBJ2-3,CAVRGYGQNFVF,Donor AJG2309:L TCRab CD8ab TRM,1.000000,-,-,-,-,-,-,-,-,-,-,-
4199,single,1.0e+00,1,1,9.5e-07,1.0e+00,1.0e-03,1.0e+00,1.0e-03,9.5e-01,global-SQGRGDHEGTDT,CASSQgRGdhegTDTQYF,CASSQGRGDHEGTDTQYF,TRBV3-1,TRBJ2-3,CAVRGYGQNFVF,Donor AJG2309:LP TCRab CD8ab TEM,1.000000,-,-,-,-,-,-,-,-,-,-,-

4212,single,1.0e+00,1,1,9.5e-07,1.0e+00,1.0e-03,1.0e+00,1.0e-03,9.5e-01,global-SEADIWGGARNEK,CASSEadiwGGarNEKLFF,CASSEADIWGGARNEKLFF,TRBV2,TRBJ1-4,CATLDGATNKLIF,Donor AJD3280:LP TCRab CD8ab TRM,1.000000,-,-,-,-,-,-,-,-,-,-,-
4212,single,1.0e+00,1,1,9.5e-07,1.0e+00,1.0e-03,1.0e+00,1.0e-03,9.5e-01,global-SEADIWGGARNEK,CASSEadiwGGarNEKLFF,CASSEADIWGGARNEKLFF,TRBV2,TRBJ1-4,CALYTGTASKLTF,Donor AJD3280:LP TCRab CD8ab TRM,1.000000,-,-,-,-,-,-,-,-,-,-,-

4224,single,1.0e+00,1,1,2.8e-07,1.0e+00,1.0e-03,3.0e-01,1.0e-03,9.5e-01,global-SLSNLAVNTE,CASSLsnLAvNTEAFF,CASSLSNLAVNTEAFF,TRBV27,TRBJ1-1,CAFAGNMLTF,Donor AJG2309:IEL TCRab CD8ab TRM,2.000000,-,-,-,-,-,-,-,-,-,-,-
4224,single,1.0e+00,1,1,2.8e-07,1.0e+00,1.0e-03,3.0e-01,1.0e-03,9.5e-01,global-SLSNLAVNTE,CASSLsnLAvNTEAFF,CASSLSNLAVNTEAFF,TRBV27,TRBJ1-1,CAFAGNMLTF,Donor AJG2309:LP TCRab CD8ab TRM,1.000000,-,-,-,-,-,-,-,-,-,-,-

4233,single,1.0e+00,1,1,9.5e-07,1.0e+00,1.0e-03,1.0e+00,1.0e-03,9.5e-01,global-SDPSGRVISRGYTDT,CASSDpSGRvisrgyTDTQYF,CASSDPSGRVISRGYTDTQYF,TRBV28,TRBJ2-3,CAVRDSLTDKLIF,Donor AJG2309:IEL TCRab CD8ab TRM,1.000000,-,-,-,-,-,-,-,-,-,-,-
4233,single,1.0e+00,1,1,9.5e-07,1.0e+00,1.0e-03,1.0e+00,1.0e-03,9.5e-01,global-SDPSGRVISRGYTDT,CASSDpSGRvisrgyTDTQYF,CASSDPSGRVISRGYTDTQYF,TRBV28,TRBJ2-3,CAVRDSLTDKLIF,Donor AJG2309:LP TCRab CD8ab TRM,1.000000,-,-,-,-,-,-,-,-,-,-,-

4245,single,1.0e+00,1,1,2.7e-07,1.0e+00,1.0e-03,2.8e-01,1.0e-03,9.5e-01,global-SESTPQGPTGTAE,CAISEstpqgpTGtaEAFF,CAISESTPQGPTGTAEAFF,TRBV10-3,TRBJ1-1,CAYRIIRWSFGNEKLTF,Donor AJD3280:IEL TCRab CD8ab TRM,2.000000,-,-,-,-,-,-,-,-,-,-,-
4245,single,1.0e+00,1,1,2.7e-07,1.0e+00,1.0e-03,2.8e-01,1.0e-03,9.5e-01,global-SESTPQGPTGTAE,CAISEstpqgpTGtaEAFF,CAISESTPQGPTGTAEAFF,TRBV10-3,TRBJ1-1,CAYRIIRWSFGNEKLTF,Donor AJD3280:LP TCRab CD8ab TRM,1.000000,-,-,-,-,-,-,-,-,-,-,-

4254,single,1.0e+00,1,1,9.5e-07,1.0e+00,1.0e-03,1.0e+00,1.0e-03,9.5e-01,global-SPAPSGNYNE,CASSPapSGnYNEQFF,CASSPAPSGNYNEQFF,TRBV4-1,TRBJ2-1,CAVDPYNNNDMRF,Donor AJG2309:IEL TCRab CD8ab TRM,1.000000,-,-,-,-,-,-,-,-,-,-,-
4254,single,1.0e+00,1,1,9.5e-07,1.0e+00,1.0e-03,1.0e+00,1.0e-03,9.5e-01,global-SPAPSGNYNE,CASSPapSGnYNEQFF,CASSPAPSGNYNEQFF,TRBV4-1,TRBJ2-1,CAVDPYNNNDMRF,Donor AJG2309:LP TCRab CD8ab TRM,1.000000,-,-,-,-,-,-,-,-,-,-,-

4256,single,1.0e+00,1,1,1.0e-07,1.0e+00,1.0e-03,1.1e-01,1.0e-03,9.5e-01,global-SLDPSYG,CASSLdpsYGYTF,CASSLDPSYGYTF,TRBV7-9,TRBJ1-2,CAFMGAGGTSYGKLTF,Donor AJD3280:IEL TCRab CD8ab TRM,1.000000,-,-,-,-,-,-,-,-,-,-,-
4256,single,1.0e+00,1,1,1.0e-07,1.0e+00,1.0e-03,1.1e-01,1.0e-03,9.5e-01,global-SLDPSYG,CASSLdpsYGYTF,CASSLDPSYGYTF,TRBV7-9,TRBJ1-2,CAFMGAGGTSYGKLTF,Donor AJD3280:L TCRab CD8ab TRM,5.000000,-,-,-,-,-,-,-,-,-,-,-
4256,single,1.0e+00,1,1,1.0e-07,1.0e+00,1.0e-03,1.1e-01,1.0e-03,9.5e-01,global-SLDPSYG,CASSLdpsYGYTF,CASSLDPSYGYTF,TRBV7-9,TRBJ1-2,CAFMGAGGTSYGKLTF,Donor AJD3280:PB TCRab CD8ab Teff,1.000000,-,-,-,-,-,-,-,-,-,-,-

4262,single,1.0e+00,1,1,8.6e-09,1.0e+00,1.0e-03,9.0e-03,1.0e-03,9.5e-01,global-SQDAPGWGQET,CASSQdapgwgQETQYF,CASSQDAPGWGQETQYF,TRBV14,TRBJ2-5,CAATVYSGGGADGLTF,Donor AJG2309:IEL TCRab CD8ab TRM,8.000000,-,-,-,-,-,-,-,-,-,-,-
4262,single,1.0e+00,1,1,8.6e-09,1.0e+00,1.0e-03,9.0e-03,1.0e-03,9.5e-01,global-SQDAPGWGQET,CASSQdapgwgQETQYF,CASSQDAPGWGQETQYF,TRBV14,TRBJ2-5,CAVIGNQFYF,Donor AJG2309:IEL TCRab CD8ab TRM,13.000000,-,-,-,-,-,-,-,-,-,-,-
4262,single,1.0e+00,1,1,8.6e-09,1.0e+00,1.0e-03,9.0e-03,1.0e-03,9.5e-01,global-SQDAPGWGQET,CASSQdapgwgQETQYF,CASSQDAPGWGQETQYF,TRBV14,TRBJ2-5,CAVIGNQFYF,Donor AJG2309:LP TCRab CD8ab TRM,1.000000,-,-,-,-,-,-,-,-,-,-,-

4266,single,1.0e+00,1,1,9.3e-08,1.0e+00,1.0e-03,9.7e-02,1.0e-03,9.5e-01,global-EGSRQEGRTE,CATegsrqeGRTEAFF,CATEGSRQEGRTEAFF,TRBV2,TRBJ1-1,CAGGADGLTF,Donor AJG2309:L TCRab CD8ab TRM,4.000000,-,-,-,-,-,-,-,-,-,-,-
4266,single,1.0e+00,1,1,9.3e-08,1.0e+00,1.0e-03,9.7e-02,1.0e-03,9.5e-01,global-EGSRQEGRTE,CATegsrqeGRTEAFF,CATEGSRQEGRTEAFF,TRBV2,TRBJ1-1,CAGGADGLTF,Donor AJG2309:LP TCRab CD8ab TEM,1.000000,-,-,-,-,-,-,-,-,-,-,-

4271,single,1.0e+00,1,1,1.4e-07,1.0e+00,1.0e-03,1.4e-01,1.0e-03,9.5e-01,global-TGTANYG,CASTGTaNYGYTF,CASTGTANYGYTF,TRBV5-6,TRBJ1-2,CAVPCNTNAGKSTF,Donor AJD3280:IEL TCRab CD8ab TRM,2.000000,-,-,-,-,-,-,-,-,-,-,-
4271,single,1.0e+00,1,1,1.4e-07,1.0e+00,1.0e-03,1.4e-01,1.0e-03,9.5e-01,global-TGTANYG,CASTGTaNYGYTF,CASTGTANYGYTF,TRBV5-6,TRBJ1-2,CAVGGNSGYALNF,Donor AJD3280:IEL TCRab CD8ab TRM,2.000000,-,-,-,-,-,-,-,-,-,-,-

4275,single,1.0e+00,1,1,9.5e-07,1.0e+00,1.0e-03,1.0e+00,1.0e-03,9.5e-01,global-TLGGE,CAWtlGGEQYF,CAWTLGGEQYF,TRBV30,TRBJ2-7,CIVRVGNLYNQGGKLIF,Donor AJG2309:L TCRab CD8ab TRM,1.000000,-,-,-,-,-,-,-,-,-,-,-
4275,single,1.0e+00,1,1,9.5e-07,1.0e+00,1.0e-03,1.0e+00,1.0e-03,9.5e-01,global-TLGGE,CAWtlGGEQYF,CAWTLGGEQYF,TRBV30,TRBJ2-7,CAASLSGGGADGLTF,Donor AJG2309:PB TCRab CD8ab Teff,1.000000,-,-,-,-,-,-,-,-,-,-,-

4298,single,1.0e+00,1,1,1.5e-07,1.0e+00,1.0e-03,1.5e-01,1.0e-03,9.5e-01,global-SPIGRQGNTGE,CASSPigrQGNTGELFF,CASSPIGRQGNTGELFF,TRBV12-4,TRBJ2-2,CAVTTDKLIF,Donor AJKQ118:IEL TCRab CD8ab TRM,3.000000,-,-,-,-,-,-,-,-,-,-,-
4298,single,1.0e+00,1,1,1.5e-07,1.0e+00,1.0e-03,1.5e-01,1.0e-03,9.5e-01,global-SPIGRQGNTGE,CASSPigrQGNTGELFF,CASSPIGRQGNTGELFF,TRBV12-4,TRBJ2-2,CAVTTDKLIF,Donor AJKQ118:LP TCRab CD8ab TRM,1.000000,-,-,-,-,-,-,-,-,-,-,-

4306,single,1.0e+00,1,1,4.4e-07,1.0e+00,1.0e-03,4.6e-01,1.0e-03,9.5e-01,global-SLFVGSP,CASSLfvgspQFF,CASSLFVGSPQFF,TRBV27,TRBJ2-1,CAYRSRINYGQNFVF,Donor AJG2309:L TCRab CD8ab TRM,2.000000,-,-,-,-,-,-,-,-,-,-,-
4306,single,1.0e+00,1,1,4.4e-07,1.0e+00,1.0e-03,4.6e-01,1.0e-03,9.5e-01,global-SLFVGSP,CASSLfvgspQFF,CASSLFVGSPQFF,TRBV27,TRBJ2-1,CAYRSRINYGQNFVF,Donor AJG2309:L TCRab CD8ab Teff,1.000000,-,-,-,-,-,-,-,-,-,-,-
4306,single,1.0e+00,1,1,4.4e-07,1.0e+00,1.0e-03,4.6e-01,1.0e-03,9.5e-01,global-SLFVGSP,CASSLfvgspQFF,CASSLFVGSPQFF,TRBV27,TRBJ2-1,CAYRSRINYGQNFVF,Donor AJG2309:PB TCRab CD8ab TEM,1.000000,-,-,-,-,-,-,-,-,-,-,-
4306,single,1.0e+00,1,1,4.4e-07,1.0e+00,1.0e-03,4.6e-01,1.0e-03,9.5e-01,global-SLFVGSP,CASSLfvgspQFF,CASSLFVGSPQFF,TRBV27,TRBJ2-1,CAYRSRINYGQNFVF,Donor AJG2309:PB TCRab CD8ab Teff,1.000000,-,-,-,-,-,-,-,-,-,-,-

4307,single,1.0e+00,1,1,2.1e-07,1.0e+00,1.0e-03,2.2e-01,1.0e-03,9.5e-01,global-SPGGAA,CASSPGGaaQYF,CASSPGGAAQYF,TRBV9,TRBJ2-5,CAVTLGAQKLVF,Donor AJKQ118:IEL TCRab CD8ab TRM,2.000000,-,-,-,-,-,-,-,-,-,-,-
4307,single,1.0e+00,1,1,2.1e-07,1.0e+00,1.0e-03,2.2e-01,1.0e-03,9.5e-01,global-SPGGAA,CASSPGGaaQYF,CASSPGGAAQYF,TRBV9,TRBJ2-5,CAVTLGAQKLVF,Donor AJKQ118:L TCRab CD8ab TRM,2.000000,-,-,-,-,-,-,-,-,-,-,-
4307,single,1.0e+00,1,1,2.1e-07,1.0e+00,1.0e-03,2.2e-01,1.0e-03,9.5e-01,global-SPGGAA,CASSPGGaaQYF,CASSPGGAAQYF,TRBV9,TRBJ2-5,CAVTLGAQKLVF,Donor AJKQ118:LP TCRab CD8ab TEM,1.000000,-,-,-,-,-,-,-,-,-,-,-

4309,single,1.0e+00,1,1,9.5e-07,1.0e+00,1.0e-03,1.0e+00,1.0e-03,9.5e-01,global-GGARGFAE,CAWGgaRGfaEAFF,CAWGGARGFAEAFF,TRBV30,TRBJ1-1,CAATDSWGKLQF,Donor AJG2309:IEL TCRab CD8ab TRM,1.000000,-,-,-,-,-,-,-,-,-,-,-
4309,single,1.0e+00,1,1,9.5e-07,1.0e+00,1.0e-03,1.0e+00,1.0e-03,9.5e-01,global-GGARGFAE,CAWGgaRGfaEAFF,CAWGGARGFAEAFF,TRBV30,TRBJ1-1,CAATDSWGKLQF,Donor AJG2309:LP TCRab CD8ab TRM,1.000000,-,-,-,-,-,-,-,-,-,-,-

4317,single,1.0e+00,1,1,9.8e-08,1.0e+00,1.0e-03,1.0e-01,1.0e-03,9.5e-01,global-TLNRDSYNSP,CASTLnrdSYNSPLHF,CASTLNRDSYNSPLHF,TRBV28,TRBJ1-6,CALALSGSRLTF,Donor AJG2309:L TCRab CD8ab TRM,2.000000,-,-,-,-,-,-,-,-,-,-,-
4317,single,1.0e+00,1,1,9.8e-08,1.0e+00,1.0e-03,1.0e-01,1.0e-03,9.5e-01,global-TLNRDSYNSP,CASTLnrdSYNSPLHF,CASTLNRDSYNSPLHF,TRBV28,TRBJ1-6,CALALSGSRLTF,Donor AJG2309:LP TCRab CD8ab TEM,2.000000,-,-,-,-,-,-,-,-,-,-,-
4317,single,1.0e+00,1,1,9.8e-08,1.0e+00,1.0e-03,1.0e-01,1.0e-03,9.5e-01,global-TLNRDSYNSP,CASTLnrdSYNSPLHF,CASTLNRDSYNSPLHF,TRBV28,TRBJ1-6,CALALSGSRLTF,Donor AJG2309:PB TCRab CD8ab Teff,3.000000,-,-,-,-,-,-,-,-,-,-,-

4324,single,1.0e+00,1,1,2.6e-07,1.0e+00,1.0e-03,2.7e-01,1.0e-03,9.5e-01,global-SIQTSYNE,CASSIqtSYNEQFF,CASSIQTSYNEQFF,TRBV19,TRBJ2-1,CAVSPDTGRRALTF,Donor AJD3280:LP TCRab CD8ab TRM,2.000000,-,-,-,-,-,-,-,-,-,-,-
4324,single,1.0e+00,1,1,2.6e-07,1.0e+00,1.0e-03,2.7e-01,1.0e-03,9.5e-01,global-SIQTSYNE,CASSIqtSYNEQFF,CASSIQTSYNEQFF,TRBV19,TRBJ2-1,CVVSFTGGGNKLTF,Donor AJD3280:LP TCRab CD8ab TRM,1.000000,-,-,-,-,-,-,-,-,-,-,-

4329,single,1.0e+00,1,1,9.5e-07,1.0e+00,1.0e-03,1.0e+00,1.0e-03,9.5e-01,global-SESMDEGE,CAISEsmdegEQFF,CAISESMDEGEQFF,TRBV10-3,TRBJ2-1,CVVSDRNFNKFYF,Donor AJG2309:LP TCRab CD8ab TEM,1.000000,-,-,-,-,-,-,-,-,-,-,-
4329,single,1.0e+00,1,1,9.5e-07,1.0e+00,1.0e-03,1.0e+00,1.0e-03,9.5e-01,global-SESMDEGE,CAISEsmdegEQFF,CAISESMDEGEQFF,TRBV10-3,TRBJ2-1,CVVSDRNFNKFYF,Donor AJG2309:LP TCRab CD8ab TRM,1.000000,-,-,-,-,-,-,-,-,-,-,-

4336,single,1.0e+00,1,1,1.3e-07,1.0e+00,1.0e-03,1.4e-01,1.0e-03,9.5e-01,global-SEGGAGGYE,CASSEggAGGYEQYF,CASSEGGAGGYEQYF,TRBV2,TRBJ2-7,CVVSAKSNDYKLSF,Donor AJKQ118:L TCRab CD8ab TRM,3.000000,-,-,-,-,-,-,-,-,-,-,-
4336,single,1.0e+00,1,1,1.3e-07,1.0e+00,1.0e-03,1.4e-01,1.0e-03,9.5e-01,global-SEGGAGGYE,CASSEggAGGYEQYF,CASSEGGAGGYEQYF,TRBV2,TRBJ2-7,CVVSAKSNDYKLSF,Donor AJKQ118:L TCRab CD8ab Teff,1.000000,-,-,-,-,-,-,-,-,-,-,-

4345,single,1.0e+00,1,1,9.5e-07,1.0e+00,1.0e-03,1.0e+00,1.0e-03,9.5e-01,global-SLHDTPRYE,CASSLhdtprYEQYF,CASSLHDTPRYEQYF,TRBV19,TRBJ2-7,CVVNGNAGNMLTF,Donor AJG2309:IEL TCRab CD8ab TRM,1.000000,-,-,-,-,-,-,-,-,-,-,-
4345,single,1.0e+00,1,1,9.5e-07,1.0e+00,1.0e-03,1.0e+00,1.0e-03,9.5e-01,global-SLHDTPRYE,CASSLhdtprYEQYF,CASSLHDTPRYEQYF,TRBV19,TRBJ2-7,CVVNGNAGNMLTF,Donor AJG2309:LP TCRab CD8ab TRM,1.000000,-,-,-,-,-,-,-,-,-,-,-

4349,single,1.0e+00,1,1,9.5e-07,1.0e+00,1.0e-03,1.0e+00,1.0e-03,9.5e-01,global-SAGGGQP,CASSAGGgQPQHF,CASSAGGGQPQHF,TRBV6-1,TRBJ1-5,CALNPLGADKLIF,Donor AJD3280:IEL TCRab CD8ab TRM,1.000000,-,-,-,-,-,-,-,-,-,-,-
4349,single,1.0e+00,1,1,9.5e-07,1.0e+00,1.0e-03,1.0e+00,1.0e-03,9.5e-01,global-SAGGGQP,CASSAGGgQPQHF,CASSAGGGQPQHF,TRBV6-1,TRBJ1-5,CAGPPFSGGGADGLTF,Donor AJD3280:IEL TCRab CD8ab TRM,1.000000,-,-,-,-,-,-,-,-,-,-,-

4350,single,1.0e+00,1,1,9.5e-07,1.0e+00,1.0e-03,1.0e+00,1.0e-03,9.5e-01,global-SGLNPGTGYYE,CASSglnpGTGyYEQYF,CASSGLNPGTGYYEQYF,TRBV19,TRBJ2-7,CLLTGANNLFF,Donor AJG2309:IEL TCRab CD8ab TRM,1.000000,-,-,-,-,-,-,-,-,-,-,-
4350,single,1.0e+00,1,1,9.5e-07,1.0e+00,1.0e-03,1.0e+00,1.0e-03,9.5e-01,global-SGLNPGTGYYE,CASSglnpGTGyYEQYF,CASSGLNPGTGYYEQYF,TRBV19,TRBJ2-7,CLLTGANNLFF,Donor AJG2309:LP TCRab CD8ab TRM,1.000000,-,-,-,-,-,-,-,-,-,-,-

4353,single,1.0e+00,2,1,5.1e-05,1.0e+00,5.3e-02,1.0e+00,1.0e-03,9.5e-01,global-SPGQVGG,CASSPGQvgGYTF,CASSPGQVGGYTF,TRBV19,TRBJ1-2,CAELGHNAGNMLTF,Donor AJD3280:PB TCRab CD8ab Teff,1.000000,-,-,-,-,-,-,-,-,-,-,-
4353,single,1.0e+00,2,1,5.1e-05,1.0e+00,5.3e-02,1.0e+00,1.0e-03,9.5e-01,global-SPGQVGG,CASSPGQvgGYTF,CASSPGQVGGYTF,TRBV4-2,TRBJ1-2,CAAGSTSYDKVIF,Donor AJKQ118:IEL TCRab CD8ab TRM,1.000000,-,-,-,-,-,-,-,-,-,-,-

4371,single,1.0e+00,1,1,1.6e-07,1.0e+00,1.0e-03,1.7e-01,1.0e-03,9.5e-01,global-SPRTGMRPLE,CASSPrTGmrplEAFF,CASSPRTGMRPLEAFF,TRBV7-8,TRBJ1-1,CALRGLNDMRF,Donor AJKQ118:IEL TCRab CD8ab TRM,2.000000,-,-,-,-,-,-,-,-,-,-,-
4371,single,1.0e+00,1,1,1.6e-07,1.0e+00,1.0e-03,1.7e-01,1.0e-03,9.5e-01,global-SPRTGMRPLE,CASSPrTGmrplEAFF,CASSPRTGMRPLEAFF,TRBV7-8,TRBJ1-1,CALRGLNDMRF,Donor AJKQ118:LP TCRab CD8ab TRM,2.000000,-,-,-,-,-,-,-,-,-,-,-

4375,single,1.0e+00,1,1,9.5e-07,1.0e+00,1.0e-03,1.0e+00,1.0e-03,9.5e-01,global-SSGLQLNTE,CASSSGLqlNTEAFF,CASSSGLQLNTEAFF,TRBV7-9,TRBJ1-1,CAEKNSGYSTLTF,Donor AJG2309:L TCRab CD8ab TRM,1.000000,-,-,-,-,-,-,-,-,-,-,-
4375,single,1.0e+00,1,1,9.5e-07,1.0e+00,1.0e-03,1.0e+00,1.0e-03,9.5e-01,global-SSGLQLNTE,CASSSGLqlNTEAFF,CASSSGLQLNTEAFF,TRBV7-9,TRBJ1-1,CAEKNSGYSTLTF,Donor AJG2309:LP TCRab CD8ab TRM,1.000000,-,-,-,-,-,-,-,-,-,-,-

4382,single,1.0e+00,1,1,9.5e-07,1.0e+00,1.0e-03,1.0e+00,1.0e-03,9.5e-01,global-SLYLLADPQET,CASSLylLAdpQETQYF,CASSLYLLADPQETQYF,TRBV7-8,TRBJ2-5,CAGANLHGGSQGNLIF,Donor AJD3280:L TCRab CD8ab Teff,1.000000,-,-,-,-,-,-,-,-,-,-,-
4382,single,1.0e+00,1,1,9.5e-07,1.0e+00,1.0e-03,1.0e+00,1.0e-03,9.5e-01,global-SLYLLADPQET,CASSLylLAdpQETQYF,CASSLYLLADPQETQYF,TRBV7-8,TRBJ2-5,CAGANLHGGSQGNLIF,Donor AJD3280:PB TCRab CD8ab Teff,1.000000,-,-,-,-,-,-,-,-,-,-,-

4386,single,1.0e+00,1,1,2.3e-07,1.0e+00,1.0e-03,2.5e-01,1.0e-03,9.5e-01,global-SYSVGRRANTGE,CASSYsvGRraNTGELFF,CASSYSVGRRANTGELFF,TRBV6-5,TRBJ2-2,CAASAGGDMRF,Donor AJG2309:L TCRab CD8ab TRM,3.000000,-,-,-,-,-,-,-,-,-,-,-
4386,single,1.0e+00,1,1,2.3e-07,1.0e+00,1.0e-03,2.5e-01,1.0e-03,9.5e-01,global-SYSVGRRANTGE,CASSYsvGRraNTGELFF,CASSYSVGRRANTGELFF,TRBV6-5,TRBJ2-2,CIPGGADGLTF,Donor AJG2309:PB TCRab CD8ab Teff,1.000000,-,-,-,-,-,-,-,-,-,-,-
4386,single,1.0e+00,1,1,2.3e-07,1.0e+00,1.0e-03,2.5e-01,1.0e-03,9.5e-01,global-SYSVGRRANTGE,CASSYsvGRraNTGELFF,CASSYSVGRRANTGELFF,TRBV6-5,TRBJ2-2,CAASAGGDMRF,Donor AJG2309:PB TCRab CD8ab Teff,1.000000,-,-,-,-,-,-,-,-,-,-,-

4392,single,1.0e+00,1,1,9.5e-07,1.0e+00,1.0e-03,1.0e+00,1.0e-03,9.5e-01,global-SYRDSGLGTE,CASSYrdSGlgTEAFF,CASSYRDSGLGTEAFF,TRBV11-2,TRBJ1-1,CIVRELMDSNYQLIW,Donor AJKQ118:IEL TCRab CD8ab TRM,1.000000,-,-,-,-,-,-,-,-,-,-,-
4392,single,1.0e+00,1,1,9.5e-07,1.0e+00,1.0e-03,1.0e+00,1.0e-03,9.5e-01,global-SYRDSGLGTE,CASSYrdSGlgTEAFF,CASSYRDSGLGTEAFF,TRBV11-2,TRBJ1-1,CIVRELMDSNYQLIW,Donor AJKQ118:LP TCRab CD8ab TEM,1.000000,-,-,-,-,-,-,-,-,-,-,-

4407,single,1.0e+00,1,1,9.5e-07,1.0e+00,1.0e-03,1.0e+00,1.0e-03,9.5e-01,global-SQAPSGGGTDT,CASSQapSGGgTDTQYF,CASSQAPSGGGTDTQYF,TRBV4-3,TRBJ2-3,CAVRDSNYQLIW,Donor AJD3280:L TCRab CD8ab MAIT,1.000000,-,-,-,-,-,-,-,-,-,-,-
4407,single,1.0e+00,1,1,9.5e-07,1.0e+00,1.0e-03,1.0e+00,1.0e-03,9.5e-01,global-SQAPSGGGTDT,CASSQapSGGgTDTQYF,CASSQAPSGGGTDTQYF,TRBV4-3,TRBJ2-3,CAVRDSNYQLIW,Donor AJD3280:L TCRab CD8ab TRM,1.000000,-,-,-,-,-,-,-,-,-,-,-

4419,single,1.0e+00,1,1,1.1e-07,1.0e+00,1.0e-03,1.1e-01,1.0e-03,9.5e-01,global-SQDPGLYNE,CASSQdpGLYNEQFF,CASSQDPGLYNEQFF,TRBV4-3,TRBJ2-1,CVVENRRALTF,Donor AJKQ118:IEL TCRab CD8ab TRM,3.000000,-,-,-,-,-,-,-,-,-,-,-
4419,single,1.0e+00,1,1,1.1e-07,1.0e+00,1.0e-03,1.1e-01,1.0e-03,9.5e-01,global-SQDPGLYNE,CASSQdpGLYNEQFF,CASSQDPGLYNEQFF,TRBV4-3,TRBJ2-1,CVVENRRALTF,Donor AJKQ118:LP TCRab CD8ab TRM,2.000000,-,-,-,-,-,-,-,-,-,-,-

4427,single,1.0e+00,1,1,2.7e-07,1.0e+00,1.0e-03,2.9e-01,1.0e-03,9.5e-01,global-SVSGQLYQET,CASSVSGqlyQETQYF,CASSVSGQLYQETQYF,TRBV7-2,TRBJ2-5,CAIIPRQDGQNFVF,Donor AJG2309:IEL TCRab CD8ab TRM,1.000000,-,-,-,-,-,-,-,-,-,-,-
4427,single,1.0e+00,1,1,2.7e-07,1.0e+00,1.0e-03,2.9e-01,1.0e-03,9.5e-01,global-SVSGQLYQET,CASSVSGqlyQETQYF,CASSVSGQLYQETQYF,TRBV7-2,TRBJ2-5,CAMRDPYGQNFVF,Donor AJG2309:IEL TCRab CD8ab TRM,2.000000,-,-,-,-,-,-,-,-,-,-,-

4429,single,1.0e+00,1,1,2.2e-07,1.0e+00,1.0e-03,2.3e-01,1.0e-03,9.5e-01,global-SGWKDPIYE,CASSgwkdpiYEQYF,CASSGWKDPIYEQYF,TRBV6-1,TRBJ2-7,CAARGSGNTPLVF,Donor AJD3280:L TCRab CD8ab Teff,2.000000,-,-,-,-,-,-,-,-,-,-,-
4429,single,1.0e+00,1,1,2.2e-07,1.0e+00,1.0e-03,2.3e-01,1.0e-03,9.5e-01,global-SGWKDPIYE,CASSgwkdpiYEQYF,CASSGWKDPIYEQYF,TRBV6-1,TRBJ2-7,CAVGANAGGTSYGKLTF,Donor AJD3280:L TCRab CD8ab Teff,1.000000,-,-,-,-,-,-,-,-,-,-,-
4429,single,1.0e+00,1,1,2.2e-07,1.0e+00,1.0e-03,2.3e-01,1.0e-03,9.5e-01,global-SGWKDPIYE,CASSgwkdpiYEQYF,CASSGWKDPIYEQYF,TRBV6-1,TRBJ2-7,CAARGSGNTPLVF,Donor AJD3280:PB TCRab CD8ab Teff,2.000000,-,-,-,-,-,-,-,-,-,-,-

4444,single,1.0e+00,1,1,8.2e-08,1.0e+00,1.0e-03,8.6e-02,1.0e-03,9.5e-01,global-SFFGLVIPGRMGYE,CASSffglvipGRmgYEQYF,CASSFFGLVIPGRMGYEQYF,TRBV28,TRBJ2-7,CAGATNSGYALNF,Donor AJG2309:L TCRab CD8ab TRM,4.000000,-,-,-,-,-,-,-,-,-,-,-
4444,single,1.0e+00,1,1,8.2e-08,1.0e+00,1.0e-03,8.6e-02,1.0e-03,9.5e-01,global-SFFGLVIPGRMGYE,CASSffglvipGRmgYEQYF,CASSFFGLVIPGRMGYEQYF,TRBV28,TRBJ2-7,CAGATNSGYALNF,Donor AJG2309:PB TCRab CD8ab Teff,1.000000,-,-,-,-,-,-,-,-,-,-,-

4453,single,1.0e+00,1,1,7.6e-06,1.0e+00,8.0e-03,1.0e+00,1.0e-03,9.5e-01,global-RTGQGYG,CASrtGQGYGYTF,CASRTGQGYGYTF,TRBV19,TRBJ1-2,CAMREGWSKGGKLIF,Donor AJKQ118:IEL TCRab CD8ab TRM,1.000000,-,-,-,-,-,-,-,-,-,-,-
4453,single,1.0e+00,1,1,7.6e-06,1.0e+00,8.0e-03,1.0e+00,1.0e-03,9.5e-01,global-RTGQGYG,CASrtGQGYGYTF,CASRTGQGYGYTF,TRBV18,TRBJ1-2,CAMREGWSKGGKLIF,Donor AJKQ118:L TCRab CD8ab Teff,1.000000,-,-,-,-,-,-,-,-,-,-,-
4453,single,1.0e+00,1,1,7.6e-06,1.0e+00,8.0e-03,1.0e+00,1.0e-03,9.5e-01,global-RTGQGYG,CASrtGQGYGYTF,CASRTGQGYGYTF,TRBV19,TRBJ1-2,CAMREGWSKGGKLIF,Donor AJKQ118:L TCRab CD8ab Teff,1.000000,-,-,-,-,-,-,-,-,-,-,-
4453,single,1.0e+00,1,1,7.6e-06,1.0e+00,8.0e-03,1.0e+00,1.0e-03,9.5e-01,global-RTGQGYG,CASrtGQGYGYTF,CASRTGQGYGYTF,TRBV19,TRBJ1-2,CAMREGWSKGGKLIF,Donor AJKQ118:LP TCRab CD8ab TEM,1.000000,-,-,-,-,-,-,-,-,-,-,-

4466,single,1.0e+00,1,1,9.5e-07,1.0e+00,1.0e-03,1.0e+00,1.0e-03,9.5e-01,global-SGLALDTGE,CASSGLAldTGELFF,CASSGLALDTGELFF,TRBV19,TRBJ2-2,CAGPTSGTYKYIF,Donor AJG2309:LP TCRab CD8ab TEM,1.000000,-,-,-,-,-,-,-,-,-,-,-
4466,single,1.0e+00,1,1,9.5e-07,1.0e+00,1.0e-03,1.0e+00,1.0e-03,9.5e-01,global-SGLALDTGE,CASSGLAldTGELFF,CASSGLALDTGELFF,TRBV19,TRBJ2-2,CAGPTSGTYKYIF,Donor AJG2309:PB TCRab CD8ab Teff,1.000000,-,-,-,-,-,-,-,-,-,-,-

4483,single,1.0e+00,1,1,5.0e-08,1.0e+00,1.0e-03,5.2e-02,1.0e-03,9.5e-01,global-SAGGGHTE,CASSAGGghTEAFF,CASSAGGGHTEAFF,TRBV7-3,TRBJ1-1,CALSESENAGNMLTF,Donor AJD3280:IEL TCRab CD8ab TRM,6.000000,-,-,-,-,-,-,-,-,-,-,-
4483,single,1.0e+00,1,1,5.0e-08,1.0e+00,1.0e-03,5.2e-02,1.0e-03,9.5e-01,global-SAGGGHTE,CASSAGGghTEAFF,CASSAGGGHTEAFF,TRBV7-3,TRBJ1-1,CALSESENAGNMLTF,Donor AJD3280:LP TCRab CD8ab TRM,1.000000,-,-,-,-,-,-,-,-,-,-,-

4496,single,1.0e+00,1,1,1.9e-08,1.0e+00,1.0e-03,2.0e-02,1.0e-03,9.5e-01,global-FPGTGIGDEK,CSAfpGTGigdEKLFF,CSAFPGTGIGDEKLFF,TRBV20-1,TRBJ1-4,CAFRTYTGTASKLTF,Donor AJKQ118:L TCRab CD8ab Naive/TCM,5.000000,-,-,-,-,-,-,-,-,-,-,-
4496,single,1.0e+00,1,1,1.9e-08,1.0e+00,1.0e-03,2.0e-02,1.0e-03,9.5e-01,global-FPGTGIGDEK,CSAfpGTGigdEKLFF,CSAFPGTGIGDEKLFF,TRBV20-1,TRBJ1-4,CAFRTYTGTASKLTF,Donor AJKQ118:L TCRab CD8ab TRM,8.000000,-,-,-,-,-,-,-,-,-,-,-

4519,single,1.0e+00,1,1,8.1e-08,1.0e+00,1.0e-03,8.5e-02,1.0e-03,9.5e-01,global-GTGLNTE,CATGTGlNTEAFF,CATGTGLNTEAFF,TRBV5-1,TRBJ1-1,CAAQGGGFGNVLHC,Donor AJKQ118:IEL TCRab CD8ab TRM,4.000000,-,-,-,-,-,-,-,-,-,-,-
4519,single,1.0e+00,1,1,8.1e-08,1.0e+00,1.0e-03,8.5e-02,1.0e-03,9.5e-01,global-GTGLNTE,CATGTGlNTEAFF,CATGTGLNTEAFF,TRBV5-1,TRBJ1-1,CAAQGGGFGNVLHC,Donor AJKQ118:L TCRab CD8ab TRM,2.000000,-,-,-,-,-,-,-,-,-,-,-

4521,single,1.0e+00,1,1,9.5e-07,1.0e+00,1.0e-03,1.0e+00,1.0e-03,9.5e-01,global-SRGSVGE,CATSRgsvgEQYF,CATSRGSVGEQYF,TRBV24-1,TRBJ2-7,CAGLSGYALNF,Donor AJG2309:PB TCRab CD8ab TEM,1.000000,-,-,-,-,-,-,-,-,-,-,-
4521,single,1.0e+00,1,1,9.5e-07,1.0e+00,1.0e-03,1.0e+00,1.0e-03,9.5e-01,global-SRGSVGE,CATSRgsvgEQYF,CATSRGSVGEQYF,TRBV24-1,TRBJ2-7,CAGLSGYALNF,Donor AJG2309:PB TCRab CD8ab Teff,1.000000,-,-,-,-,-,-,-,-,-,-,-

4538,single,1.0e+00,1,1,2.8e-07,1.0e+00,1.0e-03,2.9e-01,1.0e-03,9.5e-01,global-KDRGGSYNE,CSAkDRGgSYNEQFF,CSAKDRGGSYNEQFF,TRBV20-1,TRBJ2-1,CAVSAASFTSGTYKYIF,Donor AJD3280:IEL TCRab CD8ab TRM,1.000000,-,-,-,-,-,-,-,-,-,-,-
4538,single,1.0e+00,1,1,2.8e-07,1.0e+00,1.0e-03,2.9e-01,1.0e-03,9.5e-01,global-KDRGGSYNE,CSAkDRGgSYNEQFF,CSAKDRGGSYNEQFF,TRBV20-1,TRBJ2-1,CAVSAASFTSGTYKYIF,Donor AJD3280:LP TCRab CD8ab TRM,2.000000,-,-,-,-,-,-,-,-,-,-,-

4553,single,1.0e+00,1,1,7.6e-08,1.0e+00,1.0e-03,8.0e-02,1.0e-03,9.5e-01,global-SSAGSTDT,CASSSAGSTDTQYF,CASSSAGSTDTQYF,TRBV7-8,TRBJ2-3,CAVRDSWWGGKSTF,Donor AJG2309:L TCRab CD8ab TRM,3.000000,-,-,-,-,-,-,-,-,-,-,-
4553,single,1.0e+00,1,1,7.6e-08,1.0e+00,1.0e-03,8.0e-02,1.0e-03,9.5e-01,global-SSAGSTDT,CASSSAGSTDTQYF,CASSSAGSTDTQYF,TRBV7-8,TRBJ2-3,CARDGSNYQLIW,Donor AJG2309:PB TCRab CD8ab Teff,2.000000,-,-,-,-,-,-,-,-,-,-,-

4556,single,1.0e+00,1,1,9.5e-07,1.0e+00,1.0e-03,1.0e+00,1.0e-03,9.5e-01,global-SQETGTGGEK,CASSQetGTGGEKLFF,CASSQETGTGGEKLFF,TRBV4-2,TRBJ1-4,CAGYSGGATNKLIF,Donor AJD3280:IEL TCRab CD8ab TRM,1.000000,-,-,-,-,-,-,-,-,-,-,-
4556,single,1.0e+00,1,1,9.5e-07,1.0e+00,1.0e-03,1.0e+00,1.0e-03,9.5e-01,global-SQETGTGGEK,CASSQetGTGGEKLFF,CASSQETGTGGEKLFF,TRBV4-2,TRBJ1-4,CAGYSGGATNKLIF,Donor AJD3280:LP TCRab CD8ab TEM,1.000000,-,-,-,-,-,-,-,-,-,-,-

4560,single,1.0e+00,1,1,1.6e-08,1.0e+00,1.0e-03,1.7e-02,1.0e-03,9.5e-01,global-LPRRTTSGSRANE,CSVlprrtTSGsraNEQFF,CSVLPRRTTSGSRANEQFF,TRBV29-1,TRBJ2-1,CILRDLQAGTALIF,Donor AJG2309:L TCRab CD8ab TRM,4.000000,-,-,-,-,-,-,-,-,-,-,-
4560,single,1.0e+00,1,1,1.6e-08,1.0e+00,1.0e-03,1.7e-02,1.0e-03,9.5e-01,global-LPRRTTSGSRANE,CSVlprrtTSGsraNEQFF,CSVLPRRTTSGSRANEQFF,TRBV29-1,TRBJ2-1,CILRDLQAGTALIF,Donor AJG2309:L TCRab CD8ab Teff,6.000000,-,-,-,-,-,-,-,-,-,-,-
4560,single,1.0e+00,1,1,1.6e-08,1.0e+00,1.0e-03,1.7e-02,1.0e-03,9.5e-01,global-LPRRTTSGSRANE,CSVlprrtTSGsraNEQFF,CSVLPRRTTSGSRANEQFF,TRBV29-1,TRBJ2-1,CILRDLQAGTALIF,Donor AJG2309:PB TCRab CD8ab Teff,9.000000,-,-,-,-,-,-,-,-,-,-,-

4562,single,1.0e+00,1,1,2.0e-08,1.0e+00,1.0e-03,2.1e-02,1.0e-03,9.5e-01,global-SLAKDTTYE,CASSLakdttYEQYF,CASSLAKDTTYEQYF,TRBV5-1,TRBJ2-7,CVVSAGDFPNTNAGKSTF,Donor AJG2309:L TCRab CD8ab TRM,3.000000,-,-,-,-,-,-,-,-,-,-,-
4562,single,1.0e+00,1,1,2.0e-08,1.0e+00,1.0e-03,2.1e-02,1.0e-03,9.5e-01,global-SLAKDTTYE,CASSLakdttYEQYF,CASSLAKDTTYEQYF,TRBV5-1,TRBJ2-7,CVVSAGDFPNTNAGKSTF,Donor AJG2309:L TCRab CD8ab Teff,3.000000,-,-,-,-,-,-,-,-,-,-,-
4562,single,1.0e+00,1,1,2.0e-08,1.0e+00,1.0e-03,2.1e-02,1.0e-03,9.5e-01,global-SLAKDTTYE,CASSLakdttYEQYF,CASSLAKDTTYEQYF,TRBV5-1,TRBJ2-7,CVVSAGDFPNTNAGKSTF,Donor AJG2309:PB TCRab CD8ab Teff,9.000000,-,-,-,-,-,-,-,-,-,-,-

4577,single,1.0e+00,1,1,9.5e-07,1.0e+00,1.0e-03,1.0e+00,1.0e-03,9.5e-01,global-SIEGLAVSYNE,CASSIeGLAvSYNEQFF,CASSIEGLAVSYNEQFF,TRBV19,TRBJ2-1,CVVNRDTGRRALTF,Donor AJG2309:LP TCRab CD8ab TEM,1.000000,-,-,-,-,-,-,-,-,-,-,-
4577,single,1.0e+00,1,1,9.5e-07,1.0e+00,1.0e-03,1.0e+00,1.0e-03,9.5e-01,global-SIEGLAVSYNE,CASSIeGLAvSYNEQFF,CASSIEGLAVSYNEQFF,TRBV19,TRBJ2-1,CVVNRDTGRRALTF,Donor AJG2309:PB TCRab CD8ab TEM,1.000000,-,-,-,-,-,-,-,-,-,-,-

4584,single,1.0e+00,1,1,2.9e-07,1.0e+00,1.0e-03,3.0e-01,1.0e-03,9.5e-01,global-SRDRLYTDT,CASSRDRlyTDTQYF,CASSRDRLYTDTQYF,TRBV5-6,TRBJ2-3,CAEISMDSSYKLIF,Donor AJG2309:L TCRab CD8ab Teff,1.000000,-,-,-,-,-,-,-,-,-,-,-
4584,single,1.0e+00,1,1,2.9e-07,1.0e+00,1.0e-03,3.0e-01,1.0e-03,9.5e-01,global-SRDRLYTDT,CASSRDRlyTDTQYF,CASSRDRLYTDTQYF,TRBV5-6,TRBJ2-3,CAEISMDSSYKLIF,Donor AJG2309:PB TCRab CD8ab Teff,2.000000,-,-,-,-,-,-,-,-,-,-,-

4587,single,1.0e+00,1,1,2.5e-07,1.0e+00,1.0e-03,2.6e-01,1.0e-03,9.5e-01,global-SSDSGGLEEK,CATSsdSGGleEKLFF,CATSSDSGGLEEKLFF,TRBV15,TRBJ1-4,CVVNTGGFKTIF,Donor AJKQ118:L TCRab CD8ab Teff,2.000000,-,-,-,-,-,-,-,-,-,-,-
4587,single,1.0e+00,1,1,2.5e-07,1.0e+00,1.0e-03,2.6e-01,1.0e-03,9.5e-01,global-SSDSGGLEEK,CATSsdSGGleEKLFF,CATSSDSGGLEEKLFF,TRBV15,TRBJ1-4,CVVNTGGFKTIF,Donor AJKQ118:LP TCRab CD8ab TEM,1.000000,-,-,-,-,-,-,-,-,-,-,-

4594,single,1.0e+00,2,1,3.6e-08,1.0e+00,2.0e-03,1.9e-02,1.0e-03,9.5e-01,global-SFGTYNE,CASSfGTYNEQFF,CASSFGTYNEQFF,TRBV6-5,TRBJ2-1,CAMREVPGTASKLTF,Donor AJG2309:IEL TCRab CD8ab TRM,13.000000,-,-,-,-,-,-,-,-,-,-,-
4594,single,1.0e+00,2,1,3.6e-08,1.0e+00,2.0e-03,1.9e-02,1.0e-03,9.5e-01,global-SFGTYNE,CASSfGTYNEQFF,CASSFGTYNEQFF,TRBV6-5,TRBJ2-1,CAMREVPGTASKLTF,Donor AJG2309:LP TCRab CD8ab TRM,2.000000,-,-,-,-,-,-,-,-,-,-,-
4594,single,1.0e+00,2,1,3.6e-08,1.0e+00,2.0e-03,1.9e-02,1.0e-03,9.5e-01,global-SFGTYNE,CASSfGTYNEQFF,CASSFGTYNEQFF,TRBV7-2,TRBJ2-1,CAMNSGGYQKVTF,Donor AJKQ118:PB TCRab CD8ab Naive/TCM,1.000000,-,-,-,-,-,-,-,-,-,-,-

4603,single,1.0e+00,1,1,2.1e-07,1.0e+00,1.0e-03,2.2e-01,1.0e-03,9.5e-01,global-SPPGGVDSP,CASSPpGGvdSPLHF,CASSPPGGVDSPLHF,TRBV9,TRBJ1-6,CAVRDRLTGGGNKLTF,Donor AJD3280:L TCRab CD8ab TRM,1.000000,-,-,-,-,-,-,-,-,-,-,-
4603,single,1.0e+00,1,1,2.1e-07,1.0e+00,1.0e-03,2.2e-01,1.0e-03,9.5e-01,global-SPPGGVDSP,CASSPpGGvdSPLHF,CASSPPGGVDSPLHF,TRBV9,TRBJ1-6,CAVRDRLTGGGNKLTF,Donor AJD3280:L TCRab CD8ab Teff,1.000000,-,-,-,-,-,-,-,-,-,-,-
4603,single,1.0e+00,1,1,2.1e-07,1.0e+00,1.0e-03,2.2e-01,1.0e-03,9.5e-01,global-SPPGGVDSP,CASSPpGGvdSPLHF,CASSPPGGVDSPLHF,TRBV9,TRBJ1-6,CAVRDRLTGGGNKLTF,Donor AJD3280:PB TCRab CD8ab Teff,3.000000,-,-,-,-,-,-,-,-,-,-,-

4620,single,1.0e+00,1,1,5.8e-08,1.0e+00,1.0e-03,6.1e-02,1.0e-03,9.5e-01,global-SPETGGET,CASSPeTGGETQYF,CASSPETGGETQYF,TRBV7-8,TRBJ2-5,CAARYQGGSEKLVF,Donor AJG2309:IEL TCRab CD8ab TRM,5.000000,-,-,-,-,-,-,-,-,-,-,-
4620,single,1.0e+00,1,1,5.8e-08,1.0e+00,1.0e-03,6.1e-02,1.0e-03,9.5e-01,global-SPETGGET,CASSPeTGGETQYF,CASSPETGGETQYF,TRBV7-8,TRBJ2-5,CAARYQGGSEKLVF,Donor AJG2309:LP TCRab CD8ab TRM,1.000000,-,-,-,-,-,-,-,-,-,-,-

4627,single,1.0e+00,1,1,9.5e-07,1.0e+00,1.0e-03,1.0e+00,1.0e-03,9.5e-01,global-SLVPGETYE,CASSLvpgetYEQYF,CASSLVPGETYEQYF,TRBV5-5,TRBJ2-7,CAVIGNQFYF,Donor AJG2309:IEL TCRab CD8ab TRM,1.000000,-,-,-,-,-,-,-,-,-,-,-
4627,single,1.0e+00,1,1,9.5e-07,1.0e+00,1.0e-03,1.0e+00,1.0e-03,9.5e-01,global-SLVPGETYE,CASSLvpgetYEQYF,CASSLVPGETYEQYF,TRBV5-5,TRBJ2-7,CLVGDSNYQLIW,Donor AJG2309:IEL TCRab CD8ab TRM,1.000000,-,-,-,-,-,-,-,-,-,-,-
4627,single,1.0e+00,1,1,9.5e-07,1.0e+00,1.0e-03,1.0e+00,1.0e-03,9.5e-01,global-SLVPGETYE,CASSLvpgetYEQYF,CASSLVPGETYEQYF,TRBV5-5,TRBJ2-7,CALHLNGEYGNKLVF,Donor AJG2309:IEL TCRab CD8ab TRM,1.000000,-,-,-,-,-,-,-,-,-,-,-

4642,single,1.0e+00,1,1,9.5e-07,1.0e+00,1.0e-03,1.0e+00,1.0e-03,9.5e-01,global-SLAVGSGANYG,CASSLavgSGaNYGYTF,CASSLAVGSGANYGYTF,TRBV7-2,TRBJ1-2,CALSFPPNAGGTSYGKLTF,Donor AJKQ118:L TCRab CD8ab Teff,1.000000,-,-,-,-,-,-,-,-,-,-,-
4642,single,1.0e+00,1,1,9.5e-07,1.0e+00,1.0e-03,1.0e+00,1.0e-03,9.5e-01,global-SLAVGSGANYG,CASSLavgSGaNYGYTF,CASSLAVGSGANYGYTF,TRBV7-2,TRBJ1-2,CALSFPPNAGGTSYGKLTF,Donor AJKQ118:PB TCRab CD8ab Teff,1.000000,-,-,-,-,-,-,-,-,-,-,-

4655,single,1.0e+00,1,1,9.5e-07,1.0e+00,1.0e-03,1.0e+00,1.0e-03,9.5e-01,global-RGTSGGRNE,CSARGTSGGrNEQFF,CSARGTSGGRNEQFF,TRBV20-1,TRBJ2-1,CAAYNNARLMF,Donor AJD3280:IEL TCRab CD8ab TRM,1.000000,-,-,-,-,-,-,-,-,-,-,-
4655,single,1.0e+00,1,1,9.5e-07,1.0e+00,1.0e-03,1.0e+00,1.0e-03,9.5e-01,global-RGTSGGRNE,CSARGTSGGrNEQFF,CSARGTSGGRNEQFF,TRBV20-1,TRBJ2-1,CAAYNNARLMF,Donor AJD3280:LP TCRab CD8ab TRM,1.000000,-,-,-,-,-,-,-,-,-,-,-

4670,single,1.0e+00,1,1,1.4e-07,1.0e+00,1.0e-03,1.5e-01,1.0e-03,9.5e-01,global-STGLAGGRRGE,CASStGLAGGrrgEQFF,CASSTGLAGGRRGEQFF,TRBV4-3,TRBJ2-1,CAMRAIYGGATNKLIF,Donor AJG2309:IEL TCRab CD8ab TRM,3.000000,-,-,-,-,-,-,-,-,-,-,-
4670,single,1.0e+00,1,1,1.4e-07,1.0e+00,1.0e-03,1.5e-01,1.0e-03,9.5e-01,global-STGLAGGRRGE,CASStGLAGGrrgEQFF,CASSTGLAGGRRGEQFF,TRBV4-3,TRBJ2-1,CAMRAIYGGATNKLIF,Donor AJG2309:LP TCRab CD8ab TRM,1.000000,-,-,-,-,-,-,-,-,-,-,-

4681,single,1.0e+00,1,1,9.5e-07,1.0e+00,1.0e-03,1.0e+00,1.0e-03,9.5e-01,global-SEGKVIPGE,CASSEgkvipGELFF,CASSEGKVIPGELFF,TRBV2,TRBJ2-2,CVVNGRDSSYKLIF,Donor AJD3280:L TCRab CD8ab TRM,1.000000,-,-,-,-,-,-,-,-,-,-,-
4681,single,1.0e+00,1,1,9.5e-07,1.0e+00,1.0e-03,1.0e+00,1.0e-03,9.5e-01,global-SEGKVIPGE,CASSEgkvipGELFF,CASSEGKVIPGELFF,TRBV2,TRBJ2-2,CVVNGRDSSYKLIF,Donor AJD3280:L TCRab CD8ab Teff,1.000000,-,-,-,-,-,-,-,-,-,-,-
4681,single,1.0e+00,1,1,9.5e-07,1.0e+00,1.0e-03,1.0e+00,1.0e-03,9.5e-01,global-SEGKVIPGE,CASSEgkvipGELFF,CASSEGKVIPGELFF,TRBV2,TRBJ2-2,CVVNGRDSSYKLIF,Donor AJD3280:LP TCRab CD8ab TEM,1.000000,-,-,-,-,-,-,-,-,-,-,-
4681,single,1.0e+00,1,1,9.5e-07,1.0e+00,1.0e-03,1.0e+00,1.0e-03,9.5e-01,global-SEGKVIPGE,CASSEgkvipGELFF,CASSEGKVIPGELFF,TRBV2,TRBJ2-2,CVVNGRDSSYKLIF,Donor AJD3280:PB TCRab CD8ab Teff,1.000000,-,-,-,-,-,-,-,-,-,-,-

4686,single,1.0e+00,1,1,9.5e-07,1.0e+00,1.0e-03,1.0e+00,1.0e-03,9.5e-01,global-SEASGGAET,CASSEaSGGaETQYF,CASSEASGGAETQYF,TRBV6-1,TRBJ2-5,CAVMDSSYKLIF,Donor AJD3280:L TCRab CD8ab MAIT,1.000000,-,-,-,-,-,-,-,-,-,-,-
4686,single,1.0e+00,1,1,9.5e-07,1.0e+00,1.0e-03,1.0e+00,1.0e-03,9.5e-01,global-SEASGGAET,CASSEaSGGaETQYF,CASSEASGGAETQYF,TRBV6-1,TRBJ2-5,CAVMDSSYKLIF,Donor AJD3280:L TCRab CD8ab TRM,1.000000,-,-,-,-,-,-,-,-,-,-,-
4686,single,1.0e+00,1,1,9.5e-07,1.0e+00,1.0e-03,1.0e+00,1.0e-03,9.5e-01,global-SEASGGAET,CASSEaSGGaETQYF,CASSEASGGAETQYF,TRBV6-1,TRBJ2-5,CLVGRYSSASKIIF,Donor AJD3280:L TCRab CD8ab TRM,1.000000,-,-,-,-,-,-,-,-,-,-,-

4754,single,1.0e+00,1,1,1.5e-08,1.0e+00,1.0e-03,1.6e-02,1.0e-03,9.5e-01,global-SPHYGTE,CASSPhygTEAFF,CASSPHYGTEAFF,TRBV28,TRBJ1-1,CAMREAYGQNFVF,Donor AJG2309:L TCRab CD8ab TRM,16.000000,-,-,-,-,-,-,-,-,-,-,-
4754,single,1.0e+00,1,1,1.5e-08,1.0e+00,1.0e-03,1.6e-02,1.0e-03,9.5e-01,global-SPHYGTE,CASSPhygTEAFF,CASSPHYGTEAFF,TRBV28,TRBJ1-1,CAMREAYGQNFVF,Donor AJG2309:L TCRab CD8ab Teff,1.000000,-,-,-,-,-,-,-,-,-,-,-
4754,single,1.0e+00,1,1,1.5e-08,1.0e+00,1.0e-03,1.6e-02,1.0e-03,9.5e-01,global-SPHYGTE,CASSPhygTEAFF,CASSPHYGTEAFF,TRBV28,TRBJ1-1,CAMREAYGQNFVF,Donor AJG2309:PB TCRab CD8ab Teff,2.000000,-,-,-,-,-,-,-,-,-,-,-

4762,single,1.0e+00,1,1,2.5e-08,1.0e+00,1.0e-03,2.6e-02,1.0e-03,9.5e-01,global-SYSRYWTPYG,CASSYsrywtpYGYTF,CASSYSRYWTPYGYTF,TRBV6-6,TRBJ1-2,CIVRSYSGNTPLVF,Donor AJD3280:L TCRab CD8ab TRM,1.000000,-,-,-,-,-,-,-,-,-,-,-
4762,single,1.0e+00,1,1,2.5e-08,1.0e+00,1.0e-03,2.6e-02,1.0e-03,9.5e-01,global-SYSRYWTPYG,CASSYsrywtpYGYTF,CASSYSRYWTPYGYTF,TRBV6-6,TRBJ1-2,CAALGLIQGAQKLVF,Donor AJD3280:L TCRab CD8ab TRM,1.000000,-,-,-,-,-,-,-,-,-,-,-
4762,single,1.0e+00,1,1,2.5e-08,1.0e+00,1.0e-03,2.6e-02,1.0e-03,9.5e-01,global-SYSRYWTPYG,CASSYsrywtpYGYTF,CASSYSRYWTPYGYTF,TRBV6-6,TRBJ1-2,CAALGLIQGAQKLVF,Donor AJD3280:L TCRab CD8ab Teff,11.000000,-,-,-,-,-,-,-,-,-,-,-
4762,single,1.0e+00,1,1,2.5e-08,1.0e+00,1.0e-03,2.6e-02,1.0e-03,9.5e-01,global-SYSRYWTPYG,CASSYsrywtpYGYTF,CASSYSRYWTPYGYTF,TRBV6-6,TRBJ1-2,CAALGLIQGAQKLVF,Donor AJD3280:PB TCRab CD8ab Teff,6.000000,-,-,-,-,-,-,-,-,-,-,-

4763,single,1.0e+00,1,1,4.6e-07,1.0e+00,1.0e-03,4.8e-01,1.0e-03,9.5e-01,global-SVGKGLGTE,CASSVgkGLgTEAFF,CASSVGKGLGTEAFF,TRBV9,TRBJ1-1,CAVQAVNYGGATNKLIF,Donor AJD3280:L TCRab CD8ab Naive/TCM,1.000000,-,-,-,-,-,-,-,-,-,-,-
4763,single,1.0e+00,1,1,4.6e-07,1.0e+00,1.0e-03,4.8e-01,1.0e-03,9.5e-01,global-SVGKGLGTE,CASSVgkGLgTEAFF,CASSVGKGLGTEAFF,TRBV9,TRBJ1-1,CAVQAVNYGGATNKLIF,Donor AJD3280:L TCRab CD8ab TRM,2.000000,-,-,-,-,-,-,-,-,-,-,-
4763,single,1.0e+00,1,1,4.6e-07,1.0e+00,1.0e-03,4.8e-01,1.0e-03,9.5e-01,global-SVGKGLGTE,CASSVgkGLgTEAFF,CASSVGKGLGTEAFF,TRBV9,TRBJ1-1,CAVQAVNYGGATNKLIF,Donor AJD3280:L TCRab CD8ab Teff,1.000000,-,-,-,-,-,-,-,-,-,-,-
4763,single,1.0e+00,1,1,4.6e-07,1.0e+00,1.0e-03,4.8e-01,1.0e-03,9.5e-01,global-SVGKGLGTE,CASSVgkGLgTEAFF,CASSVGKGLGTEAFF,TRBV9,TRBJ1-1,CAVQAVNYGGATNKLIF,Donor AJD3280:LP TCRab CD8ab TEM,1.000000,-,-,-,-,-,-,-,-,-,-,-

4769,single,1.0e+00,1,1,8.5e-08,1.0e+00,1.0e-03,8.9e-02,1.0e-03,9.5e-01,global-SYYRTFYE,CASSYyrtfYEQYF,CASSYYRTFYEQYF,TRBV6-5,TRBJ2-7,CAVRSNYGGATNKLIF,Donor AJG2309:IEL TCRab CD8ab TRM,6.000000,-,-,-,-,-,-,-,-,-,-,-
4769,single,1.0e+00,1,1,8.5e-08,1.0e+00,1.0e-03,8.9e-02,1.0e-03,9.5e-01,global-SYYRTFYE,CASSYyrtfYEQYF,CASSYYRTFYEQYF,TRBV6-5,TRBJ2-7,CAVRSNYGGATNKLIF,Donor AJG2309:LP TCRab CD8ab TRM,1.000000,-,-,-,-,-,-,-,-,-,-,-
4769,single,1.0e+00,1,1,8.5e-08,1.0e+00,1.0e-03,8.9e-02,1.0e-03,9.5e-01,global-SYYRTFYE,CASSYyrtfYEQYF,CASSYYRTFYEQYF,TRBV6-5,TRBJ2-7,CAVRSNYGGATNKLNF,Donor AJG2309:LP TCRab CD8ab TRM,1.000000,-,-,-,-,-,-,-,-,-,-,-

4777,single,1.0e+00,1,1,1.3e-07,1.0e+00,1.0e-03,1.4e-01,1.0e-03,9.5e-01,global-SGTGFSGNT,CASSGTGfSGNTIYF,CASSGTGFSGNTIYF,TRBV5-1,TRBJ1-3,CIVTYYALNF,Donor AJD3280:IEL TCRab CD8ab TRM,2.000000,-,-,-,-,-,-,-,-,-,-,-
4777,single,1.0e+00,1,1,1.3e-07,1.0e+00,1.0e-03,1.4e-01,1.0e-03,9.5e-01,global-SGTGFSGNT,CASSGTGfSGNTIYF,CASSGTGFSGNTIYF,TRBV5-1,TRBJ1-3,CALFNNAGNMLTF,Donor AJD3280:IEL TCRab CD8ab TRM,2.000000,-,-,-,-,-,-,-,-,-,-,-

4805,single,1.0e+00,2,1,4.8e-05,1.0e+00,5.0e-02,1.0e+00,1.0e-03,9.5e-01,global-SSRDSYE,CASSSrdSYEQYF,CASSSRDSYEQYF,TRBV18,TRBJ2-7,CARAGNTPLVF,Donor AJG2309:LP TCRab CD8ab TEM,1.000000,-,-,-,-,-,-,-,-,-,-,-
4805,single,1.0e+00,2,1,4.8e-05,1.0e+00,5.0e-02,1.0e+00,1.0e-03,9.5e-01,global-SSRDSYE,CASSSrdSYEQYF,CASSSRDSYEQYF,TRBV7-6,TRBJ2-7,CAGPSPLELTF,Donor AJKQ118:PB TCRab CD8ab Naive/TCM,1.000000,-,-,-,-,-,-,-,-,-,-,-

4826,single,1.0e+00,1,1,9.5e-07,1.0e+00,1.0e-03,1.0e+00,1.0e-03,9.5e-01,global-RDRGTTDT,CSARDRGtTDTQYF,CSARDRGTTDTQYF,TRBV20-1,TRBJ2-3,CVVGDYKLSF,Donor AJD3280:IEL TCRab CD8ab TRM,1.000000,-,-,-,-,-,-,-,-,-,-,-
4826,single,1.0e+00,1,1,9.5e-07,1.0e+00,1.0e-03,1.0e+00,1.0e-03,9.5e-01,global-RDRGTTDT,CSARDRGtTDTQYF,CSARDRGTTDTQYF,TRBV20-1,TRBJ2-3,CVVGDYKLSF,Donor AJD3280:L TCRab CD8ab TRM,1.000000,-,-,-,-,-,-,-,-,-,-,-

4843,single,1.0e+00,1,1,2.6e-07,1.0e+00,1.0e-03,2.8e-01,1.0e-03,9.5e-01,global-SR,CASSRnTF,CASSRNTF,TRBV2,TRBJ1-2,CAYTWNTGTASKLTF,Donor AJD3280:IEL TCRab CD8ab TRM,1.000000,-,-,-,-,-,-,-,-,-,-,-
4843,single,1.0e+00,1,1,2.6e-07,1.0e+00,1.0e-03,2.8e-01,1.0e-03,9.5e-01,global-SR,CASSRnTF,CASSRNTF,TRBV2,TRBJ1-2,CAYTWNTGTASKLTF,Donor AJD3280:LP TCRab CD8ab TRM,2.000000,-,-,-,-,-,-,-,-,-,-,-

4847,single,1.0e+00,1,1,1.6e-08,1.0e+00,1.0e-03,1.7e-02,1.0e-03,9.5e-01,global-SLSGTARTE,CASSLSGtarTEAFF,CASSLSGTARTEAFF,TRBV7-8,TRBJ1-1,CAMSLGLNNAGNMLTF,Donor AJKQ118:IEL TCRab CD8ab TRM,10.000000,-,-,-,-,-,-,-,-,-,-,-
4847,single,1.0e+00,1,1,1.6e-08,1.0e+00,1.0e-03,1.7e-02,1.0e-03,9.5e-01,global-SLSGTARTE,CASSLSGtarTEAFF,CASSLSGTARTEAFF,TRBV7-8,TRBJ1-1,CAMSLGLNNAGNMLTF,Donor AJKQ118:LP TCRab CD8ab TEM,9.000000,-,-,-,-,-,-,-,-,-,-,-
4847,single,1.0e+00,1,1,1.6e-08,1.0e+00,1.0e-03,1.7e-02,1.0e-03,9.5e-01,global-SLSGTARTE,CASSLSGtarTEAFF,CASSLSGTARTEAFF,TRBV7-8,TRBJ1-1,CAMSLGLNNAGNMLTF,Donor AJKQ118:LP TCRab CD8ab TRM,1.000000,-,-,-,-,-,-,-,-,-,-,-
4847,single,1.0e+00,1,1,1.6e-08,1.0e+00,1.0e-03,1.7e-02,1.0e-03,9.5e-01,global-SLSGTARTE,CASSLSGtarTEAFF,CASSLSGTARTEAFF,TRBV7-8,TRBJ1-1,CAMSLGLNNAGNMLTF,Donor AJKQ118:PB TCRab CD8ab Teff,1.000000,-,-,-,-,-,-,-,-,-,-,-

4854,single,1.0e+00,1,1,2.6e-07,1.0e+00,1.0e-03,2.8e-01,1.0e-03,9.5e-01,global-PAWGSYNE,CSApawgSYNEQFF,CSAPAWGSYNEQFF,TRBV20-1,TRBJ2-1,CAFMKPFDGHGGSQGNLIF,Donor AJD3280:IEL TCRab CD8ab TRM,2.000000,-,-,-,-,-,-,-,-,-,-,-
4854,single,1.0e+00,1,1,2.6e-07,1.0e+00,1.0e-03,2.8e-01,1.0e-03,9.5e-01,global-PAWGSYNE,CSApawgSYNEQFF,CSAPAWGSYNEQFF,TRBV20-1,TRBJ2-1,CAFMKPFDGHGGSQGNLIF,Donor AJD3280:LP TCRab CD8ab TRM,1.000000,-,-,-,-,-,-,-,-,-,-,-

4858,single,1.0e+00,1,1,9.5e-07,1.0e+00,1.0e-03,1.0e+00,1.0e-03,9.5e-01,global-SVEGTSYE,CASSVeGTSYEQYF,CASSVEGTSYEQYF,TRBV9,TRBJ2-7,CAVDMRGGSEKLVF,Donor AJD3280:IEL TCRab CD8ab TRM,1.000000,-,-,-,-,-,-,-,-,-,-,-
4858,single,1.0e+00,1,1,9.5e-07,1.0e+00,1.0e-03,1.0e+00,1.0e-03,9.5e-01,global-SVEGTSYE,CASSVeGTSYEQYF,CASSVEGTSYEQYF,TRBV9,TRBJ2-7,CAVDMRGGSEKLVF,Donor AJD3280:LP TCRab CD8ab TRM,1.000000,-,-,-,-,-,-,-,-,-,-,-

4860,single,1.0e+00,1,1,9.5e-07,1.0e+00,1.0e-03,1.0e+00,1.0e-03,9.5e-01,global-SSLAGPNT,CASSSLAGpNTIYF,CASSSLAGPNTIYF,TRBV12-3,TRBJ1-3,CAENIRQAGTALIF,Donor AJD3280:IEL TCRab CD8ab TRM,1.000000,-,-,-,-,-,-,-,-,-,-,-
4860,single,1.0e+00,1,1,9.5e-07,1.0e+00,1.0e-03,1.0e+00,1.0e-03,9.5e-01,global-SSLAGPNT,CASSSLAGpNTIYF,CASSSLAGPNTIYF,TRBV12-3,TRBJ1-3,CAESSLSSSYKLIF,Donor AJD3280:IEL TCRab CD8ab TRM,1.000000,-,-,-,-,-,-,-,-,-,-,-

4863,single,1.0e+00,1,1,9.5e-07,1.0e+00,1.0e-03,1.0e+00,1.0e-03,9.5e-01,global-SQDLSAGLAGGADT,CASSQdlsaGLAGGaDTQYF,CASSQDLSAGLAGGADTQYF,TRBV3-1,TRBJ2-3,CAAWGTDKLIF,Donor AJD3280:IEL TCRab CD8ab TRM,1.000000,-,-,-,-,-,-,-,-,-,-,-
4863,single,1.0e+00,1,1,9.5e-07,1.0e+00,1.0e-03,1.0e+00,1.0e-03,9.5e-01,global-SQDLSAGLAGGADT,CASSQdlsaGLAGGaDTQYF,CASSQDLSAGLAGGADTQYF,TRBV3-1,TRBJ2-3,CAAWGTDKLIF,Donor AJD3280:LP TCRab CD8ab TRM,1.000000,-,-,-,-,-,-,-,-,-,-,-

4866,single,1.0e+00,1,1,9.5e-07,1.0e+00,1.0e-03,1.0e+00,1.0e-03,9.5e-01,global-SQVRGGYE,CASSQvRGgYEQYF,CASSQVRGGYEQYF,TRBV3-1,TRBJ2-7,CAYSGGGSEKLVF,Donor AJG2309:LP TCRab CD8ab TEM,1.000000,-,-,-,-,-,-,-,-,-,-,-
4866,single,1.0e+00,1,1,9.5e-07,1.0e+00,1.0e-03,1.0e+00,1.0e-03,9.5e-01,global-SQVRGGYE,CASSQvRGgYEQYF,CASSQVRGGYEQYF,TRBV3-1,TRBJ2-7,CAYSGGGSEKLVF,Donor AJG2309:LP TCRab CD8ab TRM,1.000000,-,-,-,-,-,-,-,-,-,-,-

4877,single,1.0e+00,1,1,6.6e-08,1.0e+00,1.0e-03,6.9e-02,1.0e-03,9.5e-01,global-STRVFYE,CASStrvfYEQYF,CASSTRVFYEQYF,TRBV27,TRBJ2-7,CAPRSYSGAGSYQLTF,Donor AJG2309:L TCRab CD8ab TRM,4.000000,-,-,-,-,-,-,-,-,-,-,-
4877,single,1.0e+00,1,1,6.6e-08,1.0e+00,1.0e-03,6.9e-02,1.0e-03,9.5e-01,global-STRVFYE,CASStrvfYEQYF,CASSTRVFYEQYF,TRBV27,TRBJ2-7,CAPRSYSGAGSYQLTF,Donor AJG2309:PB TCRab CD8ab Teff,2.000000,-,-,-,-,-,-,-,-,-,-,-

4879,single,1.0e+00,1,1,9.5e-07,1.0e+00,1.0e-03,1.0e+00,1.0e-03,9.5e-01,global-SLGGGGNYE,CASSLGGggnYEQYF,CASSLGGGGNYEQYF,TRBV5-6,TRBJ2-7,CAAMGPDGGATNKLIF,Donor AJG2309:IEL TCRab CD8ab TRM,1.000000,-,-,-,-,-,-,-,-,-,-,-
4879,single,1.0e+00,1,1,9.5e-07,1.0e+00,1.0e-03,1.0e+00,1.0e-03,9.5e-01,global-SLGGGGNYE,CASSLGGggnYEQYF,CASSLGGGGNYEQYF,TRBV5-6,TRBJ2-7,CAAMGPDGGATNKLIF,Donor AJG2309:LP TCRab CD8ab TEM,1.000000,-,-,-,-,-,-,-,-,-,-,-
4879,single,1.0e+00,1,1,9.5e-07,1.0e+00,1.0e-03,1.0e+00,1.0e-03,9.5e-01,global-SLGGGGNYE,CASSLGGggnYEQYF,CASSLGGGGNYEQYF,TRBV5-6,TRBJ2-7,CAAMGPDGGATNKLIF,Donor AJG2309:PB TCRab CD8ab Teff,1.000000,-,-,-,-,-,-,-,-,-,-,-

4907,single,1.0e+00,1,1,9.5e-07,1.0e+00,1.0e-03,1.0e+00,1.0e-03,9.5e-01,global-SLRLAGYQSSYE,CASSLrLAGyqsSYEQYF,CASSLRLAGYQSSYEQYF,TRBV7-6,TRBJ2-7,CAGAGPQTSGSRLTF,Donor AJG2309:L TCRab CD8ab TRM,1.000000,-,-,-,-,-,-,-,-,-,-,-
4907,single,1.0e+00,1,1,9.5e-07,1.0e+00,1.0e-03,1.0e+00,1.0e-03,9.5e-01,global-SLRLAGYQSSYE,CASSLrLAGyqsSYEQYF,CASSLRLAGYQSSYEQYF,TRBV7-6,TRBJ2-7,CAGAGPQTSGSRLTF,Donor AJG2309:PB TCRab CD8ab Teff,1.000000,-,-,-,-,-,-,-,-,-,-,-

4916,single,1.0e+00,1,1,3.8e-08,1.0e+00,1.0e-03,4.0e-02,1.0e-03,9.5e-01,global-KDRGFTNQP,CASkDRGftNQPQHF,CASKDRGFTNQPQHF,TRBV2,TRBJ1-5,CALIPFSGGYNKLIF,Donor AJD3280:L TCRab CD8ab TRM,1.000000,-,-,-,-,-,-,-,-,-,-,-
4916,single,1.0e+00,1,1,3.8e-08,1.0e+00,1.0e-03,4.0e-02,1.0e-03,9.5e-01,global-KDRGFTNQP,CASkDRGftNQPQHF,CASKDRGFTNQPQHF,TRBV2,TRBJ1-5,CALIPFSGGYNKLIF,Donor AJD3280:L TCRab CD8ab Teff,6.000000,-,-,-,-,-,-,-,-,-,-,-
4916,single,1.0e+00,1,1,3.8e-08,1.0e+00,1.0e-03,4.0e-02,1.0e-03,9.5e-01,global-KDRGFTNQP,CASkDRGftNQPQHF,CASKDRGFTNQPQHF,TRBV2,TRBJ1-5,CALIPFSGGYNKLIF,Donor AJD3280:PB TCRab CD8ab Teff,5.000000,-,-,-,-,-,-,-,-,-,-,-

4921,single,1.0e+00,2,1,1.5e-05,1.0e+00,5.7e-02,2.8e-01,1.0e-03,9.5e-01,global-TLGGGQET,CASTLGGgQETQYF,CASTLGGGQETQYF,TRBV3-1,TRBJ2-5,CALGGQGSSNTGKLIF,Donor AJD3280:IEL TCRab CD8ab TRM,1.000000,-,-,-,-,-,-,-,-,-,-,-
4921,single,1.0e+00,2,1,1.5e-05,1.0e+00,5.7e-02,2.8e-01,1.0e-03,9.5e-01,global-TLGGGQET,CASTLGGgQETQYF,CASTLGGGQETQYF,TRBV5-8,TRBJ2-5,CVVNILTGGFKTIF,Donor AJKQ118:L TCRab CD8ab TRM,2.000000,-,-,-,-,-,-,-,-,-,-,-

4924,single,1.0e+00,1,1,1.4e-07,1.0e+00,1.0e-03,1.5e-01,1.0e-03,9.5e-01,global-SQGLYTGE,CASSQGLyTGELFF,CASSQGLYTGELFF,TRBV4-2,TRBJ2-2,CAVDGGSGGYQKVTF,Donor AJG2309:IEL TCRab CD8ab TRM,1.000000,-,-,-,-,-,-,-,-,-,-,-
4924,single,1.0e+00,1,1,1.4e-07,1.0e+00,1.0e-03,1.5e-01,1.0e-03,9.5e-01,global-SQGLYTGE,CASSQGLyTGELFF,CASSQGLYTGELFF,TRBV4-2,TRBJ2-2,CAAQSNQFYF,Donor AJG2309:IEL TCRab CD8ab TRM,3.000000,-,-,-,-,-,-,-,-,-,-,-

4925,single,1.0e+00,1,1,9.5e-10,1.0e+00,1.0e-03,1.0e-03,1.0e-03,9.5e-01,global-SLREQGTYE,CASSLREqgtYEQYF,CASSLREQGTYEQYF,TRBV13,TRBJ2-7,CIAQDSNYQLIW,Donor AJG2309:L TCRab CD8ab TRM,9.000000,-,-,-,-,-,-,-,-,-,-,-
4925,single,1.0e+00,1,1,9.5e-10,1.0e+00,1.0e-03,1.0e-03,1.0e-03,9.5e-01,global-SLREQGTYE,CASSLREqgtYEQYF,CASSLREQGTYEQYF,TRBV13,TRBJ2-7,CIAQDSNYQLIW,Donor AJG2309:L TCRab CD8ab Teff,49.000000,-,-,-,-,-,-,-,-,-,-,-
4925,single,1.0e+00,1,1,9.5e-10,1.0e+00,1.0e-03,1.0e-03,1.0e-03,9.5e-01,global-SLREQGTYE,CASSLREqgtYEQYF,CASSLREQGTYEQYF,TRBV13,TRBJ2-7,CIAQDSNYQLIW,Donor AJG2309:PB TCRab CD8ab Teff,46.000000,-,-,-,-,-,-,-,-,-,-,-

4929,single,1.0e+00,1,1,9.5e-07,1.0e+00,1.0e-03,1.0e+00,1.0e-03,9.5e-01,global-SLVWGLIYNE,CASSLvwGLiYNEQFF,CASSLVWGLIYNEQFF,TRBV5-5,TRBJ2-1,CAVDRNTGNQFYF,Donor AJKQ118:LP TCRab CD8ab TCM,1.000000,-,-,-,-,-,-,-,-,-,-,-
4929,single,1.0e+00,1,1,9.5e-07,1.0e+00,1.0e-03,1.0e+00,1.0e-03,9.5e-01,global-SLVWGLIYNE,CASSLvwGLiYNEQFF,CASSLVWGLIYNEQFF,TRBV5-5,TRBJ2-1,CAVDRNTGNQFYF,Donor AJKQ118:LP TCRab CD8ab TRM,1.000000,-,-,-,-,-,-,-,-,-,-,-

4931,single,1.0e+00,1,1,1.3e-07,1.0e+00,1.0e-03,1.4e-01,1.0e-03,9.5e-01,global-RGTGEEYYG,CASrGTGeeyYGYTF,CASRGTGEEYYGYTF,TRBV6-5,TRBJ1-2,CAVQGNFNKFYF,Donor AJD3280:IEL TCRab CD8ab TRM,3.000000,-,-,-,-,-,-,-,-,-,-,-
4931,single,1.0e+00,1,1,1.3e-07,1.0e+00,1.0e-03,1.4e-01,1.0e-03,9.5e-01,global-RGTGEEYYG,CASrGTGeeyYGYTF,CASRGTGEEYYGYTF,TRBV6-5,TRBJ1-2,CAVQGNFNKFYF,Donor AJD3280:LP TCRab CD8ab TRM,1.000000,-,-,-,-,-,-,-,-,-,-,-

4935,single,1.0e+00,1,1,9.5e-07,1.0e+00,1.0e-03,1.0e+00,1.0e-03,9.5e-01,global-SHAFESFP,CASShafesfpYTF,CASSHAFESFPYTF,TRBV4-3,TRBJ1-2,CATDVGSNNDMRF,Donor AJG2309:IEL TCRab CD8ab TRM,1.000000,-,-,-,-,-,-,-,-,-,-,-
4935,single,1.0e+00,1,1,9.5e-07,1.0e+00,1.0e-03,1.0e+00,1.0e-03,9.5e-01,global-SHAFESFP,CASShafesfpYTF,CASSHAFESFPYTF,TRBV4-3,TRBJ1-2,CATDVGSNNDMRF,Donor AJG2309:LP TCRab CD8ab TRM,1.000000,-,-,-,-,-,-,-,-,-,-,-

4942,single,1.0e+00,1,1,1.5e-07,1.0e+00,1.0e-03,1.6e-01,1.0e-03,9.5e-01,global-SQALGSGASTDT,CASSQalgSGaSTDTQYF,CASSQALGSGASTDTQYF,TRBV4-1,TRBJ2-3,CAMRLTGGFKTIF,Donor AJG2309:IEL TCRab CD8ab TRM,3.000000,-,-,-,-,-,-,-,-,-,-,-
4942,single,1.0e+00,1,1,1.5e-07,1.0e+00,1.0e-03,1.6e-01,1.0e-03,9.5e-01,global-SQALGSGASTDT,CASSQalgSGaSTDTQYF,CASSQALGSGASTDTQYF,TRBV4-1,TRBJ2-3,CAMRLTGGFKTIF,Donor AJG2309:LP TCRab CD8ab TRM,1.000000,-,-,-,-,-,-,-,-,-,-,-

4943,single,1.0e+00,1,1,1.1e-08,1.0e+00,1.0e-03,1.1e-02,1.0e-03,9.5e-01,global-TDGPE,CASTdgpEQYF,CASTDGPEQYF,TRBV12-4,TRBJ2-7,CAVSWDSSYKLIF,Donor AJKQ118:L TCRab CD8ab Teff,11.000000,-,-,-,-,-,-,-,-,-,-,-
4943,single,1.0e+00,1,1,1.1e-08,1.0e+00,1.0e-03,1.1e-02,1.0e-03,9.5e-01,global-TDGPE,CASTdgpEQYF,CASTDGPEQYF,TRBV12-4,TRBJ2-7,CAVSWDSSYKLIF,Donor AJKQ118:PB TCRab CD8ab Teff,2.000000,-,-,-,-,-,-,-,-,-,-,-

4957,single,1.0e+00,1,1,8.7e-08,1.0e+00,1.0e-03,9.1e-02,1.0e-03,9.5e-01,global-SLAQKDLATNEK,CASSLaqkdLATNEKLFF,CASSLAQKDLATNEKLFF,TRBV13,TRBJ1-4,CALSGNQAGTALIF,Donor AJD3280:IEL TCRab CD8ab TRM,5.000000,-,-,-,-,-,-,-,-,-,-,-
4957,single,1.0e+00,1,1,8.7e-08,1.0e+00,1.0e-03,9.1e-02,1.0e-03,9.5e-01,global-SLAQKDLATNEK,CASSLaqkdLATNEKLFF,CASSLAQKDLATNEKLFF,TRBV13,TRBJ1-4,CALSGNQAGTALIF,Donor AJD3280:LP TCRab CD8ab TEM,1.000000,-,-,-,-,-,-,-,-,-,-,-
4957,single,1.0e+00,1,1,8.7e-08,1.0e+00,1.0e-03,9.1e-02,1.0e-03,9.5e-01,global-SLAQKDLATNEK,CASSLaqkdLATNEKLFF,CASSLAQKDLATNEKLFF,TRBV13,TRBJ1-4,CALSGNQAGTALIF,Donor AJD3280:LP TCRab CD8ab TRM,2.000000,-,-,-,-,-,-,-,-,-,-,-

4971,single,1.0e+00,1,1,1.2e-08,1.0e+00,1.0e-03,1.3e-02,1.0e-03,9.5e-01,global-SPWNDNE,CASSPwndNEQFF,CASSPWNDNEQFF,TRBV27,TRBJ2-1,CAVQKGFGNVLHC,Donor AJKQ118:IEL TCRab CD8ab TRM,15.000000,-,-,-,-,-,-,-,-,-,-,-
4971,single,1.0e+00,1,1,1.2e-08,1.0e+00,1.0e-03,1.3e-02,1.0e-03,9.5e-01,global-SPWNDNE,CASSPwndNEQFF,CASSPWNDNEQFF,TRBV27,TRBJ2-1,CAVQKGFGNVLHC,Donor AJKQ118:LP TCRab CD8ab TEM,1.000000,-,-,-,-,-,-,-,-,-,-,-
4971,single,1.0e+00,1,1,1.2e-08,1.0e+00,1.0e-03,1.3e-02,1.0e-03,9.5e-01,global-SPWNDNE,CASSPwndNEQFF,CASSPWNDNEQFF,TRBV27,TRBJ2-1,CAVQKGFGNVLHC,Donor AJKQ118:LP TCRab CD8ab TRM,5.000000,-,-,-,-,-,-,-,-,-,-,-

4973,single,1.0e+00,1,1,1.5e-07,1.0e+00,1.0e-03,1.5e-01,1.0e-03,9.5e-01,global-QTGEQP,CSAqTGeQPQHF,CSAQTGEQPQHF,TRBV20-1,TRBJ1-5,CAASFTGGGNKLTF,Donor AJG2309:IEL TCRab CD8ab TRM,3.000000,-,-,-,-,-,-,-,-,-,-,-
4973,single,1.0e+00,1,1,1.5e-07,1.0e+00,1.0e-03,1.5e-01,1.0e-03,9.5e-01,global-QTGEQP,CSAqTGeQPQHF,CSAQTGEQPQHF,TRBV20-1,TRBJ1-5,CALLSGGGADGLTF,Donor AJG2309:IEL TCRab CD8ab TRM,1.000000,-,-,-,-,-,-,-,-,-,-,-

4974,single,1.0e+00,1,1,1.8e-08,1.0e+00,1.0e-03,1.9e-02,1.0e-03,9.5e-01,global-LPVSNTGE,CSVlpvsNTGELFF,CSVLPVSNTGELFF,TRBV29-1,TRBJ2-2,CAVTWGGGGADGLTF,Donor AJG2309:IEL TCRab CD8ab TRM,2.000000,-,-,-,-,-,-,-,-,-,-,-
4974,single,1.0e+00,1,1,1.8e-08,1.0e+00,1.0e-03,1.9e-02,1.0e-03,9.5e-01,global-LPVSNTGE,CSVlpvsNTGELFF,CSVLPVSNTGELFF,TRBV29-1,TRBJ2-2,CAVTWGGGGADGLTF,Donor AJG2309:L TCRab CD8ab TRM,3.000000,-,-,-,-,-,-,-,-,-,-,-
4974,single,1.0e+00,1,1,1.8e-08,1.0e+00,1.0e-03,1.9e-02,1.0e-03,9.5e-01,global-LPVSNTGE,CSVlpvsNTGELFF,CSVLPVSNTGELFF,TRBV29-1,TRBJ2-2,CAVTWGGGGADGLTF,Donor AJG2309:LP TCRab CD8ab TEM,6.000000,-,-,-,-,-,-,-,-,-,-,-
4974,single,1.0e+00,1,1,1.8e-08,1.0e+00,1.0e-03,1.9e-02,1.0e-03,9.5e-01,global-LPVSNTGE,CSVlpvsNTGELFF,CSVLPVSNTGELFF,TRBV29-1,TRBJ2-2,CAVTWGGGGADGLTF,Donor AJG2309:PB TCRab CD8ab TEM,11.000000,-,-,-,-,-,-,-,-,-,-,-
4974,single,1.0e+00,1,1,1.8e-08,1.0e+00,1.0e-03,1.9e-02,1.0e-03,9.5e-01,global-LPVSNTGE,CSVlpvsNTGELFF,CSVLPVSNTGELFF,TRBV29-1,TRBJ2-2,CAVTWGGGGADGLTF,Donor AJG2309:PB TCRab CD8ab Teff,1.000000,-,-,-,-,-,-,-,-,-,-,-

5015,single,1.0e+00,1,1,5.0e-07,1.0e+00,1.0e-03,5.2e-01,1.0e-03,9.5e-01,global-ARGYGNQP,CAaaRGygNQPQHF,CAAARGYGNQPQHF,TRBV28,TRBJ1-5,CAVATGANNLFF,Donor AJKQ118:IEL TCRab CD8ab TRM,2.000000,-,-,-,-,-,-,-,-,-,-,-
5015,single,1.0e+00,1,1,5.0e-07,1.0e+00,1.0e-03,5.2e-01,1.0e-03,9.5e-01,global-ARGYGNQP,CAaaRGygNQPQHF,CAAARGYGNQPQHF,TRBV28,TRBJ1-5,CAVATGANNLFF,Donor AJKQ118:L TCRab CD8ab Teff,1.000000,-,-,-,-,-,-,-,-,-,-,-
5015,single,1.0e+00,1,1,5.0e-07,1.0e+00,1.0e-03,5.2e-01,1.0e-03,9.5e-01,global-ARGYGNQP,CAaaRGygNQPQHF,CAAARGYGNQPQHF,TRBV28,TRBJ1-5,CAVATGANNLFF,Donor AJKQ118:LP TCRab CD8ab TEM,1.000000,-,-,-,-,-,-,-,-,-,-,-
5015,single,1.0e+00,1,1,5.0e-07,1.0e+00,1.0e-03,5.2e-01,1.0e-03,9.5e-01,global-ARGYGNQP,CAaaRGygNQPQHF,CAAARGYGNQPQHF,TRBV28,TRBJ1-5,CAVATGANNLFF,Donor AJKQ118:PB TCRab CD8ab Teff,1.000000,-,-,-,-,-,-,-,-,-,-,-

5016,single,1.0e+00,1,1,2.8e-07,1.0e+00,1.0e-03,2.9e-01,1.0e-03,9.5e-01,global-SPRGLNTE,CASSPRGlNTEAFF,CASSPRGLNTEAFF,TRBV6-5,TRBJ1-1,CAVRDGAGGGNKLTF,Donor AJG2309:L TCRab CD8ab MAIT,2.000000,-,-,-,-,-,-,-,-,-,-,-
5016,single,1.0e+00,1,1,2.8e-07,1.0e+00,1.0e-03,2.9e-01,1.0e-03,9.5e-01,global-SPRGLNTE,CASSPRGlNTEAFF,CASSPRGLNTEAFF,TRBV6-5,TRBJ1-1,CAVRDGAGGGNKLTF,Donor AJG2309:L TCRab CD8ab TRM,1.000000,-,-,-,-,-,-,-,-,-,-,-

5019,single,1.0e+00,1,1,7.8e-08,1.0e+00,1.0e-03,8.2e-02,1.0e-03,9.5e-01,global-SNTWGSTDT,CASSntwgSTDTQYF,CASSNTWGSTDTQYF,TRBV11-2,TRBJ2-3,CAASSSGGSNYKLTF,Donor AJKQ118:IEL TCRab CD8ab TRM,4.000000,-,-,-,-,-,-,-,-,-,-,-
5019,single,1.0e+00,1,1,7.8e-08,1.0e+00,1.0e-03,8.2e-02,1.0e-03,9.5e-01,global-SNTWGSTDT,CASSntwgSTDTQYF,CASSNTWGSTDTQYF,TRBV11-2,TRBJ2-3,CAASSSGGSNYKLTF,Donor AJKQ118:LP TCRab CD8ab TRM,1.000000,-,-,-,-,-,-,-,-,-,-,-

5031,single,1.0e+00,1,1,3.2e-08,1.0e+00,1.0e-03,3.4e-02,1.0e-03,9.5e-01,global-SPRFGTGNSY,CASSPrfGTGnsyQHF,CASSPRFGTGNSYQHF,TRBV19,TRBJ1-5,CAETSLSSASKIIF,Donor AJD3280:IEL TCRab CD8ab TRM,9.000000,-,-,-,-,-,-,-,-,-,-,-
5031,single,1.0e+00,1,1,3.2e-08,1.0e+00,1.0e-03,3.4e-02,1.0e-03,9.5e-01,global-SPRFGTGNSY,CASSPrfGTGnsyQHF,CASSPRFGTGNSYQHF,TRBV19,TRBJ1-5,CAETSLSSASKIIF,Donor AJD3280:LP TCRab CD8ab TRM,2.000000,-,-,-,-,-,-,-,-,-,-,-

5051,single,1.0e+00,1,1,3.8e-07,1.0e+00,1.0e-03,4.0e-01,1.0e-03,9.5e-01,global-SQIYG,CASSQiYGYTF,CASSQIYGYTF,TRBV3-1,TRBJ1-2,CAVRDSNYQLIW,Donor AJD3280:L TCRab CD8ab Teff,1.000000,-,-,-,-,-,-,-,-,-,-,-
5051,single,1.0e+00,1,1,3.8e-07,1.0e+00,1.0e-03,4.0e-01,1.0e-03,9.5e-01,global-SQIYG,CASSQiYGYTF,CASSQIYGYTF,TRBV3-1,TRBJ1-2,CAATDSWGKLQF,Donor AJD3280:L TCRab CD8ab Teff,2.000000,-,-,-,-,-,-,-,-,-,-,-
5051,single,1.0e+00,1,1,3.8e-07,1.0e+00,1.0e-03,4.0e-01,1.0e-03,9.5e-01,global-SQIYG,CASSQiYGYTF,CASSQIYGYTF,TRBV3-1,TRBJ1-2,CAATDSWGKLQF,Donor AJD3280:PB TCRab CD8ab Teff,1.000000,-,-,-,-,-,-,-,-,-,-,-

5058,single,1.0e+00,1,1,9.5e-07,1.0e+00,1.0e-03,1.0e+00,1.0e-03,9.5e-01,global-SSTGSGANV,CASSSTGSGANVLTF,CASSSTGSGANVLTF,TRBV12-3,TRBJ2-6,CAPGSNTGKLIF,Donor AJD3280:IEL TCRab CD8ab TRM,1.000000,-,-,-,-,-,-,-,-,-,-,-
5058,single,1.0e+00,1,1,9.5e-07,1.0e+00,1.0e-03,1.0e+00,1.0e-03,9.5e-01,global-SSTGSGANV,CASSSTGSGANVLTF,CASSSTGSGANVLTF,TRBV12-3,TRBJ2-6,CAPGSNTGKLIF,Donor AJD3280:L TCRab CD8ab TRM,1.000000,-,-,-,-,-,-,-,-,-,-,-

5082,single,1.0e+00,1,1,9.5e-07,1.0e+00,1.0e-03,1.0e+00,1.0e-03,9.5e-01,global-SFKQGTGAEK,CASSfkqGTGaEKLFF,CASSFKQGTGAEKLFF,TRBV7-2,TRBJ1-4,CATISGTYKYIF,Donor AJD3280:L TCRab CD8ab TRM,1.000000,-,-,-,-,-,-,-,-,-,-,-
5082,single,1.0e+00,1,1,9.5e-07,1.0e+00,1.0e-03,1.0e+00,1.0e-03,9.5e-01,global-SFKQGTGAEK,CASSfkqGTGaEKLFF,CASSFKQGTGAEKLFF,TRBV7-2,TRBJ1-4,CAASTGKLIF,Donor AJD3280:L TCRab CD8ab Teff,1.000000,-,-,-,-,-,-,-,-,-,-,-

5084,single,1.0e+00,1,1,9.5e-07,1.0e+00,1.0e-03,1.0e+00,1.0e-03,9.5e-01,global-SSSTGLGNT,CASSSsTGlGNTIYF,CASSSSTGLGNTIYF,TRBV9,TRBJ1-3,CAFILNSGGSNYKLTF,Donor AJG2309:L TCRab CD8ab TRM,1.000000,-,-,-,-,-,-,-,-,-,-,-
5084,single,1.0e+00,1,1,9.5e-07,1.0e+00,1.0e-03,1.0e+00,1.0e-03,9.5e-01,global-SSSTGLGNT,CASSSsTGlGNTIYF,CASSSSTGLGNTIYF,TRBV9,TRBJ1-3,CAFILNSGGSNYKLTF,Donor AJG2309:PB TCRab CD8ab TEM,1.000000,-,-,-,-,-,-,-,-,-,-,-
5084,single,1.0e+00,1,1,9.5e-07,1.0e+00,1.0e-03,1.0e+00,1.0e-03,9.5e-01,global-SSSTGLGNT,CASSSsTGlGNTIYF,CASSSSTGLGNTIYF,TRBV9,TRBJ1-3,CAFILNSGGSNYKLTF,Donor AJG2309:PB TCRab CD8ab Teff,1.000000,-,-,-,-,-,-,-,-,-,-,-

5085,single,1.0e+00,1,1,9.5e-07,1.0e+00,1.0e-03,1.0e+00,1.0e-03,9.5e-01,global-TLAFTDT,CASTLafTDTQYF,CASTLAFTDTQYF,TRBV10-2,TRBJ2-3,CAVSDTGGFKTIF,Donor AJKQ118:IEL TCRab CD8ab TRM,1.000000,-,-,-,-,-,-,-,-,-,-,-
5085,single,1.0e+00,1,1,9.5e-07,1.0e+00,1.0e-03,1.0e+00,1.0e-03,9.5e-01,global-TLAFTDT,CASTLafTDTQYF,CASTLAFTDTQYF,TRBV10-2,TRBJ2-3,CAVSDTGGFKTIF,Donor AJKQ118:LP TCRab CD8ab TEM,1.000000,-,-,-,-,-,-,-,-,-,-,-
5085,single,1.0e+00,1,1,9.5e-07,1.0e+00,1.0e-03,1.0e+00,1.0e-03,9.5e-01,global-TLAFTDT,CASTLafTDTQYF,CASTLAFTDTQYF,TRBV10-2,TRBJ2-3,CAVSDTGGFKTIF,Donor AJKQ118:PB TCRab CD8ab Teff,1.000000,-,-,-,-,-,-,-,-,-,-,-

5126,single,1.0e+00,1,1,9.5e-07,1.0e+00,1.0e-03,1.0e+00,1.0e-03,9.5e-01,global-GLEPSTGE,CATGLepsTGELFF,CATGLEPSTGELFF,TRBV2,TRBJ2-2,CAARTSGNTPLVF,Donor AJKQ118:IEL TCRab CD8ab TRM,1.000000,-,-,-,-,-,-,-,-,-,-,-
5126,single,1.0e+00,1,1,9.5e-07,1.0e+00,1.0e-03,1.0e+00,1.0e-03,9.5e-01,global-GLEPSTGE,CATGLepsTGELFF,CATGLEPSTGELFF,TRBV2,TRBJ2-2,CAARTSGNTPLVF,Donor AJKQ118:L TCRab CD8ab TRM,1.000000,-,-,-,-,-,-,-,-,-,-,-

5132,single,1.0e+00,1,1,2.9e-07,1.0e+00,1.0e-03,3.1e-01,1.0e-03,9.5e-01,global-TPGPTGR,CASTpgpTGrAFF,CASTPGPTGRAFF,TRBV19,TRBJ1-1,CAVPSGNTPLVF,Donor AJKQ118:IEL TCRab CD8ab TRM,2.000000,-,-,-,-,-,-,-,-,-,-,-
5132,single,1.0e+00,1,1,2.9e-07,1.0e+00,1.0e-03,3.1e-01,1.0e-03,9.5e-01,global-TPGPTGR,CASTpgpTGrAFF,CASTPGPTGRAFF,TRBV19,TRBJ1-1,CVVIPYSSASKIIF,Donor AJKQ118:LP TCRab CD8ab TEM,1.000000,-,-,-,-,-,-,-,-,-,-,-

5136,single,1.0e+00,1,1,2.2e-07,1.0e+00,1.0e-03,2.3e-01,1.0e-03,9.5e-01,global-SWGGSP,CASSwGGSPLHF,CASSWGGSPLHF,TRBV25-1,TRBJ1-6,CAVNLYRGSQGNLIF,Donor AJG2309:L TCRab CD8ab TRM,3.000000,-,-,-,-,-,-,-,-,-,-,-
5136,single,1.0e+00,1,1,2.2e-07,1.0e+00,1.0e-03,2.3e-01,1.0e-03,9.5e-01,global-SWGGSP,CASSwGGSPLHF,CASSWGGSPLHF,TRBV25-1,TRBJ1-6,CAVNLYRGSQGNLIF,Donor AJG2309:LP TCRab CD8ab TCM,1.000000,-,-,-,-,-,-,-,-,-,-,-
5136,single,1.0e+00,1,1,2.2e-07,1.0e+00,1.0e-03,2.3e-01,1.0e-03,9.5e-01,global-SWGGSP,CASSwGGSPLHF,CASSWGGSPLHF,TRBV25-1,TRBJ1-6,CAVGEDNYGQNFVF,Donor AJG2309:LP TCRab CD8ab TCM,1.000000,-,-,-,-,-,-,-,-,-,-,-
5136,single,1.0e+00,1,1,2.2e-07,1.0e+00,1.0e-03,2.3e-01,1.0e-03,9.5e-01,global-SWGGSP,CASSwGGSPLHF,CASSWGGSPLHF,TRBV25-1,TRBJ1-6,CAVNLYRGSQGNLIF,Donor AJG2309:LP TCRab CD8ab TEM,2.000000,-,-,-,-,-,-,-,-,-,-,-
5136,single,1.0e+00,1,1,2.2e-07,1.0e+00,1.0e-03,2.3e-01,1.0e-03,9.5e-01,global-SWGGSP,CASSwGGSPLHF,CASSWGGSPLHF,TRBV25-1,TRBJ1-6,CAVGEDNYGQNFVF,Donor AJG2309:LP TCRab CD8ab TEM,1.000000,-,-,-,-,-,-,-,-,-,-,-
5136,single,1.0e+00,1,1,2.2e-07,1.0e+00,1.0e-03,2.3e-01,1.0e-03,9.5e-01,global-SWGGSP,CASSwGGSPLHF,CASSWGGSPLHF,TRBV25-1,TRBJ1-6,CAVNLYRGSQGNLIF,Donor AJG2309:LP TCRab CD8ab TRM,2.000000,-,-,-,-,-,-,-,-,-,-,-
5136,single,1.0e+00,1,1,2.2e-07,1.0e+00,1.0e-03,2.3e-01,1.0e-03,9.5e-01,global-SWGGSP,CASSwGGSPLHF,CASSWGGSPLHF,TRBV25-1,TRBJ1-6,CAVGEDNYGQNFVF,Donor AJG2309:LP TCRab CD8ab TRM,2.000000,-,-,-,-,-,-,-,-,-,-,-
5136,single,1.0e+00,1,1,2.2e-07,1.0e+00,1.0e-03,2.3e-01,1.0e-03,9.5e-01,global-SWGGSP,CASSwGGSPLHF,CASSWGGSPLHF,TRBV25-1,TRBJ1-6,CAVNLYRGSQGNLIF,Donor AJG2309:PB TCRab CD8ab TEM,1.000000,-,-,-,-,-,-,-,-,-,-,-
5136,single,1.0e+00,1,1,2.2e-07,1.0e+00,1.0e-03,2.3e-01,1.0e-03,9.5e-01,global-SWGGSP,CASSwGGSPLHF,CASSWGGSPLHF,TRBV25-1,TRBJ1-6,CAVGEDNYGQNFVF,Donor AJG2309:PB TCRab CD8ab TEM,2.000000,-,-,-,-,-,-,-,-,-,-,-
5136,single,1.0e+00,1,1,2.2e-07,1.0e+00,1.0e-03,2.3e-01,1.0e-03,9.5e-01,global-SWGGSP,CASSwGGSPLHF,CASSWGGSPLHF,TRBV25-1,TRBJ1-6,CAVNLYRGSQGNLIF,Donor AJG2309:PB TCRab CD8ab Teff,2.000000,-,-,-,-,-,-,-,-,-,-,-

5149,single,1.0e+00,1,1,3.8e-07,1.0e+00,1.0e-03,4.0e-01,1.0e-03,9.5e-01,global-KLGDWGYE,CASklgdwgYEQYF,CASKLGDWGYEQYF,TRBV28,TRBJ2-7,CAVPEYGNKLVF,Donor AJG2309:L TCRab CD8ab Naive/TCM,1.000000,-,-,-,-,-,-,-,-,-,-,-
5149,single,1.0e+00,1,1,3.8e-07,1.0e+00,1.0e-03,4.0e-01,1.0e-03,9.5e-01,global-KLGDWGYE,CASklgdwgYEQYF,CASKLGDWGYEQYF,TRBV28,TRBJ2-7,CAVPEYGNKLVF,Donor AJG2309:LP TCRab CD8ab TEM,1.000000,-,-,-,-,-,-,-,-,-,-,-
5149,single,1.0e+00,1,1,3.8e-07,1.0e+00,1.0e-03,4.0e-01,1.0e-03,9.5e-01,global-KLGDWGYE,CASklgdwgYEQYF,CASKLGDWGYEQYF,TRBV28,TRBJ2-7,CAVPEYGNKLVF,Donor AJG2309:PB TCRab CD8ab Teff,2.000000,-,-,-,-,-,-,-,-,-,-,-

5166,single,1.0e+00,1,1,9.5e-07,1.0e+00,1.0e-03,1.0e+00,1.0e-03,9.5e-01,global-SLFGQGENI,CASSLfGQGeNIQYF,CASSLFGQGENIQYF,TRBV12-4,TRBJ2-4,CVARPISSGSARQLTF,Donor AJG2309:PB TCRab CD8ab TEM,1.000000,-,-,-,-,-,-,-,-,-,-,-
5166,single,1.0e+00,1,1,9.5e-07,1.0e+00,1.0e-03,1.0e+00,1.0e-03,9.5e-01,global-SLFGQGENI,CASSLfGQGeNIQYF,CASSLFGQGENIQYF,TRBV12-4,TRBJ2-4,CAVDNNNDMRF,Donor AJG2309:PB TCRab CD8ab Teff,1.000000,-,-,-,-,-,-,-,-,-,-,-

5169,single,1.0e+00,1,1,9.5e-07,1.0e+00,1.0e-03,1.0e+00,1.0e-03,9.5e-01,global-SWTDTYE,CASSwtdtYEQYF,CASSWTDTYEQYF,TRBV6-2,TRBJ2-7,CAMQGGTSYGKLTF,Donor AJG2309:IEL TCRab CD8ab TRM,1.000000,-,-,-,-,-,-,-,-,-,-,-
5169,single,1.0e+00,1,1,9.5e-07,1.0e+00,1.0e-03,1.0e+00,1.0e-03,9.5e-01,global-SWTDTYE,CASSwtdtYEQYF,CASSWTDTYEQYF,TRBV6-2,TRBJ2-7,CLLGPMDSNYQLIW,Donor AJG2309:L TCRab CD8ab TRM,1.000000,-,-,-,-,-,-,-,-,-,-,-

5178,single,1.0e+00,1,1,1.3e-08,1.0e+00,1.0e-03,1.4e-02,1.0e-03,9.5e-01,global-SETGVLYG,CASSETGvlYGYTF,CASSETGVLYGYTF,TRBV28,TRBJ1-2,CAFHNAGNMLTF,Donor AJKQ118:IEL TCRab CD8ab TRM,17.000000,-,-,-,-,-,-,-,-,-,-,-
5178,single,1.0e+00,1,1,1.3e-08,1.0e+00,1.0e-03,1.4e-02,1.0e-03,9.5e-01,global-SETGVLYG,CASSETGvlYGYTF,CASSETGVLYGYTF,TRBV28,TRBJ1-2,CAFHNAGNMLTF,Donor AJKQ118:L TCRab CD8ab Naive/TCM,1.000000,-,-,-,-,-,-,-,-,-,-,-
5178,single,1.0e+00,1,1,1.3e-08,1.0e+00,1.0e-03,1.4e-02,1.0e-03,9.5e-01,global-SETGVLYG,CASSETGvlYGYTF,CASSETGVLYGYTF,TRBV28,TRBJ1-2,CAFHNAGNMLTF,Donor AJKQ118:L TCRab CD8ab TRM,6.000000,-,-,-,-,-,-,-,-,-,-,-
5178,single,1.0e+00,1,1,1.3e-08,1.0e+00,1.0e-03,1.4e-02,1.0e-03,9.5e-01,global-SETGVLYG,CASSETGvlYGYTF,CASSETGVLYGYTF,TRBV28,TRBJ1-2,CAFHNAGNMLTF,Donor AJKQ118:LP TCRab CD8ab TRM,1.000000,-,-,-,-,-,-,-,-,-,-,-

5179,single,1.0e+00,1,1,9.5e-07,1.0e+00,1.0e-03,1.0e+00,1.0e-03,9.5e-01,global-SAAGKGT,CASSaAGkgTQYF,CASSAAGKGTQYF,TRBV9,TRBJ2-5,CATGFNSGYSTLTF,Donor AJD3280:L TCRab CD8ab TRM,1.000000,-,-,-,-,-,-,-,-,-,-,-
5179,single,1.0e+00,1,1,9.5e-07,1.0e+00,1.0e-03,1.0e+00,1.0e-03,9.5e-01,global-SAAGKGT,CASSaAGkgTQYF,CASSAAGKGTQYF,TRBV9,TRBJ2-5,CALITIKAAGNKLTF,Donor AJD3280:PB TCRab CD8ab Teff,1.000000,-,-,-,-,-,-,-,-,-,-,-

5183,single,1.0e+00,1,1,9.5e-07,1.0e+00,1.0e-03,1.0e+00,1.0e-03,9.5e-01,global-STDSDTE,CASStdsdTEAFF,CASSTDSDTEAFF,TRBV5-6,TRBJ1-1,CAVQAGWDSGNTPLVF,Donor AJKQ118:L TCRab CD8ab Teff,1.000000,-,-,-,-,-,-,-,-,-,-,-
5183,single,1.0e+00,1,1,9.5e-07,1.0e+00,1.0e-03,1.0e+00,1.0e-03,9.5e-01,global-STDSDTE,CASStdsdTEAFF,CASSTDSDTEAFF,TRBV5-6,TRBJ1-1,CAVQAGWDSGNTPLVF,Donor AJKQ118:LP TCRab CD8ab TEM,1.000000,-,-,-,-,-,-,-,-,-,-,-

5191,single,1.0e+00,1,1,1.4e-07,1.0e+00,1.0e-03,1.4e-01,1.0e-03,9.5e-01,global-SLGSSGMYQET,CASSLgsSGmyQETQYF,CASSLGSSGMYQETQYF,TRBV5-4,TRBJ2-5,CAAIPDSNYQLIW,Donor AJKQ118:IEL TCRab CD8ab TRM,3.000000,-,-,-,-,-,-,-,-,-,-,-
5191,single,1.0e+00,1,1,1.4e-07,1.0e+00,1.0e-03,1.4e-01,1.0e-03,9.5e-01,global-SLGSSGMYQET,CASSLgsSGmyQETQYF,CASSLGSSGMYQETQYF,TRBV5-4,TRBJ2-5,CALNSKAAGNKLTF,Donor AJKQ118:IEL TCRab CD8ab TRM,1.000000,-,-,-,-,-,-,-,-,-,-,-

5204,single,1.0e+00,1,1,9.5e-07,1.0e+00,1.0e-03,1.0e+00,1.0e-03,9.5e-01,global-HRAGSP,CAThrAGSPLHF,CATHRAGSPLHF,TRBV5-4,TRBJ1-6,CAVTDTGGFKTIF,Donor AJG2309:L TCRab CD8ab TRM,1.000000,-,-,-,-,-,-,-,-,-,-,-
5204,single,1.0e+00,1,1,9.5e-07,1.0e+00,1.0e-03,1.0e+00,1.0e-03,9.5e-01,global-HRAGSP,CAThrAGSPLHF,CATHRAGSPLHF,TRBV5-4,TRBJ1-6,CAVTDTGGFKTIF,Donor AJG2309:LP TCRab CD8ab TEM,1.000000,-,-,-,-,-,-,-,-,-,-,-
5204,single,1.0e+00,1,1,9.5e-07,1.0e+00,1.0e-03,1.0e+00,1.0e-03,9.5e-01,global-HRAGSP,CAThrAGSPLHF,CATHRAGSPLHF,TRBV5-4,TRBJ1-6,CAVTDTGGFKTIF,Donor AJG2309:PB TCRab CD8ab Teff,1.000000,-,-,-,-,-,-,-,-,-,-,-

5206,single,1.0e+00,1,1,2.8e-07,1.0e+00,1.0e-03,2.9e-01,1.0e-03,9.5e-01,global-GQLNTE,CAWGqlNTEAFF,CAWGQLNTEAFF,TRBV30,TRBJ1-1,CAASIGGYALNF,Donor AJKQ118:IEL TCRab CD8ab TRM,2.000000,-,-,-,-,-,-,-,-,-,-,-
5206,single,1.0e+00,1,1,2.8e-07,1.0e+00,1.0e-03,2.9e-01,1.0e-03,9.5e-01,global-GQLNTE,CAWGqlNTEAFF,CAWGQLNTEAFF,TRBV30,TRBJ1-1,CAASIGGYALNF,Donor AJKQ118:LP TCRab CD8ab TEM,1.000000,-,-,-,-,-,-,-,-,-,-,-

5216,single,1.0e+00,1,1,9.5e-07,1.0e+00,1.0e-03,1.0e+00,1.0e-03,9.5e-01,global-SEDLQGVNYG,CAISEdlQGvNYGYTF,CAISEDLQGVNYGYTF,TRBV10-3,TRBJ1-2,CAGPGAGGTSYGKLTF,Donor AJD3280:IEL TCRab CD8ab TRM,1.000000,-,-,-,-,-,-,-,-,-,-,-
5216,single,1.0e+00,1,1,9.5e-07,1.0e+00,1.0e-03,1.0e+00,1.0e-03,9.5e-01,global-SEDLQGVNYG,CAISEdlQGvNYGYTF,CAISEDLQGVNYGYTF,TRBV10-3,TRBJ1-2,CAASAPSGTYKYIF,Donor AJD3280:IEL TCRab CD8ab TRM,1.000000,-,-,-,-,-,-,-,-,-,-,-

5228,single,1.0e+00,1,1,2.9e-09,1.0e+00,1.0e-03,3.0e-03,1.0e-03,9.5e-01,global-SGSGRATTYNE,CSASgSGRattYNEQFF,CSASGSGRATTYNEQFF,TRBV20-1,TRBJ2-1,CAINTGGFKTIF,Donor AJG2309:IEL TCRab CD8ab TRM,28.000000,-,-,-,-,-,-,-,-,-,-,-
5228,single,1.0e+00,1,1,2.9e-09,1.0e+00,1.0e-03,3.0e-03,1.0e-03,9.5e-01,global-SGSGRATTYNE,CSASgSGRattYNEQFF,CSASGSGRATTYNEQFF,TRBV20-1,TRBJ2-1,CAINTGGFKTIF,Donor AJG2309:LP TCRab CD8ab TRM,8.000000,-,-,-,-,-,-,-,-,-,-,-
5228,single,1.0e+00,1,1,2.9e-09,1.0e+00,1.0e-03,3.0e-03,1.0e-03,9.5e-01,global-SGSGRATTYNE,CSASgSGRattYNEQFF,CSASGSGRATTYNEQFF,TRBV20-1,TRBJ2-1,CILRNRVSGAGSYQLTF,Donor AJG2309:LP TCRab CD8ab TRM,2.000000,-,-,-,-,-,-,-,-,-,-,-

5235,single,1.0e+00,1,1,9.5e-07,1.0e+00,1.0e-03,1.0e+00,1.0e-03,9.5e-01,global-SLWGDQP,CASSLwgdQPQHF,CASSLWGDQPQHF,TRBV7-2,TRBJ1-5,CAGGPLNNAGNMLTF,Donor AJD3280:IEL TCRab CD8ab TRM,1.000000,-,-,-,-,-,-,-,-,-,-,-
5235,single,1.0e+00,1,1,9.5e-07,1.0e+00,1.0e-03,1.0e+00,1.0e-03,9.5e-01,global-SLWGDQP,CASSLwgdQPQHF,CASSLWGDQPQHF,TRBV7-2,TRBJ1-5,CAGGPLNNAGNMLTF,Donor AJD3280:LP TCRab CD8ab TRM,1.000000,-,-,-,-,-,-,-,-,-,-,-

5274,single,1.0e+00,1,1,4.3e-08,1.0e+00,1.0e-03,4.5e-02,1.0e-03,9.5e-01,global-SLWWTNEK,CASSLwwTNEKLFF,CASSLWWTNEKLFF,TRBV5-6,TRBJ1-4,CLVDLGGGADGLTF,Donor AJD3280:L TCRab CD8ab Teff,6.000000,-,-,-,-,-,-,-,-,-,-,-
5274,single,1.0e+00,1,1,4.3e-08,1.0e+00,1.0e-03,4.5e-02,1.0e-03,9.5e-01,global-SLWWTNEK,CASSLwwTNEKLFF,CASSLWWTNEKLFF,TRBV5-6,TRBJ1-4,CLVDLGGGADGLTF,Donor AJD3280:PB TCRab CD8ab Teff,2.000000,-,-,-,-,-,-,-,-,-,-,-

5284,single,1.0e+00,1,1,2.5e-07,1.0e+00,1.0e-03,2.6e-01,1.0e-03,9.5e-01,global-SEGQTTSYE,CASSEGQttSYEQYF,CASSEGQTTSYEQYF,TRBV5-4,TRBJ2-7,CAVPLSGGYNKLIF,Donor AJD3280:L TCRab CD8ab Teff,2.000000,-,-,-,-,-,-,-,-,-,-,-
5284,single,1.0e+00,1,1,2.5e-07,1.0e+00,1.0e-03,2.6e-01,1.0e-03,9.5e-01,global-SEGQTTSYE,CASSEGQttSYEQYF,CASSEGQTTSYEQYF,TRBV5-4,TRBJ2-7,CAVPLSGGYNKLIF,Donor AJD3280:PB TCRab CD8ab Teff,1.000000,-,-,-,-,-,-,-,-,-,-,-

5293,single,1.0e+00,1,1,9.5e-07,1.0e+00,1.0e-03,1.0e+00,1.0e-03,9.5e-01,global-SQEGYRTGLFSSGANV,CASSQegyrTGlfsSGANVLTF,CASSQEGYRTGLFSSGANVLTF,TRBV4-3,TRBJ2-6,CAASEGNFGNEKLTF,Donor AJD3280:L TCRab CD8ab TRM,1.000000,-,-,-,-,-,-,-,-,-,-,-
5293,single,1.0e+00,1,1,9.5e-07,1.0e+00,1.0e-03,1.0e+00,1.0e-03,9.5e-01,global-SQEGYRTGLFSSGANV,CASSQegyrTGlfsSGANVLTF,CASSQEGYRTGLFSSGANVLTF,TRBV4-3,TRBJ2-6,CAASEGNFGNEKLTF,Donor AJD3280:L TCRab CD8ab Teff,1.000000,-,-,-,-,-,-,-,-,-,-,-

