index,pattern,Fisher_score,number_subject, number_unique_cdr3, final_score,hla_score,vb_score,expansion_score,length_score,cluster_size_score,type,ulTcRb,TcRb,V,J,TcRa,Sample,Freq,HLA-A,HLA-B,HLA-C,HLA-DPA1,HLA-DPB1,HLA-DQA1,HLA-DQB1,HLA-DRB1,HLA-DRB3,HLA-DRB4,HLA-DRB5
1,HWNT,1.1e-08,2,5,2.0e-04,1.0e+00,4.9e-01,1.0e+00,2.8e-01,1.5e-03,motif-HWNT motif-HWN,CASSPvghwNTEAFF,CASSPVGHWNTEAFF,TRBV11-1,TRBJ1-1,CALRNQAGTALIF,Donor AJD3280:LP TCRab CD4 TRM,1.000000,-,-,-,-,-,-,-,-,-,-,-
1,HWNT,1.1e-08,2,5,2.0e-04,1.0e+00,4.9e-01,1.0e+00,2.8e-01,1.5e-03,motif-HWNT motif-HWN,CASSKhwNTGELFF,CASSKHWNTGELFF,TRBV19,TRBJ2-2,CAVSDPTSGSARQLTF,Donor AJD3280:PB TCRab CD4 Naive/TCM,1.000000,-,-,-,-,-,-,-,-,-,-,-
1,HWNT,1.1e-08,2,5,2.0e-04,1.0e+00,4.9e-01,1.0e+00,2.8e-01,1.5e-03,motif-HWNT motif-HWN,CASSSGThwNTEAFF,CASSSGTHWNTEAFF,TRBV7-2,TRBJ1-1,CALRDQGAQKLVF,Donor AJD3280:LP TCRab CD4 Mobile TRM,1.000000,-,-,-,-,-,-,-,-,-,-,-
1,HWNT,1.1e-08,2,5,2.0e-04,1.0e+00,4.9e-01,1.0e+00,2.8e-01,1.5e-03,motif-HWNT motif-HWN,CASSPGRhwNTEAFF,CASSPGRHWNTEAFF,TRBV3-1,TRBJ1-1,CIVSPPYSNSGYALNF,Donor AJD3280:LP TCRab CD4 TRM,1.000000,-,-,-,-,-,-,-,-,-,-,-
1,HWNT,1.1e-08,2,5,2.0e-04,1.0e+00,4.9e-01,1.0e+00,2.8e-01,1.5e-03,motif-HWNT motif-HWN,CAWSepAGhwNTEAFF,CAWSEPAGHWNTEAFF,TRBV30,TRBJ1-1,CAGRAPGDSNYQLIW,Donor AJKQ118:PB TCRab CD4 Naive/TCM,1.000000,-,-,-,-,-,-,-,-,-,-,-

2,SYED,8.2e-07,3,5,6.5e-06,1.0e+00,7.2e-02,1.0e+00,6.2e-02,1.5e-03,motif-SYED,CASSYedpqSYEQYF,CASSYEDPQSYEQYF,TRBV6-8,TRBJ2-7,CAVRSQDYGGATNKLIF,Donor AJKQ118:IEL TCRab CD4 TRM,1.000000,-,-,-,-,-,-,-,-,-,-,-
2,SYED,8.2e-07,3,5,6.5e-06,1.0e+00,7.2e-02,1.0e+00,6.2e-02,1.5e-03,motif-SYED,CASSYedpqSYEQYF,CASSYEDPQSYEQYF,TRBV6-8,TRBJ2-7,CAVRSQDYGGATNKLIF,Donor AJKQ118:LP TCRab CD4 TRM,1.000000,-,-,-,-,-,-,-,-,-,-,-
2,SYED,8.2e-07,3,5,6.5e-06,1.0e+00,7.2e-02,1.0e+00,6.2e-02,1.5e-03,motif-SYED,CASSYeDTQYF,CASSYEDTQYF,TRBV5-1,TRBJ2-3,CATDWMDSSYKLIF,Donor AJD3280:L TCRab CD4 Naive/TCM,1.000000,-,-,-,-,-,-,-,-,-,-,-
2,SYED,8.2e-07,3,5,6.5e-06,1.0e+00,7.2e-02,1.0e+00,6.2e-02,1.5e-03,motif-SYED,CASSYedTGmgEQFF,CASSYEDTGMGEQFF,TRBV6-5,TRBJ2-1,CAAIVNTGFQKLVF,Donor AJKQ118:PB TCRab CD4 Naive/TCM,1.000000,-,-,-,-,-,-,-,-,-,-,-
2,SYED,8.2e-07,3,5,6.5e-06,1.0e+00,7.2e-02,1.0e+00,6.2e-02,1.5e-03,motif-SYED,CASmTSyeDTQYF,CASMTSYEDTQYF,TRBV6-1,TRBJ2-3,CLGKGNQGGKLIF,Donor AJG2309:PB TCRab CD4 FOXP3+ Treg,1.000000,-,-,-,-,-,-,-,-,-,-,-
2,SYED,8.2e-07,3,5,6.5e-06,1.0e+00,7.2e-02,1.0e+00,6.2e-02,1.5e-03,motif-SYED,CASmTSyeDTQYF,CASMTSYEDTQYF,TRBV6-1,TRBJ2-3,CLGKGNQGGKLIF,Donor AJG2309:PB TCRab CD4 Naive/TCM,1.000000,-,-,-,-,-,-,-,-,-,-,-
2,SYED,8.2e-07,3,5,6.5e-06,1.0e+00,7.2e-02,1.0e+00,6.2e-02,1.5e-03,motif-SYED,CAWSyeDRGksFF,CAWSYEDRGKSFF,TRBV30,TRBJ1-1,CASSQAGNMLTF,Donor AJKQ118:PB TCRab CD4 Naive/TCM,1.000000,-,-,-,-,-,-,-,-,-,-,-

3,HWN,1.2e-06,2,5,2.0e-04,1.0e+00,4.7e-01,1.0e+00,2.8e-01,1.5e-03,motif-HWNT motif-HWN,CASSPvghwNTEAFF,CASSPVGHWNTEAFF,TRBV11-1,TRBJ1-1,CALRNQAGTALIF,Donor AJD3280:LP TCRab CD4 TRM,1.000000,-,-,-,-,-,-,-,-,-,-,-
3,HWN,1.2e-06,2,5,2.0e-04,1.0e+00,4.7e-01,1.0e+00,2.8e-01,1.5e-03,motif-HWNT motif-HWN,CASSKhwNTGELFF,CASSKHWNTGELFF,TRBV19,TRBJ2-2,CAVSDPTSGSARQLTF,Donor AJD3280:PB TCRab CD4 Naive/TCM,1.000000,-,-,-,-,-,-,-,-,-,-,-
3,HWN,1.2e-06,2,5,2.0e-04,1.0e+00,4.7e-01,1.0e+00,2.8e-01,1.5e-03,motif-HWNT motif-HWN,CASSSGThwNTEAFF,CASSSGTHWNTEAFF,TRBV7-2,TRBJ1-1,CALRDQGAQKLVF,Donor AJD3280:LP TCRab CD4 Mobile TRM,1.000000,-,-,-,-,-,-,-,-,-,-,-
3,HWN,1.2e-06,2,5,2.0e-04,1.0e+00,4.7e-01,1.0e+00,2.8e-01,1.5e-03,motif-HWNT motif-HWN,CASSPGRhwNTEAFF,CASSPGRHWNTEAFF,TRBV3-1,TRBJ1-1,CIVSPPYSNSGYALNF,Donor AJD3280:LP TCRab CD4 TRM,1.000000,-,-,-,-,-,-,-,-,-,-,-
3,HWN,1.2e-06,2,5,2.0e-04,1.0e+00,4.7e-01,1.0e+00,2.8e-01,1.5e-03,motif-HWNT motif-HWN,CAWSepAGhwNTEAFF,CAWSEPAGHWNTEAFF,TRBV30,TRBJ1-1,CAGRAPGDSNYQLIW,Donor AJKQ118:PB TCRab CD4 Naive/TCM,1.000000,-,-,-,-,-,-,-,-,-,-,-

4,YEGY,8.7e-06,2,3,6.2e-08,1.0e+00,1.9e-02,1.7e-02,3.1e-02,6.2e-03,motif-YEGY,CASkyegyTQYF,CASKYEGYTQYF,TRBV2,TRBJ2-3,CAPSFTGNQFYF,Donor AJKQ118:IEL TCRab CD4 TRM,1.000000,-,-,-,-,-,-,-,-,-,-,-
4,YEGY,8.7e-06,2,3,6.2e-08,1.0e+00,1.9e-02,1.7e-02,3.1e-02,6.2e-03,motif-YEGY,CASkyegyTQYF,CASKYEGYTQYF,TRBV2,TRBJ2-3,CAPSFTGNQFYF,Donor AJKQ118:L TCRab CD4 TRM,3.000000,-,-,-,-,-,-,-,-,-,-,-
4,YEGY,8.7e-06,2,3,6.2e-08,1.0e+00,1.9e-02,1.7e-02,3.1e-02,6.2e-03,motif-YEGY,CASkyegyTQYF,CASKYEGYTQYF,TRBV2,TRBJ2-3,CAAHAPTGNQFYF,Donor AJKQ118:L TCRab CD4 TRM,2.000000,-,-,-,-,-,-,-,-,-,-,-
4,YEGY,8.7e-06,2,3,6.2e-08,1.0e+00,1.9e-02,1.7e-02,3.1e-02,6.2e-03,motif-YEGY,CASkyegyTQYF,CASKYEGYTQYF,TRBV2,TRBJ2-3,CAPSFTGNQFYF,Donor AJKQ118:LP TCRab CD4 TRM,3.000000,-,-,-,-,-,-,-,-,-,-,-
4,YEGY,8.7e-06,2,3,6.2e-08,1.0e+00,1.9e-02,1.7e-02,3.1e-02,6.2e-03,motif-YEGY,CASSYegYGYTF,CASSYEGYGYTF,TRBV6-5,TRBJ1-2,CAGETYSGAGSYQLTF,Donor AJKQ118:PB TCRab CD4 FOXP3+ Treg,1.000000,-,-,-,-,-,-,-,-,-,-,-
4,YEGY,8.7e-06,2,3,6.2e-08,1.0e+00,1.9e-02,1.7e-02,3.1e-02,6.2e-03,motif-YEGY,CSVvyegyQPQHF,CSVVYEGYQPQHF,TRBV29-1,TRBJ1-5,CALYAGNNRKLIW,Donor AJD3280:LP TCRab CD4 FOXP3+ Treg,1.000000,-,-,-,-,-,-,-,-,-,-,-

5,VVPH,1.2e-05,3,3,3.9e-04,1.0e+00,1.2e-01,1.0e+00,5.1e-01,6.2e-03,motif-VVPH,CSARvvphYTF,CSARVVPHYTF,TRBV20-1,TRBJ1-2,CLLNPSPNFGNEKLTF,Donor AJKQ118:LP TCRab CD4 Mobile TRM,1.000000,-,-,-,-,-,-,-,-,-,-,-
5,VVPH,1.2e-05,3,3,3.9e-04,1.0e+00,1.2e-01,1.0e+00,5.1e-01,6.2e-03,motif-VVPH,CASSVvphTGlTEAFF,CASSVVPHTGLTEAFF,TRBV9,TRBJ1-1,CAASMGSGTYKYIF,Donor AJD3280:LP TCRab CD4 Poised TCM,1.000000,-,-,-,-,-,-,-,-,-,-,-
5,VVPH,1.2e-05,3,3,3.9e-04,1.0e+00,1.2e-01,1.0e+00,5.1e-01,6.2e-03,motif-VVPH,CASSVevvphEQYF,CASSVEVVPHEQYF,TRBV9,TRBJ2-7,CALSPYNFNKFYF,Donor AJG2309:LP TCRab CD4 FOXP3+ Treg,1.000000,-,-,-,-,-,-,-,-,-,-,-

6,LKVS,1.7e-05,2,3,2.0e-06,1.0e+00,3.3e-02,1.0e+00,1.0e-02,6.2e-03,motif-LKVS,CASSLlkvSGANVLTF,CASSLLKVSGANVLTF,TRBV7-8,TRBJ2-6,CGTEEDGGSQGNLIF,Donor AJD3280:IEL TCRab CD4 TRM,1.000000,-,-,-,-,-,-,-,-,-,-,-
6,LKVS,1.7e-05,2,3,2.0e-06,1.0e+00,3.3e-02,1.0e+00,1.0e-02,6.2e-03,motif-LKVS,CASSLlkvSGANVLTF,CASSLLKVSGANVLTF,TRBV7-8,TRBJ2-6,CGTEEDGGSQGNLIF,Donor AJD3280:LP TCRab CD4 Tph,1.000000,-,-,-,-,-,-,-,-,-,-,-
6,LKVS,1.7e-05,2,3,2.0e-06,1.0e+00,3.3e-02,1.0e+00,1.0e-02,6.2e-03,motif-LKVS,CASSLkvsysEAFF,CASSLKVSYSEAFF,TRBV7-9,TRBJ1-1,CLVGRGLNYGGATNKLIF,Donor AJG2309:PB TCRab CD4 Naive/TCM,1.000000,-,-,-,-,-,-,-,-,-,-,-
6,LKVS,1.7e-05,2,3,2.0e-06,1.0e+00,3.3e-02,1.0e+00,1.0e-02,6.2e-03,motif-LKVS,CASSLkvssvTQYF,CASSLKVSSVTQYF,TRBV27,TRBJ2-3,CAAREFSGTYKYIF,Donor AJG2309:LP TCRab CD4 TRM,1.000000,-,-,-,-,-,-,-,-,-,-,-

7,LPNA,2.1e-05,2,3,3.1e-05,1.0e+00,1.1e-01,1.0e+00,4.7e-02,6.2e-03,motif-LPNA,CASSLpnaYEQYF,CASSLPNAYEQYF,TRBV5-1,TRBJ2-7,CAVMDNQGGKLIF,Donor AJG2309:PB TCRab CD4 Naive/TCM,1.000000,-,-,-,-,-,-,-,-,-,-,-
7,LPNA,2.1e-05,2,3,3.1e-05,1.0e+00,1.1e-01,1.0e+00,4.7e-02,6.2e-03,motif-LPNA,CASSnlpnaNTGELFF,CASSNLPNANTGELFF,TRBV5-1,TRBJ2-2,CAMMGSNQFYF,Donor AJG2309:PB TCRab CD4 Naive/TCM,1.000000,-,-,-,-,-,-,-,-,-,-,-
7,LPNA,2.1e-05,2,3,3.1e-05,1.0e+00,1.1e-01,1.0e+00,4.7e-02,6.2e-03,motif-LPNA,CSAlpnavGTYNEQFF,CSALPNAVGTYNEQFF,TRBV20-1,TRBJ2-1,CVVQNTGGFKTIF,Donor AJKQ118:PB TCRab CD4 Naive/TCM,1.000000,-,-,-,-,-,-,-,-,-,-,-

8,DHNQ,2.1e-05,2,3,4.7e-04,1.0e+00,1.7e-01,1.0e+00,4.5e-01,6.2e-03,motif-DHNQ,CASSYqdhNQPQHF,CASSYQDHNQPQHF,TRBV6-2,TRBJ1-5,CALSGAGSYQLTF,Donor AJD3280:LP TCRab CD4 Poised TCM,1.000000,-,-,-,-,-,-,-,-,-,-,-
8,DHNQ,2.1e-05,2,3,4.7e-04,1.0e+00,1.7e-01,1.0e+00,4.5e-01,6.2e-03,motif-DHNQ,CSAngdhNQPQHF,CSANGDHNQPQHF,TRBV20-1,TRBJ1-5,CALTGGGNKLTF,Donor AJKQ118:IEL TCRab CD4 FOXP3+ Treg,1.000000,-,-,-,-,-,-,-,-,-,-,-
8,DHNQ,2.1e-05,2,3,4.7e-04,1.0e+00,1.7e-01,1.0e+00,4.5e-01,6.2e-03,motif-DHNQ,CASSDhNQPQHF,CASSDHNQPQHF,TRBV2,TRBJ1-5,CAVKGYSSASKIIF,Donor AJD3280:PB TCRab CD4 Naive/TCM,1.000000,-,-,-,-,-,-,-,-,-,-,-

9,SL%GLNTE,2.4e-05,2,5,2.7e-07,1.0e+00,1.9e-01,1.0e+00,1.0e-03,1.5e-03,global-SL%GLNTE,CASSLgGLNTEAFF,CASSLGGLNTEAFF,TRBV12-4,TRBJ1-1,CAVNSAAGNKLTF,Donor AJKQ118:LP TCRab CD4 TRM,1.000000,-,-,-,-,-,-,-,-,-,-,-
9,SL%GLNTE,2.4e-05,2,5,2.7e-07,1.0e+00,1.9e-01,1.0e+00,1.0e-03,1.5e-03,global-SL%GLNTE,CASSLgGLNTEAFF,CASSLGGLNTEAFF,TRBV28,TRBJ1-1,CALSESNNNDMRF,Donor AJKQ118:PB TCRab CD4 Naive/TCM,1.000000,-,-,-,-,-,-,-,-,-,-,-
9,SL%GLNTE,2.4e-05,2,5,2.7e-07,1.0e+00,1.9e-01,1.0e+00,1.0e-03,1.5e-03,global-SL%GLNTE,CASSLnGLNTEAFF,CASSLNGLNTEAFF,TRBV7-2,TRBJ1-1,CAVRDKTKGNTPLVF,Donor AJKQ118:PB TCRab CD4 Naive/TCM,1.000000,-,-,-,-,-,-,-,-,-,-,-
9,SL%GLNTE,2.4e-05,2,5,2.7e-07,1.0e+00,1.9e-01,1.0e+00,1.0e-03,1.5e-03,global-SL%GLNTE,CASSLRGlNTEAFF,CASSLRGLNTEAFF,TRBV7-2,TRBJ1-1,CALSDHGSSNTGKLIF,Donor AJD3280:LP TCRab CD4 Mobile TRM,1.000000,-,-,-,-,-,-,-,-,-,-,-
9,SL%GLNTE,2.4e-05,2,5,2.7e-07,1.0e+00,1.9e-01,1.0e+00,1.0e-03,1.5e-03,global-SL%GLNTE,CASSLQGlNTEAFF,CASSLQGLNTEAFF,TRBV5-1,TRBJ1-1,CALIPSNNAGNMLTF,Donor AJKQ118:PB TCRab CD4 Naive/TCM,1.000000,-,-,-,-,-,-,-,-,-,-,-
9,SL%GLNTE,2.4e-05,2,5,2.7e-07,1.0e+00,1.9e-01,1.0e+00,1.0e-03,1.5e-03,global-SL%GLNTE,CASSLaGLNTEAFF,CASSLAGLNTEAFF,TRBV12-3,TRBJ1-1,CAGQSGGFKTIF,Donor AJKQ118:PB TCRab CD4 Naive/TCM,1.000000,-,-,-,-,-,-,-,-,-,-,-

10,SLQF,2.6e-05,3,4,7.9e-07,1.0e+00,1.1e-01,1.0e+00,3.0e-03,2.3e-03,motif-SLQF,CASSLqfavgQETQYF,CASSLQFAVGQETQYF,TRBV11-3,TRBJ2-5,CAYRSAGSGNQFYF,Donor AJD3280:LP TCRab CD4 TRM,1.000000,-,-,-,-,-,-,-,-,-,-,-
10,SLQF,2.6e-05,3,4,7.9e-07,1.0e+00,1.1e-01,1.0e+00,3.0e-03,2.3e-03,motif-SLQF,CASSLqfRGEQYF,CASSLQFRGEQYF,TRBV7-9,TRBJ2-7,CAGPDGGSNYKLTF,Donor AJD3280:PB TCRab CD4 Naive/TCM,1.000000,-,-,-,-,-,-,-,-,-,-,-
10,SLQF,2.6e-05,3,4,7.9e-07,1.0e+00,1.1e-01,1.0e+00,3.0e-03,2.3e-03,motif-SLQF,CASSSlqfgEQYF,CASSSLQFGEQYF,TRBV5-6,TRBJ2-7,CAVIGGYNKLIF,Donor AJG2309:L TCRab CD4 TRM,1.000000,-,-,-,-,-,-,-,-,-,-,-
10,SLQF,2.6e-05,3,4,7.9e-07,1.0e+00,1.1e-01,1.0e+00,3.0e-03,2.3e-03,motif-SLQF,CASSSlqfgEQYF,CASSSLQFGEQYF,TRBV5-6,TRBJ2-7,CAVIGGYNKLIF,Donor AJG2309:PB TCRab CD4 FOXP3+ Treg,1.000000,-,-,-,-,-,-,-,-,-,-,-
10,SLQF,2.6e-05,3,4,7.9e-07,1.0e+00,1.1e-01,1.0e+00,3.0e-03,2.3e-03,motif-SLQF,CASSLqfttNTGELFF,CASSLQFTTNTGELFF,TRBV7-6,TRBJ2-2,CAENPPGNTPLVF,Donor AJKQ118:LP TCRab CD4 FOXP3+ Treg,1.000000,-,-,-,-,-,-,-,-,-,-,-

11,S%DGNQP,3.1e-05,3,5,7.1e-07,1.0e+00,4.9e-01,1.0e+00,1.0e-03,1.5e-03,global-S%DGNQP,CASSadgNQPQHF,CASSADGNQPQHF,TRBV6-6,TRBJ1-5,CAVPAPSGTYKYIF,Donor AJKQ118:PB TCRab CD4 FOXP3+ Treg,1.000000,-,-,-,-,-,-,-,-,-,-,-
11,S%DGNQP,3.1e-05,3,5,7.1e-07,1.0e+00,4.9e-01,1.0e+00,1.0e-03,1.5e-03,global-S%DGNQP,CASSLdgNQPQHF,CASSLDGNQPQHF,TRBV13,TRBJ1-5,CALSEASGNTPLVF,Donor AJG2309:IEL TCRab CD4 TRM,1.000000,-,-,-,-,-,-,-,-,-,-,-
11,S%DGNQP,3.1e-05,3,5,7.1e-07,1.0e+00,4.9e-01,1.0e+00,1.0e-03,1.5e-03,global-S%DGNQP,CASSKdgNQPQHF,CASSKDGNQPQHF,TRBV12-4,TRBJ1-5,CALDLYGNNRLAF,Donor AJD3280:LP TCRab CD4 TRM,1.000000,-,-,-,-,-,-,-,-,-,-,-
11,S%DGNQP,3.1e-05,3,5,7.1e-07,1.0e+00,4.9e-01,1.0e+00,1.0e-03,1.5e-03,global-S%DGNQP,CATSfdgNQPQHF,CATSFDGNQPQHF,TRBV24-1,TRBJ1-5,CAVDEETSGSRLTF,Donor AJG2309:IEL TCRab CD4 Mobile TRM,1.000000,-,-,-,-,-,-,-,-,-,-,-
11,S%DGNQP,3.1e-05,3,5,7.1e-07,1.0e+00,4.9e-01,1.0e+00,1.0e-03,1.5e-03,global-S%DGNQP,CASSRdgNQPQHF,CASSRDGNQPQHF,TRBV6-1,TRBJ1-5,CAAQTSGTYKYIF,Donor AJD3280:LP TCRab CD4 Tph,1.000000,-,-,-,-,-,-,-,-,-,-,-

12,SMLG,3.7e-05,3,4,5.0e-05,1.0e+00,2.9e-02,1.0e+00,7.3e-01,2.3e-03,motif-SMLG,CASSmlgGREQYF,CASSMLGGREQYF,TRBV27,TRBJ2-7,CAMWGGGATNKLIF,Donor AJG2309:LP TCRab CD4 TRM,1.000000,-,-,-,-,-,-,-,-,-,-,-
12,SMLG,3.7e-05,3,4,5.0e-05,1.0e+00,2.9e-02,1.0e+00,7.3e-01,2.3e-03,motif-SMLG,CASSmlgAGSPLHF,CASSMLGAGSPLHF,TRBV19,TRBJ1-6,CAFNGSGNQFYF,Donor AJKQ118:PB TCRab CD4 Naive/TCM,1.000000,-,-,-,-,-,-,-,-,-,-,-
12,SMLG,3.7e-05,3,4,5.0e-05,1.0e+00,2.9e-02,1.0e+00,7.3e-01,2.3e-03,motif-SMLG,CASSwsmlGQGtGNTIYF,CASSWSMLGQGTGNTIYF,TRBV11-3,TRBJ1-3,CVVPGGSSYKLIF,Donor AJD3280:IEL TCRab CD4 TRM,1.000000,-,-,-,-,-,-,-,-,-,-,-
12,SMLG,3.7e-05,3,4,5.0e-05,1.0e+00,2.9e-02,1.0e+00,7.3e-01,2.3e-03,motif-SMLG,CASSLsmlgitlgSYEQYF,CASSLSMLGITLGSYEQYF,TRBV11-3,TRBJ2-7,CAGLSNTGNQFYF,Donor AJD3280:LP TCRab CD4 Tph,1.000000,-,-,-,-,-,-,-,-,-,-,-

13,SRTGGR%E,4.9e-05,2,3,2.2e-06,1.0e+00,3.5e-01,1.0e+00,1.0e-03,6.2e-03,global-SRTGGR%E,CASSRTGGrTEAFF,CASSRTGGRTEAFF,TRBV6-5,TRBJ1-1,CAVEGGSQGNLIF,Donor AJKQ118:PB TCRab CD4 FOXP3+ Treg,1.000000,-,-,-,-,-,-,-,-,-,-,-
13,SRTGGR%E,4.9e-05,2,3,2.2e-06,1.0e+00,3.5e-01,1.0e+00,1.0e-03,6.2e-03,global-SRTGGR%E,CASSRTGGrNEQFF,CASSRTGGRNEQFF,TRBV7-9,TRBJ2-1,CGTEGEYGNKLVF,Donor AJD3280:PB TCRab CD4 Naive/TCM,1.000000,-,-,-,-,-,-,-,-,-,-,-
13,SRTGGR%E,4.9e-05,2,3,2.2e-06,1.0e+00,3.5e-01,1.0e+00,1.0e-03,6.2e-03,global-SRTGGR%E,CASSRTGGrNEQFF,CASSRTGGRNEQFF,TRBV6-2,TRBJ2-1,CGTGSTSGGSYIPTF,Donor AJKQ118:IEL TCRab CD4 TRM,1.000000,-,-,-,-,-,-,-,-,-,-,-
13,SRTGGR%E,4.9e-05,2,3,2.2e-06,1.0e+00,3.5e-01,1.0e+00,1.0e-03,6.2e-03,global-SRTGGR%E,CAWSrTGGraEAFF,CAWSRTGGRAEAFF,TRBV30,TRBJ1-1,CAVYAGNNRKLIW,Donor AJKQ118:PB TCRab CD4 Naive/TCM,1.000000,-,-,-,-,-,-,-,-,-,-,-

14,SLGAR%E,4.9e-05,1,3,1.1e-06,1.0e+00,1.8e-01,1.0e+00,1.0e-03,6.2e-03,global-SLGAR%E,CASSLgarTEAFF,CASSLGARTEAFF,TRBV7-3,TRBJ1-1,CAGRWGNQFYF,Donor AJD3280:LP TCRab CD4 TRM,1.000000,-,-,-,-,-,-,-,-,-,-,-
14,SLGAR%E,4.9e-05,1,3,1.1e-06,1.0e+00,1.8e-01,1.0e+00,1.0e-03,6.2e-03,global-SLGAR%E,CASSLgaRGEQFF,CASSLGARGEQFF,TRBV7-2,TRBJ2-1,CAASSGTYKYIF,Donor AJD3280:LP TCRab CD4 Mobile TRM,1.000000,-,-,-,-,-,-,-,-,-,-,-
14,SLGAR%E,4.9e-05,1,3,1.1e-06,1.0e+00,1.8e-01,1.0e+00,1.0e-03,6.2e-03,global-SLGAR%E,CASSLgaRGEQYF,CASSLGARGEQYF,TRBV11-2,TRBJ2-7,CAATSGTYKYIF,Donor AJD3280:LP TCRab CD4 TRM,1.000000,-,-,-,-,-,-,-,-,-,-,-

15,LYLR,6.9e-05,3,3,4.9e-06,1.0e+00,4.0e-03,1.0e+00,2.0e-01,6.2e-03,motif-LYLR,CASSLylrqNEKLFF,CASSLYLRQNEKLFF,TRBV7-9,TRBJ1-4,CAYRSAQGETSGSRLTF,Donor AJD3280:PB TCRab CD4 Naive/TCM,1.000000,-,-,-,-,-,-,-,-,-,-,-
15,LYLR,6.9e-05,3,3,4.9e-06,1.0e+00,4.0e-03,1.0e+00,2.0e-01,6.2e-03,motif-LYLR,CASSLylRGlpnYEQYF,CASSLYLRGLPNYEQYF,TRBV28,TRBJ2-7,CVVKEAGNNRKLIW,Donor AJG2309:LP TCRab CD4 Naive/TCM,1.000000,-,-,-,-,-,-,-,-,-,-,-
15,LYLR,6.9e-05,3,3,4.9e-06,1.0e+00,4.0e-03,1.0e+00,2.0e-01,6.2e-03,motif-LYLR,CASSPlylrvDTQYF,CASSPLYLRVDTQYF,TRBV28,TRBJ2-3,CVVNLAAGNKLTF,Donor AJKQ118:LP TCRab CD4 Poised TCM,1.000000,-,-,-,-,-,-,-,-,-,-,-

16,SL%RGQET,7.6e-05,2,4,7.3e-07,1.0e+00,3.1e-01,1.0e+00,1.0e-03,2.3e-03,global-SL%RGQET,CASSLyRGQETQYF,CASSLYRGQETQYF,TRBV7-7,TRBJ2-5,CAVIPMKTSYDKVIF,Donor AJKQ118:PB TCRab CD4 Naive/TCM,1.000000,-,-,-,-,-,-,-,-,-,-,-
16,SL%RGQET,7.6e-05,2,4,7.3e-07,1.0e+00,3.1e-01,1.0e+00,1.0e-03,2.3e-03,global-SL%RGQET,CASSLaRGQETQYF,CASSLARGQETQYF,TRBV7-2,TRBJ2-5,CAASDSGTYKYIF,Donor AJD3280:IEL TCRab CD4 Mobile TRM,1.000000,-,-,-,-,-,-,-,-,-,-,-
16,SL%RGQET,7.6e-05,2,4,7.3e-07,1.0e+00,3.1e-01,1.0e+00,1.0e-03,2.3e-03,global-SL%RGQET,CASSLvRGQETQYF,CASSLVRGQETQYF,TRBV2,TRBJ2-5,CAASARISYNTDKLIF,Donor AJD3280:LP TCRab CD4 TRM,1.000000,-,-,-,-,-,-,-,-,-,-,-
16,SL%RGQET,7.6e-05,2,4,7.3e-07,1.0e+00,3.1e-01,1.0e+00,1.0e-03,2.3e-03,global-SL%RGQET,CASSLeRGQETQYF,CASSLERGQETQYF,TRBV5-1,TRBJ2-5,CAVGGFGNEKLTF,Donor AJD3280:L TCRab CD4 TRM,1.000000,-,-,-,-,-,-,-,-,-,-,-

17,SG%NTGE,8.8e-05,2,5,4.3e-08,1.0e+00,1.1e-01,2.7e-01,1.0e-03,1.5e-03,global-SG%NTGE,CAWSGQNTGELFF,CAWSGQNTGELFF,TRBV30,TRBJ2-2,CATVPPGGYNKLIF,Donor AJKQ118:PB TCRab CD4 Naive/TCM,2.000000,-,-,-,-,-,-,-,-,-,-,-
17,SG%NTGE,8.8e-05,2,5,4.3e-08,1.0e+00,1.1e-01,2.7e-01,1.0e-03,1.5e-03,global-SG%NTGE,CATSGQNTGELFF,CATSGQNTGELFF,TRBV24-1,TRBJ2-2,CAASIGGSQGNLIF,Donor AJKQ118:PB TCRab CD4 Naive/TCM,1.000000,-,-,-,-,-,-,-,-,-,-,-
17,SG%NTGE,8.8e-05,2,5,4.3e-08,1.0e+00,1.1e-01,2.7e-01,1.0e-03,1.5e-03,global-SG%NTGE,CASSgdNTGELFF,CASSGDNTGELFF,TRBV5-1,TRBJ2-2,CAVEAPSGYALNF,Donor AJD3280:LP TCRab CD4 Poised TCM,1.000000,-,-,-,-,-,-,-,-,-,-,-
17,SG%NTGE,8.8e-05,2,5,4.3e-08,1.0e+00,1.1e-01,2.7e-01,1.0e-03,1.5e-03,global-SG%NTGE,CSASgaNTGELFF,CSASGANTGELFF,TRBV20-1,TRBJ2-2,CAARRADKLIF,Donor AJKQ118:PB TCRab CD4 Naive/TCM,1.000000,-,-,-,-,-,-,-,-,-,-,-
17,SG%NTGE,8.8e-05,2,5,4.3e-08,1.0e+00,1.1e-01,2.7e-01,1.0e-03,1.5e-03,global-SG%NTGE,CSASgsNTGELFF,CSASGSNTGELFF,TRBV20-1,TRBJ2-2,CAVGENTPLVF,Donor AJKQ118:LP TCRab CD4 Mobile TRM,1.000000,-,-,-,-,-,-,-,-,-,-,-

18,QPYT,9.4e-05,2,3,5.2e-05,1.0e+00,1.9e-01,1.0e+00,4.4e-02,6.2e-03,motif-QPYT,CASSfSGqpyTDTQYF,CASSFSGQPYTDTQYF,TRBV27,TRBJ2-3,CAVRRSNYQLIW,Donor AJKQ118:PB TCRab CD4 Naive/TCM,1.000000,-,-,-,-,-,-,-,-,-,-,-
18,QPYT,9.4e-05,2,3,5.2e-05,1.0e+00,1.9e-01,1.0e+00,4.4e-02,6.2e-03,motif-QPYT,CSASkTGqpyTDTQYF,CSASKTGQPYTDTQYF,TRBV20-1,TRBJ2-3,CAASKAAGNKLTF,Donor AJD3280:L TCRab CD4 Naive/TCM,1.000000,-,-,-,-,-,-,-,-,-,-,-
18,QPYT,9.4e-05,2,3,5.2e-05,1.0e+00,1.9e-01,1.0e+00,4.4e-02,6.2e-03,motif-QPYT,CASSDrqpyTGELFF,CASSDRQPYTGELFF,TRBV2,TRBJ2-2,CAVSPPAAGNKLTF,Donor AJKQ118:PB TCRab CD4 Naive/TCM,1.000000,-,-,-,-,-,-,-,-,-,-,-

19,SLD%TDT,1.0e-04,2,4,9.4e-08,1.0e+00,4.0e-02,1.0e+00,1.0e-03,2.3e-03,global-SLD%TDT,CASSLdtTDTQYF,CASSLDTTDTQYF,TRBV7-2,TRBJ2-3,CAVRKGGTYKYIF,Donor AJKQ118:PB TCRab CD4 Naive/TCM,1.000000,-,-,-,-,-,-,-,-,-,-,-
19,SLD%TDT,1.0e-04,2,4,9.4e-08,1.0e+00,4.0e-02,1.0e+00,1.0e-03,2.3e-03,global-SLD%TDT,CASSLDRTDTQYF,CASSLDRTDTQYF,TRBV7-8,TRBJ2-3,CAMRGNSGGYQKVTF,Donor AJG2309:LP TCRab CD4 TRM,1.000000,-,-,-,-,-,-,-,-,-,-,-
19,SLD%TDT,1.0e-04,2,4,9.4e-08,1.0e+00,4.0e-02,1.0e+00,1.0e-03,2.3e-03,global-SLD%TDT,CASSLdpTDTQYF,CASSLDPTDTQYF,TRBV5-4,TRBJ2-3,CAESLSGSARQLTF,Donor AJKQ118:PB TCRab CD4 Naive/TCM,1.000000,-,-,-,-,-,-,-,-,-,-,-
19,SLD%TDT,1.0e-04,2,4,9.4e-08,1.0e+00,4.0e-02,1.0e+00,1.0e-03,2.3e-03,global-SLD%TDT,CASSLdyTDTQYF,CASSLDYTDTQYF,TRBV7-2,TRBJ2-3,CAVRSRYNTDKLIF,Donor AJKQ118:PB TCRab CD4 Naive/TCM,1.000000,-,-,-,-,-,-,-,-,-,-,-

20,SL%QGNG,1.0e-04,3,4,1.7e-07,1.0e+00,3.4e-01,2.2e-01,1.0e-03,2.3e-03,global-SL%QGNG,CASSLwQGnGYTF,CASSLWQGNGYTF,TRBV5-6,TRBJ1-2,CAFEFGRGADGLTF,Donor AJG2309:PB TCRab CD4 FOXP3+ Treg,1.000000,-,-,-,-,-,-,-,-,-,-,-
20,SL%QGNG,1.0e-04,3,4,1.7e-07,1.0e+00,3.4e-01,2.2e-01,1.0e-03,2.3e-03,global-SL%QGNG,CASSLfQGnGYTF,CASSLFQGNGYTF,TRBV7-8,TRBJ1-2,CAVNFGGSQGNLIF,Donor AJKQ118:PB TCRab CD4 Naive/TCM,2.000000,-,-,-,-,-,-,-,-,-,-,-
20,SL%QGNG,1.0e-04,3,4,1.7e-07,1.0e+00,3.4e-01,2.2e-01,1.0e-03,2.3e-03,global-SL%QGNG,CASSLGQGnGYTF,CASSLGQGNGYTF,TRBV12-4,TRBJ1-2,CAVGALHGSSNTGKLIF,Donor AJD3280:PB TCRab CD4 Naive/TCM,1.000000,-,-,-,-,-,-,-,-,-,-,-
20,SL%QGNG,1.0e-04,3,4,1.7e-07,1.0e+00,3.4e-01,2.2e-01,1.0e-03,2.3e-03,global-SL%QGNG,CASSLsQGnGYTF,CASSLSQGNGYTF,TRBV7-9,TRBJ1-2,CAVSYNNDMRF,Donor AJG2309:PB TCRab CD4 Naive/TCM,1.000000,-,-,-,-,-,-,-,-,-,-,-

21,SL%GNT,1.1e-04,2,5,9.1e-07,1.0e+00,6.2e-01,1.0e+00,1.0e-03,1.5e-03,global-SL%GNT,CASSLSGnTQYF,CASSLSGNTQYF,TRBV6-5,TRBJ2-3,CAATTGAGSYQLTF,Donor AJD3280:IEL TCRab CD4 TRM,1.000000,-,-,-,-,-,-,-,-,-,-,-
21,SL%GNT,1.1e-04,2,5,9.1e-07,1.0e+00,6.2e-01,1.0e+00,1.0e-03,1.5e-03,global-SL%GNT,CASSLgGNTIYF,CASSLGGNTIYF,TRBV11-2,TRBJ1-3,CAAKNYGGSQGNLIF,Donor AJD3280:LP TCRab CD4 TRM,1.000000,-,-,-,-,-,-,-,-,-,-,-
21,SL%GNT,1.1e-04,2,5,9.1e-07,1.0e+00,6.2e-01,1.0e+00,1.0e-03,1.5e-03,global-SL%GNT,CASSLgGNTIYF,CASSLGGNTIYF,TRBV12-3,TRBJ1-3,CIVRAQGAQKLVF,Donor AJD3280:PB TCRab CD4 Naive/TCM,1.000000,-,-,-,-,-,-,-,-,-,-,-
21,SL%GNT,1.1e-04,2,5,9.1e-07,1.0e+00,6.2e-01,1.0e+00,1.0e-03,1.5e-03,global-SL%GNT,CASSLpGNTIYF,CASSLPGNTIYF,TRBV7-3,TRBJ1-3,CAVGAGSGGYQKVTF,Donor AJKQ118:LP TCRab CD4 TRM,1.000000,-,-,-,-,-,-,-,-,-,-,-
21,SL%GNT,1.1e-04,2,5,9.1e-07,1.0e+00,6.2e-01,1.0e+00,1.0e-03,1.5e-03,global-SL%GNT,CASSLaGNTIYF,CASSLAGNTIYF,TRBV7-8,TRBJ1-3,CAARSVSSGAGSYQLTF,Donor AJKQ118:PB TCRab CD4 Naive/TCM,1.000000,-,-,-,-,-,-,-,-,-,-,-
21,SL%GNT,1.1e-04,2,5,9.1e-07,1.0e+00,6.2e-01,1.0e+00,1.0e-03,1.5e-03,global-SL%GNT,CASSLdGNTIYF,CASSLDGNTIYF,TRBV2,TRBJ1-3,CAVFSGGYNKLIF,Donor AJD3280:PB TCRab CD4 FOXP3+ Treg,1.000000,-,-,-,-,-,-,-,-,-,-,-

22,IILA,1.2e-04,3,3,2.3e-04,1.0e+00,1.8e-01,1.0e+00,2.1e-01,6.2e-03,motif-IILA,CATSssriilAKNIQYF,CATSSSRIILAKNIQYF,TRBV15,TRBJ2-4,CVVGEPDSNSGYALNF,Donor AJD3280:L TCRab CD4 TRM,1.000000,-,-,-,-,-,-,-,-,-,-,-
22,IILA,1.2e-04,3,3,2.3e-04,1.0e+00,1.8e-01,1.0e+00,2.1e-01,6.2e-03,motif-IILA,CASSQiiLAGanlygETQYF,CASSQIILAGANLYGETQYF,TRBV3-1,TRBJ2-5,CAGPPPYSGNTPLVF,Donor AJKQ118:PB TCRab CD4 Naive/TCM,1.000000,-,-,-,-,-,-,-,-,-,-,-
22,IILA,1.2e-04,3,3,2.3e-04,1.0e+00,1.8e-01,1.0e+00,2.1e-01,6.2e-03,motif-IILA,CASSIiLAGGphNEQFF,CASSIILAGGPHNEQFF,TRBV19,TRBJ2-1,CAATNNNDMRF,Donor AJG2309:LP TCRab CD4 TRM,1.000000,-,-,-,-,-,-,-,-,-,-,-

23,SRGS%GE,1.7e-04,2,3,1.2e-06,1.0e+00,1.9e-01,1.0e+00,1.0e-03,6.2e-03,global-SRGS%GE,CASSRgsaGELFF,CASSRGSAGELFF,TRBV12-4,TRBJ2-2,CALGYSGGGADGLTF,Donor AJD3280:PB TCRab CD4 FOXP3+ Treg,1.000000,-,-,-,-,-,-,-,-,-,-,-
23,SRGS%GE,1.7e-04,2,3,1.2e-06,1.0e+00,1.9e-01,1.0e+00,1.0e-03,6.2e-03,global-SRGS%GE,CATSRgsvgEQYF,CATSRGSVGEQYF,TRBV24-1,TRBJ2-7,CAGLSGYALNF,Donor AJG2309:L TCRab CD4 TRM,1.000000,-,-,-,-,-,-,-,-,-,-,-
23,SRGS%GE,1.7e-04,2,3,1.2e-06,1.0e+00,1.9e-01,1.0e+00,1.0e-03,6.2e-03,global-SRGS%GE,CASSRgsTGELFF,CASSRGSTGELFF,TRBV3-1,TRBJ2-2,CVVSHTGGFKTIF,Donor AJD3280:LP TCRab CD4 Tph,1.000000,-,-,-,-,-,-,-,-,-,-,-

24,S%LAGTGE,1.7e-04,2,3,1.1e-06,1.0e+00,1.8e-01,1.0e+00,1.0e-03,6.2e-03,global-S%LAGTGE,CASShLAGTGELFF,CASSHLAGTGELFF,TRBV3-1,TRBJ2-2,CIVRVSNTGNQFYF,Donor AJG2309:L TCRab CD4 Naive/TCM,1.000000,-,-,-,-,-,-,-,-,-,-,-
24,S%LAGTGE,1.7e-04,2,3,1.1e-06,1.0e+00,1.8e-01,1.0e+00,1.0e-03,6.2e-03,global-S%LAGTGE,CASSPLAGTGELFF,CASSPLAGTGELFF,TRBV18,TRBJ2-2,CAGDRNNNARLMF,Donor AJG2309:L TCRab CD4 Naive/TCM,1.000000,-,-,-,-,-,-,-,-,-,-,-
24,S%LAGTGE,1.7e-04,2,3,1.1e-06,1.0e+00,1.8e-01,1.0e+00,1.0e-03,6.2e-03,global-S%LAGTGE,CASSVLAGTGELFF,CASSVLAGTGELFF,TRBV9,TRBJ2-2,CAENNQAGTALIF,Donor AJKQ118:PB TCRab CD4 FOXP3+ Treg,1.000000,-,-,-,-,-,-,-,-,-,-,-

25,SFN%NTE,1.7e-04,2,3,1.0e-06,1.0e+00,1.7e-01,1.0e+00,1.0e-03,6.2e-03,global-SFN%NTE,CASSfnsNTEAFF,CASSFNSNTEAFF,TRBV12-3,TRBJ1-1,CAFDTGGFKTIF,Donor AJD3280:PB TCRab CD4 Naive/TCM,1.000000,-,-,-,-,-,-,-,-,-,-,-
25,SFN%NTE,1.7e-04,2,3,1.0e-06,1.0e+00,1.7e-01,1.0e+00,1.0e-03,6.2e-03,global-SFN%NTE,CASSfnqNTEAFF,CASSFNQNTEAFF,TRBV11-3,TRBJ1-1,CGGIKLTF,Donor AJD3280:L TCRab CD4 TCM,1.000000,-,-,-,-,-,-,-,-,-,-,-
25,SFN%NTE,1.7e-04,2,3,1.0e-06,1.0e+00,1.7e-01,1.0e+00,1.0e-03,6.2e-03,global-SFN%NTE,CASSfnmNTEAFF,CASSFNMNTEAFF,TRBV5-1,TRBJ1-1,CVVNANTDKLIF,Donor AJKQ118:PB TCRab CD4 Naive/TCM,1.000000,-,-,-,-,-,-,-,-,-,-,-

26,S%GGSGE,1.7e-04,1,3,1.1e-06,1.0e+00,1.7e-01,1.0e+00,1.0e-03,6.2e-03,global-S%GGSGE,CASSfGGsGELFF,CASSFGGSGELFF,TRBV7-3,TRBJ2-2,CAVRDNDYKLSF,Donor AJD3280:L TCRab CD4 TRM,1.000000,-,-,-,-,-,-,-,-,-,-,-
26,S%GGSGE,1.7e-04,1,3,1.1e-06,1.0e+00,1.7e-01,1.0e+00,1.0e-03,6.2e-03,global-S%GGSGE,CASSEGGsGELFF,CASSEGGSGELFF,TRBV6-1,TRBJ2-2,CAVLSGGSYIPTF,Donor AJD3280:LP TCRab CD4 FOXP3+ Treg,1.000000,-,-,-,-,-,-,-,-,-,-,-
26,S%GGSGE,1.7e-04,1,3,1.1e-06,1.0e+00,1.7e-01,1.0e+00,1.0e-03,6.2e-03,global-S%GGSGE,CASSSGGsGELFF,CASSSGGSGELFF,TRBV11-2,TRBJ2-2,CAVRGTGGFKTIF,Donor AJD3280:PB TCRab CD4 Naive/TCM,1.000000,-,-,-,-,-,-,-,-,-,-,-

27,S%RGDTGE,2.7e-04,1,3,2.5e-09,1.0e+00,3.0e-03,1.3e-01,1.0e-03,6.2e-03,global-S%RGDTGE,CASSnRGdTGELFF,CASSNRGDTGELFF,TRBV19,TRBJ2-2,CAYRRSNMGDARLMF,Donor AJD3280:LP TCRab CD4 TRM,1.000000,-,-,-,-,-,-,-,-,-,-,-
27,S%RGDTGE,2.7e-04,1,3,2.5e-09,1.0e+00,3.0e-03,1.3e-01,1.0e-03,6.2e-03,global-S%RGDTGE,CASSDRGdTGELFF,CASSDRGDTGELFF,TRBV19,TRBJ2-2,CAMREGTGGYQKVTF,Donor AJD3280:IEL TCRab CD4 TRM,1.000000,-,-,-,-,-,-,-,-,-,-,-
27,S%RGDTGE,2.7e-04,1,3,2.5e-09,1.0e+00,3.0e-03,1.3e-01,1.0e-03,6.2e-03,global-S%RGDTGE,CASSDRGdTGELFF,CASSDRGDTGELFF,TRBV6-1,TRBJ2-2,CASSGGSYIPTF,Donor AJD3280:LP TCRab CD4 TRM,1.000000,-,-,-,-,-,-,-,-,-,-,-
27,S%RGDTGE,2.7e-04,1,3,2.5e-09,1.0e+00,3.0e-03,1.3e-01,1.0e-03,6.2e-03,global-S%RGDTGE,CASSDRGdTGELFF,CASSDRGDTGELFF,TRBV19,TRBJ2-2,CVVISFQKLVF,Donor AJD3280:LP TCRab CD4 TRM,1.000000,-,-,-,-,-,-,-,-,-,-,-
27,S%RGDTGE,2.7e-04,1,3,2.5e-09,1.0e+00,3.0e-03,1.3e-01,1.0e-03,6.2e-03,global-S%RGDTGE,CASSDRGdTGELFF,CASSDRGDTGELFF,TRBV19,TRBJ2-2,CAMREGTGGYQKVTF,Donor AJD3280:LP TCRab CD4 TRM,1.000000,-,-,-,-,-,-,-,-,-,-,-
27,S%RGDTGE,2.7e-04,1,3,2.5e-09,1.0e+00,3.0e-03,1.3e-01,1.0e-03,6.2e-03,global-S%RGDTGE,CASStRGdTGELFF,CASSTRGDTGELFF,TRBV27,TRBJ2-2,CAEKDSGNTPLVF,Donor AJD3280:IEL TCRab CD4 TRM,1.000000,-,-,-,-,-,-,-,-,-,-,-
27,S%RGDTGE,2.7e-04,1,3,2.5e-09,1.0e+00,3.0e-03,1.3e-01,1.0e-03,6.2e-03,global-S%RGDTGE,CASStRGdTGELFF,CASSTRGDTGELFF,TRBV27,TRBJ2-2,CAEKDSGNTPLVF,Donor AJD3280:LP TCRab CD4 TRM,3.000000,-,-,-,-,-,-,-,-,-,-,-

28,SLT%NQP,2.7e-04,3,3,1.1e-06,1.0e+00,1.8e-01,1.0e+00,1.0e-03,6.2e-03,global-SLT%NQP,CASSLtaNQPQHF,CASSLTANQPQHF,TRBV11-1,TRBJ1-5,CVVNVLNRDDKIIF,Donor AJD3280:L TCRab CD4 TCM,1.000000,-,-,-,-,-,-,-,-,-,-,-
28,SLT%NQP,2.7e-04,3,3,1.1e-06,1.0e+00,1.8e-01,1.0e+00,1.0e-03,6.2e-03,global-SLT%NQP,CASSLTGNQPQHF,CASSLTGNQPQHF,TRBV7-2,TRBJ1-5,CAMGFGNEKLTF,Donor AJKQ118:PB TCRab CD4 Naive/TCM,1.000000,-,-,-,-,-,-,-,-,-,-,-
28,SLT%NQP,2.7e-04,3,3,1.1e-06,1.0e+00,1.8e-01,1.0e+00,1.0e-03,6.2e-03,global-SLT%NQP,CASSLtpNQPQHF,CASSLTPNQPQHF,TRBV27,TRBJ1-5,CALYTGRRALTF,Donor AJG2309:LP TCRab CD4 FOXP3+ Treg,1.000000,-,-,-,-,-,-,-,-,-,-,-

29,S%SGNTDT,2.7e-04,2,3,1.2e-07,1.0e+00,1.3e-01,1.5e-01,1.0e-03,6.2e-03,global-S%SGNTDT,CASSSSGnTDTQYF,CASSSSGNTDTQYF,TRBV7-9,TRBJ2-3,CAGAGNQGGKLIF,Donor AJD3280:LP TCRab CD4 TRM,2.000000,-,-,-,-,-,-,-,-,-,-,-
29,S%SGNTDT,2.7e-04,2,3,1.2e-07,1.0e+00,1.3e-01,1.5e-01,1.0e-03,6.2e-03,global-S%SGNTDT,CASSRSGnTDTQYF,CASSRSGNTDTQYF,TRBV7-9,TRBJ2-3,CAGANNQGGKLIF,Donor AJD3280:PB TCRab CD4 Naive/TCM,1.000000,-,-,-,-,-,-,-,-,-,-,-
29,S%SGNTDT,2.7e-04,2,3,1.2e-07,1.0e+00,1.3e-01,1.5e-01,1.0e-03,6.2e-03,global-S%SGNTDT,CASSQSGnTDTQYF,CASSQSGNTDTQYF,TRBV4-3,TRBJ2-3,CIVRVLSGSARQLTF,Donor AJKQ118:PB TCRab CD4 Naive/TCM,1.000000,-,-,-,-,-,-,-,-,-,-,-

30,SLGA%GE,2.7e-04,2,3,1.3e-06,1.0e+00,2.1e-01,1.0e+00,1.0e-03,6.2e-03,global-SLGA%GE,CASSLgaQGEQYF,CASSLGAQGEQYF,TRBV7-8,TRBJ2-7,CAFMKQGGAQKLVF,Donor AJKQ118:PB TCRab CD4 Naive/TCM,1.000000,-,-,-,-,-,-,-,-,-,-,-
30,SLGA%GE,2.7e-04,2,3,1.3e-06,1.0e+00,2.1e-01,1.0e+00,1.0e-03,6.2e-03,global-SLGA%GE,CASSLgaRGEQYF,CASSLGARGEQYF,TRBV11-2,TRBJ2-7,CAATSGTYKYIF,Donor AJD3280:LP TCRab CD4 TRM,1.000000,-,-,-,-,-,-,-,-,-,-,-
30,SLGA%GE,2.7e-04,2,3,1.3e-06,1.0e+00,2.1e-01,1.0e+00,1.0e-03,6.2e-03,global-SLGA%GE,CASSLgaRGEQFF,CASSLGARGEQFF,TRBV7-2,TRBJ2-1,CAASSGTYKYIF,Donor AJD3280:LP TCRab CD4 Mobile TRM,1.000000,-,-,-,-,-,-,-,-,-,-,-

31,SESGR%NYG,2.9e-04,2,2,2.1e-06,1.0e+00,7.3e-02,1.0e+00,1.0e-03,2.9e-02,global-SESGR%NYG,CASSESGRsNYGYTF,CASSESGRSNYGYTF,TRBV6-1,TRBJ1-2,CAGPRAPDYKLSF,Donor AJKQ118:PB TCRab CD4 Naive/TCM,1.000000,-,-,-,-,-,-,-,-,-,-,-
31,SESGR%NYG,2.9e-04,2,2,2.1e-06,1.0e+00,7.3e-02,1.0e+00,1.0e-03,2.9e-02,global-SESGR%NYG,CASSESGRkNYGYTF,CASSESGRKNYGYTF,TRBV25-1,TRBJ1-2,CAVTQTGFQKLVF,Donor AJD3280:PB TCRab CD4 Naive/TCM,1.000000,-,-,-,-,-,-,-,-,-,-,-

32,SVAGT%YYNE,2.9e-04,2,2,2.1e-06,1.0e+00,7.1e-02,1.0e+00,1.0e-03,2.9e-02,global-SVAGT%YYNE,CASSVaGTtyYNEQFF,CASSVAGTTYYNEQFF,TRBV9,TRBJ2-1,CAFMKPPNDMRF,Donor AJKQ118:PB TCRab CD4 Naive/TCM,1.000000,-,-,-,-,-,-,-,-,-,-,-
32,SVAGT%YYNE,2.9e-04,2,2,2.1e-06,1.0e+00,7.1e-02,1.0e+00,1.0e-03,2.9e-02,global-SVAGT%YYNE,CASSVaGTlyYNEQFF,CASSVAGTLYYNEQFF,TRBV5-1,TRBJ2-1,CAAINQGAQKLVF,Donor AJD3280:PB TCRab CD4 Naive/TCM,1.000000,-,-,-,-,-,-,-,-,-,-,-

33,SIEA%SGANV,2.9e-04,1,2,2.9e-08,1.0e+00,1.0e-03,1.0e+00,1.0e-03,2.9e-02,global-SIEA%SGANV,CASSIeAGSGANVLTF,CASSIEAGSGANVLTF,TRBV19,TRBJ2-6,CVVSRMEYGNKLVF,Donor AJD3280:L TCRab CD4 TRM,1.000000,-,-,-,-,-,-,-,-,-,-,-
33,SIEA%SGANV,2.9e-04,1,2,2.9e-08,1.0e+00,1.0e-03,1.0e+00,1.0e-03,2.9e-02,global-SIEA%SGANV,CASSIealSGANVLTF,CASSIEALSGANVLTF,TRBV19,TRBJ2-6,CGLLGNNRLAF,Donor AJD3280:L TCRab CD4 TRM,1.000000,-,-,-,-,-,-,-,-,-,-,-

34,S%SGRGG,2.9e-04,2,2,1.8e-06,1.0e+00,6.3e-02,1.0e+00,1.0e-03,2.9e-02,global-S%SGRGG,CASSPSGRggeYF,CASSPSGRGGEYF,TRBV7-2,TRBJ2-5,CAVSVNTGGFKTIF,Donor AJD3280:LP TCRab CD4 Mobile TRM,1.000000,-,-,-,-,-,-,-,-,-,-,-
34,S%SGRGG,2.9e-04,2,2,1.8e-06,1.0e+00,6.3e-02,1.0e+00,1.0e-03,2.9e-02,global-S%SGRGG,CASSLSGRgGYTF,CASSLSGRGGYTF,TRBV5-6,TRBJ1-2,CAANGLKYGGSQGNLIF,Donor AJKQ118:PB TCRab CD4 FOXP3+ Treg,1.000000,-,-,-,-,-,-,-,-,-,-,-

35,R%ATQET,2.9e-04,1,2,1.9e-06,1.0e+00,6.6e-02,1.0e+00,1.0e-03,2.9e-02,global-R%ATQET,CASrpatQETQYF,CASRPATQETQYF,TRBV12-3,TRBJ2-5,CAVGYNQGGKLIF,Donor AJD3280:LP TCRab CD4 TRM,1.000000,-,-,-,-,-,-,-,-,-,-,-
35,R%ATQET,2.9e-04,1,2,1.9e-06,1.0e+00,6.6e-02,1.0e+00,1.0e-03,2.9e-02,global-R%ATQET,CASrLAtQETQYF,CASRLATQETQYF,TRBV5-4,TRBJ2-5,CAVHDFGNEKLTF,Donor AJD3280:L TCRab CD4 TRM,1.000000,-,-,-,-,-,-,-,-,-,-,-

36,SLQDR%G,2.9e-04,1,2,2.0e-06,1.0e+00,7.0e-02,1.0e+00,1.0e-03,2.9e-02,global-SLQDR%G,CASSLqDRdGYTF,CASSLQDRDGYTF,TRBV28,TRBJ1-2,CARTPNSGYSTLTF,Donor AJG2309:LP TCRab CD4 TRM,1.000000,-,-,-,-,-,-,-,-,-,-,-
36,SLQDR%G,2.9e-04,1,2,2.0e-06,1.0e+00,7.0e-02,1.0e+00,1.0e-03,2.9e-02,global-SLQDR%G,CASSLqDRrGYTF,CASSLQDRRGYTF,TRBV11-1,TRBJ1-2,CAVGPVTGGGNKLTF,Donor AJG2309:PB TCRab CD4 Naive/TCM,1.000000,-,-,-,-,-,-,-,-,-,-,-

37,SFSG%SQET,2.9e-04,1,2,1.6e-06,1.0e+00,5.6e-02,1.0e+00,1.0e-03,2.9e-02,global-SFSG%SQET,CASSfsGTSQETQYF,CASSFSGTSQETQYF,TRBV27,TRBJ2-5,CAVTSGALRLIF,Donor AJKQ118:LP TCRab CD4 TRM,1.000000,-,-,-,-,-,-,-,-,-,-,-
37,SFSG%SQET,2.9e-04,1,2,1.6e-06,1.0e+00,5.6e-02,1.0e+00,1.0e-03,2.9e-02,global-SFSG%SQET,CASSfSGssQETQYF,CASSFSGSSQETQYF,TRBV5-4,TRBJ2-5,CIVNFRLNKFYF,Donor AJKQ118:LP TCRab CD4 TRM,1.000000,-,-,-,-,-,-,-,-,-,-,-

38,%FDRGTGE,2.9e-04,2,2,2.0e-06,1.0e+00,6.9e-02,1.0e+00,1.0e-03,2.9e-02,global-%FDRGTGE,CASkfDRGTGELFF,CASKFDRGTGELFF,TRBV2,TRBJ2-2,CAASSLIQGAQKLVF,Donor AJD3280:LP TCRab CD4 TRM,1.000000,-,-,-,-,-,-,-,-,-,-,-
38,%FDRGTGE,2.9e-04,2,2,2.0e-06,1.0e+00,6.9e-02,1.0e+00,1.0e-03,2.9e-02,global-%FDRGTGE,CASSfDRGTGELFF,CASSFDRGTGELFF,TRBV11-2,TRBJ2-2,CVFSNDYKLSF,Donor AJKQ118:LP TCRab CD4 TRM,1.000000,-,-,-,-,-,-,-,-,-,-,-

39,RTSLT%E,2.9e-04,2,2,2.9e-08,1.0e+00,1.0e-03,1.0e+00,1.0e-03,2.9e-02,global-RTSLT%E,CSARTSlTGELFF,CSARTSLTGELFF,TRBV20-1,TRBJ2-2,CAVEDNQGGKLIF,Donor AJG2309:LP TCRab CD4 Mobile TRM,1.000000,-,-,-,-,-,-,-,-,-,-,-
39,RTSLT%E,2.9e-04,2,2,2.9e-08,1.0e+00,1.0e-03,1.0e+00,1.0e-03,2.9e-02,global-RTSLT%E,CSARTSltrEAFF,CSARTSLTREAFF,TRBV20-1,TRBJ1-1,CAMSSGNTPLVF,Donor AJKQ118:L TCRab CD4 Naive/TCM,1.000000,-,-,-,-,-,-,-,-,-,-,-

40,TPGL%GET,2.9e-04,2,2,2.1e-06,1.0e+00,7.3e-02,1.0e+00,1.0e-03,2.9e-02,global-TPGL%GET,CASTpGLAGETQYF,CASTPGLAGETQYF,TRBV9,TRBJ2-5,CASHSGGGADGLTF,Donor AJKQ118:LP TCRab CD4 TRM,1.000000,-,-,-,-,-,-,-,-,-,-,-
40,TPGL%GET,2.9e-04,2,2,2.1e-06,1.0e+00,7.3e-02,1.0e+00,1.0e-03,2.9e-02,global-TPGL%GET,CASTpGLggETQYF,CASTPGLGGETQYF,TRBV7-9,TRBJ2-5,CAVSSGGYNKLIF,Donor AJD3280:LP TCRab CD4 Naive/TCM,1.000000,-,-,-,-,-,-,-,-,-,-,-

41,SLVA%RE,2.9e-04,2,2,2.1e-06,1.0e+00,7.1e-02,1.0e+00,1.0e-03,2.9e-02,global-SLVA%RE,CASSLvaGREQYF,CASSLVAGREQYF,TRBV5-4,TRBJ2-7,CAVTRGDTDKLIF,Donor AJD3280:L TCRab CD4 TRM,1.000000,-,-,-,-,-,-,-,-,-,-,-
41,SLVA%RE,2.9e-04,2,2,2.1e-06,1.0e+00,7.1e-02,1.0e+00,1.0e-03,2.9e-02,global-SLVA%RE,CASSLvaarEAFF,CASSLVAAREAFF,TRBV7-2,TRBJ1-1,CALIRMDSSYKLIF,Donor AJKQ118:PB TCRab CD4 FOXP3+ Treg,1.000000,-,-,-,-,-,-,-,-,-,-,-

42,SFAGN%,2.9e-04,1,2,2.1e-06,1.0e+00,7.3e-02,1.0e+00,1.0e-03,2.9e-02,global-SFAGN%,CASSfaGNTIYF,CASSFAGNTIYF,TRBV25-1,TRBJ1-3,CALTGAGSYQLTF,Donor AJKQ118:PB TCRab CD4 Naive/TCM,1.000000,-,-,-,-,-,-,-,-,-,-,-
42,SFAGN%,2.9e-04,1,2,2.1e-06,1.0e+00,7.3e-02,1.0e+00,1.0e-03,2.9e-02,global-SFAGN%,CASSfAGNEQFF,CASSFAGNEQFF,TRBV6-2,TRBJ2-1,CAALSGNTGKLIF,Donor AJKQ118:PB TCRab CD4 Naive/TCM,1.000000,-,-,-,-,-,-,-,-,-,-,-

43,SLDFSGG%YNE,2.9e-04,1,2,3.1e-09,1.0e+00,1.0e-03,1.0e-01,1.0e-03,2.9e-02,global-SLDFSGG%YNE,CASSLdfSGGfYNEQFF,CASSLDFSGGFYNEQFF,TRBV11-3,TRBJ2-1,CILSADKLIF,Donor AJD3280:LP TCRab CD4 TRM,2.000000,-,-,-,-,-,-,-,-,-,-,-
43,SLDFSGG%YNE,2.9e-04,1,2,3.1e-09,1.0e+00,1.0e-03,1.0e-01,1.0e-03,2.9e-02,global-SLDFSGG%YNE,CASSLdfSGGSYNEQFF,CASSLDFSGGSYNEQFF,TRBV11-3,TRBJ2-1,CAYRSADRDDKIIF,Donor AJD3280:LP TCRab CD4 TRM,1.000000,-,-,-,-,-,-,-,-,-,-,-

44,S%GTEKNI,2.9e-04,2,2,1.8e-06,1.0e+00,6.2e-02,1.0e+00,1.0e-03,2.9e-02,global-S%GTEKNI,CSASRGteKNIQYF,CSASRGTEKNIQYF,TRBV20-1,TRBJ2-4,CAVEDLGSNYQLIW,Donor AJKQ118:LP TCRab CD4 TRM,1.000000,-,-,-,-,-,-,-,-,-,-,-
44,S%GTEKNI,2.9e-04,2,2,1.8e-06,1.0e+00,6.2e-02,1.0e+00,1.0e-03,2.9e-02,global-S%GTEKNI,CASSTGteKNIQYF,CASSTGTEKNIQYF,TRBV7-2,TRBJ2-4,CAVEGSSNTGKLIF,Donor AJD3280:PB TCRab CD4 Naive/TCM,1.000000,-,-,-,-,-,-,-,-,-,-,-

45,RN%DYG,2.9e-04,1,2,2.9e-08,1.0e+00,1.0e-03,1.0e+00,1.0e-03,2.9e-02,global-RN%DYG,CSARnqdYGYTF,CSARNQDYGYTF,TRBV20-1,TRBJ1-2,CVVNEGGGGNKLTF,Donor AJG2309:PB TCRab CD4 FOXP3+ Treg,1.000000,-,-,-,-,-,-,-,-,-,-,-
45,RN%DYG,2.9e-04,1,2,2.9e-08,1.0e+00,1.0e-03,1.0e+00,1.0e-03,2.9e-02,global-RN%DYG,CSARnqdYGYTF,CSARNQDYGYTF,TRBV20-1,TRBJ1-2,CVVNMGGGGNKLTF,Donor AJG2309:PB TCRab CD4 Naive/TCM,1.000000,-,-,-,-,-,-,-,-,-,-,-
45,RN%DYG,2.9e-04,1,2,2.9e-08,1.0e+00,1.0e-03,1.0e+00,1.0e-03,2.9e-02,global-RN%DYG,CSARntdYGYTF,CSARNTDYGYTF,TRBV20-1,TRBJ1-2,CVVNPGGGGNKLTF,Donor AJG2309:L TCRab CD4 TCM,1.000000,-,-,-,-,-,-,-,-,-,-,-

46,SPMGG%,2.9e-04,2,2,1.4e-06,1.0e+00,4.9e-02,1.0e+00,1.0e-03,2.9e-02,global-SPMGG%,CASSPmGGEQFF,CASSPMGGEQFF,TRBV7-2,TRBJ2-1,CAVRGSGGYNKLIF,Donor AJKQ118:PB TCRab CD4 Naive/TCM,1.000000,-,-,-,-,-,-,-,-,-,-,-
46,SPMGG%,2.9e-04,2,2,1.4e-06,1.0e+00,4.9e-02,1.0e+00,1.0e-03,2.9e-02,global-SPMGG%,CASSPmGGPQHF,CASSPMGGPQHF,TRBV7-8,TRBJ1-5,CALIRTLVF,Donor AJD3280:LP TCRab CD4 Poised TCM,1.000000,-,-,-,-,-,-,-,-,-,-,-

47,S%GGTSGTDT,2.9e-04,2,2,2.9e-08,1.0e+00,1.0e-03,1.0e+00,1.0e-03,2.9e-02,global-S%GGTSGTDT,CASSLgGTSGTDTQYF,CASSLGGTSGTDTQYF,TRBV5-1,TRBJ2-3,CAGGGSQGNLIF,Donor AJKQ118:L TCRab CD4 TRM,1.000000,-,-,-,-,-,-,-,-,-,-,-
47,S%GGTSGTDT,2.9e-04,2,2,2.9e-08,1.0e+00,1.0e-03,1.0e+00,1.0e-03,2.9e-02,global-S%GGTSGTDT,CASSLgGTSGTDTQYF,CASSLGGTSGTDTQYF,TRBV5-1,TRBJ2-3,CAGGGSQGNLIF,Donor AJKQ118:PB TCRab CD4 Naive/TCM,1.000000,-,-,-,-,-,-,-,-,-,-,-
47,S%GGTSGTDT,2.9e-04,2,2,2.9e-08,1.0e+00,1.0e-03,1.0e+00,1.0e-03,2.9e-02,global-S%GGTSGTDT,CASSwgGTSGTDTQYF,CASSWGGTSGTDTQYF,TRBV5-1,TRBJ2-3,CILILGGSEKLVF,Donor AJD3280:PB TCRab CD4 Naive/TCM,1.000000,-,-,-,-,-,-,-,-,-,-,-

48,SLPR%DSP,2.9e-04,1,2,2.9e-08,1.0e+00,1.0e-03,1.0e+00,1.0e-03,2.9e-02,global-SLPR%DSP,CASSLprsdSPLHF,CASSLPRSDSPLHF,TRBV5-6,TRBJ1-6,CVVTGGGNKLTF,Donor AJD3280:LP TCRab CD4 TRM,1.000000,-,-,-,-,-,-,-,-,-,-,-
48,SLPR%DSP,2.9e-04,1,2,2.9e-08,1.0e+00,1.0e-03,1.0e+00,1.0e-03,2.9e-02,global-SLPR%DSP,CASSLprtdSPLHF,CASSLPRTDSPLHF,TRBV5-6,TRBJ1-6,CVVLAAGNKLTF,Donor AJD3280:LP TCRab CD4 TRM,1.000000,-,-,-,-,-,-,-,-,-,-,-

49,S%GTVNI,2.9e-04,2,2,3.6e-06,1.0e+00,1.2e-01,1.0e+00,1.0e-03,2.9e-02,global-S%GTVNI,CASSSGTvNIQYF,CASSSGTVNIQYF,TRBV28,TRBJ2-4,CAVRVNTGGFKTIF,Donor AJD3280:IEL TCRab CD4 FOXP3+ Treg,1.000000,-,-,-,-,-,-,-,-,-,-,-
49,S%GTVNI,2.9e-04,2,2,3.6e-06,1.0e+00,1.2e-01,1.0e+00,1.0e-03,2.9e-02,global-S%GTVNI,CASSTGtvNIQYF,CASSTGTVNIQYF,TRBV6-6,TRBJ2-4,CAGQLEGSSNTGKLIF,Donor AJKQ118:L TCRab CD4 TRM,1.000000,-,-,-,-,-,-,-,-,-,-,-
49,S%GTVNI,2.9e-04,2,2,3.6e-06,1.0e+00,1.2e-01,1.0e+00,1.0e-03,2.9e-02,global-S%GTVNI,CASSTGtvNIQYF,CASSTGTVNIQYF,TRBV6-6,TRBJ2-4,CAGQLEGSSNTGKLIF,Donor AJKQ118:LP TCRab CD4 TRM,1.000000,-,-,-,-,-,-,-,-,-,-,-

50,%DFPE,2.9e-04,2,2,5.8e-11,1.0e+00,1.0e-03,2.0e-03,1.0e-03,2.9e-02,global-%DFPE,CSApdfpEAFF,CSAPDFPEAFF,TRBV20-1,TRBJ1-1,CAGPPAYSGAGSYQLTF,Donor AJG2309:LP TCRab CD4 Poised TCM,1.000000,-,-,-,-,-,-,-,-,-,-,-
50,%DFPE,2.9e-04,2,2,5.8e-11,1.0e+00,1.0e-03,2.0e-03,1.0e-03,2.9e-02,global-%DFPE,CSARdfpEQFF,CSARDFPEQFF,TRBV20-1,TRBJ2-1,CALSEAGTGNQFYF,Donor AJKQ118:L TCRab CD4 TRM,11.000000,-,-,-,-,-,-,-,-,-,-,-

51,STGT%KNI,2.9e-04,2,2,2.0e-06,1.0e+00,7.0e-02,1.0e+00,1.0e-03,2.9e-02,global-STGT%KNI,CASSTGteKNIQYF,CASSTGTEKNIQYF,TRBV7-2,TRBJ2-4,CAVEGSSNTGKLIF,Donor AJD3280:PB TCRab CD4 Naive/TCM,1.000000,-,-,-,-,-,-,-,-,-,-,-
51,STGT%KNI,2.9e-04,2,2,2.0e-06,1.0e+00,7.0e-02,1.0e+00,1.0e-03,2.9e-02,global-STGT%KNI,CASStGTSKNIQYF,CASSTGTSKNIQYF,TRBV28,TRBJ2-4,CALCHTGNQFYF,Donor AJG2309:PB TCRab CD4 Naive/TCM,1.000000,-,-,-,-,-,-,-,-,-,-,-

52,SLAFG%GQET,2.9e-04,1,2,2.9e-08,1.0e+00,1.0e-03,1.0e+00,1.0e-03,2.9e-02,global-SLAFG%GQET,CASSLafGQGQETQYF,CASSLAFGQGQETQYF,TRBV7-2,TRBJ2-5,CAVGNSGGSNYKLTF,Donor AJD3280:L TCRab CD4 TRM,1.000000,-,-,-,-,-,-,-,-,-,-,-
52,SLAFG%GQET,2.9e-04,1,2,2.9e-08,1.0e+00,1.0e-03,1.0e+00,1.0e-03,2.9e-02,global-SLAFG%GQET,CASSLafgAGQETQYF,CASSLAFGAGQETQYF,TRBV7-2,TRBJ2-5,CVVTPSGNTPLVF,Donor AJD3280:PB TCRab CD4 Naive/TCM,1.000000,-,-,-,-,-,-,-,-,-,-,-

53,SEV%AYE,2.9e-04,2,2,1.8e-06,1.0e+00,6.2e-02,1.0e+00,1.0e-03,2.9e-02,global-SEV%AYE,CASSEvgaYEQYF,CASSEVGAYEQYF,TRBV2,TRBJ2-7,CALRSGSARQLTF,Donor AJG2309:LP TCRab CD4 Poised TCM,1.000000,-,-,-,-,-,-,-,-,-,-,-
53,SEV%AYE,2.9e-04,2,2,1.8e-06,1.0e+00,6.2e-02,1.0e+00,1.0e-03,2.9e-02,global-SEV%AYE,CSASevvaYEQYF,CSASEVVAYEQYF,TRBV20-1,TRBJ2-7,CAVRPLGGSEKLVF,Donor AJD3280:LP TCRab CD4 FOXP3+ Treg,1.000000,-,-,-,-,-,-,-,-,-,-,-

54,SAG%GVYNE,2.9e-04,2,2,2.1e-06,1.0e+00,7.2e-02,1.0e+00,1.0e-03,2.9e-02,global-SAG%GVYNE,CASSaGQGvYNEQFF,CASSAGQGVYNEQFF,TRBV28,TRBJ2-1,CAYRRIYGGATNKLIF,Donor AJKQ118:PB TCRab CD4 Naive/TCM,1.000000,-,-,-,-,-,-,-,-,-,-,-
54,SAG%GVYNE,2.9e-04,2,2,2.1e-06,1.0e+00,7.2e-02,1.0e+00,1.0e-03,2.9e-02,global-SAG%GVYNE,CASSaGTGvYNEQFF,CASSAGTGVYNEQFF,TRBV5-1,TRBJ2-1,CAMSADGVQGAQKLVF,Donor AJD3280:PB TCRab CD4 Naive/TCM,1.000000,-,-,-,-,-,-,-,-,-,-,-

55,SQGPT%YG,2.9e-04,2,2,1.7e-06,1.0e+00,6.0e-02,1.0e+00,1.0e-03,2.9e-02,global-SQGPT%YG,CASSQgptNYGYTF,CASSQGPTNYGYTF,TRBV19,TRBJ1-2,CAVDTGGFKTIF,Donor AJD3280:L TCRab CD4 Naive/TCM,1.000000,-,-,-,-,-,-,-,-,-,-,-
55,SQGPT%YG,2.9e-04,2,2,1.7e-06,1.0e+00,6.0e-02,1.0e+00,1.0e-03,2.9e-02,global-SQGPT%YG,CASSQgptdYGYTF,CASSQGPTDYGYTF,TRBV4-3,TRBJ1-2,CGINYGQNFVF,Donor AJG2309:LP TCRab CD4 Naive/TCM,1.000000,-,-,-,-,-,-,-,-,-,-,-

56,SY%GPEGE,2.9e-04,2,2,2.9e-08,1.0e+00,1.0e-03,1.0e+00,1.0e-03,2.9e-02,global-SY%GPEGE,CASSYTGpegEQYF,CASSYTGPEGEQYF,TRBV6-2,TRBJ2-7,CAGFYQTGANNLFF,Donor AJD3280:PB TCRab CD4 Naive/TCM,1.000000,-,-,-,-,-,-,-,-,-,-,-
56,SY%GPEGE,2.9e-04,2,2,2.9e-08,1.0e+00,1.0e-03,1.0e+00,1.0e-03,2.9e-02,global-SY%GPEGE,CASSYSGpegEQYF,CASSYSGPEGEQYF,TRBV6-2,TRBJ2-7,CAVSPPGGYQKVTF,Donor AJG2309:LP TCRab CD4 FOXP3+ Treg,1.000000,-,-,-,-,-,-,-,-,-,-,-

57,S%GGTGGRET,2.9e-04,2,2,2.1e-06,1.0e+00,7.3e-02,1.0e+00,1.0e-03,2.9e-02,global-S%GGTGGRET,CASSLgGTGGrETQYF,CASSLGGTGGRETQYF,TRBV7-9,TRBJ2-5,CAEINQAGTALIF,Donor AJD3280:LP TCRab CD4 TRM,1.000000,-,-,-,-,-,-,-,-,-,-,-
57,S%GGTGGRET,2.9e-04,2,2,2.1e-06,1.0e+00,7.3e-02,1.0e+00,1.0e-03,2.9e-02,global-S%GGTGGRET,CASSPgGTGGrETQYF,CASSPGGTGGRETQYF,TRBV4-2,TRBJ2-5,CAVDNTDKLIF,Donor AJKQ118:PB TCRab CD4 Naive/TCM,1.000000,-,-,-,-,-,-,-,-,-,-,-

58,S%RGSGGTDT,2.9e-04,1,2,1.8e-07,1.0e+00,5.3e-02,1.2e-01,1.0e-03,2.9e-02,global-S%RGSGGTDT,CASSRrgSGGTDTQYF,CASSRRGSGGTDTQYF,TRBV6-5,TRBJ2-3,CAIIGFGNVLHC,Donor AJD3280:LP TCRab CD4 TRM,2.000000,-,-,-,-,-,-,-,-,-,-,-
58,S%RGSGGTDT,2.9e-04,1,2,1.8e-07,1.0e+00,5.3e-02,1.2e-01,1.0e-03,2.9e-02,global-S%RGSGGTDT,CASSPrgSGGTDTQYF,CASSPRGSGGTDTQYF,TRBV4-3,TRBJ2-3,CLVGPYQTGANNLFF,Donor AJD3280:LP TCRab CD4 TRM,1.000000,-,-,-,-,-,-,-,-,-,-,-

59,SWGGS%,2.9e-04,1,2,2.1e-07,1.0e+00,1.2e-01,5.8e-02,1.0e-03,2.9e-02,global-SWGGS%,CASSwGGsEAFF,CASSWGGSEAFF,TRBV7-2,TRBJ1-1,CAVSDAGSNYQLIW,Donor AJG2309:LP TCRab CD4 Mobile TRM,2.000000,-,-,-,-,-,-,-,-,-,-,-
59,SWGGS%,2.9e-04,1,2,2.1e-07,1.0e+00,1.2e-01,5.8e-02,1.0e-03,2.9e-02,global-SWGGS%,CASSwGGsEAFF,CASSWGGSEAFF,TRBV7-2,TRBJ1-1,CAVSDAGSNYQLIW,Donor AJG2309:LP TCRab CD4 TRM,1.000000,-,-,-,-,-,-,-,-,-,-,-
59,SWGGS%,2.9e-04,1,2,2.1e-07,1.0e+00,1.2e-01,5.8e-02,1.0e-03,2.9e-02,global-SWGGS%,CASSwGGSPLHF,CASSWGGSPLHF,TRBV25-1,TRBJ1-6,CAVGEDNYGQNFVF,Donor AJG2309:LP TCRab CD4 TRM,2.000000,-,-,-,-,-,-,-,-,-,-,-

60,SYP%GAG,2.9e-04,2,2,2.1e-06,1.0e+00,7.3e-02,1.0e+00,1.0e-03,2.9e-02,global-SYP%GAG,CASSYpQGaGYTF,CASSYPQGAGYTF,TRBV11-2,TRBJ1-2,CAVNPPNNNARLMF,Donor AJD3280:IEL TCRab CD4 TRM,1.000000,-,-,-,-,-,-,-,-,-,-,-
60,SYP%GAG,2.9e-04,2,2,2.1e-06,1.0e+00,7.3e-02,1.0e+00,1.0e-03,2.9e-02,global-SYP%GAG,CASSYpGGagQYF,CASSYPGGAGQYF,TRBV12-3,TRBJ2-5,CAYRTLYTGTASKLTF,Donor AJKQ118:PB TCRab CD4 Naive/TCM,1.000000,-,-,-,-,-,-,-,-,-,-,-

61,SV%GMGTE,2.9e-04,1,2,2.9e-08,1.0e+00,1.0e-03,1.0e+00,1.0e-03,2.9e-02,global-SV%GMGTE,CASSVTGmgTEAFF,CASSVTGMGTEAFF,TRBV11-2,TRBJ1-1,CAPRPADGLTF,Donor AJKQ118:IEL TCRab CD4 TRM,1.000000,-,-,-,-,-,-,-,-,-,-,-
61,SV%GMGTE,2.9e-04,1,2,2.9e-08,1.0e+00,1.0e-03,1.0e+00,1.0e-03,2.9e-02,global-SV%GMGTE,CASSVTGmgTEAFF,CASSVTGMGTEAFF,TRBV11-2,TRBJ1-1,CAPRPADGLTF,Donor AJKQ118:LP TCRab CD4 TRM,1.000000,-,-,-,-,-,-,-,-,-,-,-
61,SV%GMGTE,2.9e-04,1,2,2.9e-08,1.0e+00,1.0e-03,1.0e+00,1.0e-03,2.9e-02,global-SV%GMGTE,CASSVlgmgTEAFF,CASSVLGMGTEAFF,TRBV11-2,TRBJ1-1,CAGRATNKLIF,Donor AJKQ118:LP TCRab CD4 TRM,1.000000,-,-,-,-,-,-,-,-,-,-,-

62,S%FGGNTGE,2.9e-04,2,2,1.9e-06,1.0e+00,6.6e-02,1.0e+00,1.0e-03,2.9e-02,global-S%FGGNTGE,CASSVfGGNTGELFF,CASSVFGGNTGELFF,TRBV9,TRBJ2-2,CAASPPAGTASKLTF,Donor AJG2309:PB TCRab CD4 Naive/TCM,1.000000,-,-,-,-,-,-,-,-,-,-,-
62,S%FGGNTGE,2.9e-04,2,2,1.9e-06,1.0e+00,6.6e-02,1.0e+00,1.0e-03,2.9e-02,global-S%FGGNTGE,CASSQfGGNTGELFF,CASSQFGGNTGELFF,TRBV3-1,TRBJ2-2,CAVELDTDKLIF,Donor AJD3280:L TCRab CD4 TRM,1.000000,-,-,-,-,-,-,-,-,-,-,-

63,SRRD%NTE,2.9e-04,2,2,4.9e-07,1.0e+00,1.7e-02,1.0e+00,1.0e-03,2.9e-02,global-SRRD%NTE,CASSRrdvNTEAFF,CASSRRDVNTEAFF,TRBV6-2,TRBJ1-1,CAVSNFGNEKLTF,Donor AJD3280:IEL TCRab CD4 FOXP3+ Treg,1.000000,-,-,-,-,-,-,-,-,-,-,-
63,SRRD%NTE,2.9e-04,2,2,4.9e-07,1.0e+00,1.7e-02,1.0e+00,1.0e-03,2.9e-02,global-SRRD%NTE,CASSRrdvNTEAFF,CASSRRDVNTEAFF,TRBV6-2,TRBJ1-1,CAVSNFGNEKLTF,Donor AJD3280:LP TCRab CD4 Poised TCM,1.000000,-,-,-,-,-,-,-,-,-,-,-
63,SRRD%NTE,2.9e-04,2,2,4.9e-07,1.0e+00,1.7e-02,1.0e+00,1.0e-03,2.9e-02,global-SRRD%NTE,CASSRrdvNTEAFF,CASSRRDVNTEAFF,TRBV6-2,TRBJ1-1,CAVSNFGNEKLTF,Donor AJD3280:LP TCRab CD4 Tph,1.000000,-,-,-,-,-,-,-,-,-,-,-
63,SRRD%NTE,2.9e-04,2,2,4.9e-07,1.0e+00,1.7e-02,1.0e+00,1.0e-03,2.9e-02,global-SRRD%NTE,CASSRrdaNTEAFF,CASSRRDANTEAFF,TRBV5-4,TRBJ1-1,CAENITNDMRF,Donor AJG2309:LP TCRab CD4 TRM,1.000000,-,-,-,-,-,-,-,-,-,-,-

64,SLVFGQG%YE,2.9e-04,1,2,6.4e-09,1.0e+00,1.0e-03,2.2e-01,1.0e-03,2.9e-02,global-SLVFGQG%YE,CASSLvfGQGvYEQYF,CASSLVFGQGVYEQYF,TRBV11-2,TRBJ2-7,CAMTRGRNAGNMLTF,Donor AJKQ118:LP TCRab CD4 TRM,1.000000,-,-,-,-,-,-,-,-,-,-,-
64,SLVFGQG%YE,2.9e-04,1,2,6.4e-09,1.0e+00,1.0e-03,2.2e-01,1.0e-03,2.9e-02,global-SLVFGQG%YE,CASSLvfGQGlYEQYF,CASSLVFGQGLYEQYF,TRBV11-2,TRBJ2-7,CAMKNTDKLIF,Donor AJKQ118:IEL TCRab CD4 Mobile TRM,2.000000,-,-,-,-,-,-,-,-,-,-,-
64,SLVFGQG%YE,2.9e-04,1,2,6.4e-09,1.0e+00,1.0e-03,2.2e-01,1.0e-03,2.9e-02,global-SLVFGQG%YE,CASSLvfGQGlYEQYF,CASSLVFGQGLYEQYF,TRBV11-2,TRBJ2-7,CAMKNTDKLIF,Donor AJKQ118:IEL TCRab CD4 TRM,1.000000,-,-,-,-,-,-,-,-,-,-,-
64,SLVFGQG%YE,2.9e-04,1,2,6.4e-09,1.0e+00,1.0e-03,2.2e-01,1.0e-03,2.9e-02,global-SLVFGQG%YE,CASSLvfGQGlYEQYF,CASSLVFGQGLYEQYF,TRBV11-2,TRBJ2-7,CAMKNTDKLIF,Donor AJKQ118:LP TCRab CD4 TRM,1.000000,-,-,-,-,-,-,-,-,-,-,-

65,S%WTGGDYG,2.9e-04,1,2,2.9e-08,1.0e+00,1.0e-03,1.0e+00,1.0e-03,2.9e-02,global-S%WTGGDYG,CASSawTGGdYGYTF,CASSAWTGGDYGYTF,TRBV9,TRBJ1-2,CAVNTGRRALTF,Donor AJG2309:LP TCRab CD4 TRM,1.000000,-,-,-,-,-,-,-,-,-,-,-
65,S%WTGGDYG,2.9e-04,1,2,2.9e-08,1.0e+00,1.0e-03,1.0e+00,1.0e-03,2.9e-02,global-S%WTGGDYG,CASStwTGGdYGYTF,CASSTWTGGDYGYTF,TRBV9,TRBJ1-2,CAVNAGRRALTF,Donor AJG2309:PB TCRab CD4 Naive/TCM,1.000000,-,-,-,-,-,-,-,-,-,-,-

66,S%QEGG,2.9e-04,2,2,1.7e-06,1.0e+00,5.9e-02,1.0e+00,1.0e-03,2.9e-02,global-S%QEGG,CASSYqegGYTF,CASSYQEGGYTF,TRBV6-2,TRBJ1-2,CVVENTGFQKLVF,Donor AJG2309:PB TCRab CD4 Naive/TCM,1.000000,-,-,-,-,-,-,-,-,-,-,-
66,S%QEGG,2.9e-04,2,2,1.7e-06,1.0e+00,5.9e-02,1.0e+00,1.0e-03,2.9e-02,global-S%QEGG,CASShqegGYTF,CASSHQEGGYTF,TRBV3-1,TRBJ1-2,CAVNYNDMRF,Donor AJKQ118:LP TCRab CD4 TRM,1.000000,-,-,-,-,-,-,-,-,-,-,-

67,SEKG%SGNT,2.9e-04,1,2,1.8e-07,1.0e+00,5.8e-02,1.1e-01,1.0e-03,2.9e-02,global-SEKG%SGNT,CASSEkgdSGNTIYF,CASSEKGDSGNTIYF,TRBV6-1,TRBJ1-3,CAVVSWGKLQF,Donor AJKQ118:L TCRab CD4 TRM,2.000000,-,-,-,-,-,-,-,-,-,-,-
67,SEKG%SGNT,2.9e-04,1,2,1.8e-07,1.0e+00,5.8e-02,1.1e-01,1.0e-03,2.9e-02,global-SEKG%SGNT,CAWSekGLSGNTIYF,CAWSEKGLSGNTIYF,TRBV30,TRBJ1-3,CAYKGFGNVLHC,Donor AJKQ118:LP TCRab CD4 TRM,1.000000,-,-,-,-,-,-,-,-,-,-,-

68,SLDR%GGYNE,2.9e-04,2,2,1.8e-06,1.0e+00,6.1e-02,1.0e+00,1.0e-03,2.9e-02,global-SLDR%GGYNE,CASSLDRGggYNEQFF,CASSLDRGGGYNEQFF,TRBV7-2,TRBJ2-1,CAVSESHGQNFVF,Donor AJD3280:L TCRab CD4 TRM,1.000000,-,-,-,-,-,-,-,-,-,-,-
68,SLDR%GGYNE,2.9e-04,2,2,1.8e-06,1.0e+00,6.1e-02,1.0e+00,1.0e-03,2.9e-02,global-SLDR%GGYNE,CASSLdrAGGYNEQFF,CASSLDRAGGYNEQFF,TRBV7-9,TRBJ2-1,CAMRVNMDSNYQLIW,Donor AJKQ118:PB TCRab CD4 Naive/TCM,1.000000,-,-,-,-,-,-,-,-,-,-,-

69,SLWQGN%,2.9e-04,1,2,2.0e-06,1.0e+00,6.9e-02,1.0e+00,1.0e-03,2.9e-02,global-SLWQGN%,CASSLwQGnEQYF,CASSLWQGNEQYF,TRBV12-3,TRBJ2-7,CAENRGDSSYKLIF,Donor AJG2309:LP TCRab CD4 TRM,1.000000,-,-,-,-,-,-,-,-,-,-,-
69,SLWQGN%,2.9e-04,1,2,2.0e-06,1.0e+00,6.9e-02,1.0e+00,1.0e-03,2.9e-02,global-SLWQGN%,CASSLwQGnGYTF,CASSLWQGNGYTF,TRBV5-6,TRBJ1-2,CAFEFGRGADGLTF,Donor AJG2309:PB TCRab CD4 FOXP3+ Treg,1.000000,-,-,-,-,-,-,-,-,-,-,-

70,SPG%AYYG,2.9e-04,1,2,2.9e-08,1.0e+00,1.0e-03,1.0e+00,1.0e-03,2.9e-02,global-SPG%AYYG,CASSPGQayYGYTF,CASSPGQAYYGYTF,TRBV18,TRBJ1-2,CVVSDTGGFKTIF,Donor AJKQ118:PB TCRab CD4 Naive/TCM,1.000000,-,-,-,-,-,-,-,-,-,-,-
70,SPG%AYYG,2.9e-04,1,2,2.9e-08,1.0e+00,1.0e-03,1.0e+00,1.0e-03,2.9e-02,global-SPG%AYYG,CASSPGTayYGYTF,CASSPGTAYYGYTF,TRBV18,TRBJ1-2,CAYGANSKLTF,Donor AJKQ118:PB TCRab CD4 Naive/TCM,1.000000,-,-,-,-,-,-,-,-,-,-,-

71,SQ%TGVGNT,2.9e-04,2,2,1.8e-06,1.0e+00,6.1e-02,1.0e+00,1.0e-03,2.9e-02,global-SQ%TGVGNT,CASSQfTGvGNTIYF,CASSQFTGVGNTIYF,TRBV3-1,TRBJ1-3,CVVNMMGNTPLVF,Donor AJG2309:PB TCRab CD4 Naive/TCM,1.000000,-,-,-,-,-,-,-,-,-,-,-
71,SQ%TGVGNT,2.9e-04,2,2,1.8e-06,1.0e+00,6.1e-02,1.0e+00,1.0e-03,2.9e-02,global-SQ%TGVGNT,CASSQGTGvGNTIYF,CASSQGTGVGNTIYF,TRBV6-6,TRBJ1-3,CAVDTGGFKTIF,Donor AJD3280:L TCRab CD4 TRM,1.000000,-,-,-,-,-,-,-,-,-,-,-

72,SLSPGTS%TGE,2.9e-04,2,2,3.4e-06,1.0e+00,1.2e-01,1.0e+00,1.0e-03,2.9e-02,global-SLSPGTS%TGE,CASSLspGTSvTGELFF,CASSLSPGTSVTGELFF,TRBV5-5,TRBJ2-2,CAVGAVTLEYGNKLVF,Donor AJD3280:IEL TCRab CD4 Mobile TRM,1.000000,-,-,-,-,-,-,-,-,-,-,-
72,SLSPGTS%TGE,2.9e-04,2,2,3.4e-06,1.0e+00,1.2e-01,1.0e+00,1.0e-03,2.9e-02,global-SLSPGTS%TGE,CASSLspGTSvTGELFF,CASSLSPGTSVTGELFF,TRBV5-5,TRBJ2-2,CAVGAVTLEYGNKLVF,Donor AJD3280:LP TCRab CD4 Poised TCM,1.000000,-,-,-,-,-,-,-,-,-,-,-
72,SLSPGTS%TGE,2.9e-04,2,2,3.4e-06,1.0e+00,1.2e-01,1.0e+00,1.0e-03,2.9e-02,global-SLSPGTS%TGE,CASSLspGTSpTGELFF,CASSLSPGTSPTGELFF,TRBV5-1,TRBJ2-2,CILKAGGNQFYF,Donor AJKQ118:PB TCRab CD4 Naive/TCM,1.000000,-,-,-,-,-,-,-,-,-,-,-

73,RDFP%,2.9e-04,1,2,2.1e-09,1.0e+00,7.2e-02,1.0e-03,1.0e-03,2.9e-02,global-RDFP%,CSARdfpEQFF,CSARDFPEQFF,TRBV20-1,TRBJ2-1,CALSEAGTGNQFYF,Donor AJKQ118:L TCRab CD4 TRM,11.000000,-,-,-,-,-,-,-,-,-,-,-
73,RDFP%,2.9e-04,1,2,2.1e-09,1.0e+00,7.2e-02,1.0e-03,1.0e-03,2.9e-02,global-RDFP%,CSARdfpGYTF,CSARDFPGYTF,TRBV29-1,TRBJ1-2,CILNTGANSKLTF,Donor AJKQ118:PB TCRab CD4 Naive/TCM,1.000000,-,-,-,-,-,-,-,-,-,-,-

74,%ELAGGYNE,2.9e-04,2,2,2.1e-06,1.0e+00,7.1e-02,1.0e+00,1.0e-03,2.9e-02,global-%ELAGGYNE,CASSELAGGYNEQFF,CASSELAGGYNEQFF,TRBV6-1,TRBJ2-1,CAVMDSSYKLIF,Donor AJD3280:L TCRab CD4 TRM,1.000000,-,-,-,-,-,-,-,-,-,-,-
74,%ELAGGYNE,2.9e-04,2,2,2.1e-06,1.0e+00,7.1e-02,1.0e+00,1.0e-03,2.9e-02,global-%ELAGGYNE,CSAaeLAGGYNEQFF,CSAAELAGGYNEQFF,TRBV20-1,TRBJ2-1,CATGGLTDSWGKLQF,Donor AJKQ118:L TCRab CD4 TRM,1.000000,-,-,-,-,-,-,-,-,-,-,-

75,SSG%RGRTE,2.9e-04,2,2,2.9e-08,1.0e+00,1.0e-03,1.0e+00,1.0e-03,2.9e-02,global-SSG%RGRTE,CASSSggRGrTEAFF,CASSSGGRGRTEAFF,TRBV7-9,TRBJ1-1,CAGVEAMTTDSWGKLQF,Donor AJG2309:LP TCRab CD4 TRM,1.000000,-,-,-,-,-,-,-,-,-,-,-
75,SSG%RGRTE,2.9e-04,2,2,2.9e-08,1.0e+00,1.0e-03,1.0e+00,1.0e-03,2.9e-02,global-SSG%RGRTE,CASSSgDRGrTEAFF,CASSSGDRGRTEAFF,TRBV7-9,TRBJ1-1,CAVSRYSSNTGKLIF,Donor AJKQ118:PB TCRab CD4 Naive/TCM,1.000000,-,-,-,-,-,-,-,-,-,-,-

76,SQDWA%GTDT,2.9e-04,2,2,1.6e-06,1.0e+00,5.4e-02,1.0e+00,1.0e-03,2.9e-02,global-SQDWA%GTDT,CASSQdwaRGTDTQYF,CASSQDWARGTDTQYF,TRBV4-3,TRBJ2-3,CAVSGSSNTGKLIF,Donor AJG2309:LP TCRab CD4 TRM,1.000000,-,-,-,-,-,-,-,-,-,-,-
76,SQDWA%GTDT,2.9e-04,2,2,1.6e-06,1.0e+00,5.4e-02,1.0e+00,1.0e-03,2.9e-02,global-SQDWA%GTDT,CASSQdwaSGTDTQYF,CASSQDWASGTDTQYF,TRBV4-2,TRBJ2-3,CVVNSGEYSTLTF,Donor AJD3280:L TCRab CD4 TRM,1.000000,-,-,-,-,-,-,-,-,-,-,-

77,SYPQG%G,2.9e-04,2,2,1.8e-06,1.0e+00,6.3e-02,1.0e+00,1.0e-03,2.9e-02,global-SYPQG%G,CASSYpQGYGYTF,CASSYPQGYGYTF,TRBV6-6,TRBJ1-2,CLVGDELGSGNTGKLIF,Donor AJKQ118:PB TCRab CD4 FOXP3+ Treg,1.000000,-,-,-,-,-,-,-,-,-,-,-
77,SYPQG%G,2.9e-04,2,2,1.8e-06,1.0e+00,6.3e-02,1.0e+00,1.0e-03,2.9e-02,global-SYPQG%G,CASSYpQGaGYTF,CASSYPQGAGYTF,TRBV11-2,TRBJ1-2,CAVNPPNNNARLMF,Donor AJD3280:IEL TCRab CD4 TRM,1.000000,-,-,-,-,-,-,-,-,-,-,-

78,SQ%GGGP,2.9e-04,1,2,2.2e-06,1.0e+00,7.4e-02,1.0e+00,1.0e-03,2.9e-02,global-SQ%GGGP,CASSQiGGgPQHF,CASSQIGGGPQHF,TRBV7-2,TRBJ1-5,CALGNRDDKIIF,Donor AJKQ118:LP TCRab CD4 TRM,1.000000,-,-,-,-,-,-,-,-,-,-,-
78,SQ%GGGP,2.9e-04,1,2,2.2e-06,1.0e+00,7.4e-02,1.0e+00,1.0e-03,2.9e-02,global-SQ%GGGP,CASSQeGGgpQYF,CASSQEGGGPQYF,TRBV3-1,TRBJ2-3,CAGPYDYKLSF,Donor AJKQ118:PB TCRab CD4 Naive/TCM,1.000000,-,-,-,-,-,-,-,-,-,-,-

79,%RDSRNE,2.9e-04,2,2,1.7e-06,1.0e+00,5.8e-02,1.0e+00,1.0e-03,2.9e-02,global-%RDSRNE,CATSRdsrNEQFF,CATSRDSRNEQFF,TRBV15,TRBJ2-1,CAVRDGGDDYKLSF,Donor AJG2309:PB TCRab CD4 Naive/TCM,1.000000,-,-,-,-,-,-,-,-,-,-,-
79,%RDSRNE,2.9e-04,2,2,1.7e-06,1.0e+00,5.8e-02,1.0e+00,1.0e-03,2.9e-02,global-%RDSRNE,CASrrdsrNEQFF,CASRRDSRNEQFF,TRBV6-1,TRBJ2-1,CAVMGPTGNQFYF,Donor AJKQ118:PB TCRab CD4 Naive/TCM,1.000000,-,-,-,-,-,-,-,-,-,-,-

80,SL%PIYE,2.9e-04,1,2,1.8e-06,1.0e+00,6.3e-02,1.0e+00,1.0e-03,2.9e-02,global-SL%PIYE,CASSLtpiyEQFF,CASSLTPIYEQFF,TRBV5-8,TRBJ2-1,CVVKGDSSASKIIF,Donor AJG2309:PB TCRab CD4 FOXP3+ Treg,1.000000,-,-,-,-,-,-,-,-,-,-,-
80,SL%PIYE,2.9e-04,1,2,1.8e-06,1.0e+00,6.3e-02,1.0e+00,1.0e-03,2.9e-02,global-SL%PIYE,CASSLgpiYEQYF,CASSLGPIYEQYF,TRBV28,TRBJ2-7,CATSPNFNKFYF,Donor AJG2309:PB TCRab CD4 Naive/TCM,1.000000,-,-,-,-,-,-,-,-,-,-,-

81,SMG%SSYNSP,2.9e-04,2,2,3.3e-09,1.0e+00,1.0e-03,1.1e-01,1.0e-03,2.9e-02,global-SMG%SSYNSP,CASSmgvsSYNSPLHF,CASSMGVSSYNSPLHF,TRBV19,TRBJ1-6,CALRPYGNNRLAF,Donor AJG2309:PB TCRab CD4 Naive/TCM,2.000000,-,-,-,-,-,-,-,-,-,-,-
81,SMG%SSYNSP,2.9e-04,2,2,3.3e-09,1.0e+00,1.0e-03,1.1e-01,1.0e-03,2.9e-02,global-SMG%SSYNSP,CASSmGGsSYNSPLHF,CASSMGGSSYNSPLHF,TRBV19,TRBJ1-6,CVVNRGAGNNRKLIW,Donor AJD3280:PB TCRab CD4 Naive/TCM,1.000000,-,-,-,-,-,-,-,-,-,-,-

82,SQDGAG%SYE,2.9e-04,2,2,2.9e-08,1.0e+00,1.0e-03,1.0e+00,1.0e-03,2.9e-02,global-SQDGAG%SYE,CASSQdgAGvSYEQYF,CASSQDGAGVSYEQYF,TRBV4-2,TRBJ2-7,CAENRGQGGSEKLVF,Donor AJG2309:L TCRab CD4 TRM,1.000000,-,-,-,-,-,-,-,-,-,-,-
82,SQDGAG%SYE,2.9e-04,2,2,2.9e-08,1.0e+00,1.0e-03,1.0e+00,1.0e-03,2.9e-02,global-SQDGAG%SYE,CASSQdgAGGSYEQYF,CASSQDGAGGSYEQYF,TRBV4-2,TRBJ2-7,CAVMSGNTGKLIF,Donor AJD3280:LP TCRab CD4 TRM,1.000000,-,-,-,-,-,-,-,-,-,-,-

83,SRG%RDT,2.9e-04,1,2,2.1e-06,1.0e+00,7.3e-02,1.0e+00,1.0e-03,2.9e-02,global-SRG%RDT,CASSRgGRDTQYF,CASSRGGRDTQYF,TRBV11-3,TRBJ2-3,CAALSGTYKYIF,Donor AJD3280:IEL TCRab CD4 TRM,1.000000,-,-,-,-,-,-,-,-,-,-,-
83,SRG%RDT,2.9e-04,1,2,2.1e-06,1.0e+00,7.3e-02,1.0e+00,1.0e-03,2.9e-02,global-SRG%RDT,CASSRgnrDTQYF,CASSRGNRDTQYF,TRBV7-2,TRBJ2-3,CAYRSAAGKLIF,Donor AJD3280:L TCRab CD4 Naive/TCM,1.000000,-,-,-,-,-,-,-,-,-,-,-

84,SWGTGA%E,2.9e-04,2,2,1.9e-06,1.0e+00,6.5e-02,1.0e+00,1.0e-03,2.9e-02,global-SWGTGA%E,CASSwGTGaNEQFF,CASSWGTGANEQFF,TRBV27,TRBJ2-1,CLVGGPNAGNMLTF,Donor AJG2309:PB TCRab CD4 FOXP3+ Treg,1.000000,-,-,-,-,-,-,-,-,-,-,-
84,SWGTGA%E,2.9e-04,2,2,1.9e-06,1.0e+00,6.5e-02,1.0e+00,1.0e-03,2.9e-02,global-SWGTGA%E,CASSwGTGaYEQYF,CASSWGTGAYEQYF,TRBV12-3,TRBJ2-7,CAAASGGGADGLTF,Donor AJKQ118:PB TCRab CD4 Naive/TCM,1.000000,-,-,-,-,-,-,-,-,-,-,-

85,SER%STE,2.9e-04,2,2,1.7e-06,1.0e+00,6.0e-02,1.0e+00,1.0e-03,2.9e-02,global-SER%STE,CAISERGsTEAFF,CAISERGSTEAFF,TRBV10-3,TRBJ1-1,CAYRANAGGTSYGKLTF,Donor AJG2309:PB TCRab CD4 Naive/TCM,1.000000,-,-,-,-,-,-,-,-,-,-,-
85,SER%STE,2.9e-04,2,2,1.7e-06,1.0e+00,6.0e-02,1.0e+00,1.0e-03,2.9e-02,global-SER%STE,CASSErpsTEAFF,CASSERPSTEAFF,TRBV6-4,TRBJ1-1,CAVGGQGNTPLVF,Donor AJKQ118:PB TCRab CD4 Naive/TCM,1.000000,-,-,-,-,-,-,-,-,-,-,-

86,RS%GDEK,2.9e-04,2,2,2.3e-06,1.0e+00,7.9e-02,1.0e+00,1.0e-03,2.9e-02,global-RS%GDEK,CSVrsAGdEKLFF,CSVRSAGDEKLFF,TRBV29-1,TRBJ1-4,CALSVASGGSYIPTF,Donor AJG2309:PB TCRab CD4 Naive/TCM,1.000000,-,-,-,-,-,-,-,-,-,-,-
86,RS%GDEK,2.9e-04,2,2,2.3e-06,1.0e+00,7.9e-02,1.0e+00,1.0e-03,2.9e-02,global-RS%GDEK,CASrsSGdEKLFF,CASRSSGDEKLFF,TRBV6-2,TRBJ1-4,CIVKAGGTSYGKLTF,Donor AJKQ118:LP TCRab CD4 TRM,1.000000,-,-,-,-,-,-,-,-,-,-,-

87,SDGQGT%T,2.9e-04,1,2,2.4e-07,1.0e+00,6.0e-02,1.4e-01,1.0e-03,2.9e-02,global-SDGQGT%T,CATSDGQGTDTQYF,CATSDGQGTDTQYF,TRBV24-1,TRBJ2-3,CAYNPEYGNKLVF,Donor AJKQ118:PB TCRab CD4 FOXP3+ Treg,2.000000,-,-,-,-,-,-,-,-,-,-,-
87,SDGQGT%T,2.9e-04,1,2,2.4e-07,1.0e+00,6.0e-02,1.4e-01,1.0e-03,2.9e-02,global-SDGQGT%T,CASSDGQGtETQYF,CASSDGQGTETQYF,TRBV6-1,TRBJ2-5,CAVSDRGLTGGGNKLTF,Donor AJKQ118:PB TCRab CD4 Naive/TCM,1.000000,-,-,-,-,-,-,-,-,-,-,-

88,ST%TGSNSP,2.9e-04,1,2,2.9e-08,1.0e+00,1.0e-03,1.0e+00,1.0e-03,2.9e-02,global-ST%TGSNSP,CASStaTGsNSPLHF,CASSTATGSNSPLHF,TRBV19,TRBJ1-6,CAASNSGGGADGLTF,Donor AJD3280:L TCRab CD4 TRM,1.000000,-,-,-,-,-,-,-,-,-,-,-
88,ST%TGSNSP,2.9e-04,1,2,2.9e-08,1.0e+00,1.0e-03,1.0e+00,1.0e-03,2.9e-02,global-ST%TGSNSP,CASStGTGsNSPLHF,CASSTGTGSNSPLHF,TRBV19,TRBJ1-6,CAASSGSARQLTF,Donor AJD3280:PB TCRab CD4 Naive/TCM,1.000000,-,-,-,-,-,-,-,-,-,-,-

89,S%NRGKET,2.9e-04,1,2,2.9e-08,1.0e+00,1.0e-03,1.0e+00,1.0e-03,2.9e-02,global-S%NRGKET,CASSQnRGkETQYF,CASSQNRGKETQYF,TRBV7-2,TRBJ2-5,CALSLNTDKLIF,Donor AJG2309:LP TCRab CD4 Mobile TRM,1.000000,-,-,-,-,-,-,-,-,-,-,-
89,S%NRGKET,2.9e-04,1,2,2.9e-08,1.0e+00,1.0e-03,1.0e+00,1.0e-03,2.9e-02,global-S%NRGKET,CASSLnRGkETQYF,CASSLNRGKETQYF,TRBV7-2,TRBJ2-5,CALSMNTDKLIF,Donor AJG2309:LP TCRab CD4 Mobile TRM,1.000000,-,-,-,-,-,-,-,-,-,-,-

90,S%PTGGNTGE,2.9e-04,2,2,2.0e-06,1.0e+00,6.8e-02,1.0e+00,1.0e-03,2.9e-02,global-S%PTGGNTGE,CASSPpTGGNTGELFF,CASSPPTGGNTGELFF,TRBV18,TRBJ2-2,CPGKLIF,Donor AJKQ118:LP TCRab CD4 TRM,1.000000,-,-,-,-,-,-,-,-,-,-,-
90,S%PTGGNTGE,2.9e-04,2,2,2.0e-06,1.0e+00,6.8e-02,1.0e+00,1.0e-03,2.9e-02,global-S%PTGGNTGE,CASSKpTGGNTGELFF,CASSKPTGGNTGELFF,TRBV7-2,TRBJ2-2,CVFTGNQFYF,Donor AJD3280:IEL TCRab CD4 FOXP3+ Treg,1.000000,-,-,-,-,-,-,-,-,-,-,-

91,SE%RGYQET,2.9e-04,1,2,2.9e-08,1.0e+00,1.0e-03,1.0e+00,1.0e-03,2.9e-02,global-SE%RGYQET,CASSEaRGyQETQYF,CASSEARGYQETQYF,TRBV6-1,TRBJ2-5,CAVAGNTGKLIF,Donor AJD3280:L TCRab CD4 TRM,1.000000,-,-,-,-,-,-,-,-,-,-,-
91,SE%RGYQET,2.9e-04,1,2,2.9e-08,1.0e+00,1.0e-03,1.0e+00,1.0e-03,2.9e-02,global-SE%RGYQET,CASSEgRGyQETQYF,CASSEGRGYQETQYF,TRBV6-1,TRBJ2-5,CAVIKFGDMRF,Donor AJD3280:IEL TCRab CD4 TRM,1.000000,-,-,-,-,-,-,-,-,-,-,-

92,SPGLTN%E,2.9e-04,2,2,2.1e-06,1.0e+00,7.3e-02,1.0e+00,1.0e-03,2.9e-02,global-SPGLTN%E,CASSPGLtnNEQFF,CASSPGLTNNEQFF,TRBV18,TRBJ2-1,CAGAQGSTLGRLYF,Donor AJKQ118:PB TCRab CD4 FOXP3+ Treg,1.000000,-,-,-,-,-,-,-,-,-,-,-
92,SPGLTN%E,2.9e-04,2,2,2.1e-06,1.0e+00,7.3e-02,1.0e+00,1.0e-03,2.9e-02,global-SPGLTN%E,CASSPGLtNTEAFF,CASSPGLTNTEAFF,TRBV6-2,TRBJ1-1,CAASLGVDQGAQKLVF,Donor AJD3280:PB TCRab CD4 Naive/TCM,1.000000,-,-,-,-,-,-,-,-,-,-,-

93,SQG%VFTDT,2.9e-04,2,2,1.9e-06,1.0e+00,6.6e-02,1.0e+00,1.0e-03,2.9e-02,global-SQG%VFTDT,CASSQGLvfTDTQYF,CASSQGLVFTDTQYF,TRBV3-1,TRBJ2-3,CVVNILTGGGNKLTF,Donor AJD3280:PB TCRab CD4 Naive/TCM,1.000000,-,-,-,-,-,-,-,-,-,-,-
93,SQG%VFTDT,2.9e-04,2,2,1.9e-06,1.0e+00,6.6e-02,1.0e+00,1.0e-03,2.9e-02,global-SQG%VFTDT,CASSQGGvfTDTQYF,CASSQGGVFTDTQYF,TRBV4-3,TRBJ2-3,CAAADSGGSNYKLTF,Donor AJG2309:LP TCRab CD4 Poised TCM,1.000000,-,-,-,-,-,-,-,-,-,-,-

94,SP%GGDSP,2.9e-04,1,2,2.1e-07,1.0e+00,1.2e-01,6.0e-02,1.0e-03,2.9e-02,global-SP%GGDSP,CASSPQGgdSPLHF,CASSPQGGDSPLHF,TRBV5-6,TRBJ1-6,CAVLTTDSWGKFQF,Donor AJG2309:IEL TCRab CD4 TRM,1.000000,-,-,-,-,-,-,-,-,-,-,-
94,SP%GGDSP,2.9e-04,1,2,2.1e-07,1.0e+00,1.2e-01,6.0e-02,1.0e-03,2.9e-02,global-SP%GGDSP,CASSPTGGdSPLHF,CASSPTGGDSPLHF,TRBV25-1,TRBJ1-6,CAENTGFQKLVF,Donor AJG2309:L TCRab CD4 TRM,2.000000,-,-,-,-,-,-,-,-,-,-,-
94,SP%GGDSP,2.9e-04,1,2,2.1e-07,1.0e+00,1.2e-01,6.0e-02,1.0e-03,2.9e-02,global-SP%GGDSP,CASSPTGGdSPLHF,CASSPTGGDSPLHF,TRBV25-1,TRBJ1-6,CAENTGFQKLVF,Donor AJG2309:PB TCRab CD4 FOXP3+ Treg,2.000000,-,-,-,-,-,-,-,-,-,-,-

95,S%WGRDT,2.9e-04,1,2,2.6e-10,1.0e+00,1.0e-03,9.0e-03,1.0e-03,2.9e-02,global-S%WGRDT,CASSVwGRDTQYF,CASSVWGRDTQYF,TRBV5-1,TRBJ2-3,CAASASEDMRF,Donor AJG2309:PB TCRab CD4 Naive/TCM,1.000000,-,-,-,-,-,-,-,-,-,-,-
95,S%WGRDT,2.9e-04,1,2,2.6e-10,1.0e+00,1.0e-03,9.0e-03,1.0e-03,2.9e-02,global-S%WGRDT,CASSfwGRDTQYF,CASSFWGRDTQYF,TRBV5-1,TRBJ2-3,CAASADNDMRF,Donor AJG2309:PB TCRab CD4 FOXP3+ Treg,5.000000,-,-,-,-,-,-,-,-,-,-,-

96,T%RDSGNT,2.9e-04,2,2,2.0e-06,1.0e+00,6.7e-02,1.0e+00,1.0e-03,2.9e-02,global-T%RDSGNT,CSAtDRdSGNTIYF,CSATDRDSGNTIYF,TRBV20-1,TRBJ1-3,CAASLTGGGNKLTF,Donor AJD3280:LP TCRab CD4 Mobile TRM,1.000000,-,-,-,-,-,-,-,-,-,-,-
96,T%RDSGNT,2.9e-04,2,2,2.0e-06,1.0e+00,6.7e-02,1.0e+00,1.0e-03,2.9e-02,global-T%RDSGNT,CAItprdSGNTIYF,CAITPRDSGNTIYF,TRBV10-3,TRBJ1-3,CAASAGTSYGKLTF,Donor AJG2309:IEL TCRab CD4 Mobile TRM,1.000000,-,-,-,-,-,-,-,-,-,-,-

97,%EGPLNEK,2.9e-04,2,2,1.9e-06,1.0e+00,6.4e-02,1.0e+00,1.0e-03,2.9e-02,global-%EGPLNEK,CASREgplNEKLFF,CASREGPLNEKLFF,TRBV5-1,TRBJ1-4,CATDAEGGKLIF,Donor AJKQ118:PB TCRab CD4 Naive/TCM,1.000000,-,-,-,-,-,-,-,-,-,-,-
97,%EGPLNEK,2.9e-04,2,2,1.9e-06,1.0e+00,6.4e-02,1.0e+00,1.0e-03,2.9e-02,global-%EGPLNEK,CASSEgplNEKLFF,CASSEGPLNEKLFF,TRBV2,TRBJ1-4,CALSGGSGAGSYQLTF,Donor AJD3280:PB TCRab CD4 Naive/TCM,1.000000,-,-,-,-,-,-,-,-,-,-,-

98,R%TGGGNE,2.9e-04,2,2,1.8e-07,1.0e+00,6.5e-02,9.7e-02,1.0e-03,2.9e-02,global-R%TGGGNE,CSAReTGGgnEQYF,CSARETGGGNEQYF,TRBV20-1,TRBJ2-7,CAEKSSGYSTLTF,Donor AJKQ118:PB TCRab CD4 FOXP3+ Treg,2.000000,-,-,-,-,-,-,-,-,-,-,-
98,R%TGGGNE,2.9e-04,2,2,1.8e-07,1.0e+00,6.5e-02,9.7e-02,1.0e-03,2.9e-02,global-R%TGGGNE,CASrqTGGgNEQFF,CASRQTGGGNEQFF,TRBV19,TRBJ2-1,CAASGTQGGSEKLVF,Donor AJD3280:IEL TCRab CD4 TRM,1.000000,-,-,-,-,-,-,-,-,-,-,-

99,SPGT%IQET,2.9e-04,2,2,2.9e-08,1.0e+00,1.0e-03,1.0e+00,1.0e-03,2.9e-02,global-SPGT%IQET,CASSPGTSiQETQYF,CASSPGTSIQETQYF,TRBV7-2,TRBJ2-5,CAASRYSGGGADGLTF,Donor AJG2309:LP TCRab CD4 Mobile TRM,1.000000,-,-,-,-,-,-,-,-,-,-,-
99,SPGT%IQET,2.9e-04,2,2,2.9e-08,1.0e+00,1.0e-03,1.0e+00,1.0e-03,2.9e-02,global-SPGT%IQET,CASSPGTiiQETQYF,CASSPGTIIQETQYF,TRBV7-2,TRBJ2-5,CAASKQGGGATNKLIF,Donor AJD3280:IEL TCRab CD4 Mobile TRM,1.000000,-,-,-,-,-,-,-,-,-,-,-

100,SEWDRG%TE,2.9e-04,1,2,1.9e-06,1.0e+00,6.4e-02,1.0e+00,1.0e-03,2.9e-02,global-SEWDRG%TE,CASSEwDRGNTEAFF,CASSEWDRGNTEAFF,TRBV6-2,TRBJ1-1,CAGRTGNQFYF,Donor AJD3280:LP TCRab CD4 TRM,1.000000,-,-,-,-,-,-,-,-,-,-,-
100,SEWDRG%TE,2.9e-04,1,2,1.9e-06,1.0e+00,6.4e-02,1.0e+00,1.0e-03,2.9e-02,global-SEWDRG%TE,CASSEwDRGgTEAFF,CASSEWDRGGTEAFF,TRBV2,TRBJ1-1,CALSLSGSARQLTF,Donor AJD3280:LP TCRab CD4 TRM,1.000000,-,-,-,-,-,-,-,-,-,-,-

101,PRGY%,2.9e-04,2,2,2.0e-06,1.0e+00,6.8e-02,1.0e+00,1.0e-03,2.9e-02,global-PRGY%,CAIpRGYEQYF,CAIPRGYEQYF,TRBV27,TRBJ2-7,CAMTETSGSRLTF,Donor AJD3280:L TCRab CD4 Naive/TCM,1.000000,-,-,-,-,-,-,-,-,-,-,-
101,PRGY%,2.9e-04,2,2,2.0e-06,1.0e+00,6.8e-02,1.0e+00,1.0e-03,2.9e-02,global-PRGY%,CSApRGYGYTF,CSAPRGYGYTF,TRBV20-1,TRBJ1-2,CAVTTTGNQFYF,Donor AJG2309:PB TCRab CD4 Naive/TCM,1.000000,-,-,-,-,-,-,-,-,-,-,-

102,SLG%WG,2.9e-04,2,2,1.8e-06,1.0e+00,6.3e-02,1.0e+00,1.0e-03,2.9e-02,global-SLG%WG,CASSLGGwGYTF,CASSLGGWGYTF,TRBV7-2,TRBJ1-2,CAEVSSAGSYIPTF,Donor AJKQ118:LP TCRab CD4 TRM,1.000000,-,-,-,-,-,-,-,-,-,-,-
102,SLG%WG,2.9e-04,2,2,1.8e-06,1.0e+00,6.3e-02,1.0e+00,1.0e-03,2.9e-02,global-SLG%WG,CASSLgawGYTF,CASSLGAWGYTF,TRBV5-6,TRBJ1-2,CAVEHGSGTYKYIF,Donor AJD3280:L TCRab CD4 TRM,1.000000,-,-,-,-,-,-,-,-,-,-,-

103,SPPT%GNTGE,2.9e-04,2,2,2.1e-07,1.0e+00,7.8e-02,9.2e-02,1.0e-03,2.9e-02,global-SPPT%GNTGE,CASSPpTGGNTGELFF,CASSPPTGGNTGELFF,TRBV18,TRBJ2-2,CPGKLIF,Donor AJKQ118:LP TCRab CD4 TRM,1.000000,-,-,-,-,-,-,-,-,-,-,-
103,SPPT%GNTGE,2.9e-04,2,2,2.1e-07,1.0e+00,7.8e-02,9.2e-02,1.0e-03,2.9e-02,global-SPPT%GNTGE,CASSPpTSGNTGELFF,CASSPPTSGNTGELFF,TRBV9,TRBJ2-2,CALGASGGYNKLIF,Donor AJD3280:IEL TCRab CD4 TRM,2.000000,-,-,-,-,-,-,-,-,-,-,-

104,SEG%RQP,2.9e-04,2,2,1.9e-06,1.0e+00,6.6e-02,1.0e+00,1.0e-03,2.9e-02,global-SEG%RQP,CAISEgerQPQHF,CAISEGERQPQHF,TRBV10-3,TRBJ1-5,CVVTTLQGAQKLVF,Donor AJD3280:PB TCRab CD4 Naive/TCM,1.000000,-,-,-,-,-,-,-,-,-,-,-
104,SEG%RQP,2.9e-04,2,2,1.9e-06,1.0e+00,6.6e-02,1.0e+00,1.0e-03,2.9e-02,global-SEG%RQP,CASSEgsrQPQHF,CASSEGSRQPQHF,TRBV19,TRBJ1-5,CAVERPGGSYIPTF,Donor AJKQ118:LP TCRab CD4 TRM,1.000000,-,-,-,-,-,-,-,-,-,-,-

105,SLAGVGE%,2.9e-04,2,2,1.7e-06,1.0e+00,5.9e-02,1.0e+00,1.0e-03,2.9e-02,global-SLAGVGE%,CASSLAGvgEKLFF,CASSLAGVGEKLFF,TRBV7-8,TRBJ1-4,CAVKADSWGKFQF,Donor AJG2309:LP TCRab CD4 TRM,1.000000,-,-,-,-,-,-,-,-,-,-,-
105,SLAGVGE%,2.9e-04,2,2,1.7e-06,1.0e+00,5.9e-02,1.0e+00,1.0e-03,2.9e-02,global-SLAGVGE%,CASSLAGvgETQYF,CASSLAGVGETQYF,TRBV7-9,TRBJ2-5,CAMREGRRGYSSASKIIF,Donor AJKQ118:PB TCRab CD4 FOXP3+ Treg,1.000000,-,-,-,-,-,-,-,-,-,-,-

106,S%NRGDG,2.9e-04,2,2,2.2e-06,1.0e+00,7.6e-02,1.0e+00,1.0e-03,2.9e-02,global-S%NRGDG,CASSLnRGdGYTF,CASSLNRGDGYTF,TRBV27,TRBJ1-2,CAPPGNTGKLIF,Donor AJD3280:PB TCRab CD4 Naive/TCM,1.000000,-,-,-,-,-,-,-,-,-,-,-
106,S%NRGDG,2.9e-04,2,2,2.2e-06,1.0e+00,7.6e-02,1.0e+00,1.0e-03,2.9e-02,global-S%NRGDG,CASSSnRGdGYTF,CASSSNRGDGYTF,TRBV5-4,TRBJ1-2,CAVNAGSGGSNYKLTF,Donor AJKQ118:PB TCRab CD4 Naive/TCM,1.000000,-,-,-,-,-,-,-,-,-,-,-

107,G%GQDE,2.9e-04,2,2,2.1e-06,1.0e+00,7.2e-02,1.0e+00,1.0e-03,2.9e-02,global-G%GQDE,CASGQGqdEQYF,CASGQGQDEQYF,TRBV19,TRBJ2-7,CALSDLTSGGSNYKLTF,Donor AJG2309:PB TCRab CD4 Naive/TCM,1.000000,-,-,-,-,-,-,-,-,-,-,-
107,G%GQDE,2.9e-04,2,2,2.1e-06,1.0e+00,7.2e-02,1.0e+00,1.0e-03,2.9e-02,global-G%GQDE,CSVgvGQdEQYF,CSVGVGQDEQYF,TRBV29-1,TRBJ2-7,CAVQGNSGNTPLVF,Donor AJD3280:PB TCRab CD4 Naive/TCM,1.000000,-,-,-,-,-,-,-,-,-,-,-

108,SLN%GPGE,2.9e-04,2,2,2.9e-08,1.0e+00,1.0e-03,1.0e+00,1.0e-03,2.9e-02,global-SLN%GPGE,CASSLnSGpGELFF,CASSLNSGPGELFF,TRBV7-2,TRBJ2-2,CAVRVNARLMF,Donor AJG2309:L TCRab CD4 TRM,1.000000,-,-,-,-,-,-,-,-,-,-,-
108,SLN%GPGE,2.9e-04,2,2,2.9e-08,1.0e+00,1.0e-03,1.0e+00,1.0e-03,2.9e-02,global-SLN%GPGE,CASSLnAGpGELFF,CASSLNAGPGELFF,TRBV7-2,TRBJ2-2,CALLQGGSEKLVF,Donor AJD3280:PB TCRab CD4 Naive/TCM,1.000000,-,-,-,-,-,-,-,-,-,-,-

109,S%SRQTSNYG,2.9e-04,1,2,3.3e-09,1.0e+00,1.0e-03,1.1e-01,1.0e-03,2.9e-02,global-S%SRQTSNYG,CASSLsrqTSNYGYTF,CASSLSRQTSNYGYTF,TRBV7-2,TRBJ1-2,CAMREGRAAGNKLTF,Donor AJG2309:PB TCRab CD4 FOXP3+ Treg,2.000000,-,-,-,-,-,-,-,-,-,-,-
109,S%SRQTSNYG,2.9e-04,1,2,3.3e-09,1.0e+00,1.0e-03,1.1e-01,1.0e-03,2.9e-02,global-S%SRQTSNYG,CASSPsrqTSNYGYTF,CASSPSRQTSNYGYTF,TRBV7-2,TRBJ1-2,CAMREGRAAGNKLTF,Donor AJG2309:PB TCRab CD4 FOXP3+ Treg,1.000000,-,-,-,-,-,-,-,-,-,-,-

110,R%GGGAQET,2.9e-04,1,2,2.9e-08,1.0e+00,1.0e-03,1.0e+00,1.0e-03,2.9e-02,global-R%GGGAQET,CASrwGGgaQETQYF,CASRWGGGAQETQYF,TRBV5-1,TRBJ2-5,CAMSGAGGSNYKLTF,Donor AJD3280:LP TCRab CD4 TRM,1.000000,-,-,-,-,-,-,-,-,-,-,-
110,R%GGGAQET,2.9e-04,1,2,2.9e-08,1.0e+00,1.0e-03,1.0e+00,1.0e-03,2.9e-02,global-R%GGGAQET,CASrSGGgaQETQYF,CASRSGGGAQETQYF,TRBV5-1,TRBJ2-5,CAMSGAGGSNYKLTF,Donor AJD3280:LP TCRab CD4 TRM,1.000000,-,-,-,-,-,-,-,-,-,-,-

111,SYSPAGG%YNE,2.9e-04,1,2,2.0e-06,1.0e+00,6.8e-02,1.0e+00,1.0e-03,2.9e-02,global-SYSPAGG%YNE,CASSYspAGGlYNEQFF,CASSYSPAGGLYNEQFF,TRBV6-5,TRBJ2-1,CAYASGGSYIPTF,Donor AJD3280:L TCRab CD4 TCM,1.000000,-,-,-,-,-,-,-,-,-,-,-
111,SYSPAGG%YNE,2.9e-04,1,2,2.0e-06,1.0e+00,6.8e-02,1.0e+00,1.0e-03,2.9e-02,global-SYSPAGG%YNE,CASSYspAGGvYNEQFF,CASSYSPAGGVYNEQFF,TRBV6-6,TRBJ2-1,CAVMNRDDKIIF,Donor AJD3280:LP TCRab CD4 TRM,1.000000,-,-,-,-,-,-,-,-,-,-,-

112,SYSQGY%,2.9e-04,1,2,2.9e-08,1.0e+00,1.0e-03,1.0e+00,1.0e-03,2.9e-02,global-SYSQGY%,CASSYsQGYEQYF,CASSYSQGYEQYF,TRBV6-6,TRBJ2-7,CAVGVGRGSTLGRLYF,Donor AJD3280:LP TCRab CD4 TRM,1.000000,-,-,-,-,-,-,-,-,-,-,-
112,SYSQGY%,2.9e-04,1,2,2.9e-08,1.0e+00,1.0e-03,1.0e+00,1.0e-03,2.9e-02,global-SYSQGY%,CASSYsQGYGYTF,CASSYSQGYGYTF,TRBV6-6,TRBJ1-2,CAVDLRGANSKLTF,Donor AJD3280:LP TCRab CD4 FOXP3+ Treg,1.000000,-,-,-,-,-,-,-,-,-,-,-

113,S%LAGGQET,3.4e-04,1,4,1.5e-08,1.0e+00,2.4e-02,2.6e-01,1.0e-03,2.3e-03,global-S%LAGGQET,CASSLLAGGQETQYF,CASSLLAGGQETQYF,TRBV7-9,TRBJ2-5,CAASARSILSGAGSYQLTF,Donor AJD3280:PB TCRab CD4 Naive/TCM,1.000000,-,-,-,-,-,-,-,-,-,-,-
113,S%LAGGQET,3.4e-04,1,4,1.5e-08,1.0e+00,2.4e-02,2.6e-01,1.0e-03,2.3e-03,global-S%LAGGQET,CASSGLAGGQETQYF,CASSGLAGGQETQYF,TRBV6-1,TRBJ2-5,CAVMDSNYQLIW,Donor AJD3280:L TCRab CD4 TRM,1.000000,-,-,-,-,-,-,-,-,-,-,-
113,S%LAGGQET,3.4e-04,1,4,1.5e-08,1.0e+00,2.4e-02,2.6e-01,1.0e-03,2.3e-03,global-S%LAGGQET,CASSELAGGQETQYF,CASSELAGGQETQYF,TRBV6-1,TRBJ2-5,CAVMDSSYKLIF,Donor AJD3280:L TCRab CD4 TRM,2.000000,-,-,-,-,-,-,-,-,-,-,-
113,S%LAGGQET,3.4e-04,1,4,1.5e-08,1.0e+00,2.4e-02,2.6e-01,1.0e-03,2.3e-03,global-S%LAGGQET,CASSRLAGGQETQYF,CASSRLAGGQETQYF,TRBV5-1,TRBJ2-5,CAVGAQGGKLIF,Donor AJD3280:IEL TCRab CD4 TRM,1.000000,-,-,-,-,-,-,-,-,-,-,-
113,S%LAGGQET,3.4e-04,1,4,1.5e-08,1.0e+00,2.4e-02,2.6e-01,1.0e-03,2.3e-03,global-S%LAGGQET,CASSRLAGGQETQYF,CASSRLAGGQETQYF,TRBV5-1,TRBJ2-5,CAVGAQGGKLIF,Donor AJD3280:LP TCRab CD4 TRM,1.000000,-,-,-,-,-,-,-,-,-,-,-

114,SY%GYG,3.4e-04,2,4,7.3e-08,1.0e+00,3.1e-02,1.0e+00,1.0e-03,2.3e-03,global-SY%GYG,CASSYSGYGYTF,CASSYSGYGYTF,TRBV19,TRBJ1-2,CLVGLSPMNYGGSQGNLIF,Donor AJG2309:PB TCRab CD4 Naive/TCM,1.000000,-,-,-,-,-,-,-,-,-,-,-
114,SY%GYG,3.4e-04,2,4,7.3e-08,1.0e+00,3.1e-02,1.0e+00,1.0e-03,2.3e-03,global-SY%GYG,CASSYTGYGYTF,CASSYTGYGYTF,TRBV6-5,TRBJ1-2,CVVNWASNTGKLIF,Donor AJG2309:PB TCRab CD4 Naive/TCM,1.000000,-,-,-,-,-,-,-,-,-,-,-
114,SY%GYG,3.4e-04,2,4,7.3e-08,1.0e+00,3.1e-02,1.0e+00,1.0e-03,2.3e-03,global-SY%GYG,CASSYegYGYTF,CASSYEGYGYTF,TRBV6-5,TRBJ1-2,CAGETYSGAGSYQLTF,Donor AJKQ118:PB TCRab CD4 FOXP3+ Treg,1.000000,-,-,-,-,-,-,-,-,-,-,-
114,SY%GYG,3.4e-04,2,4,7.3e-08,1.0e+00,3.1e-02,1.0e+00,1.0e-03,2.3e-03,global-SY%GYG,CASSYRGYGYTF,CASSYRGYGYTF,TRBV6-2,TRBJ1-2,CAVILGGSTLGRLYF,Donor AJKQ118:PB TCRab CD4 Naive/TCM,1.000000,-,-,-,-,-,-,-,-,-,-,-

115,SWG%DT,3.9e-04,2,3,2.6e-07,1.0e+00,4.2e-02,1.0e+00,1.0e-03,6.2e-03,global-SWG%DT,CASSwgaDTQYF,CASSWGADTQYF,TRBV6-1,TRBJ2-3,CATSRQGAQKLVF,Donor AJD3280:IEL TCRab CD4 FOXP3+ Treg,1.000000,-,-,-,-,-,-,-,-,-,-,-
115,SWG%DT,3.9e-04,2,3,2.6e-07,1.0e+00,4.2e-02,1.0e+00,1.0e-03,6.2e-03,global-SWG%DT,CASSwGQDTQYF,CASSWGQDTQYF,TRBV6-2,TRBJ2-3,CAATISGSARQLTF,Donor AJD3280:L TCRab CD4 FOXP3+ Treg,1.000000,-,-,-,-,-,-,-,-,-,-,-
115,SWG%DT,3.9e-04,2,3,2.6e-07,1.0e+00,4.2e-02,1.0e+00,1.0e-03,6.2e-03,global-SWG%DT,CASSwGQDTQYF,CASSWGQDTQYF,TRBV6-2,TRBJ2-3,CAATISGSARQLTF,Donor AJD3280:LP TCRab CD4 FOXP3+ Treg,1.000000,-,-,-,-,-,-,-,-,-,-,-
115,SWG%DT,3.9e-04,2,3,2.6e-07,1.0e+00,4.2e-02,1.0e+00,1.0e-03,6.2e-03,global-SWG%DT,CASSwgTDTQYF,CASSWGTDTQYF,TRBV7-2,TRBJ2-3,CAGRFTGNTPLVF,Donor AJG2309:LP TCRab CD4 Mobile TRM,1.000000,-,-,-,-,-,-,-,-,-,-,-

116,SPT%TGE,3.9e-04,2,3,2.9e-07,1.0e+00,4.7e-02,1.0e+00,1.0e-03,6.2e-03,global-SPT%TGE,CASSPtlTGELFF,CASSPTLTGELFF,TRBV7-9,TRBJ2-2,CAASRGSSNTGKLIF,Donor AJD3280:L TCRab CD4 TCM,1.000000,-,-,-,-,-,-,-,-,-,-,-
116,SPT%TGE,3.9e-04,2,3,2.9e-07,1.0e+00,4.7e-02,1.0e+00,1.0e-03,6.2e-03,global-SPT%TGE,CASSPtrTGELFF,CASSPTRTGELFF,TRBV12-3,TRBJ2-2,CAGVRDQFYF,Donor AJD3280:IEL TCRab CD4 TRM,1.000000,-,-,-,-,-,-,-,-,-,-,-
116,SPT%TGE,3.9e-04,2,3,2.9e-07,1.0e+00,4.7e-02,1.0e+00,1.0e-03,6.2e-03,global-SPT%TGE,CASSPtrTGELFF,CASSPTRTGELFF,TRBV12-3,TRBJ2-2,CAGVRDQFYF,Donor AJD3280:LP TCRab CD4 Tph,1.000000,-,-,-,-,-,-,-,-,-,-,-
116,SPT%TGE,3.9e-04,2,3,2.9e-07,1.0e+00,4.7e-02,1.0e+00,1.0e-03,6.2e-03,global-SPT%TGE,CASSPtNTGELFF,CASSPTNTGELFF,TRBV5-8,TRBJ2-2,CAVRTHASGGSYIPTF,Donor AJG2309:PB TCRab CD4 Naive/TCM,1.000000,-,-,-,-,-,-,-,-,-,-,-

117,S%DRGNT,3.9e-04,2,3,1.0e-06,1.0e+00,1.7e-01,1.0e+00,1.0e-03,6.2e-03,global-S%DRGNT,CASSgDRGNTIYF,CASSGDRGNTIYF,TRBV9,TRBJ1-3,CAVGGNEKLTF,Donor AJD3280:LP TCRab CD4 Poised TCM,1.000000,-,-,-,-,-,-,-,-,-,-,-
117,S%DRGNT,3.9e-04,2,3,1.0e-06,1.0e+00,1.7e-01,1.0e+00,1.0e-03,6.2e-03,global-S%DRGNT,CASSRDRGNTIYF,CASSRDRGNTIYF,TRBV27,TRBJ1-3,CAVNPSNYQLIW,Donor AJG2309:PB TCRab CD4 Naive/TCM,1.000000,-,-,-,-,-,-,-,-,-,-,-
117,S%DRGNT,3.9e-04,2,3,1.0e-06,1.0e+00,1.7e-01,1.0e+00,1.0e-03,6.2e-03,global-S%DRGNT,CSASrDRGNTIYF,CSASRDRGNTIYF,TRBV20-1,TRBJ1-3,CIATGQNTGNQFYF,Donor AJD3280:PB TCRab CD4 Naive/TCM,1.000000,-,-,-,-,-,-,-,-,-,-,-

118,S%GQGYNSP,3.9e-04,1,3,7.7e-07,1.0e+00,1.2e-01,1.0e+00,1.0e-03,6.2e-03,global-S%GQGYNSP,CASSSGQGYNSPLHF,CASSSGQGYNSPLHF,TRBV7-2,TRBJ1-6,CVTSGTYKYIF,Donor AJD3280:LP TCRab CD4 Tph,1.000000,-,-,-,-,-,-,-,-,-,-,-
118,S%GQGYNSP,3.9e-04,1,3,7.7e-07,1.0e+00,1.2e-01,1.0e+00,1.0e-03,6.2e-03,global-S%GQGYNSP,CASSIGQGYNSPLHF,CASSIGQGYNSPLHF,TRBV7-2,TRBJ1-6,CALSFSGGYQKVTF,Donor AJD3280:PB TCRab CD4 Naive/TCM,1.000000,-,-,-,-,-,-,-,-,-,-,-
118,S%GQGYNSP,3.9e-04,1,3,7.7e-07,1.0e+00,1.2e-01,1.0e+00,1.0e-03,6.2e-03,global-S%GQGYNSP,CASSLGQGYNSPLHF,CASSLGQGYNSPLHF,TRBV7-9,TRBJ1-6,CAARNSGAGSYQLTF,Donor AJD3280:LP TCRab CD4 TRM,1.000000,-,-,-,-,-,-,-,-,-,-,-

119,S%GTGGTE,4.1e-04,3,4,1.5e-08,1.0e+00,3.3e-02,1.9e-01,1.0e-03,2.3e-03,global-S%GTGGTE,CASSVGTGGTEAFF,CASSVGTGGTEAFF,TRBV9,TRBJ1-1,CAPNRAGGSYIPTF,Donor AJG2309:PB TCRab CD4 Naive/TCM,1.000000,-,-,-,-,-,-,-,-,-,-,-
119,S%GTGGTE,4.1e-04,3,4,1.5e-08,1.0e+00,3.3e-02,1.9e-01,1.0e-03,2.3e-03,global-S%GTGGTE,CASSLGTGGTEAFF,CASSLGTGGTEAFF,TRBV7-2,TRBJ1-1,CAAPFSGGYNKLIF,Donor AJKQ118:L TCRab CD4 TRM,2.000000,-,-,-,-,-,-,-,-,-,-,-
119,S%GTGGTE,4.1e-04,3,4,1.5e-08,1.0e+00,3.3e-02,1.9e-01,1.0e-03,2.3e-03,global-S%GTGGTE,CASStGTGGTEAFF,CASSTGTGGTEAFF,TRBV9,TRBJ1-1,CAGAQEKSASGTYKYIF,Donor AJD3280:L TCRab CD4 TCM,1.000000,-,-,-,-,-,-,-,-,-,-,-
119,S%GTGGTE,4.1e-04,3,4,1.5e-08,1.0e+00,3.3e-02,1.9e-01,1.0e-03,2.3e-03,global-S%GTGGTE,CASSQGTGGTEAFF,CASSQGTGGTEAFF,TRBV3-1,TRBJ1-1,CALSGSGNTGKLIF,Donor AJG2309:LP TCRab CD4 TRM,1.000000,-,-,-,-,-,-,-,-,-,-,-

120,S%QNTE,5.0e-04,2,4,7.4e-07,1.0e+00,3.2e-01,1.0e+00,1.0e-03,2.3e-03,global-S%QNTE,CASSRqNTEAFF,CASSRQNTEAFF,TRBV5-6,TRBJ1-1,CAVDRSGGYNKLIF,Donor AJG2309:PB TCRab CD4 Naive/TCM,1.000000,-,-,-,-,-,-,-,-,-,-,-
120,S%QNTE,5.0e-04,2,4,7.4e-07,1.0e+00,3.2e-01,1.0e+00,1.0e-03,2.3e-03,global-S%QNTE,CASSPqNTEAFF,CASSPQNTEAFF,TRBV7-2,TRBJ1-1,CAMRYNAGNNRKLIW,Donor AJD3280:L TCRab CD4 TRM,1.000000,-,-,-,-,-,-,-,-,-,-,-
120,S%QNTE,5.0e-04,2,4,7.4e-07,1.0e+00,3.2e-01,1.0e+00,1.0e-03,2.3e-03,global-S%QNTE,CASSLqNTEAFF,CASSLQNTEAFF,TRBV7-9,TRBJ1-1,CAVSLARGGTSYGKLTF,Donor AJD3280:LP TCRab CD4 TRM,1.000000,-,-,-,-,-,-,-,-,-,-,-
120,S%QNTE,5.0e-04,2,4,7.4e-07,1.0e+00,3.2e-01,1.0e+00,1.0e-03,2.3e-03,global-S%QNTE,CAWSvqNTEAFF,CAWSVQNTEAFF,TRBV30,TRBJ1-1,CAQRGNEKLTF,Donor AJD3280:LP TCRab CD4 TRM,1.000000,-,-,-,-,-,-,-,-,-,-,-

121,S%GQGNQP,5.3e-04,2,5,2.9e-07,1.0e+00,2.0e-01,1.0e+00,1.0e-03,1.5e-03,global-S%GQGNQP,CASSPGQGNQPQHF,CASSPGQGNQPQHF,TRBV12-3,TRBJ1-5,CATDGDDYKLSF,Donor AJD3280:PB TCRab CD4 Naive/TCM,1.000000,-,-,-,-,-,-,-,-,-,-,-
121,S%GQGNQP,5.3e-04,2,5,2.9e-07,1.0e+00,2.0e-01,1.0e+00,1.0e-03,1.5e-03,global-S%GQGNQP,CASSwGQGNQPQHF,CASSWGQGNQPQHF,TRBV28,TRBJ1-5,CALRGAHGNNRLAF,Donor AJKQ118:LP TCRab CD4 TRM,1.000000,-,-,-,-,-,-,-,-,-,-,-
121,S%GQGNQP,5.3e-04,2,5,2.9e-07,1.0e+00,2.0e-01,1.0e+00,1.0e-03,1.5e-03,global-S%GQGNQP,CASSVGQGNQPQHF,CASSVGQGNQPQHF,TRBV9,TRBJ1-5,CAVGNSGGSNYKLTF,Donor AJD3280:L TCRab CD4 TRM,1.000000,-,-,-,-,-,-,-,-,-,-,-
121,S%GQGNQP,5.3e-04,2,5,2.9e-07,1.0e+00,2.0e-01,1.0e+00,1.0e-03,1.5e-03,global-S%GQGNQP,CASSVGQGNQPQHF,CASSVGQGNQPQHF,TRBV9,TRBJ1-5,CAVGNSGGSNYKLTF,Donor AJD3280:LP TCRab CD4 TRM,1.000000,-,-,-,-,-,-,-,-,-,-,-
121,S%GQGNQP,5.3e-04,2,5,2.9e-07,1.0e+00,2.0e-01,1.0e+00,1.0e-03,1.5e-03,global-S%GQGNQP,CASSDGQGNQPQHF,CASSDGQGNQPQHF,TRBV5-1,TRBJ1-5,CGTERDNAGGTSYGKLTF,Donor AJKQ118:LP TCRab CD4 TRM,1.000000,-,-,-,-,-,-,-,-,-,-,-
121,S%GQGNQP,5.3e-04,2,5,2.9e-07,1.0e+00,2.0e-01,1.0e+00,1.0e-03,1.5e-03,global-S%GQGNQP,CASSYGQGNQPQHF,CASSYGQGNQPQHF,TRBV6-6,TRBJ1-5,CANSKGSYIPTF,Donor AJKQ118:PB TCRab CD4 Naive/TCM,1.000000,-,-,-,-,-,-,-,-,-,-,-

122,S%GTGRYE,5.6e-04,2,3,5.6e-08,1.0e+00,9.0e-03,1.0e+00,1.0e-03,6.2e-03,global-S%GTGRYE,CASSRGTGryEQFF,CASSRGTGRYEQFF,TRBV6-2,TRBJ2-1,CAAPGGQLTF,Donor AJKQ118:PB TCRab CD4 Naive/TCM,1.000000,-,-,-,-,-,-,-,-,-,-,-
122,S%GTGRYE,5.6e-04,2,3,5.6e-08,1.0e+00,9.0e-03,1.0e+00,1.0e-03,6.2e-03,global-S%GTGRYE,CASSYGTGrYEQYF,CASSYGTGRYEQYF,TRBV6-2,TRBJ2-7,CAVEPPGGGYQKVTF,Donor AJD3280:PB TCRab CD4 Naive/TCM,1.000000,-,-,-,-,-,-,-,-,-,-,-
122,S%GTGRYE,5.6e-04,2,3,5.6e-08,1.0e+00,9.0e-03,1.0e+00,1.0e-03,6.2e-03,global-S%GTGRYE,CASSPGTGrYEQYF,CASSPGTGRYEQYF,TRBV5-1,TRBJ2-7,CAYRSARSNAGNMLTF,Donor AJKQ118:PB TCRab CD4 Naive/TCM,1.000000,-,-,-,-,-,-,-,-,-,-,-

123,S%GGSP,5.6e-04,2,3,1.8e-07,1.0e+00,1.8e-01,1.6e-01,1.0e-03,6.2e-03,global-S%GGSP,CASSwGGSPLHF,CASSWGGSPLHF,TRBV25-1,TRBJ1-6,CAVGEDNYGQNFVF,Donor AJG2309:LP TCRab CD4 TRM,2.000000,-,-,-,-,-,-,-,-,-,-,-
123,S%GGSP,5.6e-04,2,3,1.8e-07,1.0e+00,1.8e-01,1.6e-01,1.0e-03,6.2e-03,global-S%GGSP,CAWSyGGSPLHF,CAWSYGGSPLHF,TRBV30,TRBJ1-6,CAAVMFSGGYNKLIF,Donor AJKQ118:PB TCRab CD4 Naive/TCM,1.000000,-,-,-,-,-,-,-,-,-,-,-
123,S%GGSP,5.6e-04,2,3,1.8e-07,1.0e+00,1.8e-01,1.6e-01,1.0e-03,6.2e-03,global-S%GGSP,CASSAGGSPLHF,CASSAGGSPLHF,TRBV11-2,TRBJ1-6,CALRNYGQNFVF,Donor AJKQ118:PB TCRab CD4 Naive/TCM,1.000000,-,-,-,-,-,-,-,-,-,-,-

124,SYG%SYE,5.6e-04,3,3,2.3e-07,1.0e+00,3.7e-02,1.0e+00,1.0e-03,6.2e-03,global-SYG%SYE,CASSYGLSYEQYF,CASSYGLSYEQYF,TRBV6-2,TRBJ2-7,CGTVAPSGAGSYQLTF,Donor AJD3280:LP TCRab CD4 FOXP3+ Treg,1.000000,-,-,-,-,-,-,-,-,-,-,-
124,SYG%SYE,5.6e-04,3,3,2.3e-07,1.0e+00,3.7e-02,1.0e+00,1.0e-03,6.2e-03,global-SYG%SYE,CAISyGGSYEQYF,CAISYGGSYEQYF,TRBV10-3,TRBJ2-7,CAIAPGNTGKLIF,Donor AJG2309:LP TCRab CD4 FOXP3+ Treg,1.000000,-,-,-,-,-,-,-,-,-,-,-
124,SYG%SYE,5.6e-04,3,3,2.3e-07,1.0e+00,3.7e-02,1.0e+00,1.0e-03,6.2e-03,global-SYG%SYE,CASSYgaSYEQYF,CASSYGASYEQYF,TRBV12-4,TRBJ2-7,CAVRDDRGSARQLTF,Donor AJKQ118:IEL TCRab CD4 TRM,1.000000,-,-,-,-,-,-,-,-,-,-,-
124,SYG%SYE,5.6e-04,3,3,2.3e-07,1.0e+00,3.7e-02,1.0e+00,1.0e-03,6.2e-03,global-SYG%SYE,CASSYgaSYEQYF,CASSYGASYEQYF,TRBV12-4,TRBJ2-7,CAVRDDRGSARQLTF,Donor AJKQ118:L TCRab CD4 Naive/TCM,1.000000,-,-,-,-,-,-,-,-,-,-,-

125,REG%GE,5.6e-04,2,3,1.2e-06,1.0e+00,1.9e-01,1.0e+00,1.0e-03,6.2e-03,global-REG%GE,CSAReGGgEQFF,CSAREGGGEQFF,TRBV20-1,TRBJ2-1,CAVRDNTGGFKTIF,Donor AJD3280:PB TCRab CD4 Naive/TCM,1.000000,-,-,-,-,-,-,-,-,-,-,-
125,REG%GE,5.6e-04,2,3,1.2e-06,1.0e+00,1.9e-01,1.0e+00,1.0e-03,6.2e-03,global-REG%GE,CASREgvgEQFF,CASREGVGEQFF,TRBV2,TRBJ2-1,CAVLYSSASKIIF,Donor AJKQ118:PB TCRab CD4 Naive/TCM,1.000000,-,-,-,-,-,-,-,-,-,-,-
125,REG%GE,5.6e-04,2,3,1.2e-06,1.0e+00,1.9e-01,1.0e+00,1.0e-03,6.2e-03,global-REG%GE,CSVREglGELFF,CSVREGLGELFF,TRBV29-1,TRBJ2-2,CATEQTGANNLFF,Donor AJKQ118:PB TCRab CD4 Naive/TCM,1.000000,-,-,-,-,-,-,-,-,-,-,-

126,SLGGG%SP,5.6e-04,2,3,1.1e-06,1.0e+00,1.8e-01,1.0e+00,1.0e-03,6.2e-03,global-SLGGG%SP,CASSLGGgNSPLHF,CASSLGGGNSPLHF,TRBV3-1,TRBJ1-6,CADGQTGANNLFF,Donor AJD3280:LP TCRab CD4 TRM,1.000000,-,-,-,-,-,-,-,-,-,-,-
126,SLGGG%SP,5.6e-04,2,3,1.1e-06,1.0e+00,1.8e-01,1.0e+00,1.0e-03,6.2e-03,global-SLGGG%SP,CASSLGGggSPLHF,CASSLGGGGSPLHF,TRBV7-3,TRBJ1-6,CAVENSGYALNF,Donor AJD3280:PB TCRab CD4 Naive/TCM,1.000000,-,-,-,-,-,-,-,-,-,-,-
126,SLGGG%SP,5.6e-04,2,3,1.1e-06,1.0e+00,1.8e-01,1.0e+00,1.0e-03,6.2e-03,global-SLGGG%SP,CASSLGGgySPLHF,CASSLGGGYSPLHF,TRBV28,TRBJ1-6,CAMREANRQGGKLIF,Donor AJKQ118:L TCRab CD4 TCM,1.000000,-,-,-,-,-,-,-,-,-,-,-

127,SVG%GGTDT,5.6e-04,2,3,6.6e-07,1.0e+00,1.1e-01,1.0e+00,1.0e-03,6.2e-03,global-SVG%GGTDT,CASSVGGggTDTQYF,CASSVGGGGTDTQYF,TRBV9,TRBJ2-3,CAGNTGGFKTIF,Donor AJKQ118:PB TCRab CD4 Naive/TCM,1.000000,-,-,-,-,-,-,-,-,-,-,-
127,SVG%GGTDT,5.6e-04,2,3,6.6e-07,1.0e+00,1.1e-01,1.0e+00,1.0e-03,6.2e-03,global-SVG%GGTDT,CASSVgRGgTDTQYF,CASSVGRGGTDTQYF,TRBV9,TRBJ2-3,CAVRGIYGQNFVF,Donor AJD3280:LP TCRab CD4 FOXP3+ Treg,1.000000,-,-,-,-,-,-,-,-,-,-,-
127,SVG%GGTDT,5.6e-04,2,3,6.6e-07,1.0e+00,1.1e-01,1.0e+00,1.0e-03,6.2e-03,global-SVG%GGTDT,CATSvGGggTDTQYF,CATSVGGGGTDTQYF,TRBV24-1,TRBJ2-3,CVVNDKGSQGNLIF,Donor AJD3280:IEL TCRab CD4 TRM,1.000000,-,-,-,-,-,-,-,-,-,-,-

128,SS%TG,5.6e-04,2,3,1.1e-06,1.0e+00,1.8e-01,1.0e+00,1.0e-03,6.2e-03,global-SS%TG,CASSSpTGQFF,CASSSPTGQFF,TRBV7-9,TRBJ2-1,CAFMKPITQGGSEKLVF,Donor AJD3280:PB TCRab CD4 FOXP3+ Treg,1.000000,-,-,-,-,-,-,-,-,-,-,-
128,SS%TG,5.6e-04,2,3,1.1e-06,1.0e+00,1.8e-01,1.0e+00,1.0e-03,6.2e-03,global-SS%TG,CASSSGTGYTF,CASSSGTGYTF,TRBV6-6,TRBJ1-2,CILRDRAGTASKLTF,Donor AJKQ118:PB TCRab CD4 Naive/TCM,1.000000,-,-,-,-,-,-,-,-,-,-,-
128,SS%TG,5.6e-04,2,3,1.1e-06,1.0e+00,1.8e-01,1.0e+00,1.0e-03,6.2e-03,global-SS%TG,CASSSGTGLFF,CASSSGTGLFF,TRBV28,TRBJ2-1,CATAFRTNYGGSQGNLIF,Donor AJKQ118:LP TCRab CD4 TRM,1.000000,-,-,-,-,-,-,-,-,-,-,-

129,SQA%NTE,7.5e-04,1,3,2.3e-08,1.0e+00,4.3e-02,8.5e-02,1.0e-03,6.2e-03,global-SQA%NTE,CASSQapNTEAFF,CASSQAPNTEAFF,TRBV7-3,TRBJ1-1,CVVNHNFNKFYF,Donor AJD3280:LP TCRab CD4 TRM,2.000000,-,-,-,-,-,-,-,-,-,-,-
129,SQA%NTE,7.5e-04,1,3,2.3e-08,1.0e+00,4.3e-02,8.5e-02,1.0e-03,6.2e-03,global-SQA%NTE,CASSQalNTEAFF,CASSQALNTEAFF,TRBV3-1,TRBJ1-1,CAASALGNQFYF,Donor AJD3280:IEL TCRab CD4 TRM,2.000000,-,-,-,-,-,-,-,-,-,-,-
129,SQA%NTE,7.5e-04,1,3,2.3e-08,1.0e+00,4.3e-02,8.5e-02,1.0e-03,6.2e-03,global-SQA%NTE,CASSQalNTEAFF,CASSQALNTEAFF,TRBV3-1,TRBJ1-1,CAASALGNQFYF,Donor AJD3280:LP TCRab CD4 Tph,1.000000,-,-,-,-,-,-,-,-,-,-,-
129,SQA%NTE,7.5e-04,1,3,2.3e-08,1.0e+00,4.3e-02,8.5e-02,1.0e-03,6.2e-03,global-SQA%NTE,CASSQaqNTEAFF,CASSQAQNTEAFF,TRBV4-3,TRBJ1-1,CAVIGGGADGLTF,Donor AJD3280:PB TCRab CD4 Naive/TCM,1.000000,-,-,-,-,-,-,-,-,-,-,-

130,S%GLASDT,7.5e-04,1,3,1.2e-06,1.0e+00,1.9e-01,1.0e+00,1.0e-03,6.2e-03,global-S%GLASDT,CASSPGLAsDTQYF,CASSPGLASDTQYF,TRBV7-2,TRBJ2-3,CSPSGSARQLTF,Donor AJD3280:LP TCRab CD4 Mobile TRM,1.000000,-,-,-,-,-,-,-,-,-,-,-
130,S%GLASDT,7.5e-04,1,3,1.2e-06,1.0e+00,1.9e-01,1.0e+00,1.0e-03,6.2e-03,global-S%GLASDT,CASSLGLAsDTQYF,CASSLGLASDTQYF,TRBV12-4,TRBJ2-3,CAMRNFNKFYF,Donor AJD3280:LP TCRab CD4 TRM,1.000000,-,-,-,-,-,-,-,-,-,-,-
130,S%GLASDT,7.5e-04,1,3,1.2e-06,1.0e+00,1.9e-01,1.0e+00,1.0e-03,6.2e-03,global-S%GLASDT,CASSSGLAsDTQYF,CASSSGLASDTQYF,TRBV7-3,TRBJ2-3,CAARLAGGADGLTF,Donor AJD3280:L TCRab CD4 Naive/TCM,1.000000,-,-,-,-,-,-,-,-,-,-,-

131,SPRQ%QET,7.5e-04,2,3,1.1e-06,1.0e+00,1.7e-01,1.0e+00,1.0e-03,6.2e-03,global-SPRQ%QET,CASSPrqnQETQYF,CASSPRQNQETQYF,TRBV18,TRBJ2-5,CAAPPSRSSTLGRLYF,Donor AJKQ118:PB TCRab CD4 Naive/TCM,1.000000,-,-,-,-,-,-,-,-,-,-,-
131,SPRQ%QET,7.5e-04,2,3,1.1e-06,1.0e+00,1.7e-01,1.0e+00,1.0e-03,6.2e-03,global-SPRQ%QET,CASSPrQGQETQYF,CASSPRQGQETQYF,TRBV25-1,TRBJ2-5,CALDTGRRALTF,Donor AJKQ118:PB TCRab CD4 Naive/TCM,1.000000,-,-,-,-,-,-,-,-,-,-,-
131,SPRQ%QET,7.5e-04,2,3,1.1e-06,1.0e+00,1.7e-01,1.0e+00,1.0e-03,6.2e-03,global-SPRQ%QET,CASSPrqpQETQYF,CASSPRQPQETQYF,TRBV27,TRBJ2-5,CVVSLGGSYIPTF,Donor AJD3280:PB TCRab CD4 Naive/TCM,1.000000,-,-,-,-,-,-,-,-,-,-,-

132,SFG%NYG,7.5e-04,1,3,2.4e-07,1.0e+00,3.8e-02,1.0e+00,1.0e-03,6.2e-03,global-SFG%NYG,CASSfgvNYGYTF,CASSFGVNYGYTF,TRBV7-2,TRBJ1-2,CAYRIPQGAQKLVF,Donor AJD3280:PB TCRab CD4 Naive/TCM,1.000000,-,-,-,-,-,-,-,-,-,-,-
132,SFG%NYG,7.5e-04,1,3,2.4e-07,1.0e+00,3.8e-02,1.0e+00,1.0e-03,6.2e-03,global-SFG%NYG,CASSfGTNYGYTF,CASSFGTNYGYTF,TRBV11-3,TRBJ1-2,CAFMIGGATNKLIF,Donor AJD3280:IEL TCRab CD4 FOXP3+ Treg,1.000000,-,-,-,-,-,-,-,-,-,-,-
132,SFG%NYG,7.5e-04,1,3,2.4e-07,1.0e+00,3.8e-02,1.0e+00,1.0e-03,6.2e-03,global-SFG%NYG,CASSfGTNYGYTF,CASSFGTNYGYTF,TRBV11-3,TRBJ1-2,CAFMIGGATNKLIF,Donor AJD3280:LP TCRab CD4 FOXP3+ Treg,1.000000,-,-,-,-,-,-,-,-,-,-,-
132,SFG%NYG,7.5e-04,1,3,2.4e-07,1.0e+00,3.8e-02,1.0e+00,1.0e-03,6.2e-03,global-SFG%NYG,CASSfgpNYGYTF,CASSFGPNYGYTF,TRBV5-1,TRBJ1-2,CAASTSGSEKLVF,Donor AJD3280:LP TCRab CD4 TRM,1.000000,-,-,-,-,-,-,-,-,-,-,-

133,S%SGGNQP,7.5e-04,2,3,1.1e-06,1.0e+00,1.8e-01,1.0e+00,1.0e-03,6.2e-03,global-S%SGGNQP,CASSgSGGNQPQHF,CASSGSGGNQPQHF,TRBV6-5,TRBJ1-5,CALRVTTDSWGKLQF,Donor AJD3280:LP TCRab CD4 TRM,1.000000,-,-,-,-,-,-,-,-,-,-,-
133,S%SGGNQP,7.5e-04,2,3,1.1e-06,1.0e+00,1.8e-01,1.0e+00,1.0e-03,6.2e-03,global-S%SGGNQP,CASSRSGGNQPQHF,CASSRSGGNQPQHF,TRBV19,TRBJ1-5,CAPGGAGNNRKLIW,Donor AJKQ118:PB TCRab CD4 FOXP3+ Treg,1.000000,-,-,-,-,-,-,-,-,-,-,-
133,S%SGGNQP,7.5e-04,2,3,1.1e-06,1.0e+00,1.8e-01,1.0e+00,1.0e-03,6.2e-03,global-S%SGGNQP,CASSPSGGNQPQHF,CASSPSGGNQPQHF,TRBV5-1,TRBJ1-5,CAASGGSYIPTF,Donor AJD3280:LP TCRab CD4 TRM,1.000000,-,-,-,-,-,-,-,-,-,-,-

134,S%ALNTE,7.5e-04,2,3,2.9e-08,1.0e+00,2.3e-02,2.0e-01,1.0e-03,6.2e-03,global-S%ALNTE,CASSQalNTEAFF,CASSQALNTEAFF,TRBV3-1,TRBJ1-1,CAASALGNQFYF,Donor AJD3280:IEL TCRab CD4 TRM,2.000000,-,-,-,-,-,-,-,-,-,-,-
134,S%ALNTE,7.5e-04,2,3,2.9e-08,1.0e+00,2.3e-02,2.0e-01,1.0e-03,6.2e-03,global-S%ALNTE,CASSQalNTEAFF,CASSQALNTEAFF,TRBV3-1,TRBJ1-1,CAASALGNQFYF,Donor AJD3280:LP TCRab CD4 Tph,1.000000,-,-,-,-,-,-,-,-,-,-,-
134,S%ALNTE,7.5e-04,2,3,2.9e-08,1.0e+00,2.3e-02,2.0e-01,1.0e-03,6.2e-03,global-S%ALNTE,CASSfalNTEAFF,CASSFALNTEAFF,TRBV7-2,TRBJ1-1,CAVSEGNNARLMF,Donor AJG2309:PB TCRab CD4 Naive/TCM,1.000000,-,-,-,-,-,-,-,-,-,-,-
134,S%ALNTE,7.5e-04,2,3,2.9e-08,1.0e+00,2.3e-02,2.0e-01,1.0e-03,6.2e-03,global-S%ALNTE,CASSLalNTEAFF,CASSLALNTEAFF,TRBV11-2,TRBJ1-1,CAASAGGFQKLVF,Donor AJG2309:LP TCRab CD4 Poised TCM,1.000000,-,-,-,-,-,-,-,-,-,-,-

135,SLD%ASTDT,7.5e-04,2,3,7.2e-07,1.0e+00,1.2e-01,1.0e+00,1.0e-03,6.2e-03,global-SLD%ASTDT,CASSLdLASTDTQYF,CASSLDLASTDTQYF,TRBV5-1,TRBJ2-3,CAVSLNARLMF,Donor AJD3280:PB TCRab CD4 Naive/TCM,1.000000,-,-,-,-,-,-,-,-,-,-,-
135,SLD%ASTDT,7.5e-04,2,3,7.2e-07,1.0e+00,1.2e-01,1.0e+00,1.0e-03,6.2e-03,global-SLD%ASTDT,CASSLDRaSTDTQYF,CASSLDRASTDTQYF,TRBV7-3,TRBJ2-3,CAVSDKLPGGTSYGKLTF,Donor AJG2309:PB TCRab CD4 Naive/TCM,1.000000,-,-,-,-,-,-,-,-,-,-,-
135,SLD%ASTDT,7.5e-04,2,3,7.2e-07,1.0e+00,1.2e-01,1.0e+00,1.0e-03,6.2e-03,global-SLD%ASTDT,CASSLdgaSTDTQYF,CASSLDGASTDTQYF,TRBV5-1,TRBJ2-3,CAVRSATGFQKLVF,Donor AJG2309:PB TCRab CD4 Naive/TCM,1.000000,-,-,-,-,-,-,-,-,-,-,-

136,SLDR%DT,7.5e-04,2,3,1.2e-06,1.0e+00,1.9e-01,1.0e+00,1.0e-03,6.2e-03,global-SLDR%DT,CASSLDRTDTQYF,CASSLDRTDTQYF,TRBV7-8,TRBJ2-3,CAMRGNSGGYQKVTF,Donor AJG2309:LP TCRab CD4 TRM,1.000000,-,-,-,-,-,-,-,-,-,-,-
136,SLDR%DT,7.5e-04,2,3,1.2e-06,1.0e+00,1.9e-01,1.0e+00,1.0e-03,6.2e-03,global-SLDR%DT,CASSLDRlDTQYF,CASSLDRLDTQYF,TRBV7-2,TRBJ2-3,CALNPYNNNDMRF,Donor AJD3280:LP TCRab CD4 Mobile TRM,1.000000,-,-,-,-,-,-,-,-,-,-,-
136,SLDR%DT,7.5e-04,2,3,1.2e-06,1.0e+00,1.9e-01,1.0e+00,1.0e-03,6.2e-03,global-SLDR%DT,CASSLdREDTQYF,CASSLDREDTQYF,TRBV7-7,TRBJ2-3,CAVGTRRSNDYKLSF,Donor AJD3280:L TCRab CD4 Naive/TCM,1.000000,-,-,-,-,-,-,-,-,-,-,-

137,EYGN,7.6e-04,2,3,5.2e-04,1.0e+00,1.7e-01,1.0e+00,4.9e-01,6.2e-03,motif-EYGN,CASSLgeyGNTIYF,CASSLGEYGNTIYF,TRBV7-8,TRBJ1-3,CAVEDRTGGFKTIF,Donor AJD3280:LP TCRab CD4 Tph,1.000000,-,-,-,-,-,-,-,-,-,-,-
137,EYGN,7.6e-04,2,3,5.2e-04,1.0e+00,1.7e-01,1.0e+00,4.9e-01,6.2e-03,motif-EYGN,CASSEygNQPQHF,CASSEYGNQPQHF,TRBV6-1,TRBJ1-5,CAMSEGNQGGKLIF,Donor AJKQ118:PB TCRab CD4 Naive/TCM,1.000000,-,-,-,-,-,-,-,-,-,-,-
137,EYGN,7.6e-04,2,3,5.2e-04,1.0e+00,1.7e-01,1.0e+00,4.9e-01,6.2e-03,motif-EYGN,CASSLleygNEKLFF,CASSLLEYGNEKLFF,TRBV7-9,TRBJ1-4,CAVSKINNNDMRF,Donor AJD3280:LP TCRab CD4 Mobile TRM,1.000000,-,-,-,-,-,-,-,-,-,-,-

138,SLWT%E,8.7e-04,2,2,1.5e-06,1.0e+00,5.3e-02,1.0e+00,1.0e-03,2.9e-02,global-SLWT%E,CASSLwTGELFF,CASSLWTGELFF,TRBV27,TRBJ2-2,CAFITIQGAQKLVF,Donor AJKQ118:LP TCRab CD4 TRM,1.000000,-,-,-,-,-,-,-,-,-,-,-
138,SLWT%E,8.7e-04,2,2,1.5e-06,1.0e+00,5.3e-02,1.0e+00,1.0e-03,2.9e-02,global-SLWT%E,CASSLwtnEQYF,CASSLWTNEQYF,TRBV11-2,TRBJ2-7,CAARAYNAGNMLTF,Donor AJD3280:L TCRab CD4 Naive/TCM,1.000000,-,-,-,-,-,-,-,-,-,-,-

139,SP%QTYNE,8.7e-04,1,2,3.1e-08,1.0e+00,6.0e-02,1.8e-02,1.0e-03,2.9e-02,global-SP%QTYNE,CASSPdqtYNEQFF,CASSPDQTYNEQFF,TRBV18,TRBJ2-1,CASIVYNFNKFYF,Donor AJG2309:PB TCRab CD4 Naive/TCM,1.000000,-,-,-,-,-,-,-,-,-,-,-
139,SP%QTYNE,8.7e-04,1,2,3.1e-08,1.0e+00,6.0e-02,1.8e-02,1.0e-03,2.9e-02,global-SP%QTYNE,CASSPGQtYNEQFF,CASSPGQTYNEQFF,TRBV6-2,TRBJ2-1,CAVSVPDTGRRALTF,Donor AJG2309:LP TCRab CD4 TRM,4.000000,-,-,-,-,-,-,-,-,-,-,-

140,SLGL%GANV,8.7e-04,1,2,1.5e-06,1.0e+00,5.1e-02,1.0e+00,1.0e-03,2.9e-02,global-SLGL%GANV,CASSLGLSGANVLTF,CASSLGLSGANVLTF,TRBV12-4,TRBJ2-6,CIDGNEKLTF,Donor AJKQ118:PB TCRab CD4 Naive/TCM,1.000000,-,-,-,-,-,-,-,-,-,-,-
140,SLGL%GANV,8.7e-04,1,2,1.5e-06,1.0e+00,5.1e-02,1.0e+00,1.0e-03,2.9e-02,global-SLGL%GANV,CASSLGLtGANVLTF,CASSLGLTGANVLTF,TRBV28,TRBJ2-6,CAERASGYSTLTF,Donor AJKQ118:PB TCRab CD4 Naive/TCM,1.000000,-,-,-,-,-,-,-,-,-,-,-

141,SQ%SRDTE,8.7e-04,1,2,1.8e-07,1.0e+00,1.0e-01,5.9e-02,1.0e-03,2.9e-02,global-SQ%SRDTE,CASSQfsrdTEAFF,CASSQFSRDTEAFF,TRBV3-1,TRBJ1-1,CAAWKGGSQGNLIF,Donor AJD3280:LP TCRab CD4 TRM,1.000000,-,-,-,-,-,-,-,-,-,-,-
141,SQ%SRDTE,8.7e-04,1,2,1.8e-07,1.0e+00,1.0e-01,5.9e-02,1.0e-03,2.9e-02,global-SQ%SRDTE,CASSQesrdTEAFF,CASSQESRDTEAFF,TRBV4-1,TRBJ1-1,CAVHHNNARLMF,Donor AJD3280:IEL TCRab CD4 TRM,1.000000,-,-,-,-,-,-,-,-,-,-,-
141,SQ%SRDTE,8.7e-04,1,2,1.8e-07,1.0e+00,1.0e-01,5.9e-02,1.0e-03,2.9e-02,global-SQ%SRDTE,CASSQesrdTEAFF,CASSQESRDTEAFF,TRBV4-1,TRBJ1-1,CAVHHNNARLMF,Donor AJD3280:LP TCRab CD4 TRM,3.000000,-,-,-,-,-,-,-,-,-,-,-

142,SRDRF%E,8.7e-04,2,2,1.7e-06,1.0e+00,6.0e-02,1.0e+00,1.0e-03,2.9e-02,global-SRDRF%E,CASSRDRfgEQYF,CASSRDRFGEQYF,TRBV3-1,TRBJ2-7,CAYLNQAGTALIF,Donor AJKQ118:PB TCRab CD4 Naive/TCM,1.000000,-,-,-,-,-,-,-,-,-,-,-
142,SRDRF%E,8.7e-04,2,2,1.7e-06,1.0e+00,6.0e-02,1.0e+00,1.0e-03,2.9e-02,global-SRDRF%E,CASSRDRfYEQYF,CASSRDRFYEQYF,TRBV12-4,TRBJ2-7,CVVSATDDYKLSF,Donor AJD3280:IEL TCRab CD4 TRM,1.000000,-,-,-,-,-,-,-,-,-,-,-

143,SPPTG%NTGE,8.7e-04,2,2,2.9e-08,1.0e+00,1.0e-03,1.0e+00,1.0e-03,2.9e-02,global-SPPTG%NTGE,CASSPpTGGNTGELFF,CASSPPTGGNTGELFF,TRBV18,TRBJ2-2,CPGKLIF,Donor AJKQ118:LP TCRab CD4 TRM,1.000000,-,-,-,-,-,-,-,-,-,-,-
143,SPPTG%NTGE,8.7e-04,2,2,2.9e-08,1.0e+00,1.0e-03,1.0e+00,1.0e-03,2.9e-02,global-SPPTG%NTGE,CASSPpTGmNTGELFF,CASSPPTGMNTGELFF,TRBV18,TRBJ2-2,CAYRSSSGANNLFF,Donor AJD3280:L TCRab CD4 TRM,1.000000,-,-,-,-,-,-,-,-,-,-,-

144,SESRQ%NYG,8.7e-04,1,2,2.9e-08,1.0e+00,1.0e-03,1.0e+00,1.0e-03,2.9e-02,global-SESRQ%NYG,CAISEsrqdNYGYTF,CAISESRQDNYGYTF,TRBV10-3,TRBJ1-2,CAESIGNTPLVF,Donor AJD3280:L TCRab CD4 TRM,1.000000,-,-,-,-,-,-,-,-,-,-,-
144,SESRQ%NYG,8.7e-04,1,2,2.9e-08,1.0e+00,1.0e-03,1.0e+00,1.0e-03,2.9e-02,global-SESRQ%NYG,CAISEsrqdNYGYTF,CAISESRQDNYGYTF,TRBV10-3,TRBJ1-2,CAESIGNTPLVF,Donor AJD3280:LP TCRab CD4 TRM,1.000000,-,-,-,-,-,-,-,-,-,-,-
144,SESRQ%NYG,8.7e-04,1,2,2.9e-08,1.0e+00,1.0e-03,1.0e+00,1.0e-03,2.9e-02,global-SESRQ%NYG,CAISEsrqeNYGYTF,CAISESRQENYGYTF,TRBV10-3,TRBJ1-2,CAEFYNNARLMF,Donor AJD3280:L TCRab CD4 TRM,1.000000,-,-,-,-,-,-,-,-,-,-,-

145,RDQRGG%P,8.7e-04,1,2,3.3e-09,1.0e+00,1.0e-03,1.1e-01,1.0e-03,2.9e-02,global-RDQRGG%P,CSARdqRGgQPQHF,CSARDQRGGQPQHF,TRBV20-1,TRBJ1-5,CAESYSGGSNYKLTF,Donor AJKQ118:LP TCRab CD4 Mobile TRM,2.000000,-,-,-,-,-,-,-,-,-,-,-
145,RDQRGG%P,8.7e-04,1,2,3.3e-09,1.0e+00,1.0e-03,1.1e-01,1.0e-03,2.9e-02,global-RDQRGG%P,CSARdqRGggPQHF,CSARDQRGGGPQHF,TRBV20-1,TRBJ1-5,CAASISGGSNYKLTF,Donor AJKQ118:LP TCRab CD4 TRM,1.000000,-,-,-,-,-,-,-,-,-,-,-

146,S%GTRGTE,8.7e-04,1,2,2.9e-08,1.0e+00,1.0e-03,1.0e+00,1.0e-03,2.9e-02,global-S%GTRGTE,CASSRgtRGTEAFF,CASSRGTRGTEAFF,TRBV19,TRBJ1-1,CAYRFSGGTSYGKLTF,Donor AJD3280:LP TCRab CD4 Poised TCM,1.000000,-,-,-,-,-,-,-,-,-,-,-
146,S%GTRGTE,8.7e-04,1,2,2.9e-08,1.0e+00,1.0e-03,1.0e+00,1.0e-03,2.9e-02,global-S%GTRGTE,CASSQgtRGTEAFF,CASSQGTRGTEAFF,TRBV19,TRBJ1-1,CAVSLSGGYNKLIF,Donor AJD3280:LP TCRab CD4 Poised TCM,1.000000,-,-,-,-,-,-,-,-,-,-,-

147,S%AGSGE,8.7e-04,1,2,1.9e-06,1.0e+00,6.5e-02,1.0e+00,1.0e-03,2.9e-02,global-S%AGSGE,CASSVagSGEAFF,CASSVAGSGEAFF,TRBV9,TRBJ1-1,CAVEDKYGGSQGNLIF,Donor AJD3280:LP TCRab CD4 TRM,1.000000,-,-,-,-,-,-,-,-,-,-,-
147,S%AGSGE,8.7e-04,1,2,1.9e-06,1.0e+00,6.5e-02,1.0e+00,1.0e-03,2.9e-02,global-S%AGSGE,CASSLAGsGELFF,CASSLAGSGELFF,TRBV5-6,TRBJ2-2,CALSGQGFNKFYF,Donor AJD3280:LP TCRab CD4 Poised TCM,1.000000,-,-,-,-,-,-,-,-,-,-,-

148,SYS%NEK,8.7e-04,2,2,3.4e-06,1.0e+00,1.2e-01,1.0e+00,1.0e-03,2.9e-02,global-SYS%NEK,CSASysTNEKLFF,CSASYSTNEKLFF,TRBV20-1,TRBJ1-4,CVVNERAGSYQLTF,Donor AJG2309:L TCRab CD4 FOXP3+ Treg,1.000000,-,-,-,-,-,-,-,-,-,-,-
148,SYS%NEK,8.7e-04,2,2,3.4e-06,1.0e+00,1.2e-01,1.0e+00,1.0e-03,2.9e-02,global-SYS%NEK,CASSYsqNEKLFF,CASSYSQNEKLFF,TRBV6-6,TRBJ1-4,CAAISNTGKLIF,Donor AJD3280:IEL TCRab CD4 TRM,1.000000,-,-,-,-,-,-,-,-,-,-,-
148,SYS%NEK,8.7e-04,2,2,3.4e-06,1.0e+00,1.2e-01,1.0e+00,1.0e-03,2.9e-02,global-SYS%NEK,CASSYsqNEKLFF,CASSYSQNEKLFF,TRBV6-6,TRBJ1-4,CAAISNTGKLIF,Donor AJD3280:LP TCRab CD4 TRM,1.000000,-,-,-,-,-,-,-,-,-,-,-

149,SQGT%GTE,8.7e-04,2,2,2.1e-06,1.0e+00,7.1e-02,1.0e+00,1.0e-03,2.9e-02,global-SQGT%GTE,CASSQgtRGTEAFF,CASSQGTRGTEAFF,TRBV19,TRBJ1-1,CAVSLSGGYNKLIF,Donor AJD3280:LP TCRab CD4 Poised TCM,1.000000,-,-,-,-,-,-,-,-,-,-,-
149,SQGT%GTE,8.7e-04,2,2,2.1e-06,1.0e+00,7.1e-02,1.0e+00,1.0e-03,2.9e-02,global-SQGT%GTE,CASSQGTGGTEAFF,CASSQGTGGTEAFF,TRBV3-1,TRBJ1-1,CALSGSGNTGKLIF,Donor AJG2309:LP TCRab CD4 TRM,1.000000,-,-,-,-,-,-,-,-,-,-,-

150,SPGTGG%GTE,8.7e-04,2,2,1.8e-07,1.0e+00,6.7e-02,9.0e-02,1.0e-03,2.9e-02,global-SPGTGG%GTE,CASSPGTGGpgTEAFF,CASSPGTGGPGTEAFF,TRBV3-1,TRBJ1-1,CLVGGPGSSNTGKLIF,Donor AJD3280:L TCRab CD4 TRM,1.000000,-,-,-,-,-,-,-,-,-,-,-
150,SPGTGG%GTE,8.7e-04,2,2,1.8e-07,1.0e+00,6.7e-02,9.0e-02,1.0e-03,2.9e-02,global-SPGTGG%GTE,CASSPGTGGagTEAFF,CASSPGTGGAGTEAFF,TRBV5-1,TRBJ1-1,CAASGGGADGLTF,Donor AJG2309:L TCRab CD4 TCM,2.000000,-,-,-,-,-,-,-,-,-,-,-

151,SS%IE,8.7e-04,2,2,2.4e-06,1.0e+00,8.2e-02,1.0e+00,1.0e-03,2.9e-02,global-SS%IE,CASSSpiEQFF,CASSSPIEQFF,TRBV11-3,TRBJ2-1,CAARRTGNQFYF,Donor AJD3280:PB TCRab CD4 Naive/TCM,1.000000,-,-,-,-,-,-,-,-,-,-,-
151,SS%IE,8.7e-04,2,2,2.4e-06,1.0e+00,8.2e-02,1.0e+00,1.0e-03,2.9e-02,global-SS%IE,CASSSdiEAFF,CASSSDIEAFF,TRBV7-9,TRBJ1-1,CVVNRGDKIIF,Donor AJKQ118:LP TCRab CD4 TRM,1.000000,-,-,-,-,-,-,-,-,-,-,-

152,SQRGQE%,8.7e-04,2,2,2.0e-06,1.0e+00,6.7e-02,1.0e+00,1.0e-03,2.9e-02,global-SQRGQE%,CASSQRGQETQYF,CASSQRGQETQYF,TRBV14,TRBJ2-5,CVVNAGGYQKVTF,Donor AJG2309:LP TCRab CD4 Poised TCM,1.000000,-,-,-,-,-,-,-,-,-,-,-
152,SQRGQE%,8.7e-04,2,2,2.0e-06,1.0e+00,6.7e-02,1.0e+00,1.0e-03,2.9e-02,global-SQRGQE%,CASSQRGqeGYTF,CASSQRGQEGYTF,TRBV3-1,TRBJ1-2,CAVTGNQFYF,Donor AJD3280:LP TCRab CD4 Poised TCM,1.000000,-,-,-,-,-,-,-,-,-,-,-

153,SLT%FYG,8.7e-04,1,2,2.0e-07,1.0e+00,6.2e-02,1.1e-01,1.0e-03,2.9e-02,global-SLT%FYG,CASSLtdfYGYTF,CASSLTDFYGYTF,TRBV5-1,TRBJ1-2,CAVQAPGGNYGGSQGNLIF,Donor AJD3280:LP TCRab CD4 TRM,2.000000,-,-,-,-,-,-,-,-,-,-,-
153,SLT%FYG,8.7e-04,1,2,2.0e-07,1.0e+00,6.2e-02,1.1e-01,1.0e-03,2.9e-02,global-SLT%FYG,CASSLTGfYGYTF,CASSLTGFYGYTF,TRBV5-6,TRBJ1-2,CAPFPSQGGSEKLVF,Donor AJD3280:PB TCRab CD4 FOXP3+ Treg,1.000000,-,-,-,-,-,-,-,-,-,-,-

154,SPQ%GGTE,8.7e-04,2,2,2.0e-06,1.0e+00,6.8e-02,1.0e+00,1.0e-03,2.9e-02,global-SPQ%GGTE,CASSPQGggTEAFF,CASSPQGGGTEAFF,TRBV5-1,TRBJ1-1,CAADRSGGSYIPTF,Donor AJD3280:PB TCRab CD4 Naive/TCM,1.000000,-,-,-,-,-,-,-,-,-,-,-
154,SPQ%GGTE,8.7e-04,2,2,2.0e-06,1.0e+00,6.8e-02,1.0e+00,1.0e-03,2.9e-02,global-SPQ%GGTE,CASSPqvgGTEQYF,CASSPQVGGTEQYF,TRBV12-3,TRBJ2-7,CAVQGGSEKLVF,Donor AJG2309:LP TCRab CD4 TRM,1.000000,-,-,-,-,-,-,-,-,-,-,-

155,SFDRS%E,8.7e-04,1,2,1.7e-06,1.0e+00,6.0e-02,1.0e+00,1.0e-03,2.9e-02,global-SFDRS%E,CASSfDRSYEQYF,CASSFDRSYEQYF,TRBV5-4,TRBJ2-7,CAMSKTGANNLFF,Donor AJD3280:LP TCRab CD4 TRM,1.000000,-,-,-,-,-,-,-,-,-,-,-
155,SFDRS%E,8.7e-04,1,2,1.7e-06,1.0e+00,6.0e-02,1.0e+00,1.0e-03,2.9e-02,global-SFDRS%E,CASSfDRsNEQFF,CASSFDRSNEQFF,TRBV7-2,TRBJ2-1,CAAGSARQLTF,Donor AJD3280:PB TCRab CD4 Naive/TCM,1.000000,-,-,-,-,-,-,-,-,-,-,-

156,SERAG%DT,8.7e-04,2,2,2.0e-06,1.0e+00,6.8e-02,1.0e+00,1.0e-03,2.9e-02,global-SERAG%DT,CASSErAGTDTQYF,CASSERAGTDTQYF,TRBV6-1,TRBJ2-3,CAGTGANNLFF,Donor AJKQ118:PB TCRab CD4 Naive/TCM,1.000000,-,-,-,-,-,-,-,-,-,-,-
156,SERAG%DT,8.7e-04,2,2,2.0e-06,1.0e+00,6.8e-02,1.0e+00,1.0e-03,2.9e-02,global-SERAG%DT,CAISErAGGDTQYF,CAISERAGGDTQYF,TRBV10-3,TRBJ2-3,CAFMKPTQGGSEKLVF,Donor AJD3280:PB TCRab CD4 FOXP3+ Treg,1.000000,-,-,-,-,-,-,-,-,-,-,-

157,SLLVD%,8.7e-04,2,2,2.9e-08,1.0e+00,1.0e-03,1.0e+00,1.0e-03,2.9e-02,global-SLLVD%,CASSLlvDTQYF,CASSLLVDTQYF,TRBV12-3,TRBJ2-3,CAVVTSGTYKYIF,Donor AJD3280:L TCRab CD4 TRM,1.000000,-,-,-,-,-,-,-,-,-,-,-
157,SLLVD%,8.7e-04,2,2,2.9e-08,1.0e+00,1.0e-03,1.0e+00,1.0e-03,2.9e-02,global-SLLVD%,CASSLlvdEQFF,CASSLLVDEQFF,TRBV12-3,TRBJ2-1,CGTPRDAGNMLTF,Donor AJKQ118:LP TCRab CD4 Poised TCM,1.000000,-,-,-,-,-,-,-,-,-,-,-

158,SQGLV%TDT,8.7e-04,1,2,2.9e-08,1.0e+00,1.0e-03,1.0e+00,1.0e-03,2.9e-02,global-SQGLV%TDT,CASSQGLvfTDTQYF,CASSQGLVFTDTQYF,TRBV3-1,TRBJ2-3,CVVNILTGGGNKLTF,Donor AJD3280:PB TCRab CD4 Naive/TCM,1.000000,-,-,-,-,-,-,-,-,-,-,-
158,SQGLV%TDT,8.7e-04,1,2,2.9e-08,1.0e+00,1.0e-03,1.0e+00,1.0e-03,2.9e-02,global-SQGLV%TDT,CASSQGLvgTDTQYF,CASSQGLVGTDTQYF,TRBV3-1,TRBJ2-3,CAAISGGSYIPTF,Donor AJD3280:PB TCRab CD4 Naive/TCM,1.000000,-,-,-,-,-,-,-,-,-,-,-

159,SPA%RTDT,8.7e-04,2,2,1.7e-06,1.0e+00,6.0e-02,1.0e+00,1.0e-03,2.9e-02,global-SPA%RTDT,CASSPakrTDTQYF,CASSPAKRTDTQYF,TRBV11-2,TRBJ2-3,CAVERDRGTSYGKLTF,Donor AJD3280:LP TCRab CD4 Poised TCM,1.000000,-,-,-,-,-,-,-,-,-,-,-
159,SPA%RTDT,8.7e-04,2,2,1.7e-06,1.0e+00,6.0e-02,1.0e+00,1.0e-03,2.9e-02,global-SPA%RTDT,CASSPaGRTDTQYF,CASSPAGRTDTQYF,TRBV18,TRBJ2-3,CAVGVSTGNQFYF,Donor AJKQ118:LP TCRab CD4 TRM,1.000000,-,-,-,-,-,-,-,-,-,-,-

160,S%EGLAGYNE,8.7e-04,2,2,1.9e-06,1.0e+00,6.4e-02,1.0e+00,1.0e-03,2.9e-02,global-S%EGLAGYNE,CASSVeGLAGYNEQFF,CASSVEGLAGYNEQFF,TRBV9,TRBJ2-1,CALDSRGSTLGRLYF,Donor AJG2309:LP TCRab CD4 TRM,1.000000,-,-,-,-,-,-,-,-,-,-,-
160,S%EGLAGYNE,8.7e-04,2,2,1.9e-06,1.0e+00,6.4e-02,1.0e+00,1.0e-03,2.9e-02,global-S%EGLAGYNE,CASSEeGLAGYNEQFF,CASSEEGLAGYNEQFF,TRBV2,TRBJ2-1,CALAFQGAQKLVF,Donor AJD3280:IEL TCRab CD4 Mobile TRM,1.000000,-,-,-,-,-,-,-,-,-,-,-

161,SP%RGT,8.7e-04,2,2,1.9e-06,1.0e+00,6.4e-02,1.0e+00,1.0e-03,2.9e-02,global-SP%RGT,CASSPkrGTGsL,CASSPKRGTGSL,TRBV28,TRBJ2-7,CVVSRAPGGSYIPTF,Donor AJG2309:PB TCRab CD4 Naive/TCM,1.000000,-,-,-,-,-,-,-,-,-,-,-
161,SP%RGT,8.7e-04,2,2,1.9e-06,1.0e+00,6.4e-02,1.0e+00,1.0e-03,2.9e-02,global-SP%RGT,CASSPlRGTQYF,CASSPLRGTQYF,TRBV7-2,TRBJ2-5,CAYSRTQGGSEKLVF,Donor AJD3280:PB TCRab CD4 Naive/TCM,1.000000,-,-,-,-,-,-,-,-,-,-,-

162,SLAGGDGE%,8.7e-04,2,2,2.9e-08,1.0e+00,1.0e-03,1.0e+00,1.0e-03,2.9e-02,global-SLAGGDGE%,CASSLAGGdgEKLFF,CASSLAGGDGEKLFF,TRBV5-1,TRBJ1-4,CAVNPPGTGANSKLTF,Donor AJG2309:LP TCRab CD4 TRM,1.000000,-,-,-,-,-,-,-,-,-,-,-
162,SLAGGDGE%,8.7e-04,2,2,2.9e-08,1.0e+00,1.0e-03,1.0e+00,1.0e-03,2.9e-02,global-SLAGGDGE%,CASSLAGGdgETQYF,CASSLAGGDGETQYF,TRBV5-1,TRBJ2-5,CAETLSGGYNKLIF,Donor AJKQ118:PB TCRab CD4 Naive/TCM,1.000000,-,-,-,-,-,-,-,-,-,-,-

163,GPQG%ET,8.7e-04,1,2,2.7e-07,1.0e+00,7.3e-02,1.3e-01,1.0e-03,2.9e-02,global-GPQG%ET,CASGpQGgETQYF,CASGPQGGETQYF,TRBV6-2,TRBJ2-5,CAASADGGSQGNLIF,Donor AJD3280:IEL TCRab CD4 FOXP3+ Treg,2.000000,-,-,-,-,-,-,-,-,-,-,-
163,GPQG%ET,8.7e-04,1,2,2.7e-07,1.0e+00,7.3e-02,1.3e-01,1.0e-03,2.9e-02,global-GPQG%ET,CASGpQGlETQYF,CASGPQGLETQYF,TRBV12-5,TRBJ2-5,CAESMGDNARLMF,Donor AJD3280:LP TCRab CD4 TRM,1.000000,-,-,-,-,-,-,-,-,-,-,-

164,SVD%DNE,8.7e-04,1,2,5.1e-07,1.0e+00,1.1e-01,1.6e-01,1.0e-03,2.9e-02,global-SVD%DNE,CSASvdsdNEQFF,CSASVDSDNEQFF,TRBV20-1,TRBJ2-1,CAVDQGGKLIF,Donor AJD3280:LP TCRab CD4 FOXP3+ Treg,2.000000,-,-,-,-,-,-,-,-,-,-,-
164,SVD%DNE,8.7e-04,1,2,5.1e-07,1.0e+00,1.1e-01,1.6e-01,1.0e-03,2.9e-02,global-SVD%DNE,CASSVDRdNEQFF,CASSVDRDNEQFF,TRBV6-4,TRBJ2-1,CAFMKISSGNTPLVF,Donor AJD3280:IEL TCRab CD4 Mobile TRM,1.000000,-,-,-,-,-,-,-,-,-,-,-
164,SVD%DNE,8.7e-04,1,2,5.1e-07,1.0e+00,1.1e-01,1.6e-01,1.0e-03,2.9e-02,global-SVD%DNE,CASSVDRdNEQFF,CASSVDRDNEQFF,TRBV6-4,TRBJ2-1,CAFMKISSGNTPLVF,Donor AJD3280:LP TCRab CD4 TRM,1.000000,-,-,-,-,-,-,-,-,-,-,-

165,SPPKG%NTGE,8.7e-04,1,2,2.9e-08,1.0e+00,1.0e-03,1.0e+00,1.0e-03,2.9e-02,global-SPPKG%NTGE,CASSPpkgaNTGELFF,CASSPPKGANTGELFF,TRBV18,TRBJ2-2,CIVRPAQGGSEKLVF,Donor AJD3280:LP TCRab CD4 TRM,1.000000,-,-,-,-,-,-,-,-,-,-,-
165,SPPKG%NTGE,8.7e-04,1,2,2.9e-08,1.0e+00,1.0e-03,1.0e+00,1.0e-03,2.9e-02,global-SPPKG%NTGE,CASSPpkGLNTGELFF,CASSPPKGLNTGELFF,TRBV18,TRBJ2-2,CIVRVAQGGSEKLVF,Donor AJD3280:PB TCRab CD4 Naive/TCM,1.000000,-,-,-,-,-,-,-,-,-,-,-

166,SP%GLAYNE,8.7e-04,1,2,1.7e-06,1.0e+00,5.8e-02,1.0e+00,1.0e-03,2.9e-02,global-SP%GLAYNE,CASSPqGLAYNEQFF,CASSPQGLAYNEQFF,TRBV7-9,TRBJ2-1,CIVRVVGFGNEKLTF,Donor AJD3280:LP TCRab CD4 FOXP3+ Treg,1.000000,-,-,-,-,-,-,-,-,-,-,-
166,SP%GLAYNE,8.7e-04,1,2,1.7e-06,1.0e+00,5.8e-02,1.0e+00,1.0e-03,2.9e-02,global-SP%GLAYNE,CASSPpGLAYNEQFF,CASSPPGLAYNEQFF,TRBV12-4,TRBJ2-1,CAVRDRGGNTPLVF,Donor AJD3280:PB TCRab CD4 Naive/TCM,1.000000,-,-,-,-,-,-,-,-,-,-,-

167,I%PGVNTE,8.7e-04,1,2,1.6e-06,1.0e+00,5.5e-02,1.0e+00,1.0e-03,2.9e-02,global-I%PGVNTE,CSAirpgvNTEAFF,CSAIRPGVNTEAFF,TRBV20-1,TRBJ1-1,CAVSDQGGKLIF,Donor AJD3280:L TCRab CD4 TRM,1.000000,-,-,-,-,-,-,-,-,-,-,-
167,I%PGVNTE,8.7e-04,1,2,1.6e-06,1.0e+00,5.5e-02,1.0e+00,1.0e-03,2.9e-02,global-I%PGVNTE,CASiipgvNTEAFF,CASIIPGVNTEAFF,TRBV19,TRBJ1-1,CAVSASGSARQLTF,Donor AJD3280:LP TCRab CD4 TRM,1.000000,-,-,-,-,-,-,-,-,-,-,-

168,MG%NTE,8.7e-04,2,2,2.0e-06,1.0e+00,7.0e-02,1.0e+00,1.0e-03,2.9e-02,global-MG%NTE,CASmGQNTEAFF,CASMGQNTEAFF,TRBV6-1,TRBJ1-1,CAVEDHGGGFKTIF,Donor AJKQ118:PB TCRab CD4 Naive/TCM,1.000000,-,-,-,-,-,-,-,-,-,-,-
168,MG%NTE,8.7e-04,2,2,2.0e-06,1.0e+00,7.0e-02,1.0e+00,1.0e-03,2.9e-02,global-MG%NTE,CSgmGLNTEAFF,CSGMGLNTEAFF,TRBV20-1,TRBJ1-1,CAVSRGSYIPTF,Donor AJD3280:PB TCRab CD4 Naive/TCM,1.000000,-,-,-,-,-,-,-,-,-,-,-

169,SI%AGSGANV,8.7e-04,1,2,3.4e-09,1.0e+00,1.0e-03,1.2e-01,1.0e-03,2.9e-02,global-SI%AGSGANV,CASSIdAGSGANVLTF,CASSIDAGSGANVLTF,TRBV19,TRBJ2-6,CAASDSNYQLIW,Donor AJD3280:L TCRab CD4 TRM,2.000000,-,-,-,-,-,-,-,-,-,-,-
169,SI%AGSGANV,8.7e-04,1,2,3.4e-09,1.0e+00,1.0e-03,1.2e-01,1.0e-03,2.9e-02,global-SI%AGSGANV,CASSIeAGSGANVLTF,CASSIEAGSGANVLTF,TRBV19,TRBJ2-6,CVVSRMEYGNKLVF,Donor AJD3280:L TCRab CD4 TRM,1.000000,-,-,-,-,-,-,-,-,-,-,-

170,%RTSGGAGTGE,8.7e-04,1,2,5.7e-09,1.0e+00,9.8e-02,2.0e-03,1.0e-03,2.9e-02,global-%RTSGGAGTGE,CAWSrTSGGagTGELFF,CAWSRTSGGAGTGELFF,TRBV30,TRBJ2-2,CIVRASFPASKLTF,Donor AJD3280:IEL TCRab CD4 TRM,2.000000,-,-,-,-,-,-,-,-,-,-,-
170,%RTSGGAGTGE,8.7e-04,1,2,5.7e-09,1.0e+00,9.8e-02,2.0e-03,1.0e-03,2.9e-02,global-%RTSGGAGTGE,CAWSrTSGGagTGELFF,CAWSRTSGGAGTGELFF,TRBV30,TRBJ2-2,CIVRASFPASKLTF,Donor AJD3280:LP TCRab CD4 TRM,9.000000,-,-,-,-,-,-,-,-,-,-,-
170,%RTSGGAGTGE,8.7e-04,1,2,5.7e-09,1.0e+00,9.8e-02,2.0e-03,1.0e-03,2.9e-02,global-%RTSGGAGTGE,CSARrTSGGagTGELFF,CSARRTSGGAGTGELFF,TRBV20-1,TRBJ2-2,CAVMPYSSASKIIF,Donor AJD3280:L TCRab CD4 TRM,1.000000,-,-,-,-,-,-,-,-,-,-,-

171,SS%DGPYE,8.7e-04,2,2,2.0e-06,1.0e+00,6.8e-02,1.0e+00,1.0e-03,2.9e-02,global-SS%DGPYE,CASSSldgpYEQYF,CASSSLDGPYEQYF,TRBV9,TRBJ2-7,CALRKPNAGGTSYGKLTF,Donor AJD3280:PB TCRab CD4 Naive/TCM,1.000000,-,-,-,-,-,-,-,-,-,-,-
171,SS%DGPYE,8.7e-04,2,2,2.0e-06,1.0e+00,6.8e-02,1.0e+00,1.0e-03,2.9e-02,global-SS%DGPYE,CASSSpdgpYEQYF,CASSSPDGPYEQYF,TRBV4-2,TRBJ2-7,CAVRNSNSGYALNF,Donor AJG2309:PB TCRab CD4 FOXP3+ Treg,1.000000,-,-,-,-,-,-,-,-,-,-,-

172,SDGQG%ET,8.7e-04,2,2,2.2e-06,1.0e+00,7.5e-02,1.0e+00,1.0e-03,2.9e-02,global-SDGQG%ET,CASSDGQGgETQYF,CASSDGQGGETQYF,TRBV5-6,TRBJ2-5,CVVNALSGYNKLIF,Donor AJG2309:L TCRab CD4 TRM,1.000000,-,-,-,-,-,-,-,-,-,-,-
172,SDGQG%ET,8.7e-04,2,2,2.2e-06,1.0e+00,7.5e-02,1.0e+00,1.0e-03,2.9e-02,global-SDGQG%ET,CASSDGQGtETQYF,CASSDGQGTETQYF,TRBV6-1,TRBJ2-5,CAVSDRGLTGGGNKLTF,Donor AJKQ118:PB TCRab CD4 Naive/TCM,1.000000,-,-,-,-,-,-,-,-,-,-,-

173,RP%TGGSP,8.7e-04,1,2,2.0e-06,1.0e+00,7.0e-02,1.0e+00,1.0e-03,2.9e-02,global-RP%TGGSP,CASrpwTGGSPLHF,CASRPWTGGSPLHF,TRBV27,TRBJ1-6,CAGDVETSGSRLTF,Donor AJD3280:LP TCRab CD4 Poised TCM,1.000000,-,-,-,-,-,-,-,-,-,-,-
173,RP%TGGSP,8.7e-04,1,2,2.0e-06,1.0e+00,7.0e-02,1.0e+00,1.0e-03,2.9e-02,global-RP%TGGSP,CASrpGTGGSPLHF,CASRPGTGGSPLHF,TRBV7-9,TRBJ1-6,CAVYSKLTF,Donor AJD3280:PB TCRab CD4 Naive/TCM,1.000000,-,-,-,-,-,-,-,-,-,-,-

174,SL%AGGDTGE,8.7e-04,2,2,2.1e-06,1.0e+00,7.1e-02,1.0e+00,1.0e-03,2.9e-02,global-SL%AGGDTGE,CASSLwAGGdTGELFF,CASSLWAGGDTGELFF,TRBV28,TRBJ2-2,CAGQPAGGFKTIF,Donor AJG2309:LP TCRab CD4 Poised TCM,1.000000,-,-,-,-,-,-,-,-,-,-,-
174,SL%AGGDTGE,8.7e-04,2,2,2.1e-06,1.0e+00,7.1e-02,1.0e+00,1.0e-03,2.9e-02,global-SL%AGGDTGE,CASSLiAGGdTGELFF,CASSLIAGGDTGELFF,TRBV7-3,TRBJ2-2,CAASTEGKLIF,Donor AJD3280:L TCRab CD4 FOXP3+ Treg,1.000000,-,-,-,-,-,-,-,-,-,-,-

175,S%ALGQP,8.7e-04,1,2,1.6e-06,1.0e+00,5.6e-02,1.0e+00,1.0e-03,2.9e-02,global-S%ALGQP,CASSEalgQPQHF,CASSEALGQPQHF,TRBV6-4,TRBJ1-5,CAAQDSNYQLIW,Donor AJKQ118:PB TCRab CD4 Naive/TCM,1.000000,-,-,-,-,-,-,-,-,-,-,-
175,S%ALGQP,8.7e-04,1,2,1.6e-06,1.0e+00,5.6e-02,1.0e+00,1.0e-03,2.9e-02,global-S%ALGQP,CASSLalgQPQHF,CASSLALGQPQHF,TRBV12-3,TRBJ1-5,CFCGYNKLIF,Donor AJKQ118:PB TCRab CD4 Naive/TCM,1.000000,-,-,-,-,-,-,-,-,-,-,-

176,S%GRDEK,8.7e-04,2,2,1.7e-06,1.0e+00,5.8e-02,1.0e+00,1.0e-03,2.9e-02,global-S%GRDEK,CSASgGRdEKLFF,CSASGGRDEKLFF,TRBV29-1,TRBJ1-4,CAVKAPGNTPLVF,Donor AJD3280:PB TCRab CD4 Naive/TCM,1.000000,-,-,-,-,-,-,-,-,-,-,-
176,S%GRDEK,8.7e-04,2,2,1.7e-06,1.0e+00,5.8e-02,1.0e+00,1.0e-03,2.9e-02,global-S%GRDEK,CASSKGRdEKLFF,CASSKGRDEKLFF,TRBV5-1,TRBJ1-4,CAGGVGKLIF,Donor AJKQ118:PB TCRab CD4 Naive/TCM,1.000000,-,-,-,-,-,-,-,-,-,-,-

177,SHGS%YE,8.7e-04,2,2,1.8e-06,1.0e+00,6.2e-02,1.0e+00,1.0e-03,2.9e-02,global-SHGS%YE,CASShgSGYEQYF,CASSHGSGYEQYF,TRBV12-3,TRBJ2-7,CAGESYSSASKIIF,Donor AJG2309:LP TCRab CD4 TRM,1.000000,-,-,-,-,-,-,-,-,-,-,-
177,SHGS%YE,8.7e-04,2,2,1.8e-06,1.0e+00,6.2e-02,1.0e+00,1.0e-03,2.9e-02,global-SHGS%YE,CASShgspYEQYF,CASSHGSPYEQYF,TRBV7-2,TRBJ2-7,CALSDSTGGFKTIF,Donor AJD3280:L TCRab CD4 FOXP3+ Treg,1.000000,-,-,-,-,-,-,-,-,-,-,-

178,SLV%GP,8.7e-04,2,2,1.9e-06,1.0e+00,6.6e-02,1.0e+00,1.0e-03,2.9e-02,global-SLV%GP,CASSLvRGPQHF,CASSLVRGPQHF,TRBV7-8,TRBJ1-5,CAENTDNYGQNFVF,Donor AJKQ118:PB TCRab CD4 FOXP3+ Treg,1.000000,-,-,-,-,-,-,-,-,-,-,-
178,SLV%GP,8.7e-04,2,2,1.9e-06,1.0e+00,6.6e-02,1.0e+00,1.0e-03,2.9e-02,global-SLV%GP,CASSLvGGPQHF,CASSLVGGPQHF,TRBV19,TRBJ1-5,CAVRSKNRDDKIIF,Donor AJD3280:L TCRab CD4 TCM,1.000000,-,-,-,-,-,-,-,-,-,-,-

179,SLGTSGD%,8.7e-04,1,2,1.7e-06,1.0e+00,5.7e-02,1.0e+00,1.0e-03,2.9e-02,global-SLGTSGD%,CASSLGTSGDTQYF,CASSLGTSGDTQYF,TRBV7-7,TRBJ2-3,CASGTSYGKLTF,Donor AJG2309:L TCRab CD4 TRM,1.000000,-,-,-,-,-,-,-,-,-,-,-
179,SLGTSGD%,8.7e-04,1,2,1.7e-06,1.0e+00,5.7e-02,1.0e+00,1.0e-03,2.9e-02,global-SLGTSGD%,CASSLGTSGdEQFF,CASSLGTSGDEQFF,TRBV7-3,TRBJ2-1,CAVRRNNAGNMLTF,Donor AJG2309:PB TCRab CD4 Naive/TCM,1.000000,-,-,-,-,-,-,-,-,-,-,-

180,SLDRGTD%,8.7e-04,2,2,1.6e-06,1.0e+00,5.6e-02,1.0e+00,1.0e-03,2.9e-02,global-SLDRGTD%,CASSLDRGTDTQYF,CASSLDRGTDTQYF,TRBV7-2,TRBJ2-3,CALKKTSGSRLTF,Donor AJG2309:LP TCRab CD4 FOXP3+ Treg,1.000000,-,-,-,-,-,-,-,-,-,-,-
180,SLDRGTD%,8.7e-04,2,2,1.6e-06,1.0e+00,5.6e-02,1.0e+00,1.0e-03,2.9e-02,global-SLDRGTD%,CASSLDRGtdEQFF,CASSLDRGTDEQFF,TRBV11-2,TRBJ2-1,CAVSNTGNQFYF,Donor AJD3280:LP TCRab CD4 TRM,1.000000,-,-,-,-,-,-,-,-,-,-,-

181,SS%GASGANV,8.7e-04,1,2,1.7e-06,1.0e+00,5.7e-02,1.0e+00,1.0e-03,2.9e-02,global-SS%GASGANV,CASSSQGaSGANVLTF,CASSSQGASGANVLTF,TRBV11-3,TRBJ2-6,CAVIGINARLMF,Donor AJD3280:LP TCRab CD4 TRM,1.000000,-,-,-,-,-,-,-,-,-,-,-
181,SS%GASGANV,8.7e-04,1,2,1.7e-06,1.0e+00,5.7e-02,1.0e+00,1.0e-03,2.9e-02,global-SS%GASGANV,CASSSpgaSGANVLTF,CASSSPGASGANVLTF,TRBV28,TRBJ2-6,CALTHNSGNTPLVF,Donor AJD3280:LP TCRab CD4 Poised TCM,1.000000,-,-,-,-,-,-,-,-,-,-,-

182,SPRGGG%TGE,8.7e-04,1,2,2.0e-06,1.0e+00,7.0e-02,1.0e+00,1.0e-03,2.9e-02,global-SPRGGG%TGE,CASSPRGggaTGELFF,CASSPRGGGATGELFF,TRBV11-3,TRBJ2-2,CAVRLNTGFQKLVF,Donor AJD3280:LP TCRab CD4 TRM,1.000000,-,-,-,-,-,-,-,-,-,-,-
182,SPRGGG%TGE,8.7e-04,1,2,2.0e-06,1.0e+00,7.0e-02,1.0e+00,1.0e-03,2.9e-02,global-SPRGGG%TGE,CASSPRGggNTGELFF,CASSPRGGGNTGELFF,TRBV6-2,TRBJ2-2,CALKIGFGNVLHC,Donor AJD3280:LP TCRab CD4 Poised TCM,1.000000,-,-,-,-,-,-,-,-,-,-,-

183,%QGAPTE,8.7e-04,2,2,1.7e-06,1.0e+00,5.7e-02,1.0e+00,1.0e-03,2.9e-02,global-%QGAPTE,CSAiQGapTEAFF,CSAIQGAPTEAFF,TRBV29-1,TRBJ1-1,CAGLIGFGNVLHC,Donor AJG2309:L TCRab CD4 TRM,1.000000,-,-,-,-,-,-,-,-,-,-,-
183,%QGAPTE,8.7e-04,2,2,1.7e-06,1.0e+00,5.7e-02,1.0e+00,1.0e-03,2.9e-02,global-%QGAPTE,CASSQgapTEAFF,CASSQGAPTEAFF,TRBV19,TRBJ1-1,CALRTKYSSASKIIF,Donor AJD3280:IEL TCRab CD4 Mobile TRM,1.000000,-,-,-,-,-,-,-,-,-,-,-

184,SL%GRSDT,8.7e-04,2,2,2.0e-06,1.0e+00,6.7e-02,1.0e+00,1.0e-03,2.9e-02,global-SL%GRSDT,CASSLQGrsDTQYF,CASSLQGRSDTQYF,TRBV3-1,TRBJ2-3,CVVNPRETSYDKVIF,Donor AJD3280:LP TCRab CD4 TRM,1.000000,-,-,-,-,-,-,-,-,-,-,-
184,SL%GRSDT,8.7e-04,2,2,2.0e-06,1.0e+00,6.7e-02,1.0e+00,1.0e-03,2.9e-02,global-SL%GRSDT,CASSLiGRsDTQYF,CASSLIGRSDTQYF,TRBV7-2,TRBJ2-3,CAMRPSGNTPLVF,Donor AJG2309:PB TCRab CD4 Naive/TCM,1.000000,-,-,-,-,-,-,-,-,-,-,-

185,RR%GVET,8.7e-04,2,2,1.9e-06,1.0e+00,6.5e-02,1.0e+00,1.0e-03,2.9e-02,global-RR%GVET,CASrrTGvETQYF,CASRRTGVETQYF,TRBV6-5,TRBJ2-5,CAESMTGFQKLVF,Donor AJG2309:PB TCRab CD4 Naive/TCM,1.000000,-,-,-,-,-,-,-,-,-,-,-
185,RR%GVET,8.7e-04,2,2,1.9e-06,1.0e+00,6.5e-02,1.0e+00,1.0e-03,2.9e-02,global-RR%GVET,CASrrQGvETQYF,CASRRQGVETQYF,TRBV12-3,TRBJ2-5,CAVGAKETSYDKVIF,Donor AJD3280:LP TCRab CD4 Poised TCM,1.000000,-,-,-,-,-,-,-,-,-,-,-

186,S%GDSNEK,8.7e-04,2,2,2.3e-07,1.0e+00,8.0e-03,1.0e+00,1.0e-03,2.9e-02,global-S%GDSNEK,CASSLgdsNEKLFF,CASSLGDSNEKLFF,TRBV7-9,TRBJ1-4,CVVGGGSNYKLTF,Donor AJD3280:LP TCRab CD4 TRM,1.000000,-,-,-,-,-,-,-,-,-,-,-
186,S%GDSNEK,8.7e-04,2,2,2.3e-07,1.0e+00,8.0e-03,1.0e+00,1.0e-03,2.9e-02,global-S%GDSNEK,CASSLgdsNEKLFF,CASSLGDSNEKLFF,TRBV7-9,TRBJ1-4,CALSVGNQGGKLIF,Donor AJD3280:LP TCRab CD4 TRM,1.000000,-,-,-,-,-,-,-,-,-,-,-
186,S%GDSNEK,8.7e-04,2,2,2.3e-07,1.0e+00,8.0e-03,1.0e+00,1.0e-03,2.9e-02,global-S%GDSNEK,CASSQgdsNEKLFF,CASSQGDSNEKLFF,TRBV5-1,TRBJ1-4,CVVNTGTASKLTF,Donor AJG2309:LP TCRab CD4 TRM,1.000000,-,-,-,-,-,-,-,-,-,-,-

187,SLA%GGDQP,8.7e-04,1,2,2.9e-08,1.0e+00,1.0e-03,1.0e+00,1.0e-03,2.9e-02,global-SLA%GGDQP,CASSLaQGgdQPQHF,CASSLAQGGDQPQHF,TRBV7-2,TRBJ1-5,CAARKPQNFVF,Donor AJD3280:LP TCRab CD4 Mobile TRM,1.000000,-,-,-,-,-,-,-,-,-,-,-
187,SLA%GGDQP,8.7e-04,1,2,2.9e-08,1.0e+00,1.0e-03,1.0e+00,1.0e-03,2.9e-02,global-SLA%GGDQP,CASSLaQGgdQPQHF,CASSLAQGGDQPQHF,TRBV7-2,TRBJ1-5,CAARKPQNFVF,Donor AJD3280:LP TCRab CD4 TRM,1.000000,-,-,-,-,-,-,-,-,-,-,-
187,SLA%GGDQP,8.7e-04,1,2,2.9e-08,1.0e+00,1.0e-03,1.0e+00,1.0e-03,2.9e-02,global-SLA%GGDQP,CASSLaSGGdQPQHF,CASSLASGGDQPQHF,TRBV7-2,TRBJ1-5,CAASKTNAGKSTF,Donor AJD3280:L TCRab CD4 TRM,1.000000,-,-,-,-,-,-,-,-,-,-,-

188,SQDRGT%G,8.7e-04,1,2,2.9e-08,1.0e+00,1.0e-03,1.0e+00,1.0e-03,2.9e-02,global-SQDRGT%G,CASSQDRGtYGYTF,CASSQDRGTYGYTF,TRBV4-2,TRBJ1-2,CVVNQGNAGKSTF,Donor AJD3280:PB TCRab CD4 Naive/TCM,1.000000,-,-,-,-,-,-,-,-,-,-,-
188,SQDRGT%G,8.7e-04,1,2,2.9e-08,1.0e+00,1.0e-03,1.0e+00,1.0e-03,2.9e-02,global-SQDRGT%G,CASSQDRGtfGYTF,CASSQDRGTFGYTF,TRBV4-2,TRBJ1-2,CALSGWGSGNTGKLIF,Donor AJD3280:L TCRab CD4 TRM,1.000000,-,-,-,-,-,-,-,-,-,-,-
188,SQDRGT%G,8.7e-04,1,2,2.9e-08,1.0e+00,1.0e-03,1.0e+00,1.0e-03,2.9e-02,global-SQDRGT%G,CASSQDRGtfGYTF,CASSQDRGTFGYTF,TRBV4-2,TRBJ1-2,CAGVGAGNNRKLIW,Donor AJD3280:LP TCRab CD4 TRM,1.000000,-,-,-,-,-,-,-,-,-,-,-

189,S%QTDYE,8.7e-04,2,2,5.8e-10,1.0e+00,4.0e-03,5.0e-03,1.0e-03,2.9e-02,global-S%QTDYE,CASSRqtdYEQYF,CASSRQTDYEQYF,TRBV4-1,TRBJ2-7,CAENMGNTDKLIF,Donor AJKQ118:PB TCRab CD4 Naive/TCM,1.000000,-,-,-,-,-,-,-,-,-,-,-
189,S%QTDYE,8.7e-04,2,2,5.8e-10,1.0e+00,4.0e-03,5.0e-03,1.0e-03,2.9e-02,global-S%QTDYE,CASSaqtdYEQYF,CASSAQTDYEQYF,TRBV6-1,TRBJ2-7,CALSRNSGNTPLVF,Donor AJD3280:L TCRab CD4 TRM,1.000000,-,-,-,-,-,-,-,-,-,-,-
189,S%QTDYE,8.7e-04,2,2,5.8e-10,1.0e+00,4.0e-03,5.0e-03,1.0e-03,2.9e-02,global-S%QTDYE,CASSaqtdYEQYF,CASSAQTDYEQYF,TRBV6-1,TRBJ2-7,CALSRNSGNTPLVF,Donor AJD3280:LP TCRab CD4 TRM,6.000000,-,-,-,-,-,-,-,-,-,-,-

190,SLAGV%TE,8.7e-04,1,2,2.0e-06,1.0e+00,6.8e-02,1.0e+00,1.0e-03,2.9e-02,global-SLAGV%TE,CASSLAGvrTEAFF,CASSLAGVRTEAFF,TRBV7-2,TRBJ1-1,CAVQGGSEKLVF,Donor AJKQ118:PB TCRab CD4 Naive/TCM,1.000000,-,-,-,-,-,-,-,-,-,-,-
190,SLAGV%TE,8.7e-04,1,2,2.0e-06,1.0e+00,6.8e-02,1.0e+00,1.0e-03,2.9e-02,global-SLAGV%TE,CASSLAGvNTEAFF,CASSLAGVNTEAFF,TRBV5-1,TRBJ1-1,CALVNNAGNMLTF,Donor AJKQ118:PB TCRab CD4 Naive/TCM,1.000000,-,-,-,-,-,-,-,-,-,-,-

191,S%RDRGGNE,8.7e-04,1,2,2.3e-06,1.0e+00,7.8e-02,1.0e+00,1.0e-03,2.9e-02,global-S%RDRGGNE,CASSPrDRGgNEQFF,CASSPRDRGGNEQFF,TRBV18,TRBJ2-1,CAASALSGGFKTIF,Donor AJD3280:IEL TCRab CD4 Mobile TRM,1.000000,-,-,-,-,-,-,-,-,-,-,-
191,S%RDRGGNE,8.7e-04,1,2,2.3e-06,1.0e+00,7.8e-02,1.0e+00,1.0e-03,2.9e-02,global-S%RDRGGNE,CATStrDRGgNEQFF,CATSTRDRGGNEQFF,TRBV15,TRBJ2-1,CVVLTGGGNKLTF,Donor AJD3280:PB TCRab CD4 Naive/TCM,1.000000,-,-,-,-,-,-,-,-,-,-,-

192,GGKG%QP,8.7e-04,1,2,8.7e-10,1.0e+00,1.0e-03,3.0e-02,1.0e-03,2.9e-02,global-GGKG%QP,CSAGgkgdQPQHF,CSAGGKGDQPQHF,TRBV20-1,TRBJ1-5,CAASKGLTGGGNKLTF,Donor AJD3280:LP TCRab CD4 Mobile TRM,1.000000,-,-,-,-,-,-,-,-,-,-,-
192,GGKG%QP,8.7e-04,1,2,8.7e-10,1.0e+00,1.0e-03,3.0e-02,1.0e-03,2.9e-02,global-GGKG%QP,CSAGgkgNQPQHF,CSAGGKGNQPQHF,TRBV20-1,TRBJ1-5,CAASKGITGGGNKLTF,Donor AJD3280:L TCRab CD4 TRM,3.000000,-,-,-,-,-,-,-,-,-,-,-
192,GGKG%QP,8.7e-04,1,2,8.7e-10,1.0e+00,1.0e-03,3.0e-02,1.0e-03,2.9e-02,global-GGKG%QP,CSAGgkgNQPQHF,CSAGGKGNQPQHF,TRBV20-1,TRBJ1-5,CAASKGITGGGNKLTF,Donor AJD3280:LP TCRab CD4 Mobile TRM,2.000000,-,-,-,-,-,-,-,-,-,-,-
192,GGKG%QP,8.7e-04,1,2,8.7e-10,1.0e+00,1.0e-03,3.0e-02,1.0e-03,2.9e-02,global-GGKG%QP,CSAGgkgNQPQHF,CSAGGKGNQPQHF,TRBV20-1,TRBJ1-5,CAASKGITGGGNKLTF,Donor AJD3280:LP TCRab CD4 TRM,2.000000,-,-,-,-,-,-,-,-,-,-,-
192,GGKG%QP,8.7e-04,1,2,8.7e-10,1.0e+00,1.0e-03,3.0e-02,1.0e-03,2.9e-02,global-GGKG%QP,CSAGgkgNQPQHF,CSAGGKGNQPQHF,TRBV20-1,TRBJ1-5,CAASKGLTGGGNKLTF,Donor AJD3280:LP TCRab CD4 TRM,1.000000,-,-,-,-,-,-,-,-,-,-,-

193,SY%TSANTGE,8.7e-04,1,2,1.2e-07,1.0e+00,4.0e-03,1.0e+00,1.0e-03,2.9e-02,global-SY%TSANTGE,CASSYpTSaNTGELFF,CASSYPTSANTGELFF,TRBV4-2,TRBJ2-2,CAVGANAGKSTF,Donor AJD3280:LP TCRab CD4 TRM,1.000000,-,-,-,-,-,-,-,-,-,-,-
193,SY%TSANTGE,8.7e-04,1,2,1.2e-07,1.0e+00,4.0e-03,1.0e+00,1.0e-03,2.9e-02,global-SY%TSANTGE,CASSYrTSaNTGELFF,CASSYRTSANTGELFF,TRBV7-9,TRBJ2-2,CAASPPRGSQGNLIF,Donor AJD3280:LP TCRab CD4 Poised TCM,1.000000,-,-,-,-,-,-,-,-,-,-,-
193,SY%TSANTGE,8.7e-04,1,2,1.2e-07,1.0e+00,4.0e-03,1.0e+00,1.0e-03,2.9e-02,global-SY%TSANTGE,CASSYrTSaNTGELFF,CASSYRTSANTGELFF,TRBV7-9,TRBJ2-2,CAEIKRGSQGNLIF,Donor AJD3280:LP TCRab CD4 Poised TCM,1.000000,-,-,-,-,-,-,-,-,-,-,-

194,SSQGV%EK,8.7e-04,2,2,2.1e-06,1.0e+00,7.1e-02,1.0e+00,1.0e-03,2.9e-02,global-SSQGV%EK,CASSSQGveEKLFF,CASSSQGVEEKLFF,TRBV5-4,TRBJ1-4,CAVWDTNAGKSTF,Donor AJG2309:LP TCRab CD4 TRM,1.000000,-,-,-,-,-,-,-,-,-,-,-
194,SSQGV%EK,8.7e-04,2,2,2.1e-06,1.0e+00,7.1e-02,1.0e+00,1.0e-03,2.9e-02,global-SSQGV%EK,CASSSQGvrEKLFF,CASSSQGVREKLFF,TRBV18,TRBJ1-4,CAGACEDSNYQLIW,Donor AJD3280:LP TCRab CD4 Poised TCM,1.000000,-,-,-,-,-,-,-,-,-,-,-

195,%DRGREK,8.7e-04,1,2,2.0e-06,1.0e+00,6.7e-02,1.0e+00,1.0e-03,2.9e-02,global-%DRGREK,CASrDRGrEKLFF,CASRDRGREKLFF,TRBV12-4,TRBJ1-4,CAENMKTSYDKVIF,Donor AJD3280:IEL TCRab CD4 Mobile TRM,1.000000,-,-,-,-,-,-,-,-,-,-,-
195,%DRGREK,8.7e-04,1,2,2.0e-06,1.0e+00,6.7e-02,1.0e+00,1.0e-03,2.9e-02,global-%DRGREK,CASlDRGrEKLFF,CASLDRGREKLFF,TRBV19,TRBJ1-4,CAVGGFGNVLHC,Donor AJD3280:LP TCRab CD4 Tph,1.000000,-,-,-,-,-,-,-,-,-,-,-

196,SPG%ADTYE,8.7e-04,1,2,2.0e-06,1.0e+00,6.7e-02,1.0e+00,1.0e-03,2.9e-02,global-SPG%ADTYE,CATSpgeadtYEQYF,CATSPGEADTYEQYF,TRBV15,TRBJ2-7,CLVGPNDMRF,Donor AJD3280:PB TCRab CD4 Naive/TCM,1.000000,-,-,-,-,-,-,-,-,-,-,-
196,SPG%ADTYE,8.7e-04,1,2,2.0e-06,1.0e+00,6.7e-02,1.0e+00,1.0e-03,2.9e-02,global-SPG%ADTYE,CASSPGQadtYEQYF,CASSPGQADTYEQYF,TRBV18,TRBJ2-7,CAPSGAGGTSYGKLTF,Donor AJD3280:LP TCRab CD4 Poised TCM,1.000000,-,-,-,-,-,-,-,-,-,-,-

197,SPAGRT%T,8.7e-04,1,2,1.7e-06,1.0e+00,5.8e-02,1.0e+00,1.0e-03,2.9e-02,global-SPAGRT%T,CSASpaGRtETQYF,CSASPAGRTETQYF,TRBV20-1,TRBJ2-5,CAVRRNTNAGKSTF,Donor AJKQ118:L TCRab CD4 TRM,1.000000,-,-,-,-,-,-,-,-,-,-,-
197,SPAGRT%T,8.7e-04,1,2,1.7e-06,1.0e+00,5.8e-02,1.0e+00,1.0e-03,2.9e-02,global-SPAGRT%T,CASSPaGRTDTQYF,CASSPAGRTDTQYF,TRBV18,TRBJ2-3,CAVGVSTGNQFYF,Donor AJKQ118:LP TCRab CD4 TRM,1.000000,-,-,-,-,-,-,-,-,-,-,-

198,SPQGN%NQP,8.7e-04,2,2,2.9e-07,1.0e+00,1.0e-02,1.0e+00,1.0e-03,2.9e-02,global-SPQGN%NQP,CASSPQGnSNQPQHF,CASSPQGNSNQPQHF,TRBV3-1,TRBJ1-5,CVVSPYNAGGTSYGKLTF,Donor AJD3280:L TCRab CD4 TRM,1.000000,-,-,-,-,-,-,-,-,-,-,-
198,SPQGN%NQP,8.7e-04,2,2,2.9e-07,1.0e+00,1.0e-02,1.0e+00,1.0e-03,2.9e-02,global-SPQGN%NQP,CASSPQGnSNQPQHF,CASSPQGNSNQPQHF,TRBV3-1,TRBJ1-5,CVVSPYNAGGTSYGKLTF,Donor AJD3280:LP TCRab CD4 TRM,1.000000,-,-,-,-,-,-,-,-,-,-,-
198,SPQGN%NQP,8.7e-04,2,2,2.9e-07,1.0e+00,1.0e-02,1.0e+00,1.0e-03,2.9e-02,global-SPQGN%NQP,CASSPQGnSNQPQHF,CASSPQGNSNQPQHF,TRBV3-1,TRBJ1-5,CVVNSGGSNYKLTF,Donor AJD3280:LP TCRab CD4 TRM,1.000000,-,-,-,-,-,-,-,-,-,-,-
198,SPQGN%NQP,8.7e-04,2,2,2.9e-07,1.0e+00,1.0e-02,1.0e+00,1.0e-03,2.9e-02,global-SPQGN%NQP,CASSPQGngNQPQHF,CASSPQGNGNQPQHF,TRBV18,TRBJ1-5,CAYRGLDNYGQNFVF,Donor AJKQ118:IEL TCRab CD4 TRM,1.000000,-,-,-,-,-,-,-,-,-,-,-

199,SPGTG%YNSP,8.7e-04,1,2,1.6e-06,1.0e+00,5.4e-02,1.0e+00,1.0e-03,2.9e-02,global-SPGTG%YNSP,CASSPGTGaYNSPLHF,CASSPGTGAYNSPLHF,TRBV12-4,TRBJ1-6,CAVDMKEYGNKLVF,Donor AJD3280:LP TCRab CD4 TRM,1.000000,-,-,-,-,-,-,-,-,-,-,-
199,SPGTG%YNSP,8.7e-04,1,2,1.6e-06,1.0e+00,5.4e-02,1.0e+00,1.0e-03,2.9e-02,global-SPGTG%YNSP,CASSPGTGGYNSPLHF,CASSPGTGGYNSPLHF,TRBV27,TRBJ1-6,CAVGNQGGKLIF,Donor AJD3280:IEL TCRab CD4 TRM,1.000000,-,-,-,-,-,-,-,-,-,-,-

200,SQRG%ET,8.7e-04,2,2,1.7e-06,1.0e+00,6.0e-02,1.0e+00,1.0e-03,2.9e-02,global-SQRG%ET,CASSQRGkETQYF,CASSQRGKETQYF,TRBV3-1,TRBJ2-5,CAAGGDYTGTASKLTF,Donor AJD3280:PB TCRab CD4 Naive/TCM,1.000000,-,-,-,-,-,-,-,-,-,-,-
200,SQRG%ET,8.7e-04,2,2,1.7e-06,1.0e+00,6.0e-02,1.0e+00,1.0e-03,2.9e-02,global-SQRG%ET,CASSQRGQETQYF,CASSQRGQETQYF,TRBV14,TRBJ2-5,CVVNAGGYQKVTF,Donor AJG2309:LP TCRab CD4 Poised TCM,1.000000,-,-,-,-,-,-,-,-,-,-,-

201,RGGQ%YNE,8.7e-04,2,2,2.2e-06,1.0e+00,7.5e-02,1.0e+00,1.0e-03,2.9e-02,global-RGGQ%YNE,CASRGgqtYNEQFF,CASRGGQTYNEQFF,TRBV12-4,TRBJ2-1,CAVRDMGGGYNKLIF,Donor AJD3280:L TCRab CD4 Naive/TCM,1.000000,-,-,-,-,-,-,-,-,-,-,-
201,RGGQ%YNE,8.7e-04,2,2,2.2e-06,1.0e+00,7.5e-02,1.0e+00,1.0e-03,2.9e-02,global-RGGQ%YNE,CSARgGQGYNEQFF,CSARGGQGYNEQFF,TRBV20-1,TRBJ2-1,CAASSGGSNYKLTF,Donor AJKQ118:PB TCRab CD4 Naive/TCM,1.000000,-,-,-,-,-,-,-,-,-,-,-

202,%QGGRNQP,8.7e-04,1,2,1.8e-06,1.0e+00,6.1e-02,1.0e+00,1.0e-03,2.9e-02,global-%QGGRNQP,CASTQGgrNQPQHF,CASTQGGRNQPQHF,TRBV7-8,TRBJ1-5,CAPYGGSQGNLIF,Donor AJD3280:LP TCRab CD4 Poised TCM,1.000000,-,-,-,-,-,-,-,-,-,-,-
202,%QGGRNQP,8.7e-04,1,2,1.8e-06,1.0e+00,6.1e-02,1.0e+00,1.0e-03,2.9e-02,global-%QGGRNQP,CATeQGgrNQPQHF,CATEQGGRNQPQHF,TRBV19,TRBJ1-5,CAVRDSAGFQKLVF,Donor AJD3280:IEL TCRab CD4 Mobile TRM,1.000000,-,-,-,-,-,-,-,-,-,-,-

203,SRT%GRNE,8.7e-04,2,2,4.8e-06,1.0e+00,1.7e-01,1.0e+00,1.0e-03,2.9e-02,global-SRT%GRNE,CASSRTSGRNEQFF,CASSRTSGRNEQFF,TRBV7-2,TRBJ2-1,CAGYAGGTSYGKLTF,Donor AJKQ118:PB TCRab CD4 Naive/TCM,1.000000,-,-,-,-,-,-,-,-,-,-,-
203,SRT%GRNE,8.7e-04,2,2,4.8e-06,1.0e+00,1.7e-01,1.0e+00,1.0e-03,2.9e-02,global-SRT%GRNE,CASSRTGGrNEQFF,CASSRTGGRNEQFF,TRBV7-9,TRBJ2-1,CGTEGEYGNKLVF,Donor AJD3280:PB TCRab CD4 Naive/TCM,1.000000,-,-,-,-,-,-,-,-,-,-,-
203,SRT%GRNE,8.7e-04,2,2,4.8e-06,1.0e+00,1.7e-01,1.0e+00,1.0e-03,2.9e-02,global-SRT%GRNE,CASSRTGGrNEQFF,CASSRTGGRNEQFF,TRBV6-2,TRBJ2-1,CGTGSTSGGSYIPTF,Donor AJKQ118:IEL TCRab CD4 TRM,1.000000,-,-,-,-,-,-,-,-,-,-,-

204,SQ%QGDTE,8.7e-04,2,2,2.0e-06,1.0e+00,7.0e-02,1.0e+00,1.0e-03,2.9e-02,global-SQ%QGDTE,CASSQGQGdTEAFF,CASSQGQGDTEAFF,TRBV7-9,TRBJ1-1,CAYRSAPTGNQFYF,Donor AJD3280:PB TCRab CD4 Naive/TCM,1.000000,-,-,-,-,-,-,-,-,-,-,-
204,SQ%QGDTE,8.7e-04,2,2,2.0e-06,1.0e+00,7.0e-02,1.0e+00,1.0e-03,2.9e-02,global-SQ%QGDTE,CASSQvQGdTEAFF,CASSQVQGDTEAFF,TRBV3-1,TRBJ1-1,CAYRRGVSNNARLMF,Donor AJG2309:PB TCRab CD4 Naive/TCM,1.000000,-,-,-,-,-,-,-,-,-,-,-

205,SLQGS%G,8.7e-04,2,2,1.8e-06,1.0e+00,6.1e-02,1.0e+00,1.0e-03,2.9e-02,global-SLQGS%G,CASSLQGsYGYTF,CASSLQGSYGYTF,TRBV12-4,TRBJ1-2,CAVSDDYKLSF,Donor AJKQ118:PB TCRab CD4 Naive/TCM,1.000000,-,-,-,-,-,-,-,-,-,-,-
205,SLQGS%G,8.7e-04,2,2,1.8e-06,1.0e+00,6.1e-02,1.0e+00,1.0e-03,2.9e-02,global-SLQGS%G,CASSLQGssGYTF,CASSLQGSSGYTF,TRBV13,TRBJ1-2,CAVDGEETSGSRLTF,Donor AJD3280:PB TCRab CD4 Naive/TCM,1.000000,-,-,-,-,-,-,-,-,-,-,-

206,SAGTGW%YE,8.7e-04,1,2,2.9e-08,1.0e+00,1.0e-03,1.0e+00,1.0e-03,2.9e-02,global-SAGTGW%YE,CASSaGTGwtYEQYF,CASSAGTGWTYEQYF,TRBV9,TRBJ2-7,CIRNSGNTPLVF,Donor AJG2309:LP TCRab CD4 TRM,1.000000,-,-,-,-,-,-,-,-,-,-,-
206,SAGTGW%YE,8.7e-04,1,2,2.9e-08,1.0e+00,1.0e-03,1.0e+00,1.0e-03,2.9e-02,global-SAGTGW%YE,CASSaGTGweYEQYF,CASSAGTGWEYEQYF,TRBV9,TRBJ2-7,CILNPGNTPLVF,Donor AJG2309:LP TCRab CD4 TRM,1.000000,-,-,-,-,-,-,-,-,-,-,-

207,RKTG%QP,8.7e-04,2,2,2.9e-08,1.0e+00,1.0e-03,1.0e+00,1.0e-03,2.9e-02,global-RKTG%QP,CASrkTGtQPQHF,CASRKTGTQPQHF,TRBV6-5,TRBJ1-5,CVVSSNSGYALNF,Donor AJG2309:LP TCRab CD4 TRM,1.000000,-,-,-,-,-,-,-,-,-,-,-
207,RKTG%QP,8.7e-04,2,2,2.9e-08,1.0e+00,1.0e-03,1.0e+00,1.0e-03,2.9e-02,global-RKTG%QP,CASrkTGNQPQHF,CASRKTGNQPQHF,TRBV6-5,TRBJ1-5,CAGPGGNNRKLIW,Donor AJD3280:LP TCRab CD4 Naive/TCM,1.000000,-,-,-,-,-,-,-,-,-,-,-

208,SFSGS%QET,8.7e-04,1,2,1.2e-10,1.0e+00,1.0e-03,4.0e-03,1.0e-03,2.9e-02,global-SFSGS%QET,CASSfSGssQETQYF,CASSFSGSSQETQYF,TRBV5-4,TRBJ2-5,CIVNFRLNKFYF,Donor AJKQ118:LP TCRab CD4 TRM,1.000000,-,-,-,-,-,-,-,-,-,-,-
208,SFSGS%QET,8.7e-04,1,2,1.2e-10,1.0e+00,1.0e-03,4.0e-03,1.0e-03,2.9e-02,global-SFSGS%QET,CASSfSGspQETQYF,CASSFSGSPQETQYF,TRBV5-4,TRBJ2-5,CALVIKAAGNKLTF,Donor AJKQ118:LP TCRab CD4 TRM,7.000000,-,-,-,-,-,-,-,-,-,-,-

209,RDFQGAG%,8.7e-04,1,2,3.3e-09,1.0e+00,1.0e-03,1.1e-01,1.0e-03,2.9e-02,global-RDFQGAG%,CSARdfQGaGELFF,CSARDFQGAGELFF,TRBV20-1,TRBJ2-2,CIVRVVGGTSYGKLTF,Donor AJKQ118:IEL TCRab CD4 Mobile TRM,2.000000,-,-,-,-,-,-,-,-,-,-,-
209,RDFQGAG%,8.7e-04,1,2,3.3e-09,1.0e+00,1.0e-03,1.1e-01,1.0e-03,2.9e-02,global-RDFQGAG%,CSARdfQGagGYTF,CSARDFQGAGGYTF,TRBV20-1,TRBJ1-2,CAISSGGSNYKLTF,Donor AJKQ118:LP TCRab CD4 TRM,1.000000,-,-,-,-,-,-,-,-,-,-,-

210,SG%GGRET,8.7e-04,2,2,2.1e-06,1.0e+00,7.2e-02,1.0e+00,1.0e-03,2.9e-02,global-SG%GGRET,CAWSgAGGrETQYF,CAWSGAGGRETQYF,TRBV30,TRBJ2-5,CVVTMNTGFQKLVF,Donor AJD3280:PB TCRab CD4 Naive/TCM,1.000000,-,-,-,-,-,-,-,-,-,-,-
210,SG%GGRET,8.7e-04,2,2,2.1e-06,1.0e+00,7.2e-02,1.0e+00,1.0e-03,2.9e-02,global-SG%GGRET,CASSGTGGrETQYF,CASSGTGGRETQYF,TRBV6-1,TRBJ2-5,CVVNDGGSEKLVF,Donor AJKQ118:PB TCRab CD4 Naive/TCM,1.000000,-,-,-,-,-,-,-,-,-,-,-

211,SLMASG%DT,8.7e-04,1,2,1.7e-06,1.0e+00,5.9e-02,1.0e+00,1.0e-03,2.9e-02,global-SLMASG%DT,CASSLmaSGTDTQYF,CASSLMASGTDTQYF,TRBV7-3,TRBJ2-3,CAARNAGNMLTF,Donor AJG2309:PB TCRab CD4 Naive/TCM,1.000000,-,-,-,-,-,-,-,-,-,-,-
211,SLMASG%DT,8.7e-04,1,2,1.7e-06,1.0e+00,5.9e-02,1.0e+00,1.0e-03,2.9e-02,global-SLMASG%DT,CASSLmaSGGDTQYF,CASSLMASGGDTQYF,TRBV5-6,TRBJ2-3,CAGARGYGGSQGNLIF,Donor AJG2309:L TCRab CD4 TRM,1.000000,-,-,-,-,-,-,-,-,-,-,-

212,RGL%GYE,8.7e-04,1,2,2.1e-06,1.0e+00,7.1e-02,1.0e+00,1.0e-03,2.9e-02,global-RGL%GYE,CASrGLAGYEQYF,CASRGLAGYEQYF,TRBV6-5,TRBJ2-7,CAVGYTGTASKLTF,Donor AJD3280:LP TCRab CD4 Tph,1.000000,-,-,-,-,-,-,-,-,-,-,-
212,RGL%GYE,8.7e-04,1,2,2.1e-06,1.0e+00,7.1e-02,1.0e+00,1.0e-03,2.9e-02,global-RGL%GYE,CSARglTGYEQYF,CSARGLTGYEQYF,TRBV20-1,TRBJ2-7,CAVRDRGGSQGNLIF,Donor AJD3280:PB TCRab CD4 Naive/TCM,1.000000,-,-,-,-,-,-,-,-,-,-,-

213,S%GGQTNEK,8.7e-04,2,2,2.1e-06,1.0e+00,7.1e-02,1.0e+00,1.0e-03,2.9e-02,global-S%GGQTNEK,CASSSgGQTNEKLFF,CASSSGGQTNEKLFF,TRBV9,TRBJ1-4,CAPSTGGSYIPTF,Donor AJD3280:PB TCRab CD4 Naive/TCM,1.000000,-,-,-,-,-,-,-,-,-,-,-
213,S%GGQTNEK,8.7e-04,2,2,2.1e-06,1.0e+00,7.1e-02,1.0e+00,1.0e-03,2.9e-02,global-S%GGQTNEK,CASSLgGQTNEKLFF,CASSLGGQTNEKLFF,TRBV7-3,TRBJ1-4,CALVEGNTPLVF,Donor AJG2309:PB TCRab CD4 FOXP3+ Treg,1.000000,-,-,-,-,-,-,-,-,-,-,-

214,SPGGR%YG,8.7e-04,2,2,2.0e-06,1.0e+00,7.0e-02,1.0e+00,1.0e-03,2.9e-02,global-SPGGR%YG,CASSPgGRNYGYTF,CASSPGGRNYGYTF,TRBV2,TRBJ1-2,CATEWVDYKLSF,Donor AJKQ118:PB TCRab CD4 FOXP3+ Treg,1.000000,-,-,-,-,-,-,-,-,-,-,-
214,SPGGR%YG,8.7e-04,2,2,2.0e-06,1.0e+00,7.0e-02,1.0e+00,1.0e-03,2.9e-02,global-SPGGR%YG,CASSPgGRdYGYTF,CASSPGGRDYGYTF,TRBV3-1,TRBJ1-2,CAGRAGGFKTIF,Donor AJD3280:PB TCRab CD4 Naive/TCM,1.000000,-,-,-,-,-,-,-,-,-,-,-

215,SL%LDQP,8.7e-04,2,2,1.7e-06,1.0e+00,5.7e-02,1.0e+00,1.0e-03,2.9e-02,global-SL%LDQP,CASSLsldQPQHF,CASSLSLDQPQHF,TRBV7-6,TRBJ1-5,CAERSGGSYIPTF,Donor AJD3280:IEL TCRab CD4 TRM,1.000000,-,-,-,-,-,-,-,-,-,-,-
215,SL%LDQP,8.7e-04,2,2,1.7e-06,1.0e+00,5.7e-02,1.0e+00,1.0e-03,2.9e-02,global-SL%LDQP,CASSLfldQPQHF,CASSLFLDQPQHF,TRBV3-1,TRBJ1-5,CAVHTGNQFYF,Donor AJG2309:LP TCRab CD4 TRM,1.000000,-,-,-,-,-,-,-,-,-,-,-

216,G%KGDQP,8.7e-04,1,2,1.5e-06,1.0e+00,5.3e-02,1.0e+00,1.0e-03,2.9e-02,global-G%KGDQP,CAfGQkgdQPQHF,CAFGQKGDQPQHF,TRBV30,TRBJ1-5,CAARPTDSNYQLIW,Donor AJD3280:LP TCRab CD4 TRM,1.000000,-,-,-,-,-,-,-,-,-,-,-
216,G%KGDQP,8.7e-04,1,2,1.5e-06,1.0e+00,5.3e-02,1.0e+00,1.0e-03,2.9e-02,global-G%KGDQP,CSAGgkgdQPQHF,CSAGGKGDQPQHF,TRBV20-1,TRBJ1-5,CAASKGLTGGGNKLTF,Donor AJD3280:LP TCRab CD4 Mobile TRM,1.000000,-,-,-,-,-,-,-,-,-,-,-

217,SSGTDY%,8.7e-04,1,2,2.0e-06,1.0e+00,6.7e-02,1.0e+00,1.0e-03,2.9e-02,global-SSGTDY%,CASSSGTdYEQYF,CASSSGTDYEQYF,TRBV7-2,TRBJ2-7,CAVKPQGAGSYQLTF,Donor AJD3280:IEL TCRab CD4 Mobile TRM,1.000000,-,-,-,-,-,-,-,-,-,-,-
217,SSGTDY%,8.7e-04,1,2,2.0e-06,1.0e+00,6.7e-02,1.0e+00,1.0e-03,2.9e-02,global-SSGTDY%,CASSSGTdYGYTF,CASSSGTDYGYTF,TRBV6-6,TRBJ1-2,CAYRSTNSGGSNYKLTF,Donor AJD3280:IEL TCRab CD4 Mobile TRM,1.000000,-,-,-,-,-,-,-,-,-,-,-

218,S%GTSDT,8.7e-04,2,2,1.6e-06,1.0e+00,5.5e-02,1.0e+00,1.0e-03,2.9e-02,global-S%GTSDT,CASSQGTSDTQYF,CASSQGTSDTQYF,TRBV3-1,TRBJ2-3,CAMSEASGTYKYIF,Donor AJG2309:LP TCRab CD4 FOXP3+ Treg,1.000000,-,-,-,-,-,-,-,-,-,-,-
218,S%GTSDT,8.7e-04,2,2,1.6e-06,1.0e+00,5.5e-02,1.0e+00,1.0e-03,2.9e-02,global-S%GTSDT,CASSVGTSDTQYF,CASSVGTSDTQYF,TRBV7-3,TRBJ2-3,CAVRGSNDYKLSF,Donor AJD3280:PB TCRab CD4 Naive/TCM,1.000000,-,-,-,-,-,-,-,-,-,-,-

219,SD%TSGNNE,8.7e-04,2,2,2.9e-08,1.0e+00,1.0e-03,1.0e+00,1.0e-03,2.9e-02,global-SD%TSGNNE,CATSDrTSGnNEQFF,CATSDRTSGNNEQFF,TRBV24-1,TRBJ2-1,CAVTVYGNNRLAF,Donor AJD3280:IEL TCRab CD4 Mobile TRM,1.000000,-,-,-,-,-,-,-,-,-,-,-
219,SD%TSGNNE,8.7e-04,2,2,2.9e-08,1.0e+00,1.0e-03,1.0e+00,1.0e-03,2.9e-02,global-SD%TSGNNE,CATSDGTSGnNEQFF,CATSDGTSGNNEQFF,TRBV24-1,TRBJ2-1,CAVRGRGGQKLVF,Donor AJKQ118:PB TCRab CD4 Naive/TCM,1.000000,-,-,-,-,-,-,-,-,-,-,-

220,SP%GDT,9.6e-04,2,4,7.7e-07,1.0e+00,3.3e-01,1.0e+00,1.0e-03,2.3e-03,global-SP%GDT,CASSPwgdTIYF,CASSPWGDTIYF,TRBV7-8,TRBJ1-3,CAVVASGGSYIPTF,Donor AJD3280:PB TCRab CD4 Naive/TCM,1.000000,-,-,-,-,-,-,-,-,-,-,-
220,SP%GDT,9.6e-04,2,4,7.7e-07,1.0e+00,3.3e-01,1.0e+00,1.0e-03,2.3e-03,global-SP%GDT,CASSPlgDTQYF,CASSPLGDTQYF,TRBV6-1,TRBJ2-3,CAMSSGNYGQNFVF,Donor AJG2309:LP TCRab CD4 TRM,1.000000,-,-,-,-,-,-,-,-,-,-,-
220,SP%GDT,9.6e-04,2,4,7.7e-07,1.0e+00,3.3e-01,1.0e+00,1.0e-03,2.3e-03,global-SP%GDT,CASSPGGDTQYF,CASSPGGDTQYF,TRBV3-1,TRBJ2-3,CALSASPGSARQLTF,Donor AJG2309:PB TCRab CD4 Naive/TCM,1.000000,-,-,-,-,-,-,-,-,-,-,-
220,SP%GDT,9.6e-04,2,4,7.7e-07,1.0e+00,3.3e-01,1.0e+00,1.0e-03,2.3e-03,global-SP%GDT,CASSPpgDTQYF,CASSPPGDTQYF,TRBV19,TRBJ2-3,CVVNTGFQKLVF,Donor AJD3280:LP TCRab CD4 TRM,1.000000,-,-,-,-,-,-,-,-,-,-,-

221,SPR%SGNT,9.9e-04,3,3,1.0e-06,1.0e+00,1.7e-01,1.0e+00,1.0e-03,6.2e-03,global-SPR%SGNT,CAvsprsSGNTIYF,CAVSPRSSGNTIYF,TRBV28,TRBJ1-3,CALKTSYDKVIF,Donor AJG2309:PB TCRab CD4 Naive/TCM,1.000000,-,-,-,-,-,-,-,-,-,-,-
221,SPR%SGNT,9.9e-04,3,3,1.0e-06,1.0e+00,1.7e-01,1.0e+00,1.0e-03,6.2e-03,global-SPR%SGNT,CAISpRESGNTIYF,CAISPRESGNTIYF,TRBV10-3,TRBJ1-3,CIVGGAGGPRGSGNTGKLIF,Donor AJD3280:LP TCRab CD4 TRM,1.000000,-,-,-,-,-,-,-,-,-,-,-
221,SPR%SGNT,9.9e-04,3,3,1.0e-06,1.0e+00,1.7e-01,1.0e+00,1.0e-03,6.2e-03,global-SPR%SGNT,CASSPrtSGNTIYF,CASSPRTSGNTIYF,TRBV14,TRBJ1-3,CAETHTGANSKLTF,Donor AJKQ118:PB TCRab CD4 Naive/TCM,1.000000,-,-,-,-,-,-,-,-,-,-,-

222,SS%QGNYG,9.9e-04,2,3,1.1e-06,1.0e+00,1.8e-01,1.0e+00,1.0e-03,6.2e-03,global-SS%QGNYG,CASSSeQGNYGYTF,CASSSEQGNYGYTF,TRBV2,TRBJ1-2,CAGARRGSTLGRLYF,Donor AJKQ118:PB TCRab CD4 FOXP3+ Treg,1.000000,-,-,-,-,-,-,-,-,-,-,-
222,SS%QGNYG,9.9e-04,2,3,1.1e-06,1.0e+00,1.8e-01,1.0e+00,1.0e-03,6.2e-03,global-SS%QGNYG,CASSSsQGNYGYTF,CASSSSQGNYGYTF,TRBV18,TRBJ1-2,CVVSAAGNKLTF,Donor AJG2309:LP TCRab CD4 TRM,1.000000,-,-,-,-,-,-,-,-,-,-,-
222,SS%QGNYG,9.9e-04,2,3,1.1e-06,1.0e+00,1.8e-01,1.0e+00,1.0e-03,6.2e-03,global-SS%QGNYG,CAWSsGQGNYGYTF,CAWSSGQGNYGYTF,TRBV30,TRBJ1-2,CATGPHGSGNTGKLIF,Donor AJKQ118:IEL TCRab CD4 FOXP3+ Treg,1.000000,-,-,-,-,-,-,-,-,-,-,-

223,SAG%SGNT,9.9e-04,2,3,2.7e-07,1.0e+00,4.3e-02,1.0e+00,1.0e-03,6.2e-03,global-SAG%SGNT,CASSAGGSGNTIYF,CASSAGGSGNTIYF,TRBV7-8,TRBJ1-3,CAVTRGNAGNMLTF,Donor AJG2309:PB TCRab CD4 Naive/TCM,1.000000,-,-,-,-,-,-,-,-,-,-,-
223,SAG%SGNT,9.9e-04,2,3,2.7e-07,1.0e+00,4.3e-02,1.0e+00,1.0e-03,6.2e-03,global-SAG%SGNT,CASSAGsSGNTIYF,CASSAGSSGNTIYF,TRBV9,TRBJ1-3,CVVSENAGNMLTF,Donor AJKQ118:PB TCRab CD4 FOXP3+ Treg,1.000000,-,-,-,-,-,-,-,-,-,-,-
223,SAG%SGNT,9.9e-04,2,3,2.7e-07,1.0e+00,4.3e-02,1.0e+00,1.0e-03,6.2e-03,global-SAG%SGNT,CASSAGsSGNTIYF,CASSAGSSGNTIYF,TRBV9,TRBJ1-3,CATDAKGYSTLTF,Donor AJKQ118:PB TCRab CD4 FOXP3+ Treg,1.000000,-,-,-,-,-,-,-,-,-,-,-
223,SAG%SGNT,9.9e-04,2,3,2.7e-07,1.0e+00,4.3e-02,1.0e+00,1.0e-03,6.2e-03,global-SAG%SGNT,CASSAGiSGNTIYF,CASSAGISGNTIYF,TRBV14,TRBJ1-3,CAASKGYKLSF,Donor AJKQ118:PB TCRab CD4 Naive/TCM,1.000000,-,-,-,-,-,-,-,-,-,-,-

224,SLD%YSNQP,9.9e-04,2,3,3.1e-08,1.0e+00,5.0e-03,1.0e+00,1.0e-03,6.2e-03,global-SLD%YSNQP,CASSLdgySNQPQHF,CASSLDGYSNQPQHF,TRBV5-1,TRBJ1-5,CALSVFSDGQKLLF,Donor AJKQ118:LP TCRab CD4 TRM,1.000000,-,-,-,-,-,-,-,-,-,-,-
224,SLD%YSNQP,9.9e-04,2,3,3.1e-08,1.0e+00,5.0e-03,1.0e+00,1.0e-03,6.2e-03,global-SLD%YSNQP,CASSLdlySNQPQHF,CASSLDLYSNQPQHF,TRBV7-2,TRBJ1-5,CAFMKSPLGADGLTF,Donor AJKQ118:PB TCRab CD4 Naive/TCM,1.000000,-,-,-,-,-,-,-,-,-,-,-
224,SLD%YSNQP,9.9e-04,2,3,3.1e-08,1.0e+00,5.0e-03,1.0e+00,1.0e-03,6.2e-03,global-SLD%YSNQP,CASSLDRySNQPQHF,CASSLDRYSNQPQHF,TRBV7-2,TRBJ1-5,CAARSGNEKLTF,Donor AJD3280:LP TCRab CD4 FOXP3+ Treg,1.000000,-,-,-,-,-,-,-,-,-,-,-

225,SLGY%,9.9e-04,3,3,4.1e-07,1.0e+00,3.2e-01,2.1e-01,1.0e-03,6.2e-03,global-SLGY%,CASSLgYGYTF,CASSLGYGYTF,TRBV6-6,TRBJ1-2,CAYTSVNNAGNMLTF,Donor AJKQ118:PB TCRab CD4 Naive/TCM,1.000000,-,-,-,-,-,-,-,-,-,-,-
225,SLGY%,9.9e-04,3,3,4.1e-07,1.0e+00,3.2e-01,2.1e-01,1.0e-03,6.2e-03,global-SLGY%,CASSLgYEQYF,CASSLGYEQYF,TRBV12-3,TRBJ2-7,CAVEVFSGNTPLVF,Donor AJD3280:LP TCRab CD4 TRM,2.000000,-,-,-,-,-,-,-,-,-,-,-
225,SLGY%,9.9e-04,3,3,4.1e-07,1.0e+00,3.2e-01,2.1e-01,1.0e-03,6.2e-03,global-SLGY%,CASSLgYEQYF,CASSLGYEQYF,TRBV7-2,TRBJ2-7,CAPTNTGGFKTIF,Donor AJG2309:PB TCRab CD4 Naive/TCM,1.000000,-,-,-,-,-,-,-,-,-,-,-
225,SLGY%,9.9e-04,3,3,4.1e-07,1.0e+00,3.2e-01,2.1e-01,1.0e-03,6.2e-03,global-SLGY%,CAWSlgYGYTF,CAWSLGYGYTF,TRBV30,TRBJ1-2,CAATPNTGNQFYF,Donor AJD3280:LP TCRab CD4 TRM,1.000000,-,-,-,-,-,-,-,-,-,-,-

226,SP%SGANV,1.1e-03,3,4,7.2e-08,1.0e+00,1.2e-01,2.7e-01,1.0e-03,2.3e-03,global-SP%SGANV,CASSPlSGANVLTF,CASSPLSGANVLTF,TRBV18,TRBJ2-6,CIVRVGNSGNTPLVF,Donor AJD3280:L TCRab CD4 TRM,1.000000,-,-,-,-,-,-,-,-,-,-,-
226,SP%SGANV,1.1e-03,3,4,7.2e-08,1.0e+00,1.2e-01,2.7e-01,1.0e-03,2.3e-03,global-SP%SGANV,CASSPpSGANVLTF,CASSPPSGANVLTF,TRBV6-1,TRBJ2-6,CAAAGGGNKLTF,Donor AJD3280:LP TCRab CD4 TRM,2.000000,-,-,-,-,-,-,-,-,-,-,-
226,SP%SGANV,1.1e-03,3,4,7.2e-08,1.0e+00,1.2e-01,2.7e-01,1.0e-03,2.3e-03,global-SP%SGANV,CASSPpSGANVLTF,CASSPPSGANVLTF,TRBV7-2,TRBJ2-6,CALSDRTGGFKTIF,Donor AJG2309:PB TCRab CD4 Naive/TCM,1.000000,-,-,-,-,-,-,-,-,-,-,-
226,SP%SGANV,1.1e-03,3,4,7.2e-08,1.0e+00,1.2e-01,2.7e-01,1.0e-03,2.3e-03,global-SP%SGANV,CASSPgSGANVLTF,CASSPGSGANVLTF,TRBV19,TRBJ2-6,CAVLGLGNEKLTF,Donor AJKQ118:PB TCRab CD4 Naive/TCM,1.000000,-,-,-,-,-,-,-,-,-,-,-
226,SP%SGANV,1.1e-03,3,4,7.2e-08,1.0e+00,1.2e-01,2.7e-01,1.0e-03,2.3e-03,global-SP%SGANV,CASSPvSGANVLTF,CASSPVSGANVLTF,TRBV19,TRBJ2-6,CAASMDNNARLMF,Donor AJKQ118:PB TCRab CD4 Naive/TCM,1.000000,-,-,-,-,-,-,-,-,-,-,-

227,S%DSTGE,1.3e-03,2,3,1.3e-06,1.0e+00,2.1e-01,1.0e+00,1.0e-03,6.2e-03,global-S%DSTGE,CASSRdsTGELFF,CASSRDSTGELFF,TRBV5-4,TRBJ2-2,CATGPEGKLQF,Donor AJKQ118:PB TCRab CD4 Naive/TCM,1.000000,-,-,-,-,-,-,-,-,-,-,-
227,S%DSTGE,1.3e-03,2,3,1.3e-06,1.0e+00,2.1e-01,1.0e+00,1.0e-03,6.2e-03,global-S%DSTGE,CAISEdsTGELFF,CAISEDSTGELFF,TRBV10-3,TRBJ2-2,CAARGDTGRRALTF,Donor AJKQ118:L TCRab CD4 TRM,1.000000,-,-,-,-,-,-,-,-,-,-,-
227,S%DSTGE,1.3e-03,2,3,1.3e-06,1.0e+00,2.1e-01,1.0e+00,1.0e-03,6.2e-03,global-S%DSTGE,CASSLdsTGELFF,CASSLDSTGELFF,TRBV19,TRBJ2-2,CAVKGGSWGKLQF,Donor AJG2309:LP TCRab CD4 TRM,1.000000,-,-,-,-,-,-,-,-,-,-,-

228,TG%NTE,1.3e-03,2,4,2.3e-09,1.0e+00,1.0e-03,1.0e+00,1.0e-03,2.3e-03,global-TG%NTE,CSATGwNTEAFF,CSATGWNTEAFF,TRBV29-1,TRBJ1-1,CAVLLIQGAQKLVF,Donor AJD3280:PB TCRab CD4 Naive/TCM,1.000000,-,-,-,-,-,-,-,-,-,-,-
228,TG%NTE,1.3e-03,2,4,2.3e-09,1.0e+00,1.0e-03,1.0e+00,1.0e-03,2.3e-03,global-TG%NTE,CSVTGrNTEAFF,CSVTGRNTEAFF,TRBV29-1,TRBJ1-1,CALSLRMTTDSWGKLQF,Donor AJKQ118:PB TCRab CD4 FOXP3+ Treg,1.000000,-,-,-,-,-,-,-,-,-,-,-
228,TG%NTE,1.3e-03,2,4,2.3e-09,1.0e+00,1.0e-03,1.0e+00,1.0e-03,2.3e-03,global-TG%NTE,CSGTGsNTEAFF,CSGTGSNTEAFF,TRBV20-1,TRBJ1-1,CIVRVASNSGYALNF,Donor AJKQ118:L TCRab CD4 TRM,1.000000,-,-,-,-,-,-,-,-,-,-,-
228,TG%NTE,1.3e-03,2,4,2.3e-09,1.0e+00,1.0e-03,1.0e+00,1.0e-03,2.3e-03,global-TG%NTE,CSGTGsNTEAFF,CSGTGSNTEAFF,TRBV20-1,TRBJ1-1,CAFRTYTGTASKLTF,Donor AJKQ118:L TCRab CD4 TRM,1.000000,-,-,-,-,-,-,-,-,-,-,-
228,TG%NTE,1.3e-03,2,4,2.3e-09,1.0e+00,1.0e-03,1.0e+00,1.0e-03,2.3e-03,global-TG%NTE,CSmTGlNTEAFF,CSMTGLNTEAFF,TRBV29-1,TRBJ1-1,CAVKGFSNAGKSTF,Donor AJKQ118:LP TCRab CD4 TRM,1.000000,-,-,-,-,-,-,-,-,-,-,-

229,SLVA%GE,1.3e-03,3,3,1.1e-06,1.0e+00,1.8e-01,1.0e+00,1.0e-03,6.2e-03,global-SLVA%GE,CASSLvasGELFF,CASSLVASGELFF,TRBV7-8,TRBJ2-2,CGTELGNNRKLIW,Donor AJD3280:LP TCRab CD4 Tph,1.000000,-,-,-,-,-,-,-,-,-,-,-
229,SLVA%GE,1.3e-03,3,3,1.1e-06,1.0e+00,1.8e-01,1.0e+00,1.0e-03,6.2e-03,global-SLVA%GE,CASSLvalgEQYF,CASSLVALGEQYF,TRBV7-2,TRBJ2-7,CAARNSGNTPLVF,Donor AJG2309:LP TCRab CD4 Mobile TRM,1.000000,-,-,-,-,-,-,-,-,-,-,-
229,SLVA%GE,1.3e-03,3,3,1.1e-06,1.0e+00,1.8e-01,1.0e+00,1.0e-03,6.2e-03,global-SLVA%GE,CASSLvaSGEQYF,CASSLVASGEQYF,TRBV7-9,TRBJ2-7,CAVQAFGNVLHC,Donor AJKQ118:LP TCRab CD4 TRM,1.000000,-,-,-,-,-,-,-,-,-,-,-

230,SQ%NTGE,1.3e-03,2,3,1.2e-06,1.0e+00,1.9e-01,1.0e+00,1.0e-03,6.2e-03,global-SQ%NTGE,CASSQsNTGELFF,CASSQSNTGELFF,TRBV4-1,TRBJ2-2,CAETSGSARQLTF,Donor AJD3280:IEL TCRab CD4 TRM,1.000000,-,-,-,-,-,-,-,-,-,-,-
230,SQ%NTGE,1.3e-03,2,3,1.2e-06,1.0e+00,1.9e-01,1.0e+00,1.0e-03,6.2e-03,global-SQ%NTGE,CASSQvNTGELFF,CASSQVNTGELFF,TRBV4-3,TRBJ2-2,CVVIFNTGGFKTIF,Donor AJKQ118:LP TCRab CD4 TRM,1.000000,-,-,-,-,-,-,-,-,-,-,-
230,SQ%NTGE,1.3e-03,2,3,1.2e-06,1.0e+00,1.9e-01,1.0e+00,1.0e-03,6.2e-03,global-SQ%NTGE,CASSQgNTGELFF,CASSQGNTGELFF,TRBV3-1,TRBJ2-2,CALSPPSGAAGNKLTF,Donor AJKQ118:PB TCRab CD4 Naive/TCM,1.000000,-,-,-,-,-,-,-,-,-,-,-

231,%TGYNE,1.3e-03,2,3,1.8e-07,1.0e+00,1.7e-01,1.7e-01,1.0e-03,6.2e-03,global-%TGYNE,CASrTGYNEQFF,CASRTGYNEQFF,TRBV27,TRBJ2-1,CAATPYNTDKLIF,Donor AJD3280:IEL TCRab CD4 TRM,2.000000,-,-,-,-,-,-,-,-,-,-,-
231,%TGYNE,1.3e-03,2,3,1.8e-07,1.0e+00,1.7e-01,1.7e-01,1.0e-03,6.2e-03,global-%TGYNE,CSVGTGYNEQFF,CSVGTGYNEQFF,TRBV29-1,TRBJ2-1,CAGKEGGATNKLIF,Donor AJKQ118:PB TCRab CD4 FOXP3+ Treg,1.000000,-,-,-,-,-,-,-,-,-,-,-
231,%TGYNE,1.3e-03,2,3,1.8e-07,1.0e+00,1.7e-01,1.7e-01,1.0e-03,6.2e-03,global-%TGYNE,CSAGTGYNEQFF,CSAGTGYNEQFF,TRBV20-1,TRBJ2-1,CAATLGTLNTGFQKLVF,Donor AJKQ118:PB TCRab CD4 Naive/TCM,1.000000,-,-,-,-,-,-,-,-,-,-,-

232,SS%GRNTE,1.3e-03,2,3,6.1e-08,1.0e+00,1.8e-01,5.5e-02,1.0e-03,6.2e-03,global-SS%GRNTE,CASSSgGRNTEAFF,CASSSGGRNTEAFF,TRBV12-4,TRBJ1-1,CAGPDYKLSF,Donor AJD3280:L TCRab CD4 Naive/TCM,1.000000,-,-,-,-,-,-,-,-,-,-,-
232,SS%GRNTE,1.3e-03,2,3,6.1e-08,1.0e+00,1.8e-01,5.5e-02,1.0e-03,6.2e-03,global-SS%GRNTE,CASSSRGrNTEAFF,CASSSRGRNTEAFF,TRBV6-5,TRBJ1-1,CAVTSSGNTGKLIF,Donor AJKQ118:PB TCRab CD4 Naive/TCM,1.000000,-,-,-,-,-,-,-,-,-,-,-
232,SS%GRNTE,1.3e-03,2,3,6.1e-08,1.0e+00,1.8e-01,5.5e-02,1.0e-03,6.2e-03,global-SS%GRNTE,CASSSQGrNTEAFF,CASSSQGRNTEAFF,TRBV7-9,TRBJ1-1,CAVVTAGANNLFF,Donor AJKQ118:L TCRab CD4 TRM,3.000000,-,-,-,-,-,-,-,-,-,-,-

233,SPGLA%DT,1.3e-03,2,3,2.5e-07,1.0e+00,4.1e-02,1.0e+00,1.0e-03,6.2e-03,global-SPGLA%DT,CASSPGLAkDTQYF,CASSPGLAKDTQYF,TRBV5-6,TRBJ2-3,CAAGMNTGFQKLVF,Donor AJKQ118:L TCRab CD4 TRM,1.000000,-,-,-,-,-,-,-,-,-,-,-
233,SPGLA%DT,1.3e-03,2,3,2.5e-07,1.0e+00,4.1e-02,1.0e+00,1.0e-03,6.2e-03,global-SPGLA%DT,CASSPGLAkDTQYF,CASSPGLAKDTQYF,TRBV5-6,TRBJ2-3,CAAGMNTGFQKLVF,Donor AJKQ118:LP TCRab CD4 TRM,1.000000,-,-,-,-,-,-,-,-,-,-,-
233,SPGLA%DT,1.3e-03,2,3,2.5e-07,1.0e+00,4.1e-02,1.0e+00,1.0e-03,6.2e-03,global-SPGLA%DT,CASSPGLAGDTQYF,CASSPGLAGDTQYF,TRBV19,TRBJ2-3,CAVSSIRSGGSNYKLTF,Donor AJD3280:IEL TCRab CD4 Mobile TRM,1.000000,-,-,-,-,-,-,-,-,-,-,-
233,SPGLA%DT,1.3e-03,2,3,2.5e-07,1.0e+00,4.1e-02,1.0e+00,1.0e-03,6.2e-03,global-SPGLA%DT,CASSPGLAsDTQYF,CASSPGLASDTQYF,TRBV7-2,TRBJ2-3,CSPSGSARQLTF,Donor AJD3280:LP TCRab CD4 Mobile TRM,1.000000,-,-,-,-,-,-,-,-,-,-,-

234,KIK,1.5e-03,2,2,1.6e-06,1.0e+00,5.6e-02,1.0e+00,1.0e-03,2.9e-02,motif-KIK,CASSKikrETQYF,CASSKIKRETQYF,TRBV7-2,TRBJ2-5,CGAAVYTGANSKLTF,Donor AJKQ118:PB TCRab CD4 Naive/TCM,1.000000,-,-,-,-,-,-,-,-,-,-,-
234,KIK,1.5e-03,2,2,1.6e-06,1.0e+00,5.6e-02,1.0e+00,1.0e-03,2.9e-02,motif-KIK,CASkikqNTEAFF,CASKIKQNTEAFF,TRBV6-5,TRBJ1-1,CAVEGRGAGGFKTIF,Donor AJD3280:PB TCRab CD4 Naive/TCM,1.000000,-,-,-,-,-,-,-,-,-,-,-

235,SS%GPYE,1.6e-03,2,3,1.9e-08,1.0e+00,3.0e-03,1.0e+00,1.0e-03,6.2e-03,global-SS%GPYE,CASSSGGpYEQYF,CASSSGGPYEQYF,TRBV7-2,TRBJ2-7,CAFNSGAGSYQLTF,Donor AJKQ118:PB TCRab CD4 Naive/TCM,1.000000,-,-,-,-,-,-,-,-,-,-,-
235,SS%GPYE,1.6e-03,2,3,1.9e-08,1.0e+00,3.0e-03,1.0e+00,1.0e-03,6.2e-03,global-SS%GPYE,CASSSlgpYEQYF,CASSSLGPYEQYF,TRBV12-3,TRBJ2-7,CATEVGANSKLTF,Donor AJD3280:L TCRab CD4 TRM,1.000000,-,-,-,-,-,-,-,-,-,-,-
235,SS%GPYE,1.6e-03,2,3,1.9e-08,1.0e+00,3.0e-03,1.0e+00,1.0e-03,6.2e-03,global-SS%GPYE,CASSSdgpYEQYF,CASSSDGPYEQYF,TRBV12-3,TRBJ2-7,CAARYTGFQKLVF,Donor AJD3280:LP TCRab CD4 TRM,1.000000,-,-,-,-,-,-,-,-,-,-,-

236,SLL%DT,1.6e-03,2,3,1.1e-06,1.0e+00,1.7e-01,1.0e+00,1.0e-03,6.2e-03,global-SLL%DT,CASSLlwDTQYF,CASSLLWDTQYF,TRBV11-3,TRBJ2-3,CALSYGNTGKLIF,Donor AJD3280:IEL TCRab CD4 Mobile TRM,1.000000,-,-,-,-,-,-,-,-,-,-,-
236,SLL%DT,1.6e-03,2,3,1.1e-06,1.0e+00,1.7e-01,1.0e+00,1.0e-03,6.2e-03,global-SLL%DT,CASSLlvDTQYF,CASSLLVDTQYF,TRBV12-3,TRBJ2-3,CAVVTSGTYKYIF,Donor AJD3280:L TCRab CD4 TRM,1.000000,-,-,-,-,-,-,-,-,-,-,-
236,SLL%DT,1.6e-03,2,3,1.1e-06,1.0e+00,1.7e-01,1.0e+00,1.0e-03,6.2e-03,global-SLL%DT,CASSLlTDTQYF,CASSLLTDTQYF,TRBV7-2,TRBJ2-3,CALRGGATNKLIF,Donor AJKQ118:PB TCRab CD4 Naive/TCM,1.000000,-,-,-,-,-,-,-,-,-,-,-

237,S%TDYG,1.6e-03,1,3,7.1e-07,1.0e+00,1.2e-01,1.0e+00,1.0e-03,6.2e-03,global-S%TDYG,CASSPtdYGYTF,CASSPTDYGYTF,TRBV19,TRBJ1-2,CALSSGSARQLTF,Donor AJD3280:PB TCRab CD4 Naive/TCM,1.000000,-,-,-,-,-,-,-,-,-,-,-
237,S%TDYG,1.6e-03,1,3,7.1e-07,1.0e+00,1.2e-01,1.0e+00,1.0e-03,6.2e-03,global-S%TDYG,CASSItdYGYTF,CASSITDYGYTF,TRBV19,TRBJ1-2,CARPEGGANNLFF,Donor AJD3280:L TCRab CD4 TRM,1.000000,-,-,-,-,-,-,-,-,-,-,-
237,S%TDYG,1.6e-03,1,3,7.1e-07,1.0e+00,1.2e-01,1.0e+00,1.0e-03,6.2e-03,global-S%TDYG,CASSLtdYGYTF,CASSLTDYGYTF,TRBV7-8,TRBJ1-2,CAFIDYGGSQGNLIF,Donor AJD3280:L TCRab CD4 FOXP3+ Treg,1.000000,-,-,-,-,-,-,-,-,-,-,-

238,SLGLAGGS%NE,1.7e-03,1,2,1.8e-06,1.0e+00,6.1e-02,1.0e+00,1.0e-03,2.9e-02,global-SLGLAGGS%NE,CASSLGLAGGsfNEQFF,CASSLGLAGGSFNEQFF,TRBV5-1,TRBJ2-1,CAVGGKLIF,Donor AJD3280:PB TCRab CD4 Naive/TCM,1.000000,-,-,-,-,-,-,-,-,-,-,-
238,SLGLAGGS%NE,1.7e-03,1,2,1.8e-06,1.0e+00,6.1e-02,1.0e+00,1.0e-03,2.9e-02,global-SLGLAGGS%NE,CASSLGLAGGslNEQFF,CASSLGLAGGSLNEQFF,TRBV11-3,TRBJ2-1,CAVIYNKLIF,Donor AJD3280:PB TCRab CD4 Naive/TCM,1.000000,-,-,-,-,-,-,-,-,-,-,-

239,%GRIYE,1.7e-03,2,2,2.9e-08,1.0e+00,1.0e-03,1.0e+00,1.0e-03,2.9e-02,global-%GRIYE,CASeGRiYEQYF,CASEGRIYEQYF,TRBV6-1,TRBJ2-7,CIVSRTSGTYKYIF,Donor AJKQ118:PB TCRab CD4 Naive/TCM,1.000000,-,-,-,-,-,-,-,-,-,-,-
239,%GRIYE,1.7e-03,2,2,2.9e-08,1.0e+00,1.0e-03,1.0e+00,1.0e-03,2.9e-02,global-%GRIYE,CASSGRiYEQYF,CASSGRIYEQYF,TRBV6-1,TRBJ2-7,CALSDSDSNYQLIW,Donor AJD3280:LP TCRab CD4 FOXP3+ Treg,1.000000,-,-,-,-,-,-,-,-,-,-,-

240,SPQD%NTE,1.7e-03,1,2,2.2e-06,1.0e+00,7.4e-02,1.0e+00,1.0e-03,2.9e-02,global-SPQD%NTE,CASSPqdlNTEAFF,CASSPQDLNTEAFF,TRBV11-2,TRBJ1-1,CAALSLRNNRLAF,Donor AJD3280:LP TCRab CD4 Poised TCM,1.000000,-,-,-,-,-,-,-,-,-,-,-
240,SPQD%NTE,1.7e-03,1,2,2.2e-06,1.0e+00,7.4e-02,1.0e+00,1.0e-03,2.9e-02,global-SPQD%NTE,CASSPqdtNTEAFF,CASSPQDTNTEAFF,TRBV6-6,TRBJ1-1,CAVSPNSGNTPLVF,Donor AJD3280:L TCRab CD4 TCM,1.000000,-,-,-,-,-,-,-,-,-,-,-

241,S%GGTGTE,1.7e-03,1,2,7.9e-09,1.0e+00,1.0e-02,2.7e-02,1.0e-03,2.9e-02,global-S%GGTGTE,CASSQgGTGTEAFF,CASSQGGTGTEAFF,TRBV3-1,TRBJ1-1,CAASGAGGYNKLIF,Donor AJD3280:IEL TCRab CD4 TRM,1.000000,-,-,-,-,-,-,-,-,-,-,-
241,S%GGTGTE,1.7e-03,1,2,7.9e-09,1.0e+00,1.0e-02,2.7e-02,1.0e-03,2.9e-02,global-S%GGTGTE,CASSQgGTGTEAFF,CASSQGGTGTEAFF,TRBV3-1,TRBJ1-1,CAAGNGNNRLAF,Donor AJD3280:LP TCRab CD4 TRM,3.000000,-,-,-,-,-,-,-,-,-,-,-
241,S%GGTGTE,1.7e-03,1,2,7.9e-09,1.0e+00,1.0e-02,2.7e-02,1.0e-03,2.9e-02,global-S%GGTGTE,CASSQgGTGTEAFF,CASSQGGTGTEAFF,TRBV3-1,TRBJ1-1,CAASGAGGYNKLIF,Donor AJD3280:LP TCRab CD4 TRM,2.000000,-,-,-,-,-,-,-,-,-,-,-
241,S%GGTGTE,1.7e-03,1,2,7.9e-09,1.0e+00,1.0e-02,2.7e-02,1.0e-03,2.9e-02,global-S%GGTGTE,CASSVgGTGTEAFF,CASSVGGTGTEAFF,TRBV9,TRBJ1-1,CAVDGGTASKLTF,Donor AJD3280:PB TCRab CD4 Naive/TCM,1.000000,-,-,-,-,-,-,-,-,-,-,-

242,SQG%GGNT,1.7e-03,1,2,1.9e-06,1.0e+00,6.5e-02,1.0e+00,1.0e-03,2.9e-02,global-SQG%GGNT,CASSQGGgGNTIYF,CASSQGGGGNTIYF,TRBV3-1,TRBJ1-3,CAASMSGGSQGNLIF,Donor AJD3280:LP TCRab CD4 TRM,1.000000,-,-,-,-,-,-,-,-,-,-,-
242,SQG%GGNT,1.7e-03,1,2,1.9e-06,1.0e+00,6.5e-02,1.0e+00,1.0e-03,2.9e-02,global-SQG%GGNT,CASSQGQGGNTIYF,CASSQGQGGNTIYF,TRBV7-2,TRBJ1-3,CAVGRSNYQLIW,Donor AJD3280:PB TCRab CD4 Naive/TCM,1.000000,-,-,-,-,-,-,-,-,-,-,-

243,SQ%TRGTE,1.7e-03,1,2,1.6e-06,1.0e+00,5.5e-02,1.0e+00,1.0e-03,2.9e-02,global-SQ%TRGTE,CASSQgtRGTEAFF,CASSQGTRGTEAFF,TRBV19,TRBJ1-1,CAVSLSGGYNKLIF,Donor AJD3280:LP TCRab CD4 Poised TCM,1.000000,-,-,-,-,-,-,-,-,-,-,-
243,SQ%TRGTE,1.7e-03,1,2,1.6e-06,1.0e+00,5.5e-02,1.0e+00,1.0e-03,2.9e-02,global-SQ%TRGTE,CASSQetRGTEAFF,CASSQETRGTEAFF,TRBV14,TRBJ1-1,CAVSKTGFQKLVF,Donor AJD3280:PB TCRab CD4 FOXP3+ Treg,1.000000,-,-,-,-,-,-,-,-,-,-,-

244,SPY%QP,1.7e-03,2,2,2.9e-08,1.0e+00,1.0e-03,1.0e+00,1.0e-03,2.9e-02,global-SPY%QP,CASSPygQPQHF,CASSPYGQPQHF,TRBV7-2,TRBJ1-5,CAMRDPGYGKLTF,Donor AJD3280:LP TCRab CD4 TRM,1.000000,-,-,-,-,-,-,-,-,-,-,-
244,SPY%QP,1.7e-03,2,2,2.9e-08,1.0e+00,1.0e-03,1.0e+00,1.0e-03,2.9e-02,global-SPY%QP,CASSPyNQPQHF,CASSPYNQPQHF,TRBV7-2,TRBJ1-5,CAGQTHLTQGGSEKLVF,Donor AJG2309:PB TCRab CD4 Naive/TCM,1.000000,-,-,-,-,-,-,-,-,-,-,-

245,SLA%ANQP,1.7e-03,2,2,1.7e-06,1.0e+00,6.0e-02,1.0e+00,1.0e-03,2.9e-02,global-SLA%ANQP,CASSLahaNQPQHF,CASSLAHANQPQHF,TRBV12-3,TRBJ1-5,CALRNNAGNMLTF,Donor AJD3280:PB TCRab CD4 FOXP3+ Treg,1.000000,-,-,-,-,-,-,-,-,-,-,-
245,SLA%ANQP,1.7e-03,2,2,1.7e-06,1.0e+00,6.0e-02,1.0e+00,1.0e-03,2.9e-02,global-SLA%ANQP,CASSLaqaNQPQHF,CASSLAQANQPQHF,TRBV7-8,TRBJ1-5,CILNAGNNRKLIW,Donor AJKQ118:PB TCRab CD4 Naive/TCM,1.000000,-,-,-,-,-,-,-,-,-,-,-

246,SL%LAGITDT,1.7e-03,1,2,1.7e-06,1.0e+00,5.8e-02,1.0e+00,1.0e-03,2.9e-02,global-SL%LAGITDT,CASSLGLAGiTDTQYF,CASSLGLAGITDTQYF,TRBV4-1,TRBJ2-3,CAENSGGTSYGKLTF,Donor AJD3280:PB TCRab CD4 Naive/TCM,1.000000,-,-,-,-,-,-,-,-,-,-,-
246,SL%LAGITDT,1.7e-03,1,2,1.7e-06,1.0e+00,5.8e-02,1.0e+00,1.0e-03,2.9e-02,global-SL%LAGITDT,CASSLdLAGiTDTQYF,CASSLDLAGITDTQYF,TRBV11-2,TRBJ2-3,CIVIHGSSNTGKLIF,Donor AJD3280:IEL TCRab CD4 TRM,1.000000,-,-,-,-,-,-,-,-,-,-,-

247,SRGQGAN%E,1.7e-03,2,2,2.0e-06,1.0e+00,6.7e-02,1.0e+00,1.0e-03,2.9e-02,global-SRGQGAN%E,CASSRGQGanNEQFF,CASSRGQGANNEQFF,TRBV5-6,TRBJ2-1,CAPFHGSSNTGKLIF,Donor AJD3280:PB TCRab CD4 Naive/TCM,1.000000,-,-,-,-,-,-,-,-,-,-,-
247,SRGQGAN%E,1.7e-03,2,2,2.0e-06,1.0e+00,6.7e-02,1.0e+00,1.0e-03,2.9e-02,global-SRGQGAN%E,CASSRGQGanYEQYF,CASSRGQGANYEQYF,TRBV5-1,TRBJ2-7,CAGYTGTASKLTF,Donor AJG2309:LP TCRab CD4 TRM,1.000000,-,-,-,-,-,-,-,-,-,-,-

248,S%DRLDT,1.7e-03,1,2,2.1e-06,1.0e+00,7.1e-02,1.0e+00,1.0e-03,2.9e-02,global-S%DRLDT,CASSLDRlDTQYF,CASSLDRLDTQYF,TRBV7-2,TRBJ2-3,CALNPYNNNDMRF,Donor AJD3280:LP TCRab CD4 Mobile TRM,1.000000,-,-,-,-,-,-,-,-,-,-,-
248,S%DRLDT,1.7e-03,1,2,2.1e-06,1.0e+00,7.1e-02,1.0e+00,1.0e-03,2.9e-02,global-S%DRLDT,CASSVDRlDTQYF,CASSVDRLDTQYF,TRBV9,TRBJ2-3,CVVKGNDYKLSF,Donor AJD3280:IEL TCRab CD4 Mobile TRM,1.000000,-,-,-,-,-,-,-,-,-,-,-

249,SRQGA%NQP,1.7e-03,2,2,1.5e-06,1.0e+00,5.0e-02,1.0e+00,1.0e-03,2.9e-02,global-SRQGA%NQP,CSASrQGagNQPQHF,CSASRQGAGNQPQHF,TRBV20-1,TRBJ1-5,CVVNPKAAGNKLTF,Donor AJKQ118:PB TCRab CD4 Naive/TCM,1.000000,-,-,-,-,-,-,-,-,-,-,-
249,SRQGA%NQP,1.7e-03,2,2,1.5e-06,1.0e+00,5.0e-02,1.0e+00,1.0e-03,2.9e-02,global-SRQGA%NQP,CASSRQGaSNQPQHF,CASSRQGASNQPQHF,TRBV27,TRBJ1-5,CALSETAGTYKYIF,Donor AJG2309:PB TCRab CD4 TCM,1.000000,-,-,-,-,-,-,-,-,-,-,-

250,SAGQGG%E,1.7e-03,2,2,2.1e-07,1.0e+00,6.2e-02,1.2e-01,1.0e-03,2.9e-02,global-SAGQGG%E,CASSaGQGgaEAFF,CASSAGQGGAEAFF,TRBV7-3,TRBJ1-1,CALSEAYRGAQKLVF,Donor AJKQ118:PB TCRab CD4 Naive/TCM,1.000000,-,-,-,-,-,-,-,-,-,-,-
250,SAGQGG%E,1.7e-03,2,2,2.1e-07,1.0e+00,6.2e-02,1.2e-01,1.0e-03,2.9e-02,global-SAGQGG%E,CASSaGQGgTEAFF,CASSAGQGGTEAFF,TRBV9,TRBJ1-1,CAVSGRSGGYNKLIF,Donor AJD3280:LP TCRab CD4 FOXP3+ Treg,2.000000,-,-,-,-,-,-,-,-,-,-,-

251,SQDRGG%ET,1.7e-03,1,2,1.6e-06,1.0e+00,5.6e-02,1.0e+00,1.0e-03,2.9e-02,global-SQDRGG%ET,CASSQDRGgaETQYF,CASSQDRGGAETQYF,TRBV4-1,TRBJ2-5,CAVRDSNYQLIW,Donor AJD3280:PB TCRab CD4 Naive/TCM,1.000000,-,-,-,-,-,-,-,-,-,-,-
251,SQDRGG%ET,1.7e-03,1,2,1.6e-06,1.0e+00,5.6e-02,1.0e+00,1.0e-03,2.9e-02,global-SQDRGG%ET,CASSQDRGgQETQYF,CASSQDRGGQETQYF,TRBV4-2,TRBJ2-5,CAVRDSNYQLIW,Donor AJD3280:LP TCRab CD4 TRM,1.000000,-,-,-,-,-,-,-,-,-,-,-

252,SVQV%TE,1.7e-03,1,2,1.7e-06,1.0e+00,5.9e-02,1.0e+00,1.0e-03,2.9e-02,global-SVQV%TE,CASSVqvaTEAFF,CASSVQVATEAFF,TRBV19,TRBJ1-1,CATDGGYQKVTF,Donor AJKQ118:L TCRab CD4 TRM,1.000000,-,-,-,-,-,-,-,-,-,-,-
252,SVQV%TE,1.7e-03,1,2,1.7e-06,1.0e+00,5.9e-02,1.0e+00,1.0e-03,2.9e-02,global-SVQV%TE,CASSVqvNTEAFF,CASSVQVNTEAFF,TRBV6-6,TRBJ1-1,CAFIGPLGNEKLTF,Donor AJKQ118:PB TCRab CD4 FOXP3+ Treg,1.000000,-,-,-,-,-,-,-,-,-,-,-

253,SQEL%GSYE,1.7e-03,1,2,2.9e-08,1.0e+00,1.0e-03,1.0e+00,1.0e-03,2.9e-02,global-SQEL%GSYE,CASSQelRGSYEQYF,CASSQELRGSYEQYF,TRBV4-2,TRBJ2-7,CAMRDLTGNQFYF,Donor AJKQ118:PB TCRab CD4 Naive/TCM,1.000000,-,-,-,-,-,-,-,-,-,-,-
253,SQEL%GSYE,1.7e-03,1,2,2.9e-08,1.0e+00,1.0e-03,1.0e+00,1.0e-03,2.9e-02,global-SQEL%GSYE,CASSQelGGSYEQYF,CASSQELGGSYEQYF,TRBV4-2,TRBJ2-7,CALKSIGGSEKLVF,Donor AJKQ118:PB TCRab CD4 Naive/TCM,1.000000,-,-,-,-,-,-,-,-,-,-,-

254,SLARGA%TE,1.7e-03,2,2,2.9e-08,1.0e+00,1.0e-03,1.0e+00,1.0e-03,2.9e-02,global-SLARGA%TE,CASSLaRGadTEAFF,CASSLARGADTEAFF,TRBV7-9,TRBJ1-1,CAIQDGANSKLTF,Donor AJD3280:L TCRab CD4 TRM,1.000000,-,-,-,-,-,-,-,-,-,-,-
254,SLARGA%TE,1.7e-03,2,2,2.9e-08,1.0e+00,1.0e-03,1.0e+00,1.0e-03,2.9e-02,global-SLARGA%TE,CASSLaRGadTEAFF,CASSLARGADTEAFF,TRBV7-9,TRBJ1-1,CAIQDGANSKLTF,Donor AJD3280:PB TCRab CD4 Naive/TCM,1.000000,-,-,-,-,-,-,-,-,-,-,-
254,SLARGA%TE,1.7e-03,2,2,2.9e-08,1.0e+00,1.0e-03,1.0e+00,1.0e-03,2.9e-02,global-SLARGA%TE,CASSLaRGaqTEAFF,CASSLARGAQTEAFF,TRBV7-9,TRBJ1-1,CAAITGTASKLTF,Donor AJKQ118:PB TCRab CD4 Naive/TCM,1.000000,-,-,-,-,-,-,-,-,-,-,-

255,SPPGS%TDT,1.7e-03,2,2,1.9e-06,1.0e+00,6.6e-02,1.0e+00,1.0e-03,2.9e-02,global-SPPGS%TDT,CASSPpgsSTDTQYF,CASSPPGSSTDTQYF,TRBV7-3,TRBJ2-3,CAFMNKNAGGTSYGKLTF,Donor AJD3280:PB TCRab CD4 Naive/TCM,1.000000,-,-,-,-,-,-,-,-,-,-,-
255,SPPGS%TDT,1.7e-03,2,2,1.9e-06,1.0e+00,6.6e-02,1.0e+00,1.0e-03,2.9e-02,global-SPPGS%TDT,CASSPpgsrTDTQYF,CASSPPGSRTDTQYF,TRBV7-2,TRBJ2-3,CILKLGGSQGNLIF,Donor AJKQ118:PB TCRab CD4 Naive/TCM,1.000000,-,-,-,-,-,-,-,-,-,-,-

256,S%DRGLQET,1.7e-03,2,2,3.6e-06,1.0e+00,1.2e-01,1.0e+00,1.0e-03,2.9e-02,global-S%DRGLQET,CASSfDRGlQETQYF,CASSFDRGLQETQYF,TRBV7-2,TRBJ2-5,CAGPKASNTGKLIF,Donor AJD3280:LP TCRab CD4 Mobile TRM,1.000000,-,-,-,-,-,-,-,-,-,-,-
256,S%DRGLQET,1.7e-03,2,2,3.6e-06,1.0e+00,1.2e-01,1.0e+00,1.0e-03,2.9e-02,global-S%DRGLQET,CASSfDRGlQETQYF,CASSFDRGLQETQYF,TRBV7-2,TRBJ2-5,CALSILTGGGNKLTF,Donor AJKQ118:PB TCRab CD4 Naive/TCM,1.000000,-,-,-,-,-,-,-,-,-,-,-
256,S%DRGLQET,1.7e-03,2,2,3.6e-06,1.0e+00,1.2e-01,1.0e+00,1.0e-03,2.9e-02,global-S%DRGLQET,CASSQDRGlQETQYF,CASSQDRGLQETQYF,TRBV6-2,TRBJ2-5,CAASKVVQKLVF,Donor AJD3280:LP TCRab CD4 TRM,1.000000,-,-,-,-,-,-,-,-,-,-,-

257,SRDRFY%,1.7e-03,1,2,1.5e-06,1.0e+00,5.3e-02,1.0e+00,1.0e-03,2.9e-02,global-SRDRFY%,CASSRDRfYEQYF,CASSRDRFYEQYF,TRBV12-4,TRBJ2-7,CVVSATDDYKLSF,Donor AJD3280:IEL TCRab CD4 TRM,1.000000,-,-,-,-,-,-,-,-,-,-,-
257,SRDRFY%,1.7e-03,1,2,1.5e-06,1.0e+00,5.3e-02,1.0e+00,1.0e-03,2.9e-02,global-SRDRFY%,CASSRDRfYGYTF,CASSRDRFYGYTF,TRBV6-2,TRBJ1-2,CILRDLLCI,Donor AJD3280:L TCRab CD4 TCM,1.000000,-,-,-,-,-,-,-,-,-,-,-

258,S%LFTDT,1.7e-03,1,2,2.3e-07,1.0e+00,6.8e-02,1.2e-01,1.0e-03,2.9e-02,global-S%LFTDT,CASSYlfTDTQYF,CASSYLFTDTQYF,TRBV11-2,TRBJ2-3,CIVRVGDLSNAGKSTF,Donor AJD3280:PB TCRab CD4 Naive/TCM,1.000000,-,-,-,-,-,-,-,-,-,-,-
258,S%LFTDT,1.7e-03,1,2,2.3e-07,1.0e+00,6.8e-02,1.2e-01,1.0e-03,2.9e-02,global-S%LFTDT,CASSLlfTDTQYF,CASSLLFTDTQYF,TRBV7-2,TRBJ2-3,CAASKGNKLVF,Donor AJD3280:L TCRab CD4 TRM,2.000000,-,-,-,-,-,-,-,-,-,-,-

259,GTGR%T,1.7e-03,2,2,1.9e-06,1.0e+00,6.5e-02,1.0e+00,1.0e-03,2.9e-02,global-GTGR%T,CSAGTGrETQYF,CSAGTGRETQYF,TRBV20-1,TRBJ2-5,CAVTAWKSGGYQKVTF,Donor AJD3280:LP TCRab CD4 TRM,1.000000,-,-,-,-,-,-,-,-,-,-,-
259,GTGR%T,1.7e-03,2,2,1.9e-06,1.0e+00,6.5e-02,1.0e+00,1.0e-03,2.9e-02,global-GTGR%T,CASGTGrDTQYF,CASGTGRDTQYF,TRBV5-1,TRBJ2-3,CAFMNSHGSSNTGKLIF,Donor AJG2309:L TCRab CD4 TCM,1.000000,-,-,-,-,-,-,-,-,-,-,-

260,%SGVGNQP,1.7e-03,2,2,2.2e-06,1.0e+00,7.5e-02,1.0e+00,1.0e-03,2.9e-02,global-%SGVGNQP,CSARSGvgNQPQHF,CSARSGVGNQPQHF,TRBV20-1,TRBJ1-5,CALSRATRRDDKIIF,Donor AJKQ118:PB TCRab CD4 Naive/TCM,1.000000,-,-,-,-,-,-,-,-,-,-,-
260,%SGVGNQP,1.7e-03,2,2,2.2e-06,1.0e+00,7.5e-02,1.0e+00,1.0e-03,2.9e-02,global-%SGVGNQP,CASSSgvgNQPQHF,CASSSGVGNQPQHF,TRBV19,TRBJ1-5,CAMSNSNYQLIW,Donor AJD3280:LP TCRab CD4 TRM,1.000000,-,-,-,-,-,-,-,-,-,-,-

261,SSG%TNSP,1.7e-03,1,2,2.5e-06,1.0e+00,8.5e-02,1.0e+00,1.0e-03,2.9e-02,global-SSG%TNSP,CASSSgvtNSPLHF,CASSSGVTNSPLHF,TRBV7-2,TRBJ1-6,CAYRSAQGAQKLVF,Donor AJD3280:PB TCRab CD4 Naive/TCM,1.000000,-,-,-,-,-,-,-,-,-,-,-
261,SSG%TNSP,1.7e-03,1,2,2.5e-06,1.0e+00,8.5e-02,1.0e+00,1.0e-03,2.9e-02,global-SSG%TNSP,CASSSGQtNSPLHF,CASSSGQTNSPLHF,TRBV5-4,TRBJ1-6,CAVTGGAGGYNKLIF,Donor AJD3280:IEL TCRab CD4 Mobile TRM,1.000000,-,-,-,-,-,-,-,-,-,-,-

262,SSTGGN%E,1.7e-03,2,2,1.7e-06,1.0e+00,5.8e-02,1.0e+00,1.0e-03,2.9e-02,global-SSTGGN%E,CASSSTGGNTEAFF,CASSSTGGNTEAFF,TRBV5-1,TRBJ1-1,CAATFLGNAGNMLTF,Donor AJKQ118:LP TCRab CD4 Poised TCM,1.000000,-,-,-,-,-,-,-,-,-,-,-
262,SSTGGN%E,1.7e-03,2,2,1.7e-06,1.0e+00,5.8e-02,1.0e+00,1.0e-03,2.9e-02,global-SSTGGN%E,CASSSTGGnYEQYF,CASSSTGGNYEQYF,TRBV12-4,TRBJ2-7,CAENRSGGSNYKLTF,Donor AJD3280:LP TCRab CD4 TRM,1.000000,-,-,-,-,-,-,-,-,-,-,-

263,SDS%GSTDT,1.7e-03,1,2,2.2e-09,1.0e+00,1.0e-03,7.4e-02,1.0e-03,2.9e-02,global-SDS%GSTDT,CASSDsvgSTDTQYF,CASSDSVGSTDTQYF,TRBV6-4,TRBJ2-3,CAGMDSNYQLIW,Donor AJD3280:L TCRab CD4 TRM,3.000000,-,-,-,-,-,-,-,-,-,-,-
263,SDS%GSTDT,1.7e-03,1,2,2.2e-09,1.0e+00,1.0e-03,7.4e-02,1.0e-03,2.9e-02,global-SDS%GSTDT,CASSDsvgSTDTQYF,CASSDSVGSTDTQYF,TRBV6-4,TRBJ2-3,CAGMDSNYQLIW,Donor AJD3280:PB TCRab CD4 FOXP3+ Treg,1.000000,-,-,-,-,-,-,-,-,-,-,-
263,SDS%GSTDT,1.7e-03,1,2,2.2e-09,1.0e+00,1.0e-03,7.4e-02,1.0e-03,2.9e-02,global-SDS%GSTDT,CASSDsRGSTDTQYF,CASSDSRGSTDTQYF,TRBV6-4,TRBJ2-3,CAVMDSNYQLIW,Donor AJD3280:LP TCRab CD4 TRM,1.000000,-,-,-,-,-,-,-,-,-,-,-

264,G%WET,1.7e-03,2,2,2.0e-07,1.0e+00,6.8e-02,1.0e-01,1.0e-03,2.9e-02,global-G%WET,CrTGGwETQYF,CRTGGWETQYF,TRBV20-1,TRBJ2-5,CAVRATGSGNTPLVF,Donor AJG2309:LP TCRab CD4 Mobile TRM,1.000000,-,-,-,-,-,-,-,-,-,-,-
264,G%WET,1.7e-03,2,2,2.0e-07,1.0e+00,6.8e-02,1.0e-01,1.0e-03,2.9e-02,global-G%WET,CATGQwETQYF,CATGQWETQYF,TRBV10-3,TRBJ2-5,CAGQNSGGSNYKLTF,Donor AJD3280:LP TCRab CD4 FOXP3+ Treg,2.000000,-,-,-,-,-,-,-,-,-,-,-

265,SLLQ%TE,1.7e-03,2,2,2.9e-08,1.0e+00,1.0e-03,1.0e+00,1.0e-03,2.9e-02,global-SLLQ%TE,CASSLlqNTEAFF,CASSLLQNTEAFF,TRBV7-9,TRBJ1-1,CIHIGSARQLTF,Donor AJKQ118:LP TCRab CD4 TRM,1.000000,-,-,-,-,-,-,-,-,-,-,-
265,SLLQ%TE,1.7e-03,2,2,2.9e-08,1.0e+00,1.0e-03,1.0e+00,1.0e-03,2.9e-02,global-SLLQ%TE,CASSLlQGTEAFF,CASSLLQGTEAFF,TRBV7-9,TRBJ1-1,CAFMKLSVGGGGADGLTF,Donor AJG2309:LP TCRab CD4 Poised TCM,1.000000,-,-,-,-,-,-,-,-,-,-,-

266,%WTGRYE,1.7e-03,1,2,3.2e-09,1.0e+00,1.0e-03,1.1e-01,1.0e-03,2.9e-02,global-%WTGRYE,CASTwTGrYEQYF,CASTWTGRYEQYF,TRBV2,TRBJ2-7,CAGSSNTGNQFYF,Donor AJG2309:LP TCRab CD4 TRM,2.000000,-,-,-,-,-,-,-,-,-,-,-
266,%WTGRYE,1.7e-03,1,2,3.2e-09,1.0e+00,1.0e-03,1.1e-01,1.0e-03,2.9e-02,global-%WTGRYE,CASSwTGrYEQYF,CASSWTGRYEQYF,TRBV2,TRBJ2-7,CAGTSNTGNQFYF,Donor AJG2309:LP TCRab CD4 TRM,1.000000,-,-,-,-,-,-,-,-,-,-,-

267,S%QGFTDT,1.7e-03,2,2,2.0e-06,1.0e+00,6.7e-02,1.0e+00,1.0e-03,2.9e-02,global-S%QGFTDT,CASStQGfTDTQYF,CASSTQGFTDTQYF,TRBV7-3,TRBJ2-3,CALSESGGSQGNLIF,Donor AJD3280:IEL TCRab CD4 FOXP3+ Treg,1.000000,-,-,-,-,-,-,-,-,-,-,-
267,S%QGFTDT,1.7e-03,2,2,2.0e-06,1.0e+00,6.7e-02,1.0e+00,1.0e-03,2.9e-02,global-S%QGFTDT,CASSQQGfTDTQYF,CASSQQGFTDTQYF,TRBV18,TRBJ2-3,CAYRGKETSGSRLTF,Donor AJKQ118:PB TCRab CD4 Naive/TCM,1.000000,-,-,-,-,-,-,-,-,-,-,-

268,%YSRGTE,1.7e-03,1,2,4.1e-09,1.0e+00,1.0e-03,1.4e-01,1.0e-03,2.9e-02,global-%YSRGTE,CASSYsRGTEAFF,CASSYSRGTEAFF,TRBV6-5,TRBJ1-1,CVVNRTGGGNKLTF,Donor AJD3280:IEL TCRab CD4 TRM,1.000000,-,-,-,-,-,-,-,-,-,-,-
268,%YSRGTE,1.7e-03,1,2,4.1e-09,1.0e+00,1.0e-03,1.4e-01,1.0e-03,2.9e-02,global-%YSRGTE,CASSYsRGTEAFF,CASSYSRGTEAFF,TRBV6-5,TRBJ1-1,CASNFNKFYF,Donor AJD3280:IEL TCRab CD4 TRM,1.000000,-,-,-,-,-,-,-,-,-,-,-
268,%YSRGTE,1.7e-03,1,2,4.1e-09,1.0e+00,1.0e-03,1.4e-01,1.0e-03,2.9e-02,global-%YSRGTE,CASSYsRGTEAFF,CASSYSRGTEAFF,TRBV6-2,TRBJ1-1,CAVPHNAGGTSYGKLTF,Donor AJD3280:L TCRab CD4 Naive/TCM,1.000000,-,-,-,-,-,-,-,-,-,-,-
268,%YSRGTE,1.7e-03,1,2,4.1e-09,1.0e+00,1.0e-03,1.4e-01,1.0e-03,2.9e-02,global-%YSRGTE,CASTysRGTEAFF,CASTYSRGTEAFF,TRBV6-5,TRBJ1-1,CATDPFSGGYNKLIF,Donor AJD3280:IEL TCRab CD4 TRM,3.000000,-,-,-,-,-,-,-,-,-,-,-
268,%YSRGTE,1.7e-03,1,2,4.1e-09,1.0e+00,1.0e-03,1.4e-01,1.0e-03,2.9e-02,global-%YSRGTE,CASTysRGTEAFF,CASTYSRGTEAFF,TRBV6-5,TRBJ1-1,CLVDNTGGFKTIF,Donor AJD3280:IEL TCRab CD4 TRM,1.000000,-,-,-,-,-,-,-,-,-,-,-
268,%YSRGTE,1.7e-03,1,2,4.1e-09,1.0e+00,1.0e-03,1.4e-01,1.0e-03,2.9e-02,global-%YSRGTE,CASTysRGTEAFF,CASTYSRGTEAFF,TRBV6-5,TRBJ1-1,CATDPFSGGYNKLIF,Donor AJD3280:LP TCRab CD4 Tph,1.000000,-,-,-,-,-,-,-,-,-,-,-
268,%YSRGTE,1.7e-03,1,2,4.1e-09,1.0e+00,1.0e-03,1.4e-01,1.0e-03,2.9e-02,global-%YSRGTE,CASTysRGTEAFF,CASTYSRGTEAFF,TRBV6-5,TRBJ1-1,CLVDNTGGFKTIF,Donor AJD3280:LP TCRab CD4 Tph,1.000000,-,-,-,-,-,-,-,-,-,-,-

269,CRD%SYE,1.7e-03,2,2,3.3e-09,1.0e+00,1.0e-03,1.2e-01,1.0e-03,2.9e-02,global-CRD%SYE,CAScrdtSYEQYF,CASCRDTSYEQYF,TRBV2,TRBJ2-7,CAASTVPGSARQLTF,Donor AJG2309:LP TCRab CD4 TRM,2.000000,-,-,-,-,-,-,-,-,-,-,-
269,CRD%SYE,1.7e-03,2,2,3.3e-09,1.0e+00,1.0e-03,1.2e-01,1.0e-03,2.9e-02,global-CRD%SYE,CAScrdsSYEQYF,CASCRDSSYEQYF,TRBV2,TRBJ2-7,CAYRSSYLNNNARLMF,Donor AJD3280:L TCRab CD4 TRM,1.000000,-,-,-,-,-,-,-,-,-,-,-

270,SP%GGPTGE,1.7e-03,2,2,2.0e-06,1.0e+00,6.7e-02,1.0e+00,1.0e-03,2.9e-02,global-SP%GGPTGE,CASSPSGGpTGELFF,CASSPSGGPTGELFF,TRBV7-7,TRBJ2-2,CAVTGNQFYF,Donor AJD3280:PB TCRab CD4 Naive/TCM,1.000000,-,-,-,-,-,-,-,-,-,-,-
270,SP%GGPTGE,1.7e-03,2,2,2.0e-06,1.0e+00,6.7e-02,1.0e+00,1.0e-03,2.9e-02,global-SP%GGPTGE,CASSPRGgpTGELFF,CASSPRGGPTGELFF,TRBV6-2,TRBJ2-2,CAVSTLKYIF,Donor AJKQ118:PB TCRab CD4 Naive/TCM,1.000000,-,-,-,-,-,-,-,-,-,-,-

271,SFGV%NE,1.7e-03,2,2,1.7e-06,1.0e+00,5.7e-02,1.0e+00,1.0e-03,2.9e-02,global-SFGV%NE,CASSfgvdnEQYF,CASSFGVDNEQYF,TRBV5-1,TRBJ2-7,CAVGRSQGNLIF,Donor AJD3280:PB TCRab CD4 Naive/TCM,1.000000,-,-,-,-,-,-,-,-,-,-,-
271,SFGV%NE,1.7e-03,2,2,1.7e-06,1.0e+00,5.7e-02,1.0e+00,1.0e-03,2.9e-02,global-SFGV%NE,CASSfgviNEQFF,CASSFGVINEQFF,TRBV27,TRBJ2-1,CAVTSHGGSQGNLIF,Donor AJG2309:LP TCRab CD4 TRM,1.000000,-,-,-,-,-,-,-,-,-,-,-

272,KGG%ET,1.7e-03,1,2,3.6e-06,1.0e+00,1.2e-01,1.0e+00,1.0e-03,2.9e-02,global-KGG%ET,CASkGGpETQYF,CASKGGPETQYF,TRBV6-6,TRBJ2-5,CAASSVGSTLGRLYF,Donor AJD3280:IEL TCRab CD4 Mobile TRM,1.000000,-,-,-,-,-,-,-,-,-,-,-
272,KGG%ET,1.7e-03,1,2,3.6e-06,1.0e+00,1.2e-01,1.0e+00,1.0e-03,2.9e-02,global-KGG%ET,CASkGGpETQYF,CASKGGPETQYF,TRBV6-6,TRBJ2-5,CAASSVGSTLGRLYF,Donor AJD3280:LP TCRab CD4 Tph,1.000000,-,-,-,-,-,-,-,-,-,-,-
272,KGG%ET,1.7e-03,1,2,3.6e-06,1.0e+00,1.2e-01,1.0e+00,1.0e-03,2.9e-02,global-KGG%ET,CASkGGgETQYF,CASKGGGETQYF,TRBV2,TRBJ2-5,CALSAYNAGNMLTF,Donor AJD3280:LP TCRab CD4 Poised TCM,1.000000,-,-,-,-,-,-,-,-,-,-,-

273,%AGSSGNT,1.7e-03,2,2,3.6e-06,1.0e+00,1.2e-01,1.0e+00,1.0e-03,2.9e-02,global-%AGSSGNT,CASSAGsSGNTIYF,CASSAGSSGNTIYF,TRBV9,TRBJ1-3,CVVSENAGNMLTF,Donor AJKQ118:PB TCRab CD4 FOXP3+ Treg,1.000000,-,-,-,-,-,-,-,-,-,-,-
273,%AGSSGNT,1.7e-03,2,2,3.6e-06,1.0e+00,1.2e-01,1.0e+00,1.0e-03,2.9e-02,global-%AGSSGNT,CASSAGsSGNTIYF,CASSAGSSGNTIYF,TRBV9,TRBJ1-3,CATDAKGYSTLTF,Donor AJKQ118:PB TCRab CD4 FOXP3+ Treg,1.000000,-,-,-,-,-,-,-,-,-,-,-
273,%AGSSGNT,1.7e-03,2,2,3.6e-06,1.0e+00,1.2e-01,1.0e+00,1.0e-03,2.9e-02,global-%AGSSGNT,CSAeAGsSGNTIYF,CSAEAGSSGNTIYF,TRBV29-1,TRBJ1-3,CAVEADTGTASKLTF,Donor AJD3280:PB TCRab CD4 Naive/TCM,1.000000,-,-,-,-,-,-,-,-,-,-,-

274,SLRQ%SNQP,1.7e-03,2,2,1.7e-06,1.0e+00,5.8e-02,1.0e+00,1.0e-03,2.9e-02,global-SLRQ%SNQP,CASSLrqdSNQPQHF,CASSLRQDSNQPQHF,TRBV18,TRBJ1-5,CVVNDGYNFNKFYF,Donor AJKQ118:PB TCRab CD4 Naive/TCM,1.000000,-,-,-,-,-,-,-,-,-,-,-
274,SLRQ%SNQP,1.7e-03,2,2,1.7e-06,1.0e+00,5.8e-02,1.0e+00,1.0e-03,2.9e-02,global-SLRQ%SNQP,CASSLrqnSNQPQHF,CASSLRQNSNQPQHF,TRBV7-2,TRBJ1-5,CAASKSNYQLIW,Donor AJD3280:IEL TCRab CD4 Mobile TRM,1.000000,-,-,-,-,-,-,-,-,-,-,-

275,%SRGGTE,1.7e-03,2,2,5.5e-06,1.0e+00,1.9e-01,1.0e+00,1.0e-03,2.9e-02,global-%SRGGTE,CASrsRGgTEAFF,CASRSRGGTEAFF,TRBV12-4,TRBJ1-1,CAENMKTSYDKVIF,Donor AJD3280:IEL TCRab CD4 Mobile TRM,1.000000,-,-,-,-,-,-,-,-,-,-,-
275,%SRGGTE,1.7e-03,2,2,5.5e-06,1.0e+00,1.9e-01,1.0e+00,1.0e-03,2.9e-02,global-%SRGGTE,CASSSRGgTEAFF,CASSSRGGTEAFF,TRBV11-3,TRBJ1-1,CALSEVGSWGKLQF,Donor AJD3280:LP TCRab CD4 FOXP3+ Treg,1.000000,-,-,-,-,-,-,-,-,-,-,-
275,%SRGGTE,1.7e-03,2,2,5.5e-06,1.0e+00,1.9e-01,1.0e+00,1.0e-03,2.9e-02,global-%SRGGTE,CASSSRGgTEAFF,CASSSRGGTEAFF,TRBV5-6,TRBJ1-1,CALSGPRNNNARLMF,Donor AJG2309:PB TCRab CD4 Naive/TCM,1.000000,-,-,-,-,-,-,-,-,-,-,-

276,S%PGQGITE,1.7e-03,1,2,2.1e-06,1.0e+00,7.1e-02,1.0e+00,1.0e-03,2.9e-02,global-S%PGQGITE,CASSLpGQGiTEAFF,CASSLPGQGITEAFF,TRBV7-9,TRBJ1-1,CAYRRSGYALNF,Donor AJG2309:LP TCRab CD4 TRM,1.000000,-,-,-,-,-,-,-,-,-,-,-
276,S%PGQGITE,1.7e-03,1,2,2.1e-06,1.0e+00,7.1e-02,1.0e+00,1.0e-03,2.9e-02,global-S%PGQGITE,CSASqpGQGiTEAFF,CSASQPGQGITEAFF,TRBV20-1,TRBJ1-1,CIVRVALGGNDMRF,Donor AJG2309:LP TCRab CD4 Mobile TRM,1.000000,-,-,-,-,-,-,-,-,-,-,-

277,SPGGT%DT,1.7e-03,2,2,1.9e-06,1.0e+00,6.6e-02,1.0e+00,1.0e-03,2.9e-02,global-SPGGT%DT,CASSPgGTaDTQYF,CASSPGGTADTQYF,TRBV7-3,TRBJ2-3,CAVKGGTASKLTF,Donor AJG2309:PB TCRab CD4 TCM,1.000000,-,-,-,-,-,-,-,-,-,-,-
277,SPGGT%DT,1.7e-03,2,2,1.9e-06,1.0e+00,6.6e-02,1.0e+00,1.0e-03,2.9e-02,global-SPGGT%DT,CASSPgGTTDTQYF,CASSPGGTTDTQYF,TRBV11-2,TRBJ2-3,CALRGGNTGNQFYF,Donor AJKQ118:LP TCRab CD4 FOXP3+ Treg,1.000000,-,-,-,-,-,-,-,-,-,-,-

278,%PDQET,1.7e-03,2,2,2.9e-08,1.0e+00,1.0e-03,1.0e+00,1.0e-03,2.9e-02,global-%PDQET,CSARpdQETQYF,CSARPDQETQYF,TRBV20-1,TRBJ2-5,CAVKELGDARLMF,Donor AJKQ118:PB TCRab CD4 Naive/TCM,1.000000,-,-,-,-,-,-,-,-,-,-,-
278,%PDQET,1.7e-03,2,2,2.9e-08,1.0e+00,1.0e-03,1.0e+00,1.0e-03,2.9e-02,global-%PDQET,CSAtpdQETQYF,CSATPDQETQYF,TRBV20-1,TRBJ2-5,CAVGPRDGQKLLF,Donor AJD3280:LP TCRab CD4 Mobile TRM,1.000000,-,-,-,-,-,-,-,-,-,-,-

279,RPTG%EK,1.7e-03,1,2,2.2e-06,1.0e+00,7.5e-02,1.0e+00,1.0e-03,2.9e-02,global-RPTG%EK,CASrpTGyEKLFF,CASRPTGYEKLFF,TRBV6-5,TRBJ1-4,CAVAPLRAGNNRKLIW,Donor AJD3280:PB TCRab CD4 Naive/TCM,1.000000,-,-,-,-,-,-,-,-,-,-,-
279,RPTG%EK,1.7e-03,1,2,2.2e-06,1.0e+00,7.5e-02,1.0e+00,1.0e-03,2.9e-02,global-RPTG%EK,CASrpTGaEKLFF,CASRPTGAEKLFF,TRBV19,TRBJ1-4,CAGVGYNNNDMRF,Donor AJD3280:IEL TCRab CD4 TRM,1.000000,-,-,-,-,-,-,-,-,-,-,-

280,SP%TVYNE,1.7e-03,1,2,2.0e-06,1.0e+00,6.7e-02,1.0e+00,1.0e-03,2.9e-02,global-SP%TVYNE,CASSPktvYNEQFF,CASSPKTVYNEQFF,TRBV7-9,TRBJ2-1,CAGARGAGGTSYGKLTF,Donor AJD3280:IEL TCRab CD4 FOXP3+ Treg,1.000000,-,-,-,-,-,-,-,-,-,-,-
280,SP%TVYNE,1.7e-03,1,2,2.0e-06,1.0e+00,6.7e-02,1.0e+00,1.0e-03,2.9e-02,global-SP%TVYNE,CASSPrtvYNEQFF,CASSPRTVYNEQFF,TRBV9,TRBJ2-1,CALSNQAQKLVF,Donor AJD3280:PB TCRab CD4 Naive/TCM,1.000000,-,-,-,-,-,-,-,-,-,-,-

281,SLL%TNEK,1.7e-03,2,2,2.9e-08,1.0e+00,1.0e-03,1.0e+00,1.0e-03,2.9e-02,global-SLL%TNEK,CASSLltTNEKLFF,CASSLLTTNEKLFF,TRBV7-8,TRBJ1-4,CAVSSGNQGGKLIF,Donor AJD3280:PB TCRab CD4 Naive/TCM,1.000000,-,-,-,-,-,-,-,-,-,-,-
281,SLL%TNEK,1.7e-03,2,2,2.9e-08,1.0e+00,1.0e-03,1.0e+00,1.0e-03,2.9e-02,global-SLL%TNEK,CASSLlgTNEKLFF,CASSLLGTNEKLFF,TRBV7-8,TRBJ1-4,CALISGGYNKLIF,Donor AJKQ118:PB TCRab CD4 Naive/TCM,1.000000,-,-,-,-,-,-,-,-,-,-,-

282,AG%NEK,1.7e-03,1,2,1.8e-06,1.0e+00,6.3e-02,1.0e+00,1.0e-03,2.9e-02,global-AG%NEK,CAWAGGNEKLFF,CAWAGGNEKLFF,TRBV30,TRBJ1-4,CAVQGTNAGKSTF,Donor AJD3280:PB TCRab CD4 Naive/TCM,1.000000,-,-,-,-,-,-,-,-,-,-,-
282,AG%NEK,1.7e-03,1,2,1.8e-06,1.0e+00,6.3e-02,1.0e+00,1.0e-03,2.9e-02,global-AG%NEK,CSVAGaNEKLFF,CSVAGANEKLFF,TRBV29-1,TRBJ1-4,CAASRETSGSRLTF,Donor AJD3280:LP TCRab CD4 TRM,1.000000,-,-,-,-,-,-,-,-,-,-,-

283,S%STYG,1.7e-03,2,2,1.8e-06,1.0e+00,6.3e-02,1.0e+00,1.0e-03,2.9e-02,global-S%STYG,CASSfstYGYTF,CASSFSTYGYTF,TRBV12-4,TRBJ1-2,CASYSGGSSASKIIF,Donor AJKQ118:PB TCRab CD4 Naive/TCM,1.000000,-,-,-,-,-,-,-,-,-,-,-
283,S%STYG,1.7e-03,2,2,1.8e-06,1.0e+00,6.3e-02,1.0e+00,1.0e-03,2.9e-02,global-S%STYG,CATSRstYGYTF,CATSRSTYGYTF,TRBV15,TRBJ1-2,CAVSDPQGSQGNLIF,Donor AJG2309:LP TCRab CD4 TRM,1.000000,-,-,-,-,-,-,-,-,-,-,-

284,SFQ%NTGE,1.7e-03,2,2,1.9e-06,1.0e+00,6.6e-02,1.0e+00,1.0e-03,2.9e-02,global-SFQ%NTGE,CASSfqaNTGELFF,CASSFQANTGELFF,TRBV7-7,TRBJ2-2,CVVSDRGTGNQFYF,Donor AJD3280:LP TCRab CD4 TRM,1.000000,-,-,-,-,-,-,-,-,-,-,-
284,SFQ%NTGE,1.7e-03,2,2,1.9e-06,1.0e+00,6.6e-02,1.0e+00,1.0e-03,2.9e-02,global-SFQ%NTGE,CASSfQGNTGELFF,CASSFQGNTGELFF,TRBV5-1,TRBJ2-2,CAASARVRSQGNLIF,Donor AJKQ118:PB TCRab CD4 FOXP3+ Treg,1.000000,-,-,-,-,-,-,-,-,-,-,-

285,SS%GQGNEK,1.7e-03,2,2,2.0e-06,1.0e+00,7.0e-02,1.0e+00,1.0e-03,2.9e-02,global-SS%GQGNEK,CASSSwGQGNEKLFF,CASSSWGQGNEKLFF,TRBV12-3,TRBJ1-4,CLVVMEYGNKLVF,Donor AJD3280:L TCRab CD4 TCM,1.000000,-,-,-,-,-,-,-,-,-,-,-
285,SS%GQGNEK,1.7e-03,2,2,2.0e-06,1.0e+00,7.0e-02,1.0e+00,1.0e-03,2.9e-02,global-SS%GQGNEK,CASSSlGQGNEKLFF,CASSSLGQGNEKLFF,TRBV5-6,TRBJ1-4,CAASITGGSYIPTF,Donor AJG2309:LP TCRab CD4 Poised TCM,1.000000,-,-,-,-,-,-,-,-,-,-,-

286,RVGGA%DT,1.7e-03,2,2,1.7e-06,1.0e+00,6.0e-02,1.0e+00,1.0e-03,2.9e-02,global-RVGGA%DT,CASrvGGaqDTQYF,CASRVGGAQDTQYF,TRBV7-3,TRBJ2-3,CAVYTGANSKLTF,Donor AJG2309:L TCRab CD4 TCM,1.000000,-,-,-,-,-,-,-,-,-,-,-
286,RVGGA%DT,1.7e-03,2,2,1.7e-06,1.0e+00,6.0e-02,1.0e+00,1.0e-03,2.9e-02,global-RVGGA%DT,CSARvGGaaDTQYF,CSARVGGAADTQYF,TRBV20-1,TRBJ2-3,CAVSPRGAGGTSYGKLTF,Donor AJD3280:IEL TCRab CD4 FOXP3+ Treg,1.000000,-,-,-,-,-,-,-,-,-,-,-

287,SPP%TSYE,1.7e-03,1,2,2.9e-08,1.0e+00,1.0e-03,1.0e+00,1.0e-03,2.9e-02,global-SPP%TSYE,CASSPpvtSYEQYF,CASSPPVTSYEQYF,TRBV18,TRBJ2-7,CAVMAQGGSEKLVF,Donor AJD3280:LP TCRab CD4 TRM,1.000000,-,-,-,-,-,-,-,-,-,-,-
287,SPP%TSYE,1.7e-03,1,2,2.9e-08,1.0e+00,1.0e-03,1.0e+00,1.0e-03,2.9e-02,global-SPP%TSYE,CASSPpGTSYEQYF,CASSPPGTSYEQYF,TRBV18,TRBJ2-7,CAFMRRGAQKLVF,Donor AJD3280:LP TCRab CD4 Poised TCM,1.000000,-,-,-,-,-,-,-,-,-,-,-

288,%LGGGTE,1.7e-03,1,2,2.2e-06,1.0e+00,7.7e-02,1.0e+00,1.0e-03,2.9e-02,global-%LGGGTE,CASTLGGgTEAFF,CASTLGGGTEAFF,TRBV5-1,TRBJ1-1,CAVSGGSYIPTF,Donor AJD3280:LP TCRab CD4 FOXP3+ Treg,1.000000,-,-,-,-,-,-,-,-,-,-,-
288,%LGGGTE,1.7e-03,1,2,2.2e-06,1.0e+00,7.7e-02,1.0e+00,1.0e-03,2.9e-02,global-%LGGGTE,CASSLGGgTEAFF,CASSLGGGTEAFF,TRBV5-4,TRBJ1-1,CAGGKAGGGNKLTF,Donor AJD3280:L TCRab CD4 TRM,1.000000,-,-,-,-,-,-,-,-,-,-,-

289,SP%QGPNQP,1.7e-03,1,2,1.9e-06,1.0e+00,6.5e-02,1.0e+00,1.0e-03,2.9e-02,global-SP%QGPNQP,CASSPGQGpNQPQHF,CASSPGQGPNQPQHF,TRBV6-2,TRBJ1-5,CIVRYGNEKLTF,Donor AJD3280:LP TCRab CD4 Poised TCM,1.000000,-,-,-,-,-,-,-,-,-,-,-
289,SP%QGPNQP,1.7e-03,1,2,1.9e-06,1.0e+00,6.5e-02,1.0e+00,1.0e-03,2.9e-02,global-SP%QGPNQP,CASSPrQGpNQPQHF,CASSPRQGPNQPQHF,TRBV7-2,TRBJ1-5,CAVGPPTNDYKLSF,Donor AJD3280:L TCRab CD4 Naive/TCM,1.000000,-,-,-,-,-,-,-,-,-,-,-

290,S%RLAGDQET,1.7e-03,1,2,2.2e-06,1.0e+00,7.4e-02,1.0e+00,1.0e-03,2.9e-02,global-S%RLAGDQET,CASSLrLAGdQETQYF,CASSLRLAGDQETQYF,TRBV13,TRBJ2-5,CILRGPNSGGYQKVTF,Donor AJG2309:LP TCRab CD4 TRM,1.000000,-,-,-,-,-,-,-,-,-,-,-
290,S%RLAGDQET,1.7e-03,1,2,2.2e-06,1.0e+00,7.4e-02,1.0e+00,1.0e-03,2.9e-02,global-S%RLAGDQET,CASSPrLAGdQETQYF,CASSPRLAGDQETQYF,TRBV4-2,TRBJ2-5,CAASMLQELTF,Donor AJG2309:LP TCRab CD4 TRM,1.000000,-,-,-,-,-,-,-,-,-,-,-

291,M%QNTE,1.7e-03,2,2,2.2e-06,1.0e+00,7.4e-02,1.0e+00,1.0e-03,2.9e-02,global-M%QNTE,CATmdqNTEAFF,CATMDQNTEAFF,TRBV6-6,TRBJ1-1,CAVDPYSGAGSYQLTF,Donor AJD3280:L TCRab CD4 TRM,1.000000,-,-,-,-,-,-,-,-,-,-,-
291,M%QNTE,1.7e-03,2,2,2.2e-06,1.0e+00,7.4e-02,1.0e+00,1.0e-03,2.9e-02,global-M%QNTE,CASmGQNTEAFF,CASMGQNTEAFF,TRBV6-1,TRBJ1-1,CAVEDHGGGFKTIF,Donor AJKQ118:PB TCRab CD4 Naive/TCM,1.000000,-,-,-,-,-,-,-,-,-,-,-

292,SV%GNEK,1.7e-03,2,2,1.8e-06,1.0e+00,6.1e-02,1.0e+00,1.0e-03,2.9e-02,global-SV%GNEK,CAWSvRGNEKLFF,CAWSVRGNEKLFF,TRBV30,TRBJ1-4,CAVNAVGGDDKIIF,Donor AJD3280:LP TCRab CD4 TRM,1.000000,-,-,-,-,-,-,-,-,-,-,-
292,SV%GNEK,1.7e-03,2,2,1.8e-06,1.0e+00,6.1e-02,1.0e+00,1.0e-03,2.9e-02,global-SV%GNEK,CASSVTGNEKLFF,CASSVTGNEKLFF,TRBV5-1,TRBJ1-4,CAVIGSSNTGKLIF,Donor AJG2309:PB TCRab CD4 Naive/TCM,1.000000,-,-,-,-,-,-,-,-,-,-,-

293,SPG%ATE,1.7e-03,2,2,3.6e-06,1.0e+00,1.2e-01,1.0e+00,1.0e-03,2.9e-02,global-SPG%ATE,CASSPgfaTEAFF,CASSPGFATEAFF,TRBV18,TRBJ1-1,CAVSVINARLMF,Donor AJD3280:LP TCRab CD4 Poised TCM,1.000000,-,-,-,-,-,-,-,-,-,-,-
293,SPG%ATE,1.7e-03,2,2,3.6e-06,1.0e+00,1.2e-01,1.0e+00,1.0e-03,2.9e-02,global-SPG%ATE,CASSPGRaTEAFF,CASSPGRATEAFF,TRBV7-9,TRBJ1-1,CAYRRPGANSKLTF,Donor AJG2309:L TCRab CD4 Naive/TCM,1.000000,-,-,-,-,-,-,-,-,-,-,-
293,SPG%ATE,1.7e-03,2,2,3.6e-06,1.0e+00,1.2e-01,1.0e+00,1.0e-03,2.9e-02,global-SPG%ATE,CASSPGRaTEAFF,CASSPGRATEAFF,TRBV7-9,TRBJ1-1,CAYRRPGANSKLTF,Donor AJG2309:PB TCRab CD4 Naive/TCM,1.000000,-,-,-,-,-,-,-,-,-,-,-

294,SD%QGTDT,1.7e-03,2,2,2.0e-07,1.0e+00,6.3e-02,1.1e-01,1.0e-03,2.9e-02,global-SD%QGTDT,CATSDGQGTDTQYF,CATSDGQGTDTQYF,TRBV24-1,TRBJ2-3,CAYNPEYGNKLVF,Donor AJKQ118:PB TCRab CD4 FOXP3+ Treg,2.000000,-,-,-,-,-,-,-,-,-,-,-
294,SD%QGTDT,1.7e-03,2,2,2.0e-07,1.0e+00,6.3e-02,1.1e-01,1.0e-03,2.9e-02,global-SD%QGTDT,CASSDsQGTDTQYF,CASSDSQGTDTQYF,TRBV6-4,TRBJ2-3,CAVMDSNYQLIW,Donor AJD3280:L TCRab CD4 TRM,1.000000,-,-,-,-,-,-,-,-,-,-,-

295,SLG%NYG,1.7e-03,2,4,8.0e-07,1.0e+00,3.4e-01,1.0e+00,1.0e-03,2.3e-03,global-SLG%NYG,CASSLGQNYGYTF,CASSLGQNYGYTF,TRBV7-9,TRBJ1-2,CAVNARGSTDKLIF,Donor AJKQ118:PB TCRab CD4 Naive/TCM,1.000000,-,-,-,-,-,-,-,-,-,-,-
295,SLG%NYG,1.7e-03,2,4,8.0e-07,1.0e+00,3.4e-01,1.0e+00,1.0e-03,2.3e-03,global-SLG%NYG,CASSLGGNYGYTF,CASSLGGNYGYTF,TRBV7-2,TRBJ1-2,CAVRDRASKIIF,Donor AJD3280:PB TCRab CD4 Naive/TCM,1.000000,-,-,-,-,-,-,-,-,-,-,-
295,SLG%NYG,1.7e-03,2,4,8.0e-07,1.0e+00,3.4e-01,1.0e+00,1.0e-03,2.3e-03,global-SLG%NYG,CASSLGRNYGYTF,CASSLGRNYGYTF,TRBV27,TRBJ1-2,CAALKGSQGNLIF,Donor AJKQ118:PB TCRab CD4 Naive/TCM,1.000000,-,-,-,-,-,-,-,-,-,-,-
295,SLG%NYG,1.7e-03,2,4,8.0e-07,1.0e+00,3.4e-01,1.0e+00,1.0e-03,2.3e-03,global-SLG%NYG,CASSLgsNYGYTF,CASSLGSNYGYTF,TRBV12-3,TRBJ1-2,CAEPSGYALNF,Donor AJKQ118:PB TCRab CD4 Naive/TCM,1.000000,-,-,-,-,-,-,-,-,-,-,-

296,SPGGA%QP,1.7e-03,2,2,2.1e-06,1.0e+00,7.2e-02,1.0e+00,1.0e-03,2.9e-02,global-SPGGA%QP,CASSPGGafQPQHF,CASSPGGAFQPQHF,TRBV6-1,TRBJ1-5,CALSSASDGQKLLF,Donor AJKQ118:PB TCRab CD4 Naive/TCM,1.000000,-,-,-,-,-,-,-,-,-,-,-
296,SPGGA%QP,1.7e-03,2,2,2.1e-06,1.0e+00,7.2e-02,1.0e+00,1.0e-03,2.9e-02,global-SPGGA%QP,CASSPGGavQPQHF,CASSPGGAVQPQHF,TRBV7-9,TRBJ1-5,CAVTRNTGNQFYF,Donor AJD3280:PB TCRab CD4 Naive/TCM,1.000000,-,-,-,-,-,-,-,-,-,-,-

297,SP%GVSSYE,1.7e-03,1,2,1.9e-06,1.0e+00,6.6e-02,1.0e+00,1.0e-03,2.9e-02,global-SP%GVSSYE,CASSPpgvsSYEQYF,CASSPPGVSSYEQYF,TRBV18,TRBJ2-7,CAASFLIGFGNVLHC,Donor AJD3280:PB TCRab CD4 FOXP3+ Treg,1.000000,-,-,-,-,-,-,-,-,-,-,-
297,SP%GVSSYE,1.7e-03,1,2,1.9e-06,1.0e+00,6.6e-02,1.0e+00,1.0e-03,2.9e-02,global-SP%GVSSYE,CASSPGGvsSYEQYF,CASSPGGVSSYEQYF,TRBV5-1,TRBJ2-7,CAVSRAGTALIF,Donor AJD3280:PB TCRab CD4 Naive/TCM,1.000000,-,-,-,-,-,-,-,-,-,-,-

298,SEGG%GE,1.7e-03,2,2,1.7e-06,1.0e+00,5.9e-02,1.0e+00,1.0e-03,2.9e-02,global-SEGG%GE,CASSEGGsGELFF,CASSEGGSGELFF,TRBV6-1,TRBJ2-2,CAVLSGGSYIPTF,Donor AJD3280:LP TCRab CD4 FOXP3+ Treg,1.000000,-,-,-,-,-,-,-,-,-,-,-
298,SEGG%GE,1.7e-03,2,2,1.7e-06,1.0e+00,5.9e-02,1.0e+00,1.0e-03,2.9e-02,global-SEGG%GE,CASSEgGLgEQYF,CASSEGGLGEQYF,TRBV2,TRBJ2-7,CAMGLVNDYKLSF,Donor AJKQ118:PB TCRab CD4 Naive/TCM,1.000000,-,-,-,-,-,-,-,-,-,-,-

299,SLVGGA%T,1.7e-03,2,2,1.8e-06,1.0e+00,6.3e-02,1.0e+00,1.0e-03,2.9e-02,global-SLVGGA%T,CASSLvGGagTQYF,CASSLVGGAGTQYF,TRBV7-2,TRBJ2-5,CAENISGTASKLTF,Donor AJD3280:LP TCRab CD4 TRM,1.000000,-,-,-,-,-,-,-,-,-,-,-
299,SLVGGA%T,1.7e-03,2,2,1.8e-06,1.0e+00,6.3e-02,1.0e+00,1.0e-03,2.9e-02,global-SLVGGA%T,CASSLvGGaETQYF,CASSLVGGAETQYF,TRBV11-2,TRBJ2-5,CAYRRVLDSSYKLIF,Donor AJKQ118:PB TCRab CD4 Naive/TCM,1.000000,-,-,-,-,-,-,-,-,-,-,-

300,SPRT%GSYE,1.7e-03,2,2,2.1e-06,1.0e+00,7.2e-02,1.0e+00,1.0e-03,2.9e-02,global-SPRT%GSYE,CASSPrTSGSYEQYF,CASSPRTSGSYEQYF,TRBV28,TRBJ2-7,CASPGGGFKTIF,Donor AJG2309:LP TCRab CD4 TRM,1.000000,-,-,-,-,-,-,-,-,-,-,-
300,SPRT%GSYE,1.7e-03,2,2,2.1e-06,1.0e+00,7.2e-02,1.0e+00,1.0e-03,2.9e-02,global-SPRT%GSYE,CASSPrtAGSYEQYF,CASSPRTAGSYEQYF,TRBV7-8,TRBJ2-7,CAVHTLALNF,Donor AJKQ118:PB TCRab CD4 Naive/TCM,1.000000,-,-,-,-,-,-,-,-,-,-,-

301,%PGGGYE,1.7e-03,2,2,2.4e-06,1.0e+00,8.1e-02,1.0e+00,1.0e-03,2.9e-02,global-%PGGGYE,CSVqpGGgYEQYF,CSVQPGGGYEQYF,TRBV29-1,TRBJ2-7,CALNAGGTSYGKLTF,Donor AJKQ118:PB TCRab CD4 Naive/TCM,1.000000,-,-,-,-,-,-,-,-,-,-,-
301,%PGGGYE,1.7e-03,2,2,2.4e-06,1.0e+00,8.1e-02,1.0e+00,1.0e-03,2.9e-02,global-%PGGGYE,CASSPGGgYEQYF,CASSPGGGYEQYF,TRBV18,TRBJ2-7,CAVHKGGSQGNLIF,Donor AJG2309:IEL TCRab CD4 Mobile TRM,1.000000,-,-,-,-,-,-,-,-,-,-,-

302,S%RTTNYG,1.7e-03,2,2,1.3e-06,1.0e+00,4.4e-02,1.0e+00,1.0e-03,2.9e-02,global-S%RTTNYG,CASSfrttNYGYTF,CASSFRTTNYGYTF,TRBV5-6,TRBJ1-2,CIVRVPVGGSYDKVIF,Donor AJD3280:LP TCRab CD4 TRM,1.000000,-,-,-,-,-,-,-,-,-,-,-
302,S%RTTNYG,1.7e-03,2,2,1.3e-06,1.0e+00,4.4e-02,1.0e+00,1.0e-03,2.9e-02,global-S%RTTNYG,CASSErttNYGYTF,CASSERTTNYGYTF,TRBV6-1,TRBJ1-2,CVVYGNFNKFYF,Donor AJG2309:PB TCRab CD4 Naive/TCM,1.000000,-,-,-,-,-,-,-,-,-,-,-

303,%DGSSYNSP,1.7e-03,2,2,2.9e-08,1.0e+00,1.0e-03,1.0e+00,1.0e-03,2.9e-02,global-%DGSSYNSP,CSASdgsSYNSPLHF,CSASDGSSYNSPLHF,TRBV20-1,TRBJ1-6,CATVAVNARLMF,Donor AJKQ118:PB TCRab CD4 FOXP3+ Treg,1.000000,-,-,-,-,-,-,-,-,-,-,-
303,%DGSSYNSP,1.7e-03,2,2,2.9e-08,1.0e+00,1.0e-03,1.0e+00,1.0e-03,2.9e-02,global-%DGSSYNSP,CSARdgsSYNSPLHF,CSARDGSSYNSPLHF,TRBV20-1,TRBJ1-6,CAVRALRNSGNTPLVF,Donor AJD3280:LP TCRab CD4 Poised TCM,1.000000,-,-,-,-,-,-,-,-,-,-,-

304,S%GLGPYE,1.7e-03,1,2,1.5e-06,1.0e+00,5.3e-02,1.0e+00,1.0e-03,2.9e-02,global-S%GLGPYE,CASSSGLgpYEQYF,CASSSGLGPYEQYF,TRBV11-3,TRBJ2-7,CAETPSGTYKYIF,Donor AJD3280:L TCRab CD4 TCM,1.000000,-,-,-,-,-,-,-,-,-,-,-
304,S%GLGPYE,1.7e-03,1,2,1.5e-06,1.0e+00,5.3e-02,1.0e+00,1.0e-03,2.9e-02,global-S%GLGPYE,CASSPGLgpYEQYF,CASSPGLGPYEQYF,TRBV18,TRBJ2-7,CAYRSYRSTQGGSEKLVF,Donor AJD3280:IEL TCRab CD4 Mobile TRM,1.000000,-,-,-,-,-,-,-,-,-,-,-

305,%WGPE,1.7e-03,2,2,2.0e-06,1.0e+00,7.0e-02,1.0e+00,1.0e-03,2.9e-02,global-%WGPE,CSAmwgpEAFF,CSAMWGPEAFF,TRBV20-1,TRBJ1-1,CAAPDNNARLMF,Donor AJKQ118:PB TCRab CD4 Naive/TCM,1.000000,-,-,-,-,-,-,-,-,-,-,-
305,%WGPE,1.7e-03,2,2,2.0e-06,1.0e+00,7.0e-02,1.0e+00,1.0e-03,2.9e-02,global-%WGPE,CASSwgpEQYF,CASSWGPEQYF,TRBV6-5,TRBJ2-7,CIEAGGTSYGKLTF,Donor AJD3280:LP TCRab CD4 Tph,1.000000,-,-,-,-,-,-,-,-,-,-,-

306,SPRGG%NTGE,1.7e-03,2,2,1.8e-06,1.0e+00,6.3e-02,1.0e+00,1.0e-03,2.9e-02,global-SPRGG%NTGE,CASSPRGggNTGELFF,CASSPRGGGNTGELFF,TRBV6-2,TRBJ2-2,CALKIGFGNVLHC,Donor AJD3280:LP TCRab CD4 Poised TCM,1.000000,-,-,-,-,-,-,-,-,-,-,-
306,SPRGG%NTGE,1.7e-03,2,2,1.8e-06,1.0e+00,6.3e-02,1.0e+00,1.0e-03,2.9e-02,global-SPRGG%NTGE,CASSPRGgmNTGELFF,CASSPRGGMNTGELFF,TRBV5-4,TRBJ2-2,CIVRVGGRGQNFVF,Donor AJG2309:PB TCRab CD4 Naive/TCM,1.000000,-,-,-,-,-,-,-,-,-,-,-

307,SE%P,1.7e-03,2,2,2.9e-08,1.0e+00,1.0e-03,1.0e+00,1.0e-03,2.9e-02,global-SE%P,CASSEgpqdF,CASSEGPQDF,TRBV6-1,TRBJ2-5,CAVEQGGSEKLVF,Donor AJKQ118:PB TCRab CD4 Naive/TCM,1.000000,-,-,-,-,-,-,-,-,-,-,-
307,SE%P,1.7e-03,2,2,2.9e-08,1.0e+00,1.0e-03,1.0e+00,1.0e-03,2.9e-02,global-SE%P,CASSEQPQHF,CASSEQPQHF,TRBV6-1,TRBJ1-5,CASASGGYQKVTF,Donor AJD3280:LP TCRab CD4 Poised TCM,1.000000,-,-,-,-,-,-,-,-,-,-,-

308,S%GTDLYG,1.7e-03,2,2,1.9e-06,1.0e+00,6.4e-02,1.0e+00,1.0e-03,2.9e-02,global-S%GTDLYG,CASSPGTdlYGYTF,CASSPGTDLYGYTF,TRBV14,TRBJ1-2,CAVGLMDSNYQLIW,Donor AJG2309:L TCRab CD4 TCM,1.000000,-,-,-,-,-,-,-,-,-,-,-
308,S%GTDLYG,1.7e-03,2,2,1.9e-06,1.0e+00,6.4e-02,1.0e+00,1.0e-03,2.9e-02,global-S%GTDLYG,CASSfGTdlYGYTF,CASSFGTDLYGYTF,TRBV5-1,TRBJ1-2,CASTGANSKLTF,Donor AJD3280:LP TCRab CD4 FOXP3+ Treg,1.000000,-,-,-,-,-,-,-,-,-,-,-

309,SYE%T,1.7e-03,2,2,2.9e-08,1.0e+00,1.0e-03,1.0e+00,1.0e-03,2.9e-02,global-SYE%T,CASSYeETQYF,CASSYEETQYF,TRBV5-1,TRBJ2-5,CALTPVYGQNFVF,Donor AJKQ118:PB TCRab CD4 Naive/TCM,1.000000,-,-,-,-,-,-,-,-,-,-,-
309,SYE%T,1.7e-03,2,2,2.9e-08,1.0e+00,1.0e-03,1.0e+00,1.0e-03,2.9e-02,global-SYE%T,CASSYeDTQYF,CASSYEDTQYF,TRBV5-1,TRBJ2-3,CATDWMDSSYKLIF,Donor AJD3280:L TCRab CD4 Naive/TCM,1.000000,-,-,-,-,-,-,-,-,-,-,-

310,SEGG%GANV,1.7e-03,2,2,2.0e-06,1.0e+00,6.7e-02,1.0e+00,1.0e-03,2.9e-02,global-SEGG%GANV,CASSEGGSGANVLTF,CASSEGGSGANVLTF,TRBV2,TRBJ2-6,CAVSELWASAGGTSYGKLTF,Donor AJKQ118:PB TCRab CD4 FOXP3+ Treg,1.000000,-,-,-,-,-,-,-,-,-,-,-
310,SEGG%GANV,1.7e-03,2,2,2.0e-06,1.0e+00,6.7e-02,1.0e+00,1.0e-03,2.9e-02,global-SEGG%GANV,CASSEgGTGANVLTF,CASSEGGTGANVLTF,TRBV25-1,TRBJ2-6,CAMGSGYSTLTF,Donor AJG2309:PB TCRab CD4 Naive/TCM,1.000000,-,-,-,-,-,-,-,-,-,-,-

311,STQ%YG,1.7e-03,2,2,2.2e-06,1.0e+00,7.7e-02,1.0e+00,1.0e-03,2.9e-02,global-STQ%YG,CASStQGYGYTF,CASSTQGYGYTF,TRBV7-2,TRBJ1-2,CAVTARGNARLMF,Donor AJG2309:PB TCRab CD4 Naive/TCM,1.000000,-,-,-,-,-,-,-,-,-,-,-
311,STQ%YG,1.7e-03,2,2,2.2e-06,1.0e+00,7.7e-02,1.0e+00,1.0e-03,2.9e-02,global-STQ%YG,CSAStqpYGYTF,CSASTQPYGYTF,TRBV20-1,TRBJ1-2,CAVSAHSGGYQKVTF,Donor AJKQ118:PB TCRab CD4 Naive/TCM,1.000000,-,-,-,-,-,-,-,-,-,-,-

312,SPGQGR%DT,1.7e-03,2,2,1.8e-06,1.0e+00,6.2e-02,1.0e+00,1.0e-03,2.9e-02,global-SPGQGR%DT,CATSpGQGrmDTQYF,CATSPGQGRMDTQYF,TRBV24-1,TRBJ2-3,CALSEDRGSTLGRLYF,Donor AJG2309:L TCRab CD4 TRM,1.000000,-,-,-,-,-,-,-,-,-,-,-
312,SPGQGR%DT,1.7e-03,2,2,1.8e-06,1.0e+00,6.2e-02,1.0e+00,1.0e-03,2.9e-02,global-SPGQGR%DT,CASSPGQGrwdTIYF,CASSPGQGRWDTIYF,TRBV11-3,TRBJ1-3,CALSTGTASKLTF,Donor AJD3280:L TCRab CD4 TRM,1.000000,-,-,-,-,-,-,-,-,-,-,-

313,SPRG%AGTDT,1.7e-03,1,2,2.0e-06,1.0e+00,6.7e-02,1.0e+00,1.0e-03,2.9e-02,global-SPRG%AGTDT,CASSPRGgagTDTQYF,CASSPRGGAGTDTQYF,TRBV11-2,TRBJ2-3,CALGSSASKIIF,Donor AJD3280:IEL TCRab CD4 Mobile TRM,1.000000,-,-,-,-,-,-,-,-,-,-,-
313,SPRG%AGTDT,1.7e-03,1,2,2.0e-06,1.0e+00,6.7e-02,1.0e+00,1.0e-03,2.9e-02,global-SPRG%AGTDT,CASSPrGLAGTDTQYF,CASSPRGLAGTDTQYF,TRBV7-3,TRBJ2-3,CAMREPNTGNQFYF,Donor AJD3280:PB TCRab CD4 Naive/TCM,1.000000,-,-,-,-,-,-,-,-,-,-,-

314,S%TGGAGNE,1.7e-03,2,2,2.3e-06,1.0e+00,8.0e-02,1.0e+00,1.0e-03,2.9e-02,global-S%TGGAGNE,CASSRTGGagNEQFF,CASSRTGGAGNEQFF,TRBV12-3,TRBJ2-1,CAFCRNDAGNMLTF,Donor AJKQ118:PB TCRab CD4 Naive/TCM,1.000000,-,-,-,-,-,-,-,-,-,-,-
314,S%TGGAGNE,1.7e-03,2,2,2.3e-06,1.0e+00,8.0e-02,1.0e+00,1.0e-03,2.9e-02,global-S%TGGAGNE,CASSfTGGagNEQFF,CASSFTGGAGNEQFF,TRBV4-2,TRBJ2-1,CAFRPSGNTPLVF,Donor AJG2309:PB TCRab CD4 Naive/TCM,1.000000,-,-,-,-,-,-,-,-,-,-,-

315,SQ%DNSP,1.7e-03,2,2,1.9e-07,1.0e+00,6.6e-02,1.0e-01,1.0e-03,2.9e-02,global-SQ%DNSP,CASSQqdNSPLHF,CASSQQDNSPLHF,TRBV7-6,TRBJ1-6,CAVSASTGRRALTF,Donor AJD3280:IEL TCRab CD4 Mobile TRM,1.000000,-,-,-,-,-,-,-,-,-,-,-
315,SQ%DNSP,1.7e-03,2,2,1.9e-07,1.0e+00,6.6e-02,1.0e-01,1.0e-03,2.9e-02,global-SQ%DNSP,CASSQtdNSPLHF,CASSQTDNSPLHF,TRBV3-1,TRBJ1-6,CILRRARGGGSNYKLTF,Donor AJKQ118:IEL TCRab CD4 TRM,2.000000,-,-,-,-,-,-,-,-,-,-,-

316,S%HSNTE,1.7e-03,2,2,1.9e-06,1.0e+00,6.5e-02,1.0e+00,1.0e-03,2.9e-02,global-S%HSNTE,CASSVhsNTEAFF,CASSVHSNTEAFF,TRBV7-2,TRBJ1-1,CAASFGGTSYGKLTF,Donor AJD3280:LP TCRab CD4 Mobile TRM,1.000000,-,-,-,-,-,-,-,-,-,-,-
316,S%HSNTE,1.7e-03,2,2,1.9e-06,1.0e+00,6.5e-02,1.0e+00,1.0e-03,2.9e-02,global-S%HSNTE,CASSghsNTEAFF,CASSGHSNTEAFF,TRBV7-9,TRBJ1-1,CALRGGGTSYGKLTF,Donor AJG2309:PB TCRab CD4 Naive/TCM,1.000000,-,-,-,-,-,-,-,-,-,-,-

317,SLTP%YE,1.7e-03,2,2,2.1e-06,1.0e+00,7.1e-02,1.0e+00,1.0e-03,2.9e-02,global-SLTP%YE,CASSLtptYEQYF,CASSLTPTYEQYF,TRBV27,TRBJ2-7,CATSGASGSRLTF,Donor AJKQ118:PB TCRab CD4 Naive/TCM,1.000000,-,-,-,-,-,-,-,-,-,-,-
317,SLTP%YE,1.7e-03,2,2,2.1e-06,1.0e+00,7.1e-02,1.0e+00,1.0e-03,2.9e-02,global-SLTP%YE,CASSLtpiyEQFF,CASSLTPIYEQFF,TRBV5-8,TRBJ2-1,CVVKGDSSASKIIF,Donor AJG2309:PB TCRab CD4 FOXP3+ Treg,1.000000,-,-,-,-,-,-,-,-,-,-,-

318,SL%AGPGE,1.7e-03,1,2,2.1e-06,1.0e+00,7.1e-02,1.0e+00,1.0e-03,2.9e-02,global-SL%AGPGE,CASSLsAGpGELFF,CASSLSAGPGELFF,TRBV5-5,TRBJ2-2,CAVGGRFGNEKLTF,Donor AJD3280:PB TCRab CD4 Naive/TCM,1.000000,-,-,-,-,-,-,-,-,-,-,-
318,SL%AGPGE,1.7e-03,1,2,2.1e-06,1.0e+00,7.1e-02,1.0e+00,1.0e-03,2.9e-02,global-SL%AGPGE,CASSLnAGpGELFF,CASSLNAGPGELFF,TRBV7-2,TRBJ2-2,CALLQGGSEKLVF,Donor AJD3280:PB TCRab CD4 Naive/TCM,1.000000,-,-,-,-,-,-,-,-,-,-,-

319,%PGGTTDT,1.7e-03,2,2,3.6e-06,1.0e+00,1.2e-01,1.0e+00,1.0e-03,2.9e-02,global-%PGGTTDT,CASapgGTTDTQYF,CASAPGGTTDTQYF,TRBV10-3,TRBJ2-3,CVVMRGGSQGNLIF,Donor AJD3280:IEL TCRab CD4 FOXP3+ Treg,1.000000,-,-,-,-,-,-,-,-,-,-,-
319,%PGGTTDT,1.7e-03,2,2,3.6e-06,1.0e+00,1.2e-01,1.0e+00,1.0e-03,2.9e-02,global-%PGGTTDT,CASapgGTTDTQYF,CASAPGGTTDTQYF,TRBV10-3,TRBJ2-3,CVVMRGGSQGNLIF,Donor AJD3280:LP TCRab CD4 FOXP3+ Treg,1.000000,-,-,-,-,-,-,-,-,-,-,-
319,%PGGTTDT,1.7e-03,2,2,3.6e-06,1.0e+00,1.2e-01,1.0e+00,1.0e-03,2.9e-02,global-%PGGTTDT,CASSPgGTTDTQYF,CASSPGGTTDTQYF,TRBV11-2,TRBJ2-3,CALRGGNTGNQFYF,Donor AJKQ118:LP TCRab CD4 FOXP3+ Treg,1.000000,-,-,-,-,-,-,-,-,-,-,-

320,SLA%GKET,1.7e-03,1,2,1.9e-06,1.0e+00,6.6e-02,1.0e+00,1.0e-03,2.9e-02,global-SLA%GKET,CASSLalgkETQYF,CASSLALGKETQYF,TRBV12-4,TRBJ2-5,CAANHSYNTDKLIF,Donor AJD3280:L TCRab CD4 TRM,1.000000,-,-,-,-,-,-,-,-,-,-,-
320,SLA%GKET,1.7e-03,1,2,1.9e-06,1.0e+00,6.6e-02,1.0e+00,1.0e-03,2.9e-02,global-SLA%GKET,CASSLaRGkETQYF,CASSLARGKETQYF,TRBV5-5,TRBJ2-5,CAASKRDTGRRALTF,Donor AJD3280:PB TCRab CD4 Naive/TCM,1.000000,-,-,-,-,-,-,-,-,-,-,-

321,SQ%RTGE,1.7e-03,2,2,1.8e-06,1.0e+00,6.3e-02,1.0e+00,1.0e-03,2.9e-02,global-SQ%RTGE,CASSQGRTGELFF,CASSQGRTGELFF,TRBV3-1,TRBJ2-2,CAENDAYGSSNTGKLIF,Donor AJG2309:PB TCRab CD4 Naive/TCM,1.000000,-,-,-,-,-,-,-,-,-,-,-
321,SQ%RTGE,1.7e-03,2,2,1.8e-06,1.0e+00,6.3e-02,1.0e+00,1.0e-03,2.9e-02,global-SQ%RTGE,CASSQarTGELFF,CASSQARTGELFF,TRBV4-3,TRBJ2-2,CAVSDGVAGGFKTIF,Donor AJKQ118:PB TCRab CD4 Naive/TCM,1.000000,-,-,-,-,-,-,-,-,-,-,-

322,SQDTS%ET,1.7e-03,1,2,2.9e-08,1.0e+00,1.0e-03,1.0e+00,1.0e-03,2.9e-02,global-SQDTS%ET,CASSQdTSrETQYF,CASSQDTSRETQYF,TRBV4-3,TRBJ2-5,CATGLMDSSYKLIF,Donor AJD3280:LP TCRab CD4 TRM,1.000000,-,-,-,-,-,-,-,-,-,-,-
322,SQDTS%ET,1.7e-03,1,2,2.9e-08,1.0e+00,1.0e-03,1.0e+00,1.0e-03,2.9e-02,global-SQDTS%ET,CASSQdTSkETQYF,CASSQDTSKETQYF,TRBV4-3,TRBJ2-5,CAASPADSSYKLIF,Donor AJD3280:L TCRab CD4 TCM,1.000000,-,-,-,-,-,-,-,-,-,-,-

323,SL%RGKET,1.7e-03,2,2,1.9e-06,1.0e+00,6.4e-02,1.0e+00,1.0e-03,2.9e-02,global-SL%RGKET,CASSLaRGkETQYF,CASSLARGKETQYF,TRBV5-5,TRBJ2-5,CAASKRDTGRRALTF,Donor AJD3280:PB TCRab CD4 Naive/TCM,1.000000,-,-,-,-,-,-,-,-,-,-,-
323,SL%RGKET,1.7e-03,2,2,1.9e-06,1.0e+00,6.4e-02,1.0e+00,1.0e-03,2.9e-02,global-SL%RGKET,CASSLnRGkETQYF,CASSLNRGKETQYF,TRBV7-2,TRBJ2-5,CALSMNTDKLIF,Donor AJG2309:LP TCRab CD4 Mobile TRM,1.000000,-,-,-,-,-,-,-,-,-,-,-

324,S%RVLET,1.7e-03,1,2,1.8e-06,1.0e+00,6.1e-02,1.0e+00,1.0e-03,2.9e-02,global-S%RVLET,CASSYrvlETQYF,CASSYRVLETQYF,TRBV6-5,TRBJ2-5,CVVNMWNNNARLMF,Donor AJKQ118:LP TCRab CD4 TRM,1.000000,-,-,-,-,-,-,-,-,-,-,-
324,S%RVLET,1.7e-03,1,2,1.8e-06,1.0e+00,6.1e-02,1.0e+00,1.0e-03,2.9e-02,global-S%RVLET,CASSPrvlETQYF,CASSPRVLETQYF,TRBV7-8,TRBJ2-5,CALSGFGNVLHC,Donor AJKQ118:PB TCRab CD4 Naive/TCM,1.000000,-,-,-,-,-,-,-,-,-,-,-

325,SPSGR%E,1.7e-03,1,2,2.7e-06,1.0e+00,9.3e-02,1.0e+00,1.0e-03,2.9e-02,global-SPSGR%E,CASSPSGRNEQFF,CASSPSGRNEQFF,TRBV4-2,TRBJ2-1,CAASEGGFGNVLHC,Donor AJG2309:IEL TCRab CD4 FOXP3+ Treg,1.000000,-,-,-,-,-,-,-,-,-,-,-
325,SPSGR%E,1.7e-03,1,2,2.7e-06,1.0e+00,9.3e-02,1.0e+00,1.0e-03,2.9e-02,global-SPSGR%E,CASSPSGRNEQFF,CASSPSGRNEQFF,TRBV4-2,TRBJ2-1,CAASEGGFGNVLHC,Donor AJG2309:LP TCRab CD4 FOXP3+ Treg,1.000000,-,-,-,-,-,-,-,-,-,-,-
325,SPSGR%E,1.7e-03,1,2,2.7e-06,1.0e+00,9.3e-02,1.0e+00,1.0e-03,2.9e-02,global-SPSGR%E,CASSPSGRYEQYF,CASSPSGRYEQYF,TRBV18,TRBJ2-7,CAVREGGQNFVF,Donor AJG2309:PB TCRab CD4 TCM,1.000000,-,-,-,-,-,-,-,-,-,-,-

326,S%RESGNT,1.7e-03,1,2,2.1e-06,1.0e+00,7.1e-02,1.0e+00,1.0e-03,2.9e-02,global-S%RESGNT,CASSQRESGNTIYF,CASSQRESGNTIYF,TRBV3-1,TRBJ1-3,CAVLEYGQNFVF,Donor AJD3280:PB TCRab CD4 Naive/TCM,1.000000,-,-,-,-,-,-,-,-,-,-,-
326,S%RESGNT,1.7e-03,1,2,2.1e-06,1.0e+00,7.1e-02,1.0e+00,1.0e-03,2.9e-02,global-S%RESGNT,CAISpRESGNTIYF,CAISPRESGNTIYF,TRBV10-3,TRBJ1-3,CIVGGAGGPRGSGNTGKLIF,Donor AJD3280:LP TCRab CD4 TRM,1.000000,-,-,-,-,-,-,-,-,-,-,-

327,S%QTSYNE,1.7e-03,1,2,1.5e-06,1.0e+00,5.2e-02,1.0e+00,1.0e-03,2.9e-02,global-S%QTSYNE,CASSRqtSYNEQFF,CASSRQTSYNEQFF,TRBV7-8,TRBJ2-1,CALTLRLTGGGNKLTF,Donor AJD3280:LP TCRab CD4 Tph,1.000000,-,-,-,-,-,-,-,-,-,-,-
327,S%QTSYNE,1.7e-03,1,2,1.5e-06,1.0e+00,5.2e-02,1.0e+00,1.0e-03,2.9e-02,global-S%QTSYNE,CASSIqtSYNEQFF,CASSIQTSYNEQFF,TRBV19,TRBJ2-1,CVVSFTGGGNKLTF,Donor AJD3280:LP TCRab CD4 Mobile TRM,1.000000,-,-,-,-,-,-,-,-,-,-,-

328,SLE%ATE,1.7e-03,2,2,8.7e-08,1.0e+00,3.0e-03,1.0e+00,1.0e-03,2.9e-02,global-SLE%ATE,CASSLewaTEAFF,CASSLEWATEAFF,TRBV5-5,TRBJ1-1,CAVSSGGGYQKVTF,Donor AJKQ118:IEL TCRab CD4 TRM,1.000000,-,-,-,-,-,-,-,-,-,-,-
328,SLE%ATE,1.7e-03,2,2,8.7e-08,1.0e+00,3.0e-03,1.0e+00,1.0e-03,2.9e-02,global-SLE%ATE,CASSLeiatEQYF,CASSLEIATEQYF,TRBV5-1,TRBJ2-7,CAGHTSYSGAGSYQLTF,Donor AJG2309:LP TCRab CD4 TRM,1.000000,-,-,-,-,-,-,-,-,-,-,-
328,SLE%ATE,1.7e-03,2,2,8.7e-08,1.0e+00,3.0e-03,1.0e+00,1.0e-03,2.9e-02,global-SLE%ATE,CASSLeiatEQYF,CASSLEIATEQYF,TRBV5-1,TRBJ2-7,CAGHTSYSGAGSYQLTF,Donor AJG2309:PB TCRab CD4 Naive/TCM,1.000000,-,-,-,-,-,-,-,-,-,-,-

329,S%GLGPDT,1.7e-03,2,2,2.9e-08,1.0e+00,1.0e-03,1.0e+00,1.0e-03,2.9e-02,global-S%GLGPDT,CASSTGlgpDTQYF,CASSTGLGPDTQYF,TRBV7-2,TRBJ2-3,CAPGEGDKIIF,Donor AJKQ118:PB TCRab CD4 Naive/TCM,1.000000,-,-,-,-,-,-,-,-,-,-,-
329,S%GLGPDT,1.7e-03,2,2,2.9e-08,1.0e+00,1.0e-03,1.0e+00,1.0e-03,2.9e-02,global-S%GLGPDT,CASSLGLgpDTQYF,CASSLGLGPDTQYF,TRBV7-2,TRBJ2-3,CAVRAYNYGQNFVF,Donor AJD3280:PB TCRab CD4 Naive/TCM,1.000000,-,-,-,-,-,-,-,-,-,-,-

330,SQGQ%GNT,1.7e-03,2,2,2.0e-06,1.0e+00,6.8e-02,1.0e+00,1.0e-03,2.9e-02,global-SQGQ%GNT,CASSQGQfGNTIYF,CASSQGQFGNTIYF,TRBV18,TRBJ1-3,CIVRDNFGNEKLTF,Donor AJG2309:LP TCRab CD4 Poised TCM,1.000000,-,-,-,-,-,-,-,-,-,-,-
330,SQGQ%GNT,1.7e-03,2,2,2.0e-06,1.0e+00,6.8e-02,1.0e+00,1.0e-03,2.9e-02,global-SQGQ%GNT,CASSQGQGGNTIYF,CASSQGQGGNTIYF,TRBV7-2,TRBJ1-3,CAVGRSNYQLIW,Donor AJD3280:PB TCRab CD4 Naive/TCM,1.000000,-,-,-,-,-,-,-,-,-,-,-

331,SQE%AKNI,1.7e-03,2,2,2.9e-08,1.0e+00,1.0e-03,1.0e+00,1.0e-03,2.9e-02,global-SQE%AKNI,CASSQelAKNIQYF,CASSQELAKNIQYF,TRBV4-3,TRBJ2-4,CAASEGTGNQFYF,Donor AJKQ118:PB TCRab CD4 Naive/TCM,1.000000,-,-,-,-,-,-,-,-,-,-,-
331,SQE%AKNI,1.7e-03,2,2,2.9e-08,1.0e+00,1.0e-03,1.0e+00,1.0e-03,2.9e-02,global-SQE%AKNI,CASSQegAKNIQYF,CASSQEGAKNIQYF,TRBV4-3,TRBJ2-4,CALSDDTSGTYKYIF,Donor AJG2309:LP TCRab CD4 Naive/TCM,1.000000,-,-,-,-,-,-,-,-,-,-,-

332,SQD%GSGANV,1.7e-03,2,2,2.1e-06,1.0e+00,7.2e-02,1.0e+00,1.0e-03,2.9e-02,global-SQD%GSGANV,CASSQdSGSGANVLTF,CASSQDSGSGANVLTF,TRBV4-3,TRBJ2-6,CAVMDSSYKLIF,Donor AJD3280:L TCRab CD4 TRM,1.000000,-,-,-,-,-,-,-,-,-,-,-
332,SQD%GSGANV,1.7e-03,2,2,2.1e-06,1.0e+00,7.2e-02,1.0e+00,1.0e-03,2.9e-02,global-SQD%GSGANV,CASSQDRGSGANVLTF,CASSQDRGSGANVLTF,TRBV4-1,TRBJ2-6,CAVMDSNYQLIW,Donor AJKQ118:L TCRab CD4 TRM,1.000000,-,-,-,-,-,-,-,-,-,-,-

333,SQ%RGSGANV,1.7e-03,2,2,1.7e-06,1.0e+00,6.0e-02,1.0e+00,1.0e-03,2.9e-02,global-SQ%RGSGANV,CASSQDRGSGANVLTF,CASSQDRGSGANVLTF,TRBV4-1,TRBJ2-6,CAVMDSNYQLIW,Donor AJKQ118:L TCRab CD4 TRM,1.000000,-,-,-,-,-,-,-,-,-,-,-
333,SQ%RGSGANV,1.7e-03,2,2,1.7e-06,1.0e+00,6.0e-02,1.0e+00,1.0e-03,2.9e-02,global-SQ%RGSGANV,CASSQeRGSGANVLTF,CASSQERGSGANVLTF,TRBV4-2,TRBJ2-6,CAVRDSNYQLIW,Donor AJD3280:L TCRab CD4 TRM,1.000000,-,-,-,-,-,-,-,-,-,-,-

334,SL%GNQP,1.9e-03,2,4,7.7e-07,1.0e+00,3.3e-01,1.0e+00,1.0e-03,2.3e-03,global-SL%GNQP,CASSLdgNQPQHF,CASSLDGNQPQHF,TRBV13,TRBJ1-5,CALSEASGNTPLVF,Donor AJG2309:IEL TCRab CD4 TRM,1.000000,-,-,-,-,-,-,-,-,-,-,-
334,SL%GNQP,1.9e-03,2,4,7.7e-07,1.0e+00,3.3e-01,1.0e+00,1.0e-03,2.3e-03,global-SL%GNQP,CASSLegNQPQHF,CASSLEGNQPQHF,TRBV3-1,TRBJ1-5,CALSDLTSNAGNMLTF,Donor AJKQ118:PB TCRab CD4 Naive/TCM,1.000000,-,-,-,-,-,-,-,-,-,-,-
334,SL%GNQP,1.9e-03,2,4,7.7e-07,1.0e+00,3.3e-01,1.0e+00,1.0e-03,2.3e-03,global-SL%GNQP,CASSLQGNQPQHF,CASSLQGNQPQHF,TRBV14,TRBJ1-5,CAVVPSGGSYIPTF,Donor AJKQ118:IEL TCRab CD4 TRM,1.000000,-,-,-,-,-,-,-,-,-,-,-
334,SL%GNQP,1.9e-03,2,4,7.7e-07,1.0e+00,3.3e-01,1.0e+00,1.0e-03,2.3e-03,global-SL%GNQP,CASSLTGNQPQHF,CASSLTGNQPQHF,TRBV7-2,TRBJ1-5,CAMGFGNEKLTF,Donor AJKQ118:PB TCRab CD4 Naive/TCM,1.000000,-,-,-,-,-,-,-,-,-,-,-

335,SF%GNQP,2.0e-03,3,3,1.2e-06,1.0e+00,1.9e-01,1.0e+00,1.0e-03,6.2e-03,global-SF%GNQP,CASSfGGNQPQHF,CASSFGGNQPQHF,TRBV12-4,TRBJ1-5,CALYTGGGNKLTF,Donor AJKQ118:PB TCRab CD4 Naive/TCM,1.000000,-,-,-,-,-,-,-,-,-,-,-
335,SF%GNQP,2.0e-03,3,3,1.2e-06,1.0e+00,1.9e-01,1.0e+00,1.0e-03,6.2e-03,global-SF%GNQP,CATSfdgNQPQHF,CATSFDGNQPQHF,TRBV24-1,TRBJ1-5,CAVDEETSGSRLTF,Donor AJG2309:IEL TCRab CD4 Mobile TRM,1.000000,-,-,-,-,-,-,-,-,-,-,-
335,SF%GNQP,2.0e-03,3,3,1.2e-06,1.0e+00,1.9e-01,1.0e+00,1.0e-03,6.2e-03,global-SF%GNQP,CASSfQGNQPQHF,CASSFQGNQPQHF,TRBV12-3,TRBJ1-5,CAGFFGGANSKLTF,Donor AJD3280:LP TCRab CD4 Poised TCM,1.000000,-,-,-,-,-,-,-,-,-,-,-

336,SLGG%GTDT,2.0e-03,2,3,6.9e-07,1.0e+00,1.1e-01,1.0e+00,1.0e-03,6.2e-03,global-SLGG%GTDT,CASSLGGagTDTQYF,CASSLGGAGTDTQYF,TRBV5-6,TRBJ2-3,CAVGARAGGTSYGKLTF,Donor AJD3280:PB TCRab CD4 Naive/TCM,1.000000,-,-,-,-,-,-,-,-,-,-,-
336,SLGG%GTDT,2.0e-03,2,3,6.9e-07,1.0e+00,1.1e-01,1.0e+00,1.0e-03,6.2e-03,global-SLGG%GTDT,CASSLGGggTDTQYF,CASSLGGGGTDTQYF,TRBV5-1,TRBJ2-3,CLVGDMARSSGNTPLVF,Donor AJD3280:LP TCRab CD4 TRM,1.000000,-,-,-,-,-,-,-,-,-,-,-
336,SLGG%GTDT,2.0e-03,2,3,6.9e-07,1.0e+00,1.1e-01,1.0e+00,1.0e-03,6.2e-03,global-SLGG%GTDT,CASSLGGvgTDTQYF,CASSLGGVGTDTQYF,TRBV5-1,TRBJ2-3,CAETADNQGGKLIF,Donor AJG2309:LP TCRab CD4 TRM,1.000000,-,-,-,-,-,-,-,-,-,-,-

337,S%GQGTGE,2.4e-03,3,3,1.1e-06,1.0e+00,1.8e-01,1.0e+00,1.0e-03,6.2e-03,global-S%GQGTGE,CSAStGQGTGELFF,CSASTGQGTGELFF,TRBV20-1,TRBJ2-2,CAYRSHTGTASKLTF,Donor AJD3280:LP TCRab CD4 TRM,1.000000,-,-,-,-,-,-,-,-,-,-,-
337,S%GQGTGE,2.4e-03,3,3,1.1e-06,1.0e+00,1.8e-01,1.0e+00,1.0e-03,6.2e-03,global-S%GQGTGE,CASSPGQGTGELFF,CASSPGQGTGELFF,TRBV11-1,TRBJ2-2,CAGNQAGTALIF,Donor AJG2309:LP TCRab CD4 TRM,1.000000,-,-,-,-,-,-,-,-,-,-,-
337,S%GQGTGE,2.4e-03,3,3,1.1e-06,1.0e+00,1.8e-01,1.0e+00,1.0e-03,6.2e-03,global-S%GQGTGE,CASSgGQGTGELFF,CASSGGQGTGELFF,TRBV3-1,TRBJ2-2,CAFKHGSSNTGKLIF,Donor AJKQ118:PB TCRab CD4 FOXP3+ Treg,1.000000,-,-,-,-,-,-,-,-,-,-,-

338,SL%GSQET,2.4e-03,1,3,7.4e-07,1.0e+00,1.2e-01,1.0e+00,1.0e-03,6.2e-03,global-SL%GSQET,CASSLmgsQETQYF,CASSLMGSQETQYF,TRBV12-3,TRBJ2-5,CVGDRAGGTSYGKLTF,Donor AJKQ118:PB TCRab CD4 Naive/TCM,1.000000,-,-,-,-,-,-,-,-,-,-,-
338,SL%GSQET,2.4e-03,1,3,7.4e-07,1.0e+00,1.2e-01,1.0e+00,1.0e-03,6.2e-03,global-SL%GSQET,CASSLSGsQETQYF,CASSLSGSQETQYF,TRBV7-7,TRBJ2-5,CAMRERDGGSNYKLTF,Donor AJKQ118:PB TCRab CD4 Naive/TCM,1.000000,-,-,-,-,-,-,-,-,-,-,-
338,SL%GSQET,2.4e-03,1,3,7.4e-07,1.0e+00,1.2e-01,1.0e+00,1.0e-03,6.2e-03,global-SL%GSQET,CASSLQGsQETQYF,CASSLQGSQETQYF,TRBV7-7,TRBJ2-5,CAVNARGYGQNFVF,Donor AJKQ118:LP TCRab CD4 TRM,1.000000,-,-,-,-,-,-,-,-,-,-,-

339,SV%GYG,2.4e-03,3,3,2.6e-08,1.0e+00,4.0e-02,1.0e-01,1.0e-03,6.2e-03,global-SV%GYG,CASSVGGYGYTF,CASSVGGYGYTF,TRBV7-2,TRBJ1-2,CSHENSGNTPLVF,Donor AJG2309:PB TCRab CD4 Naive/TCM,1.000000,-,-,-,-,-,-,-,-,-,-,-
339,SV%GYG,2.4e-03,3,3,2.6e-08,1.0e+00,4.0e-02,1.0e-01,1.0e-03,6.2e-03,global-SV%GYG,CSASvGGYGYTF,CSASVGGYGYTF,TRBV20-1,TRBJ1-2,CAVDGRGSTLGRLYF,Donor AJKQ118:LP TCRab CD4 Mobile TRM,2.000000,-,-,-,-,-,-,-,-,-,-,-
339,SV%GYG,2.4e-03,3,3,2.6e-08,1.0e+00,4.0e-02,1.0e-01,1.0e-03,6.2e-03,global-SV%GYG,CSASvGGYGYTF,CSASVGGYGYTF,TRBV20-1,TRBJ1-2,CALVIWNAGNMLTF,Donor AJKQ118:LP TCRab CD4 Mobile TRM,1.000000,-,-,-,-,-,-,-,-,-,-,-
339,SV%GYG,2.4e-03,3,3,2.6e-08,1.0e+00,4.0e-02,1.0e-01,1.0e-03,6.2e-03,global-SV%GYG,CSASvGGYGYTF,CSASVGGYGYTF,TRBV20-1,TRBJ1-2,CAVDGRGSTLGRLYF,Donor AJKQ118:LP TCRab CD4 TRM,2.000000,-,-,-,-,-,-,-,-,-,-,-
339,SV%GYG,2.4e-03,3,3,2.6e-08,1.0e+00,4.0e-02,1.0e-01,1.0e-03,6.2e-03,global-SV%GYG,CASSVQGYGYTF,CASSVQGYGYTF,TRBV9,TRBJ1-2,CVVTPWVGGGNKLTF,Donor AJD3280:PB TCRab CD4 Naive/TCM,1.000000,-,-,-,-,-,-,-,-,-,-,-

340,SL%LNTE,2.4e-03,3,4,1.1e-06,1.0e+00,4.6e-01,1.0e+00,1.0e-03,2.3e-03,global-SL%LNTE,CASSLqlNTEAFF,CASSLQLNTEAFF,TRBV7-9,TRBJ1-1,CAAHSGGSNYKLTF,Donor AJKQ118:LP TCRab CD4 TRM,1.000000,-,-,-,-,-,-,-,-,-,-,-
340,SL%LNTE,2.4e-03,3,4,1.1e-06,1.0e+00,4.6e-01,1.0e+00,1.0e-03,2.3e-03,global-SL%LNTE,CASSLrlNTEAFF,CASSLRLNTEAFF,TRBV12-4,TRBJ1-1,CAATGTASKLTF,Donor AJKQ118:PB TCRab CD4 Naive/TCM,1.000000,-,-,-,-,-,-,-,-,-,-,-
340,SL%LNTE,2.4e-03,3,4,1.1e-06,1.0e+00,4.6e-01,1.0e+00,1.0e-03,2.3e-03,global-SL%LNTE,CASSLalNTEAFF,CASSLALNTEAFF,TRBV11-2,TRBJ1-1,CAASAGGFQKLVF,Donor AJG2309:LP TCRab CD4 Poised TCM,1.000000,-,-,-,-,-,-,-,-,-,-,-
340,SL%LNTE,2.4e-03,3,4,1.1e-06,1.0e+00,4.6e-01,1.0e+00,1.0e-03,2.3e-03,global-SL%LNTE,CASSLGLNTEAFF,CASSLGLNTEAFF,TRBV12-3,TRBJ1-1,CAASARSNYQLIW,Donor AJD3280:IEL TCRab CD4 Mobile TRM,1.000000,-,-,-,-,-,-,-,-,-,-,-
340,SL%LNTE,2.4e-03,3,4,1.1e-06,1.0e+00,4.6e-01,1.0e+00,1.0e-03,2.3e-03,global-SL%LNTE,CASSLGLNTEAFF,CASSLGLNTEAFF,TRBV3-1,TRBJ1-1,CAASALGNQFYF,Donor AJD3280:IEL TCRab CD4 TRM,1.000000,-,-,-,-,-,-,-,-,-,-,-

341,S%GNQET,2.4e-03,3,3,1.2e-06,1.0e+00,2.0e-01,1.0e+00,1.0e-03,6.2e-03,global-S%GNQET,CAISGGnQETQYF,CAISGGNQETQYF,TRBV10-3,TRBJ2-5,CAVSDLKTGNQFYF,Donor AJD3280:PB TCRab CD4 FOXP3+ Treg,1.000000,-,-,-,-,-,-,-,-,-,-,-
341,S%GNQET,2.4e-03,3,3,1.2e-06,1.0e+00,2.0e-01,1.0e+00,1.0e-03,6.2e-03,global-S%GNQET,CASSDgnQETQYF,CASSDGNQETQYF,TRBV2,TRBJ2-5,CAWPNAGNNRKLIW,Donor AJKQ118:L TCRab CD4 TCM,1.000000,-,-,-,-,-,-,-,-,-,-,-
341,S%GNQET,2.4e-03,3,3,1.2e-06,1.0e+00,2.0e-01,1.0e+00,1.0e-03,6.2e-03,global-S%GNQET,CAWSGGnQETQYF,CAWSGGNQETQYF,TRBV30,TRBJ2-5,CAVLRGGGGADGLTF,Donor AJG2309:IEL TCRab CD4 Mobile TRM,1.000000,-,-,-,-,-,-,-,-,-,-,-

342,S%RTGENE,2.8e-03,2,2,1.1e-06,1.0e+00,3.7e-02,1.0e+00,1.0e-03,2.9e-02,global-S%RTGENE,CASSPrTGeNEQFF,CASSPRTGENEQFF,TRBV12-3,TRBJ2-1,CAVHPSGGSYIPTF,Donor AJG2309:LP TCRab CD4 TRM,1.000000,-,-,-,-,-,-,-,-,-,-,-
342,S%RTGENE,2.8e-03,2,2,1.1e-06,1.0e+00,3.7e-02,1.0e+00,1.0e-03,2.9e-02,global-S%RTGENE,CASSfrTGeNEQFF,CASSFRTGENEQFF,TRBV28,TRBJ2-1,CAVSRTGGFKTIF,Donor AJD3280:LP TCRab CD4 TRM,1.000000,-,-,-,-,-,-,-,-,-,-,-

343,S%TGGRNE,2.8e-03,2,2,5.2e-06,1.0e+00,1.8e-01,1.0e+00,1.0e-03,2.9e-02,global-S%TGGRNE,CASSRTGGrNEQFF,CASSRTGGRNEQFF,TRBV7-9,TRBJ2-1,CGTEGEYGNKLVF,Donor AJD3280:PB TCRab CD4 Naive/TCM,1.000000,-,-,-,-,-,-,-,-,-,-,-
343,S%TGGRNE,2.8e-03,2,2,5.2e-06,1.0e+00,1.8e-01,1.0e+00,1.0e-03,2.9e-02,global-S%TGGRNE,CASSRTGGrNEQFF,CASSRTGGRNEQFF,TRBV6-2,TRBJ2-1,CGTGSTSGGSYIPTF,Donor AJKQ118:IEL TCRab CD4 TRM,1.000000,-,-,-,-,-,-,-,-,-,-,-
343,S%TGGRNE,2.8e-03,2,2,5.2e-06,1.0e+00,1.8e-01,1.0e+00,1.0e-03,2.9e-02,global-S%TGGRNE,CAWSnTGGrNEQFF,CAWSNTGGRNEQFF,TRBV30,TRBJ2-1,CIVHPSGSWGKLQF,Donor AJKQ118:PB TCRab CD4 Naive/TCM,1.000000,-,-,-,-,-,-,-,-,-,-,-

344,SQGRE%,2.8e-03,1,2,1.7e-06,1.0e+00,5.8e-02,1.0e+00,1.0e-03,2.9e-02,global-SQGRE%,CASSQgREsQHF,CASSQGRESQHF,TRBV3-1,TRBJ1-5,CATETSGSRLTF,Donor AJKQ118:IEL TCRab CD4 Mobile TRM,1.000000,-,-,-,-,-,-,-,-,-,-,-
344,SQGRE%,2.8e-03,1,2,1.7e-06,1.0e+00,5.8e-02,1.0e+00,1.0e-03,2.9e-02,global-SQGRE%,CSASqgREaAFF,CSASQGREAAFF,TRBV20-1,TRBJ1-1,CTSSGETSGSRLTF,Donor AJKQ118:LP TCRab CD4 Mobile TRM,1.000000,-,-,-,-,-,-,-,-,-,-,-

345,SM%RNYG,2.8e-03,1,2,2.2e-06,1.0e+00,7.5e-02,1.0e+00,1.0e-03,2.9e-02,global-SM%RNYG,CASSmqrNYGYTF,CASSMQRNYGYTF,TRBV18,TRBJ1-2,CAYRSAGVRNQGGKLIF,Donor AJD3280:IEL TCRab CD4 Mobile TRM,1.000000,-,-,-,-,-,-,-,-,-,-,-
345,SM%RNYG,2.8e-03,1,2,2.2e-06,1.0e+00,7.5e-02,1.0e+00,1.0e-03,2.9e-02,global-SM%RNYG,CASSmDRNYGYTF,CASSMDRNYGYTF,TRBV5-6,TRBJ1-2,CAVRDGDSNYQLIW,Donor AJD3280:PB TCRab CD4 Naive/TCM,1.000000,-,-,-,-,-,-,-,-,-,-,-

346,SER%GGTDT,2.8e-03,2,2,2.0e-06,1.0e+00,6.8e-02,1.0e+00,1.0e-03,2.9e-02,global-SER%GGTDT,CASSErTGGTDTQYF,CASSERTGGTDTQYF,TRBV10-2,TRBJ2-3,CVVSPGGTSYGKLTF,Donor AJD3280:PB TCRab CD4 Naive/TCM,1.000000,-,-,-,-,-,-,-,-,-,-,-
346,SER%GGTDT,2.8e-03,2,2,2.0e-06,1.0e+00,6.8e-02,1.0e+00,1.0e-03,2.9e-02,global-SER%GGTDT,CASSErpGGTDTQYF,CASSERPGGTDTQYF,TRBV6-1,TRBJ2-3,CAVSDRGDGGSQGNLIF,Donor AJG2309:PB TCRab CD4 Naive/TCM,1.000000,-,-,-,-,-,-,-,-,-,-,-

347,S%GGGGSP,2.8e-03,2,2,2.1e-06,1.0e+00,7.2e-02,1.0e+00,1.0e-03,2.9e-02,global-S%GGGGSP,CSASGGgggSPLHF,CSASGGGGGSPLHF,TRBV20-1,TRBJ1-6,CAASSNAGKSTF,Donor AJG2309:LP TCRab CD4 Mobile TRM,1.000000,-,-,-,-,-,-,-,-,-,-,-
347,S%GGGGSP,2.8e-03,2,2,2.1e-06,1.0e+00,7.2e-02,1.0e+00,1.0e-03,2.9e-02,global-S%GGGGSP,CASSLGGggSPLHF,CASSLGGGGSPLHF,TRBV7-3,TRBJ1-6,CAVENSGYALNF,Donor AJD3280:PB TCRab CD4 Naive/TCM,1.000000,-,-,-,-,-,-,-,-,-,-,-

348,S%DTGNTE,2.8e-03,2,2,1.8e-06,1.0e+00,6.2e-02,1.0e+00,1.0e-03,2.9e-02,global-S%DTGNTE,CASSLdTGNTEAFF,CASSLDTGNTEAFF,TRBV7-9,TRBJ1-1,CAVNTGFQKLVF,Donor AJD3280:LP TCRab CD4 Poised TCM,1.000000,-,-,-,-,-,-,-,-,-,-,-
348,S%DTGNTE,2.8e-03,2,2,1.8e-06,1.0e+00,6.2e-02,1.0e+00,1.0e-03,2.9e-02,global-S%DTGNTE,CASSRdTGNTEAFF,CASSRDTGNTEAFF,TRBV18,TRBJ1-1,CAPAGGTSYGKLTF,Donor AJG2309:LP TCRab CD4 TRM,1.000000,-,-,-,-,-,-,-,-,-,-,-

349,SQEG%GSSYNE,2.8e-03,2,2,2.1e-06,1.0e+00,7.3e-02,1.0e+00,1.0e-03,2.9e-02,global-SQEG%GSSYNE,CASSQegSGsSYNEQFF,CASSQEGSGSSYNEQFF,TRBV4-2,TRBJ2-1,CVVSDWAGKSTF,Donor AJKQ118:IEL TCRab CD4 TRM,1.000000,-,-,-,-,-,-,-,-,-,-,-
349,SQEG%GSSYNE,2.8e-03,2,2,2.1e-06,1.0e+00,7.3e-02,1.0e+00,1.0e-03,2.9e-02,global-SQEG%GSSYNE,CASSQeGGgsSYNEQFF,CASSQEGGGSSYNEQFF,TRBV4-3,TRBJ2-1,CAVSKRGAQKLVF,Donor AJD3280:LP TCRab CD4 TRM,1.000000,-,-,-,-,-,-,-,-,-,-,-

350,SLGG%PGNT,2.8e-03,1,2,1.9e-06,1.0e+00,6.6e-02,1.0e+00,1.0e-03,2.9e-02,global-SLGG%PGNT,CASSLGGapGNTIYF,CASSLGGAPGNTIYF,TRBV5-5,TRBJ1-3,CAVNKGSQGNLIF,Donor AJKQ118:PB TCRab CD4 Naive/TCM,1.000000,-,-,-,-,-,-,-,-,-,-,-
350,SLGG%PGNT,2.8e-03,1,2,1.9e-06,1.0e+00,6.6e-02,1.0e+00,1.0e-03,2.9e-02,global-SLGG%PGNT,CASSLGGgpGNTIYF,CASSLGGGPGNTIYF,TRBV6-6,TRBJ1-3,CALSDNNARLMF,Donor AJKQ118:PB TCRab CD4 FOXP3+ Treg,1.000000,-,-,-,-,-,-,-,-,-,-,-

351,SL%GTSNE,2.8e-03,2,2,2.0e-06,1.0e+00,6.7e-02,1.0e+00,1.0e-03,2.9e-02,global-SL%GTSNE,CASSLvGTSNEQFF,CASSLVGTSNEQFF,TRBV7-9,TRBJ2-1,CAAHPSTGTASKLTF,Donor AJD3280:IEL TCRab CD4 Mobile TRM,1.000000,-,-,-,-,-,-,-,-,-,-,-
351,SL%GTSNE,2.8e-03,2,2,2.0e-06,1.0e+00,6.7e-02,1.0e+00,1.0e-03,2.9e-02,global-SL%GTSNE,CASSLtGTSNEQFF,CASSLTGTSNEQFF,TRBV7-2,TRBJ2-1,CAAPDAGGTSYGKLTF,Donor AJG2309:PB TCRab CD4 Naive/TCM,1.000000,-,-,-,-,-,-,-,-,-,-,-

352,SDP%G,2.8e-03,1,2,8.8e-08,1.0e+00,6.4e-02,4.7e-02,1.0e-03,2.9e-02,global-SDP%G,CSASdpgGYTF,CSASDPGGYTF,TRBV20-1,TRBJ1-2,CAARNTGTASKLTF,Donor AJD3280:LP TCRab CD4 TRM,3.000000,-,-,-,-,-,-,-,-,-,-,-
352,SDP%G,2.8e-03,1,2,8.8e-08,1.0e+00,6.4e-02,4.7e-02,1.0e-03,2.9e-02,global-SDP%G,CAISdphGYTF,CAISDPHGYTF,TRBV10-3,TRBJ1-2,CAATPNQAGTALIF,Donor AJD3280:L TCRab CD4 TCM,1.000000,-,-,-,-,-,-,-,-,-,-,-

353,SQD%SE,2.8e-03,2,2,1.8e-06,1.0e+00,6.2e-02,1.0e+00,1.0e-03,2.9e-02,global-SQD%SE,CASSQdgsEAFF,CASSQDGSEAFF,TRBV14,TRBJ1-1,CVVNRGFGNEKLTF,Donor AJD3280:PB TCRab CD4 Naive/TCM,1.000000,-,-,-,-,-,-,-,-,-,-,-
353,SQD%SE,2.8e-03,2,2,1.8e-06,1.0e+00,6.2e-02,1.0e+00,1.0e-03,2.9e-02,global-SQD%SE,CASSQdssEQYF,CASSQDSSEQYF,TRBV18,TRBJ2-7,CAVTNQAGTALIF,Donor AJKQ118:LP TCRab CD4 TRM,1.000000,-,-,-,-,-,-,-,-,-,-,-

354,SP%GASYE,2.8e-03,2,2,1.7e-06,1.0e+00,5.7e-02,1.0e+00,1.0e-03,2.9e-02,global-SP%GASYE,CASSPAGaSYEQYF,CASSPAGASYEQYF,TRBV6-5,TRBJ2-7,CAASMNNNARLMF,Donor AJD3280:LP TCRab CD4 TRM,1.000000,-,-,-,-,-,-,-,-,-,-,-
354,SP%GASYE,2.8e-03,2,2,1.7e-06,1.0e+00,5.7e-02,1.0e+00,1.0e-03,2.9e-02,global-SP%GASYE,CASSPSGaSYEQYF,CASSPSGASYEQYF,TRBV7-2,TRBJ2-7,CVVNRPTGGFKTIF,Donor AJG2309:PB TCRab CD4 Naive/TCM,1.000000,-,-,-,-,-,-,-,-,-,-,-

355,RDRG%AGE,2.8e-03,2,2,2.1e-08,1.0e+00,1.2e-01,6.0e-03,1.0e-03,2.9e-02,global-RDRG%AGE,CASrDRGdaGELFF,CASRDRGDAGELFF,TRBV19,TRBJ2-2,CAAELAGNTGKLIF,Donor AJD3280:IEL TCRab CD4 TRM,2.000000,-,-,-,-,-,-,-,-,-,-,-
355,RDRG%AGE,2.8e-03,2,2,2.1e-08,1.0e+00,1.2e-01,6.0e-03,1.0e-03,2.9e-02,global-RDRG%AGE,CASrDRGdaGELFF,CASRDRGDAGELFF,TRBV19,TRBJ2-2,CAAELAGNTGKLIF,Donor AJD3280:LP TCRab CD4 TRM,6.000000,-,-,-,-,-,-,-,-,-,-,-
355,RDRG%AGE,2.8e-03,2,2,2.1e-08,1.0e+00,1.2e-01,6.0e-03,1.0e-03,2.9e-02,global-RDRG%AGE,CSARDRGragEQYF,CSARDRGRAGEQYF,TRBV20-1,TRBJ2-7,CVEDSNYQLIW,Donor AJKQ118:LP TCRab CD4 Mobile TRM,1.000000,-,-,-,-,-,-,-,-,-,-,-

356,S%QVGTDT,2.8e-03,2,2,1.7e-06,1.0e+00,6.0e-02,1.0e+00,1.0e-03,2.9e-02,global-S%QVGTDT,CASSSqvgTDTQYF,CASSSQVGTDTQYF,TRBV11-2,TRBJ2-3,CGTVYSSNTGKLIF,Donor AJKQ118:PB TCRab CD4 Naive/TCM,1.000000,-,-,-,-,-,-,-,-,-,-,-
356,S%QVGTDT,2.8e-03,2,2,1.7e-06,1.0e+00,6.0e-02,1.0e+00,1.0e-03,2.9e-02,global-S%QVGTDT,CASSGQvgTDTQYF,CASSGQVGTDTQYF,TRBV9,TRBJ2-3,CAGVSSSNTGKLIF,Donor AJG2309:LP TCRab CD4 TRM,1.000000,-,-,-,-,-,-,-,-,-,-,-

357,SPDR%PYE,2.8e-03,1,2,1.9e-06,1.0e+00,6.4e-02,1.0e+00,1.0e-03,2.9e-02,global-SPDR%PYE,CASSPDRvpYEQYF,CASSPDRVPYEQYF,TRBV7-6,TRBJ2-7,CALSVETSGSRLTF,Donor AJD3280:LP TCRab CD4 Poised TCM,1.000000,-,-,-,-,-,-,-,-,-,-,-
357,SPDR%PYE,2.8e-03,1,2,1.9e-06,1.0e+00,6.4e-02,1.0e+00,1.0e-03,2.9e-02,global-SPDR%PYE,CASSPDRGpYEQYF,CASSPDRGPYEQYF,TRBV27,TRBJ2-7,CAGLSIYNQGGKLIF,Donor AJD3280:PB TCRab CD4 Naive/TCM,1.000000,-,-,-,-,-,-,-,-,-,-,-

358,SQVG%GTE,2.8e-03,2,2,2.9e-08,1.0e+00,1.0e-03,1.0e+00,1.0e-03,2.9e-02,global-SQVG%GTE,CASSQvGGgTEAFF,CASSQVGGGTEAFF,TRBV3-1,TRBJ1-1,CAASISNAGGTSYGKLTF,Donor AJD3280:IEL TCRab CD4 TRM,1.000000,-,-,-,-,-,-,-,-,-,-,-
358,SQVG%GTE,2.8e-03,2,2,2.9e-08,1.0e+00,1.0e-03,1.0e+00,1.0e-03,2.9e-02,global-SQVG%GTE,CASSQvgAGTEAFF,CASSQVGAGTEAFF,TRBV3-1,TRBJ1-1,CALSPSGSRLTF,Donor AJKQ118:LP TCRab CD4 Tph,1.000000,-,-,-,-,-,-,-,-,-,-,-

359,SQGTG%NE,2.8e-03,1,2,1.9e-06,1.0e+00,6.6e-02,1.0e+00,1.0e-03,2.9e-02,global-SQGTG%NE,CASSQGTGvNEQFF,CASSQGTGVNEQFF,TRBV14,TRBJ2-1,CAVRSSSGSARQLTF,Donor AJG2309:PB TCRab CD4 Naive/TCM,1.000000,-,-,-,-,-,-,-,-,-,-,-
359,SQGTG%NE,2.8e-03,1,2,1.9e-06,1.0e+00,6.6e-02,1.0e+00,1.0e-03,2.9e-02,global-SQGTG%NE,CASSQGTGrNEQFF,CASSQGTGRNEQFF,TRBV3-1,TRBJ2-1,CAVRGSGTYKYIF,Donor AJG2309:PB TCRab CD4 Naive/TCM,1.000000,-,-,-,-,-,-,-,-,-,-,-

360,SLGQE%,2.8e-03,1,2,2.0e-06,1.0e+00,6.7e-02,1.0e+00,1.0e-03,2.9e-02,global-SLGQE%,CASSLGQEKLFF,CASSLGQEKLFF,TRBV7-2,TRBJ1-4,CAVRDDTGGFKTIF,Donor AJKQ118:PB TCRab CD4 FOXP3+ Treg,1.000000,-,-,-,-,-,-,-,-,-,-,-
360,SLGQE%,2.8e-03,1,2,2.0e-06,1.0e+00,6.7e-02,1.0e+00,1.0e-03,2.9e-02,global-SLGQE%,CASSLgQETQYF,CASSLGQETQYF,TRBV11-2,TRBJ2-5,CAATHNYQLIW,Donor AJKQ118:L TCRab CD4 Naive/TCM,1.000000,-,-,-,-,-,-,-,-,-,-,-

361,SL%DRVTDT,2.8e-03,2,2,2.9e-08,1.0e+00,1.0e-03,1.0e+00,1.0e-03,2.9e-02,global-SL%DRVTDT,CASSLaDRvTDTQYF,CASSLADRVTDTQYF,TRBV5-1,TRBJ2-3,CVVKSYNAGGTSYGKLTF,Donor AJD3280:L TCRab CD4 TRM,1.000000,-,-,-,-,-,-,-,-,-,-,-
361,SL%DRVTDT,2.8e-03,2,2,2.9e-08,1.0e+00,1.0e-03,1.0e+00,1.0e-03,2.9e-02,global-SL%DRVTDT,CASSLwDRvTDTQYF,CASSLWDRVTDTQYF,TRBV5-1,TRBJ2-3,CAASEEAQGAQKLVF,Donor AJKQ118:PB TCRab CD4 Naive/TCM,1.000000,-,-,-,-,-,-,-,-,-,-,-

362,L%SYNSP,2.8e-03,1,2,1.6e-09,1.0e+00,1.0e-03,5.6e-02,1.0e-03,2.9e-02,global-L%SYNSP,CASldSYNSPLHF,CASLDSYNSPLHF,TRBV2,TRBJ1-6,CLVGDPNNAGNMLTF,Donor AJKQ118:L TCRab CD4 TRM,1.000000,-,-,-,-,-,-,-,-,-,-,-
362,L%SYNSP,2.8e-03,1,2,1.6e-09,1.0e+00,1.0e-03,5.6e-02,1.0e-03,2.9e-02,global-L%SYNSP,CASlsSYNSPLHF,CASLSSYNSPLHF,TRBV2,TRBJ1-6,CLVGDPNNAGNMLTF,Donor AJKQ118:L TCRab CD4 TRM,3.000000,-,-,-,-,-,-,-,-,-,-,-
362,L%SYNSP,2.8e-03,1,2,1.6e-09,1.0e+00,1.0e-03,5.6e-02,1.0e-03,2.9e-02,global-L%SYNSP,CASlsSYNSPLHF,CASLSSYNSPLHF,TRBV2,TRBJ1-6,CLVGDPNNAGNMLTF,Donor AJKQ118:LP TCRab CD4 TRM,1.000000,-,-,-,-,-,-,-,-,-,-,-

363,SPG%GDYG,2.8e-03,1,2,2.0e-06,1.0e+00,6.7e-02,1.0e+00,1.0e-03,2.9e-02,global-SPG%GDYG,CASSPGQGdYGYTF,CASSPGQGDYGYTF,TRBV18,TRBJ1-2,CAASGVEDAGNMLTF,Donor AJD3280:L TCRab CD4 Naive/TCM,1.000000,-,-,-,-,-,-,-,-,-,-,-
363,SPG%GDYG,2.8e-03,1,2,2.0e-06,1.0e+00,6.7e-02,1.0e+00,1.0e-03,2.9e-02,global-SPG%GDYG,CSASpGTGdYGYTF,CSASPGTGDYGYTF,TRBV20-1,TRBJ1-2,CAMSDASGTYKYIF,Donor AJD3280:PB TCRab CD4 Naive/TCM,1.000000,-,-,-,-,-,-,-,-,-,-,-

364,SSRGG%E,2.8e-03,2,2,4.5e-06,1.0e+00,1.5e-01,1.0e+00,1.0e-03,2.9e-02,global-SSRGG%E,CASSSRGgTEAFF,CASSSRGGTEAFF,TRBV11-3,TRBJ1-1,CALSEVGSWGKLQF,Donor AJD3280:LP TCRab CD4 FOXP3+ Treg,1.000000,-,-,-,-,-,-,-,-,-,-,-
364,SSRGG%E,2.8e-03,2,2,4.5e-06,1.0e+00,1.5e-01,1.0e+00,1.0e-03,2.9e-02,global-SSRGG%E,CASSSRGgTEAFF,CASSSRGGTEAFF,TRBV5-6,TRBJ1-1,CALSGPRNNNARLMF,Donor AJG2309:PB TCRab CD4 Naive/TCM,1.000000,-,-,-,-,-,-,-,-,-,-,-
364,SSRGG%E,2.8e-03,2,2,4.5e-06,1.0e+00,1.5e-01,1.0e+00,1.0e-03,2.9e-02,global-SSRGG%E,CASSSRGgYEQYF,CASSSRGGYEQYF,TRBV7-9,TRBJ2-7,CAMSHVGGTSYGKLTF,Donor AJD3280:L TCRab CD4 TCM,1.000000,-,-,-,-,-,-,-,-,-,-,-

365,SQAGGSY%E,2.8e-03,2,2,1.7e-06,1.0e+00,6.0e-02,1.0e+00,1.0e-03,2.9e-02,global-SQAGGSY%E,CASSQAGGSYNEQFF,CASSQAGGSYNEQFF,TRBV7-2,TRBJ2-1,CAVGVSGGGYNKLIF,Donor AJD3280:LP TCRab CD4 Mobile TRM,1.000000,-,-,-,-,-,-,-,-,-,-,-
365,SQAGGSY%E,2.8e-03,2,2,1.7e-06,1.0e+00,6.0e-02,1.0e+00,1.0e-03,2.9e-02,global-SQAGGSY%E,CASSQAGGsyTEAFF,CASSQAGGSYTEAFF,TRBV14,TRBJ1-1,CGNTGFQKLVF,Donor AJKQ118:PB TCRab CD4 Naive/TCM,1.000000,-,-,-,-,-,-,-,-,-,-,-

366,SP%TGDQP,2.8e-03,1,2,2.0e-06,1.0e+00,6.9e-02,1.0e+00,1.0e-03,2.9e-02,global-SP%TGDQP,CASSPGTGdQPQHF,CASSPGTGDQPQHF,TRBV18,TRBJ1-5,CIVRVANTGFQKLVF,Donor AJKQ118:PB TCRab CD4 FOXP3+ Treg,1.000000,-,-,-,-,-,-,-,-,-,-,-
366,SP%TGDQP,2.8e-03,1,2,2.0e-06,1.0e+00,6.9e-02,1.0e+00,1.0e-03,2.9e-02,global-SP%TGDQP,CASSPtTGdQPQHF,CASSPTTGDQPQHF,TRBV5-1,TRBJ1-5,CAERKDRNTPLVF,Donor AJKQ118:PB TCRab CD4 Naive/TCM,1.000000,-,-,-,-,-,-,-,-,-,-,-

367,RD%DNE,2.8e-03,2,2,1.7e-06,1.0e+00,5.8e-02,1.0e+00,1.0e-03,2.9e-02,global-RD%DNE,CASrdldNEQFF,CASRDLDNEQFF,TRBV6-2,TRBJ2-1,CAVANTGGFKTIF,Donor AJG2309:LP TCRab CD4 TRM,1.000000,-,-,-,-,-,-,-,-,-,-,-
367,RD%DNE,2.8e-03,2,2,1.7e-06,1.0e+00,5.8e-02,1.0e+00,1.0e-03,2.9e-02,global-RD%DNE,CASrDRdNEQFF,CASRDRDNEQFF,TRBV7-2,TRBJ2-1,CAESPPGGYQKVTF,Donor AJD3280:LP TCRab CD4 TRM,1.000000,-,-,-,-,-,-,-,-,-,-,-

368,DRGA%,2.8e-03,1,2,2.9e-08,1.0e+00,1.0e-03,1.0e+00,1.0e-03,2.9e-02,global-DRGA%,CSVDRGaEAFF,CSVDRGAEAFF,TRBV29-1,TRBJ1-1,CAVNNNDMRF,Donor AJD3280:PB TCRab CD4 Naive/TCM,1.000000,-,-,-,-,-,-,-,-,-,-,-
368,DRGA%,2.8e-03,1,2,2.9e-08,1.0e+00,1.0e-03,1.0e+00,1.0e-03,2.9e-02,global-DRGA%,CSVDRGaqQFF,CSVDRGAQQFF,TRBV29-1,TRBJ2-1,CAVATLETSGSRLTF,Donor AJD3280:LP TCRab CD4 TRM,1.000000,-,-,-,-,-,-,-,-,-,-,-

369,SL%SGAGNT,2.8e-03,2,2,2.9e-08,1.0e+00,1.0e-03,1.0e+00,1.0e-03,2.9e-02,global-SL%SGAGNT,CASSLeSGaGNTIYF,CASSLESGAGNTIYF,TRBV7-2,TRBJ1-3,CAAAPLSGSARQLTF,Donor AJG2309:LP TCRab CD4 FOXP3+ Treg,1.000000,-,-,-,-,-,-,-,-,-,-,-
369,SL%SGAGNT,2.8e-03,2,2,2.9e-08,1.0e+00,1.0e-03,1.0e+00,1.0e-03,2.9e-02,global-SL%SGAGNT,CASSLlSGaGNTIYF,CASSLLSGAGNTIYF,TRBV7-2,TRBJ1-3,CAATPTGANNLFF,Donor AJD3280:IEL TCRab CD4 TRM,1.000000,-,-,-,-,-,-,-,-,-,-,-
369,SL%SGAGNT,2.8e-03,2,2,2.9e-08,1.0e+00,1.0e-03,1.0e+00,1.0e-03,2.9e-02,global-SL%SGAGNT,CASSLlSGaGNTIYF,CASSLLSGAGNTIYF,TRBV7-2,TRBJ1-3,CAATPTGANNLFF,Donor AJD3280:L TCRab CD4 TRM,1.000000,-,-,-,-,-,-,-,-,-,-,-

370,STTSG%ET,2.8e-03,2,2,2.2e-06,1.0e+00,7.5e-02,1.0e+00,1.0e-03,2.9e-02,global-STTSG%ET,CASStTSGRETQYF,CASSTTSGRETQYF,TRBV2,TRBJ2-5,CAVREFVSGNTGKLIF,Donor AJD3280:LP TCRab CD4 TRM,1.000000,-,-,-,-,-,-,-,-,-,-,-
370,STTSG%ET,2.8e-03,2,2,2.2e-06,1.0e+00,7.5e-02,1.0e+00,1.0e-03,2.9e-02,global-STTSG%ET,CASStTSGQETQYF,CASSTTSGQETQYF,TRBV5-6,TRBJ2-5,CAVSRMDSSYKLIF,Donor AJKQ118:LP TCRab CD4 TRM,1.000000,-,-,-,-,-,-,-,-,-,-,-

371,S%DRDR,2.8e-03,1,2,1.7e-06,1.0e+00,5.7e-02,1.0e+00,1.0e-03,2.9e-02,global-S%DRDR,CASSLDRdrQYF,CASSLDRDRQYF,TRBV5-6,TRBJ2-5,CVVRGGGADGLTF,Donor AJD3280:LP TCRab CD4 TRM,1.000000,-,-,-,-,-,-,-,-,-,-,-
371,S%DRDR,2.8e-03,1,2,1.7e-06,1.0e+00,5.7e-02,1.0e+00,1.0e-03,2.9e-02,global-S%DRDR,CASSRDRdrtYF,CASSRDRDRTYF,TRBV7-2,TRBJ2-7,CAMREVYSGGGADGLTF,Donor AJD3280:PB TCRab CD4 Naive/TCM,1.000000,-,-,-,-,-,-,-,-,-,-,-

372,RT%GNSP,2.8e-03,2,2,1.5e-06,1.0e+00,5.3e-02,1.0e+00,1.0e-03,2.9e-02,global-RT%GNSP,CASrtAGNSPLHF,CASRTAGNSPLHF,TRBV7-8,TRBJ1-6,CATEADSNYQLIW,Donor AJD3280:LP TCRab CD4 Tph,1.000000,-,-,-,-,-,-,-,-,-,-,-
372,RT%GNSP,2.8e-03,2,2,1.5e-06,1.0e+00,5.3e-02,1.0e+00,1.0e-03,2.9e-02,global-RT%GNSP,CASrTGGNSPLHF,CASRTGGNSPLHF,TRBV6-2,TRBJ1-6,CGTHSSGNTPLVF,Donor AJKQ118:PB TCRab CD4 Naive/TCM,1.000000,-,-,-,-,-,-,-,-,-,-,-

373,SLRLAG%QET,2.8e-03,2,2,2.3e-06,1.0e+00,8.0e-02,1.0e+00,1.0e-03,2.9e-02,global-SLRLAG%QET,CASSLrLAGdQETQYF,CASSLRLAGDQETQYF,TRBV13,TRBJ2-5,CILRGPNSGGYQKVTF,Donor AJG2309:LP TCRab CD4 TRM,1.000000,-,-,-,-,-,-,-,-,-,-,-
373,SLRLAG%QET,2.8e-03,2,2,2.3e-06,1.0e+00,8.0e-02,1.0e+00,1.0e-03,2.9e-02,global-SLRLAG%QET,CASSLrLAGvQETQYF,CASSLRLAGVQETQYF,TRBV19,TRBJ2-5,CAVRPGNNRKLIW,Donor AJD3280:PB TCRab CD4 Naive/TCM,1.000000,-,-,-,-,-,-,-,-,-,-,-

374,SQDGG%YE,2.8e-03,2,2,2.9e-08,1.0e+00,1.0e-03,1.0e+00,1.0e-03,2.9e-02,global-SQDGG%YE,CASSQdgGTYEQYF,CASSQDGGTYEQYF,TRBV3-1,TRBJ2-7,CATGGSGNTPLVF,Donor AJD3280:LP TCRab CD4 Naive/TCM,1.000000,-,-,-,-,-,-,-,-,-,-,-
374,SQDGG%YE,2.8e-03,2,2,2.9e-08,1.0e+00,1.0e-03,1.0e+00,1.0e-03,2.9e-02,global-SQDGG%YE,CASSQdGGfYEQYF,CASSQDGGFYEQYF,TRBV3-1,TRBJ2-7,CAASAMGNAGKSTF,Donor AJG2309:PB TCRab CD4 Naive/TCM,1.000000,-,-,-,-,-,-,-,-,-,-,-

375,SLDRED%,2.8e-03,2,2,1.9e-06,1.0e+00,6.6e-02,1.0e+00,1.0e-03,2.9e-02,global-SLDRED%,CASSLdREDTQYF,CASSLDREDTQYF,TRBV7-7,TRBJ2-3,CAVGTRRSNDYKLSF,Donor AJD3280:L TCRab CD4 Naive/TCM,1.000000,-,-,-,-,-,-,-,-,-,-,-
375,SLDRED%,2.8e-03,2,2,1.9e-06,1.0e+00,6.6e-02,1.0e+00,1.0e-03,2.9e-02,global-SLDRED%,CASSLdREdGYTF,CASSLDREDGYTF,TRBV2,TRBJ1-2,CAGVPQGAQKLVF,Donor AJKQ118:PB TCRab CD4 Naive/TCM,1.000000,-,-,-,-,-,-,-,-,-,-,-

376,SPRV%NTE,2.8e-03,2,2,2.1e-06,1.0e+00,7.1e-02,1.0e+00,1.0e-03,2.9e-02,global-SPRV%NTE,CASSPrvpNTEAFF,CASSPRVPNTEAFF,TRBV18,TRBJ1-1,CAVTLGASGTYKYIF,Donor AJG2309:L TCRab CD4 TCM,1.000000,-,-,-,-,-,-,-,-,-,-,-
376,SPRV%NTE,2.8e-03,2,2,2.1e-06,1.0e+00,7.1e-02,1.0e+00,1.0e-03,2.9e-02,global-SPRV%NTE,CASSPrvgNTEAFF,CASSPRVGNTEAFF,TRBV6-2,TRBJ1-1,CALSGRGAQKLVF,Donor AJKQ118:PB TCRab CD4 Naive/TCM,1.000000,-,-,-,-,-,-,-,-,-,-,-

377,SFAG%ET,2.8e-03,2,2,1.7e-06,1.0e+00,5.7e-02,1.0e+00,1.0e-03,2.9e-02,global-SFAG%ET,CASSfaGRETQYF,CASSFAGRETQYF,TRBV11-2,TRBJ2-5,CAYGSNNAGNMLTF,Donor AJD3280:IEL TCRab CD4 Mobile TRM,1.000000,-,-,-,-,-,-,-,-,-,-,-
377,SFAG%ET,2.8e-03,2,2,1.7e-06,1.0e+00,5.7e-02,1.0e+00,1.0e-03,2.9e-02,global-SFAG%ET,CASSfAGGETQYF,CASSFAGGETQYF,TRBV7-9,TRBJ2-5,CAVERGGGYQKVTF,Donor AJKQ118:PB TCRab CD4 Naive/TCM,1.000000,-,-,-,-,-,-,-,-,-,-,-

378,%PGLAGYE,2.8e-03,2,2,2.2e-06,1.0e+00,7.7e-02,1.0e+00,1.0e-03,2.9e-02,global-%PGLAGYE,CASSPGLAGyEQFF,CASSPGLAGYEQFF,TRBV7-2,TRBJ2-1,CAASRGSQGNLIF,Donor AJD3280:LP TCRab CD4 Mobile TRM,1.000000,-,-,-,-,-,-,-,-,-,-,-
378,%PGLAGYE,2.8e-03,2,2,2.2e-06,1.0e+00,7.7e-02,1.0e+00,1.0e-03,2.9e-02,global-%PGLAGYE,CSARpGLAGYEQYF,CSARPGLAGYEQYF,TRBV20-1,TRBJ2-7,CAGQGYGGATNKLIF,Donor AJG2309:PB TCRab CD4 Naive/TCM,1.000000,-,-,-,-,-,-,-,-,-,-,-

379,NGQ%NTE,2.8e-03,2,2,1.8e-06,1.0e+00,6.3e-02,1.0e+00,1.0e-03,2.9e-02,global-NGQ%NTE,CASnGQrNTEAFF,CASNGQRNTEAFF,TRBV12-3,TRBJ1-1,CVVWSRSNYQLIW,Donor AJD3280:L TCRab CD4 TRM,1.000000,-,-,-,-,-,-,-,-,-,-,-
379,NGQ%NTE,2.8e-03,2,2,1.8e-06,1.0e+00,6.3e-02,1.0e+00,1.0e-03,2.9e-02,global-NGQ%NTE,CAWnGQpNTEAFF,CAWNGQPNTEAFF,TRBV30,TRBJ1-1,CASLRGGADGLTF,Donor AJKQ118:PB TCRab CD4 Naive/TCM,1.000000,-,-,-,-,-,-,-,-,-,-,-

380,R%RDNE,2.8e-03,2,2,4.0e-08,1.0e+00,8.0e-03,1.7e-01,1.0e-03,2.9e-02,global-R%RDNE,CASrDRdNEQFF,CASRDRDNEQFF,TRBV7-2,TRBJ2-1,CAESPPGGYQKVTF,Donor AJD3280:LP TCRab CD4 TRM,1.000000,-,-,-,-,-,-,-,-,-,-,-
380,R%RDNE,2.8e-03,2,2,4.0e-08,1.0e+00,8.0e-03,1.7e-01,1.0e-03,2.9e-02,global-R%RDNE,CSARGRdNEQFF,CSARGRDNEQFF,TRBV20-1,TRBJ2-1,CIVRVPGYTGTASKLTF,Donor AJKQ118:IEL TCRab CD4 TRM,1.000000,-,-,-,-,-,-,-,-,-,-,-
380,R%RDNE,2.8e-03,2,2,4.0e-08,1.0e+00,8.0e-03,1.7e-01,1.0e-03,2.9e-02,global-R%RDNE,CSARGRdNEQFF,CSARGRDNEQFF,TRBV20-1,TRBJ2-1,CIVRVPGYTGTASKLTF,Donor AJKQ118:LP TCRab CD4 Mobile TRM,2.000000,-,-,-,-,-,-,-,-,-,-,-

381,SPPL%G,2.8e-03,2,2,1.9e-06,1.0e+00,6.6e-02,1.0e+00,1.0e-03,2.9e-02,global-SPPL%G,CASSPplvgQFF,CASSPPLVGQFF,TRBV12-4,TRBJ2-1,CAVENQGGKLIF,Donor AJG2309:LP TCRab CD4 TRM,1.000000,-,-,-,-,-,-,-,-,-,-,-
381,SPPL%G,2.8e-03,2,2,1.9e-06,1.0e+00,6.6e-02,1.0e+00,1.0e-03,2.9e-02,global-SPPL%G,CASSPplYGYTF,CASSPPLYGYTF,TRBV28,TRBJ1-2,CAPGANNLFF,Donor AJKQ118:PB TCRab CD4 FOXP3+ Treg,1.000000,-,-,-,-,-,-,-,-,-,-,-

382,S%QP,2.8e-03,1,2,1.7e-06,1.0e+00,5.8e-02,1.0e+00,1.0e-03,2.9e-02,global-S%QP,CASSDQPQHF,CASSDQPQHF,TRBV6-4,TRBJ1-5,CAVRDWDGANNLFF,Donor AJD3280:PB TCRab CD4 Naive/TCM,1.000000,-,-,-,-,-,-,-,-,-,-,-
382,S%QP,2.8e-03,1,2,1.7e-06,1.0e+00,5.8e-02,1.0e+00,1.0e-03,2.9e-02,global-S%QP,CASSEQPQHF,CASSEQPQHF,TRBV6-1,TRBJ1-5,CASASGGYQKVTF,Donor AJD3280:LP TCRab CD4 Poised TCM,1.000000,-,-,-,-,-,-,-,-,-,-,-

383,SG%GGAYNE,2.8e-03,2,2,2.1e-06,1.0e+00,7.2e-02,1.0e+00,1.0e-03,2.9e-02,global-SG%GGAYNE,CASSGGggaYNEQFF,CASSGGGGAYNEQFF,TRBV9,TRBJ2-1,CAVSASGYSTLTF,Donor AJKQ118:PB TCRab CD4 Naive/TCM,1.000000,-,-,-,-,-,-,-,-,-,-,-
383,SG%GGAYNE,2.8e-03,2,2,2.1e-06,1.0e+00,7.2e-02,1.0e+00,1.0e-03,2.9e-02,global-SG%GGAYNE,CASSgSGGaYNEQFF,CASSGSGGAYNEQFF,TRBV7-9,TRBJ2-1,CAMREPFTGGGNKLTF,Donor AJD3280:L TCRab CD4 Naive/TCM,1.000000,-,-,-,-,-,-,-,-,-,-,-

384,SLTD%YG,2.8e-03,1,2,2.4e-07,1.0e+00,7.1e-02,1.1e-01,1.0e-03,2.9e-02,global-SLTD%YG,CASSLtdNYGYTF,CASSLTDNYGYTF,TRBV11-2,TRBJ1-2,CALSGDMRF,Donor AJD3280:PB TCRab CD4 Naive/TCM,1.000000,-,-,-,-,-,-,-,-,-,-,-
384,SLTD%YG,2.8e-03,1,2,2.4e-07,1.0e+00,7.1e-02,1.1e-01,1.0e-03,2.9e-02,global-SLTD%YG,CASSLtdfYGYTF,CASSLTDFYGYTF,TRBV5-1,TRBJ1-2,CAVQAPGGNYGGSQGNLIF,Donor AJD3280:LP TCRab CD4 TRM,2.000000,-,-,-,-,-,-,-,-,-,-,-

385,SLD%ATDT,2.8e-03,2,2,2.0e-06,1.0e+00,6.7e-02,1.0e+00,1.0e-03,2.9e-02,global-SLD%ATDT,CASSLdLATDTQYF,CASSLDLATDTQYF,TRBV5-1,TRBJ2-3,CAAMRSNYQLIW,Donor AJKQ118:L TCRab CD4 FOXP3+ Treg,1.000000,-,-,-,-,-,-,-,-,-,-,-
385,SLD%ATDT,2.8e-03,2,2,2.0e-06,1.0e+00,6.7e-02,1.0e+00,1.0e-03,2.9e-02,global-SLD%ATDT,CASSLdvaTDTQYF,CASSLDVATDTQYF,TRBV5-4,TRBJ2-3,CAMRGLMAGGKLIF,Donor AJD3280:LP TCRab CD4 TRM,1.000000,-,-,-,-,-,-,-,-,-,-,-

386,SRL%YNE,2.8e-03,2,2,1.8e-06,1.0e+00,6.3e-02,1.0e+00,1.0e-03,2.9e-02,global-SRL%YNE,CSASrldYNEQFF,CSASRLDYNEQFF,TRBV20-1,TRBJ2-1,CAMREGDNYGQNFVF,Donor AJG2309:PB TCRab CD4 Naive/TCM,1.000000,-,-,-,-,-,-,-,-,-,-,-
386,SRL%YNE,2.8e-03,2,2,1.8e-06,1.0e+00,6.3e-02,1.0e+00,1.0e-03,2.9e-02,global-SRL%YNE,CASSRlpYNEQFF,CASSRLPYNEQFF,TRBV6-1,TRBJ2-1,CALNPSGNTPLVF,Donor AJD3280:IEL TCRab CD4 TRM,1.000000,-,-,-,-,-,-,-,-,-,-,-

387,SQ%RGGQET,2.8e-03,1,2,1.8e-06,1.0e+00,6.2e-02,1.0e+00,1.0e-03,2.9e-02,global-SQ%RGGQET,CASSQDRGgQETQYF,CASSQDRGGQETQYF,TRBV4-2,TRBJ2-5,CAVRDSNYQLIW,Donor AJD3280:LP TCRab CD4 TRM,1.000000,-,-,-,-,-,-,-,-,-,-,-
387,SQ%RGGQET,2.8e-03,1,2,1.8e-06,1.0e+00,6.2e-02,1.0e+00,1.0e-03,2.9e-02,global-SQ%RGGQET,CASSQeRGgQETQYF,CASSQERGGQETQYF,TRBV4-3,TRBJ2-5,CAASKWNQFYF,Donor AJD3280:L TCRab CD4 TRM,1.000000,-,-,-,-,-,-,-,-,-,-,-

388,SWGTG%YE,2.8e-03,1,2,2.1e-06,1.0e+00,7.2e-02,1.0e+00,1.0e-03,2.9e-02,global-SWGTG%YE,CASSwGTGaYEQYF,CASSWGTGAYEQYF,TRBV12-3,TRBJ2-7,CAAASGGGADGLTF,Donor AJKQ118:PB TCRab CD4 Naive/TCM,1.000000,-,-,-,-,-,-,-,-,-,-,-
388,SWGTG%YE,2.8e-03,1,2,2.1e-06,1.0e+00,7.2e-02,1.0e+00,1.0e-03,2.9e-02,global-SWGTG%YE,CASSwGTGGYEQYF,CASSWGTGGYEQYF,TRBV7-2,TRBJ2-7,CAGQLAGGGADGLTF,Donor AJKQ118:PB TCRab CD4 Naive/TCM,1.000000,-,-,-,-,-,-,-,-,-,-,-

389,R%GQGNSP,2.8e-03,1,2,2.9e-08,1.0e+00,1.0e-03,1.0e+00,1.0e-03,2.9e-02,global-R%GQGNSP,CASrpGQGNSPLHF,CASRPGQGNSPLHF,TRBV3-1,TRBJ1-6,CAMALPGNTPLVF,Donor AJKQ118:LP TCRab CD4 TRM,1.000000,-,-,-,-,-,-,-,-,-,-,-
389,R%GQGNSP,2.8e-03,1,2,2.9e-08,1.0e+00,1.0e-03,1.0e+00,1.0e-03,2.9e-02,global-R%GQGNSP,CASrlGQGNSPLHF,CASRLGQGNSPLHF,TRBV3-1,TRBJ1-6,CAVAGNRGSTLGRLYF,Donor AJKQ118:LP TCRab CD4 TRM,1.000000,-,-,-,-,-,-,-,-,-,-,-

390,SQAY%,2.8e-03,2,2,4.4e-08,1.0e+00,1.0e-02,1.5e-01,1.0e-03,2.9e-02,global-SQAY%,CASSQaYEQYF,CASSQAYEQYF,TRBV3-1,TRBJ2-7,CVVGQAGKSTF,Donor AJD3280:LP TCRab CD4 TRM,2.000000,-,-,-,-,-,-,-,-,-,-,-
390,SQAY%,2.8e-03,2,2,4.4e-08,1.0e+00,1.0e-02,1.5e-01,1.0e-03,2.9e-02,global-SQAY%,CASSQaYEQYF,CASSQAYEQYF,TRBV3-1,TRBJ2-7,CAAKGVNNNDMRF,Donor AJD3280:LP TCRab CD4 TRM,1.000000,-,-,-,-,-,-,-,-,-,-,-
390,SQAY%,2.8e-03,2,2,4.4e-08,1.0e+00,1.0e-02,1.5e-01,1.0e-03,2.9e-02,global-SQAY%,CAWSqaYGYTF,CAWSQAYGYTF,TRBV30,TRBJ1-2,CAVDIFSGSRLTF,Donor AJKQ118:LP TCRab CD4 Poised TCM,1.000000,-,-,-,-,-,-,-,-,-,-,-

391,%RTGDNSP,2.8e-03,1,2,2.1e-07,1.0e+00,7.3e-02,9.8e-02,1.0e-03,2.9e-02,global-%RTGDNSP,CASGrTGdNSPLHF,CASGRTGDNSPLHF,TRBV19,TRBJ1-6,CALKGNAGNMLTF,Donor AJD3280:L TCRab CD4 TCM,1.000000,-,-,-,-,-,-,-,-,-,-,-
391,%RTGDNSP,2.8e-03,1,2,2.1e-07,1.0e+00,7.3e-02,9.8e-02,1.0e-03,2.9e-02,global-%RTGDNSP,CATrrTGdNSPLHF,CATRRTGDNSPLHF,TRBV15,TRBJ1-6,CALTEGGTSYGKLTF,Donor AJD3280:LP TCRab CD4 Tph,2.000000,-,-,-,-,-,-,-,-,-,-,-

392,SSRTG%DTE,2.8e-03,2,2,1.6e-06,1.0e+00,5.5e-02,1.0e+00,1.0e-03,2.9e-02,global-SSRTG%DTE,CASSSrTGGdTEAFF,CASSSRTGGDTEAFF,TRBV4-1,TRBJ1-1,CVVSDLPGGYNKLIF,Donor AJKQ118:L TCRab CD4 TRM,1.000000,-,-,-,-,-,-,-,-,-,-,-
392,SSRTG%DTE,2.8e-03,2,2,1.6e-06,1.0e+00,5.5e-02,1.0e+00,1.0e-03,2.9e-02,global-SSRTG%DTE,CASSSrTGrdTEAFF,CASSSRTGRDTEAFF,TRBV12-3,TRBJ1-1,CAVRSLTGANNLFF,Donor AJG2309:LP TCRab CD4 TRM,1.000000,-,-,-,-,-,-,-,-,-,-,-

393,SPL%MNTE,2.8e-03,1,2,1.9e-06,1.0e+00,6.4e-02,1.0e+00,1.0e-03,2.9e-02,global-SPL%MNTE,CASSPlgmNTEAFF,CASSPLGMNTEAFF,TRBV5-6,TRBJ1-1,CAVSDTDNQGGKLIF,Donor AJD3280:LP TCRab CD4 TRM,1.000000,-,-,-,-,-,-,-,-,-,-,-
393,SPL%MNTE,2.8e-03,1,2,1.9e-06,1.0e+00,6.4e-02,1.0e+00,1.0e-03,2.9e-02,global-SPL%MNTE,CASSPlemNTEAFF,CASSPLEMNTEAFF,TRBV18,TRBJ1-1,CSHNKFYF,Donor AJD3280:PB TCRab CD4 Naive/TCM,1.000000,-,-,-,-,-,-,-,-,-,-,-

394,SLGG%YYG,2.8e-03,2,2,1.9e-07,1.0e+00,6.4e-02,1.0e-01,1.0e-03,2.9e-02,global-SLGG%YYG,CASSLGGgyYGYTF,CASSLGGGYYGYTF,TRBV7-8,TRBJ1-2,CAYRRTGNQFYF,Donor AJKQ118:PB TCRab CD4 FOXP3+ Treg,2.000000,-,-,-,-,-,-,-,-,-,-,-
394,SLGG%YYG,2.8e-03,2,2,1.9e-07,1.0e+00,6.4e-02,1.0e-01,1.0e-03,2.9e-02,global-SLGG%YYG,CASSLGGayYGYTF,CASSLGGAYYGYTF,TRBV5-1,TRBJ1-2,CAYRKETSGSRLTF,Donor AJG2309:LP TCRab CD4 TRM,1.000000,-,-,-,-,-,-,-,-,-,-,-

395,%ASGRTDT,2.8e-03,1,2,1.9e-06,1.0e+00,6.5e-02,1.0e+00,1.0e-03,2.9e-02,global-%ASGRTDT,CSVsaSGRTDTQYF,CSVSASGRTDTQYF,TRBV29-1,TRBJ2-3,CAVGGITGNQFYF,Donor AJG2309:PB TCRab CD4 Naive/TCM,1.000000,-,-,-,-,-,-,-,-,-,-,-
395,%ASGRTDT,2.8e-03,1,2,1.9e-06,1.0e+00,6.5e-02,1.0e+00,1.0e-03,2.9e-02,global-%ASGRTDT,CATraSGRTDTQYF,CATRASGRTDTQYF,TRBV24-1,TRBJ2-3,CPPGGQGGKLIF,Donor AJG2309:PB TCRab CD4 Naive/TCM,1.000000,-,-,-,-,-,-,-,-,-,-,-

396,SPL%GANV,2.8e-03,2,2,1.9e-06,1.0e+00,6.6e-02,1.0e+00,1.0e-03,2.9e-02,global-SPL%GANV,CASSPlSGANVLTF,CASSPLSGANVLTF,TRBV18,TRBJ2-6,CIVRVGNSGNTPLVF,Donor AJD3280:L TCRab CD4 TRM,1.000000,-,-,-,-,-,-,-,-,-,-,-
396,SPL%GANV,2.8e-03,2,2,1.9e-06,1.0e+00,6.6e-02,1.0e+00,1.0e-03,2.9e-02,global-SPL%GANV,CASSPltGANVLTF,CASSPLTGANVLTF,TRBV5-6,TRBJ2-6,CAGESSGTYKYIF,Donor AJKQ118:PB TCRab CD4 Naive/TCM,1.000000,-,-,-,-,-,-,-,-,-,-,-

397,SV%GANYG,2.8e-03,1,2,2.5e-06,1.0e+00,8.7e-02,1.0e+00,1.0e-03,2.9e-02,global-SV%GANYG,CAWSvlgaNYGYTF,CAWSVLGANYGYTF,TRBV30,TRBJ1-2,CAASNNARLMF,Donor AJD3280:L TCRab CD4 TRM,1.000000,-,-,-,-,-,-,-,-,-,-,-
397,SV%GANYG,2.8e-03,1,2,2.5e-06,1.0e+00,8.7e-02,1.0e+00,1.0e-03,2.9e-02,global-SV%GANYG,CASSVTGaNYGYTF,CASSVTGANYGYTF,TRBV9,TRBJ1-2,CAVGFSDGQKLLF,Donor AJD3280:PB TCRab CD4 Naive/TCM,1.000000,-,-,-,-,-,-,-,-,-,-,-

398,SR%SGYNE,2.8e-03,1,2,1.8e-06,1.0e+00,6.3e-02,1.0e+00,1.0e-03,2.9e-02,global-SR%SGYNE,CASSRaSGYNEQFF,CASSRASGYNEQFF,TRBV6-6,TRBJ2-1,CAVHGSSNTGKLIF,Donor AJD3280:IEL TCRab CD4 TRM,1.000000,-,-,-,-,-,-,-,-,-,-,-
398,SR%SGYNE,2.8e-03,1,2,1.8e-06,1.0e+00,6.3e-02,1.0e+00,1.0e-03,2.9e-02,global-SR%SGYNE,CASSRpSGYNEQFF,CASSRPSGYNEQFF,TRBV7-2,TRBJ2-1,CAVRNRDDKIIF,Donor AJD3280:L TCRab CD4 Naive/TCM,1.000000,-,-,-,-,-,-,-,-,-,-,-

399,SRDN%P,2.8e-03,2,2,2.9e-08,1.0e+00,1.0e-03,1.0e+00,1.0e-03,2.9e-02,global-SRDN%P,CATSRdNSPLHF,CATSRDNSPLHF,TRBV15,TRBJ1-6,CAVSDYTGGFKTIF,Donor AJD3280:L TCRab CD4 Naive/TCM,1.000000,-,-,-,-,-,-,-,-,-,-,-
399,SRDN%P,2.8e-03,2,2,2.9e-08,1.0e+00,1.0e-03,1.0e+00,1.0e-03,2.9e-02,global-SRDN%P,CATSRdNQPQHF,CATSRDNQPQHF,TRBV15,TRBJ1-5,CLLGDWETSGSRLTF,Donor AJKQ118:PB TCRab CD4 Naive/TCM,1.000000,-,-,-,-,-,-,-,-,-,-,-

400,RPGS%YE,2.8e-03,2,2,1.8e-06,1.0e+00,6.2e-02,1.0e+00,1.0e-03,2.9e-02,global-RPGS%YE,CSARpgstYEQYF,CSARPGSTYEQYF,TRBV20-1,TRBJ2-7,CASHTGGFKTIF,Donor AJD3280:PB TCRab CD4 Naive/TCM,1.000000,-,-,-,-,-,-,-,-,-,-,-
400,RPGS%YE,2.8e-03,2,2,1.8e-06,1.0e+00,6.2e-02,1.0e+00,1.0e-03,2.9e-02,global-RPGS%YE,CASrpgsSYEQYF,CASRPGSSYEQYF,TRBV6-6,TRBJ2-7,CAVRPEGGSEKLVF,Donor AJKQ118:PB TCRab CD4 Naive/TCM,1.000000,-,-,-,-,-,-,-,-,-,-,-

401,SPLAG%GTDT,2.8e-03,2,2,2.9e-08,1.0e+00,1.0e-03,1.0e+00,1.0e-03,2.9e-02,global-SPLAG%GTDT,CASSPLAGagTDTQYF,CASSPLAGAGTDTQYF,TRBV7-2,TRBJ2-3,CAAITGANNLFF,Donor AJD3280:PB TCRab CD4 Naive/TCM,1.000000,-,-,-,-,-,-,-,-,-,-,-
401,SPLAG%GTDT,2.8e-03,2,2,2.9e-08,1.0e+00,1.0e-03,1.0e+00,1.0e-03,2.9e-02,global-SPLAG%GTDT,CASSPLAGGgTDTQYF,CASSPLAGGGTDTQYF,TRBV7-2,TRBJ2-3,CAMRPSSGYSTLTF,Donor AJKQ118:L TCRab CD4 TRM,1.000000,-,-,-,-,-,-,-,-,-,-,-

402,SF%GEK,2.8e-03,2,2,2.4e-06,1.0e+00,8.3e-02,1.0e+00,1.0e-03,2.9e-02,global-SF%GEK,CASSfRGEKLFF,CASSFRGEKLFF,TRBV28,TRBJ1-4,CALSGRTGGGNKLTF,Donor AJKQ118:LP TCRab CD4 TRM,1.000000,-,-,-,-,-,-,-,-,-,-,-
402,SF%GEK,2.8e-03,2,2,2.4e-06,1.0e+00,8.3e-02,1.0e+00,1.0e-03,2.9e-02,global-SF%GEK,CASSfpgEKLFF,CASSFPGEKLFF,TRBV5-6,TRBJ1-4,CAASVTSSNTGKLIF,Donor AJG2309:PB TCRab CD4 Naive/TCM,1.000000,-,-,-,-,-,-,-,-,-,-,-

403,SAGG%P,2.8e-03,1,2,2.6e-06,1.0e+00,9.0e-02,1.0e+00,1.0e-03,2.9e-02,global-SAGG%P,CASSAGGSPLHF,CASSAGGSPLHF,TRBV11-2,TRBJ1-6,CALRNYGQNFVF,Donor AJKQ118:PB TCRab CD4 Naive/TCM,1.000000,-,-,-,-,-,-,-,-,-,-,-
403,SAGG%P,2.8e-03,1,2,2.6e-06,1.0e+00,9.0e-02,1.0e+00,1.0e-03,2.9e-02,global-SAGG%P,CATSAGGePQHF,CATSAGGEPQHF,TRBV24-1,TRBJ1-5,CAVEVYNFNKFYF,Donor AJKQ118:PB TCRab CD4 FOXP3+ Treg,1.000000,-,-,-,-,-,-,-,-,-,-,-

404,S%LGVSGNT,2.8e-03,1,2,1.7e-07,1.0e+00,6.0e-03,1.0e+00,1.0e-03,2.9e-02,global-S%LGVSGNT,CASSSlgvSGNTIYF,CASSSLGVSGNTIYF,TRBV6-5,TRBJ1-3,CVVNMRNNNARLMF,Donor AJD3280:IEL TCRab CD4 TRM,1.000000,-,-,-,-,-,-,-,-,-,-,-
404,S%LGVSGNT,2.8e-03,1,2,1.7e-07,1.0e+00,6.0e-03,1.0e+00,1.0e-03,2.9e-02,global-S%LGVSGNT,CASSSlgvSGNTIYF,CASSSLGVSGNTIYF,TRBV6-5,TRBJ1-3,CALSDRNSGYALNF,Donor AJD3280:IEL TCRab CD4 TRM,1.000000,-,-,-,-,-,-,-,-,-,-,-
404,S%LGVSGNT,2.8e-03,1,2,1.7e-07,1.0e+00,6.0e-03,1.0e+00,1.0e-03,2.9e-02,global-S%LGVSGNT,CASSQlgvSGNTIYF,CASSQLGVSGNTIYF,TRBV4-1,TRBJ1-3,CASFRDNYGQNFVF,Donor AJD3280:PB TCRab CD4 Naive/TCM,1.000000,-,-,-,-,-,-,-,-,-,-,-

405,SLS%QNTGE,2.8e-03,2,2,1.8e-06,1.0e+00,6.2e-02,1.0e+00,1.0e-03,2.9e-02,global-SLS%QNTGE,CASSLSGqNTGELFF,CASSLSGQNTGELFF,TRBV5-1,TRBJ2-2,CAENRPGNTPLVF,Donor AJD3280:IEL TCRab CD4 Mobile TRM,1.000000,-,-,-,-,-,-,-,-,-,-,-
405,SLS%QNTGE,2.8e-03,2,2,1.8e-06,1.0e+00,6.2e-02,1.0e+00,1.0e-03,2.9e-02,global-SLS%QNTGE,CASSLssqNTGELFF,CASSLSSQNTGELFF,TRBV28,TRBJ2-2,CAVSGIGGASKIIF,Donor AJG2309:LP TCRab CD4 TRM,1.000000,-,-,-,-,-,-,-,-,-,-,-

406,T%AGGQET,2.8e-03,2,2,1.9e-06,1.0e+00,6.4e-02,1.0e+00,1.0e-03,2.9e-02,global-T%AGGQET,CATtsAGGQETQYF,CATTSAGGQETQYF,TRBV6-2,TRBJ2-5,CAASAGSGTYKYIF,Donor AJG2309:LP TCRab CD4 Poised TCM,1.000000,-,-,-,-,-,-,-,-,-,-,-
406,T%AGGQET,2.8e-03,2,2,1.9e-06,1.0e+00,6.4e-02,1.0e+00,1.0e-03,2.9e-02,global-T%AGGQET,CASTgAGGQETQYF,CASTGAGGQETQYF,TRBV19,TRBJ2-5,CAARGSYIPTF,Donor AJD3280:PB TCRab CD4 Naive/TCM,1.000000,-,-,-,-,-,-,-,-,-,-,-

407,SLYS%ET,2.8e-03,2,2,2.0e-06,1.0e+00,6.8e-02,1.0e+00,1.0e-03,2.9e-02,global-SLYS%ET,CASSLyskETQYF,CASSLYSKETQYF,TRBV27,TRBJ2-5,CAATDSWGKLQF,Donor AJKQ118:PB TCRab CD4 FOXP3+ Treg,1.000000,-,-,-,-,-,-,-,-,-,-,-
407,SLYS%ET,2.8e-03,2,2,2.0e-06,1.0e+00,6.8e-02,1.0e+00,1.0e-03,2.9e-02,global-SLYS%ET,CASSLysQETQYF,CASSLYSQETQYF,TRBV7-2,TRBJ2-5,CAVNLNFGNEKLTF,Donor AJD3280:PB TCRab CD4 Naive/TCM,1.000000,-,-,-,-,-,-,-,-,-,-,-

408,SL%VATDT,2.8e-03,2,2,2.0e-06,1.0e+00,6.8e-02,1.0e+00,1.0e-03,2.9e-02,global-SL%VATDT,CASSLdvaTDTQYF,CASSLDVATDTQYF,TRBV5-4,TRBJ2-3,CAMRGLMAGGKLIF,Donor AJD3280:LP TCRab CD4 TRM,1.000000,-,-,-,-,-,-,-,-,-,-,-
408,SL%VATDT,2.8e-03,2,2,2.0e-06,1.0e+00,6.8e-02,1.0e+00,1.0e-03,2.9e-02,global-SL%VATDT,CASSLpvaTDTQYF,CASSLPVATDTQYF,TRBV5-1,TRBJ2-3,CAVLSGGYNKLIF,Donor AJKQ118:PB TCRab CD4 Naive/TCM,1.000000,-,-,-,-,-,-,-,-,-,-,-

409,SY%QGYG,2.8e-03,2,2,2.9e-08,1.0e+00,1.0e-03,1.0e+00,1.0e-03,2.9e-02,global-SY%QGYG,CASSYpQGYGYTF,CASSYPQGYGYTF,TRBV6-6,TRBJ1-2,CLVGDELGSGNTGKLIF,Donor AJKQ118:PB TCRab CD4 FOXP3+ Treg,1.000000,-,-,-,-,-,-,-,-,-,-,-
409,SY%QGYG,2.8e-03,2,2,2.9e-08,1.0e+00,1.0e-03,1.0e+00,1.0e-03,2.9e-02,global-SY%QGYG,CASSYsQGYGYTF,CASSYSQGYGYTF,TRBV6-6,TRBJ1-2,CAVDLRGANSKLTF,Donor AJD3280:LP TCRab CD4 FOXP3+ Treg,1.000000,-,-,-,-,-,-,-,-,-,-,-

410,SSGG%NTGE,2.8e-03,1,2,2.8e-07,1.0e+00,8.4e-02,1.1e-01,1.0e-03,2.9e-02,global-SSGG%NTGE,CASSSgGTNTGELFF,CASSSGGTNTGELFF,TRBV9,TRBJ2-2,CAASGGAGGTSYGKLTF,Donor AJD3280:PB TCRab CD4 Naive/TCM,1.000000,-,-,-,-,-,-,-,-,-,-,-
410,SSGG%NTGE,2.8e-03,1,2,2.8e-07,1.0e+00,8.4e-02,1.1e-01,1.0e-03,2.9e-02,global-SSGG%NTGE,CASSSGGaNTGELFF,CASSSGGANTGELFF,TRBV28,TRBJ2-2,CIVLRAGGFKTIF,Donor AJD3280:L TCRab CD4 TCM,2.000000,-,-,-,-,-,-,-,-,-,-,-

411,SLLV%E,2.8e-03,2,2,2.1e-06,1.0e+00,7.2e-02,1.0e+00,1.0e-03,2.9e-02,global-SLLV%E,CASSLlvdEQFF,CASSLLVDEQFF,TRBV12-3,TRBJ2-1,CGTPRDAGNMLTF,Donor AJKQ118:LP TCRab CD4 Poised TCM,1.000000,-,-,-,-,-,-,-,-,-,-,-
411,SLLV%E,2.8e-03,2,2,2.1e-06,1.0e+00,7.2e-02,1.0e+00,1.0e-03,2.9e-02,global-SLLV%E,CASSLlvNEQFF,CASSLLVNEQFF,TRBV7-2,TRBJ2-1,CATTNTGGFKTIF,Donor AJD3280:LP TCRab CD4 Mobile TRM,1.000000,-,-,-,-,-,-,-,-,-,-,-

412,S%TGMGTE,2.8e-03,1,2,2.9e-08,1.0e+00,1.0e-03,1.0e+00,1.0e-03,2.9e-02,global-S%TGMGTE,CASSITGmgTEAFF,CASSITGMGTEAFF,TRBV11-2,TRBJ1-1,CAGRGANNLFF,Donor AJKQ118:LP TCRab CD4 TRM,1.000000,-,-,-,-,-,-,-,-,-,-,-
412,S%TGMGTE,2.8e-03,1,2,2.9e-08,1.0e+00,1.0e-03,1.0e+00,1.0e-03,2.9e-02,global-S%TGMGTE,CASSVTGmgTEAFF,CASSVTGMGTEAFF,TRBV11-2,TRBJ1-1,CAPRPADGLTF,Donor AJKQ118:IEL TCRab CD4 TRM,1.000000,-,-,-,-,-,-,-,-,-,-,-
412,S%TGMGTE,2.8e-03,1,2,2.9e-08,1.0e+00,1.0e-03,1.0e+00,1.0e-03,2.9e-02,global-S%TGMGTE,CASSVTGmgTEAFF,CASSVTGMGTEAFF,TRBV11-2,TRBJ1-1,CAPRPADGLTF,Donor AJKQ118:LP TCRab CD4 TRM,1.000000,-,-,-,-,-,-,-,-,-,-,-

413,SL%GLGE,2.8e-03,2,2,1.9e-06,1.0e+00,6.5e-02,1.0e+00,1.0e-03,2.9e-02,global-SL%GLGE,CASSLaGLgEQYF,CASSLAGLGEQYF,TRBV7-2,TRBJ2-7,CAASEGSSNTGKLIF,Donor AJKQ118:L TCRab CD4 TRM,1.000000,-,-,-,-,-,-,-,-,-,-,-
413,SL%GLGE,2.8e-03,2,2,1.9e-06,1.0e+00,6.5e-02,1.0e+00,1.0e-03,2.9e-02,global-SL%GLGE,CASSLiGLgEQYF,CASSLIGLGEQYF,TRBV28,TRBJ2-7,CAVHRGAAGNKLTF,Donor AJG2309:PB TCRab CD4 FOXP3+ Treg,1.000000,-,-,-,-,-,-,-,-,-,-,-

414,SQLG%E,2.8e-03,2,2,1.5e-06,1.0e+00,5.1e-02,1.0e+00,1.0e-03,2.9e-02,global-SQLG%E,CASSQlgTEAFF,CASSQLGTEAFF,TRBV7-6,TRBJ1-1,CAVDGTGNQFYF,Donor AJD3280:LP TCRab CD4 TRM,1.000000,-,-,-,-,-,-,-,-,-,-,-
414,SQLG%E,2.8e-03,2,2,1.5e-06,1.0e+00,5.1e-02,1.0e+00,1.0e-03,2.9e-02,global-SQLG%E,CASSQlGREQFF,CASSQLGREQFF,TRBV4-1,TRBJ2-1,CAYRGNNARLMF,Donor AJKQ118:LP TCRab CD4 FOXP3+ Treg,1.000000,-,-,-,-,-,-,-,-,-,-,-

415,SP%GRTGE,2.8e-03,1,2,1.6e-06,1.0e+00,5.5e-02,1.0e+00,1.0e-03,2.9e-02,global-SP%GRTGE,CASSPQGrTGELFF,CASSPQGRTGELFF,TRBV4-1,TRBJ2-2,CAASDSNQAGTALIF,Donor AJKQ118:PB TCRab CD4 Naive/TCM,1.000000,-,-,-,-,-,-,-,-,-,-,-
415,SP%GRTGE,2.8e-03,1,2,1.6e-06,1.0e+00,5.5e-02,1.0e+00,1.0e-03,2.9e-02,global-SP%GRTGE,CSASpTGrTGELFF,CSASPTGRTGELFF,TRBV20-1,TRBJ2-2,CAEAGGANNLFF,Donor AJKQ118:PB TCRab CD4 Naive/TCM,1.000000,-,-,-,-,-,-,-,-,-,-,-

416,S%RDTYNE,2.8e-03,2,2,2.2e-06,1.0e+00,7.4e-02,1.0e+00,1.0e-03,2.9e-02,global-S%RDTYNE,CASSPrdtYNEQFF,CASSPRDTYNEQFF,TRBV9,TRBJ2-1,CAYRSAIGYDKIIF,Donor AJD3280:L TCRab CD4 TCM,1.000000,-,-,-,-,-,-,-,-,-,-,-
416,S%RDTYNE,2.8e-03,2,2,2.2e-06,1.0e+00,7.4e-02,1.0e+00,1.0e-03,2.9e-02,global-S%RDTYNE,CASSGRdtYNEQFF,CASSGRDTYNEQFF,TRBV6-4,TRBJ2-1,CAGGSNYKLTF,Donor AJKQ118:LP TCRab CD4 TRM,1.000000,-,-,-,-,-,-,-,-,-,-,-

417,SIGG%GTE,2.8e-03,1,2,2.6e-09,1.0e+00,1.0e-03,8.9e-02,1.0e-03,2.9e-02,global-SIGG%GTE,CASSIGGvgTEAFF,CASSIGGVGTEAFF,TRBV19,TRBJ1-1,CAEKGAAGNKLTF,Donor AJKQ118:IEL TCRab CD4 FOXP3+ Treg,1.000000,-,-,-,-,-,-,-,-,-,-,-
417,SIGG%GTE,2.8e-03,1,2,2.6e-09,1.0e+00,1.0e-03,8.9e-02,1.0e-03,2.9e-02,global-SIGG%GTE,CASSIgGLgTEAFF,CASSIGGLGTEAFF,TRBV19,TRBJ1-1,CATVGPFGGNTPLVF,Donor AJKQ118:PB TCRab CD4 FOXP3+ Treg,2.000000,-,-,-,-,-,-,-,-,-,-,-

418,SQV%TGE,2.8e-03,1,2,1.8e-07,1.0e+00,6.7e-02,9.4e-02,1.0e-03,2.9e-02,global-SQV%TGE,CASSQvgTGELFF,CASSQVGTGELFF,TRBV14,TRBJ2-2,CALSDRRGTGANNLFF,Donor AJKQ118:L TCRab CD4 TRM,2.000000,-,-,-,-,-,-,-,-,-,-,-
418,SQV%TGE,2.8e-03,1,2,1.8e-07,1.0e+00,6.7e-02,9.4e-02,1.0e-03,2.9e-02,global-SQV%TGE,CASSQvNTGELFF,CASSQVNTGELFF,TRBV4-3,TRBJ2-2,CVVIFNTGGFKTIF,Donor AJKQ118:LP TCRab CD4 TRM,1.000000,-,-,-,-,-,-,-,-,-,-,-

419,SF%GTE,2.9e-03,3,3,1.9e-07,1.0e+00,3.0e-02,1.0e+00,1.0e-03,6.2e-03,global-SF%GTE,CASSfdgTEAFF,CASSFDGTEAFF,TRBV5-1,TRBJ1-1,CAVDTGRRALTF,Donor AJKQ118:PB TCRab CD4 Naive/TCM,1.000000,-,-,-,-,-,-,-,-,-,-,-
419,SF%GTE,2.9e-03,3,3,1.9e-07,1.0e+00,3.0e-02,1.0e+00,1.0e-03,6.2e-03,global-SF%GTE,CASSfGGTEAFF,CASSFGGTEAFF,TRBV7-9,TRBJ1-1,CAGGGATNKLIF,Donor AJD3280:LP TCRab CD4 Tph,1.000000,-,-,-,-,-,-,-,-,-,-,-
419,SF%GTE,2.9e-03,3,3,1.9e-07,1.0e+00,3.0e-02,1.0e+00,1.0e-03,6.2e-03,global-SF%GTE,CASSfGGTEAFF,CASSFGGTEAFF,TRBV5-1,TRBJ1-1,CAASDNNDMRF,Donor AJG2309:LP TCRab CD4 TRM,1.000000,-,-,-,-,-,-,-,-,-,-,-
419,SF%GTE,2.9e-03,3,3,1.9e-07,1.0e+00,3.0e-02,1.0e+00,1.0e-03,6.2e-03,global-SF%GTE,CASSfRGTEAFF,CASSFRGTEAFF,TRBV6-5,TRBJ1-1,CAGGHTGTASKLTF,Donor AJG2309:LP TCRab CD4 TRM,1.000000,-,-,-,-,-,-,-,-,-,-,-

420,SL%TVNTE,2.9e-03,2,3,1.1e-06,1.0e+00,1.8e-01,1.0e+00,1.0e-03,6.2e-03,global-SL%TVNTE,CASSLvtvNTEAFF,CASSLVTVNTEAFF,TRBV7-8,TRBJ1-1,CAENEVDTGNQFYF,Donor AJKQ118:LP TCRab CD4 TRM,1.000000,-,-,-,-,-,-,-,-,-,-,-
420,SL%TVNTE,2.9e-03,2,3,1.1e-06,1.0e+00,1.8e-01,1.0e+00,1.0e-03,6.2e-03,global-SL%TVNTE,CASSLatvNTEAFF,CASSLATVNTEAFF,TRBV7-9,TRBJ1-1,CAVPRRGNMLTF,Donor AJD3280:LP TCRab CD4 Poised TCM,1.000000,-,-,-,-,-,-,-,-,-,-,-
420,SL%TVNTE,2.9e-03,2,3,1.1e-06,1.0e+00,1.8e-01,1.0e+00,1.0e-03,6.2e-03,global-SL%TVNTE,CASSLGTvNTEAFF,CASSLGTVNTEAFF,TRBV11-2,TRBJ1-1,CAVSQRGGATNKLIF,Donor AJKQ118:PB TCRab CD4 Naive/TCM,1.000000,-,-,-,-,-,-,-,-,-,-,-

421,SLG%RET,2.9e-03,2,3,6.9e-09,1.0e+00,7.0e-03,1.6e-01,1.0e-03,6.2e-03,global-SLG%RET,CASSLgarETQYF,CASSLGARETQYF,TRBV11-3,TRBJ2-5,CAATSGTYKYIF,Donor AJD3280:LP TCRab CD4 TRM,2.000000,-,-,-,-,-,-,-,-,-,-,-
421,SLG%RET,2.9e-03,2,3,6.9e-09,1.0e+00,7.0e-03,1.6e-01,1.0e-03,6.2e-03,global-SLG%RET,CASSLGQrETQYF,CASSLGQRETQYF,TRBV7-2,TRBJ2-5,CAFMKPYHSNSGYALNF,Donor AJKQ118:LP TCRab CD4 FOXP3+ Treg,1.000000,-,-,-,-,-,-,-,-,-,-,-
421,SLG%RET,2.9e-03,2,3,6.9e-09,1.0e+00,7.0e-03,1.6e-01,1.0e-03,6.2e-03,global-SLG%RET,CASSLgGRETQYF,CASSLGGRETQYF,TRBV11-3,TRBJ2-5,CAATSGTYKYIF,Donor AJD3280:IEL TCRab CD4 TRM,1.000000,-,-,-,-,-,-,-,-,-,-,-

422,SLTGG%G,2.9e-03,2,3,1.2e-06,1.0e+00,1.9e-01,1.0e+00,1.0e-03,6.2e-03,global-SLTGG%G,CASSLTGGaGYTF,CASSLTGGAGYTF,TRBV7-3,TRBJ1-2,CAVDHLGTSYGKLTF,Donor AJD3280:L TCRab CD4 TCM,1.000000,-,-,-,-,-,-,-,-,-,-,-
422,SLTGG%G,2.9e-03,2,3,1.2e-06,1.0e+00,1.9e-01,1.0e+00,1.0e-03,6.2e-03,global-SLTGG%G,CASSLTGGlGYTF,CASSLTGGLGYTF,TRBV5-6,TRBJ1-2,CAVRDSGGGFGNVLHC,Donor AJD3280:PB TCRab CD4 Naive/TCM,1.000000,-,-,-,-,-,-,-,-,-,-,-
422,SLTGG%G,2.9e-03,2,3,1.2e-06,1.0e+00,1.9e-01,1.0e+00,1.0e-03,6.2e-03,global-SLTGG%G,CASSLTGGsGYTF,CASSLTGGSGYTF,TRBV11-2,TRBJ1-2,CAIYNNFNKFYF,Donor AJKQ118:PB TCRab CD4 Naive/TCM,1.000000,-,-,-,-,-,-,-,-,-,-,-

423,SPG%GNT,2.9e-03,3,3,1.1e-06,1.0e+00,1.8e-01,1.0e+00,1.0e-03,6.2e-03,global-SPG%GNT,CASSPgvGNTIYF,CASSPGVGNTIYF,TRBV7-2,TRBJ1-3,CAVRDLNYGQNFVF,Donor AJD3280:L TCRab CD4 Naive/TCM,1.000000,-,-,-,-,-,-,-,-,-,-,-
423,SPG%GNT,2.9e-03,3,3,1.1e-06,1.0e+00,1.8e-01,1.0e+00,1.0e-03,6.2e-03,global-SPG%GNT,CAISpgSGNTIYF,CAISPGSGNTIYF,TRBV10-3,TRBJ1-3,CAVGDNQGGKLIF,Donor AJKQ118:L TCRab CD4 TRM,1.000000,-,-,-,-,-,-,-,-,-,-,-
423,SPG%GNT,2.9e-03,3,3,1.1e-06,1.0e+00,1.8e-01,1.0e+00,1.0e-03,6.2e-03,global-SPG%GNT,CASSPgSGNTIYF,CASSPGSGNTIYF,TRBV28,TRBJ1-3,CAYAHSAGGTSYGKLTF,Donor AJG2309:LP TCRab CD4 FOXP3+ Treg,1.000000,-,-,-,-,-,-,-,-,-,-,-

424,GT%YNE,2.9e-03,2,3,6.9e-07,1.0e+00,1.1e-01,1.0e+00,1.0e-03,6.2e-03,global-GT%YNE,CSAGTGYNEQFF,CSAGTGYNEQFF,TRBV20-1,TRBJ2-1,CAATLGTLNTGFQKLVF,Donor AJKQ118:PB TCRab CD4 Naive/TCM,1.000000,-,-,-,-,-,-,-,-,-,-,-
424,GT%YNE,2.9e-03,2,3,6.9e-07,1.0e+00,1.1e-01,1.0e+00,1.0e-03,6.2e-03,global-GT%YNE,CSAGtSYNEQFF,CSAGTSYNEQFF,TRBV29-1,TRBJ2-1,CAVRESSGDKLTF,Donor AJG2309:PB TCRab CD4 Naive/TCM,1.000000,-,-,-,-,-,-,-,-,-,-,-
424,GT%YNE,2.9e-03,2,3,6.9e-07,1.0e+00,1.1e-01,1.0e+00,1.0e-03,6.2e-03,global-GT%YNE,CSVGTGYNEQFF,CSVGTGYNEQFF,TRBV29-1,TRBJ2-1,CAGKEGGATNKLIF,Donor AJKQ118:PB TCRab CD4 FOXP3+ Treg,1.000000,-,-,-,-,-,-,-,-,-,-,-

425,S%GGPYE,2.9e-03,3,3,1.3e-06,1.0e+00,2.0e-01,1.0e+00,1.0e-03,6.2e-03,global-S%GGPYE,CASSTGGpYEQYF,CASSTGGPYEQYF,TRBV19,TRBJ2-7,CAYSYYSGNTPLVF,Donor AJD3280:PB TCRab CD4 Naive/TCM,1.000000,-,-,-,-,-,-,-,-,-,-,-
425,S%GGPYE,2.9e-03,3,3,1.3e-06,1.0e+00,2.0e-01,1.0e+00,1.0e-03,6.2e-03,global-S%GGPYE,CASSSGGpYEQYF,CASSSGGPYEQYF,TRBV7-2,TRBJ2-7,CAFNSGAGSYQLTF,Donor AJKQ118:PB TCRab CD4 Naive/TCM,1.000000,-,-,-,-,-,-,-,-,-,-,-
425,S%GGPYE,2.9e-03,3,3,1.3e-06,1.0e+00,2.0e-01,1.0e+00,1.0e-03,6.2e-03,global-S%GGPYE,CASSYGGpYEQYF,CASSYGGPYEQYF,TRBV6-2,TRBJ2-7,CAESNSSYKLIF,Donor AJG2309:LP TCRab CD4 TRM,1.000000,-,-,-,-,-,-,-,-,-,-,-

426,SRQG%TE,3.3e-03,3,4,7.9e-07,1.0e+00,3.4e-01,1.0e+00,1.0e-03,2.3e-03,global-SRQG%TE,CSASrQGdTEAFF,CSASRQGDTEAFF,TRBV20-1,TRBJ1-1,CAMNSGGSNYKLTF,Donor AJKQ118:LP TCRab CD4 Mobile TRM,1.000000,-,-,-,-,-,-,-,-,-,-,-
426,SRQG%TE,3.3e-03,3,4,7.9e-07,1.0e+00,3.4e-01,1.0e+00,1.0e-03,2.3e-03,global-SRQG%TE,CASSRQGsTEAFF,CASSRQGSTEAFF,TRBV11-2,TRBJ1-1,CAVQENDSWGKLQF,Donor AJKQ118:PB TCRab CD4 Naive/TCM,1.000000,-,-,-,-,-,-,-,-,-,-,-
426,SRQG%TE,3.3e-03,3,4,7.9e-07,1.0e+00,3.4e-01,1.0e+00,1.0e-03,2.3e-03,global-SRQG%TE,CASSRQGyTEAFF,CASSRQGYTEAFF,TRBV5-6,TRBJ1-1,CAMSDGGGFKTIF,Donor AJD3280:L TCRab CD4 TRM,1.000000,-,-,-,-,-,-,-,-,-,-,-
426,SRQG%TE,3.3e-03,3,4,7.9e-07,1.0e+00,3.4e-01,1.0e+00,1.0e-03,2.3e-03,global-SRQG%TE,CASSRQGtTEAFF,CASSRQGTTEAFF,TRBV4-3,TRBJ1-1,CAVSLDTGRRALTF,Donor AJG2309:LP TCRab CD4 TRM,1.000000,-,-,-,-,-,-,-,-,-,-,-

427,S%GQGNEK,3.4e-03,2,3,1.5e-07,1.0e+00,1.6e-01,1.5e-01,1.0e-03,6.2e-03,global-S%GQGNEK,CASStGQGNEKLFF,CASSTGQGNEKLFF,TRBV19,TRBJ1-4,CIVRVLETSGSRLTF,Donor AJD3280:LP TCRab CD4 TRM,1.000000,-,-,-,-,-,-,-,-,-,-,-
427,S%GQGNEK,3.4e-03,2,3,1.5e-07,1.0e+00,1.6e-01,1.5e-01,1.0e-03,6.2e-03,global-S%GQGNEK,CASSYGQGNEKLFF,CASSYGQGNEKLFF,TRBV7-9,TRBJ1-4,CIVRAGGTSYGKLTF,Donor AJKQ118:PB TCRab CD4 FOXP3+ Treg,2.000000,-,-,-,-,-,-,-,-,-,-,-
427,S%GQGNEK,3.4e-03,2,3,1.5e-07,1.0e+00,1.6e-01,1.5e-01,1.0e-03,6.2e-03,global-S%GQGNEK,CASSEGQGNEKLFF,CASSEGQGNEKLFF,TRBV5-1,TRBJ1-4,CAMSSNFGNEKLTF,Donor AJD3280:PB TCRab CD4 Naive/TCM,1.000000,-,-,-,-,-,-,-,-,-,-,-

428,SLGA%NTE,3.4e-03,2,3,7.4e-07,1.0e+00,1.2e-01,1.0e+00,1.0e-03,6.2e-03,global-SLGA%NTE,CASSLgavNTEAFF,CASSLGAVNTEAFF,TRBV7-9,TRBJ1-1,CILRRVQGAQKLVF,Donor AJKQ118:PB TCRab CD4 Naive/TCM,1.000000,-,-,-,-,-,-,-,-,-,-,-
428,SLGA%NTE,3.4e-03,2,3,7.4e-07,1.0e+00,1.2e-01,1.0e+00,1.0e-03,6.2e-03,global-SLGA%NTE,CASSLgAGNTEAFF,CASSLGAGNTEAFF,TRBV11-2,TRBJ1-1,CAPFSGGYNKLIF,Donor AJKQ118:L TCRab CD4 TCM,1.000000,-,-,-,-,-,-,-,-,-,-,-
428,SLGA%NTE,3.4e-03,2,3,7.4e-07,1.0e+00,1.2e-01,1.0e+00,1.0e-03,6.2e-03,global-SLGA%NTE,CASSLgalNTEAFF,CASSLGALNTEAFF,TRBV11-2,TRBJ1-1,CAYRSEGTSYGKLTF,Donor AJD3280:PB TCRab CD4 Naive/TCM,1.000000,-,-,-,-,-,-,-,-,-,-,-

429,S%AGNT,3.4e-03,2,3,1.1e-06,1.0e+00,1.8e-01,1.0e+00,1.0e-03,6.2e-03,global-S%AGNT,CASSfaGNTIYF,CASSFAGNTIYF,TRBV25-1,TRBJ1-3,CALTGAGSYQLTF,Donor AJKQ118:PB TCRab CD4 Naive/TCM,1.000000,-,-,-,-,-,-,-,-,-,-,-
429,S%AGNT,3.4e-03,2,3,1.1e-06,1.0e+00,1.8e-01,1.0e+00,1.0e-03,6.2e-03,global-S%AGNT,CASSLaGNTIYF,CASSLAGNTIYF,TRBV7-8,TRBJ1-3,CAARSVSSGAGSYQLTF,Donor AJKQ118:PB TCRab CD4 Naive/TCM,1.000000,-,-,-,-,-,-,-,-,-,-,-
429,S%AGNT,3.4e-03,2,3,1.1e-06,1.0e+00,1.8e-01,1.0e+00,1.0e-03,6.2e-03,global-S%AGNT,CASSgaGNTIYF,CASSGAGNTIYF,TRBV19,TRBJ1-3,CVVNPSGSARQLTF,Donor AJD3280:PB TCRab CD4 Naive/TCM,1.000000,-,-,-,-,-,-,-,-,-,-,-

430,G%GYNE,3.4e-03,2,3,1.8e-07,1.0e+00,2.9e-02,1.0e+00,1.0e-03,6.2e-03,global-G%GYNE,CAWGRGYNEQFF,CAWGRGYNEQFF,TRBV30,TRBJ2-1,CAASVNTGTASKLTF,Donor AJD3280:IEL TCRab CD4 TRM,1.000000,-,-,-,-,-,-,-,-,-,-,-
430,G%GYNE,3.4e-03,2,3,1.8e-07,1.0e+00,2.9e-02,1.0e+00,1.0e-03,6.2e-03,global-G%GYNE,CAWGRGYNEQFF,CAWGRGYNEQFF,TRBV30,TRBJ2-1,CIVRVARETSGSRLTF,Donor AJD3280:LP TCRab CD4 Tph,1.000000,-,-,-,-,-,-,-,-,-,-,-
430,G%GYNE,3.4e-03,2,3,1.8e-07,1.0e+00,2.9e-02,1.0e+00,1.0e-03,6.2e-03,global-G%GYNE,CSAGTGYNEQFF,CSAGTGYNEQFF,TRBV20-1,TRBJ2-1,CAATLGTLNTGFQKLVF,Donor AJKQ118:PB TCRab CD4 Naive/TCM,1.000000,-,-,-,-,-,-,-,-,-,-,-
430,G%GYNE,3.4e-03,2,3,1.8e-07,1.0e+00,2.9e-02,1.0e+00,1.0e-03,6.2e-03,global-G%GYNE,CSVGTGYNEQFF,CSVGTGYNEQFF,TRBV29-1,TRBJ2-1,CAGKEGGATNKLIF,Donor AJKQ118:PB TCRab CD4 FOXP3+ Treg,1.000000,-,-,-,-,-,-,-,-,-,-,-

431,%SSYNSP,3.4e-03,1,3,1.9e-10,1.0e+00,1.0e-03,3.1e-02,1.0e-03,6.2e-03,global-%SSYNSP,CASisSYNSPLHF,CASISSYNSPLHF,TRBV2,TRBJ1-6,CLVGDPNNAGNMLTF,Donor AJKQ118:L TCRab CD4 TRM,2.000000,-,-,-,-,-,-,-,-,-,-,-
431,%SSYNSP,3.4e-03,1,3,1.9e-10,1.0e+00,1.0e-03,3.1e-02,1.0e-03,6.2e-03,global-%SSYNSP,CAGQsSYNSPLHF,CAGQSSYNSPLHF,TRBV2,TRBJ1-6,CLVGDPNNAGNMLTF,Donor AJKQ118:L TCRab CD4 TRM,1.000000,-,-,-,-,-,-,-,-,-,-,-
431,%SSYNSP,3.4e-03,1,3,1.9e-10,1.0e+00,1.0e-03,3.1e-02,1.0e-03,6.2e-03,global-%SSYNSP,CASlsSYNSPLHF,CASLSSYNSPLHF,TRBV2,TRBJ1-6,CLVGDPNNAGNMLTF,Donor AJKQ118:L TCRab CD4 TRM,3.000000,-,-,-,-,-,-,-,-,-,-,-
431,%SSYNSP,3.4e-03,1,3,1.9e-10,1.0e+00,1.0e-03,3.1e-02,1.0e-03,6.2e-03,global-%SSYNSP,CASlsSYNSPLHF,CASLSSYNSPLHF,TRBV2,TRBJ1-6,CLVGDPNNAGNMLTF,Donor AJKQ118:LP TCRab CD4 TRM,1.000000,-,-,-,-,-,-,-,-,-,-,-

432,QEQP,3.7e-03,1,2,3.5e-04,1.0e+00,7.0e-02,1.0e+00,1.7e-01,2.9e-02,motif-QEQP,CASSLRGqeQPQHF,CASSLRGQEQPQHF,TRBV12-4,TRBJ1-5,CAVVTGTALIF,Donor AJKQ118:PB TCRab CD4 FOXP3+ Treg,1.000000,-,-,-,-,-,-,-,-,-,-,-
432,QEQP,3.7e-03,1,2,3.5e-04,1.0e+00,7.0e-02,1.0e+00,1.7e-01,2.9e-02,motif-QEQP,CASSPrSGqeQPQHF,CASSPRSGQEQPQHF,TRBV18,TRBJ1-5,CAVDLESWGGGSEKLVF,Donor AJKQ118:PB TCRab CD4 Naive/TCM,1.000000,-,-,-,-,-,-,-,-,-,-,-

433,S%GGSGANV,3.7e-03,2,4,7.8e-07,1.0e+00,3.3e-01,1.0e+00,1.0e-03,2.3e-03,global-S%GGSGANV,CASSLGGSGANVLTF,CASSLGGSGANVLTF,TRBV27,TRBJ2-6,CAVRDLVSPYNNNDMRF,Donor AJD3280:LP TCRab CD4 TRM,1.000000,-,-,-,-,-,-,-,-,-,-,-
433,S%GGSGANV,3.7e-03,2,4,7.8e-07,1.0e+00,3.3e-01,1.0e+00,1.0e-03,2.3e-03,global-S%GGSGANV,CASSYGGSGANVLTF,CASSYGGSGANVLTF,TRBV6-5,TRBJ2-6,CAVNYGGSQGNLIF,Donor AJD3280:IEL TCRab CD4 Mobile TRM,1.000000,-,-,-,-,-,-,-,-,-,-,-
433,S%GGSGANV,3.7e-03,2,4,7.8e-07,1.0e+00,3.3e-01,1.0e+00,1.0e-03,2.3e-03,global-S%GGSGANV,CAWSvGGSGANVLTF,CAWSVGGSGANVLTF,TRBV30,TRBJ2-6,CAVNPHGSGNTGKLIF,Donor AJD3280:PB TCRab CD4 Naive/TCM,1.000000,-,-,-,-,-,-,-,-,-,-,-
433,S%GGSGANV,3.7e-03,2,4,7.8e-07,1.0e+00,3.3e-01,1.0e+00,1.0e-03,2.3e-03,global-S%GGSGANV,CASSEGGSGANVLTF,CASSEGGSGANVLTF,TRBV2,TRBJ2-6,CAVSELWASAGGTSYGKLTF,Donor AJKQ118:PB TCRab CD4 FOXP3+ Treg,1.000000,-,-,-,-,-,-,-,-,-,-,-

434,QEQP,3.7e-03,2,2,3.7e-04,1.0e+00,6.9e-02,1.0e+00,1.8e-01,2.9e-02,motif-QEQP,CASSQeqpvNTEAFF,CASSQEQPVNTEAFF,TRBV7-8,TRBJ1-1,CAVATGANNLFF,Donor AJKQ118:PB TCRab CD4 Naive/TCM,1.000000,-,-,-,-,-,-,-,-,-,-,-
434,QEQP,3.7e-03,2,2,3.7e-04,1.0e+00,6.9e-02,1.0e+00,1.8e-01,2.9e-02,motif-QEQP,CASSQeqpGTyYGYTF,CASSQEQPGTYYGYTF,TRBV3-1,TRBJ1-2,CAVVPGSARQLTF,Donor AJD3280:LP TCRab CD4 TRM,1.000000,-,-,-,-,-,-,-,-,-,-,-

435,S%DRNTE,3.7e-03,3,4,8.9e-08,1.0e+00,3.8e-02,1.0e+00,1.0e-03,2.3e-03,global-S%DRNTE,CASSSDRNTEAFF,CASSSDRNTEAFF,TRBV11-3,TRBJ1-1,CAEYSSGSARQLTF,Donor AJG2309:PB TCRab CD4 Naive/TCM,1.000000,-,-,-,-,-,-,-,-,-,-,-
435,S%DRNTE,3.7e-03,3,4,8.9e-08,1.0e+00,3.8e-02,1.0e+00,1.0e-03,2.3e-03,global-S%DRNTE,CASSRDRNTEAFF,CASSRDRNTEAFF,TRBV5-1,TRBJ1-1,CAMGRVDTGNQFYF,Donor AJKQ118:PB TCRab CD4 FOXP3+ Treg,1.000000,-,-,-,-,-,-,-,-,-,-,-
435,S%DRNTE,3.7e-03,3,4,8.9e-08,1.0e+00,3.8e-02,1.0e+00,1.0e-03,2.3e-03,global-S%DRNTE,CASSYDRNTEAFF,CASSYDRNTEAFF,TRBV11-3,TRBJ1-1,CAGGGADGLTF,Donor AJKQ118:PB TCRab CD4 Naive/TCM,1.000000,-,-,-,-,-,-,-,-,-,-,-
435,S%DRNTE,3.7e-03,3,4,8.9e-08,1.0e+00,3.8e-02,1.0e+00,1.0e-03,2.3e-03,global-S%DRNTE,CASSQDRNTEAFF,CASSQDRNTEAFF,TRBV7-3,TRBJ1-1,CAGNKWAAGNKLTF,Donor AJD3280:LP TCRab CD4 Poised TCM,1.000000,-,-,-,-,-,-,-,-,-,-,-

436,SPG%ET,4.0e-03,3,3,2.0e-06,1.0e+00,3.3e-01,1.0e+00,1.0e-03,6.2e-03,global-SPG%ET,CASSPGGETQYF,CASSPGGETQYF,TRBV18,TRBJ2-5,CAVSGTGANSKLTF,Donor AJKQ118:L TCRab CD4 TCM,1.000000,-,-,-,-,-,-,-,-,-,-,-
436,SPG%ET,4.0e-03,3,3,2.0e-06,1.0e+00,3.3e-01,1.0e+00,1.0e-03,6.2e-03,global-SPG%ET,CASSPgeETQYF,CASSPGEETQYF,TRBV6-6,TRBJ2-5,CAVGRGSSNTGKLIF,Donor AJG2309:LP TCRab CD4 TRM,1.000000,-,-,-,-,-,-,-,-,-,-,-
436,SPG%ET,4.0e-03,3,3,2.0e-06,1.0e+00,3.3e-01,1.0e+00,1.0e-03,6.2e-03,global-SPG%ET,CASSPgQETQYF,CASSPGQETQYF,TRBV12-4,TRBJ2-5,CAVSTTGRRALTF,Donor AJD3280:PB TCRab CD4 Naive/TCM,1.000000,-,-,-,-,-,-,-,-,-,-,-
436,SPG%ET,4.0e-03,3,3,2.0e-06,1.0e+00,3.3e-01,1.0e+00,1.0e-03,6.2e-03,global-SPG%ET,CASSPgQETQYF,CASSPGQETQYF,TRBV2,TRBJ2-5,CAEISWRNYGGSQGNLIF,Donor AJKQ118:L TCRab CD4 TRM,1.000000,-,-,-,-,-,-,-,-,-,-,-

437,S%GQGADT,4.0e-03,3,3,1.1e-06,1.0e+00,1.8e-01,1.0e+00,1.0e-03,6.2e-03,global-S%GQGADT,CASSfGQGaDTQYF,CASSFGQGADTQYF,TRBV12-3,TRBJ2-3,CAVKDTGGFKTIF,Donor AJG2309:PB TCRab CD4 Naive/TCM,1.000000,-,-,-,-,-,-,-,-,-,-,-
437,S%GQGADT,4.0e-03,3,3,1.1e-06,1.0e+00,1.8e-01,1.0e+00,1.0e-03,6.2e-03,global-S%GQGADT,CASSRGQGaDTQYF,CASSRGQGADTQYF,TRBV6-6,TRBJ2-3,CAMREGLRMEYGNKLVF,Donor AJKQ118:PB TCRab CD4 Naive/TCM,1.000000,-,-,-,-,-,-,-,-,-,-,-
437,S%GQGADT,4.0e-03,3,3,1.1e-06,1.0e+00,1.8e-01,1.0e+00,1.0e-03,6.2e-03,global-S%GQGADT,CASSPGQGaDTQYF,CASSPGQGADTQYF,TRBV7-2,TRBJ2-3,CAARGATNKLIF,Donor AJD3280:LP TCRab CD4 Mobile TRM,1.000000,-,-,-,-,-,-,-,-,-,-,-

438,S%GGGGTDT,4.0e-03,2,3,1.0e-06,1.0e+00,1.7e-01,1.0e+00,1.0e-03,6.2e-03,global-S%GGGGTDT,CATSvGGggTDTQYF,CATSVGGGGTDTQYF,TRBV24-1,TRBJ2-3,CVVNDKGSQGNLIF,Donor AJD3280:IEL TCRab CD4 TRM,1.000000,-,-,-,-,-,-,-,-,-,-,-
438,S%GGGGTDT,4.0e-03,2,3,1.0e-06,1.0e+00,1.7e-01,1.0e+00,1.0e-03,6.2e-03,global-S%GGGGTDT,CASSVGGggTDTQYF,CASSVGGGGTDTQYF,TRBV9,TRBJ2-3,CAGNTGGFKTIF,Donor AJKQ118:PB TCRab CD4 Naive/TCM,1.000000,-,-,-,-,-,-,-,-,-,-,-
438,S%GGGGTDT,4.0e-03,2,3,1.0e-06,1.0e+00,1.7e-01,1.0e+00,1.0e-03,6.2e-03,global-S%GGGGTDT,CASSLGGggTDTQYF,CASSLGGGGTDTQYF,TRBV5-1,TRBJ2-3,CLVGDMARSSGNTPLVF,Donor AJD3280:LP TCRab CD4 TRM,1.000000,-,-,-,-,-,-,-,-,-,-,-

439,SL%GNE,4.0e-03,1,4,2.4e-08,1.0e+00,9.8e-02,1.0e-01,1.0e-03,2.3e-03,global-SL%GNE,CASSLAGNEQFF,CASSLAGNEQFF,TRBV12-4,TRBJ2-1,CAVRFDSGYALNF,Donor AJKQ118:L TCRab CD4 TRM,2.000000,-,-,-,-,-,-,-,-,-,-,-
439,SL%GNE,4.0e-03,1,4,2.4e-08,1.0e+00,9.8e-02,1.0e-01,1.0e-03,2.3e-03,global-SL%GNE,CASSLAGNEQFF,CASSLAGNEQFF,TRBV12-4,TRBJ2-1,CAVRFDSGYALNF,Donor AJKQ118:LP TCRab CD4 TRM,1.000000,-,-,-,-,-,-,-,-,-,-,-
439,SL%GNE,4.0e-03,1,4,2.4e-08,1.0e+00,9.8e-02,1.0e-01,1.0e-03,2.3e-03,global-SL%GNE,CASSLvgNEQFF,CASSLVGNEQFF,TRBV7-2,TRBJ2-1,CAVRSYADSNYQLIW,Donor AJKQ118:IEL TCRab CD4 FOXP3+ Treg,1.000000,-,-,-,-,-,-,-,-,-,-,-
439,SL%GNE,4.0e-03,1,4,2.4e-08,1.0e+00,9.8e-02,1.0e-01,1.0e-03,2.3e-03,global-SL%GNE,CASSLGGNEQFF,CASSLGGNEQFF,TRBV12-3,TRBJ2-1,CAASPNHSGNTPLVF,Donor AJKQ118:PB TCRab CD4 Naive/TCM,1.000000,-,-,-,-,-,-,-,-,-,-,-
439,SL%GNE,4.0e-03,1,4,2.4e-08,1.0e+00,9.8e-02,1.0e-01,1.0e-03,2.3e-03,global-SL%GNE,CASSLegNEQFF,CASSLEGNEQFF,TRBV7-9,TRBJ2-1,CAYRNPPGNMLTF,Donor AJKQ118:PB TCRab CD4 Naive/TCM,2.000000,-,-,-,-,-,-,-,-,-,-,-

440,S%SNTGE,4.0e-03,2,3,1.1e-06,1.0e+00,1.7e-01,1.0e+00,1.0e-03,6.2e-03,global-S%SNTGE,CASSQsNTGELFF,CASSQSNTGELFF,TRBV4-1,TRBJ2-2,CAETSGSARQLTF,Donor AJD3280:IEL TCRab CD4 TRM,1.000000,-,-,-,-,-,-,-,-,-,-,-
440,S%SNTGE,4.0e-03,2,3,1.1e-06,1.0e+00,1.7e-01,1.0e+00,1.0e-03,6.2e-03,global-S%SNTGE,CSASgsNTGELFF,CSASGSNTGELFF,TRBV20-1,TRBJ2-2,CAVGENTPLVF,Donor AJKQ118:LP TCRab CD4 Mobile TRM,1.000000,-,-,-,-,-,-,-,-,-,-,-
440,S%SNTGE,4.0e-03,2,3,1.1e-06,1.0e+00,1.7e-01,1.0e+00,1.0e-03,6.2e-03,global-S%SNTGE,CASSEsNTGELFF,CASSESNTGELFF,TRBV5-1,TRBJ2-2,CAAKNSGGYQKVTF,Donor AJD3280:LP TCRab CD4 Poised TCM,1.000000,-,-,-,-,-,-,-,-,-,-,-

441,%DRGTE,4.0e-03,2,3,9.8e-07,1.0e+00,1.6e-01,1.0e+00,1.0e-03,6.2e-03,global-%DRGTE,CAagDRGTEAFF,CAAGDRGTEAFF,TRBV7-9,TRBJ1-1,CAVETVLYTGNQYYI,Donor AJG2309:PB TCRab CD4 Naive/TCM,1.000000,-,-,-,-,-,-,-,-,-,-,-
441,%DRGTE,4.0e-03,2,3,9.8e-07,1.0e+00,1.6e-01,1.0e+00,1.0e-03,6.2e-03,global-%DRGTE,CAIrDRGTEAFF,CAIRDRGTEAFF,TRBV10-3,TRBJ1-1,CAASRNTGNQFYF,Donor AJD3280:L TCRab CD4 TRM,1.000000,-,-,-,-,-,-,-,-,-,-,-
441,%DRGTE,4.0e-03,2,3,9.8e-07,1.0e+00,1.6e-01,1.0e+00,1.0e-03,6.2e-03,global-%DRGTE,CSApDRGTEAFF,CSAPDRGTEAFF,TRBV20-1,TRBJ1-1,CVAFSGGYQKVTF,Donor AJD3280:PB TCRab CD4 Naive/TCM,1.000000,-,-,-,-,-,-,-,-,-,-,-

442,SLAG%NTE,4.0e-03,1,3,5.6e-08,1.0e+00,9.0e-03,1.0e+00,1.0e-03,6.2e-03,global-SLAG%NTE,CASSLAGvNTEAFF,CASSLAGVNTEAFF,TRBV5-1,TRBJ1-1,CALVNNAGNMLTF,Donor AJKQ118:PB TCRab CD4 Naive/TCM,1.000000,-,-,-,-,-,-,-,-,-,-,-
442,SLAG%NTE,4.0e-03,1,3,5.6e-08,1.0e+00,9.0e-03,1.0e+00,1.0e-03,6.2e-03,global-SLAG%NTE,CASSLAGGNTEAFF,CASSLAGGNTEAFF,TRBV12-3,TRBJ1-1,CAITIGGGKLIF,Donor AJKQ118:PB TCRab CD4 Naive/TCM,1.000000,-,-,-,-,-,-,-,-,-,-,-
442,SLAG%NTE,4.0e-03,1,3,5.6e-08,1.0e+00,9.0e-03,1.0e+00,1.0e-03,6.2e-03,global-SLAG%NTE,CASSLaGLNTEAFF,CASSLAGLNTEAFF,TRBV12-3,TRBJ1-1,CAGQSGGFKTIF,Donor AJKQ118:PB TCRab CD4 Naive/TCM,1.000000,-,-,-,-,-,-,-,-,-,-,-

443,S%VGG,4.2e-03,1,2,1.9e-06,1.0e+00,6.6e-02,1.0e+00,1.0e-03,2.9e-02,global-S%VGG,CASSLvgGYTF,CASSLVGGYTF,TRBV28,TRBJ1-2,CAGALDNTDKLIF,Donor AJG2309:LP TCRab CD4 TRM,1.000000,-,-,-,-,-,-,-,-,-,-,-
443,S%VGG,4.2e-03,1,2,1.9e-06,1.0e+00,6.6e-02,1.0e+00,1.0e-03,2.9e-02,global-S%VGG,CASSEvGGpvF,CASSEVGGPVF,TRBV2,TRBJ2-7,CVVSGDSSASKIIF,Donor AJG2309:PB TCRab CD4 Naive/TCM,1.000000,-,-,-,-,-,-,-,-,-,-,-

444,SLPG%T,4.2e-03,2,2,1.8e-06,1.0e+00,6.3e-02,1.0e+00,1.0e-03,2.9e-02,global-SLPG%T,CASSLpGNTIYF,CASSLPGNTIYF,TRBV7-3,TRBJ1-3,CAVGAGSGGYQKVTF,Donor AJKQ118:LP TCRab CD4 TRM,1.000000,-,-,-,-,-,-,-,-,-,-,-
444,SLPG%T,4.2e-03,2,2,1.8e-06,1.0e+00,6.3e-02,1.0e+00,1.0e-03,2.9e-02,global-SLPG%T,CASSLpGTTIYF,CASSLPGTTIYF,TRBV28,TRBJ1-3,CAMSALSGGYNKLIF,Donor AJG2309:PB TCRab CD4 Naive/TCM,1.000000,-,-,-,-,-,-,-,-,-,-,-

445,SSQGG%E,4.2e-03,1,2,1.7e-06,1.0e+00,6.0e-02,1.0e+00,1.0e-03,2.9e-02,global-SSQGG%E,CASSSQGgTEAFF,CASSSQGGTEAFF,TRBV7-2,TRBJ1-1,CAVRSKTSGSRLTF,Donor AJD3280:LP TCRab CD4 Mobile TRM,1.000000,-,-,-,-,-,-,-,-,-,-,-
445,SSQGG%E,4.2e-03,1,2,1.7e-06,1.0e+00,6.0e-02,1.0e+00,1.0e-03,2.9e-02,global-SSQGG%E,CASSSQGgGELFF,CASSSQGGGELFF,TRBV5-6,TRBJ2-2,CALREGSGNTGKLIF,Donor AJD3280:L TCRab CD4 Naive/TCM,1.000000,-,-,-,-,-,-,-,-,-,-,-

446,SSPG%NTE,4.2e-03,1,2,1.7e-06,1.0e+00,6.0e-02,1.0e+00,1.0e-03,2.9e-02,global-SSPG%NTE,CASSSpgmNTEAFF,CASSSPGMNTEAFF,TRBV19,TRBJ1-1,CAVSGSGSARQLTF,Donor AJD3280:L TCRab CD4 TRM,1.000000,-,-,-,-,-,-,-,-,-,-,-
446,SSPG%NTE,4.2e-03,1,2,1.7e-06,1.0e+00,6.0e-02,1.0e+00,1.0e-03,2.9e-02,global-SSPG%NTE,CASSSpgvNTEAFF,CASSSPGVNTEAFF,TRBV5-4,TRBJ1-1,CAVGPNAGNNRKLIW,Donor AJD3280:PB TCRab CD4 Naive/TCM,1.000000,-,-,-,-,-,-,-,-,-,-,-

447,SLRTG%TE,4.2e-03,2,2,2.9e-08,1.0e+00,1.0e-03,1.0e+00,1.0e-03,2.9e-02,global-SLRTG%TE,CASSLrTGdTEAFF,CASSLRTGDTEAFF,TRBV12-3,TRBJ1-1,CAVSNTGKLIF,Donor AJG2309:PB TCRab CD4 Naive/TCM,1.000000,-,-,-,-,-,-,-,-,-,-,-
447,SLRTG%TE,4.2e-03,2,2,2.9e-08,1.0e+00,1.0e-03,1.0e+00,1.0e-03,2.9e-02,global-SLRTG%TE,CASSLrTGGTEAFF,CASSLRTGGTEAFF,TRBV12-3,TRBJ1-1,CAANFPGNQFYF,Donor AJD3280:LP TCRab CD4 Poised TCM,1.000000,-,-,-,-,-,-,-,-,-,-,-

448,SGL%GYNE,4.2e-03,2,2,1.6e-06,1.0e+00,5.5e-02,1.0e+00,1.0e-03,2.9e-02,global-SGL%GYNE,CASSglRGYNEQFF,CASSGLRGYNEQFF,TRBV9,TRBJ2-1,CAMRIGFGNVLHC,Donor AJD3280:PB TCRab CD4 Naive/TCM,1.000000,-,-,-,-,-,-,-,-,-,-,-
448,SGL%GYNE,4.2e-03,2,2,1.6e-06,1.0e+00,5.5e-02,1.0e+00,1.0e-03,2.9e-02,global-SGL%GYNE,CASSGLAGYNEQFF,CASSGLAGYNEQFF,TRBV19,TRBJ2-1,CAFSGGSNYKLTF,Donor AJG2309:LP TCRab CD4 TRM,1.000000,-,-,-,-,-,-,-,-,-,-,-

449,SQER%SP,4.2e-03,2,2,1.7e-06,1.0e+00,5.8e-02,1.0e+00,1.0e-03,2.9e-02,global-SQER%SP,CASSQeriSPLHF,CASSQERISPLHF,TRBV3-1,TRBJ1-6,CALITGGGNKLTF,Donor AJKQ118:PB TCRab CD4 Naive/TCM,1.000000,-,-,-,-,-,-,-,-,-,-,-
449,SQER%SP,4.2e-03,2,2,1.7e-06,1.0e+00,5.8e-02,1.0e+00,1.0e-03,2.9e-02,global-SQER%SP,CASSQerlSPLHF,CASSQERLSPLHF,TRBV4-3,TRBJ1-6,CVVNNPLASGTASKLTF,Donor AJD3280:PB TCRab CD4 Naive/TCM,1.000000,-,-,-,-,-,-,-,-,-,-,-

450,S%GGTVYG,4.2e-03,2,2,1.6e-06,1.0e+00,5.4e-02,1.0e+00,1.0e-03,2.9e-02,global-S%GGTVYG,CASSQgGTvYGYTF,CASSQGGTVYGYTF,TRBV14,TRBJ1-2,CLVVPGSSASKIIF,Donor AJD3280:PB TCRab CD4 Naive/TCM,1.000000,-,-,-,-,-,-,-,-,-,-,-
450,S%GGTVYG,4.2e-03,2,2,1.6e-06,1.0e+00,5.4e-02,1.0e+00,1.0e-03,2.9e-02,global-S%GGTVYG,CASSLgGTvYGYTF,CASSLGGTVYGYTF,TRBV5-1,TRBJ1-2,CAVRIGTDKLIF,Donor AJKQ118:PB TCRab CD4 Naive/TCM,1.000000,-,-,-,-,-,-,-,-,-,-,-

451,SAA%TGE,4.2e-03,2,2,2.9e-08,1.0e+00,1.0e-03,1.0e+00,1.0e-03,2.9e-02,global-SAA%TGE,CASSaasTGELFF,CASSAASTGELFF,TRBV9,TRBJ2-2,CGAVISGGYQKVTF,Donor AJG2309:PB TCRab CD4 FOXP3+ Treg,1.000000,-,-,-,-,-,-,-,-,-,-,-
451,SAA%TGE,4.2e-03,2,2,2.9e-08,1.0e+00,1.0e-03,1.0e+00,1.0e-03,2.9e-02,global-SAA%TGE,CASSaatTGELFF,CASSAATTGELFF,TRBV9,TRBJ2-2,CAVKEGGYSTLTF,Donor AJD3280:PB TCRab CD4 Naive/TCM,1.000000,-,-,-,-,-,-,-,-,-,-,-

452,SPGTGR%,4.2e-03,1,2,1.5e-06,1.0e+00,5.0e-02,1.0e+00,1.0e-03,2.9e-02,global-SPGTGR%,CASSPGTGrPQHF,CASSPGTGRPQHF,TRBV11-2,TRBJ1-5,CAVYQGAQKLVF,Donor AJD3280:L TCRab CD4 FOXP3+ Treg,1.000000,-,-,-,-,-,-,-,-,-,-,-
452,SPGTGR%,4.2e-03,1,2,1.5e-06,1.0e+00,5.0e-02,1.0e+00,1.0e-03,2.9e-02,global-SPGTGR%,CAWSpGTGrGYTF,CAWSPGTGRGYTF,TRBV30,TRBJ1-2,CAVSHRISGNTPLVF,Donor AJD3280:LP TCRab CD4 TRM,1.000000,-,-,-,-,-,-,-,-,-,-,-

453,SDSG%TGE,4.2e-03,1,2,2.9e-08,1.0e+00,1.0e-03,1.0e+00,1.0e-03,2.9e-02,global-SDSG%TGE,CASSDSGGTGELFF,CASSDSGGTGELFF,TRBV6-4,TRBJ2-2,CAVPTLSGGYNKLIF,Donor AJKQ118:L TCRab CD4 TRM,1.000000,-,-,-,-,-,-,-,-,-,-,-
453,SDSG%TGE,4.2e-03,1,2,2.9e-08,1.0e+00,1.0e-03,1.0e+00,1.0e-03,2.9e-02,global-SDSG%TGE,CASSDSGNTGELFF,CASSDSGNTGELFF,TRBV6-4,TRBJ2-2,CAICQTGGFKTIF,Donor AJKQ118:L TCRab CD4 TRM,1.000000,-,-,-,-,-,-,-,-,-,-,-

454,SP%TGRG,4.2e-03,2,2,1.9e-06,1.0e+00,6.5e-02,1.0e+00,1.0e-03,2.9e-02,global-SP%TGRG,CASSPtTGrGYTF,CASSPTTGRGYTF,TRBV3-1,TRBJ1-2,CAARGMDSSYKLIF,Donor AJKQ118:PB TCRab CD4 Naive/TCM,1.000000,-,-,-,-,-,-,-,-,-,-,-
454,SP%TGRG,4.2e-03,2,2,1.9e-06,1.0e+00,6.5e-02,1.0e+00,1.0e-03,2.9e-02,global-SP%TGRG,CAWSpGTGrGYTF,CAWSPGTGRGYTF,TRBV30,TRBJ1-2,CAVSHRISGNTPLVF,Donor AJD3280:LP TCRab CD4 TRM,1.000000,-,-,-,-,-,-,-,-,-,-,-

455,RT%GGNTE,4.2e-03,2,2,1.7e-06,1.0e+00,5.7e-02,1.0e+00,1.0e-03,2.9e-02,global-RT%GGNTE,CSVrTGGgNTEAFF,CSVRTGGGNTEAFF,TRBV29-1,TRBJ1-1,CALNDQAGTALIF,Donor AJKQ118:PB TCRab CD4 Naive/TCM,1.000000,-,-,-,-,-,-,-,-,-,-,-
455,RT%GGNTE,4.2e-03,2,2,1.7e-06,1.0e+00,5.7e-02,1.0e+00,1.0e-03,2.9e-02,global-RT%GGNTE,CSARTSGGNTEAFF,CSARTSGGNTEAFF,TRBV20-1,TRBJ1-1,CAFGQVNNDMRF,Donor AJD3280:PB TCRab CD4 Naive/TCM,1.000000,-,-,-,-,-,-,-,-,-,-,-

456,SLEQ%TE,4.2e-03,1,2,2.2e-06,1.0e+00,7.4e-02,1.0e+00,1.0e-03,2.9e-02,global-SLEQ%TE,CASSLeqNTEAFF,CASSLEQNTEAFF,TRBV12-3,TRBJ1-1,CAASEYDYKLSF,Donor AJG2309:LP TCRab CD4 TRM,1.000000,-,-,-,-,-,-,-,-,-,-,-
456,SLEQ%TE,4.2e-03,1,2,2.2e-06,1.0e+00,7.4e-02,1.0e+00,1.0e-03,2.9e-02,global-SLEQ%TE,CASSLeQGTEAFF,CASSLEQGTEAFF,TRBV7-9,TRBJ1-1,CAASHPASKLTF,Donor AJG2309:PB TCRab CD4 Naive/TCM,1.000000,-,-,-,-,-,-,-,-,-,-,-

457,SFRG%DT,4.2e-03,2,2,1.6e-06,1.0e+00,5.5e-02,1.0e+00,1.0e-03,2.9e-02,global-SFRG%DT,CASSfRGaDTQYF,CASSFRGADTQYF,TRBV7-8,TRBJ2-3,CIVRVAGARNSGNTPLVF,Donor AJKQ118:L TCRab CD4 TRM,1.000000,-,-,-,-,-,-,-,-,-,-,-
457,SFRG%DT,4.2e-03,2,2,1.6e-06,1.0e+00,5.5e-02,1.0e+00,1.0e-03,2.9e-02,global-SFRG%DT,CASSfRGTDTQYF,CASSFRGTDTQYF,TRBV5-1,TRBJ2-3,CAGENYGGSQGNLIF,Donor AJG2309:LP TCRab CD4 Poised TCM,1.000000,-,-,-,-,-,-,-,-,-,-,-

458,SSGLG%YE,4.2e-03,2,2,2.1e-08,1.0e+00,1.2e-01,6.0e-03,1.0e-03,2.9e-02,global-SSGLG%YE,CASSSGLgyYEQYF,CASSSGLGYYEQYF,TRBV7-2,TRBJ2-7,CAAGNNRKLIW,Donor AJG2309:LP TCRab CD4 Mobile TRM,1.000000,-,-,-,-,-,-,-,-,-,-,-
458,SSGLG%YE,4.2e-03,2,2,2.1e-08,1.0e+00,1.2e-01,6.0e-03,1.0e-03,2.9e-02,global-SSGLG%YE,CASSSGLgyYEQYF,CASSSGLGYYEQYF,TRBV7-2,TRBJ2-7,CAASNQAGTALIF,Donor AJG2309:LP TCRab CD4 Mobile TRM,7.000000,-,-,-,-,-,-,-,-,-,-,-
458,SSGLG%YE,4.2e-03,2,2,2.1e-08,1.0e+00,1.2e-01,6.0e-03,1.0e-03,2.9e-02,global-SSGLG%YE,CASSSGLgpYEQYF,CASSSGLGPYEQYF,TRBV11-3,TRBJ2-7,CAETPSGTYKYIF,Donor AJD3280:L TCRab CD4 TCM,1.000000,-,-,-,-,-,-,-,-,-,-,-

459,SWG%GE,4.2e-03,2,2,1.6e-06,1.0e+00,5.4e-02,1.0e+00,1.0e-03,2.9e-02,global-SWG%GE,CASSwgpGELFF,CASSWGPGELFF,TRBV7-9,TRBJ2-2,CAVNRPPRREGGSEKLVF,Donor AJG2309:PB TCRab CD4 Naive/TCM,1.000000,-,-,-,-,-,-,-,-,-,-,-
459,SWG%GE,4.2e-03,2,2,1.6e-06,1.0e+00,5.4e-02,1.0e+00,1.0e-03,2.9e-02,global-SWG%GE,CASSwGLgEQYF,CASSWGLGEQYF,TRBV28,TRBJ2-7,CGTYGGSSNTGKLIF,Donor AJD3280:LP TCRab CD4 FOXP3+ Treg,1.000000,-,-,-,-,-,-,-,-,-,-,-

460,SPDRV%YE,4.2e-03,1,2,2.3e-06,1.0e+00,7.8e-02,1.0e+00,1.0e-03,2.9e-02,global-SPDRV%YE,CASSPDRvSYEQYF,CASSPDRVSYEQYF,TRBV11-1,TRBJ2-7,CAEESGNTPLVF,Donor AJD3280:PB TCRab CD4 Naive/TCM,1.000000,-,-,-,-,-,-,-,-,-,-,-
460,SPDRV%YE,4.2e-03,1,2,2.3e-06,1.0e+00,7.8e-02,1.0e+00,1.0e-03,2.9e-02,global-SPDRV%YE,CASSPDRvpYEQYF,CASSPDRVPYEQYF,TRBV7-6,TRBJ2-7,CALSVETSGSRLTF,Donor AJD3280:LP TCRab CD4 Poised TCM,1.000000,-,-,-,-,-,-,-,-,-,-,-

461,SPGSQ%T,4.2e-03,2,2,1.7e-06,1.0e+00,6.0e-02,1.0e+00,1.0e-03,2.9e-02,global-SPGSQ%T,CASSPgsQGTQYF,CASSPGSQGTQYF,TRBV7-9,TRBJ2-5,CALSEAPPGGFKTIF,Donor AJD3280:PB TCRab CD4 Naive/TCM,1.000000,-,-,-,-,-,-,-,-,-,-,-
461,SPGSQ%T,4.2e-03,2,2,1.7e-06,1.0e+00,6.0e-02,1.0e+00,1.0e-03,2.9e-02,global-SPGSQ%T,CASSPgsQETQYF,CASSPGSQETQYF,TRBV7-2,TRBJ2-5,CAENIGNQGGKLIF,Donor AJKQ118:PB TCRab CD4 Naive/TCM,1.000000,-,-,-,-,-,-,-,-,-,-,-

462,SLA%AGDG,4.2e-03,2,2,1.7e-06,1.0e+00,6.0e-02,1.0e+00,1.0e-03,2.9e-02,global-SLA%AGDG,CASSLapAGdGYTF,CASSLAPAGDGYTF,TRBV5-1,TRBJ1-2,CAVPRAAGNKLTF,Donor AJKQ118:PB TCRab CD4 Naive/TCM,1.000000,-,-,-,-,-,-,-,-,-,-,-
462,SLA%AGDG,4.2e-03,2,2,1.7e-06,1.0e+00,6.0e-02,1.0e+00,1.0e-03,2.9e-02,global-SLA%AGDG,CASSLAGagdGYTF,CASSLAGAGDGYTF,TRBV7-2,TRBJ1-2,CAGQSGGSYIPTF,Donor AJG2309:PB TCRab CD4 Naive/TCM,1.000000,-,-,-,-,-,-,-,-,-,-,-

463,%PGQGYTE,4.2e-03,2,2,2.0e-06,1.0e+00,6.9e-02,1.0e+00,1.0e-03,2.9e-02,global-%PGQGYTE,CASSPGQGyTEAFF,CASSPGQGYTEAFF,TRBV7-2,TRBJ1-1,CAPDNTDKLIF,Donor AJKQ118:PB TCRab CD4 Naive/TCM,1.000000,-,-,-,-,-,-,-,-,-,-,-
463,%PGQGYTE,4.2e-03,2,2,2.0e-06,1.0e+00,6.9e-02,1.0e+00,1.0e-03,2.9e-02,global-%PGQGYTE,CASrpGQGyTEAFF,CASRPGQGYTEAFF,TRBV6-5,TRBJ1-1,CAVEADTGRRALTF,Donor AJD3280:LP TCRab CD4 Poised TCM,1.000000,-,-,-,-,-,-,-,-,-,-,-

464,SRL%G,4.2e-03,1,2,1.5e-06,1.0e+00,5.3e-02,1.0e+00,1.0e-03,2.9e-02,global-SRL%G,CASSRlvgQFF,CASSRLVGQFF,TRBV28,TRBJ2-1,CAVNRGQFYF,Donor AJG2309:PB TCRab CD4 Naive/TCM,1.000000,-,-,-,-,-,-,-,-,-,-,-
464,SRL%G,4.2e-03,1,2,1.5e-06,1.0e+00,5.3e-02,1.0e+00,1.0e-03,2.9e-02,global-SRL%G,CSASrlYGYTF,CSASRLYGYTF,TRBV20-1,TRBJ1-2,CAYRNLEGAGGTSYGKLTF,Donor AJG2309:PB TCRab CD4 Naive/TCM,1.000000,-,-,-,-,-,-,-,-,-,-,-

465,SLQGSY%,4.2e-03,2,2,2.0e-06,1.0e+00,6.8e-02,1.0e+00,1.0e-03,2.9e-02,global-SLQGSY%,CASSLQGSYEQYF,CASSLQGSYEQYF,TRBV5-6,TRBJ2-7,CAMREGRDGGFKTIF,Donor AJD3280:L TCRab CD4 TCM,1.000000,-,-,-,-,-,-,-,-,-,-,-
465,SLQGSY%,4.2e-03,2,2,2.0e-06,1.0e+00,6.8e-02,1.0e+00,1.0e-03,2.9e-02,global-SLQGSY%,CASSLQGsYGYTF,CASSLQGSYGYTF,TRBV12-4,TRBJ1-2,CAVSDDYKLSF,Donor AJKQ118:PB TCRab CD4 Naive/TCM,1.000000,-,-,-,-,-,-,-,-,-,-,-

466,SLGTN%E,4.2e-03,1,2,2.9e-08,1.0e+00,1.0e-03,1.0e+00,1.0e-03,2.9e-02,global-SLGTN%E,CASSLGTNTEAFF,CASSLGTNTEAFF,TRBV5-1,TRBJ1-1,CAASRTSGSARQLTF,Donor AJD3280:PB TCRab CD4 Naive/TCM,1.000000,-,-,-,-,-,-,-,-,-,-,-
466,SLGTN%E,4.2e-03,1,2,2.9e-08,1.0e+00,1.0e-03,1.0e+00,1.0e-03,2.9e-02,global-SLGTN%E,CASSLGTnNEQFF,CASSLGTNNEQFF,TRBV5-1,TRBJ2-1,CIVRGADGQKLLF,Donor AJD3280:L TCRab CD4 TRM,1.000000,-,-,-,-,-,-,-,-,-,-,-
466,SLGTN%E,4.2e-03,1,2,2.9e-08,1.0e+00,1.0e-03,1.0e+00,1.0e-03,2.9e-02,global-SLGTN%E,CASSLGTnNEQFF,CASSLGTNNEQFF,TRBV5-1,TRBJ2-1,CIVRGADGQKLLF,Donor AJD3280:PB TCRab CD4 Naive/TCM,1.000000,-,-,-,-,-,-,-,-,-,-,-

467,G%VE,4.2e-03,2,2,2.0e-06,1.0e+00,6.7e-02,1.0e+00,1.0e-03,2.9e-02,global-G%VE,CASGtvEAFF,CASGTVEAFF,TRBV19,TRBJ1-1,CAVNYGGSQGNLIF,Donor AJD3280:PB TCRab CD4 FOXP3+ Treg,1.000000,-,-,-,-,-,-,-,-,-,-,-
467,G%VE,4.2e-03,2,2,2.0e-06,1.0e+00,6.7e-02,1.0e+00,1.0e-03,2.9e-02,global-G%VE,CSpgevEAFF,CSPGEVEAFF,TRBV20-1,TRBJ1-1,CALTLPGRRALTF,Donor AJG2309:LP TCRab CD4 Mobile TRM,1.000000,-,-,-,-,-,-,-,-,-,-,-

468,SG%VSYNE,4.2e-03,1,2,1.5e-06,1.0e+00,5.0e-02,1.0e+00,1.0e-03,2.9e-02,global-SG%VSYNE,CASSGRvSYNEQFF,CASSGRVSYNEQFF,TRBV11-2,TRBJ2-1,CALSSTSGTYKYIF,Donor AJKQ118:PB TCRab CD4 Naive/TCM,1.000000,-,-,-,-,-,-,-,-,-,-,-
468,SG%VSYNE,4.2e-03,1,2,1.5e-06,1.0e+00,5.0e-02,1.0e+00,1.0e-03,2.9e-02,global-SG%VSYNE,CASSGGvSYNEQFF,CASSGGVSYNEQFF,TRBV5-4,TRBJ2-1,CAGGGGATNKLIF,Donor AJKQ118:PB TCRab CD4 Naive/TCM,1.000000,-,-,-,-,-,-,-,-,-,-,-

469,R%PTNEK,4.2e-03,1,2,1.6e-06,1.0e+00,5.5e-02,1.0e+00,1.0e-03,2.9e-02,global-R%PTNEK,CASrapTNEKLFF,CASRAPTNEKLFF,TRBV12-3,TRBJ1-4,CAVGYNQGGKLIF,Donor AJD3280:L TCRab CD4 TRM,1.000000,-,-,-,-,-,-,-,-,-,-,-
469,R%PTNEK,4.2e-03,1,2,1.6e-06,1.0e+00,5.5e-02,1.0e+00,1.0e-03,2.9e-02,global-R%PTNEK,CAaREpTNEKLFF,CAAREPTNEKLFF,TRBV19,TRBJ1-4,CAVSYLSSTLGRLYF,Donor AJD3280:PB TCRab CD4 FOXP3+ Treg,1.000000,-,-,-,-,-,-,-,-,-,-,-

470,SLD%GRET,4.2e-03,2,2,3.0e-06,1.0e+00,1.0e-01,1.0e+00,1.0e-03,2.9e-02,global-SLD%GRET,CASSLDRGrETQYF,CASSLDRGRETQYF,TRBV7-9,TRBJ2-5,CAASIVQGAQKLVF,Donor AJKQ118:L TCRab CD4 Naive/TCM,1.000000,-,-,-,-,-,-,-,-,-,-,-
470,SLD%GRET,4.2e-03,2,2,3.0e-06,1.0e+00,1.0e-01,1.0e+00,1.0e-03,2.9e-02,global-SLD%GRET,CASSLdTGrETQYF,CASSLDTGRETQYF,TRBV5-4,TRBJ2-5,CAVNAKTSYDKVIF,Donor AJD3280:IEL TCRab CD4 Mobile TRM,1.000000,-,-,-,-,-,-,-,-,-,-,-
470,SLD%GRET,4.2e-03,2,2,3.0e-06,1.0e+00,1.0e-01,1.0e+00,1.0e-03,2.9e-02,global-SLD%GRET,CASSLdTGrETQYF,CASSLDTGRETQYF,TRBV5-4,TRBJ2-5,CAVNTNAGKSTF,Donor AJD3280:LP TCRab CD4 TRM,1.000000,-,-,-,-,-,-,-,-,-,-,-

471,S%GARTE,4.2e-03,2,2,1.5e-06,1.0e+00,5.2e-02,1.0e+00,1.0e-03,2.9e-02,global-S%GARTE,CASSLgarTEAFF,CASSLGARTEAFF,TRBV7-3,TRBJ1-1,CAGRWGNQFYF,Donor AJD3280:LP TCRab CD4 TRM,1.000000,-,-,-,-,-,-,-,-,-,-,-
471,S%GARTE,4.2e-03,2,2,1.5e-06,1.0e+00,5.2e-02,1.0e+00,1.0e-03,2.9e-02,global-S%GARTE,CASSQgarTEAFF,CASSQGARTEAFF,TRBV3-1,TRBJ1-1,CAGSGAGSYQLTF,Donor AJKQ118:PB TCRab CD4 Naive/TCM,1.000000,-,-,-,-,-,-,-,-,-,-,-

472,ST%GPYE,4.2e-03,2,2,6.6e-08,1.0e+00,6.3e-02,3.6e-02,1.0e-03,2.9e-02,global-ST%GPYE,CASStQGpYEQYF,CASSTQGPYEQYF,TRBV12-3,TRBJ2-7,CARMDSSYKLIF,Donor AJKQ118:L TCRab CD4 TRM,3.000000,-,-,-,-,-,-,-,-,-,-,-
472,ST%GPYE,4.2e-03,2,2,6.6e-08,1.0e+00,6.3e-02,3.6e-02,1.0e-03,2.9e-02,global-ST%GPYE,CASSTGGpYEQYF,CASSTGGPYEQYF,TRBV19,TRBJ2-7,CAYSYYSGNTPLVF,Donor AJD3280:PB TCRab CD4 Naive/TCM,1.000000,-,-,-,-,-,-,-,-,-,-,-

473,SPPGD%,4.2e-03,2,2,1.8e-06,1.0e+00,6.2e-02,1.0e+00,1.0e-03,2.9e-02,global-SPPGD%,CASSPpgDTQYF,CASSPPGDTQYF,TRBV19,TRBJ2-3,CVVNTGFQKLVF,Donor AJD3280:LP TCRab CD4 TRM,1.000000,-,-,-,-,-,-,-,-,-,-,-
473,SPPGD%,4.2e-03,2,2,1.8e-06,1.0e+00,6.2e-02,1.0e+00,1.0e-03,2.9e-02,global-SPPGD%,CASSPpgdEQFF,CASSPPGDEQFF,TRBV4-2,TRBJ2-1,CAPLTGGGNKLTF,Donor AJKQ118:PB TCRab CD4 Naive/TCM,1.000000,-,-,-,-,-,-,-,-,-,-,-

474,SL%GGSG,4.2e-03,2,2,2.1e-06,1.0e+00,7.2e-02,1.0e+00,1.0e-03,2.9e-02,global-SL%GGSG,CASSLTGGsGYTF,CASSLTGGSGYTF,TRBV11-2,TRBJ1-2,CAIYNNFNKFYF,Donor AJKQ118:PB TCRab CD4 Naive/TCM,1.000000,-,-,-,-,-,-,-,-,-,-,-
474,SL%GGSG,4.2e-03,2,2,2.1e-06,1.0e+00,7.2e-02,1.0e+00,1.0e-03,2.9e-02,global-SL%GGSG,CASSLAGGsGYTF,CASSLAGGSGYTF,TRBV12-3,TRBJ1-2,CAASITGTSYDKVIF,Donor AJD3280:IEL TCRab CD4 Mobile TRM,1.000000,-,-,-,-,-,-,-,-,-,-,-

475,SER%GTDT,4.2e-03,2,2,2.9e-08,1.0e+00,1.0e-03,1.0e+00,1.0e-03,2.9e-02,global-SER%GTDT,CASSErAGTDTQYF,CASSERAGTDTQYF,TRBV6-1,TRBJ2-3,CAGTGANNLFF,Donor AJKQ118:PB TCRab CD4 Naive/TCM,1.000000,-,-,-,-,-,-,-,-,-,-,-
475,SER%GTDT,4.2e-03,2,2,2.9e-08,1.0e+00,1.0e-03,1.0e+00,1.0e-03,2.9e-02,global-SER%GTDT,CASSERGgTDTQYF,CASSERGGTDTQYF,TRBV6-1,TRBJ2-3,CAAQQIDQGAQKLVF,Donor AJD3280:LP TCRab CD4 TRM,1.000000,-,-,-,-,-,-,-,-,-,-,-

476,%VGQGSYNE,4.2e-03,2,2,1.8e-09,1.0e+00,3.0e-03,2.1e-02,1.0e-03,2.9e-02,global-%VGQGSYNE,CASrvGQGSYNEQFF,CASRVGQGSYNEQFF,TRBV19,TRBJ2-1,CALSDGLDSSYKLIF,Donor AJD3280:L TCRab CD4 TRM,3.000000,-,-,-,-,-,-,-,-,-,-,-
476,%VGQGSYNE,4.2e-03,2,2,1.8e-09,1.0e+00,3.0e-03,2.1e-02,1.0e-03,2.9e-02,global-%VGQGSYNE,CASrvGQGSYNEQFF,CASRVGQGSYNEQFF,TRBV19,TRBJ2-1,CALSDGLDSSYKLIF,Donor AJD3280:LP TCRab CD4 TRM,2.000000,-,-,-,-,-,-,-,-,-,-,-
476,%VGQGSYNE,4.2e-03,2,2,1.8e-09,1.0e+00,3.0e-03,2.1e-02,1.0e-03,2.9e-02,global-%VGQGSYNE,CASSVGQGSYNEQFF,CASSVGQGSYNEQFF,TRBV12-4,TRBJ2-1,CATSYNFNKFYF,Donor AJKQ118:PB TCRab CD4 Naive/TCM,1.000000,-,-,-,-,-,-,-,-,-,-,-

477,SLGGG%GTE,4.2e-03,2,2,1.9e-06,1.0e+00,6.4e-02,1.0e+00,1.0e-03,2.9e-02,global-SLGGG%GTE,CASSLGGgagTEAFF,CASSLGGGAGTEAFF,TRBV5-1,TRBJ1-1,CAGRYNTGGFKTIF,Donor AJKQ118:PB TCRab CD4 FOXP3+ Treg,1.000000,-,-,-,-,-,-,-,-,-,-,-
477,SLGGG%GTE,4.2e-03,2,2,1.9e-06,1.0e+00,6.4e-02,1.0e+00,1.0e-03,2.9e-02,global-SLGGG%GTE,CASSLggGLgTEAFF,CASSLGGGLGTEAFF,TRBV13,TRBJ1-1,CAASIYNQGGKLIF,Donor AJD3280:PB TCRab CD4 Naive/TCM,1.000000,-,-,-,-,-,-,-,-,-,-,-

478,SRT%GNTE,4.2e-03,2,2,2.9e-08,1.0e+00,1.0e-03,1.0e+00,1.0e-03,2.9e-02,global-SRT%GNTE,CASSRTGGNTEAFF,CASSRTGGNTEAFF,TRBV18,TRBJ1-1,CAFSGGSYIPTF,Donor AJKQ118:L TCRab CD4 TRM,1.000000,-,-,-,-,-,-,-,-,-,-,-
478,SRT%GNTE,4.2e-03,2,2,2.9e-08,1.0e+00,1.0e-03,1.0e+00,1.0e-03,2.9e-02,global-SRT%GNTE,CASSRtTGNTEAFF,CASSRTTGNTEAFF,TRBV18,TRBJ1-1,CAVRDNQGGKLIF,Donor AJD3280:L TCRab CD4 TRM,1.000000,-,-,-,-,-,-,-,-,-,-,-

479,SAGT%PYE,4.2e-03,1,2,2.0e-06,1.0e+00,6.7e-02,1.0e+00,1.0e-03,2.9e-02,global-SAGT%PYE,CASSaGTGpYEQYF,CASSAGTGPYEQYF,TRBV9,TRBJ2-7,CAVSPGIYNQGGKLIF,Donor AJD3280:PB TCRab CD4 FOXP3+ Treg,1.000000,-,-,-,-,-,-,-,-,-,-,-
479,SAGT%PYE,4.2e-03,1,2,2.0e-06,1.0e+00,6.7e-02,1.0e+00,1.0e-03,2.9e-02,global-SAGT%PYE,CASSaGTSpYEQYF,CASSAGTSPYEQYF,TRBV5-4,TRBJ2-7,CAGRSGGYQKVTF,Donor AJD3280:LP TCRab CD4 TRM,1.000000,-,-,-,-,-,-,-,-,-,-,-

480,SH%E,4.2e-03,2,2,2.0e-06,1.0e+00,6.9e-02,1.0e+00,1.0e-03,2.9e-02,global-SH%E,CASShrELFF,CASSHRELFF,TRBV11-2,TRBJ2-2,CAASTQGGSEKLVF,Donor AJD3280:IEL TCRab CD4 Mobile TRM,1.000000,-,-,-,-,-,-,-,-,-,-,-
480,SH%E,4.2e-03,2,2,2.0e-06,1.0e+00,6.9e-02,1.0e+00,1.0e-03,2.9e-02,global-SH%E,CSAShNEQFF,CSASHNEQFF,TRBV20-1,TRBJ2-1,CTPEAAGNKLTF,Donor AJKQ118:L TCRab CD4 TRM,1.000000,-,-,-,-,-,-,-,-,-,-,-

481,SPGTGNY%,4.2e-03,1,2,6.3e-07,1.0e+00,1.2e-01,1.8e-01,1.0e-03,2.9e-02,global-SPGTGNY%,CASSPGTGnYEQYF,CASSPGTGNYEQYF,TRBV7-2,TRBJ2-7,CALSEALIGGANSKLTF,Donor AJD3280:LP TCRab CD4 Mobile TRM,2.000000,-,-,-,-,-,-,-,-,-,-,-
481,SPGTGNY%,4.2e-03,1,2,6.3e-07,1.0e+00,1.2e-01,1.8e-01,1.0e-03,2.9e-02,global-SPGTGNY%,CASSPGTGnYEQYF,CASSPGTGNYEQYF,TRBV7-2,TRBJ2-7,CAASQTRGSNYKLTF,Donor AJD3280:LP TCRab CD4 TRM,1.000000,-,-,-,-,-,-,-,-,-,-,-
481,SPGTGNY%,4.2e-03,1,2,6.3e-07,1.0e+00,1.2e-01,1.8e-01,1.0e-03,2.9e-02,global-SPGTGNY%,CASSPGTGNYGYTF,CASSPGTGNYGYTF,TRBV2,TRBJ1-2,CAGGIQGAQKLVF,Donor AJD3280:LP TCRab CD4 Poised TCM,1.000000,-,-,-,-,-,-,-,-,-,-,-

482,SQA%YE,4.2e-03,2,2,2.9e-08,1.0e+00,1.0e-03,1.0e+00,1.0e-03,2.9e-02,global-SQA%YE,CASSQAGYEQYF,CASSQAGYEQYF,TRBV3-1,TRBJ2-7,CAERSGAGSYQLTF,Donor AJD3280:PB TCRab CD4 Naive/TCM,1.000000,-,-,-,-,-,-,-,-,-,-,-
482,SQA%YE,4.2e-03,2,2,2.9e-08,1.0e+00,1.0e-03,1.0e+00,1.0e-03,2.9e-02,global-SQA%YE,CASSQAGYEQYF,CASSQAGYEQYF,TRBV3-1,TRBJ2-7,CAKAAGNKLTF,Donor AJKQ118:PB TCRab CD4 Naive/TCM,1.000000,-,-,-,-,-,-,-,-,-,-,-
482,SQA%YE,4.2e-03,2,2,2.9e-08,1.0e+00,1.0e-03,1.0e+00,1.0e-03,2.9e-02,global-SQA%YE,CASSQatYEQYF,CASSQATYEQYF,TRBV3-1,TRBJ2-7,CIVRTMNYGGATNKLIF,Donor AJKQ118:PB TCRab CD4 Naive/TCM,1.000000,-,-,-,-,-,-,-,-,-,-,-

483,SQ%GTGE,4.2e-03,2,2,2.3e-07,1.0e+00,6.0e-02,1.3e-01,1.0e-03,2.9e-02,global-SQ%GTGE,CASSQvgTGELFF,CASSQVGTGELFF,TRBV14,TRBJ2-2,CALSDRRGTGANNLFF,Donor AJKQ118:L TCRab CD4 TRM,2.000000,-,-,-,-,-,-,-,-,-,-,-
483,SQ%GTGE,4.2e-03,2,2,2.3e-07,1.0e+00,6.0e-02,1.3e-01,1.0e-03,2.9e-02,global-SQ%GTGE,CASSQQGTGELFF,CASSQQGTGELFF,TRBV11-2,TRBJ2-2,CAAFFMDTGRRALTF,Donor AJG2309:LP TCRab CD4 FOXP3+ Treg,1.000000,-,-,-,-,-,-,-,-,-,-,-

484,KG%GET,4.2e-03,2,2,1.9e-06,1.0e+00,6.4e-02,1.0e+00,1.0e-03,2.9e-02,global-KG%GET,CSpkgRGETQYF,CSPKGRGETQYF,TRBV20-1,TRBJ2-5,CAGYLEAGSYQLTF,Donor AJG2309:LP TCRab CD4 Mobile TRM,1.000000,-,-,-,-,-,-,-,-,-,-,-
484,KG%GET,4.2e-03,2,2,1.9e-06,1.0e+00,6.4e-02,1.0e+00,1.0e-03,2.9e-02,global-KG%GET,CASkGGgETQYF,CASKGGGETQYF,TRBV2,TRBJ2-5,CALSAYNAGNMLTF,Donor AJD3280:LP TCRab CD4 Poised TCM,1.000000,-,-,-,-,-,-,-,-,-,-,-

485,SL%TGPNTE,4.2e-03,2,2,2.9e-08,1.0e+00,1.0e-03,1.0e+00,1.0e-03,2.9e-02,global-SL%TGPNTE,CASSLtTGpNTEAFF,CASSLTTGPNTEAFF,TRBV7-2,TRBJ1-1,CAMRERGGSTLGRLYF,Donor AJKQ118:L TCRab CD4 TRM,1.000000,-,-,-,-,-,-,-,-,-,-,-
485,SL%TGPNTE,4.2e-03,2,2,2.9e-08,1.0e+00,1.0e-03,1.0e+00,1.0e-03,2.9e-02,global-SL%TGPNTE,CASSLkTGpNTEAFF,CASSLKTGPNTEAFF,TRBV7-2,TRBJ1-1,CVVNGAGGSYIPTF,Donor AJD3280:L TCRab CD4 TRM,1.000000,-,-,-,-,-,-,-,-,-,-,-

486,%PYQET,4.2e-03,2,2,2.0e-06,1.0e+00,6.8e-02,1.0e+00,1.0e-03,2.9e-02,global-%PYQET,CASSPyQETQYF,CASSPYQETQYF,TRBV5-1,TRBJ2-5,CAVRIGFGNVLHC,Donor AJKQ118:PB TCRab CD4 FOXP3+ Treg,1.000000,-,-,-,-,-,-,-,-,-,-,-
486,%PYQET,4.2e-03,2,2,2.0e-06,1.0e+00,6.8e-02,1.0e+00,1.0e-03,2.9e-02,global-%PYQET,CSwrpyQETQYF,CSWRPYQETQYF,TRBV20-1,TRBJ2-5,CAVSESTNFGNEKLTF,Donor AJG2309:LP TCRab CD4 Mobile TRM,1.000000,-,-,-,-,-,-,-,-,-,-,-

487,SV%AGSYE,4.2e-03,2,2,1.7e-06,1.0e+00,5.9e-02,1.0e+00,1.0e-03,2.9e-02,global-SV%AGSYE,CASSVaAGSYEQYF,CASSVAAGSYEQYF,TRBV9,TRBJ2-7,CAVGSNDYKLSF,Donor AJKQ118:LP TCRab CD4 TRM,1.000000,-,-,-,-,-,-,-,-,-,-,-
487,SV%AGSYE,4.2e-03,2,2,1.7e-06,1.0e+00,5.9e-02,1.0e+00,1.0e-03,2.9e-02,global-SV%AGSYE,CSASvpAGSYEQYF,CSASVPAGSYEQYF,TRBV20-1,TRBJ2-7,CAVGSVKDMLTF,Donor AJD3280:LP TCRab CD4 Mobile TRM,1.000000,-,-,-,-,-,-,-,-,-,-,-

488,SLS%TGNTE,4.2e-03,1,2,1.8e-06,1.0e+00,6.3e-02,1.0e+00,1.0e-03,2.9e-02,global-SLS%TGNTE,CASSLslTGNTEAFF,CASSLSLTGNTEAFF,TRBV27,TRBJ1-1,CAVRAGFSGGYNKLIF,Donor AJD3280:LP TCRab CD4 TRM,1.000000,-,-,-,-,-,-,-,-,-,-,-
488,SLS%TGNTE,4.2e-03,1,2,1.8e-06,1.0e+00,6.3e-02,1.0e+00,1.0e-03,2.9e-02,global-SLS%TGNTE,CASSLsGTGNTEAFF,CASSLSGTGNTEAFF,TRBV11-3,TRBJ1-1,CAASSIDTGNQFYF,Donor AJD3280:PB TCRab CD4 Naive/TCM,1.000000,-,-,-,-,-,-,-,-,-,-,-

489,SP%GRYE,4.2e-03,2,2,1.9e-06,1.0e+00,6.6e-02,1.0e+00,1.0e-03,2.9e-02,global-SP%GRYE,CASSPSGRYEQYF,CASSPSGRYEQYF,TRBV18,TRBJ2-7,CAVREGGQNFVF,Donor AJG2309:PB TCRab CD4 TCM,1.000000,-,-,-,-,-,-,-,-,-,-,-
489,SP%GRYE,4.2e-03,2,2,1.9e-06,1.0e+00,6.6e-02,1.0e+00,1.0e-03,2.9e-02,global-SP%GRYE,CASSPQGrYEQYF,CASSPQGRYEQYF,TRBV7-8,TRBJ2-7,CATDILTGTASKLTF,Donor AJD3280:L TCRab CD4 TRM,1.000000,-,-,-,-,-,-,-,-,-,-,-

490,SSGT%GNT,4.2e-03,1,2,8.7e-08,1.0e+00,3.0e-03,1.0e+00,1.0e-03,2.9e-02,global-SSGT%GNT,CASSSGTpGNTIYF,CASSSGTPGNTIYF,TRBV12-3,TRBJ1-3,CAGPRGSTDKLIF,Donor AJD3280:PB TCRab CD4 Naive/TCM,1.000000,-,-,-,-,-,-,-,-,-,-,-
490,SSGT%GNT,4.2e-03,1,2,8.7e-08,1.0e+00,3.0e-03,1.0e+00,1.0e-03,2.9e-02,global-SSGT%GNT,CASSSGTaGNTIYF,CASSSGTAGNTIYF,TRBV7-8,TRBJ1-3,CAVASGTYKYIF,Donor AJD3280:L TCRab CD4 TRM,1.000000,-,-,-,-,-,-,-,-,-,-,-
490,SSGT%GNT,4.2e-03,1,2,8.7e-08,1.0e+00,3.0e-03,1.0e+00,1.0e-03,2.9e-02,global-SSGT%GNT,CASSSGTaGNTIYF,CASSSGTAGNTIYF,TRBV7-8,TRBJ1-3,CAVASGTYKYIF,Donor AJD3280:LP TCRab CD4 TRM,1.000000,-,-,-,-,-,-,-,-,-,-,-

491,SRQ%SYNE,4.2e-03,1,2,2.1e-06,1.0e+00,7.2e-02,1.0e+00,1.0e-03,2.9e-02,global-SRQ%SYNE,CASSRQGSYNEQFF,CASSRQGSYNEQFF,TRBV5-1,TRBJ2-1,CAVQGTGANSKLTF,Donor AJD3280:PB TCRab CD4 Naive/TCM,1.000000,-,-,-,-,-,-,-,-,-,-,-
491,SRQ%SYNE,4.2e-03,1,2,2.1e-06,1.0e+00,7.2e-02,1.0e+00,1.0e-03,2.9e-02,global-SRQ%SYNE,CASSRqtSYNEQFF,CASSRQTSYNEQFF,TRBV7-8,TRBJ2-1,CALTLRLTGGGNKLTF,Donor AJD3280:LP TCRab CD4 Tph,1.000000,-,-,-,-,-,-,-,-,-,-,-

492,S%GDRVYE,4.2e-03,2,2,1.7e-06,1.0e+00,5.9e-02,1.0e+00,1.0e-03,2.9e-02,global-S%GDRVYE,CASSLgDRvYEQYF,CASSLGDRVYEQYF,TRBV5-6,TRBJ2-7,CAVSNTNAGKSTF,Donor AJG2309:LP TCRab CD4 TRM,1.000000,-,-,-,-,-,-,-,-,-,-,-
492,S%GDRVYE,4.2e-03,2,2,1.7e-06,1.0e+00,5.9e-02,1.0e+00,1.0e-03,2.9e-02,global-S%GDRVYE,CASSSgDRvYEQYF,CASSSGDRVYEQYF,TRBV6-6,TRBJ2-7,CAAENYGQNFVF,Donor AJD3280:PB TCRab CD4 Naive/TCM,1.000000,-,-,-,-,-,-,-,-,-,-,-

493,SPTGQ%TE,4.2e-03,2,2,1.5e-06,1.0e+00,5.2e-02,1.0e+00,1.0e-03,2.9e-02,global-SPTGQ%TE,CASSPTGqNTEAFF,CASSPTGQNTEAFF,TRBV18,TRBJ1-1,CILNDGNQFYF,Donor AJD3280:PB TCRab CD4 Naive/TCM,1.000000,-,-,-,-,-,-,-,-,-,-,-
493,SPTGQ%TE,4.2e-03,2,2,1.5e-06,1.0e+00,5.2e-02,1.0e+00,1.0e-03,2.9e-02,global-SPTGQ%TE,CASSPTGqltEQYF,CASSPTGQLTEQYF,TRBV7-2,TRBJ2-7,CAYNLVGNEKLTF,Donor AJKQ118:PB TCRab CD4 FOXP3+ Treg,1.000000,-,-,-,-,-,-,-,-,-,-,-

494,SL%QE,4.2e-03,2,2,1.7e-06,1.0e+00,5.8e-02,1.0e+00,1.0e-03,2.9e-02,global-SL%QE,CASSLGQEQYF,CASSLGQEQYF,TRBV3-1,TRBJ2-7,CAARRRTGSARQLTF,Donor AJKQ118:PB TCRab CD4 Naive/TCM,1.000000,-,-,-,-,-,-,-,-,-,-,-
494,SL%QE,4.2e-03,2,2,1.7e-06,1.0e+00,5.8e-02,1.0e+00,1.0e-03,2.9e-02,global-SL%QE,CASSLvqEQYF,CASSLVQEQYF,TRBV7-9,TRBJ2-7,CLVGVPDQAGTALIF,Donor AJG2309:PB TCRab CD4 Naive/TCM,1.000000,-,-,-,-,-,-,-,-,-,-,-

495,SLV%G,4.2e-03,2,2,2.0e-06,1.0e+00,7.0e-02,1.0e+00,1.0e-03,2.9e-02,global-SLV%G,CASSLvgGYTF,CASSLVGGYTF,TRBV28,TRBJ1-2,CAGALDNTDKLIF,Donor AJG2309:LP TCRab CD4 TRM,1.000000,-,-,-,-,-,-,-,-,-,-,-
495,SLV%G,4.2e-03,2,2,2.0e-06,1.0e+00,7.0e-02,1.0e+00,1.0e-03,2.9e-02,global-SLV%G,CASSLvfGYTF,CASSLVFGYTF,TRBV12-4,TRBJ1-2,CIVHGGATNKLIF,Donor AJKQ118:PB TCRab CD4 FOXP3+ Treg,1.000000,-,-,-,-,-,-,-,-,-,-,-

496,SF%QGGE,4.2e-03,2,2,1.8e-06,1.0e+00,6.3e-02,1.0e+00,1.0e-03,2.9e-02,global-SF%QGGE,CASSfGQGgEQYF,CASSFGQGGEQYF,TRBV6-5,TRBJ2-7,CGTGYSDGQKLLF,Donor AJG2309:LP TCRab CD4 TRM,1.000000,-,-,-,-,-,-,-,-,-,-,-
496,SF%QGGE,4.2e-03,2,2,1.8e-06,1.0e+00,6.3e-02,1.0e+00,1.0e-03,2.9e-02,global-SF%QGGE,CASSfrQGgEQYF,CASSFRQGGEQYF,TRBV12-3,TRBJ2-7,CAQGDSSYKLIF,Donor AJD3280:PB TCRab CD4 Naive/TCM,1.000000,-,-,-,-,-,-,-,-,-,-,-

497,SLA%NTDT,4.2e-03,2,2,2.1e-07,1.0e+00,6.9e-02,1.0e-01,1.0e-03,2.9e-02,global-SLA%NTDT,CASSLapnTDTQYF,CASSLAPNTDTQYF,TRBV7-2,TRBJ2-3,CAMRANAGGTSYGKLTF,Donor AJG2309:PB TCRab CD4 Naive/TCM,1.000000,-,-,-,-,-,-,-,-,-,-,-
497,SLA%NTDT,4.2e-03,2,2,2.1e-07,1.0e+00,6.9e-02,1.0e-01,1.0e-03,2.9e-02,global-SLA%NTDT,CASSLasnTDTQYF,CASSLASNTDTQYF,TRBV7-9,TRBJ2-3,CIVRVGGTSYGKLTF,Donor AJKQ118:PB TCRab CD4 FOXP3+ Treg,2.000000,-,-,-,-,-,-,-,-,-,-,-

498,SLER%SYE,4.2e-03,2,2,6.8e-08,1.0e+00,6.9e-02,3.4e-02,1.0e-03,2.9e-02,global-SLER%SYE,CASSLertSYEQYF,CASSLERTSYEQYF,TRBV5-4,TRBJ2-7,CAMTVTGGFKTIF,Donor AJD3280:LP TCRab CD4 TRM,2.000000,-,-,-,-,-,-,-,-,-,-,-
498,SLER%SYE,4.2e-03,2,2,6.8e-08,1.0e+00,6.9e-02,3.4e-02,1.0e-03,2.9e-02,global-SLER%SYE,CASSLeraSYEQYF,CASSLERASYEQYF,TRBV7-2,TRBJ2-7,CARKDSGAGSYQLTF,Donor AJG2309:LP TCRab CD4 Mobile TRM,2.000000,-,-,-,-,-,-,-,-,-,-,-

499,SRDT%NTE,4.2e-03,2,2,2.2e-06,1.0e+00,7.4e-02,1.0e+00,1.0e-03,2.9e-02,global-SRDT%NTE,CASSRdtvNTEAFF,CASSRDTVNTEAFF,TRBV10-1,TRBJ1-1,CALSEPSGGATNKLIF,Donor AJKQ118:IEL TCRab CD4 TRM,1.000000,-,-,-,-,-,-,-,-,-,-,-
499,SRDT%NTE,4.2e-03,2,2,2.2e-06,1.0e+00,7.4e-02,1.0e+00,1.0e-03,2.9e-02,global-SRDT%NTE,CASSRdTGNTEAFF,CASSRDTGNTEAFF,TRBV18,TRBJ1-1,CAPAGGTSYGKLTF,Donor AJG2309:LP TCRab CD4 TRM,1.000000,-,-,-,-,-,-,-,-,-,-,-

500,SYSRG%GE,4.2e-03,2,2,1.8e-06,1.0e+00,6.2e-02,1.0e+00,1.0e-03,2.9e-02,global-SYSRG%GE,CASSYsRGTGELFF,CASSYSRGTGELFF,TRBV6-2,TRBJ2-2,CAVISTYAGKSTF,Donor AJD3280:L TCRab CD4 Naive/TCM,1.000000,-,-,-,-,-,-,-,-,-,-,-
500,SYSRG%GE,4.2e-03,2,2,1.8e-06,1.0e+00,6.2e-02,1.0e+00,1.0e-03,2.9e-02,global-SYSRG%GE,CASSYsRGegEQYF,CASSYSRGEGEQYF,TRBV6-6,TRBJ2-7,CAFLRYGGSQGNLIF,Donor AJKQ118:PB TCRab CD4 Naive/TCM,1.000000,-,-,-,-,-,-,-,-,-,-,-

501,SPTG%T,4.2e-03,1,2,1.8e-06,1.0e+00,6.1e-02,1.0e+00,1.0e-03,2.9e-02,global-SPTG%T,CASSPTGyTQYF,CASSPTGYTQYF,TRBV6-1,TRBJ2-3,CATDAKSSGDKLTF,Donor AJD3280:IEL TCRab CD4 TRM,1.000000,-,-,-,-,-,-,-,-,-,-,-
501,SPTG%T,4.2e-03,1,2,1.8e-06,1.0e+00,6.1e-02,1.0e+00,1.0e-03,2.9e-02,global-SPTG%T,CSASpTGETQYF,CSASPTGETQYF,TRBV20-1,TRBJ2-5,CAEMSDTDKLIF,Donor AJD3280:PB TCRab CD4 FOXP3+ Treg,1.000000,-,-,-,-,-,-,-,-,-,-,-

502,SDRT%E,4.2e-03,1,2,1.7e-06,1.0e+00,5.9e-02,1.0e+00,1.0e-03,2.9e-02,global-SDRT%E,CASSDrTGELFF,CASSDRTGELFF,TRBV6-4,TRBJ2-2,CAVGGHNTDKLIF,Donor AJD3280:LP TCRab CD4 TRM,1.000000,-,-,-,-,-,-,-,-,-,-,-
502,SDRT%E,4.2e-03,1,2,1.7e-06,1.0e+00,5.9e-02,1.0e+00,1.0e-03,2.9e-02,global-SDRT%E,CASSDrtYEQYF,CASSDRTYEQYF,TRBV2,TRBJ2-7,CATFPRGDDKIIF,Donor AJD3280:L TCRab CD4 TRM,1.000000,-,-,-,-,-,-,-,-,-,-,-

503,SPRV%ET,4.2e-03,2,2,2.2e-06,1.0e+00,7.5e-02,1.0e+00,1.0e-03,2.9e-02,global-SPRV%ET,CASSPrvlETQYF,CASSPRVLETQYF,TRBV7-8,TRBJ2-5,CALSGFGNVLHC,Donor AJKQ118:PB TCRab CD4 Naive/TCM,1.000000,-,-,-,-,-,-,-,-,-,-,-
503,SPRV%ET,4.2e-03,2,2,2.2e-06,1.0e+00,7.5e-02,1.0e+00,1.0e-03,2.9e-02,global-SPRV%ET,CASSPrvwETQYF,CASSPRVWETQYF,TRBV7-7,TRBJ2-5,CATDVDYKLSF,Donor AJG2309:L TCRab CD4 TCM,1.000000,-,-,-,-,-,-,-,-,-,-,-

504,SSTV%E,4.2e-03,1,2,2.9e-08,1.0e+00,1.0e-03,1.0e+00,1.0e-03,2.9e-02,global-SSTV%E,CASSStvGELFF,CASSSTVGELFF,TRBV5-1,TRBJ2-2,CAASNMNTGFQKLVF,Donor AJKQ118:PB TCRab CD4 Naive/TCM,1.000000,-,-,-,-,-,-,-,-,-,-,-
504,SSTV%E,4.2e-03,1,2,2.9e-08,1.0e+00,1.0e-03,1.0e+00,1.0e-03,2.9e-02,global-SSTV%E,CASSStvTEAFF,CASSSTVTEAFF,TRBV5-1,TRBJ1-1,CAFTVARSIIQGAQKLVF,Donor AJKQ118:PB TCRab CD4 FOXP3+ Treg,1.000000,-,-,-,-,-,-,-,-,-,-,-

505,SFD%NQP,4.2e-03,2,2,1.9e-06,1.0e+00,6.6e-02,1.0e+00,1.0e-03,2.9e-02,global-SFD%NQP,CATSfdgNQPQHF,CATSFDGNQPQHF,TRBV24-1,TRBJ1-5,CAVDEETSGSRLTF,Donor AJG2309:IEL TCRab CD4 Mobile TRM,1.000000,-,-,-,-,-,-,-,-,-,-,-
505,SFD%NQP,4.2e-03,2,2,1.9e-06,1.0e+00,6.6e-02,1.0e+00,1.0e-03,2.9e-02,global-SFD%NQP,CASSfdSNQPQHF,CASSFDSNQPQHF,TRBV12-4,TRBJ1-5,CAFMKSLIQGAQKLVF,Donor AJD3280:LP TCRab CD4 TRM,1.000000,-,-,-,-,-,-,-,-,-,-,-

506,SLQ%QP,4.2e-03,2,2,1.9e-06,1.0e+00,6.4e-02,1.0e+00,1.0e-03,2.9e-02,global-SLQ%QP,CASSLqNQPQHF,CASSLQNQPQHF,TRBV28,TRBJ1-5,CALSEKWRTNAGKSTF,Donor AJKQ118:PB TCRab CD4 FOXP3+ Treg,1.000000,-,-,-,-,-,-,-,-,-,-,-
506,SLQ%QP,4.2e-03,2,2,1.9e-06,1.0e+00,6.4e-02,1.0e+00,1.0e-03,2.9e-02,global-SLQ%QP,CASSLqdQPQHF,CASSLQDQPQHF,TRBV7-9,TRBJ1-5,CALIKAAGNKLTF,Donor AJD3280:LP TCRab CD4 TRM,1.000000,-,-,-,-,-,-,-,-,-,-,-

507,S%LDQP,4.2e-03,2,2,1.9e-06,1.0e+00,6.4e-02,1.0e+00,1.0e-03,2.9e-02,global-S%LDQP,CATSaldQPQHF,CATSALDQPQHF,TRBV24-1,TRBJ1-5,CVVIVSNYGGSQGNLIF,Donor AJG2309:PB TCRab CD4 FOXP3+ Treg,1.000000,-,-,-,-,-,-,-,-,-,-,-
507,S%LDQP,4.2e-03,2,2,1.9e-06,1.0e+00,6.4e-02,1.0e+00,1.0e-03,2.9e-02,global-S%LDQP,CASSRldQPQHF,CASSRLDQPQHF,TRBV12-4,TRBJ1-5,CAMSAEEYGNKLVF,Donor AJD3280:IEL TCRab CD4 Mobile TRM,1.000000,-,-,-,-,-,-,-,-,-,-,-

508,%PGTAYG,4.2e-03,2,2,5.4e-06,1.0e+00,1.9e-01,1.0e+00,1.0e-03,2.9e-02,global-%PGTAYG,CASSPGTaYGYTF,CASSPGTAYGYTF,TRBV4-3,TRBJ1-2,CAVRSGTDKLIF,Donor AJD3280:L TCRab CD4 Naive/TCM,1.000000,-,-,-,-,-,-,-,-,-,-,-
508,%PGTAYG,4.2e-03,2,2,5.4e-06,1.0e+00,1.9e-01,1.0e+00,1.0e-03,2.9e-02,global-%PGTAYG,CASSPGTaYGYTF,CASSPGTAYGYTF,TRBV6-5,TRBJ1-2,CAASAGTSYDKVIF,Donor AJD3280:PB TCRab CD4 Naive/TCM,1.000000,-,-,-,-,-,-,-,-,-,-,-
508,%PGTAYG,4.2e-03,2,2,5.4e-06,1.0e+00,1.9e-01,1.0e+00,1.0e-03,2.9e-02,global-%PGTAYG,CSARpGTaYGYTF,CSARPGTAYGYTF,TRBV20-1,TRBJ1-2,CAASNGGGSYIPTF,Donor AJG2309:LP TCRab CD4 Mobile TRM,1.000000,-,-,-,-,-,-,-,-,-,-,-

509,SRD%RET,4.2e-03,1,2,1.7e-07,1.0e+00,5.8e-02,1.0e-01,1.0e-03,2.9e-02,global-SRD%RET,CATSRdlrETQYF,CATSRDLRETQYF,TRBV15,TRBJ2-5,CAVKSYNTDKLIF,Donor AJD3280:LP TCRab CD4 FOXP3+ Treg,2.000000,-,-,-,-,-,-,-,-,-,-,-
509,SRD%RET,4.2e-03,1,2,1.7e-07,1.0e+00,5.8e-02,1.0e-01,1.0e-03,2.9e-02,global-SRD%RET,CASSRdsrETQYF,CASSRDSRETQYF,TRBV6-5,TRBJ2-5,CVVTASGGSYIPTF,Donor AJD3280:L TCRab CD4 FOXP3+ Treg,1.000000,-,-,-,-,-,-,-,-,-,-,-

510,SAG%SP,4.2e-03,2,2,1.8e-06,1.0e+00,6.2e-02,1.0e+00,1.0e-03,2.9e-02,global-SAG%SP,CASSAGGSPLHF,CASSAGGSPLHF,TRBV11-2,TRBJ1-6,CALRNYGQNFVF,Donor AJKQ118:PB TCRab CD4 Naive/TCM,1.000000,-,-,-,-,-,-,-,-,-,-,-
510,SAG%SP,4.2e-03,2,2,1.8e-06,1.0e+00,6.2e-02,1.0e+00,1.0e-03,2.9e-02,global-SAG%SP,CASSAGeSPLHF,CASSAGESPLHF,TRBV6-1,TRBJ1-6,CAASGGGTSYGKLTF,Donor AJD3280:LP TCRab CD4 TRM,1.000000,-,-,-,-,-,-,-,-,-,-,-

511,S%SDTDT,4.2e-03,2,2,1.9e-06,1.0e+00,6.4e-02,1.0e+00,1.0e-03,2.9e-02,global-S%SDTDT,CASSDsdTDTQYF,CASSDSDTDTQYF,TRBV6-4,TRBJ2-3,CAVRDSNYQLIW,Donor AJD3280:L TCRab CD4 TRM,1.000000,-,-,-,-,-,-,-,-,-,-,-
511,S%SDTDT,4.2e-03,2,2,1.9e-06,1.0e+00,6.4e-02,1.0e+00,1.0e-03,2.9e-02,global-S%SDTDT,CASSTSdTDTQYF,CASSTSDTDTQYF,TRBV5-1,TRBJ2-3,CAVTSGANSKLTF,Donor AJG2309:LP TCRab CD4 Poised TCM,1.000000,-,-,-,-,-,-,-,-,-,-,-

512,GT%GEK,4.2e-03,2,2,1.7e-06,1.0e+00,5.9e-02,1.0e+00,1.0e-03,2.9e-02,global-GT%GEK,CASGtRGEKLFF,CASGTRGEKLFF,TRBV7-9,TRBJ1-4,CAVNTGNQFYF,Donor AJD3280:IEL TCRab CD4 TRM,1.000000,-,-,-,-,-,-,-,-,-,-,-
512,GT%GEK,4.2e-03,2,2,1.7e-06,1.0e+00,5.9e-02,1.0e+00,1.0e-03,2.9e-02,global-GT%GEK,CSAGtegEKLFF,CSAGTEGEKLFF,TRBV20-1,TRBJ1-4,CAVNTGGFKTIF,Donor AJKQ118:IEL TCRab CD4 Mobile TRM,1.000000,-,-,-,-,-,-,-,-,-,-,-

513,SLD%GANEK,4.2e-03,2,2,1.9e-06,1.0e+00,6.5e-02,1.0e+00,1.0e-03,2.9e-02,global-SLD%GANEK,CASSLdGGaNEKLFF,CASSLDGGANEKLFF,TRBV7-2,TRBJ1-4,CVVLPGTASKLTF,Donor AJD3280:PB TCRab CD4 Naive/TCM,1.000000,-,-,-,-,-,-,-,-,-,-,-
513,SLD%GANEK,4.2e-03,2,2,1.9e-06,1.0e+00,6.5e-02,1.0e+00,1.0e-03,2.9e-02,global-SLD%GANEK,CASSLdTGaNEKLFF,CASSLDTGANEKLFF,TRBV7-9,TRBJ1-4,CILRDHSGNTPLVF,Donor AJKQ118:PB TCRab CD4 Naive/TCM,1.000000,-,-,-,-,-,-,-,-,-,-,-

514,SSGT%,4.6e-03,2,3,1.2e-06,1.0e+00,1.9e-01,1.0e+00,1.0e-03,6.2e-03,global-SSGT%,CASSSGTGLFF,CASSSGTGLFF,TRBV28,TRBJ2-1,CATAFRTNYGGSQGNLIF,Donor AJKQ118:LP TCRab CD4 TRM,1.000000,-,-,-,-,-,-,-,-,-,-,-
514,SSGT%,4.6e-03,2,3,1.2e-06,1.0e+00,1.9e-01,1.0e+00,1.0e-03,6.2e-03,global-SSGT%,CASSSGTGYTF,CASSSGTGYTF,TRBV6-6,TRBJ1-2,CILRDRAGTASKLTF,Donor AJKQ118:PB TCRab CD4 Naive/TCM,1.000000,-,-,-,-,-,-,-,-,-,-,-
514,SSGT%,4.6e-03,2,3,1.2e-06,1.0e+00,1.9e-01,1.0e+00,1.0e-03,6.2e-03,global-SSGT%,CSASSGtalYF,CSASSGTALYF,TRBV20-1,TRBJ2-7,CAVKPPGSARQLTF,Donor AJG2309:PB TCRab CD4 Naive/TCM,1.000000,-,-,-,-,-,-,-,-,-,-,-

515,SP%GNQP,4.6e-03,3,3,2.3e-08,1.0e+00,4.4e-02,8.3e-02,1.0e-03,6.2e-03,global-SP%GNQP,CASSPQGNQPQHF,CASSPQGNQPQHF,TRBV6-6,TRBJ1-5,CAASMMGGQNFVF,Donor AJD3280:IEL TCRab CD4 FOXP3+ Treg,1.000000,-,-,-,-,-,-,-,-,-,-,-
515,SP%GNQP,4.6e-03,3,3,2.3e-08,1.0e+00,4.4e-02,8.3e-02,1.0e-03,6.2e-03,global-SP%GNQP,CASSPQGNQPQHF,CASSPQGNQPQHF,TRBV18,TRBJ1-5,CAYSPLSGSARQLTF,Donor AJKQ118:LP TCRab CD4 TRM,1.000000,-,-,-,-,-,-,-,-,-,-,-
515,SP%GNQP,4.6e-03,3,3,2.3e-08,1.0e+00,4.4e-02,8.3e-02,1.0e-03,6.2e-03,global-SP%GNQP,CASSPGGNQPQHF,CASSPGGNQPQHF,TRBV18,TRBJ1-5,CAYSKAGANSKLTF,Donor AJKQ118:LP TCRab CD4 TRM,3.000000,-,-,-,-,-,-,-,-,-,-,-
515,SP%GNQP,4.6e-03,3,3,2.3e-08,1.0e+00,4.4e-02,8.3e-02,1.0e-03,6.2e-03,global-SP%GNQP,CSASpGGNQPQHF,CSASPGGNQPQHF,TRBV20-1,TRBJ1-5,CAMNYGGSQGNLIF,Donor AJG2309:PB TCRab CD4 Naive/TCM,1.000000,-,-,-,-,-,-,-,-,-,-,-

516,S%DRGPYE,5.3e-03,2,3,1.1e-06,1.0e+00,1.8e-01,1.0e+00,1.0e-03,6.2e-03,global-S%DRGPYE,CASSRDRGpYEQYF,CASSRDRGPYEQYF,TRBV7-2,TRBJ2-7,CVVNSGGSNYKLTF,Donor AJG2309:PB TCRab CD4 Naive/TCM,1.000000,-,-,-,-,-,-,-,-,-,-,-
516,S%DRGPYE,5.3e-03,2,3,1.1e-06,1.0e+00,1.8e-01,1.0e+00,1.0e-03,6.2e-03,global-S%DRGPYE,CASSPDRGpYEQYF,CASSPDRGPYEQYF,TRBV27,TRBJ2-7,CAGLSIYNQGGKLIF,Donor AJD3280:PB TCRab CD4 Naive/TCM,1.000000,-,-,-,-,-,-,-,-,-,-,-
516,S%DRGPYE,5.3e-03,2,3,1.1e-06,1.0e+00,1.8e-01,1.0e+00,1.0e-03,6.2e-03,global-S%DRGPYE,CASSLDRGpYEQYF,CASSLDRGPYEQYF,TRBV5-1,TRBJ2-7,CAVERRDSGYALNF,Donor AJD3280:PB TCRab CD4 FOXP3+ Treg,1.000000,-,-,-,-,-,-,-,-,-,-,-

517,SPGLAG%NE,5.3e-03,3,3,3.3e-08,1.0e+00,4.6e-02,1.2e-01,1.0e-03,6.2e-03,global-SPGLAG%NE,CASSPGLAGtNEQFF,CASSPGLAGTNEQFF,TRBV6-1,TRBJ2-1,CALSGWAGGTSYGKLTF,Donor AJKQ118:IEL TCRab CD4 TRM,1.000000,-,-,-,-,-,-,-,-,-,-,-
517,SPGLAG%NE,5.3e-03,3,3,3.3e-08,1.0e+00,4.6e-02,1.2e-01,1.0e-03,6.2e-03,global-SPGLAG%NE,CASSPGLAGtNEQFF,CASSPGLAGTNEQFF,TRBV6-1,TRBJ2-1,CALSGWAGGTSYGKLTF,Donor AJKQ118:L TCRab CD4 TRM,3.000000,-,-,-,-,-,-,-,-,-,-,-
517,SPGLAG%NE,5.3e-03,3,3,3.3e-08,1.0e+00,4.6e-02,1.2e-01,1.0e-03,6.2e-03,global-SPGLAG%NE,CASSPGLAGtNEQFF,CASSPGLAGTNEQFF,TRBV6-1,TRBJ2-1,CALSGWAGGTSYGKLTF,Donor AJKQ118:LP TCRab CD4 TRM,1.000000,-,-,-,-,-,-,-,-,-,-,-
517,SPGLAG%NE,5.3e-03,3,3,3.3e-08,1.0e+00,4.6e-02,1.2e-01,1.0e-03,6.2e-03,global-SPGLAG%NE,CASSPGLAGYNEQFF,CASSPGLAGYNEQFF,TRBV7-2,TRBJ2-1,CAVEDRGGATNKLIF,Donor AJG2309:LP TCRab CD4 FOXP3+ Treg,1.000000,-,-,-,-,-,-,-,-,-,-,-
517,SPGLAG%NE,5.3e-03,3,3,3.3e-08,1.0e+00,4.6e-02,1.2e-01,1.0e-03,6.2e-03,global-SPGLAG%NE,CASSPGLAGrNEQFF,CASSPGLAGRNEQFF,TRBV7-9,TRBJ2-1,CAVDMGGGADGLTF,Donor AJD3280:PB TCRab CD4 Naive/TCM,1.000000,-,-,-,-,-,-,-,-,-,-,-

518,S%GQAYE,5.3e-03,1,3,5.6e-11,1.0e+00,1.0e-03,9.0e-03,1.0e-03,6.2e-03,global-S%GQAYE,CASSSGQaYEQYF,CASSSGQAYEQYF,TRBV7-8,TRBJ2-7,CILPLAGGTSYGKLTF,Donor AJG2309:LP TCRab CD4 TRM,3.000000,-,-,-,-,-,-,-,-,-,-,-
518,S%GQAYE,5.3e-03,1,3,5.6e-11,1.0e+00,1.0e-03,9.0e-03,1.0e-03,6.2e-03,global-S%GQAYE,CASSmGQaYEQYF,CASSMGQAYEQYF,TRBV7-8,TRBJ2-7,CILPLAGGTSYGKLTF,Donor AJG2309:LP TCRab CD4 TRM,4.000000,-,-,-,-,-,-,-,-,-,-,-
518,S%GQAYE,5.3e-03,1,3,5.6e-11,1.0e+00,1.0e-03,9.0e-03,1.0e-03,6.2e-03,global-S%GQAYE,CASSLGQaYEQYF,CASSLGQAYEQYF,TRBV7-8,TRBJ2-7,CINPLAGGTSYGKLTF,Donor AJG2309:L TCRab CD4 TRM,1.000000,-,-,-,-,-,-,-,-,-,-,-
518,S%GQAYE,5.3e-03,1,3,5.6e-11,1.0e+00,1.0e-03,9.0e-03,1.0e-03,6.2e-03,global-S%GQAYE,CASSLGQaYEQYF,CASSLGQAYEQYF,TRBV7-8,TRBJ2-7,CINPLAGGTSYGKLTF,Donor AJG2309:LP TCRab CD4 TRM,2.000000,-,-,-,-,-,-,-,-,-,-,-

519,SL%GGQET,5.3e-03,2,3,1.1e-06,1.0e+00,1.8e-01,1.0e+00,1.0e-03,6.2e-03,global-SL%GGQET,CASSLvGGQETQYF,CASSLVGGQETQYF,TRBV7-2,TRBJ2-5,CAASKAGNTGKLIF,Donor AJKQ118:PB TCRab CD4 Naive/TCM,1.000000,-,-,-,-,-,-,-,-,-,-,-
519,SL%GGQET,5.3e-03,2,3,1.1e-06,1.0e+00,1.8e-01,1.0e+00,1.0e-03,6.2e-03,global-SL%GGQET,CASSLlGGQETQYF,CASSLLGGQETQYF,TRBV7-8,TRBJ2-5,CAASPDRGSTLGRLYF,Donor AJG2309:IEL TCRab CD4 TRM,1.000000,-,-,-,-,-,-,-,-,-,-,-
519,SL%GGQET,5.3e-03,2,3,1.1e-06,1.0e+00,1.8e-01,1.0e+00,1.0e-03,6.2e-03,global-SL%GGQET,CASSLAGGQETQYF,CASSLAGGQETQYF,TRBV7-9,TRBJ2-5,CAMRGMKGYNKLIF,Donor AJG2309:LP TCRab CD4 FOXP3+ Treg,1.000000,-,-,-,-,-,-,-,-,-,-,-

520,SL%NYG,5.3e-03,2,3,2.2e-07,1.0e+00,3.5e-02,1.0e+00,1.0e-03,6.2e-03,global-SL%NYG,CASSLwNYGYTF,CASSLWNYGYTF,TRBV7-8,TRBJ1-2,CAYRTEETSGSRLTF,Donor AJKQ118:L TCRab CD4 TRM,1.000000,-,-,-,-,-,-,-,-,-,-,-
520,SL%NYG,5.3e-03,2,3,2.2e-07,1.0e+00,3.5e-02,1.0e+00,1.0e-03,6.2e-03,global-SL%NYG,CASSLwNYGYTF,CASSLWNYGYTF,TRBV7-8,TRBJ1-2,CAYRTEETSGSRLTF,Donor AJKQ118:LP TCRab CD4 TRM,1.000000,-,-,-,-,-,-,-,-,-,-,-
520,SL%NYG,5.3e-03,2,3,2.2e-07,1.0e+00,3.5e-02,1.0e+00,1.0e-03,6.2e-03,global-SL%NYG,CASSLgNYGYTF,CASSLGNYGYTF,TRBV12-4,TRBJ1-2,CAGNNNARLMF,Donor AJG2309:PB TCRab CD4 Naive/TCM,1.000000,-,-,-,-,-,-,-,-,-,-,-
520,SL%NYG,5.3e-03,2,3,2.2e-07,1.0e+00,3.5e-02,1.0e+00,1.0e-03,6.2e-03,global-SL%NYG,CASSLtNYGYTF,CASSLTNYGYTF,TRBV5-6,TRBJ1-2,CAGGAGSYQLTF,Donor AJKQ118:PB TCRab CD4 FOXP3+ Treg,1.000000,-,-,-,-,-,-,-,-,-,-,-

521,SH%YE,5.3e-03,2,3,1.0e-06,1.0e+00,1.7e-01,1.0e+00,1.0e-03,6.2e-03,global-SH%YE,CASShiYEQYF,CASSHIYEQYF,TRBV3-1,TRBJ2-7,CAYRSAGTSGSRLTF,Donor AJD3280:PB TCRab CD4 Naive/TCM,1.000000,-,-,-,-,-,-,-,-,-,-,-
521,SH%YE,5.3e-03,2,3,1.0e-06,1.0e+00,1.7e-01,1.0e+00,1.0e-03,6.2e-03,global-SH%YE,CAWShrYEQYF,CAWSHRYEQYF,TRBV30,TRBJ2-7,CALSDPNNDMRF,Donor AJD3280:PB TCRab CD4 FOXP3+ Treg,1.000000,-,-,-,-,-,-,-,-,-,-,-
521,SH%YE,5.3e-03,2,3,1.0e-06,1.0e+00,1.7e-01,1.0e+00,1.0e-03,6.2e-03,global-SH%YE,CASShSYEQYF,CASSHSYEQYF,TRBV2,TRBJ2-7,CVVNMGGLDLYSGGGADGLTF,Donor AJG2309:PB TCRab CD4 Naive/TCM,1.000000,-,-,-,-,-,-,-,-,-,-,-

522,SGGG%E,5.3e-03,2,3,8.0e-08,1.0e+00,1.3e-02,1.0e+00,1.0e-03,6.2e-03,global-SGGG%E,CASSGGgYEQYF,CASSGGGYEQYF,TRBV7-8,TRBJ2-7,CAVDRVGNTPLVF,Donor AJD3280:PB TCRab CD4 Naive/TCM,1.000000,-,-,-,-,-,-,-,-,-,-,-
522,SGGG%E,5.3e-03,2,3,8.0e-08,1.0e+00,1.3e-02,1.0e+00,1.0e-03,6.2e-03,global-SGGG%E,CSgSGGgTEAFF,CSGSGGGTEAFF,TRBV20-1,TRBJ1-1,CALSDRAGGGNKLTF,Donor AJG2309:LP TCRab CD4 Mobile TRM,1.000000,-,-,-,-,-,-,-,-,-,-,-
522,SGGG%E,5.3e-03,2,3,8.0e-08,1.0e+00,1.3e-02,1.0e+00,1.0e-03,6.2e-03,global-SGGG%E,CSASGGgdEQFF,CSASGGGDEQFF,TRBV20-1,TRBJ2-1,CAERIGGFKTIF,Donor AJD3280:LP TCRab CD4 Mobile TRM,1.000000,-,-,-,-,-,-,-,-,-,-,-
522,SGGG%E,5.3e-03,2,3,8.0e-08,1.0e+00,1.3e-02,1.0e+00,1.0e-03,6.2e-03,global-SGGG%E,CSASGGgdEQFF,CSASGGGDEQFF,TRBV20-1,TRBJ2-1,CAERIGGFKTIF,Donor AJD3280:LP TCRab CD4 TRM,1.000000,-,-,-,-,-,-,-,-,-,-,-

523,SL%ENTE,5.3e-03,2,3,1.0e-06,1.0e+00,1.6e-01,1.0e+00,1.0e-03,6.2e-03,global-SL%ENTE,CASSLeeNTEAFF,CASSLEENTEAFF,TRBV11-3,TRBJ1-1,CAVSELSNTGKLIF,Donor AJD3280:PB TCRab CD4 Naive/TCM,1.000000,-,-,-,-,-,-,-,-,-,-,-
523,SL%ENTE,5.3e-03,2,3,1.0e-06,1.0e+00,1.6e-01,1.0e+00,1.0e-03,6.2e-03,global-SL%ENTE,CASSLteNTEAFF,CASSLTENTEAFF,TRBV5-1,TRBJ1-1,CLLNFGNEKLTF,Donor AJKQ118:LP TCRab CD4 TRM,1.000000,-,-,-,-,-,-,-,-,-,-,-
523,SL%ENTE,5.3e-03,2,3,1.0e-06,1.0e+00,1.6e-01,1.0e+00,1.0e-03,6.2e-03,global-SL%ENTE,CASSLgeNTEAFF,CASSLGENTEAFF,TRBV12-3,TRBJ1-1,CAVGARTNAGKSTF,Donor AJKQ118:L TCRab CD4 TRM,1.000000,-,-,-,-,-,-,-,-,-,-,-

524,SPGTSY%,5.8e-03,3,2,5.7e-06,1.0e+00,1.9e-01,1.0e+00,1.0e-03,2.9e-02,global-SPGTSY%,CASSPGTSYEQYF,CASSPGTSYEQYF,TRBV6-5,TRBJ2-7,CAVTRYNTDKLIF,Donor AJG2309:PB TCRab CD4 Naive/TCM,1.000000,-,-,-,-,-,-,-,-,-,-,-
524,SPGTSY%,5.8e-03,3,2,5.7e-06,1.0e+00,1.9e-01,1.0e+00,1.0e-03,2.9e-02,global-SPGTSY%,CASSPGTSYEQYF,CASSPGTSYEQYF,TRBV18,TRBJ2-7,CVVNPRGSGSARQLTF,Donor AJKQ118:LP TCRab CD4 FOXP3+ Treg,1.000000,-,-,-,-,-,-,-,-,-,-,-
524,SPGTSY%,5.8e-03,3,2,5.7e-06,1.0e+00,1.9e-01,1.0e+00,1.0e-03,2.9e-02,global-SPGTSY%,CASSPGTSYGYTF,CASSPGTSYGYTF,TRBV5-6,TRBJ1-2,CAASVGNFNKFYF,Donor AJD3280:LP TCRab CD4 TRM,1.000000,-,-,-,-,-,-,-,-,-,-,-

525,SLG%GNQET,5.8e-03,1,2,2.1e-06,1.0e+00,7.3e-02,1.0e+00,1.0e-03,2.9e-02,global-SLG%GNQET,CASSLgpgnQETQYF,CASSLGPGNQETQYF,TRBV7-2,TRBJ2-5,CAVGARRQNFVF,Donor AJD3280:LP TCRab CD4 Mobile TRM,1.000000,-,-,-,-,-,-,-,-,-,-,-
525,SLG%GNQET,5.8e-03,1,2,2.1e-06,1.0e+00,7.3e-02,1.0e+00,1.0e-03,2.9e-02,global-SLG%GNQET,CASSLGGgnQETQYF,CASSLGGGNQETQYF,TRBV5-6,TRBJ2-5,CAVQAGSWGKLQF,Donor AJD3280:LP TCRab CD4 TRM,1.000000,-,-,-,-,-,-,-,-,-,-,-

526,SLTG%AG,5.8e-03,2,2,2.9e-08,1.0e+00,1.0e-03,1.0e+00,1.0e-03,2.9e-02,global-SLTG%AG,CASSLTGvaGYTF,CASSLTGVAGYTF,TRBV7-3,TRBJ1-2,CAASPNNYGQNFVF,Donor AJG2309:PB TCRab CD4 Naive/TCM,1.000000,-,-,-,-,-,-,-,-,-,-,-
526,SLTG%AG,5.8e-03,2,2,2.9e-08,1.0e+00,1.0e-03,1.0e+00,1.0e-03,2.9e-02,global-SLTG%AG,CASSLTGGaGYTF,CASSLTGGAGYTF,TRBV7-3,TRBJ1-2,CAVDHLGTSYGKLTF,Donor AJD3280:L TCRab CD4 TCM,1.000000,-,-,-,-,-,-,-,-,-,-,-

527,SPGL%NTE,5.8e-03,2,2,1.8e-06,1.0e+00,6.1e-02,1.0e+00,1.0e-03,2.9e-02,global-SPGL%NTE,CASSPGLlNTEAFF,CASSPGLLNTEAFF,TRBV5-1,TRBJ1-1,CVVKRDNYGQNFVF,Donor AJKQ118:L TCRab CD4 TRM,1.000000,-,-,-,-,-,-,-,-,-,-,-
527,SPGL%NTE,5.8e-03,2,2,1.8e-06,1.0e+00,6.1e-02,1.0e+00,1.0e-03,2.9e-02,global-SPGL%NTE,CASSPGLtNTEAFF,CASSPGLTNTEAFF,TRBV6-2,TRBJ1-1,CAASLGVDQGAQKLVF,Donor AJD3280:PB TCRab CD4 Naive/TCM,1.000000,-,-,-,-,-,-,-,-,-,-,-

528,S%DYTGE,5.8e-03,2,2,1.7e-06,1.0e+00,5.7e-02,1.0e+00,1.0e-03,2.9e-02,global-S%DYTGE,CASSQdyTGELFF,CASSQDYTGELFF,TRBV4-3,TRBJ2-2,CAVLDSNYQLIW,Donor AJKQ118:L TCRab CD4 TRM,1.000000,-,-,-,-,-,-,-,-,-,-,-
528,S%DYTGE,5.8e-03,2,2,1.7e-06,1.0e+00,5.7e-02,1.0e+00,1.0e-03,2.9e-02,global-S%DYTGE,CASSIdyTGELFF,CASSIDYTGELFF,TRBV19,TRBJ2-2,CATYRNTGGFKTIF,Donor AJD3280:PB TCRab CD4 Naive/TCM,1.000000,-,-,-,-,-,-,-,-,-,-,-

529,SLA%NT,5.8e-03,2,2,2.3e-06,1.0e+00,7.9e-02,1.0e+00,1.0e-03,2.9e-02,global-SLA%NT,CASSLaGNTIYF,CASSLAGNTIYF,TRBV7-8,TRBJ1-3,CAARSVSSGAGSYQLTF,Donor AJKQ118:PB TCRab CD4 Naive/TCM,1.000000,-,-,-,-,-,-,-,-,-,-,-
529,SLA%NT,5.8e-03,2,2,2.3e-06,1.0e+00,7.9e-02,1.0e+00,1.0e-03,2.9e-02,global-SLA%NT,CASSLavNTIYF,CASSLAVNTIYF,TRBV12-3,TRBJ1-3,CIVRLPGNTDKLIF,Donor AJD3280:PB TCRab CD4 Naive/TCM,1.000000,-,-,-,-,-,-,-,-,-,-,-

530,SLNR%ET,5.8e-03,2,2,2.9e-08,1.0e+00,1.0e-03,1.0e+00,1.0e-03,2.9e-02,global-SLNR%ET,CASSLnrQETQYF,CASSLNRQETQYF,TRBV7-2,TRBJ2-5,CAAQANTDKLIF,Donor AJD3280:PB TCRab CD4 Naive/TCM,1.000000,-,-,-,-,-,-,-,-,-,-,-
530,SLNR%ET,5.8e-03,2,2,2.9e-08,1.0e+00,1.0e-03,1.0e+00,1.0e-03,2.9e-02,global-SLNR%ET,CASSLnrlETQYF,CASSLNRLETQYF,TRBV7-2,TRBJ2-5,CAPSGSRLTF,Donor AJG2309:PB TCRab CD4 FOXP3+ Treg,1.000000,-,-,-,-,-,-,-,-,-,-,-

531,S%RGPSYE,5.8e-03,2,2,2.1e-06,1.0e+00,7.1e-02,1.0e+00,1.0e-03,2.9e-02,global-S%RGPSYE,CASSDRGpSYEQYF,CASSDRGPSYEQYF,TRBV6-1,TRBJ2-7,CALTSLNTGFQKLVF,Donor AJKQ118:PB TCRab CD4 Naive/TCM,1.000000,-,-,-,-,-,-,-,-,-,-,-
531,S%RGPSYE,5.8e-03,2,2,2.1e-06,1.0e+00,7.1e-02,1.0e+00,1.0e-03,2.9e-02,global-S%RGPSYE,CASSIRGpSYEQYF,CASSIRGPSYEQYF,TRBV12-4,TRBJ2-7,CIVRVATRGADGLTF,Donor AJD3280:LP TCRab CD4 TRM,1.000000,-,-,-,-,-,-,-,-,-,-,-

532,GG%EK,5.8e-03,2,2,1.8e-06,1.0e+00,6.2e-02,1.0e+00,1.0e-03,2.9e-02,global-GG%EK,CASGGGEKLFF,CASGGGEKLFF,TRBV25-1,TRBJ1-4,CAANSGGSNYKLTF,Donor AJD3280:LP TCRab CD4 Tph,1.000000,-,-,-,-,-,-,-,-,-,-,-
532,GG%EK,5.8e-03,2,2,1.8e-06,1.0e+00,6.2e-02,1.0e+00,1.0e-03,2.9e-02,global-GG%EK,CAAGGtEKLFF,CAAGGTEKLFF,TRBV6-6,TRBJ1-4,CAVRKRQGGSEKLVF,Donor AJKQ118:LP TCRab CD4 FOXP3+ Treg,1.000000,-,-,-,-,-,-,-,-,-,-,-

533,SA%DQP,5.8e-03,2,2,2.2e-06,1.0e+00,7.7e-02,1.0e+00,1.0e-03,2.9e-02,global-SA%DQP,CASSavdQPQHF,CASSAVDQPQHF,TRBV28,TRBJ1-5,CAASVLNAGNMLTF,Donor AJKQ118:PB TCRab CD4 Naive/TCM,1.000000,-,-,-,-,-,-,-,-,-,-,-
533,SA%DQP,5.8e-03,2,2,2.2e-06,1.0e+00,7.7e-02,1.0e+00,1.0e-03,2.9e-02,global-SA%DQP,CATSaldQPQHF,CATSALDQPQHF,TRBV24-1,TRBJ1-5,CVVIVSNYGGSQGNLIF,Donor AJG2309:PB TCRab CD4 FOXP3+ Treg,1.000000,-,-,-,-,-,-,-,-,-,-,-

534,%PGSYE,5.8e-03,2,2,1.7e-06,1.0e+00,5.9e-02,1.0e+00,1.0e-03,2.9e-02,global-%PGSYE,CSgapgSYEQYF,CSGAPGSYEQYF,TRBV20-1,TRBJ2-7,CVVSSTGGGNKLTF,Donor AJG2309:PB TCRab CD4 Naive/TCM,1.000000,-,-,-,-,-,-,-,-,-,-,-
534,%PGSYE,5.8e-03,2,2,1.7e-06,1.0e+00,5.9e-02,1.0e+00,1.0e-03,2.9e-02,global-%PGSYE,CASSPgSYEQYF,CASSPGSYEQYF,TRBV18,TRBJ2-7,CAMRPSGTYKYIF,Donor AJD3280:LP TCRab CD4 FOXP3+ Treg,1.000000,-,-,-,-,-,-,-,-,-,-,-

535,SLW%GE,5.8e-03,2,2,1.6e-06,1.0e+00,5.5e-02,1.0e+00,1.0e-03,2.9e-02,global-SLW%GE,CASSLwTGELFF,CASSLWTGELFF,TRBV27,TRBJ2-2,CAFITIQGAQKLVF,Donor AJKQ118:LP TCRab CD4 TRM,1.000000,-,-,-,-,-,-,-,-,-,-,-
535,SLW%GE,5.8e-03,2,2,1.6e-06,1.0e+00,5.5e-02,1.0e+00,1.0e-03,2.9e-02,global-SLW%GE,CASSLwegEAFF,CASSLWEGEAFF,TRBV5-6,TRBJ1-1,CATVSGGSYIPTF,Donor AJD3280:L TCRab CD4 Naive/TCM,1.000000,-,-,-,-,-,-,-,-,-,-,-

536,SF%AGNT,5.8e-03,2,2,2.0e-06,1.0e+00,6.7e-02,1.0e+00,1.0e-03,2.9e-02,global-SF%AGNT,CASSfraGNTIYF,CASSFRAGNTIYF,TRBV5-4,TRBJ1-3,CIASRETSGSRLTF,Donor AJD3280:LP TCRab CD4 Poised TCM,1.000000,-,-,-,-,-,-,-,-,-,-,-
536,SF%AGNT,5.8e-03,2,2,2.0e-06,1.0e+00,6.7e-02,1.0e+00,1.0e-03,2.9e-02,global-SF%AGNT,CASSfsaGNTIYF,CASSFSAGNTIYF,TRBV12-3,TRBJ1-3,CAGARLTGGGNKLTF,Donor AJG2309:IEL TCRab CD4 FOXP3+ Treg,1.000000,-,-,-,-,-,-,-,-,-,-,-

537,SP%TSGNT,5.8e-03,2,2,1.7e-06,1.0e+00,5.8e-02,1.0e+00,1.0e-03,2.9e-02,global-SP%TSGNT,CASSPptSGNTIYF,CASSPPTSGNTIYF,TRBV18,TRBJ1-3,CALSVYGNKLVF,Donor AJD3280:LP TCRab CD4 TRM,1.000000,-,-,-,-,-,-,-,-,-,-,-
537,SP%TSGNT,5.8e-03,2,2,1.7e-06,1.0e+00,5.8e-02,1.0e+00,1.0e-03,2.9e-02,global-SP%TSGNT,CASSPrtSGNTIYF,CASSPRTSGNTIYF,TRBV14,TRBJ1-3,CAETHTGANSKLTF,Donor AJKQ118:PB TCRab CD4 Naive/TCM,1.000000,-,-,-,-,-,-,-,-,-,-,-

538,SLVP%TGE,5.8e-03,1,2,2.0e-06,1.0e+00,6.8e-02,1.0e+00,1.0e-03,2.9e-02,global-SLVP%TGE,CASSLvpNTGELFF,CASSLVPNTGELFF,TRBV5-1,TRBJ2-2,CAVEPATGNQFYF,Donor AJD3280:LP TCRab CD4 TRM,1.000000,-,-,-,-,-,-,-,-,-,-,-
538,SLVP%TGE,5.8e-03,1,2,2.0e-06,1.0e+00,6.8e-02,1.0e+00,1.0e-03,2.9e-02,global-SLVP%TGE,CASSLvpdTGELFF,CASSLVPDTGELFF,TRBV13,TRBJ2-2,CATRLDIGGTSYGKLTF,Donor AJD3280:PB TCRab CD4 Naive/TCM,1.000000,-,-,-,-,-,-,-,-,-,-,-

539,SLQGA%NTE,5.8e-03,2,2,1.8e-06,1.0e+00,6.3e-02,1.0e+00,1.0e-03,2.9e-02,global-SLQGA%NTE,CASSLQGagNTEAFF,CASSLQGAGNTEAFF,TRBV5-1,TRBJ1-1,CASQSSGGYQKVTF,Donor AJKQ118:PB TCRab CD4 Naive/TCM,1.000000,-,-,-,-,-,-,-,-,-,-,-
539,SLQGA%NTE,5.8e-03,2,2,1.8e-06,1.0e+00,6.3e-02,1.0e+00,1.0e-03,2.9e-02,global-SLQGA%NTE,CASSLQGavNTEAFF,CASSLQGAVNTEAFF,TRBV28,TRBJ1-1,CAVNAGNNDMRF,Donor AJD3280:LP TCRab CD4 TRM,1.000000,-,-,-,-,-,-,-,-,-,-,-

540,SL%WGDT,5.8e-03,2,2,2.9e-08,1.0e+00,1.0e-03,1.0e+00,1.0e-03,2.9e-02,global-SL%WGDT,CASSLrwgDTQYF,CASSLRWGDTQYF,TRBV7-2,TRBJ2-5,CAVDIPSNYQLIW,Donor AJG2309:PB TCRab CD4 Naive/TCM,1.000000,-,-,-,-,-,-,-,-,-,-,-
540,SL%WGDT,5.8e-03,2,2,2.9e-08,1.0e+00,1.0e-03,1.0e+00,1.0e-03,2.9e-02,global-SL%WGDT,CASSLgwgDTQYF,CASSLGWGDTQYF,TRBV7-2,TRBJ2-3,CAEGGHNAGNMLTF,Donor AJKQ118:PB TCRab CD4 Naive/TCM,1.000000,-,-,-,-,-,-,-,-,-,-,-

541,S%SGGTGE,5.8e-03,2,2,2.0e-06,1.0e+00,6.8e-02,1.0e+00,1.0e-03,2.9e-02,global-S%SGGTGE,CASSDSGGTGELFF,CASSDSGGTGELFF,TRBV6-4,TRBJ2-2,CAVPTLSGGYNKLIF,Donor AJKQ118:L TCRab CD4 TRM,1.000000,-,-,-,-,-,-,-,-,-,-,-
541,S%SGGTGE,5.8e-03,2,2,2.0e-06,1.0e+00,6.8e-02,1.0e+00,1.0e-03,2.9e-02,global-S%SGGTGE,CASSPSGGTGELFF,CASSPSGGTGELFF,TRBV7-2,TRBJ2-2,CIVREYWGSQGNLIF,Donor AJD3280:IEL TCRab CD4 TRM,1.000000,-,-,-,-,-,-,-,-,-,-,-

542,S%QGAQET,5.8e-03,2,2,2.1e-06,1.0e+00,7.3e-02,1.0e+00,1.0e-03,2.9e-02,global-S%QGAQET,CASSSQGaQETQYF,CASSSQGAQETQYF,TRBV7-2,TRBJ2-5,CATGNTGGFKTIF,Donor AJD3280:IEL TCRab CD4 TRM,1.000000,-,-,-,-,-,-,-,-,-,-,-
542,S%QGAQET,5.8e-03,2,2,2.1e-06,1.0e+00,7.3e-02,1.0e+00,1.0e-03,2.9e-02,global-S%QGAQET,CASSLQGaQETQYF,CASSLQGAQETQYF,TRBV5-4,TRBJ2-5,CAAADTGANNLFF,Donor AJKQ118:L TCRab CD4 TRM,1.000000,-,-,-,-,-,-,-,-,-,-,-

543,S%QGADEK,5.8e-03,1,2,1.5e-06,1.0e+00,5.0e-02,1.0e+00,1.0e-03,2.9e-02,global-S%QGADEK,CASSPQGadEKLFF,CASSPQGADEKLFF,TRBV12-3,TRBJ1-4,CALSHPSGSRLTF,Donor AJD3280:LP TCRab CD4 TRM,1.000000,-,-,-,-,-,-,-,-,-,-,-
543,S%QGADEK,5.8e-03,1,2,1.5e-06,1.0e+00,5.0e-02,1.0e+00,1.0e-03,2.9e-02,global-S%QGADEK,CASStQGadEKLFF,CASSTQGADEKLFF,TRBV5-1,TRBJ1-4,CAAHGSSNTGKLIF,Donor AJD3280:PB TCRab CD4 Naive/TCM,1.000000,-,-,-,-,-,-,-,-,-,-,-

544,SYR%YG,5.8e-03,2,2,2.9e-08,1.0e+00,1.0e-03,1.0e+00,1.0e-03,2.9e-02,global-SYR%YG,CASSYrdYGYTF,CASSYRDYGYTF,TRBV6-2,TRBJ1-2,CAVANMNTGFQKLVF,Donor AJD3280:LP TCRab CD4 FOXP3+ Treg,1.000000,-,-,-,-,-,-,-,-,-,-,-
544,SYR%YG,5.8e-03,2,2,2.9e-08,1.0e+00,1.0e-03,1.0e+00,1.0e-03,2.9e-02,global-SYR%YG,CASSYRGYGYTF,CASSYRGYGYTF,TRBV6-2,TRBJ1-2,CAVILGGSTLGRLYF,Donor AJKQ118:PB TCRab CD4 Naive/TCM,1.000000,-,-,-,-,-,-,-,-,-,-,-

545,SQG%GGT,5.8e-03,1,2,1.9e-06,1.0e+00,6.4e-02,1.0e+00,1.0e-03,2.9e-02,global-SQG%GGT,CASSQGGggTIYF,CASSQGGGGTIYF,TRBV6-5,TRBJ1-3,CIVRVAGTGNQFYF,Donor AJD3280:IEL TCRab CD4 TRM,1.000000,-,-,-,-,-,-,-,-,-,-,-
545,SQG%GGT,5.8e-03,1,2,1.9e-06,1.0e+00,6.4e-02,1.0e+00,1.0e-03,2.9e-02,global-SQG%GGT,CASSQgRGgTQYF,CASSQGRGGTQYF,TRBV3-1,TRBJ2-3,CIVRAGLFGNEKLTF,Donor AJD3280:PB TCRab CD4 Naive/TCM,1.000000,-,-,-,-,-,-,-,-,-,-,-

546,SL%RGT,5.8e-03,2,2,1.9e-06,1.0e+00,6.5e-02,1.0e+00,1.0e-03,2.9e-02,global-SL%RGT,CASSLaRGtrdF,CASSLARGTRDF,TRBV7-9,TRBJ1-3,CAGARGNTGKLIF,Donor AJKQ118:PB TCRab CD4 Naive/TCM,1.000000,-,-,-,-,-,-,-,-,-,-,-
546,SL%RGT,5.8e-03,2,2,1.9e-06,1.0e+00,6.5e-02,1.0e+00,1.0e-03,2.9e-02,global-SL%RGT,CASSLeRGTQYF,CASSLERGTQYF,TRBV5-1,TRBJ2-3,CAFMKHETGANNLFF,Donor AJD3280:IEL TCRab CD4 Mobile TRM,1.000000,-,-,-,-,-,-,-,-,-,-,-

547,SG%STNEK,5.8e-03,1,2,2.3e-07,1.0e+00,8.0e-03,1.0e+00,1.0e-03,2.9e-02,global-SG%STNEK,CAWSghsTNEKLFF,CAWSGHSTNEKLFF,TRBV30,TRBJ1-4,CATTTYTGTASKLTF,Donor AJD3280:IEL TCRab CD4 Mobile TRM,1.000000,-,-,-,-,-,-,-,-,-,-,-
547,SG%STNEK,5.8e-03,1,2,2.3e-07,1.0e+00,8.0e-03,1.0e+00,1.0e-03,2.9e-02,global-SG%STNEK,CASSGRsTNEKLFF,CASSGRSTNEKLFF,TRBV19,TRBJ1-4,CAFRSARQLTF,Donor AJD3280:L TCRab CD4 FOXP3+ Treg,1.000000,-,-,-,-,-,-,-,-,-,-,-
547,SG%STNEK,5.8e-03,1,2,2.3e-07,1.0e+00,8.0e-03,1.0e+00,1.0e-03,2.9e-02,global-SG%STNEK,CASSGRsTNEKLFF,CASSGRSTNEKLFF,TRBV19,TRBJ1-4,CAFRSARQLTF,Donor AJD3280:PB TCRab CD4 Naive/TCM,1.000000,-,-,-,-,-,-,-,-,-,-,-

548,SDS%NE,5.8e-03,2,2,2.4e-06,1.0e+00,8.2e-02,1.0e+00,1.0e-03,2.9e-02,global-SDS%NE,CASSDswNEQFF,CASSDSWNEQFF,TRBV19,TRBJ2-1,CALSEARTGANNLFF,Donor AJD3280:PB TCRab CD4 Naive/TCM,1.000000,-,-,-,-,-,-,-,-,-,-,-
548,SDS%NE,5.8e-03,2,2,2.4e-06,1.0e+00,8.2e-02,1.0e+00,1.0e-03,2.9e-02,global-SDS%NE,CATSDSYNEQFF,CATSDSYNEQFF,TRBV24-1,TRBJ2-1,CAASKGSNYQLIW,Donor AJKQ118:PB TCRab CD4 Naive/TCM,1.000000,-,-,-,-,-,-,-,-,-,-,-

549,SLG%NTE,5.8e-03,2,4,2.6e-07,1.0e+00,1.1e-01,1.0e+00,1.0e-03,2.3e-03,global-SLG%NTE,CASSLgvNTEAFF,CASSLGVNTEAFF,TRBV11-3,TRBJ1-1,CAASGHNNARLMF,Donor AJD3280:LP TCRab CD4 TRM,1.000000,-,-,-,-,-,-,-,-,-,-,-
549,SLG%NTE,5.8e-03,2,4,2.6e-07,1.0e+00,1.1e-01,1.0e+00,1.0e-03,2.3e-03,global-SLG%NTE,CASSLGTNTEAFF,CASSLGTNTEAFF,TRBV5-1,TRBJ1-1,CAASRTSGSARQLTF,Donor AJD3280:PB TCRab CD4 Naive/TCM,1.000000,-,-,-,-,-,-,-,-,-,-,-
549,SLG%NTE,5.8e-03,2,4,2.6e-07,1.0e+00,1.1e-01,1.0e+00,1.0e-03,2.3e-03,global-SLG%NTE,CASSLgeNTEAFF,CASSLGENTEAFF,TRBV12-3,TRBJ1-1,CAVGARTNAGKSTF,Donor AJKQ118:L TCRab CD4 TRM,1.000000,-,-,-,-,-,-,-,-,-,-,-
549,SLG%NTE,5.8e-03,2,4,2.6e-07,1.0e+00,1.1e-01,1.0e+00,1.0e-03,2.3e-03,global-SLG%NTE,CASSLGLNTEAFF,CASSLGLNTEAFF,TRBV12-3,TRBJ1-1,CAASARSNYQLIW,Donor AJD3280:IEL TCRab CD4 Mobile TRM,1.000000,-,-,-,-,-,-,-,-,-,-,-
549,SLG%NTE,5.8e-03,2,4,2.6e-07,1.0e+00,1.1e-01,1.0e+00,1.0e-03,2.3e-03,global-SLG%NTE,CASSLGLNTEAFF,CASSLGLNTEAFF,TRBV3-1,TRBJ1-1,CAASALGNQFYF,Donor AJD3280:IEL TCRab CD4 TRM,1.000000,-,-,-,-,-,-,-,-,-,-,-

550,SL%TGNEK,5.8e-03,1,2,2.0e-06,1.0e+00,6.8e-02,1.0e+00,1.0e-03,2.9e-02,global-SL%TGNEK,CASSLGTGNEKLFF,CASSLGTGNEKLFF,TRBV4-2,TRBJ1-4,CAASPSIKAAGNKLTF,Donor AJKQ118:LP TCRab CD4 TRM,1.000000,-,-,-,-,-,-,-,-,-,-,-
550,SL%TGNEK,5.8e-03,1,2,2.0e-06,1.0e+00,6.8e-02,1.0e+00,1.0e-03,2.9e-02,global-SL%TGNEK,CASSLrTGNEKLFF,CASSLRTGNEKLFF,TRBV28,TRBJ1-4,CAVRGGTSGTYKYIF,Donor AJKQ118:IEL TCRab CD4 FOXP3+ Treg,1.000000,-,-,-,-,-,-,-,-,-,-,-

551,S%QPYG,5.8e-03,2,2,1.6e-06,1.0e+00,5.6e-02,1.0e+00,1.0e-03,2.9e-02,global-S%QPYG,CSAStqpYGYTF,CSASTQPYGYTF,TRBV20-1,TRBJ1-2,CAVSAHSGGYQKVTF,Donor AJKQ118:PB TCRab CD4 Naive/TCM,1.000000,-,-,-,-,-,-,-,-,-,-,-
551,S%QPYG,5.8e-03,2,2,1.6e-06,1.0e+00,5.6e-02,1.0e+00,1.0e-03,2.9e-02,global-S%QPYG,CASSSqpYGYTF,CASSSQPYGYTF,TRBV7-2,TRBJ1-2,CAVLNNNARLMF,Donor AJD3280:IEL TCRab CD4 Mobile TRM,1.000000,-,-,-,-,-,-,-,-,-,-,-

552,SPQ%GANYG,5.8e-03,1,2,1.7e-06,1.0e+00,5.9e-02,1.0e+00,1.0e-03,2.9e-02,global-SPQ%GANYG,CASSPqlgaNYGYTF,CASSPQLGANYGYTF,TRBV19,TRBJ1-2,CAVKNYGQNFVF,Donor AJD3280:LP TCRab CD4 FOXP3+ Treg,1.000000,-,-,-,-,-,-,-,-,-,-,-
552,SPQ%GANYG,5.8e-03,1,2,1.7e-06,1.0e+00,5.9e-02,1.0e+00,1.0e-03,2.9e-02,global-SPQ%GANYG,CASSPQGgaNYGYTF,CASSPQGGANYGYTF,TRBV7-2,TRBJ1-2,CAVTRNAGNMLTF,Donor AJD3280:LP TCRab CD4 TRM,1.000000,-,-,-,-,-,-,-,-,-,-,-

553,SQ%NSP,5.8e-03,1,2,2.1e-06,1.0e+00,7.2e-02,1.0e+00,1.0e-03,2.9e-02,global-SQ%NSP,CASSQgNSPLHF,CASSQGNSPLHF,TRBV18,TRBJ1-6,CAVGFDRGSTLGRLYF,Donor AJD3280:L TCRab CD4 TCM,1.000000,-,-,-,-,-,-,-,-,-,-,-
553,SQ%NSP,5.8e-03,1,2,2.1e-06,1.0e+00,7.2e-02,1.0e+00,1.0e-03,2.9e-02,global-SQ%NSP,CASSQeNSPLHF,CASSQENSPLHF,TRBV3-1,TRBJ1-6,CAFWFLLGGGADGLTF,Donor AJD3280:PB TCRab CD4 Naive/TCM,1.000000,-,-,-,-,-,-,-,-,-,-,-

554,SR%STGE,5.8e-03,2,2,1.7e-06,1.0e+00,5.9e-02,1.0e+00,1.0e-03,2.9e-02,global-SR%STGE,CASSRdsTGELFF,CASSRDSTGELFF,TRBV5-4,TRBJ2-2,CATGPEGKLQF,Donor AJKQ118:PB TCRab CD4 Naive/TCM,1.000000,-,-,-,-,-,-,-,-,-,-,-
554,SR%STGE,5.8e-03,2,2,1.7e-06,1.0e+00,5.9e-02,1.0e+00,1.0e-03,2.9e-02,global-SR%STGE,CASSRgsTGELFF,CASSRGSTGELFF,TRBV3-1,TRBJ2-2,CVVSHTGGFKTIF,Donor AJD3280:LP TCRab CD4 Tph,1.000000,-,-,-,-,-,-,-,-,-,-,-

555,S%GPNYE,5.8e-03,2,2,1.6e-06,1.0e+00,5.5e-02,1.0e+00,1.0e-03,2.9e-02,global-S%GPNYE,CASSLgpnYEQYF,CASSLGPNYEQYF,TRBV7-6,TRBJ2-7,CAASSNQGGKLIF,Donor AJG2309:LP TCRab CD4 TRM,1.000000,-,-,-,-,-,-,-,-,-,-,-
555,S%GPNYE,5.8e-03,2,2,1.6e-06,1.0e+00,5.5e-02,1.0e+00,1.0e-03,2.9e-02,global-S%GPNYE,CASSwgpnYEQYF,CASSWGPNYEQYF,TRBV5-1,TRBJ2-7,CALPHSGGGADGLTF,Donor AJD3280:LP TCRab CD4 FOXP3+ Treg,1.000000,-,-,-,-,-,-,-,-,-,-,-

556,S%EASTDT,5.8e-03,1,2,2.0e-06,1.0e+00,7.0e-02,1.0e+00,1.0e-03,2.9e-02,global-S%EASTDT,CASSReaSTDTQYF,CASSREASTDTQYF,TRBV18,TRBJ2-3,CIVKSDGQKLLF,Donor AJG2309:PB TCRab CD4 Naive/TCM,1.000000,-,-,-,-,-,-,-,-,-,-,-
556,S%EASTDT,5.8e-03,1,2,2.0e-06,1.0e+00,7.0e-02,1.0e+00,1.0e-03,2.9e-02,global-S%EASTDT,CASSPeaSTDTQYF,CASSPEASTDTQYF,TRBV7-8,TRBJ2-3,CALRRRGGYNKLIF,Donor AJG2309:LP TCRab CD4 TRM,1.000000,-,-,-,-,-,-,-,-,-,-,-

557,SFGTG%TE,5.8e-03,2,2,2.2e-06,1.0e+00,7.4e-02,1.0e+00,1.0e-03,2.9e-02,global-SFGTG%TE,CASSfGTGeTEAFF,CASSFGTGETEAFF,TRBV5-1,TRBJ1-1,CAETLYSSASKIIF,Donor AJKQ118:PB TCRab CD4 Naive/TCM,1.000000,-,-,-,-,-,-,-,-,-,-,-
557,SFGTG%TE,5.8e-03,2,2,2.2e-06,1.0e+00,7.4e-02,1.0e+00,1.0e-03,2.9e-02,global-SFGTG%TE,CASSfGTGrTEAFF,CASSFGTGRTEAFF,TRBV7-3,TRBJ1-1,CAGAAGNEKLTF,Donor AJD3280:L TCRab CD4 TRM,1.000000,-,-,-,-,-,-,-,-,-,-,-

558,S%GQGGNT,5.8e-03,1,2,1.9e-06,1.0e+00,6.4e-02,1.0e+00,1.0e-03,2.9e-02,global-S%GQGGNT,CASSLGQGGNTIYF,CASSLGQGGNTIYF,TRBV5-6,TRBJ1-3,CAAKNSNSGYALNF,Donor AJD3280:LP TCRab CD4 TRM,1.000000,-,-,-,-,-,-,-,-,-,-,-
558,S%GQGGNT,5.8e-03,1,2,1.9e-06,1.0e+00,6.4e-02,1.0e+00,1.0e-03,2.9e-02,global-S%GQGGNT,CASSQGQGGNTIYF,CASSQGQGGNTIYF,TRBV7-2,TRBJ1-3,CAVGRSNYQLIW,Donor AJD3280:PB TCRab CD4 Naive/TCM,1.000000,-,-,-,-,-,-,-,-,-,-,-

559,SQESR%TE,5.8e-03,2,2,2.0e-07,1.0e+00,1.3e-01,5.3e-02,1.0e-03,2.9e-02,global-SQESR%TE,CASSQesrkTEAFF,CASSQESRKTEAFF,TRBV3-1,TRBJ1-1,CAYQGSWGKLQF,Donor AJKQ118:PB TCRab CD4 FOXP3+ Treg,1.000000,-,-,-,-,-,-,-,-,-,-,-
559,SQESR%TE,5.8e-03,2,2,2.0e-07,1.0e+00,1.3e-01,5.3e-02,1.0e-03,2.9e-02,global-SQESR%TE,CASSQesrdTEAFF,CASSQESRDTEAFF,TRBV4-1,TRBJ1-1,CAVHHNNARLMF,Donor AJD3280:IEL TCRab CD4 TRM,1.000000,-,-,-,-,-,-,-,-,-,-,-
559,SQESR%TE,5.8e-03,2,2,2.0e-07,1.0e+00,1.3e-01,5.3e-02,1.0e-03,2.9e-02,global-SQESR%TE,CASSQesrdTEAFF,CASSQESRDTEAFF,TRBV4-1,TRBJ1-1,CAVHHNNARLMF,Donor AJD3280:LP TCRab CD4 TRM,3.000000,-,-,-,-,-,-,-,-,-,-,-

560,SSS%STDT,5.8e-03,2,2,3.9e-06,1.0e+00,1.3e-01,1.0e+00,1.0e-03,2.9e-02,global-SSS%STDT,CASSSsfSTDTQYF,CASSSSFSTDTQYF,TRBV7-2,TRBJ2-3,CAFMKLSGGSNYKLTF,Donor AJKQ118:L TCRab CD4 FOXP3+ Treg,1.000000,-,-,-,-,-,-,-,-,-,-,-
560,SSS%STDT,5.8e-03,2,2,3.9e-06,1.0e+00,1.3e-01,1.0e+00,1.0e-03,2.9e-02,global-SSS%STDT,CASSSsfSTDTQYF,CASSSSFSTDTQYF,TRBV7-2,TRBJ2-3,CAFMKLSGGSNYKLTF,Donor AJKQ118:L TCRab CD4 TRM,1.000000,-,-,-,-,-,-,-,-,-,-,-
560,SSS%STDT,5.8e-03,2,2,3.9e-06,1.0e+00,1.3e-01,1.0e+00,1.0e-03,2.9e-02,global-SSS%STDT,CSASsSGSTDTQYF,CSASSSGSTDTQYF,TRBV20-1,TRBJ2-3,CAVYGAYKLSF,Donor AJG2309:LP TCRab CD4 Mobile TRM,1.000000,-,-,-,-,-,-,-,-,-,-,-

561,SFGGA%E,5.8e-03,2,2,1.8e-06,1.0e+00,6.1e-02,1.0e+00,1.0e-03,2.9e-02,global-SFGGA%E,CASSfGGarEQYF,CASSFGGAREQYF,TRBV13,TRBJ2-7,CAENSGYGNKLVF,Donor AJD3280:L TCRab CD4 TRM,1.000000,-,-,-,-,-,-,-,-,-,-,-
561,SFGGA%E,5.8e-03,2,2,1.8e-06,1.0e+00,6.1e-02,1.0e+00,1.0e-03,2.9e-02,global-SFGGA%E,CASSfGGadEQYF,CASSFGGADEQYF,TRBV7-7,TRBJ2-7,CVVNRGAGSYQLTF,Donor AJG2309:PB TCRab CD4 Naive/TCM,1.000000,-,-,-,-,-,-,-,-,-,-,-

562,SPLTG%TE,5.8e-03,1,2,1.8e-06,1.0e+00,6.3e-02,1.0e+00,1.0e-03,2.9e-02,global-SPLTG%TE,CASSPlTGNTEAFF,CASSPLTGNTEAFF,TRBV6-2,TRBJ1-1,CAVGAYNQGGKLIF,Donor AJD3280:L TCRab CD4 TCM,1.000000,-,-,-,-,-,-,-,-,-,-,-
562,SPLTG%TE,5.8e-03,1,2,1.8e-06,1.0e+00,6.3e-02,1.0e+00,1.0e-03,2.9e-02,global-SPLTG%TE,CASSPlTGGTEAFF,CASSPLTGGTEAFF,TRBV18,TRBJ1-1,CAVRQVGGGSNYKLTF,Donor AJD3280:LP TCRab CD4 Poised TCM,1.000000,-,-,-,-,-,-,-,-,-,-,-

563,SLAR%T,5.8e-03,2,2,2.2e-06,1.0e+00,7.4e-02,1.0e+00,1.0e-03,2.9e-02,global-SLAR%T,CASSLaRGtrdF,CASSLARGTRDF,TRBV7-9,TRBJ1-3,CAGARGNTGKLIF,Donor AJKQ118:PB TCRab CD4 Naive/TCM,1.000000,-,-,-,-,-,-,-,-,-,-,-
563,SLAR%T,5.8e-03,2,2,2.2e-06,1.0e+00,7.4e-02,1.0e+00,1.0e-03,2.9e-02,global-SLAR%T,CASSLarETQYF,CASSLARETQYF,TRBV12-3,TRBJ2-5,CAANSGAGSYQLTF,Donor AJG2309:LP TCRab CD4 Poised TCM,1.000000,-,-,-,-,-,-,-,-,-,-,-

564,S%DTE,5.8e-03,1,4,1.6e-07,1.0e+00,3.4e-01,2.0e-01,1.0e-03,2.3e-03,global-S%DTE,CASSgdTEAFF,CASSGDTEAFF,TRBV11-3,TRBJ1-1,CAGLRSNFGNEKLTF,Donor AJD3280:LP TCRab CD4 TRM,2.000000,-,-,-,-,-,-,-,-,-,-,-
564,S%DTE,5.8e-03,1,4,1.6e-07,1.0e+00,3.4e-01,2.0e-01,1.0e-03,2.3e-03,global-S%DTE,CASSRdTEAFF,CASSRDTEAFF,TRBV13,TRBJ1-1,CAAIGGAGSYQLTF,Donor AJD3280:PB TCRab CD4 Naive/TCM,1.000000,-,-,-,-,-,-,-,-,-,-,-
564,S%DTE,5.8e-03,1,4,1.6e-07,1.0e+00,3.4e-01,2.0e-01,1.0e-03,2.3e-03,global-S%DTE,CASSLdTEAFF,CASSLDTEAFF,TRBV5-6,TRBJ1-1,CAYRSGSGGNTGKLIF,Donor AJD3280:PB TCRab CD4 Naive/TCM,1.000000,-,-,-,-,-,-,-,-,-,-,-
564,S%DTE,5.8e-03,1,4,1.6e-07,1.0e+00,3.4e-01,2.0e-01,1.0e-03,2.3e-03,global-S%DTE,CASSYdTEAFF,CASSYDTEAFF,TRBV6-6,TRBJ1-1,CAYRSANAGNMLTF,Donor AJD3280:PB TCRab CD4 Naive/TCM,1.000000,-,-,-,-,-,-,-,-,-,-,-

565,S%TGRTGE,5.8e-03,2,2,2.1e-06,1.0e+00,7.2e-02,1.0e+00,1.0e-03,2.9e-02,global-S%TGRTGE,CSASpTGrTGELFF,CSASPTGRTGELFF,TRBV20-1,TRBJ2-2,CAEAGGANNLFF,Donor AJKQ118:PB TCRab CD4 Naive/TCM,1.000000,-,-,-,-,-,-,-,-,-,-,-
565,S%TGRTGE,5.8e-03,2,2,2.1e-06,1.0e+00,7.2e-02,1.0e+00,1.0e-03,2.9e-02,global-S%TGRTGE,CASSLTGrTGELFF,CASSLTGRTGELFF,TRBV7-3,TRBJ2-2,CAVRSWNSGNTPLVF,Donor AJD3280:LP TCRab CD4 Poised TCM,1.000000,-,-,-,-,-,-,-,-,-,-,-

566,S%GTGRNE,5.8e-03,2,2,1.8e-06,1.0e+00,6.1e-02,1.0e+00,1.0e-03,2.9e-02,global-S%GTGRNE,CASSEGTGrnEQYF,CASSEGTGRNEQYF,TRBV13,TRBJ2-7,CAVSGTSGSRLTF,Donor AJD3280:IEL TCRab CD4 Mobile TRM,1.000000,-,-,-,-,-,-,-,-,-,-,-
566,S%GTGRNE,5.8e-03,2,2,1.8e-06,1.0e+00,6.1e-02,1.0e+00,1.0e-03,2.9e-02,global-S%GTGRNE,CASSQGTGrNEQFF,CASSQGTGRNEQFF,TRBV3-1,TRBJ2-1,CAVRGSGTYKYIF,Donor AJG2309:PB TCRab CD4 Naive/TCM,1.000000,-,-,-,-,-,-,-,-,-,-,-

567,SVA%STDT,5.8e-03,1,2,1.8e-06,1.0e+00,6.2e-02,1.0e+00,1.0e-03,2.9e-02,global-SVA%STDT,CAISvAGSTDTQYF,CAISVAGSTDTQYF,TRBV10-3,TRBJ2-3,CAASHQAGTALIF,Donor AJD3280:LP TCRab CD4 TRM,1.000000,-,-,-,-,-,-,-,-,-,-,-
567,SVA%STDT,5.8e-03,1,2,1.8e-06,1.0e+00,6.2e-02,1.0e+00,1.0e-03,2.9e-02,global-SVA%STDT,CASSVavSTDTQYF,CASSVAVSTDTQYF,TRBV4-2,TRBJ2-3,CALSDRESGGSYIPTF,Donor AJD3280:IEL TCRab CD4 Mobile TRM,1.000000,-,-,-,-,-,-,-,-,-,-,-

568,SQGGA%T,5.8e-03,2,2,1.8e-06,1.0e+00,6.1e-02,1.0e+00,1.0e-03,2.9e-02,global-SQGGA%T,CASSQGGaqTQYF,CASSQGGAQTQYF,TRBV3-1,TRBJ2-5,CILRDVRSGGSNYKLTF,Donor AJKQ118:L TCRab CD4 TRM,1.000000,-,-,-,-,-,-,-,-,-,-,-
568,SQGGA%T,5.8e-03,2,2,1.8e-06,1.0e+00,6.1e-02,1.0e+00,1.0e-03,2.9e-02,global-SQGGA%T,CASSQGGaDTQYF,CASSQGGADTQYF,TRBV5-4,TRBJ2-3,CALILNSGYSTLTF,Donor AJD3280:LP TCRab CD4 Tph,1.000000,-,-,-,-,-,-,-,-,-,-,-

569,SVG%GSDT,5.8e-03,2,2,2.1e-06,1.0e+00,7.1e-02,1.0e+00,1.0e-03,2.9e-02,global-SVG%GSDT,CAWSvGLgsDTQYF,CAWSVGLGSDTQYF,TRBV30,TRBJ2-3,CAVSNSNSGYALNF,Donor AJG2309:PB TCRab CD4 FOXP3+ Treg,1.000000,-,-,-,-,-,-,-,-,-,-,-
569,SVG%GSDT,5.8e-03,2,2,2.1e-06,1.0e+00,7.1e-02,1.0e+00,1.0e-03,2.9e-02,global-SVG%GSDT,CASSVGQGsDTQYF,CASSVGQGSDTQYF,TRBV5-1,TRBJ2-3,CAVSGGGNTPLVF,Donor AJD3280:L TCRab CD4 TCM,1.000000,-,-,-,-,-,-,-,-,-,-,-

570,SR%GANEK,5.8e-03,2,2,1.9e-06,1.0e+00,6.5e-02,1.0e+00,1.0e-03,2.9e-02,global-SR%GANEK,CATSRegaNEKLFF,CATSREGANEKLFF,TRBV15,TRBJ1-4,CVVSVAGGFKTIF,Donor AJKQ118:PB TCRab CD4 Naive/TCM,1.000000,-,-,-,-,-,-,-,-,-,-,-
570,SR%GANEK,5.8e-03,2,2,1.9e-06,1.0e+00,6.5e-02,1.0e+00,1.0e-03,2.9e-02,global-SR%GANEK,CAhsRGgaNEKLFF,CAHSRGGANEKLFF,TRBV10-3,TRBJ1-4,CAVLPELQGAQKLVF,Donor AJG2309:PB TCRab CD4 Naive/TCM,1.000000,-,-,-,-,-,-,-,-,-,-,-

571,RERG%TDT,5.8e-03,1,2,1.8e-06,1.0e+00,6.1e-02,1.0e+00,1.0e-03,2.9e-02,global-RERG%TDT,CASreRGyTDTQYF,CASRERGYTDTQYF,TRBV7-2,TRBJ2-3,CAGGGAGNKLTF,Donor AJD3280:L TCRab CD4 TRM,1.000000,-,-,-,-,-,-,-,-,-,-,-
571,RERG%TDT,5.8e-03,1,2,1.8e-06,1.0e+00,6.1e-02,1.0e+00,1.0e-03,2.9e-02,global-RERG%TDT,CSAReRGaTDTQYF,CSARERGATDTQYF,TRBV20-1,TRBJ2-3,CAENFQTGANNLFF,Donor AJD3280:LP TCRab CD4 FOXP3+ Treg,1.000000,-,-,-,-,-,-,-,-,-,-,-

572,SLAR%,5.8e-03,2,2,2.2e-06,1.0e+00,7.6e-02,1.0e+00,1.0e-03,2.9e-02,global-SLAR%,CASSLariQFF,CASSLARIQFF,TRBV5-6,TRBJ2-1,CAARRDRKLIW,Donor AJKQ118:PB TCRab CD4 FOXP3+ Treg,1.000000,-,-,-,-,-,-,-,-,-,-,-
572,SLAR%,5.8e-03,2,2,2.2e-06,1.0e+00,7.6e-02,1.0e+00,1.0e-03,2.9e-02,global-SLAR%,CASSLarEQYF,CASSLAREQYF,TRBV12-3,TRBJ2-7,CVAGKSTF,Donor AJD3280:L TCRab CD4 Naive/TCM,1.000000,-,-,-,-,-,-,-,-,-,-,-

573,SEA%NT,5.8e-03,2,2,2.9e-08,1.0e+00,1.0e-03,1.0e+00,1.0e-03,2.9e-02,global-SEA%NT,CASSEaqnTQYF,CASSEAQNTQYF,TRBV6-1,TRBJ2-3,CAVRAQKLVF,Donor AJD3280:IEL TCRab CD4 TRM,1.000000,-,-,-,-,-,-,-,-,-,-,-
573,SEA%NT,5.8e-03,2,2,2.9e-08,1.0e+00,1.0e-03,1.0e+00,1.0e-03,2.9e-02,global-SEA%NT,CASSEalNTIYF,CASSEALNTIYF,TRBV6-1,TRBJ1-3,CAVQGGTSGGSYIPTF,Donor AJKQ118:PB TCRab CD4 Naive/TCM,1.000000,-,-,-,-,-,-,-,-,-,-,-

574,SLAGN%,5.8e-03,1,2,5.6e-07,1.0e+00,1.2e-01,1.6e-01,1.0e-03,2.9e-02,global-SLAGN%,CASSLAGNEQFF,CASSLAGNEQFF,TRBV12-4,TRBJ2-1,CAVRFDSGYALNF,Donor AJKQ118:L TCRab CD4 TRM,2.000000,-,-,-,-,-,-,-,-,-,-,-
574,SLAGN%,5.8e-03,1,2,5.6e-07,1.0e+00,1.2e-01,1.6e-01,1.0e-03,2.9e-02,global-SLAGN%,CASSLAGNEQFF,CASSLAGNEQFF,TRBV12-4,TRBJ2-1,CAVRFDSGYALNF,Donor AJKQ118:LP TCRab CD4 TRM,1.000000,-,-,-,-,-,-,-,-,-,-,-
574,SLAGN%,5.8e-03,1,2,5.6e-07,1.0e+00,1.2e-01,1.6e-01,1.0e-03,2.9e-02,global-SLAGN%,CASSLaGNTIYF,CASSLAGNTIYF,TRBV7-8,TRBJ1-3,CAARSVSSGAGSYQLTF,Donor AJKQ118:PB TCRab CD4 Naive/TCM,1.000000,-,-,-,-,-,-,-,-,-,-,-

575,RQ%NSP,5.8e-03,2,2,1.6e-06,1.0e+00,5.4e-02,1.0e+00,1.0e-03,2.9e-02,global-RQ%NSP,CSARQGNSPLHF,CSARQGNSPLHF,TRBV20-1,TRBJ1-6,CAAGNAGNMLTF,Donor AJD3280:PB TCRab CD4 Naive/TCM,1.000000,-,-,-,-,-,-,-,-,-,-,-
575,RQ%NSP,5.8e-03,2,2,1.6e-06,1.0e+00,5.4e-02,1.0e+00,1.0e-03,2.9e-02,global-RQ%NSP,CSVrqnNSPLHF,CSVRQNNSPLHF,TRBV29-1,TRBJ1-6,CAANPSGNTPLVF,Donor AJKQ118:PB TCRab CD4 Naive/TCM,1.000000,-,-,-,-,-,-,-,-,-,-,-

576,S%TDNSP,5.8e-03,1,2,2.1e-07,1.0e+00,6.4e-02,1.1e-01,1.0e-03,2.9e-02,global-S%TDNSP,CASSQtdNSPLHF,CASSQTDNSPLHF,TRBV3-1,TRBJ1-6,CILRRARGGGSNYKLTF,Donor AJKQ118:IEL TCRab CD4 TRM,2.000000,-,-,-,-,-,-,-,-,-,-,-
576,S%TDNSP,5.8e-03,1,2,2.1e-07,1.0e+00,6.4e-02,1.1e-01,1.0e-03,2.9e-02,global-S%TDNSP,CASSftdNSPLHF,CASSFTDNSPLHF,TRBV7-3,TRBJ1-6,CALSLNSGGYQKVTF,Donor AJKQ118:PB TCRab CD4 Naive/TCM,1.000000,-,-,-,-,-,-,-,-,-,-,-

577,SLGGY%E,5.8e-03,2,2,1.9e-06,1.0e+00,6.6e-02,1.0e+00,1.0e-03,2.9e-02,global-SLGGY%E,CASSLGGYNEQFF,CASSLGGYNEQFF,TRBV11-1,TRBJ2-1,CALSDPRGSNYKLTF,Donor AJD3280:PB TCRab CD4 Naive/TCM,1.000000,-,-,-,-,-,-,-,-,-,-,-
577,SLGGY%E,5.8e-03,2,2,1.9e-06,1.0e+00,6.6e-02,1.0e+00,1.0e-03,2.9e-02,global-SLGGY%E,CASSLGGyaEAFF,CASSLGGYAEAFF,TRBV5-6,TRBJ1-1,CAEKDAGGTSYGKLTF,Donor AJG2309:LP TCRab CD4 Tph,1.000000,-,-,-,-,-,-,-,-,-,-,-

578,SLKE%,5.8e-03,2,2,1.8e-06,1.0e+00,6.3e-02,1.0e+00,1.0e-03,2.9e-02,global-SLKE%,CASSLkEKLFF,CASSLKEKLFF,TRBV12-3,TRBJ1-4,CAGPRAGGTSYGKLTF,Donor AJD3280:LP TCRab CD4 Tph,1.000000,-,-,-,-,-,-,-,-,-,-,-
578,SLKE%,5.8e-03,2,2,1.8e-06,1.0e+00,6.3e-02,1.0e+00,1.0e-03,2.9e-02,global-SLKE%,CASSLkETQYF,CASSLKETQYF,TRBV6-2,TRBJ2-5,CAVKGGSSYKLIF,Donor AJKQ118:PB TCRab CD4 Naive/TCM,1.000000,-,-,-,-,-,-,-,-,-,-,-

579,SQ%RDSP,5.8e-03,1,2,2.1e-06,1.0e+00,7.1e-02,1.0e+00,1.0e-03,2.9e-02,global-SQ%RDSP,CASSQDRdSPLHF,CASSQDRDSPLHF,TRBV4-2,TRBJ1-6,CVASNNAGNMLTF,Donor AJD3280:LP TCRab CD4 TRM,1.000000,-,-,-,-,-,-,-,-,-,-,-
579,SQ%RDSP,5.8e-03,1,2,2.1e-06,1.0e+00,7.1e-02,1.0e+00,1.0e-03,2.9e-02,global-SQ%RDSP,CASSQlrdSPLHF,CASSQLRDSPLHF,TRBV4-1,TRBJ1-6,CALLSGNQFYF,Donor AJD3280:PB TCRab CD4 Naive/TCM,1.000000,-,-,-,-,-,-,-,-,-,-,-

580,SGDR%QP,5.8e-03,2,2,1.9e-06,1.0e+00,6.6e-02,1.0e+00,1.0e-03,2.9e-02,global-SGDR%QP,CASSgDRNQPQHF,CASSGDRNQPQHF,TRBV7-2,TRBJ1-5,CAGNNNDMRF,Donor AJD3280:LP TCRab CD4 Poised TCM,1.000000,-,-,-,-,-,-,-,-,-,-,-
580,SGDR%QP,5.8e-03,2,2,1.9e-06,1.0e+00,6.6e-02,1.0e+00,1.0e-03,2.9e-02,global-SGDR%QP,CASSgDRGQPQHF,CASSGDRGQPQHF,TRBV10-1,TRBJ1-5,CAMSQDRNNARLMF,Donor AJKQ118:PB TCRab CD4 Naive/TCM,1.000000,-,-,-,-,-,-,-,-,-,-,-

581,S%QAGE,5.8e-03,2,2,2.5e-07,1.0e+00,7.6e-02,1.1e-01,1.0e-03,2.9e-02,global-S%QAGE,CASSYqaGELFF,CASSYQAGELFF,TRBV11-2,TRBJ2-2,CGTEVEDSNYQLIW,Donor AJKQ118:LP TCRab CD4 Poised TCM,1.000000,-,-,-,-,-,-,-,-,-,-,-
581,S%QAGE,5.8e-03,2,2,2.5e-07,1.0e+00,7.6e-02,1.1e-01,1.0e-03,2.9e-02,global-S%QAGE,CASSfqaGELFF,CASSFQAGELFF,TRBV7-6,TRBJ2-2,CAASTGTYKYIF,Donor AJD3280:LP TCRab CD4 Tph,2.000000,-,-,-,-,-,-,-,-,-,-,-

582,SRGQG%NEK,5.8e-03,1,2,1.7e-06,1.0e+00,5.8e-02,1.0e+00,1.0e-03,2.9e-02,global-SRGQG%NEK,CASSRGQGnNEKLFF,CASSRGQGNNEKLFF,TRBV19,TRBJ1-4,CAMREIWDSSYKLIF,Donor AJG2309:LP TCRab CD4 FOXP3+ Treg,1.000000,-,-,-,-,-,-,-,-,-,-,-
582,SRGQG%NEK,5.8e-03,1,2,1.7e-06,1.0e+00,5.8e-02,1.0e+00,1.0e-03,2.9e-02,global-SRGQG%NEK,CASSRGQGrNEKLFF,CASSRGQGRNEKLFF,TRBV18,TRBJ1-4,CAAINYGGSQGNLIF,Donor AJG2309:LP TCRab CD4 TRM,1.000000,-,-,-,-,-,-,-,-,-,-,-

583,SGLAG%ET,5.8e-03,1,2,1.9e-06,1.0e+00,6.4e-02,1.0e+00,1.0e-03,2.9e-02,global-SGLAG%ET,CSASGLAGGETQYF,CSASGLAGGETQYF,TRBV20-1,TRBJ2-5,CATKIRGTGNQFYF,Donor AJD3280:LP TCRab CD4 Mobile TRM,1.000000,-,-,-,-,-,-,-,-,-,-,-
583,SGLAG%ET,5.8e-03,1,2,1.9e-06,1.0e+00,6.4e-02,1.0e+00,1.0e-03,2.9e-02,global-SGLAG%ET,CASSGLAGQETQYF,CASSGLAGQETQYF,TRBV19,TRBJ2-5,CLVGDIIAGDSSYKLIF,Donor AJD3280:L TCRab CD4 TRM,1.000000,-,-,-,-,-,-,-,-,-,-,-

584,S%STGE,6.1e-03,3,3,1.2e-06,1.0e+00,1.9e-01,1.0e+00,1.0e-03,6.2e-03,global-S%STGE,CASSRsTGELFF,CASSRSTGELFF,TRBV6-6,TRBJ2-2,CAGVTGTASKLTF,Donor AJD3280:PB TCRab CD4 Naive/TCM,1.000000,-,-,-,-,-,-,-,-,-,-,-
584,S%STGE,6.1e-03,3,3,1.2e-06,1.0e+00,1.9e-01,1.0e+00,1.0e-03,6.2e-03,global-S%STGE,CASSYsTGEAFF,CASSYSTGEAFF,TRBV6-2,TRBJ1-1,CAYRRGLSSGNTPLVF,Donor AJG2309:PB TCRab CD4 Naive/TCM,1.000000,-,-,-,-,-,-,-,-,-,-,-
584,S%STGE,6.1e-03,3,3,1.2e-06,1.0e+00,1.9e-01,1.0e+00,1.0e-03,6.2e-03,global-S%STGE,CASSLsTGELFF,CASSLSTGELFF,TRBV7-9,TRBJ2-2,CAVRDRSGGSYIPTF,Donor AJKQ118:IEL TCRab CD4 FOXP3+ Treg,1.000000,-,-,-,-,-,-,-,-,-,-,-

585,SSG%SNQP,6.1e-03,2,3,1.3e-08,1.0e+00,2.7e-02,7.5e-02,1.0e-03,6.2e-03,global-SSG%SNQP,CASSSGLSNQPQHF,CASSSGLSNQPQHF,TRBV6-5,TRBJ1-5,CIVSLSTDSWGKLQF,Donor AJD3280:PB TCRab CD4 Naive/TCM,1.000000,-,-,-,-,-,-,-,-,-,-,-
585,SSG%SNQP,6.1e-03,2,3,1.3e-08,1.0e+00,2.7e-02,7.5e-02,1.0e-03,6.2e-03,global-SSG%SNQP,CASSSgdSNQPQHF,CASSSGDSNQPQHF,TRBV5-1,TRBJ1-5,CAGGRGGSNYKLTF,Donor AJD3280:PB TCRab CD4 Naive/TCM,1.000000,-,-,-,-,-,-,-,-,-,-,-
585,SSG%SNQP,6.1e-03,2,3,1.3e-08,1.0e+00,2.7e-02,7.5e-02,1.0e-03,6.2e-03,global-SSG%SNQP,CASSSGTSNQPQHF,CASSSGTSNQPQHF,TRBV27,TRBJ1-5,CALSGGHSSASKIIF,Donor AJKQ118:IEL TCRab CD4 TRM,1.000000,-,-,-,-,-,-,-,-,-,-,-
585,SSG%SNQP,6.1e-03,2,3,1.3e-08,1.0e+00,2.7e-02,7.5e-02,1.0e-03,6.2e-03,global-SSG%SNQP,CASSSGTSNQPQHF,CASSSGTSNQPQHF,TRBV27,TRBJ1-5,CAYRTSGGYNKLIF,Donor AJKQ118:LP TCRab CD4 TRM,3.000000,-,-,-,-,-,-,-,-,-,-,-

586,S%RGGTE,6.1e-03,3,3,2.9e-07,1.0e+00,4.7e-02,1.0e+00,1.0e-03,6.2e-03,global-S%RGGTE,CASSLRGgTEAFF,CASSLRGGTEAFF,TRBV12-3,TRBJ1-1,CALYRASGGSYIPTF,Donor AJKQ118:PB TCRab CD4 Naive/TCM,1.000000,-,-,-,-,-,-,-,-,-,-,-
586,S%RGGTE,6.1e-03,3,3,2.9e-07,1.0e+00,4.7e-02,1.0e+00,1.0e-03,6.2e-03,global-S%RGGTE,CASSSRGgTEAFF,CASSSRGGTEAFF,TRBV11-3,TRBJ1-1,CALSEVGSWGKLQF,Donor AJD3280:LP TCRab CD4 FOXP3+ Treg,1.000000,-,-,-,-,-,-,-,-,-,-,-
586,S%RGGTE,6.1e-03,3,3,2.9e-07,1.0e+00,4.7e-02,1.0e+00,1.0e-03,6.2e-03,global-S%RGGTE,CASSSRGgTEAFF,CASSSRGGTEAFF,TRBV5-6,TRBJ1-1,CALSGPRNNNARLMF,Donor AJG2309:PB TCRab CD4 Naive/TCM,1.000000,-,-,-,-,-,-,-,-,-,-,-
586,S%RGGTE,6.1e-03,3,3,2.9e-07,1.0e+00,4.7e-02,1.0e+00,1.0e-03,6.2e-03,global-S%RGGTE,CASSwRGgTEAFF,CASSWRGGTEAFF,TRBV5-6,TRBJ1-1,CAVQGPSFQKLVF,Donor AJKQ118:PB TCRab CD4 FOXP3+ Treg,1.000000,-,-,-,-,-,-,-,-,-,-,-

587,SLGG%ET,6.1e-03,1,3,9.5e-07,1.0e+00,1.5e-01,1.0e+00,1.0e-03,6.2e-03,global-SLGG%ET,CASSLgGLETQYF,CASSLGGLETQYF,TRBV12-3,TRBJ2-5,CAYRSAMNHDKVIF,Donor AJD3280:LP TCRab CD4 TRM,1.000000,-,-,-,-,-,-,-,-,-,-,-
587,SLGG%ET,6.1e-03,1,3,9.5e-07,1.0e+00,1.5e-01,1.0e+00,1.0e-03,6.2e-03,global-SLGG%ET,CASSLgGRETQYF,CASSLGGRETQYF,TRBV11-3,TRBJ2-5,CAATSGTYKYIF,Donor AJD3280:IEL TCRab CD4 TRM,1.000000,-,-,-,-,-,-,-,-,-,-,-
587,SLGG%ET,6.1e-03,1,3,9.5e-07,1.0e+00,1.5e-01,1.0e+00,1.0e-03,6.2e-03,global-SLGG%ET,CASSLGGQETQYF,CASSLGGQETQYF,TRBV7-3,TRBJ2-5,CAVSSRAAGNKLTF,Donor AJD3280:L TCRab CD4 TRM,1.000000,-,-,-,-,-,-,-,-,-,-,-

588,SLSGG%SYE,6.1e-03,2,3,6.0e-07,1.0e+00,9.7e-02,1.0e+00,1.0e-03,6.2e-03,global-SLSGG%SYE,CASSLSGGqSYEQYF,CASSLSGGQSYEQYF,TRBV27,TRBJ2-7,CTNTDKLIF,Donor AJKQ118:PB TCRab CD4 Naive/TCM,1.000000,-,-,-,-,-,-,-,-,-,-,-
588,SLSGG%SYE,6.1e-03,2,3,6.0e-07,1.0e+00,9.7e-02,1.0e+00,1.0e-03,6.2e-03,global-SLSGG%SYE,CASSLSGGpSYEQYF,CASSLSGGPSYEQYF,TRBV7-3,TRBJ2-7,CAGIPSSNTGKLIF,Donor AJD3280:PB TCRab CD4 Naive/TCM,1.000000,-,-,-,-,-,-,-,-,-,-,-
588,SLSGG%SYE,6.1e-03,2,3,6.0e-07,1.0e+00,9.7e-02,1.0e+00,1.0e-03,6.2e-03,global-SLSGG%SYE,CASSLSGGsSYEQYF,CASSLSGGSSYEQYF,TRBV27,TRBJ2-7,CAVRDIGNRDDKIIF,Donor AJD3280:L TCRab CD4 Naive/TCM,1.000000,-,-,-,-,-,-,-,-,-,-,-

589,%RADT,6.1e-03,2,3,1.1e-06,1.0e+00,1.8e-01,1.0e+00,1.0e-03,6.2e-03,global-%RADT,CSVfraDTQYF,CSVFRADTQYF,TRBV29-1,TRBJ2-3,CIVRVARSGGYQKVTF,Donor AJKQ118:LP TCRab CD4 TRM,1.000000,-,-,-,-,-,-,-,-,-,-,-
589,%RADT,6.1e-03,2,3,1.1e-06,1.0e+00,1.8e-01,1.0e+00,1.0e-03,6.2e-03,global-%RADT,CASSRaDTQYF,CASSRADTQYF,TRBV7-2,TRBJ2-3,CAVDYTGGFKTIF,Donor AJD3280:LP TCRab CD4 Mobile TRM,1.000000,-,-,-,-,-,-,-,-,-,-,-
589,%RADT,6.1e-03,2,3,1.1e-06,1.0e+00,1.8e-01,1.0e+00,1.0e-03,6.2e-03,global-%RADT,CASGraDTQYF,CASGRADTQYF,TRBV12-4,TRBJ2-3,CAPSMDSNYQLIW,Donor AJD3280:PB TCRab CD4 FOXP3+ Treg,1.000000,-,-,-,-,-,-,-,-,-,-,-

590,SLQG%YG,6.1e-03,2,3,1.6e-07,1.0e+00,1.6e-01,1.6e-01,1.0e-03,6.2e-03,global-SLQG%YG,CASSLQGsYGYTF,CASSLQGSYGYTF,TRBV12-4,TRBJ1-2,CAVSDDYKLSF,Donor AJKQ118:PB TCRab CD4 Naive/TCM,1.000000,-,-,-,-,-,-,-,-,-,-,-
590,SLQG%YG,6.1e-03,2,3,1.6e-07,1.0e+00,1.6e-01,1.6e-01,1.0e-03,6.2e-03,global-SLQG%YG,CASSLQGNYGYTF,CASSLQGNYGYTF,TRBV5-1,TRBJ1-2,CAGHSDGQKLLF,Donor AJD3280:PB TCRab CD4 Naive/TCM,1.000000,-,-,-,-,-,-,-,-,-,-,-
590,SLQG%YG,6.1e-03,2,3,1.6e-07,1.0e+00,1.6e-01,1.6e-01,1.0e-03,6.2e-03,global-SLQG%YG,CASSLQGdYGYTF,CASSLQGDYGYTF,TRBV5-8,TRBJ1-2,CAVEGGTASKLTF,Donor AJD3280:LP TCRab CD4 Tph,2.000000,-,-,-,-,-,-,-,-,-,-,-

591,S%GTGPYE,6.1e-03,1,3,5.0e-08,1.0e+00,8.0e-03,1.0e+00,1.0e-03,6.2e-03,global-S%GTGPYE,CASSaGTGpYEQYF,CASSAGTGPYEQYF,TRBV9,TRBJ2-7,CAVSPGIYNQGGKLIF,Donor AJD3280:PB TCRab CD4 FOXP3+ Treg,1.000000,-,-,-,-,-,-,-,-,-,-,-
591,S%GTGPYE,6.1e-03,1,3,5.0e-08,1.0e+00,8.0e-03,1.0e+00,1.0e-03,6.2e-03,global-S%GTGPYE,CASSfGTGpYEQYF,CASSFGTGPYEQYF,TRBV12-3,TRBJ2-7,CALRLAGSEKLVF,Donor AJD3280:PB TCRab CD4 FOXP3+ Treg,1.000000,-,-,-,-,-,-,-,-,-,-,-
591,S%GTGPYE,6.1e-03,1,3,5.0e-08,1.0e+00,8.0e-03,1.0e+00,1.0e-03,6.2e-03,global-S%GTGPYE,CASSLGTGpYEQYF,CASSLGTGPYEQYF,TRBV12-3,TRBJ2-7,CAAHRNTGGFKTIF,Donor AJD3280:PB TCRab CD4 Naive/TCM,1.000000,-,-,-,-,-,-,-,-,-,-,-

592,SPGT%YG,6.1e-03,2,3,3.0e-06,1.0e+00,4.9e-01,1.0e+00,1.0e-03,6.2e-03,global-SPGT%YG,CASSPGTNYGYTF,CASSPGTNYGYTF,TRBV7-3,TRBJ1-2,CAGSNYQLIW,Donor AJD3280:L TCRab CD4 TRM,1.000000,-,-,-,-,-,-,-,-,-,-,-
592,SPGT%YG,6.1e-03,2,3,3.0e-06,1.0e+00,4.9e-01,1.0e+00,1.0e-03,6.2e-03,global-SPGT%YG,CASSPGTNYGYTF,CASSPGTNYGYTF,TRBV6-6,TRBJ1-2,CVVSDGGGTASKLTF,Donor AJG2309:LP TCRab CD4 Naive/TCM,1.000000,-,-,-,-,-,-,-,-,-,-,-
592,SPGT%YG,6.1e-03,2,3,3.0e-06,1.0e+00,4.9e-01,1.0e+00,1.0e-03,6.2e-03,global-SPGT%YG,CASSPGTSYGYTF,CASSPGTSYGYTF,TRBV5-6,TRBJ1-2,CAASVGNFNKFYF,Donor AJD3280:LP TCRab CD4 TRM,1.000000,-,-,-,-,-,-,-,-,-,-,-
592,SPGT%YG,6.1e-03,2,3,3.0e-06,1.0e+00,4.9e-01,1.0e+00,1.0e-03,6.2e-03,global-SPGT%YG,CASSPGTaYGYTF,CASSPGTAYGYTF,TRBV4-3,TRBJ1-2,CAVRSGTDKLIF,Donor AJD3280:L TCRab CD4 Naive/TCM,1.000000,-,-,-,-,-,-,-,-,-,-,-
592,SPGT%YG,6.1e-03,2,3,3.0e-06,1.0e+00,4.9e-01,1.0e+00,1.0e-03,6.2e-03,global-SPGT%YG,CASSPGTaYGYTF,CASSPGTAYGYTF,TRBV6-5,TRBJ1-2,CAASAGTSYDKVIF,Donor AJD3280:PB TCRab CD4 Naive/TCM,1.000000,-,-,-,-,-,-,-,-,-,-,-

593,SPG%NQP,6.1e-03,2,3,5.2e-08,1.0e+00,1.9e-01,4.4e-02,1.0e-03,6.2e-03,global-SPG%NQP,CSASpGGNQPQHF,CSASPGGNQPQHF,TRBV20-1,TRBJ1-5,CAMNYGGSQGNLIF,Donor AJG2309:PB TCRab CD4 Naive/TCM,1.000000,-,-,-,-,-,-,-,-,-,-,-
593,SPG%NQP,6.1e-03,2,3,5.2e-08,1.0e+00,1.9e-01,4.4e-02,1.0e-03,6.2e-03,global-SPG%NQP,CASSPgSNQPQHF,CASSPGSNQPQHF,TRBV5-1,TRBJ1-5,CALNAGGTSYGKLTF,Donor AJG2309:LP TCRab CD4 FOXP3+ Treg,1.000000,-,-,-,-,-,-,-,-,-,-,-
593,SPG%NQP,6.1e-03,2,3,5.2e-08,1.0e+00,1.9e-01,4.4e-02,1.0e-03,6.2e-03,global-SPG%NQP,CASSPGGNQPQHF,CASSPGGNQPQHF,TRBV18,TRBJ1-5,CAYSKAGANSKLTF,Donor AJKQ118:LP TCRab CD4 TRM,3.000000,-,-,-,-,-,-,-,-,-,-,-

594,SLAG%GE,6.1e-03,2,3,7.3e-07,1.0e+00,1.2e-01,1.0e+00,1.0e-03,6.2e-03,global-SLAG%GE,CASSLAGmgEQYF,CASSLAGMGEQYF,TRBV7-2,TRBJ2-7,CAAGTSTGANNLFF,Donor AJD3280:LP TCRab CD4 Mobile TRM,1.000000,-,-,-,-,-,-,-,-,-,-,-
594,SLAG%GE,6.1e-03,2,3,7.3e-07,1.0e+00,1.2e-01,1.0e+00,1.0e-03,6.2e-03,global-SLAG%GE,CASSLaGLgEQYF,CASSLAGLGEQYF,TRBV7-2,TRBJ2-7,CAASEGSSNTGKLIF,Donor AJKQ118:L TCRab CD4 TRM,1.000000,-,-,-,-,-,-,-,-,-,-,-
594,SLAG%GE,6.1e-03,2,3,7.3e-07,1.0e+00,1.2e-01,1.0e+00,1.0e-03,6.2e-03,global-SLAG%GE,CASSLAGsGELFF,CASSLAGSGELFF,TRBV5-6,TRBJ2-2,CALSGQGFNKFYF,Donor AJD3280:LP TCRab CD4 Poised TCM,1.000000,-,-,-,-,-,-,-,-,-,-,-

595,SL%TNTE,6.1e-03,2,3,1.0e-06,1.0e+00,1.7e-01,1.0e+00,1.0e-03,6.2e-03,global-SL%TNTE,CASSLGTNTEAFF,CASSLGTNTEAFF,TRBV5-1,TRBJ1-1,CAASRTSGSARQLTF,Donor AJD3280:PB TCRab CD4 Naive/TCM,1.000000,-,-,-,-,-,-,-,-,-,-,-
595,SL%TNTE,6.1e-03,2,3,1.0e-06,1.0e+00,1.7e-01,1.0e+00,1.0e-03,6.2e-03,global-SL%TNTE,CASSLstNTEAFF,CASSLSTNTEAFF,TRBV14,TRBJ1-1,CAMSRYSSASKIIF,Donor AJG2309:L TCRab CD4 TCM,1.000000,-,-,-,-,-,-,-,-,-,-,-
595,SL%TNTE,6.1e-03,2,3,1.0e-06,1.0e+00,1.7e-01,1.0e+00,1.0e-03,6.2e-03,global-SL%TNTE,CASSLqtNTEAFF,CASSLQTNTEAFF,TRBV7-8,TRBJ1-1,CAMSGISLDTGRRALTF,Donor AJD3280:LP TCRab CD4 TRM,1.000000,-,-,-,-,-,-,-,-,-,-,-

596,S%GSTDT,6.3e-03,2,4,8.2e-07,1.0e+00,3.5e-01,1.0e+00,1.0e-03,2.3e-03,global-S%GSTDT,CASSfgSTDTQYF,CASSFGSTDTQYF,TRBV11-2,TRBJ2-3,CIVRGNGGATNKLIF,Donor AJKQ118:PB TCRab CD4 Naive/TCM,1.000000,-,-,-,-,-,-,-,-,-,-,-
596,S%GSTDT,6.3e-03,2,4,8.2e-07,1.0e+00,3.5e-01,1.0e+00,1.0e-03,2.3e-03,global-S%GSTDT,CASSLgSTDTQYF,CASSLGSTDTQYF,TRBV5-6,TRBJ2-3,CAASSGGGSTLGRLYF,Donor AJD3280:IEL TCRab CD4 TRM,1.000000,-,-,-,-,-,-,-,-,-,-,-
596,S%GSTDT,6.3e-03,2,4,8.2e-07,1.0e+00,3.5e-01,1.0e+00,1.0e-03,2.3e-03,global-S%GSTDT,CATSDgSTDTQYF,CATSDGSTDTQYF,TRBV24-1,TRBJ2-3,CAETFSGGYNKLIF,Donor AJD3280:IEL TCRab CD4 TRM,1.000000,-,-,-,-,-,-,-,-,-,-,-
596,S%GSTDT,6.3e-03,2,4,8.2e-07,1.0e+00,3.5e-01,1.0e+00,1.0e-03,2.3e-03,global-S%GSTDT,CASSGGSTDTQYF,CASSGGSTDTQYF,TRBV12-3,TRBJ2-3,CALSEGGTDKLIF,Donor AJKQ118:IEL TCRab CD4 TRM,1.000000,-,-,-,-,-,-,-,-,-,-,-

597,SLA%NTE,6.9e-03,2,3,1.3e-06,1.0e+00,2.0e-01,1.0e+00,1.0e-03,6.2e-03,global-SLA%NTE,CASSLarNTEAFF,CASSLARNTEAFF,TRBV7-6,TRBJ1-1,CATDLTGRRALTF,Donor AJKQ118:PB TCRab CD4 FOXP3+ Treg,1.000000,-,-,-,-,-,-,-,-,-,-,-
597,SLA%NTE,6.9e-03,2,3,1.3e-06,1.0e+00,2.0e-01,1.0e+00,1.0e-03,6.2e-03,global-SLA%NTE,CASSLalNTEAFF,CASSLALNTEAFF,TRBV11-2,TRBJ1-1,CAASAGGFQKLVF,Donor AJG2309:LP TCRab CD4 Poised TCM,1.000000,-,-,-,-,-,-,-,-,-,-,-
597,SLA%NTE,6.9e-03,2,3,1.3e-06,1.0e+00,2.0e-01,1.0e+00,1.0e-03,6.2e-03,global-SLA%NTE,CASSLahNTEAFF,CASSLAHNTEAFF,TRBV5-1,TRBJ1-1,CAVRSDSNYQLIW,Donor AJG2309:PB TCRab CD4 Naive/TCM,1.000000,-,-,-,-,-,-,-,-,-,-,-

598,SLTG%TE,6.9e-03,3,3,1.7e-07,1.0e+00,1.7e-01,1.6e-01,1.0e-03,6.2e-03,global-SLTG%TE,CASSLTGGTEAFF,CASSLTGGTEAFF,TRBV6-1,TRBJ1-1,CAVRGNFNKFYF,Donor AJKQ118:PB TCRab CD4 Naive/TCM,1.000000,-,-,-,-,-,-,-,-,-,-,-
598,SLTG%TE,6.9e-03,3,3,1.7e-07,1.0e+00,1.7e-01,1.6e-01,1.0e-03,6.2e-03,global-SLTG%TE,CASSLTGsTEAFF,CASSLTGSTEAFF,TRBV11-1,TRBJ1-1,CALIIQGAQKLVF,Donor AJD3280:LP TCRab CD4 TRM,2.000000,-,-,-,-,-,-,-,-,-,-,-
598,SLTG%TE,6.9e-03,3,3,1.7e-07,1.0e+00,1.7e-01,1.6e-01,1.0e-03,6.2e-03,global-SLTG%TE,CASSLTGyTEAFF,CASSLTGYTEAFF,TRBV5-1,TRBJ1-1,CAFISMAVGYGNKLVF,Donor AJG2309:PB TCRab CD4 Naive/TCM,1.000000,-,-,-,-,-,-,-,-,-,-,-

599,SL%RGTE,6.9e-03,3,3,1.3e-08,1.0e+00,1.6e-02,1.3e-01,1.0e-03,6.2e-03,global-SL%RGTE,CASSLtRGTEAFF,CASSLTRGTEAFF,TRBV7-2,TRBJ1-1,CAVSRYSSASKIIF,Donor AJKQ118:PB TCRab CD4 Naive/TCM,1.000000,-,-,-,-,-,-,-,-,-,-,-
599,SL%RGTE,6.9e-03,3,3,1.3e-08,1.0e+00,1.6e-02,1.3e-01,1.0e-03,6.2e-03,global-SL%RGTE,CASSLrRGTEAFF,CASSLRRGTEAFF,TRBV7-3,TRBJ1-1,CAASRYNQGGKLIF,Donor AJG2309:LP TCRab CD4 TRM,1.000000,-,-,-,-,-,-,-,-,-,-,-
599,SL%RGTE,6.9e-03,3,3,1.3e-08,1.0e+00,1.6e-02,1.3e-01,1.0e-03,6.2e-03,global-SL%RGTE,CASSLDRGTEAFF,CASSLDRGTEAFF,TRBV7-3,TRBJ1-1,CAVNAILGGFKTIF,Donor AJD3280:IEL TCRab CD4 TRM,1.000000,-,-,-,-,-,-,-,-,-,-,-
599,SL%RGTE,6.9e-03,3,3,1.3e-08,1.0e+00,1.6e-02,1.3e-01,1.0e-03,6.2e-03,global-SL%RGTE,CASSLDRGTEAFF,CASSLDRGTEAFF,TRBV11-2,TRBJ1-1,CAVSFDGQKLLF,Donor AJD3280:LP TCRab CD4 Poised TCM,1.000000,-,-,-,-,-,-,-,-,-,-,-
599,SL%RGTE,6.9e-03,3,3,1.3e-08,1.0e+00,1.6e-02,1.3e-01,1.0e-03,6.2e-03,global-SL%RGTE,CASSLDRGTEAFF,CASSLDRGTEAFF,TRBV7-3,TRBJ1-1,CAVRDELRSGNTGKLIF,Donor AJD3280:LP TCRab CD4 TRM,1.000000,-,-,-,-,-,-,-,-,-,-,-
599,SL%RGTE,6.9e-03,3,3,1.3e-08,1.0e+00,1.6e-02,1.3e-01,1.0e-03,6.2e-03,global-SL%RGTE,CASSLDRGTEAFF,CASSLDRGTEAFF,TRBV7-3,TRBJ1-1,CAVNAILGGFKTIF,Donor AJD3280:LP TCRab CD4 TRM,3.000000,-,-,-,-,-,-,-,-,-,-,-

600,SQG%T,6.9e-03,1,3,6.9e-10,1.0e+00,4.0e-03,2.8e-02,1.0e-03,6.2e-03,global-SQG%T,CSASQGDTQYF,CSASQGDTQYF,TRBV20-1,TRBJ2-3,CAEGGAGRRALTF,Donor AJD3280:PB TCRab CD4 Naive/TCM,1.000000,-,-,-,-,-,-,-,-,-,-,-
600,SQG%T,6.9e-03,1,3,6.9e-10,1.0e+00,4.0e-03,2.8e-02,1.0e-03,6.2e-03,global-SQG%T,CSASqGNTIYF,CSASQGNTIYF,TRBV20-1,TRBJ1-3,CAASGSGGAQKLVF,Donor AJD3280:PB TCRab CD4 Naive/TCM,1.000000,-,-,-,-,-,-,-,-,-,-,-
600,SQG%T,6.9e-03,1,3,6.9e-10,1.0e+00,4.0e-03,2.8e-02,1.0e-03,6.2e-03,global-SQG%T,CASSQgETQYF,CASSQGETQYF,TRBV3-1,TRBJ2-5,CAVGEYGNKLVF,Donor AJD3280:LP TCRab CD4 FOXP3+ Treg,4.000000,-,-,-,-,-,-,-,-,-,-,-

601,%RDSSYE,6.9e-03,2,3,1.3e-06,1.0e+00,2.0e-01,1.0e+00,1.0e-03,6.2e-03,global-%RDSSYE,CASSRdsSYEQYF,CASSRDSSYEQYF,TRBV7-9,TRBJ2-7,CALSTGAGGTSYGKLTF,Donor AJKQ118:PB TCRab CD4 Naive/TCM,1.000000,-,-,-,-,-,-,-,-,-,-,-
601,%RDSSYE,6.9e-03,2,3,1.3e-06,1.0e+00,2.0e-01,1.0e+00,1.0e-03,6.2e-03,global-%RDSSYE,CASrrdsSYEQYF,CASRRDSSYEQYF,TRBV6-2,TRBJ2-7,CALSEGGAQKLVF,Donor AJD3280:LP TCRab CD4 TRM,1.000000,-,-,-,-,-,-,-,-,-,-,-
601,%RDSSYE,6.9e-03,2,3,1.3e-06,1.0e+00,2.0e-01,1.0e+00,1.0e-03,6.2e-03,global-%RDSSYE,CAScrdsSYEQYF,CASCRDSSYEQYF,TRBV2,TRBJ2-7,CAYRSSYLNNNARLMF,Donor AJD3280:L TCRab CD4 TRM,1.000000,-,-,-,-,-,-,-,-,-,-,-

602,S%QGDQP,6.9e-03,2,3,4.3e-08,1.0e+00,7.0e-03,1.0e+00,1.0e-03,6.2e-03,global-S%QGDQP,CSASrQGdQPQHF,CSASRQGDQPQHF,TRBV20-1,TRBJ1-5,CAMNSGGSNYKLTF,Donor AJKQ118:LP TCRab CD4 Mobile TRM,1.000000,-,-,-,-,-,-,-,-,-,-,-
602,S%QGDQP,6.9e-03,2,3,4.3e-08,1.0e+00,7.0e-03,1.0e+00,1.0e-03,6.2e-03,global-S%QGDQP,CSASyQGdQPQHF,CSASYQGDQPQHF,TRBV20-1,TRBJ1-5,CAANSGGSNYKLTF,Donor AJKQ118:LP TCRab CD4 TRM,1.000000,-,-,-,-,-,-,-,-,-,-,-
602,S%QGDQP,6.9e-03,2,3,4.3e-08,1.0e+00,7.0e-03,1.0e+00,1.0e-03,6.2e-03,global-S%QGDQP,CASSaQGdQPQHF,CASSAQGDQPQHF,TRBV2,TRBJ1-5,CALIFLRAAGNKLTF,Donor AJD3280:LP TCRab CD4 FOXP3+ Treg,1.000000,-,-,-,-,-,-,-,-,-,-,-

603,S%GLLNTE,7.7e-03,1,2,2.0e-06,1.0e+00,6.9e-02,1.0e+00,1.0e-03,2.9e-02,global-S%GLLNTE,CASSPGLlNTEAFF,CASSPGLLNTEAFF,TRBV5-1,TRBJ1-1,CVVKRDNYGQNFVF,Donor AJKQ118:L TCRab CD4 TRM,1.000000,-,-,-,-,-,-,-,-,-,-,-
603,S%GLLNTE,7.7e-03,1,2,2.0e-06,1.0e+00,6.9e-02,1.0e+00,1.0e-03,2.9e-02,global-S%GLLNTE,CASSSGLlNTEAFF,CASSSGLLNTEAFF,TRBV5-6,TRBJ1-1,CAMSAYSSASKIIF,Donor AJKQ118:PB TCRab CD4 Naive/TCM,1.000000,-,-,-,-,-,-,-,-,-,-,-

604,S%EYSNQP,7.7e-03,2,2,1.8e-06,1.0e+00,6.1e-02,1.0e+00,1.0e-03,2.9e-02,global-S%EYSNQP,CASSaeySNQPQHF,CASSAEYSNQPQHF,TRBV2,TRBJ1-5,CAASIPGGGADGLTF,Donor AJKQ118:PB TCRab CD4 Naive/TCM,1.000000,-,-,-,-,-,-,-,-,-,-,-
604,S%EYSNQP,7.7e-03,2,2,1.8e-06,1.0e+00,6.1e-02,1.0e+00,1.0e-03,2.9e-02,global-S%EYSNQP,CASSPeySNQPQHF,CASSPEYSNQPQHF,TRBV7-2,TRBJ1-5,CATRSESGGGADGLTF,Donor AJD3280:PB TCRab CD4 FOXP3+ Treg,1.000000,-,-,-,-,-,-,-,-,-,-,-

605,SLA%RNTE,7.7e-03,2,2,1.7e-06,1.0e+00,5.8e-02,1.0e+00,1.0e-03,2.9e-02,global-SLA%RNTE,CASSLaqrNTEAFF,CASSLAQRNTEAFF,TRBV12-3,TRBJ1-1,CASWYRDDKIIF,Donor AJKQ118:PB TCRab CD4 Naive/TCM,1.000000,-,-,-,-,-,-,-,-,-,-,-
605,SLA%RNTE,7.7e-03,2,2,1.7e-06,1.0e+00,5.8e-02,1.0e+00,1.0e-03,2.9e-02,global-SLA%RNTE,CASSLavrNTEAFF,CASSLAVRNTEAFF,TRBV13,TRBJ1-1,CALSEAEKSSGDKLTF,Donor AJD3280:LP TCRab CD4 Poised TCM,1.000000,-,-,-,-,-,-,-,-,-,-,-

606,S%LGTGSYE,7.7e-03,1,2,2.9e-08,1.0e+00,1.0e-03,1.0e+00,1.0e-03,2.9e-02,global-S%LGTGSYE,CASSRlGTGSYEQYF,CASSRLGTGSYEQYF,TRBV5-6,TRBJ2-7,CAESIGARLMF,Donor AJG2309:PB TCRab CD4 Naive/TCM,1.000000,-,-,-,-,-,-,-,-,-,-,-
606,S%LGTGSYE,7.7e-03,1,2,2.9e-08,1.0e+00,1.0e-03,1.0e+00,1.0e-03,2.9e-02,global-S%LGTGSYE,CASSSlGTGSYEQYF,CASSSLGTGSYEQYF,TRBV5-6,TRBJ2-7,CAASILERNNNDMRF,Donor AJG2309:PB TCRab CD4 Naive/TCM,1.000000,-,-,-,-,-,-,-,-,-,-,-

607,SPDR%GNQP,7.7e-03,2,2,2.2e-06,1.0e+00,7.7e-02,1.0e+00,1.0e-03,2.9e-02,global-SPDR%GNQP,CASSPDRfgNQPQHF,CASSPDRFGNQPQHF,TRBV2,TRBJ1-5,CAVSPPYTGANSKLTF,Donor AJD3280:LP TCRab CD4 Tph,1.000000,-,-,-,-,-,-,-,-,-,-,-
607,SPDR%GNQP,7.7e-03,2,2,2.2e-06,1.0e+00,7.7e-02,1.0e+00,1.0e-03,2.9e-02,global-SPDR%GNQP,CASSPDRwgNQPQHF,CASSPDRWGNQPQHF,TRBV18,TRBJ1-5,CAASAPNFGNEKLTF,Donor AJKQ118:PB TCRab CD4 Naive/TCM,1.000000,-,-,-,-,-,-,-,-,-,-,-

608,RLAGGS%NE,7.7e-03,1,2,1.8e-06,1.0e+00,6.2e-02,1.0e+00,1.0e-03,2.9e-02,global-RLAGGS%NE,CASrLAGGSYNEQFF,CASRLAGGSYNEQFF,TRBV6-2,TRBJ2-1,CAVGADSWGKLQF,Donor AJKQ118:PB TCRab CD4 Naive/TCM,1.000000,-,-,-,-,-,-,-,-,-,-,-
608,RLAGGS%NE,7.7e-03,1,2,1.8e-06,1.0e+00,6.2e-02,1.0e+00,1.0e-03,2.9e-02,global-RLAGGS%NE,CSARLAGGsnNEQFF,CSARLAGGSNNEQFF,TRBV20-1,TRBJ2-1,CATALFGGNTPLVF,Donor AJKQ118:LP TCRab CD4 Mobile TRM,1.000000,-,-,-,-,-,-,-,-,-,-,-

609,E%GTE,7.7e-03,1,2,3.2e-07,1.0e+00,1.1e-02,1.0e+00,1.0e-03,2.9e-02,global-E%GTE,CASeSGTEAFF,CASESGTEAFF,TRBV19,TRBJ1-1,CVVRTNYGGSQGNLIF,Donor AJD3280:PB TCRab CD4 Naive/TCM,1.000000,-,-,-,-,-,-,-,-,-,-,-
609,E%GTE,7.7e-03,1,2,3.2e-07,1.0e+00,1.1e-02,1.0e+00,1.0e-03,2.9e-02,global-E%GTE,CSVERGTEAFF,CSVERGTEAFF,TRBV29-1,TRBJ1-1,CIVRVNEWGTASKLTF,Donor AJD3280:IEL TCRab CD4 TRM,1.000000,-,-,-,-,-,-,-,-,-,-,-
609,E%GTE,7.7e-03,1,2,3.2e-07,1.0e+00,1.1e-02,1.0e+00,1.0e-03,2.9e-02,global-E%GTE,CSVERGTEAFF,CSVERGTEAFF,TRBV29-1,TRBJ1-1,CALGGETSGSRLTF,Donor AJD3280:LP TCRab CD4 TRM,1.000000,-,-,-,-,-,-,-,-,-,-,-
609,E%GTE,7.7e-03,1,2,3.2e-07,1.0e+00,1.1e-02,1.0e+00,1.0e-03,2.9e-02,global-E%GTE,CSVERGTEAFF,CSVERGTEAFF,TRBV29-1,TRBJ1-1,CIVRVNEWGTASKLTF,Donor AJD3280:LP TCRab CD4 TRM,1.000000,-,-,-,-,-,-,-,-,-,-,-

610,SLG%RTE,7.7e-03,2,2,2.9e-08,1.0e+00,1.0e-03,1.0e+00,1.0e-03,2.9e-02,global-SLG%RTE,CASSLgGRTEAFF,CASSLGGRTEAFF,TRBV7-3,TRBJ1-1,CAGRSGYGGATNKLIF,Donor AJG2309:LP TCRab CD4 TRM,1.000000,-,-,-,-,-,-,-,-,-,-,-
610,SLG%RTE,7.7e-03,2,2,2.9e-08,1.0e+00,1.0e-03,1.0e+00,1.0e-03,2.9e-02,global-SLG%RTE,CASSLgarTEAFF,CASSLGARTEAFF,TRBV7-3,TRBJ1-1,CAGRWGNQFYF,Donor AJD3280:LP TCRab CD4 TRM,1.000000,-,-,-,-,-,-,-,-,-,-,-

611,SL%YTDT,7.7e-03,1,2,1.8e-06,1.0e+00,6.3e-02,1.0e+00,1.0e-03,2.9e-02,global-SL%YTDT,CASSLdyTDTQYF,CASSLDYTDTQYF,TRBV7-2,TRBJ2-3,CAVRSRYNTDKLIF,Donor AJKQ118:PB TCRab CD4 Naive/TCM,1.000000,-,-,-,-,-,-,-,-,-,-,-
611,SL%YTDT,7.7e-03,1,2,1.8e-06,1.0e+00,6.3e-02,1.0e+00,1.0e-03,2.9e-02,global-SL%YTDT,CASSLayTDTQYF,CASSLAYTDTQYF,TRBV7-7,TRBJ2-3,CAASVQGAQKLVF,Donor AJKQ118:PB TCRab CD4 Naive/TCM,1.000000,-,-,-,-,-,-,-,-,-,-,-

612,SLR%GDT,7.7e-03,2,2,1.9e-06,1.0e+00,6.6e-02,1.0e+00,1.0e-03,2.9e-02,global-SLR%GDT,CASSLrwgDTQYF,CASSLRWGDTQYF,TRBV7-2,TRBJ2-5,CAVDIPSNYQLIW,Donor AJG2309:PB TCRab CD4 Naive/TCM,1.000000,-,-,-,-,-,-,-,-,-,-,-
612,SLR%GDT,7.7e-03,2,2,1.9e-06,1.0e+00,6.6e-02,1.0e+00,1.0e-03,2.9e-02,global-SLR%GDT,CASSLrAGDTQYF,CASSLRAGDTQYF,TRBV18,TRBJ2-3,CAADTGNQFYF,Donor AJKQ118:PB TCRab CD4 Naive/TCM,1.000000,-,-,-,-,-,-,-,-,-,-,-

613,%PGLAGET,7.7e-03,1,2,2.3e-06,1.0e+00,7.8e-02,1.0e+00,1.0e-03,2.9e-02,global-%PGLAGET,CASTpGLAGETQYF,CASTPGLAGETQYF,TRBV9,TRBJ2-5,CASHSGGGADGLTF,Donor AJKQ118:LP TCRab CD4 TRM,1.000000,-,-,-,-,-,-,-,-,-,-,-
613,%PGLAGET,7.7e-03,1,2,2.3e-06,1.0e+00,7.8e-02,1.0e+00,1.0e-03,2.9e-02,global-%PGLAGET,CASrpGLAGETQYF,CASRPGLAGETQYF,TRBV5-1,TRBJ2-5,CALSVNSGNTPLVF,Donor AJKQ118:PB TCRab CD4 Naive/TCM,1.000000,-,-,-,-,-,-,-,-,-,-,-

614,S%GTDQP,7.7e-03,1,2,1.8e-06,1.0e+00,6.1e-02,1.0e+00,1.0e-03,2.9e-02,global-S%GTDQP,CASSLGTdQPQHF,CASSLGTDQPQHF,TRBV7-8,TRBJ1-5,CVVNPRGGSQGNLIF,Donor AJD3280:LP TCRab CD4 TRM,1.000000,-,-,-,-,-,-,-,-,-,-,-
614,S%GTDQP,7.7e-03,1,2,1.8e-06,1.0e+00,6.1e-02,1.0e+00,1.0e-03,2.9e-02,global-S%GTDQP,CAWSvGTdQPQHF,CAWSVGTDQPQHF,TRBV30,TRBJ1-5,CALLVKGAQKLVF,Donor AJD3280:LP TCRab CD4 TRM,1.000000,-,-,-,-,-,-,-,-,-,-,-

615,%RRGE,7.7e-03,2,2,1.8e-06,1.0e+00,6.2e-02,1.0e+00,1.0e-03,2.9e-02,global-%RRGE,CASTrRGEQFF,CASTRRGEQFF,TRBV5-6,TRBJ2-1,CAGQPHTGANSKLTF,Donor AJKQ118:PB TCRab CD4 FOXP3+ Treg,1.000000,-,-,-,-,-,-,-,-,-,-,-
615,%RRGE,7.7e-03,2,2,1.8e-06,1.0e+00,6.2e-02,1.0e+00,1.0e-03,2.9e-02,global-%RRGE,CASSRrGELFF,CASSRRGELFF,TRBV27,TRBJ2-2,CAGQFDTNAGKSTF,Donor AJG2309:IEL TCRab CD4 TRM,1.000000,-,-,-,-,-,-,-,-,-,-,-

616,SPSGG%,7.7e-03,2,2,1.8e-06,1.0e+00,6.2e-02,1.0e+00,1.0e-03,2.9e-02,global-SPSGG%,CASSPSGGfhTF,CASSPSGGFHTF,TRBV28,TRBJ1-2,CAVDRLIRVNRKLTF,Donor AJKQ118:PB TCRab CD4 FOXP3+ Treg,1.000000,-,-,-,-,-,-,-,-,-,-,-
616,SPSGG%,7.7e-03,2,2,1.8e-06,1.0e+00,6.2e-02,1.0e+00,1.0e-03,2.9e-02,global-SPSGG%,CASSPSGGEQYF,CASSPSGGEQYF,TRBV3-1,TRBJ2-7,CAVGSGTYKYIF,Donor AJD3280:IEL TCRab CD4 TRM,1.000000,-,-,-,-,-,-,-,-,-,-,-

617,SLRDR%TE,7.7e-03,2,2,2.9e-08,1.0e+00,1.0e-03,1.0e+00,1.0e-03,2.9e-02,global-SLRDR%TE,CASSLrDRhTEAFF,CASSLRDRHTEAFF,TRBV3-1,TRBJ1-1,CAYNSGAGSYQLTF,Donor AJKQ118:PB TCRab CD4 Naive/TCM,1.000000,-,-,-,-,-,-,-,-,-,-,-
617,SLRDR%TE,7.7e-03,2,2,2.9e-08,1.0e+00,1.0e-03,1.0e+00,1.0e-03,2.9e-02,global-SLRDR%TE,CASSLrDRlTEAFF,CASSLRDRLTEAFF,TRBV3-1,TRBJ1-1,CALTYSDGQKLLF,Donor AJD3280:LP TCRab CD4 Poised TCM,1.000000,-,-,-,-,-,-,-,-,-,-,-

618,S%SGSGANV,7.7e-03,1,2,1.7e-06,1.0e+00,5.7e-02,1.0e+00,1.0e-03,2.9e-02,global-S%SGSGANV,CASSfSGSGANVLTF,CASSFSGSGANVLTF,TRBV4-1,TRBJ2-6,CILRDVLDAGNNRKLIW,Donor AJKQ118:PB TCRab CD4 Naive/TCM,1.000000,-,-,-,-,-,-,-,-,-,-,-
618,S%SGSGANV,7.7e-03,1,2,1.7e-06,1.0e+00,5.7e-02,1.0e+00,1.0e-03,2.9e-02,global-S%SGSGANV,CAWSrSGSGANVLTF,CAWSRSGSGANVLTF,TRBV30,TRBJ2-6,CAATYSSASKIIF,Donor AJKQ118:PB TCRab CD4 Naive/TCM,1.000000,-,-,-,-,-,-,-,-,-,-,-

619,G%S,7.7e-03,1,2,1.2e-06,1.0e+00,4.1e-02,1.0e+00,1.0e-03,2.9e-02,global-G%S,CASGwsQHF,CASGWSQHF,TRBV2,TRBJ1-5,CAMNSNDYKLSF,Donor AJD3280:PB TCRab CD4 Naive/TCM,1.000000,-,-,-,-,-,-,-,-,-,-,-
619,G%S,7.7e-03,1,2,1.2e-06,1.0e+00,4.1e-02,1.0e+00,1.0e-03,2.9e-02,global-G%S,CRGgrsdTF,CRGGRSDTF,TRBV20-1,TRBJ1-2,CAGQLGILGSSNTGKLIF,Donor AJD3280:PB TCRab CD4 Naive/TCM,1.000000,-,-,-,-,-,-,-,-,-,-,-

620,RPQGA%TE,7.7e-03,1,2,2.0e-06,1.0e+00,6.9e-02,1.0e+00,1.0e-03,2.9e-02,global-RPQGA%TE,CASrpQGaNTEAFF,CASRPQGANTEAFF,TRBV7-9,TRBJ1-1,CAVSRNSGNTPLVF,Donor AJD3280:LP TCRab CD4 Tph,1.000000,-,-,-,-,-,-,-,-,-,-,-
620,RPQGA%TE,7.7e-03,1,2,2.0e-06,1.0e+00,6.9e-02,1.0e+00,1.0e-03,2.9e-02,global-RPQGA%TE,CAIrpQGadTEAFF,CAIRPQGADTEAFF,TRBV10-3,TRBJ1-1,CAVRLRDSGYALNF,Donor AJD3280:L TCRab CD4 TRM,1.000000,-,-,-,-,-,-,-,-,-,-,-

621,SLA%GT,7.7e-03,1,2,2.0e-06,1.0e+00,6.7e-02,1.0e+00,1.0e-03,2.9e-02,global-SLA%GT,CASSLapGTvYF,CASSLAPGTVYF,TRBV7-2,TRBJ2-5,CIVRVAGRSDGQKLLF,Donor AJKQ118:PB TCRab CD4 Naive/TCM,1.000000,-,-,-,-,-,-,-,-,-,-,-
621,SLA%GT,7.7e-03,1,2,2.0e-06,1.0e+00,6.7e-02,1.0e+00,1.0e-03,2.9e-02,global-SLA%GT,CASSLaRGtrdF,CASSLARGTRDF,TRBV7-9,TRBJ1-3,CAGARGNTGKLIF,Donor AJKQ118:PB TCRab CD4 Naive/TCM,1.000000,-,-,-,-,-,-,-,-,-,-,-

622,SLQGA%ET,7.7e-03,1,2,2.3e-10,1.0e+00,1.0e-03,8.0e-03,1.0e-03,2.9e-02,global-SLQGA%ET,CASSLQGaaETQYF,CASSLQGAAETQYF,TRBV5-4,TRBJ2-5,CAAFDSGTYKYIF,Donor AJKQ118:L TCRab CD4 TCM,2.000000,-,-,-,-,-,-,-,-,-,-,-
622,SLQGA%ET,7.7e-03,1,2,2.3e-10,1.0e+00,1.0e-03,8.0e-03,1.0e-03,2.9e-02,global-SLQGA%ET,CASSLQGaaETQYF,CASSLQGAAETQYF,TRBV5-4,TRBJ2-5,CAAFDSGTYKYIF,Donor AJKQ118:L TCRab CD4 TRM,6.000000,-,-,-,-,-,-,-,-,-,-,-
622,SLQGA%ET,7.7e-03,1,2,2.3e-10,1.0e+00,1.0e-03,8.0e-03,1.0e-03,2.9e-02,global-SLQGA%ET,CASSLQGaQETQYF,CASSLQGAQETQYF,TRBV5-4,TRBJ2-5,CAAADTGANNLFF,Donor AJKQ118:L TCRab CD4 TRM,1.000000,-,-,-,-,-,-,-,-,-,-,-

623,SF%GANV,7.7e-03,2,2,1.9e-06,1.0e+00,6.5e-02,1.0e+00,1.0e-03,2.9e-02,global-SF%GANV,CASSfSGANVLTF,CASSFSGANVLTF,TRBV27,TRBJ2-6,CAAATRAGKSTF,Donor AJG2309:LP TCRab CD4 TRM,1.000000,-,-,-,-,-,-,-,-,-,-,-
623,SF%GANV,7.7e-03,2,2,1.9e-06,1.0e+00,6.5e-02,1.0e+00,1.0e-03,2.9e-02,global-SF%GANV,CASSffGANVLTF,CASSFFGANVLTF,TRBV7-2,TRBJ2-6,CVVNGGAGNQFYF,Donor AJKQ118:L TCRab CD4 TCM,1.000000,-,-,-,-,-,-,-,-,-,-,-

624,S%NSNTE,7.7e-03,2,2,2.0e-06,1.0e+00,6.7e-02,1.0e+00,1.0e-03,2.9e-02,global-S%NSNTE,CASSfnsNTEAFF,CASSFNSNTEAFF,TRBV12-3,TRBJ1-1,CAFDTGGFKTIF,Donor AJD3280:PB TCRab CD4 Naive/TCM,1.000000,-,-,-,-,-,-,-,-,-,-,-
624,S%NSNTE,7.7e-03,2,2,2.0e-06,1.0e+00,6.7e-02,1.0e+00,1.0e-03,2.9e-02,global-S%NSNTE,CASSLnsNTEAFF,CASSLNSNTEAFF,TRBV5-1,TRBJ1-1,CAVTFGGGGNKLTF,Donor AJG2309:LP TCRab CD4 Naive/TCM,1.000000,-,-,-,-,-,-,-,-,-,-,-

625,SLE%G,7.7e-03,2,2,1.7e-06,1.0e+00,5.7e-02,1.0e+00,1.0e-03,2.9e-02,global-SLE%G,CASSLesGYTF,CASSLESGYTF,TRBV7-9,TRBJ1-2,CAVEAITGSYQLTF,Donor AJKQ118:PB TCRab CD4 Naive/TCM,1.000000,-,-,-,-,-,-,-,-,-,-,-
625,SLE%G,7.7e-03,2,2,1.7e-06,1.0e+00,5.7e-02,1.0e+00,1.0e-03,2.9e-02,global-SLE%G,CASSLehGYTF,CASSLEHGYTF,TRBV7-8,TRBJ1-2,CAVTSFSGGYNKLIF,Donor AJG2309:LP TCRab CD4 TRM,1.000000,-,-,-,-,-,-,-,-,-,-,-

626,SLGGGTD%,7.7e-03,2,2,2.7e-07,1.0e+00,8.3e-02,1.1e-01,1.0e-03,2.9e-02,global-SLGGGTD%,CASSLggGTdEAFF,CASSLGGGTDEAFF,TRBV5-1,TRBJ1-1,CAALRGGYNKLIF,Donor AJKQ118:PB TCRab CD4 Naive/TCM,1.000000,-,-,-,-,-,-,-,-,-,-,-
626,SLGGGTD%,7.7e-03,2,2,2.7e-07,1.0e+00,8.3e-02,1.1e-01,1.0e-03,2.9e-02,global-SLGGGTD%,CASSLGGgTDTQYF,CASSLGGGTDTQYF,TRBV27,TRBJ2-3,CAVLNTGGFKTIF,Donor AJG2309:LP TCRab CD4 FOXP3+ Treg,2.000000,-,-,-,-,-,-,-,-,-,-,-

627,SDRA%E,7.7e-03,2,2,1.4e-06,1.0e+00,4.9e-02,1.0e+00,1.0e-03,2.9e-02,global-SDRA%E,CASSDraaEAFF,CASSDRAAEAFF,TRBV25-1,TRBJ1-1,CAMREGMGGRRALTF,Donor AJKQ118:PB TCRab CD4 Naive/TCM,1.000000,-,-,-,-,-,-,-,-,-,-,-
627,SDRA%E,7.7e-03,2,2,1.4e-06,1.0e+00,4.9e-02,1.0e+00,1.0e-03,2.9e-02,global-SDRA%E,CASSDrahEQYF,CASSDRAHEQYF,TRBV2,TRBJ2-7,CAVRDEGNYGQNFVF,Donor AJD3280:PB TCRab CD4 Naive/TCM,1.000000,-,-,-,-,-,-,-,-,-,-,-

628,SQGA%TE,7.7e-03,2,2,1.8e-06,1.0e+00,6.2e-02,1.0e+00,1.0e-03,2.9e-02,global-SQGA%TE,CASSQgapTEAFF,CASSQGAPTEAFF,TRBV19,TRBJ1-1,CALRTKYSSASKIIF,Donor AJD3280:IEL TCRab CD4 Mobile TRM,1.000000,-,-,-,-,-,-,-,-,-,-,-
628,SQGA%TE,7.7e-03,2,2,1.8e-06,1.0e+00,6.2e-02,1.0e+00,1.0e-03,2.9e-02,global-SQGA%TE,CASSQgarTEAFF,CASSQGARTEAFF,TRBV3-1,TRBJ1-1,CAGSGAGSYQLTF,Donor AJKQ118:PB TCRab CD4 Naive/TCM,1.000000,-,-,-,-,-,-,-,-,-,-,-

629,SASGTG%YE,7.7e-03,1,2,2.0e-06,1.0e+00,6.7e-02,1.0e+00,1.0e-03,2.9e-02,global-SASGTG%YE,CASSasGTGiYEQYF,CASSASGTGIYEQYF,TRBV9,TRBJ2-7,CAAKSSGTYKYIF,Donor AJD3280:L TCRab CD4 Naive/TCM,1.000000,-,-,-,-,-,-,-,-,-,-,-
629,SASGTG%YE,7.7e-03,1,2,2.0e-06,1.0e+00,6.7e-02,1.0e+00,1.0e-03,2.9e-02,global-SASGTG%YE,CASSasGTGtYEQYF,CASSASGTGTYEQYF,TRBV11-2,TRBJ2-7,CAEKISNTGKLIF,Donor AJD3280:LP TCRab CD4 TRM,1.000000,-,-,-,-,-,-,-,-,-,-,-

630,ERA%E,7.7e-03,1,2,2.9e-08,1.0e+00,1.0e-03,1.0e+00,1.0e-03,2.9e-02,global-ERA%E,CSVEraTEAFF,CSVERATEAFF,TRBV29-1,TRBJ1-1,CALSDQTSGSRLTF,Donor AJD3280:LP TCRab CD4 TRM,1.000000,-,-,-,-,-,-,-,-,-,-,-
630,ERA%E,7.7e-03,1,2,2.9e-08,1.0e+00,1.0e-03,1.0e+00,1.0e-03,2.9e-02,global-ERA%E,CSVErarEAFF,CSVERAREAFF,TRBV29-1,TRBJ1-1,CAGLDGAGNNRKLIW,Donor AJD3280:LP TCRab CD4 TRM,1.000000,-,-,-,-,-,-,-,-,-,-,-

631,SSGTG%SGANV,7.7e-03,2,2,1.8e-06,1.0e+00,6.1e-02,1.0e+00,1.0e-03,2.9e-02,global-SSGTG%SGANV,CASSSGTGlSGANVLTF,CASSSGTGLSGANVLTF,TRBV27,TRBJ2-6,CAVMRGYSTLTF,Donor AJG2309:PB TCRab CD4 FOXP3+ Treg,1.000000,-,-,-,-,-,-,-,-,-,-,-
631,SSGTG%SGANV,7.7e-03,2,2,1.8e-06,1.0e+00,6.1e-02,1.0e+00,1.0e-03,2.9e-02,global-SSGTG%SGANV,CASSSGTGdSGANVLTF,CASSSGTGDSGANVLTF,TRBV11-3,TRBJ2-6,CAEKKGGADGLTF,Donor AJD3280:PB TCRab CD4 Naive/TCM,1.000000,-,-,-,-,-,-,-,-,-,-,-

632,S%TRQET,7.7e-03,2,2,1.7e-06,1.0e+00,5.8e-02,1.0e+00,1.0e-03,2.9e-02,global-S%TRQET,CASSGTrQETQYF,CASSGTRQETQYF,TRBV5-4,TRBJ2-5,CADLGGSNYKLTF,Donor AJG2309:LP TCRab CD4 TRM,1.000000,-,-,-,-,-,-,-,-,-,-,-
632,S%TRQET,7.7e-03,2,2,1.7e-06,1.0e+00,5.8e-02,1.0e+00,1.0e-03,2.9e-02,global-S%TRQET,CASSmtrQETQYF,CASSMTRQETQYF,TRBV4-1,TRBJ2-5,CAFMKLSTGTASKLTF,Donor AJKQ118:PB TCRab CD4 Naive/TCM,1.000000,-,-,-,-,-,-,-,-,-,-,-

633,SF%GGYG,7.7e-03,2,2,2.0e-06,1.0e+00,6.9e-02,1.0e+00,1.0e-03,2.9e-02,global-SF%GGYG,CASSfkGGYGYTF,CASSFKGGYGYTF,TRBV5-5,TRBJ1-2,CAAGGNQFYF,Donor AJD3280:LP TCRab CD4 Poised TCM,1.000000,-,-,-,-,-,-,-,-,-,-,-
633,SF%GGYG,7.7e-03,2,2,2.0e-06,1.0e+00,6.9e-02,1.0e+00,1.0e-03,2.9e-02,global-SF%GGYG,CASSfTGGYGYTF,CASSFTGGYGYTF,TRBV7-9,TRBJ1-2,CAASAYSGTYKYIF,Donor AJKQ118:PB TCRab CD4 Naive/TCM,1.000000,-,-,-,-,-,-,-,-,-,-,-

634,SFGP%YG,7.7e-03,1,2,1.8e-06,1.0e+00,6.1e-02,1.0e+00,1.0e-03,2.9e-02,global-SFGP%YG,CASSfgpaYGYTF,CASSFGPAYGYTF,TRBV12-4,TRBJ1-2,CAASIRGAQKLVF,Donor AJD3280:L TCRab CD4 TRM,1.000000,-,-,-,-,-,-,-,-,-,-,-
634,SFGP%YG,7.7e-03,1,2,1.8e-06,1.0e+00,6.1e-02,1.0e+00,1.0e-03,2.9e-02,global-SFGP%YG,CASSfgpNYGYTF,CASSFGPNYGYTF,TRBV5-1,TRBJ1-2,CAASTSGSEKLVF,Donor AJD3280:LP TCRab CD4 TRM,1.000000,-,-,-,-,-,-,-,-,-,-,-

635,%GASSYNE,7.7e-03,2,2,1.9e-06,1.0e+00,6.5e-02,1.0e+00,1.0e-03,2.9e-02,global-%GASSYNE,CASSgasSYNEQFF,CASSGASSYNEQFF,TRBV11-2,TRBJ2-1,CAVRDNRKLIW,Donor AJD3280:IEL TCRab CD4 Mobile TRM,1.000000,-,-,-,-,-,-,-,-,-,-,-
635,%GASSYNE,7.7e-03,2,2,1.9e-06,1.0e+00,6.5e-02,1.0e+00,1.0e-03,2.9e-02,global-%GASSYNE,CASGgasSYNEQFF,CASGGASSYNEQFF,TRBV7-9,TRBJ2-1,CAARDPYNQGGKLIF,Donor AJKQ118:LP TCRab CD4 FOXP3+ Treg,1.000000,-,-,-,-,-,-,-,-,-,-,-

636,S%GAVNTE,7.7e-03,2,2,2.0e-06,1.0e+00,6.8e-02,1.0e+00,1.0e-03,2.9e-02,global-S%GAVNTE,CASSLgavNTEAFF,CASSLGAVNTEAFF,TRBV7-9,TRBJ1-1,CILRRVQGAQKLVF,Donor AJKQ118:PB TCRab CD4 Naive/TCM,1.000000,-,-,-,-,-,-,-,-,-,-,-
636,S%GAVNTE,7.7e-03,2,2,2.0e-06,1.0e+00,6.8e-02,1.0e+00,1.0e-03,2.9e-02,global-S%GAVNTE,CASSIgavNTEAFF,CASSIGAVNTEAFF,TRBV19,TRBJ1-1,CAASQRIQGAQKLVF,Donor AJD3280:PB TCRab CD4 Naive/TCM,1.000000,-,-,-,-,-,-,-,-,-,-,-

637,RGR%SNQP,7.7e-03,1,2,2.0e-06,1.0e+00,6.8e-02,1.0e+00,1.0e-03,2.9e-02,global-RGR%SNQP,CASRGrySNQPQHF,CASRGRYSNQPQHF,TRBV6-5,TRBJ1-5,CAASKGENQGAQKLVF,Donor AJKQ118:PB TCRab CD4 Naive/TCM,1.000000,-,-,-,-,-,-,-,-,-,-,-
637,RGR%SNQP,7.7e-03,1,2,2.0e-06,1.0e+00,6.8e-02,1.0e+00,1.0e-03,2.9e-02,global-RGR%SNQP,CSARgRGSNQPQHF,CSARGRGSNQPQHF,TRBV20-1,TRBJ1-5,CAASAFGYMRF,Donor AJKQ118:PB TCRab CD4 Naive/TCM,1.000000,-,-,-,-,-,-,-,-,-,-,-

638,SLARG%ET,7.7e-03,1,2,2.4e-06,1.0e+00,8.4e-02,1.0e+00,1.0e-03,2.9e-02,global-SLARG%ET,CASSLaRGkETQYF,CASSLARGKETQYF,TRBV5-5,TRBJ2-5,CAASKRDTGRRALTF,Donor AJD3280:PB TCRab CD4 Naive/TCM,1.000000,-,-,-,-,-,-,-,-,-,-,-
638,SLARG%ET,7.7e-03,1,2,2.4e-06,1.0e+00,8.4e-02,1.0e+00,1.0e-03,2.9e-02,global-SLARG%ET,CASSLaRGQETQYF,CASSLARGQETQYF,TRBV7-2,TRBJ2-5,CAASDSGTYKYIF,Donor AJD3280:IEL TCRab CD4 Mobile TRM,1.000000,-,-,-,-,-,-,-,-,-,-,-

639,SLTGS%TE,7.7e-03,2,2,1.7e-06,1.0e+00,6.0e-02,1.0e+00,1.0e-03,2.9e-02,global-SLTGS%TE,CASSLTGsyTEAFF,CASSLTGSYTEAFF,TRBV7-2,TRBJ1-1,CAVGANQAGTALIF,Donor AJD3280:PB TCRab CD4 Naive/TCM,1.000000,-,-,-,-,-,-,-,-,-,-,-
639,SLTGS%TE,7.7e-03,2,2,1.7e-06,1.0e+00,6.0e-02,1.0e+00,1.0e-03,2.9e-02,global-SLTGS%TE,CASSLTGsgTEAFF,CASSLTGSGTEAFF,TRBV5-1,TRBJ1-1,CAVINTGGFKTIF,Donor AJG2309:PB TCRab CD4 Naive/TCM,1.000000,-,-,-,-,-,-,-,-,-,-,-

640,SL%GAGTGE,7.7e-03,1,2,1.9e-06,1.0e+00,6.4e-02,1.0e+00,1.0e-03,2.9e-02,global-SL%GAGTGE,CASSLegAGTGELFF,CASSLEGAGTGELFF,TRBV5-1,TRBJ2-2,CATGGGATNKLIF,Donor AJD3280:L TCRab CD4 Naive/TCM,1.000000,-,-,-,-,-,-,-,-,-,-,-
640,SL%GAGTGE,7.7e-03,1,2,1.9e-06,1.0e+00,6.4e-02,1.0e+00,1.0e-03,2.9e-02,global-SL%GAGTGE,CASSLtgaGTGEAFF,CASSLTGAGTGEAFF,TRBV11-2,TRBJ1-1,CAVISGYSTLTF,Donor AJD3280:LP TCRab CD4 Tph,1.000000,-,-,-,-,-,-,-,-,-,-,-

641,SL%HG,7.7e-03,2,2,1.9e-06,1.0e+00,6.5e-02,1.0e+00,1.0e-03,2.9e-02,global-SL%HG,CSASlrhGYTF,CSASLRHGYTF,TRBV20-1,TRBJ1-2,CAASRASGGSNYKLTF,Donor AJKQ118:PB TCRab CD4 Naive/TCM,1.000000,-,-,-,-,-,-,-,-,-,-,-
641,SL%HG,7.7e-03,2,2,1.9e-06,1.0e+00,6.5e-02,1.0e+00,1.0e-03,2.9e-02,global-SL%HG,CASSLehGYTF,CASSLEHGYTF,TRBV7-8,TRBJ1-2,CAVTSFSGGYNKLIF,Donor AJG2309:LP TCRab CD4 TRM,1.000000,-,-,-,-,-,-,-,-,-,-,-

642,SPQ%TGE,7.7e-03,1,2,1.8e-06,1.0e+00,6.3e-02,1.0e+00,1.0e-03,2.9e-02,global-SPQ%TGE,CASSPqdTGELFF,CASSPQDTGELFF,TRBV3-1,TRBJ2-2,CAVKPGTYKYIF,Donor AJD3280:LP TCRab CD4 FOXP3+ Treg,1.000000,-,-,-,-,-,-,-,-,-,-,-
642,SPQ%TGE,7.7e-03,1,2,1.8e-06,1.0e+00,6.3e-02,1.0e+00,1.0e-03,2.9e-02,global-SPQ%TGE,CASSPqyTGELFF,CASSPQYTGELFF,TRBV6-5,TRBJ2-2,CAVYSNAGNMLTF,Donor AJD3280:LP TCRab CD4 TRM,1.000000,-,-,-,-,-,-,-,-,-,-,-

643,SRDRN%E,7.7e-03,2,2,3.2e-09,1.0e+00,1.0e-03,1.1e-01,1.0e-03,2.9e-02,global-SRDRN%E,CASSRDRNTEAFF,CASSRDRNTEAFF,TRBV5-1,TRBJ1-1,CAMGRVDTGNQFYF,Donor AJKQ118:PB TCRab CD4 FOXP3+ Treg,1.000000,-,-,-,-,-,-,-,-,-,-,-
643,SRDRN%E,7.7e-03,2,2,3.2e-09,1.0e+00,1.0e-03,1.1e-01,1.0e-03,2.9e-02,global-SRDRN%E,CASSRDRnNEQFF,CASSRDRNNEQFF,TRBV5-1,TRBJ2-1,CAENTGFQKLVF,Donor AJG2309:LP TCRab CD4 TRM,2.000000,-,-,-,-,-,-,-,-,-,-,-

644,SLDR%TGE,7.7e-03,1,2,2.3e-06,1.0e+00,7.9e-02,1.0e+00,1.0e-03,2.9e-02,global-SLDR%TGE,CASSLDRaTGELFF,CASSLDRATGELFF,TRBV5-1,TRBJ2-2,CVVSAGGGNKLTF,Donor AJD3280:PB TCRab CD4 Naive/TCM,1.000000,-,-,-,-,-,-,-,-,-,-,-
644,SLDR%TGE,7.7e-03,1,2,2.3e-06,1.0e+00,7.9e-02,1.0e+00,1.0e-03,2.9e-02,global-SLDR%TGE,CASSLDRdTGELFF,CASSLDRDTGELFF,TRBV11-2,TRBJ2-2,CVVNSPASGTYKYIF,Donor AJD3280:PB TCRab CD4 Naive/TCM,1.000000,-,-,-,-,-,-,-,-,-,-,-

645,SL%AGGLYE,7.7e-03,2,2,2.9e-08,1.0e+00,1.0e-03,1.0e+00,1.0e-03,2.9e-02,global-SL%AGGLYE,CASSLaAGGlyEQFF,CASSLAAGGLYEQFF,TRBV7-2,TRBJ2-1,CAVGRAPGTDKLIF,Donor AJD3280:L TCRab CD4 TRM,1.000000,-,-,-,-,-,-,-,-,-,-,-
645,SL%AGGLYE,7.7e-03,2,2,2.9e-08,1.0e+00,1.0e-03,1.0e+00,1.0e-03,2.9e-02,global-SL%AGGLYE,CASSLvAGGlYEQYF,CASSLVAGGLYEQYF,TRBV7-2,TRBJ2-7,CAVSGETSGSRLTF,Donor AJG2309:LP TCRab CD4 Mobile TRM,1.000000,-,-,-,-,-,-,-,-,-,-,-

646,SGLAG%TGE,7.7e-03,2,2,2.1e-06,1.0e+00,7.3e-02,1.0e+00,1.0e-03,2.9e-02,global-SGLAG%TGE,CASSGLAGGTGELFF,CASSGLAGGTGELFF,TRBV28,TRBJ2-2,CAPGGGNTPLVF,Donor AJG2309:PB TCRab CD4 Naive/TCM,1.000000,-,-,-,-,-,-,-,-,-,-,-
646,SGLAG%TGE,7.7e-03,2,2,2.1e-06,1.0e+00,7.3e-02,1.0e+00,1.0e-03,2.9e-02,global-SGLAG%TGE,CASSGLAGNTGELFF,CASSGLAGNTGELFF,TRBV19,TRBJ2-2,CATDEGRRALTF,Donor AJKQ118:LP TCRab CD4 Poised TCM,1.000000,-,-,-,-,-,-,-,-,-,-,-

647,SYR%NE,7.7e-03,1,2,2.0e-06,1.0e+00,7.0e-02,1.0e+00,1.0e-03,2.9e-02,global-SYR%NE,CSASyrdNEQFF,CSASYRDNEQFF,TRBV20-1,TRBJ2-1,CALVIQGAQKLVF,Donor AJD3280:L TCRab CD4 TRM,1.000000,-,-,-,-,-,-,-,-,-,-,-
647,SYR%NE,7.7e-03,1,2,2.0e-06,1.0e+00,7.0e-02,1.0e+00,1.0e-03,2.9e-02,global-SYR%NE,CASSYrYNEQFF,CASSYRYNEQFF,TRBV6-2,TRBJ2-1,CAETRGSGGSNYKLTF,Donor AJD3280:PB TCRab CD4 Naive/TCM,1.000000,-,-,-,-,-,-,-,-,-,-,-

648,SPLAG%GE,7.7e-03,1,2,2.9e-08,1.0e+00,1.0e-03,1.0e+00,1.0e-03,2.9e-02,global-SPLAG%GE,CASSPLAGegEQFF,CASSPLAGEGEQFF,TRBV18,TRBJ2-1,CAASAVLQGAQKLVF,Donor AJG2309:L TCRab CD4 TRM,1.000000,-,-,-,-,-,-,-,-,-,-,-
648,SPLAG%GE,7.7e-03,1,2,2.9e-08,1.0e+00,1.0e-03,1.0e+00,1.0e-03,2.9e-02,global-SPLAG%GE,CASSPLAGTGELFF,CASSPLAGTGELFF,TRBV18,TRBJ2-2,CAGDRNNNARLMF,Donor AJG2309:L TCRab CD4 Naive/TCM,1.000000,-,-,-,-,-,-,-,-,-,-,-

649,SPGGS%DT,7.7e-03,2,2,1.6e-06,1.0e+00,5.4e-02,1.0e+00,1.0e-03,2.9e-02,global-SPGGS%DT,CASSPGGSTDTQYF,CASSPGGSTDTQYF,TRBV7-3,TRBJ2-3,CAASSETGANNLFF,Donor AJD3280:L TCRab CD4 TCM,1.000000,-,-,-,-,-,-,-,-,-,-,-
649,SPGGS%DT,7.7e-03,2,2,1.6e-06,1.0e+00,5.4e-02,1.0e+00,1.0e-03,2.9e-02,global-SPGGS%DT,CASSPGGsrDTQYF,CASSPGGSRDTQYF,TRBV6-2,TRBJ2-3,CAASTRYSSASKIIF,Donor AJKQ118:L TCRab CD4 TRM,1.000000,-,-,-,-,-,-,-,-,-,-,-

650,ER%TE,7.7e-03,1,2,2.9e-08,1.0e+00,1.0e-03,1.0e+00,1.0e-03,2.9e-02,global-ER%TE,CSVEraTEAFF,CSVERATEAFF,TRBV29-1,TRBJ1-1,CALSDQTSGSRLTF,Donor AJD3280:LP TCRab CD4 TRM,1.000000,-,-,-,-,-,-,-,-,-,-,-
650,ER%TE,7.7e-03,1,2,2.9e-08,1.0e+00,1.0e-03,1.0e+00,1.0e-03,2.9e-02,global-ER%TE,CSVERGTEAFF,CSVERGTEAFF,TRBV29-1,TRBJ1-1,CIVRVNEWGTASKLTF,Donor AJD3280:IEL TCRab CD4 TRM,1.000000,-,-,-,-,-,-,-,-,-,-,-
650,ER%TE,7.7e-03,1,2,2.9e-08,1.0e+00,1.0e-03,1.0e+00,1.0e-03,2.9e-02,global-ER%TE,CSVERGTEAFF,CSVERGTEAFF,TRBV29-1,TRBJ1-1,CALGGETSGSRLTF,Donor AJD3280:LP TCRab CD4 TRM,1.000000,-,-,-,-,-,-,-,-,-,-,-
650,ER%TE,7.7e-03,1,2,2.9e-08,1.0e+00,1.0e-03,1.0e+00,1.0e-03,2.9e-02,global-ER%TE,CSVERGTEAFF,CSVERGTEAFF,TRBV29-1,TRBJ1-1,CIVRVNEWGTASKLTF,Donor AJD3280:LP TCRab CD4 TRM,1.000000,-,-,-,-,-,-,-,-,-,-,-

651,SSN%ET,7.7e-03,2,2,8.5e-08,1.0e+00,7.5e-02,3.9e-02,1.0e-03,2.9e-02,global-SSN%ET,CASSSnrETQYF,CASSSNRETQYF,TRBV18,TRBJ2-5,CAMREATDGDGQKLLF,Donor AJKQ118:LP TCRab CD4 TRM,3.000000,-,-,-,-,-,-,-,-,-,-,-
651,SSN%ET,7.7e-03,2,2,8.5e-08,1.0e+00,7.5e-02,3.9e-02,1.0e-03,2.9e-02,global-SSN%ET,CAWSsnQETQYF,CAWSSNQETQYF,TRBV30,TRBJ2-5,CAEKGGAQKLVF,Donor AJG2309:LP TCRab CD4 Naive/TCM,1.000000,-,-,-,-,-,-,-,-,-,-,-

652,SLG%SQP,7.7e-03,1,2,2.0e-06,1.0e+00,7.0e-02,1.0e+00,1.0e-03,2.9e-02,global-SLG%SQP,CASSLgasQPQHF,CASSLGASQPQHF,TRBV14,TRBJ1-5,CAVQSGGYQKVTF,Donor AJKQ118:PB TCRab CD4 Naive/TCM,1.000000,-,-,-,-,-,-,-,-,-,-,-
652,SLG%SQP,7.7e-03,1,2,2.0e-06,1.0e+00,7.0e-02,1.0e+00,1.0e-03,2.9e-02,global-SLG%SQP,CASSLGGsQPQHF,CASSLGGSQPQHF,TRBV7-2,TRBJ1-5,CAVRMDSSYKLIF,Donor AJKQ118:PB TCRab CD4 Naive/TCM,1.000000,-,-,-,-,-,-,-,-,-,-,-

653,SLGQG%NSP,7.7e-03,1,2,2.9e-08,1.0e+00,1.0e-03,1.0e+00,1.0e-03,2.9e-02,global-SLGQG%NSP,CASSLGQGpNSPLHF,CASSLGQGPNSPLHF,TRBV7-9,TRBJ1-6,CALKIPPRQLTF,Donor AJD3280:PB TCRab CD4 Naive/TCM,1.000000,-,-,-,-,-,-,-,-,-,-,-
653,SLGQG%NSP,7.7e-03,1,2,2.9e-08,1.0e+00,1.0e-03,1.0e+00,1.0e-03,2.9e-02,global-SLGQG%NSP,CASSLGQGYNSPLHF,CASSLGQGYNSPLHF,TRBV7-9,TRBJ1-6,CAARNSGAGSYQLTF,Donor AJD3280:LP TCRab CD4 TRM,1.000000,-,-,-,-,-,-,-,-,-,-,-

654,S%SGTGTYE,7.7e-03,2,2,1.8e-06,1.0e+00,6.2e-02,1.0e+00,1.0e-03,2.9e-02,global-S%SGTGTYE,CASSLsGTGtYEQYF,CASSLSGTGTYEQYF,TRBV5-1,TRBJ2-7,CAVSDPKNKLIF,Donor AJKQ118:LP TCRab CD4 TRM,1.000000,-,-,-,-,-,-,-,-,-,-,-
654,S%SGTGTYE,7.7e-03,2,2,1.8e-06,1.0e+00,6.2e-02,1.0e+00,1.0e-03,2.9e-02,global-S%SGTGTYE,CASSasGTGtYEQYF,CASSASGTGTYEQYF,TRBV11-2,TRBJ2-7,CAEKISNTGKLIF,Donor AJD3280:LP TCRab CD4 TRM,1.000000,-,-,-,-,-,-,-,-,-,-,-

655,LQG%SYE,7.7e-03,1,2,2.2e-06,1.0e+00,7.5e-02,1.0e+00,1.0e-03,2.9e-02,global-LQG%SYE,CSVlQGaSYEQYF,CSVLQGASYEQYF,TRBV29-1,TRBJ2-7,CAVPRRDDYKLSF,Donor AJKQ118:PB TCRab CD4 Naive/TCM,1.000000,-,-,-,-,-,-,-,-,-,-,-
655,LQG%SYE,7.7e-03,1,2,2.2e-06,1.0e+00,7.5e-02,1.0e+00,1.0e-03,2.9e-02,global-LQG%SYE,CATlQGsSYEQYF,CATLQGSSYEQYF,TRBV10-3,TRBJ2-7,CAASIRGGSQGNLIF,Donor AJKQ118:PB TCRab CD4 Naive/TCM,1.000000,-,-,-,-,-,-,-,-,-,-,-

656,TSGT%E,7.7e-03,2,2,2.1e-06,1.0e+00,7.1e-02,1.0e+00,1.0e-03,2.9e-02,global-TSGT%E,CAGTSGtgEQYF,CAGTSGTGEQYF,TRBV30,TRBJ2-7,CAVLRAGSYQLTF,Donor AJKQ118:PB TCRab CD4 Naive/TCM,1.000000,-,-,-,-,-,-,-,-,-,-,-
656,TSGT%E,7.7e-03,2,2,2.1e-06,1.0e+00,7.1e-02,1.0e+00,1.0e-03,2.9e-02,global-TSGT%E,CASTSGtYEQYF,CASTSGTYEQYF,TRBV6-5,TRBJ2-7,CAVSDRVDDYKLSF,Donor AJD3280:IEL TCRab CD4 Mobile TRM,1.000000,-,-,-,-,-,-,-,-,-,-,-

657,S%GTGGQET,7.7e-03,2,2,6.2e-08,1.0e+00,6.3e-02,3.4e-02,1.0e-03,2.9e-02,global-S%GTGGQET,CASSRGTGGQETQYF,CASSRGTGGQETQYF,TRBV27,TRBJ2-5,CALLFYGQNFVF,Donor AJD3280:LP TCRab CD4 TRM,3.000000,-,-,-,-,-,-,-,-,-,-,-
657,S%GTGGQET,7.7e-03,2,2,6.2e-08,1.0e+00,6.3e-02,3.4e-02,1.0e-03,2.9e-02,global-S%GTGGQET,CASSQGTGGQETQYF,CASSQGTGGQETQYF,TRBV7-2,TRBJ2-5,CAASNDRGSTLGRLYF,Donor AJG2309:LP TCRab CD4 TRM,1.000000,-,-,-,-,-,-,-,-,-,-,-

658,SVDR%NE,7.7e-03,2,2,3.1e-06,1.0e+00,1.1e-01,1.0e+00,1.0e-03,2.9e-02,global-SVDR%NE,CASSVDRdNEQFF,CASSVDRDNEQFF,TRBV6-4,TRBJ2-1,CAFMKISSGNTPLVF,Donor AJD3280:IEL TCRab CD4 Mobile TRM,1.000000,-,-,-,-,-,-,-,-,-,-,-
658,SVDR%NE,7.7e-03,2,2,3.1e-06,1.0e+00,1.1e-01,1.0e+00,1.0e-03,2.9e-02,global-SVDR%NE,CASSVDRdNEQFF,CASSVDRDNEQFF,TRBV6-4,TRBJ2-1,CAFMKISSGNTPLVF,Donor AJD3280:LP TCRab CD4 TRM,1.000000,-,-,-,-,-,-,-,-,-,-,-
658,SVDR%NE,7.7e-03,2,2,3.1e-06,1.0e+00,1.1e-01,1.0e+00,1.0e-03,2.9e-02,global-SVDR%NE,CAWSvDRnNEQFF,CAWSVDRNNEQFF,TRBV30,TRBJ2-1,CALLVGSSNTGKLIF,Donor AJKQ118:PB TCRab CD4 Naive/TCM,1.000000,-,-,-,-,-,-,-,-,-,-,-

659,SL%SGYE,7.7e-03,2,2,2.0e-06,1.0e+00,6.8e-02,1.0e+00,1.0e-03,2.9e-02,global-SL%SGYE,CASSLTSGYEQYF,CASSLTSGYEQYF,TRBV11-1,TRBJ2-7,CAVSDAGGTSYGKLTF,Donor AJD3280:L TCRab CD4 TCM,1.000000,-,-,-,-,-,-,-,-,-,-,-
659,SL%SGYE,7.7e-03,2,2,2.0e-06,1.0e+00,6.8e-02,1.0e+00,1.0e-03,2.9e-02,global-SL%SGYE,CASSLgSGYEQYF,CASSLGSGYEQYF,TRBV5-4,TRBJ2-7,CVVSEAGGYNKLIF,Donor AJG2309:LP TCRab CD4 TRM,1.000000,-,-,-,-,-,-,-,-,-,-,-

660,SLSL%ET,7.7e-03,1,2,9.9e-09,1.0e+00,1.0e-03,3.4e-01,1.0e-03,2.9e-02,global-SLSL%ET,CASSLsleETQYF,CASSLSLEETQYF,TRBV7-3,TRBJ2-5,CAVTPLLDSNYQLIW,Donor AJG2309:PB TCRab CD4 Naive/TCM,1.000000,-,-,-,-,-,-,-,-,-,-,-
660,SLSL%ET,7.7e-03,1,2,9.9e-09,1.0e+00,1.0e-03,3.4e-01,1.0e-03,2.9e-02,global-SLSL%ET,CASSLslgETQYF,CASSLSLGETQYF,TRBV7-2,TRBJ2-5,CAVNRSAGNKLTF,Donor AJG2309:LP TCRab CD4 TRM,1.000000,-,-,-,-,-,-,-,-,-,-,-
660,SLSL%ET,7.7e-03,1,2,9.9e-09,1.0e+00,1.0e-03,3.4e-01,1.0e-03,2.9e-02,global-SLSL%ET,CASSLslgETQYF,CASSLSLGETQYF,TRBV7-2,TRBJ2-5,CAVNKAAGNKLTF,Donor AJG2309:PB TCRab CD4 FOXP3+ Treg,1.000000,-,-,-,-,-,-,-,-,-,-,-
660,SLSL%ET,7.7e-03,1,2,9.9e-09,1.0e+00,1.0e-03,3.4e-01,1.0e-03,2.9e-02,global-SLSL%ET,CASSLslgETQYF,CASSLSLGETQYF,TRBV7-2,TRBJ2-5,CAVNQAAGNMLTF,Donor AJG2309:PB TCRab CD4 FOXP3+ Treg,1.000000,-,-,-,-,-,-,-,-,-,-,-
660,SLSL%ET,7.7e-03,1,2,9.9e-09,1.0e+00,1.0e-03,3.4e-01,1.0e-03,2.9e-02,global-SLSL%ET,CASSLslgETQYF,CASSLSLGETQYF,TRBV7-3,TRBJ2-5,CAVNTAAGNKLTF,Donor AJG2309:PB TCRab CD4 FOXP3+ Treg,1.000000,-,-,-,-,-,-,-,-,-,-,-
660,SLSL%ET,7.7e-03,1,2,9.9e-09,1.0e+00,1.0e-03,3.4e-01,1.0e-03,2.9e-02,global-SLSL%ET,CASSLslgETQYF,CASSLSLGETQYF,TRBV7-2,TRBJ2-5,CAVNQAAGNMLTF,Donor AJG2309:PB TCRab CD4 Naive/TCM,1.000000,-,-,-,-,-,-,-,-,-,-,-
660,SLSL%ET,7.7e-03,1,2,9.9e-09,1.0e+00,1.0e-03,3.4e-01,1.0e-03,2.9e-02,global-SLSL%ET,CASSLslgETQYF,CASSLSLGETQYF,TRBV7-3,TRBJ2-5,CAVNTAAGNKLTF,Donor AJG2309:PB TCRab CD4 Naive/TCM,2.000000,-,-,-,-,-,-,-,-,-,-,-

661,S%TGGSG,7.7e-03,2,2,2.9e-08,1.0e+00,1.0e-03,1.0e+00,1.0e-03,2.9e-02,global-S%TGGSG,CASSQTGGsGYTF,CASSQTGGSGYTF,TRBV11-2,TRBJ1-2,CALSGGYQGAQKLVF,Donor AJD3280:IEL TCRab CD4 Mobile TRM,1.000000,-,-,-,-,-,-,-,-,-,-,-
661,S%TGGSG,7.7e-03,2,2,2.9e-08,1.0e+00,1.0e-03,1.0e+00,1.0e-03,2.9e-02,global-S%TGGSG,CASSLTGGsGYTF,CASSLTGGSGYTF,TRBV11-2,TRBJ1-2,CAIYNNFNKFYF,Donor AJKQ118:PB TCRab CD4 Naive/TCM,1.000000,-,-,-,-,-,-,-,-,-,-,-

662,S%DRGTGE,7.7e-03,2,2,2.2e-08,1.0e+00,5.0e-03,1.5e-01,1.0e-03,2.9e-02,global-S%DRGTGE,CASSfDRGTGELFF,CASSFDRGTGELFF,TRBV11-2,TRBJ2-2,CVFSNDYKLSF,Donor AJKQ118:LP TCRab CD4 TRM,1.000000,-,-,-,-,-,-,-,-,-,-,-
662,S%DRGTGE,7.7e-03,2,2,2.2e-08,1.0e+00,5.0e-03,1.5e-01,1.0e-03,2.9e-02,global-S%DRGTGE,CASSVDRGTGELFF,CASSVDRGTGELFF,TRBV6-2,TRBJ2-2,CAVTRSGGFKTIF,Donor AJD3280:IEL TCRab CD4 FOXP3+ Treg,2.000000,-,-,-,-,-,-,-,-,-,-,-
662,S%DRGTGE,7.7e-03,2,2,2.2e-08,1.0e+00,5.0e-03,1.5e-01,1.0e-03,2.9e-02,global-S%DRGTGE,CASSVDRGTGELFF,CASSVDRGTGELFF,TRBV6-2,TRBJ2-2,CAVTRSGGFKTIF,Donor AJD3280:LP TCRab CD4 FOXP3+ Treg,1.000000,-,-,-,-,-,-,-,-,-,-,-

663,SLARTG%TE,7.7e-03,1,2,2.9e-08,1.0e+00,1.0e-03,1.0e+00,1.0e-03,2.9e-02,global-SLARTG%TE,CASSLarTGsTEAFF,CASSLARTGSTEAFF,TRBV7-2,TRBJ1-1,CAFTGGGNKLTF,Donor AJD3280:PB TCRab CD4 Naive/TCM,1.000000,-,-,-,-,-,-,-,-,-,-,-
663,SLARTG%TE,7.7e-03,1,2,2.9e-08,1.0e+00,1.0e-03,1.0e+00,1.0e-03,2.9e-02,global-SLARTG%TE,CASSLarTGaTEAFF,CASSLARTGATEAFF,TRBV7-2,TRBJ1-1,CAVPMNYGGSQGNLIF,Donor AJD3280:LP TCRab CD4 TRM,1.000000,-,-,-,-,-,-,-,-,-,-,-

664,%GQGAE,7.7e-03,2,2,2.3e-06,1.0e+00,8.0e-02,1.0e+00,1.0e-03,2.9e-02,global-%GQGAE,CASGGQGaEAFF,CASGGQGAEAFF,TRBV7-9,TRBJ1-1,CAMSVIGTASKLTF,Donor AJKQ118:PB TCRab CD4 Naive/TCM,1.000000,-,-,-,-,-,-,-,-,-,-,-
664,%GQGAE,7.7e-03,2,2,2.3e-06,1.0e+00,8.0e-02,1.0e+00,1.0e-03,2.9e-02,global-%GQGAE,CASSGQGaEQFF,CASSGQGAEQFF,TRBV9,TRBJ2-1,CALSEIAMNSGYSTLTF,Donor AJG2309:LP TCRab CD4 FOXP3+ Treg,1.000000,-,-,-,-,-,-,-,-,-,-,-

665,%QGNSP,7.7e-03,1,2,2.1e-06,1.0e+00,7.1e-02,1.0e+00,1.0e-03,2.9e-02,global-%QGNSP,CASSQgNSPLHF,CASSQGNSPLHF,TRBV18,TRBJ1-6,CAVGFDRGSTLGRLYF,Donor AJD3280:L TCRab CD4 TCM,1.000000,-,-,-,-,-,-,-,-,-,-,-
665,%QGNSP,7.7e-03,1,2,2.1e-06,1.0e+00,7.1e-02,1.0e+00,1.0e-03,2.9e-02,global-%QGNSP,CSARQGNSPLHF,CSARQGNSPLHF,TRBV20-1,TRBJ1-6,CAAGNAGNMLTF,Donor AJD3280:PB TCRab CD4 Naive/TCM,1.000000,-,-,-,-,-,-,-,-,-,-,-

666,SSTGG%ET,7.7e-03,2,2,1.8e-06,1.0e+00,6.1e-02,1.0e+00,1.0e-03,2.9e-02,global-SSTGG%ET,CASSSTGGQETQYF,CASSSTGGQETQYF,TRBV12-3,TRBJ2-5,CAVRRDDKIIF,Donor AJKQ118:PB TCRab CD4 Naive/TCM,1.000000,-,-,-,-,-,-,-,-,-,-,-
666,SSTGG%ET,7.7e-03,2,2,1.8e-06,1.0e+00,6.1e-02,1.0e+00,1.0e-03,2.9e-02,global-SSTGG%ET,CASSSTGGgETQYF,CASSSTGGGETQYF,TRBV9,TRBJ2-5,CAVTAYRRIASGGSYIPTF,Donor AJG2309:LP TCRab CD4 TRM,1.000000,-,-,-,-,-,-,-,-,-,-,-

667,SLGPG%ET,7.7e-03,2,2,1.8e-06,1.0e+00,6.3e-02,1.0e+00,1.0e-03,2.9e-02,global-SLGPG%ET,CASSLgpgeETQYF,CASSLGPGEETQYF,TRBV4-2,TRBJ2-5,CAVESGDRGSTLGRLYF,Donor AJG2309:LP TCRab CD4 Tph,1.000000,-,-,-,-,-,-,-,-,-,-,-
667,SLGPG%ET,7.7e-03,2,2,1.8e-06,1.0e+00,6.3e-02,1.0e+00,1.0e-03,2.9e-02,global-SLGPG%ET,CASSLgpGRETQYF,CASSLGPGRETQYF,TRBV5-1,TRBJ2-5,CAENSLEYGNKLVF,Donor AJD3280:IEL TCRab CD4 Mobile TRM,1.000000,-,-,-,-,-,-,-,-,-,-,-

668,SGTG%SP,7.7e-03,2,2,1.6e-07,1.0e+00,5.4e-02,1.0e-01,1.0e-03,2.9e-02,global-SGTG%SP,CAcsGTGrSPLHF,CACSGTGRSPLHF,TRBV30,TRBJ1-6,CAVSDGSSGTYKYIF,Donor AJKQ118:LP TCRab CD4 TRM,2.000000,-,-,-,-,-,-,-,-,-,-,-
668,SGTG%SP,7.7e-03,2,2,1.6e-07,1.0e+00,5.4e-02,1.0e-01,1.0e-03,2.9e-02,global-SGTG%SP,CASSGTGlSPLHF,CASSGTGLSPLHF,TRBV19,TRBJ1-6,CAVPDTGRRALTF,Donor AJD3280:LP TCRab CD4 FOXP3+ Treg,1.000000,-,-,-,-,-,-,-,-,-,-,-

669,SPGA%E,7.7e-03,1,2,2.9e-08,1.0e+00,1.0e-03,1.0e+00,1.0e-03,2.9e-02,global-SPGA%E,CASSPgaaEAFF,CASSPGAAEAFF,TRBV18,TRBJ1-1,CIVRVLMEYGNKLVF,Donor AJD3280:LP TCRab CD4 TRM,1.000000,-,-,-,-,-,-,-,-,-,-,-
669,SPGA%E,7.7e-03,1,2,2.9e-08,1.0e+00,1.0e-03,1.0e+00,1.0e-03,2.9e-02,global-SPGA%E,CASSPgaYEQYF,CASSPGAYEQYF,TRBV18,TRBJ2-7,CIVRDGTSYDKVIF,Donor AJD3280:LP TCRab CD4 Tph,1.000000,-,-,-,-,-,-,-,-,-,-,-

670,S%GGTNTGE,7.7e-03,2,2,2.0e-06,1.0e+00,6.9e-02,1.0e+00,1.0e-03,2.9e-02,global-S%GGTNTGE,CASSIgGTNTGELFF,CASSIGGTNTGELFF,TRBV19,TRBJ2-2,CAPGSYKLIF,Donor AJKQ118:PB TCRab CD4 Naive/TCM,1.000000,-,-,-,-,-,-,-,-,-,-,-
670,S%GGTNTGE,7.7e-03,2,2,2.0e-06,1.0e+00,6.9e-02,1.0e+00,1.0e-03,2.9e-02,global-S%GGTNTGE,CASSSgGTNTGELFF,CASSSGGTNTGELFF,TRBV9,TRBJ2-2,CAASGGAGGTSYGKLTF,Donor AJD3280:PB TCRab CD4 Naive/TCM,1.000000,-,-,-,-,-,-,-,-,-,-,-

671,SLGGA%E,7.7e-03,2,2,1.9e-06,1.0e+00,6.4e-02,1.0e+00,1.0e-03,2.9e-02,global-SLGGA%E,CASSLGGaYEQYF,CASSLGGAYEQYF,TRBV5-1,TRBJ2-7,CAASMGAQKLVF,Donor AJKQ118:PB TCRab CD4 Naive/TCM,1.000000,-,-,-,-,-,-,-,-,-,-,-
671,SLGGA%E,7.7e-03,2,2,1.9e-06,1.0e+00,6.4e-02,1.0e+00,1.0e-03,2.9e-02,global-SLGGA%E,CASSLGGaTEAFF,CASSLGGATEAFF,TRBV7-8,TRBJ1-1,CVVSATGGYNKLIF,Donor AJD3280:L TCRab CD4 TRM,1.000000,-,-,-,-,-,-,-,-,-,-,-

672,%GLAGYE,7.7e-03,2,2,1.9e-06,1.0e+00,6.5e-02,1.0e+00,1.0e-03,2.9e-02,global-%GLAGYE,CASrGLAGYEQYF,CASRGLAGYEQYF,TRBV6-5,TRBJ2-7,CAVGYTGTASKLTF,Donor AJD3280:LP TCRab CD4 Tph,1.000000,-,-,-,-,-,-,-,-,-,-,-
672,%GLAGYE,7.7e-03,2,2,1.9e-06,1.0e+00,6.5e-02,1.0e+00,1.0e-03,2.9e-02,global-%GLAGYE,CSAwGLAGYEQYF,CSAWGLAGYEQYF,TRBV20-1,TRBJ2-7,CAVTGDTSGSRLTF,Donor AJG2309:LP TCRab CD4 Mobile TRM,1.000000,-,-,-,-,-,-,-,-,-,-,-

673,SRTGL%YE,7.7e-03,1,2,2.4e-06,1.0e+00,8.4e-02,1.0e+00,1.0e-03,2.9e-02,global-SRTGL%YE,CASSRTGlgYEQYF,CASSRTGLGYEQYF,TRBV7-2,TRBJ2-7,CAVGPTGSARQLTF,Donor AJKQ118:PB TCRab CD4 Naive/TCM,1.000000,-,-,-,-,-,-,-,-,-,-,-
673,SRTGL%YE,7.7e-03,1,2,2.4e-06,1.0e+00,8.4e-02,1.0e+00,1.0e-03,2.9e-02,global-SRTGL%YE,CASSRTGlSYEQYF,CASSRTGLSYEQYF,TRBV28,TRBJ2-7,CATAGLASGSARQLTF,Donor AJKQ118:L TCRab CD4 TRM,1.000000,-,-,-,-,-,-,-,-,-,-,-

674,SLGLG%DT,7.7e-03,2,2,5.4e-06,1.0e+00,1.9e-01,1.0e+00,1.0e-03,2.9e-02,global-SLGLG%DT,CASSLGLgTDTQYF,CASSLGLGTDTQYF,TRBV7-6,TRBJ2-3,CILRPGNRDDKIIF,Donor AJD3280:LP TCRab CD4 Poised TCM,1.000000,-,-,-,-,-,-,-,-,-,-,-
674,SLGLG%DT,7.7e-03,2,2,5.4e-06,1.0e+00,1.9e-01,1.0e+00,1.0e-03,2.9e-02,global-SLGLG%DT,CASSLGLgTDTQYF,CASSLGLGTDTQYF,TRBV18,TRBJ2-3,CAGRVIGNEKLTF,Donor AJKQ118:LP TCRab CD4 Poised TCM,1.000000,-,-,-,-,-,-,-,-,-,-,-
674,SLGLG%DT,7.7e-03,2,2,5.4e-06,1.0e+00,1.9e-01,1.0e+00,1.0e-03,2.9e-02,global-SLGLG%DT,CASSLGLgpDTQYF,CASSLGLGPDTQYF,TRBV7-2,TRBJ2-3,CAVRAYNYGQNFVF,Donor AJD3280:PB TCRab CD4 Naive/TCM,1.000000,-,-,-,-,-,-,-,-,-,-,-

675,SLTS%YE,7.7e-03,1,2,2.0e-06,1.0e+00,6.7e-02,1.0e+00,1.0e-03,2.9e-02,global-SLTS%YE,CASSLTSGYEQYF,CASSLTSGYEQYF,TRBV11-1,TRBJ2-7,CAVSDAGGTSYGKLTF,Donor AJD3280:L TCRab CD4 TCM,1.000000,-,-,-,-,-,-,-,-,-,-,-
675,SLTS%YE,7.7e-03,1,2,2.0e-06,1.0e+00,6.7e-02,1.0e+00,1.0e-03,2.9e-02,global-SLTS%YE,CASSLTSpYEQYF,CASSLTSPYEQYF,TRBV7-9,TRBJ2-7,CATDGSSNYKLTF,Donor AJD3280:LP TCRab CD4 Tph,1.000000,-,-,-,-,-,-,-,-,-,-,-

676,SQ%LAGGQET,7.7e-03,1,2,2.0e-06,1.0e+00,6.7e-02,1.0e+00,1.0e-03,2.9e-02,global-SQ%LAGGQET,CASSQrLAGGQETQYF,CASSQRLAGGQETQYF,TRBV4-3,TRBJ2-5,CAASKMTGNTGKLIF,Donor AJD3280:PB TCRab CD4 Naive/TCM,1.000000,-,-,-,-,-,-,-,-,-,-,-
676,SQ%LAGGQET,7.7e-03,1,2,2.0e-06,1.0e+00,6.7e-02,1.0e+00,1.0e-03,2.9e-02,global-SQ%LAGGQET,CASSQGLAGGQETQYF,CASSQGLAGGQETQYF,TRBV7-2,TRBJ2-5,CAASRSGAQKLVF,Donor AJD3280:IEL TCRab CD4 TRM,1.000000,-,-,-,-,-,-,-,-,-,-,-

677,SLE%NTE,7.8e-03,2,3,1.1e-06,1.0e+00,1.9e-01,1.0e+00,1.0e-03,6.2e-03,global-SLE%NTE,CASSLeeNTEAFF,CASSLEENTEAFF,TRBV11-3,TRBJ1-1,CAVSELSNTGKLIF,Donor AJD3280:PB TCRab CD4 Naive/TCM,1.000000,-,-,-,-,-,-,-,-,-,-,-
677,SLE%NTE,7.8e-03,2,3,1.1e-06,1.0e+00,1.9e-01,1.0e+00,1.0e-03,6.2e-03,global-SLE%NTE,CASSLeqNTEAFF,CASSLEQNTEAFF,TRBV12-3,TRBJ1-1,CAASEYDYKLSF,Donor AJG2309:LP TCRab CD4 TRM,1.000000,-,-,-,-,-,-,-,-,-,-,-
677,SLE%NTE,7.8e-03,2,3,1.1e-06,1.0e+00,1.9e-01,1.0e+00,1.0e-03,6.2e-03,global-SLE%NTE,CASSLegNTEAFF,CASSLEGNTEAFF,TRBV7-9,TRBJ1-1,CVVKNYGGSQGNLIF,Donor AJD3280:LP TCRab CD4 Poised TCM,1.000000,-,-,-,-,-,-,-,-,-,-,-

678,S%GGNYG,7.8e-03,3,3,1.1e-06,1.0e+00,1.8e-01,1.0e+00,1.0e-03,6.2e-03,global-S%GGNYG,CASSTGGNYGYTF,CASSTGGNYGYTF,TRBV5-1,TRBJ1-2,CIVRADSWGKLQF,Donor AJKQ118:PB TCRab CD4 Naive/TCM,1.000000,-,-,-,-,-,-,-,-,-,-,-
678,S%GGNYG,7.8e-03,3,3,1.1e-06,1.0e+00,1.8e-01,1.0e+00,1.0e-03,6.2e-03,global-S%GGNYG,CASSLGGNYGYTF,CASSLGGNYGYTF,TRBV7-2,TRBJ1-2,CAVRDRASKIIF,Donor AJD3280:PB TCRab CD4 Naive/TCM,1.000000,-,-,-,-,-,-,-,-,-,-,-
678,S%GGNYG,7.8e-03,3,3,1.1e-06,1.0e+00,1.8e-01,1.0e+00,1.0e-03,6.2e-03,global-S%GGNYG,CASSIGGNYGYTF,CASSIGGNYGYTF,TRBV27,TRBJ1-2,CAVGHQTGANNLFF,Donor AJG2309:LP TCRab CD4 FOXP3+ Treg,1.000000,-,-,-,-,-,-,-,-,-,-,-

679,S%NQET,7.8e-03,2,3,1.1e-06,1.0e+00,1.8e-01,1.0e+00,1.0e-03,6.2e-03,global-S%NQET,CASSVnQETQYF,CASSVNQETQYF,TRBV9,TRBJ2-5,CALSGGSSYKLIF,Donor AJKQ118:PB TCRab CD4 Naive/TCM,1.000000,-,-,-,-,-,-,-,-,-,-,-
679,S%NQET,7.8e-03,2,3,1.1e-06,1.0e+00,1.8e-01,1.0e+00,1.0e-03,6.2e-03,global-S%NQET,CAWSsnQETQYF,CAWSSNQETQYF,TRBV30,TRBJ2-5,CAEKGGAQKLVF,Donor AJG2309:LP TCRab CD4 Naive/TCM,1.000000,-,-,-,-,-,-,-,-,-,-,-
679,S%NQET,7.8e-03,2,3,1.1e-06,1.0e+00,1.8e-01,1.0e+00,1.0e-03,6.2e-03,global-S%NQET,CAISgnQETQYF,CAISGNQETQYF,TRBV10-3,TRBJ2-5,CAARLNTGFQKLVF,Donor AJKQ118:PB TCRab CD4 Naive/TCM,1.000000,-,-,-,-,-,-,-,-,-,-,-

680,S%GGTE,8.0e-03,3,4,2.8e-07,1.0e+00,3.1e-01,3.9e-01,1.0e-03,2.3e-03,global-S%GGTE,CASSLGGTEAFF,CASSLGGTEAFF,TRBV5-6,TRBJ1-1,CAVDRDYKLSF,Donor AJD3280:IEL TCRab CD4 TRM,1.000000,-,-,-,-,-,-,-,-,-,-,-
680,S%GGTE,8.0e-03,3,4,2.8e-07,1.0e+00,3.1e-01,3.9e-01,1.0e-03,2.3e-03,global-S%GGTE,CASSLGGTEAFF,CASSLGGTEAFF,TRBV5-6,TRBJ1-1,CAVDRDYKLSF,Donor AJD3280:LP TCRab CD4 Tph,2.000000,-,-,-,-,-,-,-,-,-,-,-
680,S%GGTE,8.0e-03,3,4,2.8e-07,1.0e+00,3.1e-01,3.9e-01,1.0e-03,2.3e-03,global-S%GGTE,CASSLGGTEAFF,CASSLGGTEAFF,TRBV5-1,TRBJ1-1,CAVYNNAGNMLTF,Donor AJKQ118:PB TCRab CD4 FOXP3+ Treg,1.000000,-,-,-,-,-,-,-,-,-,-,-
680,S%GGTE,8.0e-03,3,4,2.8e-07,1.0e+00,3.1e-01,3.9e-01,1.0e-03,2.3e-03,global-S%GGTE,CASSLGGTEAFF,CASSLGGTEAFF,TRBV7-2,TRBJ1-1,CIVRVQQAAGNKLTF,Donor AJKQ118:PB TCRab CD4 Naive/TCM,1.000000,-,-,-,-,-,-,-,-,-,-,-
680,S%GGTE,8.0e-03,3,4,2.8e-07,1.0e+00,3.1e-01,3.9e-01,1.0e-03,2.3e-03,global-S%GGTE,CASSQGGTEAFF,CASSQGGTEAFF,TRBV16,TRBJ1-1,CGAGPAYGQNFVF,Donor AJKQ118:PB TCRab CD4 Naive/TCM,1.000000,-,-,-,-,-,-,-,-,-,-,-
680,S%GGTE,8.0e-03,3,4,2.8e-07,1.0e+00,3.1e-01,3.9e-01,1.0e-03,2.3e-03,global-S%GGTE,CSgSGGgTEAFF,CSGSGGGTEAFF,TRBV20-1,TRBJ1-1,CALSDRAGGGNKLTF,Donor AJG2309:LP TCRab CD4 Mobile TRM,1.000000,-,-,-,-,-,-,-,-,-,-,-
680,S%GGTE,8.0e-03,3,4,2.8e-07,1.0e+00,3.1e-01,3.9e-01,1.0e-03,2.3e-03,global-S%GGTE,CASSfGGTEAFF,CASSFGGTEAFF,TRBV7-9,TRBJ1-1,CAGGGATNKLIF,Donor AJD3280:LP TCRab CD4 Tph,1.000000,-,-,-,-,-,-,-,-,-,-,-
680,S%GGTE,8.0e-03,3,4,2.8e-07,1.0e+00,3.1e-01,3.9e-01,1.0e-03,2.3e-03,global-S%GGTE,CASSfGGTEAFF,CASSFGGTEAFF,TRBV5-1,TRBJ1-1,CAASDNNDMRF,Donor AJG2309:LP TCRab CD4 TRM,1.000000,-,-,-,-,-,-,-,-,-,-,-

681,GG%SYNE,8.8e-03,3,3,7.9e-07,1.0e+00,1.3e-01,1.0e+00,1.0e-03,6.2e-03,global-GG%SYNE,CSVGGsSYNEQFF,CSVGGSSYNEQFF,TRBV29-1,TRBJ2-1,CAMREGSAGGYQKVTF,Donor AJD3280:PB TCRab CD4 Naive/TCM,1.000000,-,-,-,-,-,-,-,-,-,-,-
681,GG%SYNE,8.8e-03,3,3,7.9e-07,1.0e+00,1.3e-01,1.0e+00,1.0e-03,6.2e-03,global-GG%SYNE,CAhGGfSYNEQFF,CAHGGFSYNEQFF,TRBV28,TRBJ2-1,CAVMDTNAGKSTF,Donor AJG2309:PB TCRab CD4 Naive/TCM,1.000000,-,-,-,-,-,-,-,-,-,-,-
681,GG%SYNE,8.8e-03,3,3,7.9e-07,1.0e+00,1.3e-01,1.0e+00,1.0e-03,6.2e-03,global-GG%SYNE,CSVGGgSYNEQFF,CSVGGGSYNEQFF,TRBV29-1,TRBJ2-1,CIVRPGSSNTGKLIF,Donor AJKQ118:PB TCRab CD4 Naive/TCM,1.000000,-,-,-,-,-,-,-,-,-,-,-

682,S%GGGTE,8.8e-03,2,3,9.8e-07,1.0e+00,1.6e-01,1.0e+00,1.0e-03,6.2e-03,global-S%GGGTE,CASSLGGgTEAFF,CASSLGGGTEAFF,TRBV5-4,TRBJ1-1,CAGGKAGGGNKLTF,Donor AJD3280:L TCRab CD4 TRM,1.000000,-,-,-,-,-,-,-,-,-,-,-
682,S%GGGTE,8.8e-03,2,3,9.8e-07,1.0e+00,1.6e-01,1.0e+00,1.0e-03,6.2e-03,global-S%GGGTE,CASSYGGgTEAFF,CASSYGGGTEAFF,TRBV6-5,TRBJ1-1,CAGGVWDFNTFYF,Donor AJG2309:PB TCRab CD4 Naive/TCM,1.000000,-,-,-,-,-,-,-,-,-,-,-
682,S%GGGTE,8.8e-03,2,3,9.8e-07,1.0e+00,1.6e-01,1.0e+00,1.0e-03,6.2e-03,global-S%GGGTE,CASSQGGgTEAFF,CASSQGGGTEAFF,TRBV3-1,TRBJ1-1,CAASGGGTSYGKLTF,Donor AJD3280:LP TCRab CD4 TRM,1.000000,-,-,-,-,-,-,-,-,-,-,-

683,S%GGNT,8.8e-03,3,3,2.0e-06,1.0e+00,3.2e-01,1.0e+00,1.0e-03,6.2e-03,global-S%GGNT,CASSQgGNTIYF,CASSQGGNTIYF,TRBV14,TRBJ1-3,CAENILADSGGGADGLTF,Donor AJKQ118:LP TCRab CD4 Poised TCM,1.000000,-,-,-,-,-,-,-,-,-,-,-
683,S%GGNT,8.8e-03,3,3,2.0e-06,1.0e+00,3.2e-01,1.0e+00,1.0e-03,6.2e-03,global-S%GGNT,CASSLgGNTIYF,CASSLGGNTIYF,TRBV11-2,TRBJ1-3,CAAKNYGGSQGNLIF,Donor AJD3280:LP TCRab CD4 TRM,1.000000,-,-,-,-,-,-,-,-,-,-,-
683,S%GGNT,8.8e-03,3,3,2.0e-06,1.0e+00,3.2e-01,1.0e+00,1.0e-03,6.2e-03,global-S%GGNT,CASSLgGNTIYF,CASSLGGNTIYF,TRBV12-3,TRBJ1-3,CIVRAQGAQKLVF,Donor AJD3280:PB TCRab CD4 Naive/TCM,1.000000,-,-,-,-,-,-,-,-,-,-,-
683,S%GGNT,8.8e-03,3,3,2.0e-06,1.0e+00,3.2e-01,1.0e+00,1.0e-03,6.2e-03,global-S%GGNT,CASSEgGNTIYF,CASSEGGNTIYF,TRBV2,TRBJ1-3,CAMKSSSNTGKLIF,Donor AJG2309:LP TCRab CD4 TRM,1.000000,-,-,-,-,-,-,-,-,-,-,-

684,SLT%NTE,8.8e-03,1,3,2.0e-07,1.0e+00,3.2e-02,1.0e+00,1.0e-03,6.2e-03,global-SLT%NTE,CSASltvNTEAFF,CSASLTVNTEAFF,TRBV20-1,TRBJ1-1,CAVKSFGNVLHC,Donor AJKQ118:PB TCRab CD4 FOXP3+ Treg,1.000000,-,-,-,-,-,-,-,-,-,-,-
684,SLT%NTE,8.8e-03,1,3,2.0e-07,1.0e+00,3.2e-02,1.0e+00,1.0e-03,6.2e-03,global-SLT%NTE,CSASltvNTEAFF,CSASLTVNTEAFF,TRBV20-1,TRBJ1-1,CAVKSFGNVLHC,Donor AJKQ118:PB TCRab CD4 Naive/TCM,1.000000,-,-,-,-,-,-,-,-,-,-,-
684,SLT%NTE,8.8e-03,1,3,2.0e-07,1.0e+00,3.2e-02,1.0e+00,1.0e-03,6.2e-03,global-SLT%NTE,CASSLteNTEAFF,CASSLTENTEAFF,TRBV5-1,TRBJ1-1,CLLNFGNEKLTF,Donor AJKQ118:LP TCRab CD4 TRM,1.000000,-,-,-,-,-,-,-,-,-,-,-
684,SLT%NTE,8.8e-03,1,3,2.0e-07,1.0e+00,3.2e-02,1.0e+00,1.0e-03,6.2e-03,global-SLT%NTE,CASSLtpNTEAFF,CASSLTPNTEAFF,TRBV7-2,TRBJ1-1,CVVTFSGTYKYIF,Donor AJKQ118:PB TCRab CD4 Naive/TCM,1.000000,-,-,-,-,-,-,-,-,-,-,-

685,SL%GGNTE,8.8e-03,2,3,1.1e-06,1.0e+00,1.8e-01,1.0e+00,1.0e-03,6.2e-03,global-SL%GGNTE,CASSLAGGNTEAFF,CASSLAGGNTEAFF,TRBV12-3,TRBJ1-1,CAITIGGGKLIF,Donor AJKQ118:PB TCRab CD4 Naive/TCM,1.000000,-,-,-,-,-,-,-,-,-,-,-
685,SL%GGNTE,8.8e-03,2,3,1.1e-06,1.0e+00,1.8e-01,1.0e+00,1.0e-03,6.2e-03,global-SL%GGNTE,CASSLvGGNTEAFF,CASSLVGGNTEAFF,TRBV7-2,TRBJ1-1,CAASDGSSNTGKLIF,Donor AJKQ118:L TCRab CD4 TRM,1.000000,-,-,-,-,-,-,-,-,-,-,-
685,SL%GGNTE,8.8e-03,2,3,1.1e-06,1.0e+00,1.8e-01,1.0e+00,1.0e-03,6.2e-03,global-SL%GGNTE,CASSLmGGNTEAFF,CASSLMGGNTEAFF,TRBV27,TRBJ1-1,CAASLENAGNMLTF,Donor AJG2309:LP TCRab CD4 TRM,1.000000,-,-,-,-,-,-,-,-,-,-,-

686,S%SEK,9.8e-03,2,2,1.7e-06,1.0e+00,5.9e-02,1.0e+00,1.0e-03,2.9e-02,global-S%SEK,CASSVsEKLFF,CASSVSEKLFF,TRBV2,TRBJ1-4,CAYRNLFGNEKLTF,Donor AJG2309:L TCRab CD4 TRM,1.000000,-,-,-,-,-,-,-,-,-,-,-
686,S%SEK,9.8e-03,2,2,1.7e-06,1.0e+00,5.9e-02,1.0e+00,1.0e-03,2.9e-02,global-S%SEK,CASSfsEKLFF,CASSFSEKLFF,TRBV12-4,TRBJ1-4,CLVGAPYSGNTPLVF,Donor AJD3280:LP TCRab CD4 Poised TCM,1.000000,-,-,-,-,-,-,-,-,-,-,-

687,S%GLDQP,9.8e-03,2,2,7.6e-08,1.0e+00,6.7e-02,3.9e-02,1.0e-03,2.9e-02,global-S%GLDQP,CASSQGLdQPQHF,CASSQGLDQPQHF,TRBV4-3,TRBJ1-5,CVVNGGNTGFQKLVF,Donor AJD3280:L TCRab CD4 TRM,2.000000,-,-,-,-,-,-,-,-,-,-,-
687,S%GLDQP,9.8e-03,2,2,7.6e-08,1.0e+00,6.7e-02,3.9e-02,1.0e-03,2.9e-02,global-S%GLDQP,CSASRGldQPQHF,CSASRGLDQPQHF,TRBV20-1,TRBJ1-5,CAVGGSGTASKLTF,Donor AJKQ118:PB TCRab CD4 Naive/TCM,2.000000,-,-,-,-,-,-,-,-,-,-,-

688,S%ERTDT,9.8e-03,1,2,1.8e-06,1.0e+00,6.1e-02,1.0e+00,1.0e-03,2.9e-02,global-S%ERTDT,CASSRerTDTQYF,CASSRERTDTQYF,TRBV19,TRBJ2-3,CVVNGNDYKLSF,Donor AJD3280:L TCRab CD4 Naive/TCM,1.000000,-,-,-,-,-,-,-,-,-,-,-
688,S%ERTDT,9.8e-03,1,2,1.8e-06,1.0e+00,6.1e-02,1.0e+00,1.0e-03,2.9e-02,global-S%ERTDT,CATSterTDTQYF,CATSTERTDTQYF,TRBV24-1,TRBJ2-3,CAVQPPGGTSYGKLTF,Donor AJD3280:LP TCRab CD4 TRM,1.000000,-,-,-,-,-,-,-,-,-,-,-

689,S%QGYTE,9.8e-03,1,2,1.9e-06,1.0e+00,6.6e-02,1.0e+00,1.0e-03,2.9e-02,global-S%QGYTE,CASSRQGyTEAFF,CASSRQGYTEAFF,TRBV5-6,TRBJ1-1,CAMSDGGGFKTIF,Donor AJD3280:L TCRab CD4 TRM,1.000000,-,-,-,-,-,-,-,-,-,-,-
689,S%QGYTE,9.8e-03,1,2,1.9e-06,1.0e+00,6.6e-02,1.0e+00,1.0e-03,2.9e-02,global-S%QGYTE,CASSVQGyTEAFF,CASSVQGYTEAFF,TRBV19,TRBJ1-1,CALSGARGNDYKLSF,Donor AJD3280:LP TCRab CD4 TRM,1.000000,-,-,-,-,-,-,-,-,-,-,-

690,SLAGG%NE,9.8e-03,1,3,5.0e-10,1.0e+00,2.0e-02,4.0e-03,1.0e-03,6.2e-03,global-SLAGG%NE,CASSLAGGYNEQFF,CASSLAGGYNEQFF,TRBV7-3,TRBJ2-1,CAGPFYGQNFVF,Donor AJG2309:LP TCRab CD4 Poised TCM,1.000000,-,-,-,-,-,-,-,-,-,-,-
690,SLAGG%NE,9.8e-03,1,3,5.0e-10,1.0e+00,2.0e-02,4.0e-03,1.0e-03,6.2e-03,global-SLAGG%NE,CASSLAGGeNEQFF,CASSLAGGENEQFF,TRBV6-2,TRBJ2-1,CAVFPLLIGFGNVLHC,Donor AJG2309:LP TCRab CD4 TRM,1.000000,-,-,-,-,-,-,-,-,-,-,-
690,SLAGG%NE,9.8e-03,1,3,5.0e-10,1.0e+00,2.0e-02,4.0e-03,1.0e-03,6.2e-03,global-SLAGG%NE,CASSLAGGpNEQFF,CASSLAGGPNEQFF,TRBV27,TRBJ2-1,CAYAHSAGGTSYGKLTF,Donor AJG2309:L TCRab CD4 TCM,3.000000,-,-,-,-,-,-,-,-,-,-,-
690,SLAGG%NE,9.8e-03,1,3,5.0e-10,1.0e+00,2.0e-02,4.0e-03,1.0e-03,6.2e-03,global-SLAGG%NE,CASSLAGGpNEQFF,CASSLAGGPNEQFF,TRBV27,TRBJ2-1,CAYAHSAGGTSYGKLTF,Donor AJG2309:L TCRab CD4 TRM,1.000000,-,-,-,-,-,-,-,-,-,-,-
690,SLAGG%NE,9.8e-03,1,3,5.0e-10,1.0e+00,2.0e-02,4.0e-03,1.0e-03,6.2e-03,global-SLAGG%NE,CASSLAGGpNEQFF,CASSLAGGPNEQFF,TRBV27,TRBJ2-1,CAYAHSAGGTSYGKLTF,Donor AJG2309:LP TCRab CD4 TRM,8.000000,-,-,-,-,-,-,-,-,-,-,-
690,SLAGG%NE,9.8e-03,1,3,5.0e-10,1.0e+00,2.0e-02,4.0e-03,1.0e-03,6.2e-03,global-SLAGG%NE,CASSLAGGpNEQFF,CASSLAGGPNEQFF,TRBV27,TRBJ2-1,CAYAHSAGGTSYGKLTF,Donor AJG2309:PB TCRab CD4 Naive/TCM,1.000000,-,-,-,-,-,-,-,-,-,-,-

691,S%RAGGQET,9.8e-03,1,2,1.9e-06,1.0e+00,6.6e-02,1.0e+00,1.0e-03,2.9e-02,global-S%RAGGQET,CASSYrAGGQETQYF,CASSYRAGGQETQYF,TRBV6-2,TRBJ2-5,CAVSGGTGGFKTIF,Donor AJD3280:LP TCRab CD4 TRM,1.000000,-,-,-,-,-,-,-,-,-,-,-
691,S%RAGGQET,9.8e-03,1,2,1.9e-06,1.0e+00,6.6e-02,1.0e+00,1.0e-03,2.9e-02,global-S%RAGGQET,CASSIrAGGQETQYF,CASSIRAGGQETQYF,TRBV7-2,TRBJ2-5,CALTLNSGGYQKVTF,Donor AJD3280:L TCRab CD4 TRM,1.000000,-,-,-,-,-,-,-,-,-,-,-

692,SPL%GNTE,9.8e-03,2,2,2.4e-07,1.0e+00,7.3e-02,1.1e-01,1.0e-03,2.9e-02,global-SPL%GNTE,CASSPlGGNTEAFF,CASSPLGGNTEAFF,TRBV18,TRBJ1-1,CAMSAAGSQGNLIF,Donor AJKQ118:L TCRab CD4 TRM,2.000000,-,-,-,-,-,-,-,-,-,-,-
692,SPL%GNTE,9.8e-03,2,2,2.4e-07,1.0e+00,7.3e-02,1.1e-01,1.0e-03,2.9e-02,global-SPL%GNTE,CASSPlTGNTEAFF,CASSPLTGNTEAFF,TRBV6-2,TRBJ1-1,CAVGAYNQGGKLIF,Donor AJD3280:L TCRab CD4 TCM,1.000000,-,-,-,-,-,-,-,-,-,-,-

693,SLDRG%E,9.8e-03,1,3,3.5e-09,1.0e+00,4.0e-03,1.4e-01,1.0e-03,6.2e-03,global-SLDRG%E,CASSLDRGTEAFF,CASSLDRGTEAFF,TRBV7-3,TRBJ1-1,CAVNAILGGFKTIF,Donor AJD3280:IEL TCRab CD4 TRM,1.000000,-,-,-,-,-,-,-,-,-,-,-
693,SLDRG%E,9.8e-03,1,3,3.5e-09,1.0e+00,4.0e-03,1.4e-01,1.0e-03,6.2e-03,global-SLDRG%E,CASSLDRGTEAFF,CASSLDRGTEAFF,TRBV11-2,TRBJ1-1,CAVSFDGQKLLF,Donor AJD3280:LP TCRab CD4 Poised TCM,1.000000,-,-,-,-,-,-,-,-,-,-,-
693,SLDRG%E,9.8e-03,1,3,3.5e-09,1.0e+00,4.0e-03,1.4e-01,1.0e-03,6.2e-03,global-SLDRG%E,CASSLDRGTEAFF,CASSLDRGTEAFF,TRBV7-3,TRBJ1-1,CAVRDELRSGNTGKLIF,Donor AJD3280:LP TCRab CD4 TRM,1.000000,-,-,-,-,-,-,-,-,-,-,-
693,SLDRG%E,9.8e-03,1,3,3.5e-09,1.0e+00,4.0e-03,1.4e-01,1.0e-03,6.2e-03,global-SLDRG%E,CASSLDRGTEAFF,CASSLDRGTEAFF,TRBV7-3,TRBJ1-1,CAVNAILGGFKTIF,Donor AJD3280:LP TCRab CD4 TRM,3.000000,-,-,-,-,-,-,-,-,-,-,-
693,SLDRG%E,9.8e-03,1,3,3.5e-09,1.0e+00,4.0e-03,1.4e-01,1.0e-03,6.2e-03,global-SLDRG%E,CASSLDRGNEQFF,CASSLDRGNEQFF,TRBV11-3,TRBJ2-1,CAEISYTGRRALTF,Donor AJD3280:PB TCRab CD4 Naive/TCM,1.000000,-,-,-,-,-,-,-,-,-,-,-
693,SLDRG%E,9.8e-03,1,3,3.5e-09,1.0e+00,4.0e-03,1.4e-01,1.0e-03,6.2e-03,global-SLDRG%E,CASSLDRGdEQFF,CASSLDRGDEQFF,TRBV11-2,TRBJ2-1,CAVSEGYGGNQFYF,Donor AJD3280:PB TCRab CD4 Naive/TCM,1.000000,-,-,-,-,-,-,-,-,-,-,-

694,SPG%NYG,9.8e-03,2,3,1.9e-06,1.0e+00,3.1e-01,1.0e+00,1.0e-03,6.2e-03,global-SPG%NYG,CASSPgpNYGYTF,CASSPGPNYGYTF,TRBV12-4,TRBJ1-2,CAFRTGRRALTF,Donor AJD3280:LP TCRab CD4 Tph,1.000000,-,-,-,-,-,-,-,-,-,-,-
694,SPG%NYG,9.8e-03,2,3,1.9e-06,1.0e+00,3.1e-01,1.0e+00,1.0e-03,6.2e-03,global-SPG%NYG,CASSPgfNYGYTF,CASSPGFNYGYTF,TRBV7-2,TRBJ1-2,CAESPSGNTPLVF,Donor AJD3280:PB TCRab CD4 Naive/TCM,1.000000,-,-,-,-,-,-,-,-,-,-,-
694,SPG%NYG,9.8e-03,2,3,1.9e-06,1.0e+00,3.1e-01,1.0e+00,1.0e-03,6.2e-03,global-SPG%NYG,CASSPGTNYGYTF,CASSPGTNYGYTF,TRBV7-3,TRBJ1-2,CAGSNYQLIW,Donor AJD3280:L TCRab CD4 TRM,1.000000,-,-,-,-,-,-,-,-,-,-,-
694,SPG%NYG,9.8e-03,2,3,1.9e-06,1.0e+00,3.1e-01,1.0e+00,1.0e-03,6.2e-03,global-SPG%NYG,CASSPGTNYGYTF,CASSPGTNYGYTF,TRBV6-6,TRBJ1-2,CVVSDGGGTASKLTF,Donor AJG2309:LP TCRab CD4 Naive/TCM,1.000000,-,-,-,-,-,-,-,-,-,-,-

695,SP%SSSYE,9.8e-03,2,2,1.6e-06,1.0e+00,5.6e-02,1.0e+00,1.0e-03,2.9e-02,global-SP%SSSYE,CASSPdssSYEQYF,CASSPDSSSYEQYF,TRBV5-1,TRBJ2-7,CVVNDRGSTLGRLYF,Donor AJD3280:PB TCRab CD4 Naive/TCM,1.000000,-,-,-,-,-,-,-,-,-,-,-
695,SP%SSSYE,9.8e-03,2,2,1.6e-06,1.0e+00,5.6e-02,1.0e+00,1.0e-03,2.9e-02,global-SP%SSSYE,CASSPgssSYEQYF,CASSPGSSSYEQYF,TRBV7-3,TRBJ2-7,CAVSRGGSYIPTF,Donor AJG2309:PB TCRab CD4 Naive/TCM,1.000000,-,-,-,-,-,-,-,-,-,-,-

696,SPG%TNTE,9.8e-03,1,2,1.8e-06,1.0e+00,6.3e-02,1.0e+00,1.0e-03,2.9e-02,global-SPG%TNTE,CSASpghtNTEAFF,CSASPGHTNTEAFF,TRBV20-1,TRBJ1-1,CILPNSGGSNYKLTF,Donor AJD3280:IEL TCRab CD4 TRM,1.000000,-,-,-,-,-,-,-,-,-,-,-
696,SPG%TNTE,9.8e-03,1,2,1.8e-06,1.0e+00,6.3e-02,1.0e+00,1.0e-03,2.9e-02,global-SPG%TNTE,CASSPGLtNTEAFF,CASSPGLTNTEAFF,TRBV6-2,TRBJ1-1,CAASLGVDQGAQKLVF,Donor AJD3280:PB TCRab CD4 Naive/TCM,1.000000,-,-,-,-,-,-,-,-,-,-,-

697,SLQG%YNE,9.8e-03,2,2,2.0e-06,1.0e+00,7.0e-02,1.0e+00,1.0e-03,2.9e-02,global-SLQG%YNE,CASSLQGvYNEQFF,CASSLQGVYNEQFF,TRBV7-8,TRBJ2-1,CVVIGGGADGLTF,Donor AJD3280:LP TCRab CD4 TRM,1.000000,-,-,-,-,-,-,-,-,-,-,-
697,SLQG%YNE,9.8e-03,2,2,2.0e-06,1.0e+00,7.0e-02,1.0e+00,1.0e-03,2.9e-02,global-SLQG%YNE,CASSLQGlYNEQFF,CASSLQGLYNEQFF,TRBV27,TRBJ2-1,CAVRDYQTGANNLFF,Donor AJG2309:LP TCRab CD4 Poised TCM,1.000000,-,-,-,-,-,-,-,-,-,-,-

698,SL%QGVNQP,9.8e-03,2,2,2.3e-07,1.0e+00,7.5e-02,1.0e-01,1.0e-03,2.9e-02,global-SL%QGVNQP,CASSLqQGvNQPQHF,CASSLQQGVNQPQHF,TRBV19,TRBJ1-5,CALSEEGTGRRALTF,Donor AJD3280:L TCRab CD4 TRM,1.000000,-,-,-,-,-,-,-,-,-,-,-
698,SL%QGVNQP,9.8e-03,2,2,2.3e-07,1.0e+00,7.5e-02,1.0e-01,1.0e-03,2.9e-02,global-SL%QGVNQP,CASSLGQGvNQPQHF,CASSLGQGVNQPQHF,TRBV5-1,TRBJ1-5,CIVRVDSGYSTLTF,Donor AJG2309:PB TCRab CD4 Naive/TCM,2.000000,-,-,-,-,-,-,-,-,-,-,-

699,SP%AGGYNE,9.8e-03,2,2,1.9e-06,1.0e+00,6.6e-02,1.0e+00,1.0e-03,2.9e-02,global-SP%AGGYNE,CASSPLAGGYNEQFF,CASSPLAGGYNEQFF,TRBV19,TRBJ2-1,CALSGPLPNDYKLSF,Donor AJKQ118:PB TCRab CD4 Naive/TCM,1.000000,-,-,-,-,-,-,-,-,-,-,-
699,SP%AGGYNE,9.8e-03,2,2,1.9e-06,1.0e+00,6.6e-02,1.0e+00,1.0e-03,2.9e-02,global-SP%AGGYNE,CASSPiAGGYNEQFF,CASSPIAGGYNEQFF,TRBV6-2,TRBJ2-1,CAASDSGSARQLTF,Donor AJD3280:LP TCRab CD4 TRM,1.000000,-,-,-,-,-,-,-,-,-,-,-

700,SS%TNEK,9.8e-03,1,2,1.1e-08,1.0e+00,6.3e-02,6.0e-03,1.0e-03,2.9e-02,global-SS%TNEK,CASSStTNEKLFF,CASSSTTNEKLFF,TRBV19,TRBJ1-4,CAVPWGSSASKIIF,Donor AJD3280:LP TCRab CD4 TRM,5.000000,-,-,-,-,-,-,-,-,-,-,-
700,SS%TNEK,9.8e-03,1,2,1.1e-08,1.0e+00,6.3e-02,6.0e-03,1.0e-03,2.9e-02,global-SS%TNEK,CASSSgTNEKLFF,CASSSGTNEKLFF,TRBV28,TRBJ1-4,CAAPTDSWGKLQF,Donor AJD3280:PB TCRab CD4 Naive/TCM,1.000000,-,-,-,-,-,-,-,-,-,-,-

701,%QGGGTE,9.8e-03,2,2,1.7e-06,1.0e+00,5.9e-02,1.0e+00,1.0e-03,2.9e-02,global-%QGGGTE,CSApQGggTEAFF,CSAPQGGGTEAFF,TRBV20-1,TRBJ1-1,CAVGHYNQGGKLIF,Donor AJG2309:PB TCRab CD4 Naive/TCM,1.000000,-,-,-,-,-,-,-,-,-,-,-
701,%QGGGTE,9.8e-03,2,2,1.7e-06,1.0e+00,5.9e-02,1.0e+00,1.0e-03,2.9e-02,global-%QGGGTE,CASSQGGgTEAFF,CASSQGGGTEAFF,TRBV3-1,TRBJ1-1,CAASGGGTSYGKLTF,Donor AJD3280:LP TCRab CD4 TRM,1.000000,-,-,-,-,-,-,-,-,-,-,-

702,SLGGA%YG,9.8e-03,2,2,1.5e-06,1.0e+00,5.1e-02,1.0e+00,1.0e-03,2.9e-02,global-SLGGA%YG,CASSLGGasYGYTF,CASSLGGASYGYTF,TRBV11-2,TRBJ1-2,CAVGAGTGANNLFF,Donor AJD3280:LP TCRab CD4 FOXP3+ Treg,1.000000,-,-,-,-,-,-,-,-,-,-,-
702,SLGGA%YG,9.8e-03,2,2,1.5e-06,1.0e+00,5.1e-02,1.0e+00,1.0e-03,2.9e-02,global-SLGGA%YG,CASSLGGayYGYTF,CASSLGGAYYGYTF,TRBV5-1,TRBJ1-2,CAYRKETSGSRLTF,Donor AJG2309:LP TCRab CD4 TRM,1.000000,-,-,-,-,-,-,-,-,-,-,-

703,SP%QNTE,9.8e-03,2,2,2.1e-06,1.0e+00,7.2e-02,1.0e+00,1.0e-03,2.9e-02,global-SP%QNTE,CASSPGQNTEAFF,CASSPGQNTEAFF,TRBV18,TRBJ1-1,CALVGNTGFQKLVF,Donor AJG2309:IEL TCRab CD4 Mobile TRM,1.000000,-,-,-,-,-,-,-,-,-,-,-
703,SP%QNTE,9.8e-03,2,2,2.1e-06,1.0e+00,7.2e-02,1.0e+00,1.0e-03,2.9e-02,global-SP%QNTE,CASSPtqNTEAFF,CASSPTQNTEAFF,TRBV19,TRBJ1-1,CLLGPTGANSKLTF,Donor AJD3280:L TCRab CD4 TCM,1.000000,-,-,-,-,-,-,-,-,-,-,-

704,SPGTSG%,9.8e-03,2,2,2.0e-06,1.0e+00,6.8e-02,1.0e+00,1.0e-03,2.9e-02,global-SPGTSG%,CASSPGTSGEQYF,CASSPGTSGEQYF,TRBV11-2,TRBJ2-7,CAVSLQGAQKLVF,Donor AJD3280:LP TCRab CD4 TRM,1.000000,-,-,-,-,-,-,-,-,-,-,-
704,SPGTSG%,9.8e-03,2,2,2.0e-06,1.0e+00,6.8e-02,1.0e+00,1.0e-03,2.9e-02,global-SPGTSG%,CAWSpGTSGTQYF,CAWSPGTSGTQYF,TRBV30,TRBJ2-5,CAAMGNTGTASKLTF,Donor AJKQ118:PB TCRab CD4 Naive/TCM,1.000000,-,-,-,-,-,-,-,-,-,-,-

705,SLLG%ET,9.8e-03,2,2,1.6e-06,1.0e+00,5.6e-02,1.0e+00,1.0e-03,2.9e-02,global-SLLG%ET,CASSLlGGETQYF,CASSLLGGETQYF,TRBV12-3,TRBJ2-5,CVVNTGGTYKYIF,Donor AJKQ118:PB TCRab CD4 Naive/TCM,1.000000,-,-,-,-,-,-,-,-,-,-,-
705,SLLG%ET,9.8e-03,2,2,1.6e-06,1.0e+00,5.6e-02,1.0e+00,1.0e-03,2.9e-02,global-SLLG%ET,CASSLlgeETQYF,CASSLLGEETQYF,TRBV7-7,TRBJ2-5,CAGVTSGTYKYIF,Donor AJD3280:IEL TCRab CD4 TRM,1.000000,-,-,-,-,-,-,-,-,-,-,-

706,SLGQGI%E,9.8e-03,1,2,7.0e-10,1.0e+00,6.0e-03,4.0e-03,1.0e-03,2.9e-02,global-SLGQGI%E,CASSLGQGinEQYF,CASSLGQGINEQYF,TRBV7-6,TRBJ2-7,CAVDTDSGGYQKVTF,Donor AJD3280:PB TCRab CD4 Naive/TCM,1.000000,-,-,-,-,-,-,-,-,-,-,-
706,SLGQGI%E,9.8e-03,1,2,7.0e-10,1.0e+00,6.0e-03,4.0e-03,1.0e-03,2.9e-02,global-SLGQGI%E,CASSLGQGisEAFF,CASSLGQGISEAFF,TRBV5-5,TRBJ1-1,CALSGLSQGAQKLVF,Donor AJD3280:IEL TCRab CD4 FOXP3+ Treg,3.000000,-,-,-,-,-,-,-,-,-,-,-
706,SLGQGI%E,9.8e-03,1,2,7.0e-10,1.0e+00,6.0e-03,4.0e-03,1.0e-03,2.9e-02,global-SLGQGI%E,CASSLGQGisEAFF,CASSLGQGISEAFF,TRBV5-5,TRBJ1-1,CALSGLSQGAQKLVF,Donor AJD3280:IEL TCRab CD4 TRM,1.000000,-,-,-,-,-,-,-,-,-,-,-
706,SLGQGI%E,9.8e-03,1,2,7.0e-10,1.0e+00,6.0e-03,4.0e-03,1.0e-03,2.9e-02,global-SLGQGI%E,CASSLGQGisEAFF,CASSLGQGISEAFF,TRBV5-5,TRBJ1-1,CALSGLSQGAQKLVF,Donor AJD3280:LP TCRab CD4 FOXP3+ Treg,7.000000,-,-,-,-,-,-,-,-,-,-,-
706,SLGQGI%E,9.8e-03,1,2,7.0e-10,1.0e+00,6.0e-03,4.0e-03,1.0e-03,2.9e-02,global-SLGQGI%E,CASSLGQGisEAFF,CASSLGQGISEAFF,TRBV5-5,TRBJ1-1,CALSGLSQGAQKLVF,Donor AJD3280:PB TCRab CD4 FOXP3+ Treg,1.000000,-,-,-,-,-,-,-,-,-,-,-

707,%KGTDT,9.8e-03,1,2,2.1e-06,1.0e+00,7.2e-02,1.0e+00,1.0e-03,2.9e-02,global-%KGTDT,CASSKgTDTQYF,CASSKGTDTQYF,TRBV12-4,TRBJ2-3,CAVRASGSARQLTF,Donor AJD3280:IEL TCRab CD4 TRM,1.000000,-,-,-,-,-,-,-,-,-,-,-
707,%KGTDT,9.8e-03,1,2,2.1e-06,1.0e+00,7.2e-02,1.0e+00,1.0e-03,2.9e-02,global-%KGTDT,CASrkgTDTQYF,CASRKGTDTQYF,TRBV3-1,TRBJ2-3,CALSDKVGGGNKLTF,Donor AJD3280:IEL TCRab CD4 Mobile TRM,1.000000,-,-,-,-,-,-,-,-,-,-,-

708,SHR%E,9.8e-03,1,2,1.8e-06,1.0e+00,6.2e-02,1.0e+00,1.0e-03,2.9e-02,global-SHR%E,CAWShrYEQYF,CAWSHRYEQYF,TRBV30,TRBJ2-7,CALSDPNNDMRF,Donor AJD3280:PB TCRab CD4 FOXP3+ Treg,1.000000,-,-,-,-,-,-,-,-,-,-,-
708,SHR%E,9.8e-03,1,2,1.8e-06,1.0e+00,6.2e-02,1.0e+00,1.0e-03,2.9e-02,global-SHR%E,CASShrrELFF,CASSHRRELFF,TRBV3-1,TRBJ2-2,CIVSSQRLTQGGSEKLVF,Donor AJD3280:PB TCRab CD4 Naive/TCM,1.000000,-,-,-,-,-,-,-,-,-,-,-

709,S%GRDYG,9.8e-03,2,2,5.4e-06,1.0e+00,1.9e-01,1.0e+00,1.0e-03,2.9e-02,global-S%GRDYG,CASSLGRdYGYTF,CASSLGRDYGYTF,TRBV12-3,TRBJ1-2,CAASRQGAQKLVF,Donor AJD3280:IEL TCRab CD4 TRM,1.000000,-,-,-,-,-,-,-,-,-,-,-
709,S%GRDYG,9.8e-03,2,2,5.4e-06,1.0e+00,1.9e-01,1.0e+00,1.0e-03,2.9e-02,global-S%GRDYG,CASSLGRdYGYTF,CASSLGRDYGYTF,TRBV7-2,TRBJ1-2,CANRGSTLGRLYF,Donor AJD3280:PB TCRab CD4 FOXP3+ Treg,1.000000,-,-,-,-,-,-,-,-,-,-,-
709,S%GRDYG,9.8e-03,2,2,5.4e-06,1.0e+00,1.9e-01,1.0e+00,1.0e-03,2.9e-02,global-S%GRDYG,CASSRGRdYGYTF,CASSRGRDYGYTF,TRBV6-5,TRBJ1-2,CATQRSNDYKLSF,Donor AJKQ118:PB TCRab CD4 Naive/TCM,1.000000,-,-,-,-,-,-,-,-,-,-,-

710,SLRRG%E,9.8e-03,1,2,2.9e-08,1.0e+00,1.0e-03,1.0e+00,1.0e-03,2.9e-02,global-SLRRG%E,CASSLrRGaEAFF,CASSLRRGAEAFF,TRBV7-3,TRBJ1-1,CAASGASGSRLTF,Donor AJG2309:LP TCRab CD4 TRM,1.000000,-,-,-,-,-,-,-,-,-,-,-
710,SLRRG%E,9.8e-03,1,2,2.9e-08,1.0e+00,1.0e-03,1.0e+00,1.0e-03,2.9e-02,global-SLRRG%E,CASSLrRGTEAFF,CASSLRRGTEAFF,TRBV7-3,TRBJ1-1,CAASRYNQGGKLIF,Donor AJG2309:LP TCRab CD4 TRM,1.000000,-,-,-,-,-,-,-,-,-,-,-

711,SLGAG%NQP,9.8e-03,2,2,1.9e-06,1.0e+00,6.4e-02,1.0e+00,1.0e-03,2.9e-02,global-SLGAG%NQP,CASSLgaGTNQPQHF,CASSLGAGTNQPQHF,TRBV5-6,TRBJ1-5,CAYKETSGSRLTF,Donor AJKQ118:PB TCRab CD4 Naive/TCM,1.000000,-,-,-,-,-,-,-,-,-,-,-
711,SLGAG%NQP,9.8e-03,2,2,1.9e-06,1.0e+00,6.4e-02,1.0e+00,1.0e-03,2.9e-02,global-SLGAG%NQP,CASSLgAGGNQPQHF,CASSLGAGGNQPQHF,TRBV7-8,TRBJ1-5,CAGLEFNKFYF,Donor AJG2309:PB TCRab CD4 Naive/TCM,1.000000,-,-,-,-,-,-,-,-,-,-,-

712,T%GGGTE,9.8e-03,1,2,1.7e-06,1.0e+00,6.0e-02,1.0e+00,1.0e-03,2.9e-02,global-T%GGGTE,CAcTGGggTEAFF,CACTGGGGTEAFF,TRBV30,TRBJ1-1,CILRDRFYGGSQGNLIF,Donor AJD3280:IEL TCRab CD4 TRM,1.000000,-,-,-,-,-,-,-,-,-,-,-
712,T%GGGTE,9.8e-03,1,2,1.7e-06,1.0e+00,6.0e-02,1.0e+00,1.0e-03,2.9e-02,global-T%GGGTE,CASTLGGgTEAFF,CASTLGGGTEAFF,TRBV5-1,TRBJ1-1,CAVSGGSYIPTF,Donor AJD3280:LP TCRab CD4 FOXP3+ Treg,1.000000,-,-,-,-,-,-,-,-,-,-,-

713,SY%RGTE,9.8e-03,2,2,2.9e-07,1.0e+00,1.0e-02,1.0e+00,1.0e-03,2.9e-02,global-SY%RGTE,CASSYmRGTEAFF,CASSYMRGTEAFF,TRBV6-5,TRBJ1-1,CAVGMNYGGSQGNLIF,Donor AJKQ118:PB TCRab CD4 Naive/TCM,1.000000,-,-,-,-,-,-,-,-,-,-,-
713,SY%RGTE,9.8e-03,2,2,2.9e-07,1.0e+00,1.0e-02,1.0e+00,1.0e-03,2.9e-02,global-SY%RGTE,CASSYsRGTEAFF,CASSYSRGTEAFF,TRBV6-5,TRBJ1-1,CVVNRTGGGNKLTF,Donor AJD3280:IEL TCRab CD4 TRM,1.000000,-,-,-,-,-,-,-,-,-,-,-
713,SY%RGTE,9.8e-03,2,2,2.9e-07,1.0e+00,1.0e-02,1.0e+00,1.0e-03,2.9e-02,global-SY%RGTE,CASSYsRGTEAFF,CASSYSRGTEAFF,TRBV6-5,TRBJ1-1,CASNFNKFYF,Donor AJD3280:IEL TCRab CD4 TRM,1.000000,-,-,-,-,-,-,-,-,-,-,-
713,SY%RGTE,9.8e-03,2,2,2.9e-07,1.0e+00,1.0e-02,1.0e+00,1.0e-03,2.9e-02,global-SY%RGTE,CASSYsRGTEAFF,CASSYSRGTEAFF,TRBV6-2,TRBJ1-1,CAVPHNAGGTSYGKLTF,Donor AJD3280:L TCRab CD4 Naive/TCM,1.000000,-,-,-,-,-,-,-,-,-,-,-

714,SG%GGET,9.8e-03,1,2,1.7e-06,1.0e+00,5.8e-02,1.0e+00,1.0e-03,2.9e-02,global-SG%GGET,CASSgmGGETQYF,CASSGMGGETQYF,TRBV9,TRBJ2-5,CVVNPGPGYSSASKIIF,Donor AJD3280:L TCRab CD4 TRM,1.000000,-,-,-,-,-,-,-,-,-,-,-
714,SG%GGET,9.8e-03,1,2,1.7e-06,1.0e+00,5.8e-02,1.0e+00,1.0e-03,2.9e-02,global-SG%GGET,CASSgSGGETQYF,CASSGSGGETQYF,TRBV7-9,TRBJ2-5,CVVKGYQKVTF,Donor AJD3280:IEL TCRab CD4 TRM,1.000000,-,-,-,-,-,-,-,-,-,-,-

715,SGL%NTE,9.8e-03,2,2,1.7e-06,1.0e+00,5.9e-02,1.0e+00,1.0e-03,2.9e-02,global-SGL%NTE,CASSGLsNTEAFF,CASSGLSNTEAFF,TRBV19,TRBJ1-1,CALSRPPRGSTLGRLYF,Donor AJG2309:LP TCRab CD4 TRM,1.000000,-,-,-,-,-,-,-,-,-,-,-
715,SGL%NTE,9.8e-03,2,2,1.7e-06,1.0e+00,5.9e-02,1.0e+00,1.0e-03,2.9e-02,global-SGL%NTE,CASSGLmNTEAFF,CASSGLMNTEAFF,TRBV12-5,TRBJ1-1,CGTVNTDKLIF,Donor AJD3280:LP TCRab CD4 TRM,1.000000,-,-,-,-,-,-,-,-,-,-,-

716,S%DNSP,9.8e-03,2,2,3.4e-06,1.0e+00,1.2e-01,1.0e+00,1.0e-03,2.9e-02,global-S%DNSP,CATSRdNSPLHF,CATSRDNSPLHF,TRBV15,TRBJ1-6,CAVSDYTGGFKTIF,Donor AJD3280:L TCRab CD4 Naive/TCM,1.000000,-,-,-,-,-,-,-,-,-,-,-
716,S%DNSP,9.8e-03,2,2,3.4e-06,1.0e+00,1.2e-01,1.0e+00,1.0e-03,2.9e-02,global-S%DNSP,CASSLdNSPLHF,CASSLDNSPLHF,TRBV5-1,TRBJ1-6,CAVSDVDTGRRALTF,Donor AJKQ118:L TCRab CD4 TRM,1.000000,-,-,-,-,-,-,-,-,-,-,-
716,S%DNSP,9.8e-03,2,2,3.4e-06,1.0e+00,1.2e-01,1.0e+00,1.0e-03,2.9e-02,global-S%DNSP,CASSLdNSPLHF,CASSLDNSPLHF,TRBV5-1,TRBJ1-6,CAVSDVDTGRRALTF,Donor AJKQ118:LP TCRab CD4 TRM,1.000000,-,-,-,-,-,-,-,-,-,-,-

717,SAGLAG%ET,9.8e-03,1,2,1.8e-06,1.0e+00,6.2e-02,1.0e+00,1.0e-03,2.9e-02,global-SAGLAG%ET,CASSaGLAGGETQYF,CASSAGLAGGETQYF,TRBV2,TRBJ2-5,CAENNNQGGKLIF,Donor AJD3280:PB TCRab CD4 Naive/TCM,1.000000,-,-,-,-,-,-,-,-,-,-,-
717,SAGLAG%ET,9.8e-03,1,2,1.8e-06,1.0e+00,6.2e-02,1.0e+00,1.0e-03,2.9e-02,global-SAGLAG%ET,CASSaGLAGvETQYF,CASSAGLAGVETQYF,TRBV9,TRBJ2-5,CIVRVPAAGNKLTF,Donor AJD3280:L TCRab CD4 FOXP3+ Treg,1.000000,-,-,-,-,-,-,-,-,-,-,-

718,SYS%GGGYG,9.8e-03,2,2,2.9e-08,1.0e+00,1.0e-03,1.0e+00,1.0e-03,2.9e-02,global-SYS%GGGYG,CASSYsTGGgYGYTF,CASSYSTGGGYGYTF,TRBV6-6,TRBJ1-2,CVVSGGGNNDMRF,Donor AJG2309:L TCRab CD4 TRM,1.000000,-,-,-,-,-,-,-,-,-,-,-
718,SYS%GGGYG,9.8e-03,2,2,2.9e-08,1.0e+00,1.0e-03,1.0e+00,1.0e-03,2.9e-02,global-SYS%GGGYG,CASSYsRGggYGYTF,CASSYSRGGGYGYTF,TRBV6-6,TRBJ1-2,CAGHLLTTSGTYKYIF,Donor AJKQ118:PB TCRab CD4 FOXP3+ Treg,1.000000,-,-,-,-,-,-,-,-,-,-,-

719,SI%TGE,9.8e-03,1,2,2.9e-08,1.0e+00,1.0e-03,1.0e+00,1.0e-03,2.9e-02,global-SI%TGE,CASSINTGELFF,CASSINTGELFF,TRBV19,TRBJ2-2,CAVRDITGGGNKLTF,Donor AJD3280:PB TCRab CD4 FOXP3+ Treg,1.000000,-,-,-,-,-,-,-,-,-,-,-
719,SI%TGE,9.8e-03,1,2,2.9e-08,1.0e+00,1.0e-03,1.0e+00,1.0e-03,2.9e-02,global-SI%TGE,CASSIaTGELFF,CASSIATGELFF,TRBV19,TRBJ2-2,CAASPPRGYALNF,Donor AJD3280:LP TCRab CD4 Poised TCM,1.000000,-,-,-,-,-,-,-,-,-,-,-

720,SSR%YG,9.8e-03,1,2,2.1e-06,1.0e+00,7.2e-02,1.0e+00,1.0e-03,2.9e-02,global-SSR%YG,CASSSrNYGYTF,CASSSRNYGYTF,TRBV11-2,TRBJ1-2,CAAFTGGGNKLTF,Donor AJD3280:PB TCRab CD4 Naive/TCM,1.000000,-,-,-,-,-,-,-,-,-,-,-
720,SSR%YG,9.8e-03,1,2,2.1e-06,1.0e+00,7.2e-02,1.0e+00,1.0e-03,2.9e-02,global-SSR%YG,CASSSrwYGYTF,CASSSRWYGYTF,TRBV6-5,TRBJ1-2,CALNDYKLSF,Donor AJD3280:LP TCRab CD4 FOXP3+ Treg,1.000000,-,-,-,-,-,-,-,-,-,-,-

721,S%TQNTE,9.8e-03,2,2,2.1e-06,1.0e+00,7.2e-02,1.0e+00,1.0e-03,2.9e-02,global-S%TQNTE,CASSPtqNTEAFF,CASSPTQNTEAFF,TRBV19,TRBJ1-1,CLLGPTGANSKLTF,Donor AJD3280:L TCRab CD4 TCM,1.000000,-,-,-,-,-,-,-,-,-,-,-
721,S%TQNTE,9.8e-03,2,2,2.1e-06,1.0e+00,7.2e-02,1.0e+00,1.0e-03,2.9e-02,global-S%TQNTE,CASSYtqNTEAFF,CASSYTQNTEAFF,TRBV18,TRBJ1-1,CAFGYNNNDMRF,Donor AJKQ118:PB TCRab CD4 Naive/TCM,1.000000,-,-,-,-,-,-,-,-,-,-,-

722,SF%QNTE,9.8e-03,1,2,1.9e-06,1.0e+00,6.4e-02,1.0e+00,1.0e-03,2.9e-02,global-SF%QNTE,CASSfnqNTEAFF,CASSFNQNTEAFF,TRBV11-3,TRBJ1-1,CGGIKLTF,Donor AJD3280:L TCRab CD4 TCM,1.000000,-,-,-,-,-,-,-,-,-,-,-
722,SF%QNTE,9.8e-03,1,2,1.9e-06,1.0e+00,6.4e-02,1.0e+00,1.0e-03,2.9e-02,global-SF%QNTE,CASSfrqNTEAFF,CASSFRQNTEAFF,TRBV7-2,TRBJ1-1,CAVSVAGGTSYGKLTF,Donor AJD3280:PB TCRab CD4 Naive/TCM,1.000000,-,-,-,-,-,-,-,-,-,-,-

723,S%GLGE,9.8e-03,1,2,1.8e-06,1.0e+00,6.1e-02,1.0e+00,1.0e-03,2.9e-02,global-S%GLGE,CASSLGLGELFF,CASSLGLGELFF,TRBV7-2,TRBJ2-2,CAVGPTTSGTYKYIF,Donor AJD3280:IEL TCRab CD4 TRM,1.000000,-,-,-,-,-,-,-,-,-,-,-
723,S%GLGE,9.8e-03,1,2,1.8e-06,1.0e+00,6.1e-02,1.0e+00,1.0e-03,2.9e-02,global-S%GLGE,CASSwGLgEQYF,CASSWGLGEQYF,TRBV28,TRBJ2-7,CGTYGGSSNTGKLIF,Donor AJD3280:LP TCRab CD4 FOXP3+ Treg,1.000000,-,-,-,-,-,-,-,-,-,-,-

724,S%LGGET,9.8e-03,2,2,1.5e-06,1.0e+00,5.3e-02,1.0e+00,1.0e-03,2.9e-02,global-S%LGGET,CATSslGGETQYF,CATSSLGGETQYF,TRBV15,TRBJ2-5,CAVSPNAGKSTF,Donor AJG2309:LP TCRab CD4 TRM,1.000000,-,-,-,-,-,-,-,-,-,-,-
724,S%LGGET,9.8e-03,2,2,1.5e-06,1.0e+00,5.3e-02,1.0e+00,1.0e-03,2.9e-02,global-S%LGGET,CASSLlGGETQYF,CASSLLGGETQYF,TRBV12-3,TRBJ2-5,CVVNTGGTYKYIF,Donor AJKQ118:PB TCRab CD4 Naive/TCM,1.000000,-,-,-,-,-,-,-,-,-,-,-

725,SLAPG%E,9.8e-03,2,2,2.3e-07,1.0e+00,8.0e-03,1.0e+00,1.0e-03,2.9e-02,global-SLAPG%E,CASSLapgaEQYF,CASSLAPGAEQYF,TRBV7-2,TRBJ2-7,CAVDSGGSNYKLTF,Donor AJKQ118:L TCRab CD4 TRM,1.000000,-,-,-,-,-,-,-,-,-,-,-
725,SLAPG%E,9.8e-03,2,2,2.3e-07,1.0e+00,8.0e-03,1.0e+00,1.0e-03,2.9e-02,global-SLAPG%E,CASSLapgaEQYF,CASSLAPGAEQYF,TRBV7-2,TRBJ2-7,CAVDAGGSNYKLTF,Donor AJKQ118:LP TCRab CD4 Mobile TRM,1.000000,-,-,-,-,-,-,-,-,-,-,-
725,SLAPG%E,9.8e-03,2,2,2.3e-07,1.0e+00,8.0e-03,1.0e+00,1.0e-03,2.9e-02,global-SLAPG%E,CASSLapgaEQYF,CASSLAPGAEQYF,TRBV7-2,TRBJ2-7,CAVDSGGSNYKLTF,Donor AJKQ118:LP TCRab CD4 Mobile TRM,1.000000,-,-,-,-,-,-,-,-,-,-,-
725,SLAPG%E,9.8e-03,2,2,2.3e-07,1.0e+00,8.0e-03,1.0e+00,1.0e-03,2.9e-02,global-SLAPG%E,CASSLapgYEQYF,CASSLAPGYEQYF,TRBV12-4,TRBJ2-7,CALSDRVLTGGGNKLTF,Donor AJD3280:L TCRab CD4 TRM,1.000000,-,-,-,-,-,-,-,-,-,-,-

726,SPG%QET,9.8e-03,2,3,1.2e-06,1.0e+00,1.9e-01,1.0e+00,1.0e-03,6.2e-03,global-SPG%QET,CASSPgsQETQYF,CASSPGSQETQYF,TRBV7-2,TRBJ2-5,CAENIGNQGGKLIF,Donor AJKQ118:PB TCRab CD4 Naive/TCM,1.000000,-,-,-,-,-,-,-,-,-,-,-
726,SPG%QET,9.8e-03,2,3,1.2e-06,1.0e+00,1.9e-01,1.0e+00,1.0e-03,6.2e-03,global-SPG%QET,CASSPgiQETQYF,CASSPGIQETQYF,TRBV11-3,TRBJ2-5,CARNNNARLMF,Donor AJD3280:LP TCRab CD4 TRM,1.000000,-,-,-,-,-,-,-,-,-,-,-
726,SPG%QET,9.8e-03,2,3,1.2e-06,1.0e+00,1.9e-01,1.0e+00,1.0e-03,6.2e-03,global-SPG%QET,CASSPGRQETQYF,CASSPGRQETQYF,TRBV12-3,TRBJ2-5,CAASVQNNDMRF,Donor AJD3280:LP TCRab CD4 TRM,1.000000,-,-,-,-,-,-,-,-,-,-,-

727,SLG%RGYE,9.8e-03,2,2,5.7e-06,1.0e+00,2.0e-01,1.0e+00,1.0e-03,2.9e-02,global-SLG%RGYE,CASSLgDRGYEQYF,CASSLGDRGYEQYF,TRBV7-8,TRBJ2-7,CALSDRAGNQFYF,Donor AJKQ118:PB TCRab CD4 Naive/TCM,1.000000,-,-,-,-,-,-,-,-,-,-,-
727,SLG%RGYE,9.8e-03,2,2,5.7e-06,1.0e+00,2.0e-01,1.0e+00,1.0e-03,2.9e-02,global-SLG%RGYE,CASSLggRGYEQYF,CASSLGGRGYEQYF,TRBV27,TRBJ2-7,CAVDEETSGSRLTF,Donor AJD3280:PB TCRab CD4 Naive/TCM,1.000000,-,-,-,-,-,-,-,-,-,-,-
727,SLG%RGYE,9.8e-03,2,2,5.7e-06,1.0e+00,2.0e-01,1.0e+00,1.0e-03,2.9e-02,global-SLG%RGYE,CASSLggRGYEQYF,CASSLGGRGYEQYF,TRBV28,TRBJ2-7,CALSWNTGNQFYF,Donor AJKQ118:LP TCRab CD4 TRM,1.000000,-,-,-,-,-,-,-,-,-,-,-

728,SYSG%YNE,9.8e-03,2,2,2.2e-06,1.0e+00,7.5e-02,1.0e+00,1.0e-03,2.9e-02,global-SYSG%YNE,CASSYSGGYNEQFF,CASSYSGGYNEQFF,TRBV12-3,TRBJ2-1,CIVRVHGGGADGLTF,Donor AJKQ118:LP TCRab CD4 TRM,1.000000,-,-,-,-,-,-,-,-,-,-,-
728,SYSG%YNE,9.8e-03,2,2,2.2e-06,1.0e+00,7.5e-02,1.0e+00,1.0e-03,2.9e-02,global-SYSG%YNE,CASSYSGtYNEQFF,CASSYSGTYNEQFF,TRBV6-2,TRBJ2-1,CAVASGGGADGLTF,Donor AJD3280:LP TCRab CD4 TRM,1.000000,-,-,-,-,-,-,-,-,-,-,-

729,S%ESSYNSP,9.8e-03,2,2,3.3e-06,1.0e+00,1.1e-01,1.0e+00,1.0e-03,2.9e-02,global-S%ESSYNSP,CASSLesSYNSPLHF,CASSLESSYNSPLHF,TRBV7-2,TRBJ1-6,CAVRDMDGGRRALTF,Donor AJG2309:PB TCRab CD4 Naive/TCM,1.000000,-,-,-,-,-,-,-,-,-,-,-
729,S%ESSYNSP,9.8e-03,2,2,3.3e-06,1.0e+00,1.1e-01,1.0e+00,1.0e-03,2.9e-02,global-S%ESSYNSP,CASSgesSYNSPLHF,CASSGESSYNSPLHF,TRBV5-5,TRBJ1-6,CAVRGGSTLGRLYF,Donor AJD3280:L TCRab CD4 TCM,1.000000,-,-,-,-,-,-,-,-,-,-,-
729,S%ESSYNSP,9.8e-03,2,2,3.3e-06,1.0e+00,1.1e-01,1.0e+00,1.0e-03,2.9e-02,global-S%ESSYNSP,CASSgesSYNSPLHF,CASSGESSYNSPLHF,TRBV5-5,TRBJ1-6,CAVRGGSTLGRLYF,Donor AJD3280:PB TCRab CD4 Naive/TCM,1.000000,-,-,-,-,-,-,-,-,-,-,-

730,SP%TSSYNE,9.8e-03,2,2,2.1e-06,1.0e+00,7.2e-02,1.0e+00,1.0e-03,2.9e-02,global-SP%TSSYNE,CASSPsTSSYNEQFF,CASSPSTSSYNEQFF,TRBV5-1,TRBJ2-1,CVPGGAGGSYIPTF,Donor AJG2309:PB TCRab CD4 Naive/TCM,1.000000,-,-,-,-,-,-,-,-,-,-,-
730,SP%TSSYNE,9.8e-03,2,2,2.1e-06,1.0e+00,7.2e-02,1.0e+00,1.0e-03,2.9e-02,global-SP%TSSYNE,CASSPlTSSYNEQFF,CASSPLTSSYNEQFF,TRBV6-4,TRBJ2-1,CAMLKGGANNLFF,Donor AJKQ118:LP TCRab CD4 TRM,1.000000,-,-,-,-,-,-,-,-,-,-,-

731,SPG%SP,9.8e-03,1,2,2.1e-06,1.0e+00,7.3e-02,1.0e+00,1.0e-03,2.9e-02,global-SPG%SP,CASSPghSPLHF,CASSPGHSPLHF,TRBV27,TRBJ1-6,CILRDISNTGKLIF,Donor AJD3280:LP TCRab CD4 Tph,1.000000,-,-,-,-,-,-,-,-,-,-,-
731,SPG%SP,9.8e-03,1,2,2.1e-06,1.0e+00,7.3e-02,1.0e+00,1.0e-03,2.9e-02,global-SPG%SP,CASSPgdSPLHF,CASSPGDSPLHF,TRBV18,TRBJ1-6,CAVARGAAGNKLTF,Donor AJD3280:IEL TCRab CD4 Mobile TRM,1.000000,-,-,-,-,-,-,-,-,-,-,-

732,RD%GPE,9.8e-03,2,2,1.7e-06,1.0e+00,6.0e-02,1.0e+00,1.0e-03,2.9e-02,global-RD%GPE,CASrdGGpEAFF,CASRDGGPEAFF,TRBV28,TRBJ1-1,CAVKSHGSSNTGKLIF,Donor AJG2309:PB TCRab CD4 Naive/TCM,1.000000,-,-,-,-,-,-,-,-,-,-,-
732,RD%GPE,9.8e-03,2,2,1.7e-06,1.0e+00,6.0e-02,1.0e+00,1.0e-03,2.9e-02,global-RD%GPE,CSARdAGpEQYF,CSARDAGPEQYF,TRBV20-1,TRBJ2-7,CASISGNTGKLIF,Donor AJD3280:PB TCRab CD4 Naive/TCM,1.000000,-,-,-,-,-,-,-,-,-,-,-

733,%RDGNQP,9.8e-03,2,2,2.0e-06,1.0e+00,6.7e-02,1.0e+00,1.0e-03,2.9e-02,global-%RDGNQP,CASSRdgNQPQHF,CASSRDGNQPQHF,TRBV6-1,TRBJ1-5,CAAQTSGTYKYIF,Donor AJD3280:LP TCRab CD4 Tph,1.000000,-,-,-,-,-,-,-,-,-,-,-
733,%RDGNQP,9.8e-03,2,2,2.0e-06,1.0e+00,6.7e-02,1.0e+00,1.0e-03,2.9e-02,global-%RDGNQP,CSAqrdgNQPQHF,CSAQRDGNQPQHF,TRBV20-1,TRBJ1-5,CAVPMNSGYSTLTF,Donor AJG2309:LP TCRab CD4 Mobile TRM,1.000000,-,-,-,-,-,-,-,-,-,-,-

734,S%GQVYG,9.8e-03,1,2,2.2e-06,1.0e+00,7.6e-02,1.0e+00,1.0e-03,2.9e-02,global-S%GQVYG,CASSnGQvYGYTF,CASSNGQVYGYTF,TRBV6-5,TRBJ1-2,CAVDFSTGTASKLTF,Donor AJKQ118:LP TCRab CD4 TRM,1.000000,-,-,-,-,-,-,-,-,-,-,-
734,S%GQVYG,9.8e-03,1,2,2.2e-06,1.0e+00,7.6e-02,1.0e+00,1.0e-03,2.9e-02,global-S%GQVYG,CASSaGQvYGYTF,CASSAGQVYGYTF,TRBV9,TRBJ1-2,CAGAGIGGSQGNLIF,Donor AJKQ118:PB TCRab CD4 Naive/TCM,1.000000,-,-,-,-,-,-,-,-,-,-,-

735,SL%GAGE,9.8e-03,2,3,1.6e-07,1.0e+00,1.7e-01,1.5e-01,1.0e-03,6.2e-03,global-SL%GAGE,CASSLQGagEQFF,CASSLQGAGEQFF,TRBV12-3,TRBJ2-1,CAETSGNTPLVF,Donor AJD3280:PB TCRab CD4 Naive/TCM,1.000000,-,-,-,-,-,-,-,-,-,-,-
735,SL%GAGE,9.8e-03,2,3,1.6e-07,1.0e+00,1.7e-01,1.5e-01,1.0e-03,6.2e-03,global-SL%GAGE,CAWSlngAGEQYF,CAWSLNGAGEQYF,TRBV30,TRBJ2-7,CATDPARDGQKLLF,Donor AJKQ118:LP TCRab CD4 TRM,2.000000,-,-,-,-,-,-,-,-,-,-,-
735,SL%GAGE,9.8e-03,2,3,1.6e-07,1.0e+00,1.7e-01,1.5e-01,1.0e-03,6.2e-03,global-SL%GAGE,CASSLngaGELFF,CASSLNGAGELFF,TRBV6-2,TRBJ2-2,CAVEAGAAGNKLTF,Donor AJKQ118:PB TCRab CD4 Naive/TCM,1.000000,-,-,-,-,-,-,-,-,-,-,-

736,SPGTG%YE,1.1e-02,2,3,3.7e-08,1.0e+00,3.4e-02,1.8e-01,1.0e-03,6.2e-03,global-SPGTG%YE,CASSPGTGnYEQYF,CASSPGTGNYEQYF,TRBV7-2,TRBJ2-7,CALSEALIGGANSKLTF,Donor AJD3280:LP TCRab CD4 Mobile TRM,2.000000,-,-,-,-,-,-,-,-,-,-,-
736,SPGTG%YE,1.1e-02,2,3,3.7e-08,1.0e+00,3.4e-02,1.8e-01,1.0e-03,6.2e-03,global-SPGTG%YE,CASSPGTGnYEQYF,CASSPGTGNYEQYF,TRBV7-2,TRBJ2-7,CAASQTRGSNYKLTF,Donor AJD3280:LP TCRab CD4 TRM,1.000000,-,-,-,-,-,-,-,-,-,-,-
736,SPGTG%YE,1.1e-02,2,3,3.7e-08,1.0e+00,3.4e-02,1.8e-01,1.0e-03,6.2e-03,global-SPGTG%YE,CASSPGTGiYEQYF,CASSPGTGIYEQYF,TRBV18,TRBJ2-7,CVVSAGSNYQLIW,Donor AJD3280:LP TCRab CD4 TRM,1.000000,-,-,-,-,-,-,-,-,-,-,-
736,SPGTG%YE,1.1e-02,2,3,3.7e-08,1.0e+00,3.4e-02,1.8e-01,1.0e-03,6.2e-03,global-SPGTG%YE,CASSPGTGrYEQYF,CASSPGTGRYEQYF,TRBV5-1,TRBJ2-7,CAYRSARSNAGNMLTF,Donor AJKQ118:PB TCRab CD4 Naive/TCM,1.000000,-,-,-,-,-,-,-,-,-,-,-

737,S%QGNYG,1.1e-02,3,3,7.7e-07,1.0e+00,1.2e-01,1.0e+00,1.0e-03,6.2e-03,global-S%QGNYG,CASSKQGNYGYTF,CASSKQGNYGYTF,TRBV19,TRBJ1-2,CAMREGPDSSYKLIF,Donor AJKQ118:PB TCRab CD4 FOXP3+ Treg,1.000000,-,-,-,-,-,-,-,-,-,-,-
737,S%QGNYG,1.1e-02,3,3,7.7e-07,1.0e+00,1.2e-01,1.0e+00,1.0e-03,6.2e-03,global-S%QGNYG,CASSEQGNYGYTF,CASSEQGNYGYTF,TRBV5-1,TRBJ1-2,CAEMPNAGGTSYGKLTF,Donor AJG2309:PB TCRab CD4 Naive/TCM,1.000000,-,-,-,-,-,-,-,-,-,-,-
737,S%QGNYG,1.1e-02,3,3,7.7e-07,1.0e+00,1.2e-01,1.0e+00,1.0e-03,6.2e-03,global-S%QGNYG,CASSLQGNYGYTF,CASSLQGNYGYTF,TRBV5-1,TRBJ1-2,CAGHSDGQKLLF,Donor AJD3280:PB TCRab CD4 Naive/TCM,1.000000,-,-,-,-,-,-,-,-,-,-,-

738,SLG%G,1.1e-02,2,3,9.7e-07,1.0e+00,1.6e-01,1.0e+00,1.0e-03,6.2e-03,global-SLG%G,CASSLgYGYTF,CASSLGYGYTF,TRBV6-6,TRBJ1-2,CAYTSVNNAGNMLTF,Donor AJKQ118:PB TCRab CD4 Naive/TCM,1.000000,-,-,-,-,-,-,-,-,-,-,-
738,SLG%G,1.1e-02,2,3,9.7e-07,1.0e+00,1.6e-01,1.0e+00,1.0e-03,6.2e-03,global-SLG%G,CASSLgRGeYF,CASSLGRGEYF,TRBV7-9,TRBJ2-7,CAVSEIEAGGTSYGKLTF,Donor AJKQ118:PB TCRab CD4 Naive/TCM,1.000000,-,-,-,-,-,-,-,-,-,-,-
738,SLG%G,1.1e-02,2,3,9.7e-07,1.0e+00,1.6e-01,1.0e+00,1.0e-03,6.2e-03,global-SLG%G,CAWSlgYGYTF,CAWSLGYGYTF,TRBV30,TRBJ1-2,CAATPNTGNQFYF,Donor AJD3280:LP TCRab CD4 TRM,1.000000,-,-,-,-,-,-,-,-,-,-,-

739,SP%GET,1.1e-02,3,3,7.4e-07,1.0e+00,1.2e-01,1.0e+00,1.0e-03,6.2e-03,global-SP%GET,CASSPSGETQYF,CASSPSGETQYF,TRBV18,TRBJ2-5,CAVTSGDAGNMLTF,Donor AJG2309:L TCRab CD4 TRM,1.000000,-,-,-,-,-,-,-,-,-,-,-
739,SP%GET,1.1e-02,3,3,7.4e-07,1.0e+00,1.2e-01,1.0e+00,1.0e-03,6.2e-03,global-SP%GET,CASSPGGETQYF,CASSPGGETQYF,TRBV18,TRBJ2-5,CAVSGTGANSKLTF,Donor AJKQ118:L TCRab CD4 TCM,1.000000,-,-,-,-,-,-,-,-,-,-,-
739,SP%GET,1.1e-02,3,3,7.4e-07,1.0e+00,1.2e-01,1.0e+00,1.0e-03,6.2e-03,global-SP%GET,CSASpTGETQYF,CSASPTGETQYF,TRBV20-1,TRBJ2-5,CAEMSDTDKLIF,Donor AJD3280:PB TCRab CD4 FOXP3+ Treg,1.000000,-,-,-,-,-,-,-,-,-,-,-

740,SP%QET,1.1e-02,2,3,6.1e-07,1.0e+00,9.9e-02,1.0e+00,1.0e-03,6.2e-03,global-SP%QET,CASSPgQETQYF,CASSPGQETQYF,TRBV12-4,TRBJ2-5,CAVSTTGRRALTF,Donor AJD3280:PB TCRab CD4 Naive/TCM,1.000000,-,-,-,-,-,-,-,-,-,-,-
740,SP%QET,1.1e-02,2,3,6.1e-07,1.0e+00,9.9e-02,1.0e+00,1.0e-03,6.2e-03,global-SP%QET,CASSPgQETQYF,CASSPGQETQYF,TRBV2,TRBJ2-5,CAEISWRNYGGSQGNLIF,Donor AJKQ118:L TCRab CD4 TRM,1.000000,-,-,-,-,-,-,-,-,-,-,-
740,SP%QET,1.1e-02,2,3,6.1e-07,1.0e+00,9.9e-02,1.0e+00,1.0e-03,6.2e-03,global-SP%QET,CASSPyQETQYF,CASSPYQETQYF,TRBV5-1,TRBJ2-5,CAVRIGFGNVLHC,Donor AJKQ118:PB TCRab CD4 FOXP3+ Treg,1.000000,-,-,-,-,-,-,-,-,-,-,-
740,SP%QET,1.1e-02,2,3,6.1e-07,1.0e+00,9.9e-02,1.0e+00,1.0e-03,6.2e-03,global-SP%QET,CASSPqQETQYF,CASSPQQETQYF,TRBV18,TRBJ2-5,CAYRSDHSGGGADGLTF,Donor AJD3280:IEL TCRab CD4 TRM,1.000000,-,-,-,-,-,-,-,-,-,-,-
740,SP%QET,1.1e-02,2,3,6.1e-07,1.0e+00,9.9e-02,1.0e+00,1.0e-03,6.2e-03,global-SP%QET,CASSPqQETQYF,CASSPQQETQYF,TRBV18,TRBJ2-5,CAYRSDHSGGGADGLTF,Donor AJD3280:LP TCRab CD4 TRM,1.000000,-,-,-,-,-,-,-,-,-,-,-

741,SL%ET,1.1e-02,3,4,1.4e-06,1.0e+00,6.1e-01,1.0e+00,1.0e-03,2.3e-03,global-SL%ET,CASSLsETQYF,CASSLSETQYF,TRBV12-3,TRBJ2-5,CAFMDTSGTYKYIF,Donor AJG2309:LP TCRab CD4 TRM,1.000000,-,-,-,-,-,-,-,-,-,-,-
741,SL%ET,1.1e-02,3,4,1.4e-06,1.0e+00,6.1e-01,1.0e+00,1.0e-03,2.3e-03,global-SL%ET,CASSLrETQYF,CASSLRETQYF,TRBV7-6,TRBJ2-5,CIRGYSGAGSYQLTF,Donor AJD3280:LP TCRab CD4 Poised TCM,1.000000,-,-,-,-,-,-,-,-,-,-,-
741,SL%ET,1.1e-02,3,4,1.4e-06,1.0e+00,6.1e-01,1.0e+00,1.0e-03,2.3e-03,global-SL%ET,CASSLrETQYF,CASSLRETQYF,TRBV5-6,TRBJ2-5,CVVSGKTSYDKVIF,Donor AJG2309:PB TCRab CD4 FOXP3+ Treg,1.000000,-,-,-,-,-,-,-,-,-,-,-
741,SL%ET,1.1e-02,3,4,1.4e-06,1.0e+00,6.1e-01,1.0e+00,1.0e-03,2.3e-03,global-SL%ET,CASSLkETQYF,CASSLKETQYF,TRBV6-2,TRBJ2-5,CAVKGGSSYKLIF,Donor AJKQ118:PB TCRab CD4 Naive/TCM,1.000000,-,-,-,-,-,-,-,-,-,-,-
741,SL%ET,1.1e-02,3,4,1.4e-06,1.0e+00,6.1e-01,1.0e+00,1.0e-03,2.3e-03,global-SL%ET,CASSLQETQYF,CASSLQETQYF,TRBV5-1,TRBJ2-5,CVVRYTGNQFYF,Donor AJD3280:LP TCRab CD4 Poised TCM,1.000000,-,-,-,-,-,-,-,-,-,-,-
741,SL%ET,1.1e-02,3,4,1.4e-06,1.0e+00,6.1e-01,1.0e+00,1.0e-03,2.3e-03,global-SL%ET,CASSLQETQYF,CASSLQETQYF,TRBV5-5,TRBJ2-5,CAARDSGTYKYIF,Donor AJKQ118:PB TCRab CD4 Naive/TCM,1.000000,-,-,-,-,-,-,-,-,-,-,-

742,SLGG%TE,1.1e-02,2,3,1.1e-06,1.0e+00,1.8e-01,1.0e+00,1.0e-03,6.2e-03,global-SLGG%TE,CASSLgGRTEAFF,CASSLGGRTEAFF,TRBV7-3,TRBJ1-1,CAGRSGYGGATNKLIF,Donor AJG2309:LP TCRab CD4 TRM,1.000000,-,-,-,-,-,-,-,-,-,-,-
742,SLGG%TE,1.1e-02,2,3,1.1e-06,1.0e+00,1.8e-01,1.0e+00,1.0e-03,6.2e-03,global-SLGG%TE,CASSLGGaTEAFF,CASSLGGATEAFF,TRBV7-8,TRBJ1-1,CVVSATGGYNKLIF,Donor AJD3280:L TCRab CD4 TRM,1.000000,-,-,-,-,-,-,-,-,-,-,-
742,SLGG%TE,1.1e-02,2,3,1.1e-06,1.0e+00,1.8e-01,1.0e+00,1.0e-03,6.2e-03,global-SLGG%TE,CASSLGGgTEAFF,CASSLGGGTEAFF,TRBV5-4,TRBJ1-1,CAGGKAGGGNKLTF,Donor AJD3280:L TCRab CD4 TRM,1.000000,-,-,-,-,-,-,-,-,-,-,-

743,SLG%SGANV,1.1e-02,2,3,1.1e-06,1.0e+00,1.8e-01,1.0e+00,1.0e-03,6.2e-03,global-SLG%SGANV,CASSLgfSGANVLTF,CASSLGFSGANVLTF,TRBV11-2,TRBJ2-6,CAATYTTGNEKLTF,Donor AJKQ118:L TCRab CD4 TCM,1.000000,-,-,-,-,-,-,-,-,-,-,-
743,SLG%SGANV,1.1e-02,2,3,1.1e-06,1.0e+00,1.8e-01,1.0e+00,1.0e-03,6.2e-03,global-SLG%SGANV,CASSLGLSGANVLTF,CASSLGLSGANVLTF,TRBV12-4,TRBJ2-6,CIDGNEKLTF,Donor AJKQ118:PB TCRab CD4 Naive/TCM,1.000000,-,-,-,-,-,-,-,-,-,-,-
743,SLG%SGANV,1.1e-02,2,3,1.1e-06,1.0e+00,1.8e-01,1.0e+00,1.0e-03,6.2e-03,global-SLG%SGANV,CASSLGGSGANVLTF,CASSLGGSGANVLTF,TRBV27,TRBJ2-6,CAVRDLVSPYNNNDMRF,Donor AJD3280:LP TCRab CD4 TRM,1.000000,-,-,-,-,-,-,-,-,-,-,-

744,SGQ%TDT,1.2e-02,2,2,1.7e-06,1.0e+00,5.9e-02,1.0e+00,1.0e-03,2.9e-02,global-SGQ%TDT,CASSGQGTDTQYF,CASSGQGTDTQYF,TRBV2,TRBJ2-3,CAVEGSDGQKLLF,Donor AJD3280:L TCRab CD4 Naive/TCM,1.000000,-,-,-,-,-,-,-,-,-,-,-
744,SGQ%TDT,1.2e-02,2,2,1.7e-06,1.0e+00,5.9e-02,1.0e+00,1.0e-03,2.9e-02,global-SGQ%TDT,CASSGQhTDTQYF,CASSGQHTDTQYF,TRBV7-6,TRBJ2-3,CAVNGEALGNQGGKLIF,Donor AJG2309:LP TCRab CD4 TRM,1.000000,-,-,-,-,-,-,-,-,-,-,-

745,%LGGYE,1.2e-02,2,2,1.8e-06,1.0e+00,6.2e-02,1.0e+00,1.0e-03,2.9e-02,global-%LGGYE,CASGLGGYEQYF,CASGLGGYEQYF,TRBV19,TRBJ2-7,CALSEAGTGFQKLVF,Donor AJG2309:LP TCRab CD4 Poised TCM,1.000000,-,-,-,-,-,-,-,-,-,-,-
745,%LGGYE,1.2e-02,2,2,1.8e-06,1.0e+00,6.2e-02,1.0e+00,1.0e-03,2.9e-02,global-%LGGYE,CAWnlGGYEQYF,CAWNLGGYEQYF,TRBV30,TRBJ2-7,CAVPHGSSNTGKLIF,Donor AJD3280:IEL TCRab CD4 TRM,1.000000,-,-,-,-,-,-,-,-,-,-,-

746,S%GTGGET,1.2e-02,2,2,1.0e-07,1.0e+00,6.8e-02,5.2e-02,1.0e-03,2.9e-02,global-S%GTGGET,CASSLGTGGETQYF,CASSLGTGGETQYF,TRBV7-9,TRBJ2-5,CAASKMAGGFKTIF,Donor AJD3280:LP TCRab CD4 TRM,1.000000,-,-,-,-,-,-,-,-,-,-,-
746,S%GTGGET,1.2e-02,2,2,1.0e-07,1.0e+00,6.8e-02,5.2e-02,1.0e-03,2.9e-02,global-S%GTGGET,CASSSGTGGETQYF,CASSSGTGGETQYF,TRBV5-1,TRBJ2-5,CAVGRGSGGYNKLIF,Donor AJG2309:LP TCRab CD4 FOXP3+ Treg,3.000000,-,-,-,-,-,-,-,-,-,-,-

747,SLS%YG,1.2e-02,2,2,2.3e-06,1.0e+00,7.9e-02,1.0e+00,1.0e-03,2.9e-02,global-SLS%YG,CASSLspYGYTF,CASSLSPYGYTF,TRBV28,TRBJ1-2,CAAGWGGSEKLVF,Donor AJG2309:PB TCRab CD4 Naive/TCM,1.000000,-,-,-,-,-,-,-,-,-,-,-
747,SLS%YG,1.2e-02,2,2,2.3e-06,1.0e+00,7.9e-02,1.0e+00,1.0e-03,2.9e-02,global-SLS%YG,CASSLsaYGYTF,CASSLSAYGYTF,TRBV12-3,TRBJ1-2,CAFMKMVREYGNKLVF,Donor AJKQ118:PB TCRab CD4 Naive/TCM,1.000000,-,-,-,-,-,-,-,-,-,-,-

748,SY%RNTE,1.2e-02,2,2,2.2e-06,1.0e+00,7.7e-02,1.0e+00,1.0e-03,2.9e-02,global-SY%RNTE,CASSYsrNTEAFF,CASSYSRNTEAFF,TRBV6-2,TRBJ1-1,CAVKRDFGNEKLTF,Donor AJD3280:PB TCRab CD4 Naive/TCM,1.000000,-,-,-,-,-,-,-,-,-,-,-
748,SY%RNTE,1.2e-02,2,2,2.2e-06,1.0e+00,7.7e-02,1.0e+00,1.0e-03,2.9e-02,global-SY%RNTE,CASSYDRNTEAFF,CASSYDRNTEAFF,TRBV11-3,TRBJ1-1,CAGGGADGLTF,Donor AJKQ118:PB TCRab CD4 Naive/TCM,1.000000,-,-,-,-,-,-,-,-,-,-,-

749,S%QGAGNQP,1.2e-02,1,2,2.0e-06,1.0e+00,7.0e-02,1.0e+00,1.0e-03,2.9e-02,global-S%QGAGNQP,CASSaQGagNQPQHF,CASSAQGAGNQPQHF,TRBV2,TRBJ1-5,CAAPRADKLIF,Donor AJKQ118:PB TCRab CD4 Naive/TCM,1.000000,-,-,-,-,-,-,-,-,-,-,-
749,S%QGAGNQP,1.2e-02,1,2,2.0e-06,1.0e+00,7.0e-02,1.0e+00,1.0e-03,2.9e-02,global-S%QGAGNQP,CSASrQGagNQPQHF,CSASRQGAGNQPQHF,TRBV20-1,TRBJ1-5,CVVNPKAAGNKLTF,Donor AJKQ118:PB TCRab CD4 Naive/TCM,1.000000,-,-,-,-,-,-,-,-,-,-,-

750,SL%ASGANV,1.2e-02,2,2,2.9e-08,1.0e+00,1.0e-03,1.0e+00,1.0e-03,2.9e-02,global-SL%ASGANV,CASSLvaSGANVLTF,CASSLVASGANVLTF,TRBV5-1,TRBJ2-6,CAATTGSRLTF,Donor AJD3280:LP TCRab CD4 Poised TCM,1.000000,-,-,-,-,-,-,-,-,-,-,-
750,SL%ASGANV,1.2e-02,2,2,2.9e-08,1.0e+00,1.0e-03,1.0e+00,1.0e-03,2.9e-02,global-SL%ASGANV,CASSLdaSGANVLTF,CASSLDASGANVLTF,TRBV5-1,TRBJ2-6,CAVQASGNTPLVF,Donor AJG2309:PB TCRab CD4 Naive/TCM,1.000000,-,-,-,-,-,-,-,-,-,-,-

751,SPLG%NTE,1.2e-02,2,2,2.0e-07,1.0e+00,5.6e-02,1.2e-01,1.0e-03,2.9e-02,global-SPLG%NTE,CASSPlgmNTEAFF,CASSPLGMNTEAFF,TRBV5-6,TRBJ1-1,CAVSDTDNQGGKLIF,Donor AJD3280:LP TCRab CD4 TRM,1.000000,-,-,-,-,-,-,-,-,-,-,-
751,SPLG%NTE,1.2e-02,2,2,2.0e-07,1.0e+00,5.6e-02,1.2e-01,1.0e-03,2.9e-02,global-SPLG%NTE,CASSPlGGNTEAFF,CASSPLGGNTEAFF,TRBV18,TRBJ1-1,CAMSAAGSQGNLIF,Donor AJKQ118:L TCRab CD4 TRM,2.000000,-,-,-,-,-,-,-,-,-,-,-

752,SLTGT%NTE,1.2e-02,2,2,2.0e-06,1.0e+00,6.9e-02,1.0e+00,1.0e-03,2.9e-02,global-SLTGT%NTE,CASSLTGtiNTEAFF,CASSLTGTINTEAFF,TRBV28,TRBJ1-1,CALSGQLKAAGNKLTF,Donor AJG2309:PB TCRab CD4 Naive/TCM,1.000000,-,-,-,-,-,-,-,-,-,-,-
752,SLTGT%NTE,1.2e-02,2,2,2.0e-06,1.0e+00,6.9e-02,1.0e+00,1.0e-03,2.9e-02,global-SLTGT%NTE,CASSLTGtvNTEAFF,CASSLTGTVNTEAFF,TRBV5-1,TRBJ1-1,CAARSNTGNQFYF,Donor AJKQ118:LP TCRab CD4 TRM,1.000000,-,-,-,-,-,-,-,-,-,-,-

753,SLQ%GNTE,1.2e-02,2,2,2.1e-06,1.0e+00,7.1e-02,1.0e+00,1.0e-03,2.9e-02,global-SLQ%GNTE,CASSLqAGNTEAFF,CASSLQAGNTEAFF,TRBV7-8,TRBJ1-1,CAVSDSGTYKYIF,Donor AJKQ118:PB TCRab CD4 FOXP3+ Treg,1.000000,-,-,-,-,-,-,-,-,-,-,-
753,SLQ%GNTE,1.2e-02,2,2,2.1e-06,1.0e+00,7.1e-02,1.0e+00,1.0e-03,2.9e-02,global-SLQ%GNTE,CASSLqQGNTEAFF,CASSLQQGNTEAFF,TRBV12-3,TRBJ1-1,CAVRYITGNQFYF,Donor AJG2309:PB TCRab CD4 Naive/TCM,1.000000,-,-,-,-,-,-,-,-,-,-,-

754,S%GDNSP,1.2e-02,2,2,2.1e-06,1.0e+00,7.2e-02,1.0e+00,1.0e-03,2.9e-02,global-S%GDNSP,CASSPgdNSPLHF,CASSPGDNSPLHF,TRBV18,TRBJ1-6,CAVANQGGKLIF,Donor AJKQ118:PB TCRab CD4 Naive/TCM,1.000000,-,-,-,-,-,-,-,-,-,-,-
754,S%GDNSP,1.2e-02,2,2,2.1e-06,1.0e+00,7.2e-02,1.0e+00,1.0e-03,2.9e-02,global-S%GDNSP,CASSVgdNSPLHF,CASSVGDNSPLHF,TRBV12-3,TRBJ1-6,CVVRGNNDMRF,Donor AJD3280:PB TCRab CD4 Naive/TCM,1.000000,-,-,-,-,-,-,-,-,-,-,-

755,S%GGSGNT,1.2e-02,3,3,1.5e-09,1.0e+00,6.0e-03,4.0e-02,1.0e-03,6.2e-03,global-S%GGSGNT,CASSAGGSGNTIYF,CASSAGGSGNTIYF,TRBV7-8,TRBJ1-3,CAVTRGNAGNMLTF,Donor AJG2309:PB TCRab CD4 Naive/TCM,1.000000,-,-,-,-,-,-,-,-,-,-,-
755,S%GGSGNT,1.2e-02,3,3,1.5e-09,1.0e+00,6.0e-03,4.0e-02,1.0e-03,6.2e-03,global-S%GGSGNT,CASSPGGSGNTIYF,CASSPGGSGNTIYF,TRBV6-5,TRBJ1-3,CAMRALPGGYNKLIF,Donor AJD3280:PB TCRab CD4 Naive/TCM,1.000000,-,-,-,-,-,-,-,-,-,-,-
755,S%GGSGNT,1.2e-02,3,3,1.5e-09,1.0e+00,6.0e-03,4.0e-02,1.0e-03,6.2e-03,global-S%GGSGNT,CASSSGGSGNTIYF,CASSSGGSGNTIYF,TRBV7-8,TRBJ1-3,CAVSHTGGFKTIF,Donor AJKQ118:L TCRab CD4 TCM,1.000000,-,-,-,-,-,-,-,-,-,-,-
755,S%GGSGNT,1.2e-02,3,3,1.5e-09,1.0e+00,6.0e-03,4.0e-02,1.0e-03,6.2e-03,global-S%GGSGNT,CASSSGGSGNTIYF,CASSSGGSGNTIYF,TRBV7-8,TRBJ1-3,CAVSHTGGFKTIF,Donor AJKQ118:L TCRab CD4 TRM,4.000000,-,-,-,-,-,-,-,-,-,-,-

756,SPG%GRYE,1.2e-02,1,2,1.5e-06,1.0e+00,5.3e-02,1.0e+00,1.0e-03,2.9e-02,global-SPG%GRYE,CASSPGTGrYEQYF,CASSPGTGRYEQYF,TRBV5-1,TRBJ2-7,CAYRSARSNAGNMLTF,Donor AJKQ118:PB TCRab CD4 Naive/TCM,1.000000,-,-,-,-,-,-,-,-,-,-,-
756,SPG%GRYE,1.2e-02,1,2,1.5e-06,1.0e+00,5.3e-02,1.0e+00,1.0e-03,2.9e-02,global-SPG%GRYE,CASSPgSGRYEQYF,CASSPGSGRYEQYF,TRBV5-4,TRBJ2-7,CAVNIKGYSTLTF,Donor AJKQ118:PB TCRab CD4 Naive/TCM,1.000000,-,-,-,-,-,-,-,-,-,-,-

757,SLK%T,1.2e-02,2,2,1.9e-06,1.0e+00,6.4e-02,1.0e+00,1.0e-03,2.9e-02,global-SLK%T,CASSLkgTQYF,CASSLKGTQYF,TRBV7-2,TRBJ2-5,CAFGELGQFYF,Donor AJD3280:PB TCRab CD4 FOXP3+ Treg,1.000000,-,-,-,-,-,-,-,-,-,-,-
757,SLK%T,1.2e-02,2,2,1.9e-06,1.0e+00,6.4e-02,1.0e+00,1.0e-03,2.9e-02,global-SLK%T,CASSLkETQYF,CASSLKETQYF,TRBV6-2,TRBJ2-5,CAVKGGSSYKLIF,Donor AJKQ118:PB TCRab CD4 Naive/TCM,1.000000,-,-,-,-,-,-,-,-,-,-,-

758,S%GTNNE,1.2e-02,1,2,3.4e-06,1.0e+00,1.2e-01,1.0e+00,1.0e-03,2.9e-02,global-S%GTNNE,CASSLGTnNEQFF,CASSLGTNNEQFF,TRBV5-1,TRBJ2-1,CIVRGADGQKLLF,Donor AJD3280:L TCRab CD4 TRM,1.000000,-,-,-,-,-,-,-,-,-,-,-
758,S%GTNNE,1.2e-02,1,2,3.4e-06,1.0e+00,1.2e-01,1.0e+00,1.0e-03,2.9e-02,global-S%GTNNE,CASSLGTnNEQFF,CASSLGTNNEQFF,TRBV5-1,TRBJ2-1,CIVRGADGQKLLF,Donor AJD3280:PB TCRab CD4 Naive/TCM,1.000000,-,-,-,-,-,-,-,-,-,-,-
758,S%GTNNE,1.2e-02,1,2,3.4e-06,1.0e+00,1.2e-01,1.0e+00,1.0e-03,2.9e-02,global-S%GTNNE,CASShGTnNEQFF,CASSHGTNNEQFF,TRBV5-4,TRBJ2-1,CAAHAPSGGATNKLIF,Donor AJD3280:LP TCRab CD4 TRM,1.000000,-,-,-,-,-,-,-,-,-,-,-

759,S%GGAGTDT,1.2e-02,1,2,2.3e-06,1.0e+00,7.8e-02,1.0e+00,1.0e-03,2.9e-02,global-S%GGAGTDT,CASSLGGagTDTQYF,CASSLGGAGTDTQYF,TRBV5-6,TRBJ2-3,CAVGARAGGTSYGKLTF,Donor AJD3280:PB TCRab CD4 Naive/TCM,1.000000,-,-,-,-,-,-,-,-,-,-,-
759,S%GGAGTDT,1.2e-02,1,2,2.3e-06,1.0e+00,7.8e-02,1.0e+00,1.0e-03,2.9e-02,global-S%GGAGTDT,CATSDGGagTDTQYF,CATSDGGAGTDTQYF,TRBV24-1,TRBJ2-3,CAMSLPYNFNKFYF,Donor AJD3280:L TCRab CD4 FOXP3+ Treg,1.000000,-,-,-,-,-,-,-,-,-,-,-

760,S%GQGSYNE,1.2e-02,2,3,1.1e-06,1.0e+00,1.7e-01,1.0e+00,1.0e-03,6.2e-03,global-S%GQGSYNE,CASSPGQGSYNEQFF,CASSPGQGSYNEQFF,TRBV7-6,TRBJ2-1,CALRSLSNDMRF,Donor AJD3280:PB TCRab CD4 Naive/TCM,1.000000,-,-,-,-,-,-,-,-,-,-,-
760,S%GQGSYNE,1.2e-02,2,3,1.1e-06,1.0e+00,1.7e-01,1.0e+00,1.0e-03,6.2e-03,global-S%GQGSYNE,CASSSGQGSYNEQFF,CASSSGQGSYNEQFF,TRBV6-4,TRBJ2-1,CALPANAGGTSYGKLTF,Donor AJKQ118:LP TCRab CD4 TRM,1.000000,-,-,-,-,-,-,-,-,-,-,-
760,S%GQGSYNE,1.2e-02,2,3,1.1e-06,1.0e+00,1.7e-01,1.0e+00,1.0e-03,6.2e-03,global-S%GQGSYNE,CASSVGQGSYNEQFF,CASSVGQGSYNEQFF,TRBV12-4,TRBJ2-1,CATSYNFNKFYF,Donor AJKQ118:PB TCRab CD4 Naive/TCM,1.000000,-,-,-,-,-,-,-,-,-,-,-

761,S%RGNT,1.2e-02,1,2,2.3e-06,1.0e+00,8.0e-02,1.0e+00,1.0e-03,2.9e-02,global-S%RGNT,CASSVrGNTIYF,CASSVRGNTIYF,TRBV9,TRBJ1-3,CAASLKAGSYQLTF,Donor AJG2309:PB TCRab CD4 FOXP3+ Treg,1.000000,-,-,-,-,-,-,-,-,-,-,-
761,S%RGNT,1.2e-02,1,2,2.3e-06,1.0e+00,8.0e-02,1.0e+00,1.0e-03,2.9e-02,global-S%RGNT,CASSYrGNTIYF,CASSYRGNTIYF,TRBV6-2,TRBJ1-3,CAASPYNSGGYQKVTF,Donor AJG2309:PB TCRab CD4 Naive/TCM,1.000000,-,-,-,-,-,-,-,-,-,-,-

762,SRG%HE,1.2e-02,1,2,1.5e-06,1.0e+00,5.1e-02,1.0e+00,1.0e-03,2.9e-02,global-SRG%HE,CASSRgfhEQFF,CASSRGFHEQFF,TRBV11-2,TRBJ2-1,CAPITGGGNKLTF,Donor AJKQ118:PB TCRab CD4 Naive/TCM,1.000000,-,-,-,-,-,-,-,-,-,-,-
762,SRG%HE,1.2e-02,1,2,1.5e-06,1.0e+00,5.1e-02,1.0e+00,1.0e-03,2.9e-02,global-SRG%HE,CASSRGThEQYF,CASSRGTHEQYF,TRBV3-1,TRBJ2-7,CATGGNDMRF,Donor AJKQ118:PB TCRab CD4 Naive/TCM,1.000000,-,-,-,-,-,-,-,-,-,-,-

763,P%SGANV,1.2e-02,1,2,4.7e-09,1.0e+00,1.0e-03,1.6e-01,1.0e-03,2.9e-02,global-P%SGANV,CSAplSGANVLTF,CSAPLSGANVLTF,TRBV20-1,TRBJ2-6,CAVIIQGAQKLVF,Donor AJD3280:IEL TCRab CD4 TRM,1.000000,-,-,-,-,-,-,-,-,-,-,-
763,P%SGANV,1.2e-02,1,2,4.7e-09,1.0e+00,1.0e-03,1.6e-01,1.0e-03,2.9e-02,global-P%SGANV,CSApiSGANVLTF,CSAPISGANVLTF,TRBV20-1,TRBJ2-6,CAVIIQGAQKLVF,Donor AJD3280:IEL TCRab CD4 TRM,1.000000,-,-,-,-,-,-,-,-,-,-,-
763,P%SGANV,1.2e-02,1,2,4.7e-09,1.0e+00,1.0e-03,1.6e-01,1.0e-03,2.9e-02,global-P%SGANV,CSApiSGANVLTF,CSAPISGANVLTF,TRBV20-1,TRBJ2-6,CAVIIQGAQKLVF,Donor AJD3280:LP TCRab CD4 Tph,2.000000,-,-,-,-,-,-,-,-,-,-,-

764,S%AGRET,1.2e-02,1,2,1.9e-06,1.0e+00,6.4e-02,1.0e+00,1.0e-03,2.9e-02,global-S%AGRET,CASSfaGRETQYF,CASSFAGRETQYF,TRBV11-2,TRBJ2-5,CAYGSNNAGNMLTF,Donor AJD3280:IEL TCRab CD4 Mobile TRM,1.000000,-,-,-,-,-,-,-,-,-,-,-
764,S%AGRET,1.2e-02,1,2,1.9e-06,1.0e+00,6.4e-02,1.0e+00,1.0e-03,2.9e-02,global-S%AGRET,CASSaaGRETQYF,CASSAAGRETQYF,TRBV25-1,TRBJ2-5,CAASGVQGAQKLVF,Donor AJD3280:LP TCRab CD4 Tph,1.000000,-,-,-,-,-,-,-,-,-,-,-

765,RA%GNTE,1.2e-02,2,2,1.8e-06,1.0e+00,6.3e-02,1.0e+00,1.0e-03,2.9e-02,global-RA%GNTE,CASraSGNTEAFF,CASRASGNTEAFF,TRBV7-2,TRBJ1-1,CAALSGNTPLVF,Donor AJG2309:PB TCRab CD4 TCM,1.000000,-,-,-,-,-,-,-,-,-,-,-
765,RA%GNTE,1.2e-02,2,2,1.8e-06,1.0e+00,6.3e-02,1.0e+00,1.0e-03,2.9e-02,global-RA%GNTE,CASrAGGNTEAFF,CASRAGGNTEAFF,TRBV6-1,TRBJ1-1,CAATKTSYDKVIF,Donor AJD3280:L TCRab CD4 TRM,1.000000,-,-,-,-,-,-,-,-,-,-,-

766,SR%GDQP,1.2e-02,2,2,2.0e-06,1.0e+00,6.7e-02,1.0e+00,1.0e-03,2.9e-02,global-SR%GDQP,CSASrQGdQPQHF,CSASRQGDQPQHF,TRBV20-1,TRBJ1-5,CAMNSGGSNYKLTF,Donor AJKQ118:LP TCRab CD4 Mobile TRM,1.000000,-,-,-,-,-,-,-,-,-,-,-
766,SR%GDQP,1.2e-02,2,2,2.0e-06,1.0e+00,6.7e-02,1.0e+00,1.0e-03,2.9e-02,global-SR%GDQP,CASSRGGdQPQHF,CASSRGGDQPQHF,TRBV14,TRBJ1-5,CALSEDNARLMF,Donor AJG2309:L TCRab CD4 TRM,1.000000,-,-,-,-,-,-,-,-,-,-,-

767,SYG%AYE,1.2e-02,2,2,2.0e-06,1.0e+00,6.7e-02,1.0e+00,1.0e-03,2.9e-02,global-SYG%AYE,CASSYGTaYEQYF,CASSYGTAYEQYF,TRBV6-6,TRBJ2-7,CAMRRDGNQFYF,Donor AJD3280:LP TCRab CD4 Poised TCM,1.000000,-,-,-,-,-,-,-,-,-,-,-
767,SYG%AYE,1.2e-02,2,2,2.0e-06,1.0e+00,6.7e-02,1.0e+00,1.0e-03,2.9e-02,global-SYG%AYE,CASSYGRaYEQYF,CASSYGRAYEQYF,TRBV7-3,TRBJ2-7,CAVRISSTDKLIF,Donor AJKQ118:PB TCRab CD4 Naive/TCM,1.000000,-,-,-,-,-,-,-,-,-,-,-

768,SFG%NQP,1.2e-02,2,2,1.8e-06,1.0e+00,6.2e-02,1.0e+00,1.0e-03,2.9e-02,global-SFG%NQP,CASSfGGNQPQHF,CASSFGGNQPQHF,TRBV12-4,TRBJ1-5,CALYTGGGNKLTF,Donor AJKQ118:PB TCRab CD4 Naive/TCM,1.000000,-,-,-,-,-,-,-,-,-,-,-
768,SFG%NQP,1.2e-02,2,2,1.8e-06,1.0e+00,6.2e-02,1.0e+00,1.0e-03,2.9e-02,global-SFG%NQP,CASSfgSNQPQHF,CASSFGSNQPQHF,TRBV11-1,TRBJ1-5,CAVHTTTSGTYKYIF,Donor AJD3280:L TCRab CD4 TRM,1.000000,-,-,-,-,-,-,-,-,-,-,-

769,SLG%GNG,1.2e-02,1,2,1.7e-06,1.0e+00,6.0e-02,1.0e+00,1.0e-03,2.9e-02,global-SLG%GNG,CASSLGTGnGYTF,CASSLGTGNGYTF,TRBV5-5,TRBJ1-2,CAGLRDGSGGGADGLTF,Donor AJD3280:PB TCRab CD4 Naive/TCM,1.000000,-,-,-,-,-,-,-,-,-,-,-
769,SLG%GNG,1.2e-02,1,2,1.7e-06,1.0e+00,6.0e-02,1.0e+00,1.0e-03,2.9e-02,global-SLG%GNG,CASSLGQGnGYTF,CASSLGQGNGYTF,TRBV12-4,TRBJ1-2,CAVGALHGSSNTGKLIF,Donor AJD3280:PB TCRab CD4 Naive/TCM,1.000000,-,-,-,-,-,-,-,-,-,-,-

770,SQV%ET,1.2e-02,2,2,2.9e-08,1.0e+00,1.0e-03,1.0e+00,1.0e-03,2.9e-02,global-SQV%ET,CASSQvsETQYF,CASSQVSETQYF,TRBV3-1,TRBJ2-5,CAASKGQAGTALIF,Donor AJKQ118:PB TCRab CD4 FOXP3+ Treg,1.000000,-,-,-,-,-,-,-,-,-,-,-
770,SQV%ET,1.2e-02,2,2,2.9e-08,1.0e+00,1.0e-03,1.0e+00,1.0e-03,2.9e-02,global-SQV%ET,CASSQveETQYF,CASSQVEETQYF,TRBV3-1,TRBJ2-5,CAVDGSSNTGKLIF,Donor AJG2309:PB TCRab CD4 Naive/TCM,1.000000,-,-,-,-,-,-,-,-,-,-,-

771,SQGN%P,1.2e-02,2,2,1.5e-06,1.0e+00,5.3e-02,1.0e+00,1.0e-03,2.9e-02,global-SQGN%P,CASSQgNSPLHF,CASSQGNSPLHF,TRBV18,TRBJ1-6,CAVGFDRGSTLGRLYF,Donor AJD3280:L TCRab CD4 TCM,1.000000,-,-,-,-,-,-,-,-,-,-,-
771,SQGN%P,1.2e-02,2,2,1.5e-06,1.0e+00,5.3e-02,1.0e+00,1.0e-03,2.9e-02,global-SQGN%P,CASSQgNQPQHF,CASSQGNQPQHF,TRBV19,TRBJ1-5,CAVRAQAGTALIF,Donor AJKQ118:PB TCRab CD4 Naive/TCM,1.000000,-,-,-,-,-,-,-,-,-,-,-

772,SLSG%T,1.2e-02,1,2,1.5e-06,1.0e+00,5.1e-02,1.0e+00,1.0e-03,2.9e-02,global-SLSG%T,CASSLSGnTQYF,CASSLSGNTQYF,TRBV6-5,TRBJ2-3,CAATTGAGSYQLTF,Donor AJD3280:IEL TCRab CD4 TRM,1.000000,-,-,-,-,-,-,-,-,-,-,-
772,SLSG%T,1.2e-02,1,2,1.5e-06,1.0e+00,5.1e-02,1.0e+00,1.0e-03,2.9e-02,global-SLSG%T,CASSLSGhTQYF,CASSLSGHTQYF,TRBV12-3,TRBJ2-3,CAASGRGIQGAQKLVF,Donor AJD3280:L TCRab CD4 Naive/TCM,1.000000,-,-,-,-,-,-,-,-,-,-,-

773,S%GVSGNT,1.2e-02,2,2,1.7e-06,1.0e+00,5.8e-02,1.0e+00,1.0e-03,2.9e-02,global-S%GVSGNT,CASSLgvSGNTIYF,CASSLGVSGNTIYF,TRBV12-4,TRBJ1-3,CAVGVANNAGNMLTF,Donor AJD3280:LP TCRab CD4 Poised TCM,1.000000,-,-,-,-,-,-,-,-,-,-,-
773,S%GVSGNT,1.2e-02,2,2,1.7e-06,1.0e+00,5.8e-02,1.0e+00,1.0e-03,2.9e-02,global-S%GVSGNT,CAWSvgvSGNTIYF,CAWSVGVSGNTIYF,TRBV30,TRBJ1-3,CAASAGGSNYKLTF,Donor AJG2309:LP TCRab CD4 Poised TCM,1.000000,-,-,-,-,-,-,-,-,-,-,-

774,SLAQ%NTE,1.2e-02,2,2,1.9e-06,1.0e+00,6.6e-02,1.0e+00,1.0e-03,2.9e-02,global-SLAQ%NTE,CASSLaqrNTEAFF,CASSLAQRNTEAFF,TRBV12-3,TRBJ1-1,CASWYRDDKIIF,Donor AJKQ118:PB TCRab CD4 Naive/TCM,1.000000,-,-,-,-,-,-,-,-,-,-,-
774,SLAQ%NTE,1.2e-02,2,2,1.9e-06,1.0e+00,6.6e-02,1.0e+00,1.0e-03,2.9e-02,global-SLAQ%NTE,CASSLaqlNTEAFF,CASSLAQLNTEAFF,TRBV5-1,TRBJ1-1,CAATSNNARLMF,Donor AJD3280:LP TCRab CD4 TRM,1.000000,-,-,-,-,-,-,-,-,-,-,-

775,SS%GVGTDT,1.2e-02,1,2,1.6e-06,1.0e+00,5.4e-02,1.0e+00,1.0e-03,2.9e-02,global-SS%GVGTDT,CASSSTGvgTDTQYF,CASSSTGVGTDTQYF,TRBV19,TRBJ2-3,CAVGKASGTYKYIF,Donor AJKQ118:IEL TCRab CD4 TRM,1.000000,-,-,-,-,-,-,-,-,-,-,-
775,SS%GVGTDT,1.2e-02,1,2,1.6e-06,1.0e+00,5.4e-02,1.0e+00,1.0e-03,2.9e-02,global-SS%GVGTDT,CASSSAGvgTDTQYF,CASSSAGVGTDTQYF,TRBV6-2,TRBJ2-3,CASRPYTSNTGKLIF,Donor AJKQ118:L TCRab CD4 TRM,1.000000,-,-,-,-,-,-,-,-,-,-,-

776,S%GSGYE,1.2e-02,1,2,1.9e-06,1.0e+00,6.6e-02,1.0e+00,1.0e-03,2.9e-02,global-S%GSGYE,CASSLgSGYEQYF,CASSLGSGYEQYF,TRBV5-4,TRBJ2-7,CVVSEAGGYNKLIF,Donor AJG2309:LP TCRab CD4 TRM,1.000000,-,-,-,-,-,-,-,-,-,-,-
776,S%GSGYE,1.2e-02,1,2,1.9e-06,1.0e+00,6.6e-02,1.0e+00,1.0e-03,2.9e-02,global-S%GSGYE,CASShgSGYEQYF,CASSHGSGYEQYF,TRBV12-3,TRBJ2-7,CAGESYSSASKIIF,Donor AJG2309:LP TCRab CD4 TRM,1.000000,-,-,-,-,-,-,-,-,-,-,-

777,%RDNQP,1.2e-02,2,2,2.4e-06,1.0e+00,8.4e-02,1.0e+00,1.0e-03,2.9e-02,global-%RDNQP,CSAnrdNQPQHF,CSANRDNQPQHF,TRBV20-1,TRBJ1-5,CALRGSGGGADGLTF,Donor AJD3280:IEL TCRab CD4 Mobile TRM,1.000000,-,-,-,-,-,-,-,-,-,-,-
777,%RDNQP,1.2e-02,2,2,2.4e-06,1.0e+00,8.4e-02,1.0e+00,1.0e-03,2.9e-02,global-%RDNQP,CATSRdNQPQHF,CATSRDNQPQHF,TRBV15,TRBJ1-5,CLLGDWETSGSRLTF,Donor AJKQ118:PB TCRab CD4 Naive/TCM,1.000000,-,-,-,-,-,-,-,-,-,-,-

778,SV%TGE,1.2e-02,1,2,1.7e-06,1.0e+00,6.0e-02,1.0e+00,1.0e-03,2.9e-02,global-SV%TGE,CAWSvlTGELFF,CAWSVLTGELFF,TRBV30,TRBJ2-2,CARVSSGNTPLVF,Donor AJKQ118:PB TCRab CD4 Naive/TCM,1.000000,-,-,-,-,-,-,-,-,-,-,-
778,SV%TGE,1.2e-02,1,2,1.7e-06,1.0e+00,6.0e-02,1.0e+00,1.0e-03,2.9e-02,global-SV%TGE,CASSVGTGEAFF,CASSVGTGEAFF,TRBV9,TRBJ1-1,CAGYTGGFKTIF,Donor AJKQ118:PB TCRab CD4 FOXP3+ Treg,1.000000,-,-,-,-,-,-,-,-,-,-,-

779,S%SRNQP,1.2e-02,1,2,2.0e-06,1.0e+00,7.0e-02,1.0e+00,1.0e-03,2.9e-02,global-S%SRNQP,CASSfsrNQPQHF,CASSFSRNQPQHF,TRBV7-8,TRBJ1-5,CAVILNEKLTF,Donor AJKQ118:LP TCRab CD4 FOXP3+ Treg,1.000000,-,-,-,-,-,-,-,-,-,-,-
779,S%SRNQP,1.2e-02,1,2,2.0e-06,1.0e+00,7.0e-02,1.0e+00,1.0e-03,2.9e-02,global-S%SRNQP,CATSDsrNQPQHF,CATSDSRNQPQHF,TRBV24-1,TRBJ1-5,CALRGGADGLTF,Donor AJKQ118:PB TCRab CD4 Naive/TCM,1.000000,-,-,-,-,-,-,-,-,-,-,-

780,SF%GRET,1.2e-02,1,2,2.0e-06,1.0e+00,6.7e-02,1.0e+00,1.0e-03,2.9e-02,global-SF%GRET,CASSfaGRETQYF,CASSFAGRETQYF,TRBV11-2,TRBJ2-5,CAYGSNNAGNMLTF,Donor AJD3280:IEL TCRab CD4 Mobile TRM,1.000000,-,-,-,-,-,-,-,-,-,-,-
780,SF%GRET,1.2e-02,1,2,2.0e-06,1.0e+00,6.7e-02,1.0e+00,1.0e-03,2.9e-02,global-SF%GRET,CASSfQGrETQYF,CASSFQGRETQYF,TRBV6-2,TRBJ2-5,CALSEGFKNSGGSNYKLTF,Donor AJD3280:LP TCRab CD4 TRM,1.000000,-,-,-,-,-,-,-,-,-,-,-

781,SLGP%YE,1.2e-02,1,2,2.1e-06,1.0e+00,7.1e-02,1.0e+00,1.0e-03,2.9e-02,global-SLGP%YE,CASSLgpnYEQYF,CASSLGPNYEQYF,TRBV7-6,TRBJ2-7,CAASSNQGGKLIF,Donor AJG2309:LP TCRab CD4 TRM,1.000000,-,-,-,-,-,-,-,-,-,-,-
781,SLGP%YE,1.2e-02,1,2,2.1e-06,1.0e+00,7.1e-02,1.0e+00,1.0e-03,2.9e-02,global-SLGP%YE,CASSLgpiYEQYF,CASSLGPIYEQYF,TRBV28,TRBJ2-7,CATSPNFNKFYF,Donor AJG2309:PB TCRab CD4 Naive/TCM,1.000000,-,-,-,-,-,-,-,-,-,-,-

782,S%PGVNTE,1.2e-02,1,2,1.7e-07,1.0e+00,6.0e-03,1.0e+00,1.0e-03,2.9e-02,global-S%PGVNTE,CASSnpgvNTEAFF,CASSNPGVNTEAFF,TRBV19,TRBJ1-1,CAVSLSGSARQLTF,Donor AJD3280:LP TCRab CD4 TRM,1.000000,-,-,-,-,-,-,-,-,-,-,-
782,S%PGVNTE,1.2e-02,1,2,1.7e-07,1.0e+00,6.0e-03,1.0e+00,1.0e-03,2.9e-02,global-S%PGVNTE,CASSnpgvNTEAFF,CASSNPGVNTEAFF,TRBV19,TRBJ1-1,CAVSLSGSARQLTF,Donor AJD3280:PB TCRab CD4 Naive/TCM,1.000000,-,-,-,-,-,-,-,-,-,-,-
782,S%PGVNTE,1.2e-02,1,2,1.7e-07,1.0e+00,6.0e-03,1.0e+00,1.0e-03,2.9e-02,global-S%PGVNTE,CASSSpgvNTEAFF,CASSSPGVNTEAFF,TRBV5-4,TRBJ1-1,CAVGPNAGNNRKLIW,Donor AJD3280:PB TCRab CD4 Naive/TCM,1.000000,-,-,-,-,-,-,-,-,-,-,-

783,SLA%GQET,1.2e-02,2,2,1.9e-06,1.0e+00,6.5e-02,1.0e+00,1.0e-03,2.9e-02,global-SLA%GQET,CASSLaRGQETQYF,CASSLARGQETQYF,TRBV7-2,TRBJ2-5,CAASDSGTYKYIF,Donor AJD3280:IEL TCRab CD4 Mobile TRM,1.000000,-,-,-,-,-,-,-,-,-,-,-
783,SLA%GQET,1.2e-02,2,2,1.9e-06,1.0e+00,6.5e-02,1.0e+00,1.0e-03,2.9e-02,global-SLA%GQET,CASSLAGGQETQYF,CASSLAGGQETQYF,TRBV7-9,TRBJ2-5,CAMRGMKGYNKLIF,Donor AJG2309:LP TCRab CD4 FOXP3+ Treg,1.000000,-,-,-,-,-,-,-,-,-,-,-

784,SR%TGNTE,1.2e-02,2,2,2.9e-08,1.0e+00,1.0e-03,1.0e+00,1.0e-03,2.9e-02,global-SR%TGNTE,CASSRtTGNTEAFF,CASSRTTGNTEAFF,TRBV18,TRBJ1-1,CAVRDNQGGKLIF,Donor AJD3280:L TCRab CD4 TRM,1.000000,-,-,-,-,-,-,-,-,-,-,-
784,SR%TGNTE,1.2e-02,2,2,2.9e-08,1.0e+00,1.0e-03,1.0e+00,1.0e-03,2.9e-02,global-SR%TGNTE,CASSRdTGNTEAFF,CASSRDTGNTEAFF,TRBV18,TRBJ1-1,CAPAGGTSYGKLTF,Donor AJG2309:LP TCRab CD4 TRM,1.000000,-,-,-,-,-,-,-,-,-,-,-

785,SLGGN%,1.2e-02,2,2,2.3e-07,1.0e+00,8.0e-03,1.0e+00,1.0e-03,2.9e-02,global-SLGGN%,CASSLgGNTIYF,CASSLGGNTIYF,TRBV11-2,TRBJ1-3,CAAKNYGGSQGNLIF,Donor AJD3280:LP TCRab CD4 TRM,1.000000,-,-,-,-,-,-,-,-,-,-,-
785,SLGGN%,1.2e-02,2,2,2.3e-07,1.0e+00,8.0e-03,1.0e+00,1.0e-03,2.9e-02,global-SLGGN%,CASSLgGNTIYF,CASSLGGNTIYF,TRBV12-3,TRBJ1-3,CIVRAQGAQKLVF,Donor AJD3280:PB TCRab CD4 Naive/TCM,1.000000,-,-,-,-,-,-,-,-,-,-,-
785,SLGGN%,1.2e-02,2,2,2.3e-07,1.0e+00,8.0e-03,1.0e+00,1.0e-03,2.9e-02,global-SLGGN%,CASSLGGNEQFF,CASSLGGNEQFF,TRBV12-3,TRBJ2-1,CAASPNHSGNTPLVF,Donor AJKQ118:PB TCRab CD4 Naive/TCM,1.000000,-,-,-,-,-,-,-,-,-,-,-

786,SYGR%YE,1.2e-02,2,2,1.7e-06,1.0e+00,5.7e-02,1.0e+00,1.0e-03,2.9e-02,global-SYGR%YE,CASSYGRaYEQYF,CASSYGRAYEQYF,TRBV7-3,TRBJ2-7,CAVRISSTDKLIF,Donor AJKQ118:PB TCRab CD4 Naive/TCM,1.000000,-,-,-,-,-,-,-,-,-,-,-
786,SYGR%YE,1.2e-02,2,2,1.7e-06,1.0e+00,5.7e-02,1.0e+00,1.0e-03,2.9e-02,global-SYGR%YE,CASSYGRdYEQYF,CASSYGRDYEQYF,TRBV6-5,TRBJ2-7,CAVPPDLNTGGFKTIF,Donor AJD3280:PB TCRab CD4 Naive/TCM,1.000000,-,-,-,-,-,-,-,-,-,-,-

787,SQTG%,1.2e-02,2,2,2.3e-06,1.0e+00,7.8e-02,1.0e+00,1.0e-03,2.9e-02,global-SQTG%,CASSQTGELFF,CASSQTGELFF,TRBV3-1,TRBJ2-2,CAASIPGNQFYF,Donor AJKQ118:PB TCRab CD4 FOXP3+ Treg,1.000000,-,-,-,-,-,-,-,-,-,-,-
787,SQTG%,1.2e-02,2,2,2.3e-06,1.0e+00,7.8e-02,1.0e+00,1.0e-03,2.9e-02,global-SQTG%,CASSQTGqsFF,CASSQTGQSFF,TRBV11-2,TRBJ1-1,CAVREYNQGGKLIF,Donor AJD3280:IEL TCRab CD4 FOXP3+ Treg,1.000000,-,-,-,-,-,-,-,-,-,-,-

788,SLVGT%NE,1.2e-02,2,2,2.0e-06,1.0e+00,6.8e-02,1.0e+00,1.0e-03,2.9e-02,global-SLVGT%NE,CASSLvGTSNEQFF,CASSLVGTSNEQFF,TRBV7-9,TRBJ2-1,CAAHPSTGTASKLTF,Donor AJD3280:IEL TCRab CD4 Mobile TRM,1.000000,-,-,-,-,-,-,-,-,-,-,-
788,SLVGT%NE,1.2e-02,2,2,2.0e-06,1.0e+00,6.8e-02,1.0e+00,1.0e-03,2.9e-02,global-SLVGT%NE,CASSLvGTYNEQFF,CASSLVGTYNEQFF,TRBV7-2,TRBJ2-1,CALGSMDTGRRALTF,Donor AJG2309:LP TCRab CD4 Mobile TRM,1.000000,-,-,-,-,-,-,-,-,-,-,-

789,RQG%G,1.2e-02,1,2,2.4e-06,1.0e+00,8.1e-02,1.0e+00,1.0e-03,2.9e-02,global-RQG%G,CASrQGdGYTF,CASRQGDGYTF,TRBV12-3,TRBJ1-2,CAASRLRGGADGLTF,Donor AJD3280:PB TCRab CD4 Naive/TCM,1.000000,-,-,-,-,-,-,-,-,-,-,-
789,RQG%G,1.2e-02,1,2,2.4e-06,1.0e+00,8.1e-02,1.0e+00,1.0e-03,2.9e-02,global-RQG%G,CASrQGwgQFF,CASRQGWGQFF,TRBV2,TRBJ2-1,CGTEDTGNQFYF,Donor AJD3280:PB TCRab CD4 Naive/TCM,1.000000,-,-,-,-,-,-,-,-,-,-,-

790,SLGG%GSYE,1.2e-02,2,2,1.6e-06,1.0e+00,5.6e-02,1.0e+00,1.0e-03,2.9e-02,global-SLGG%GSYE,CASSLgGQGSYEQYF,CASSLGGQGSYEQYF,TRBV5-6,TRBJ2-7,CIVRRLRGGADGLTF,Donor AJG2309:PB TCRab CD4 Naive/TCM,1.000000,-,-,-,-,-,-,-,-,-,-,-
790,SLGG%GSYE,1.2e-02,2,2,1.6e-06,1.0e+00,5.6e-02,1.0e+00,1.0e-03,2.9e-02,global-SLGG%GSYE,CASSLggSGSYEQYF,CASSLGGSGSYEQYF,TRBV5-1,TRBJ2-7,CAVRPRYGGSQGNLIF,Donor AJKQ118:PB TCRab CD4 Naive/TCM,1.000000,-,-,-,-,-,-,-,-,-,-,-

791,SSTG%G,1.2e-02,1,2,2.9e-08,1.0e+00,1.0e-03,1.0e+00,1.0e-03,2.9e-02,global-SSTG%G,CASSSTGnGYTF,CASSSTGNGYTF,TRBV6-5,TRBJ1-2,CVVRGGYGGSQGNLIF,Donor AJD3280:LP TCRab CD4 Poised TCM,1.000000,-,-,-,-,-,-,-,-,-,-,-
791,SSTG%G,1.2e-02,1,2,2.9e-08,1.0e+00,1.0e-03,1.0e+00,1.0e-03,2.9e-02,global-SSTG%G,CASSSTGdGYTF,CASSSTGDGYTF,TRBV6-5,TRBJ1-2,CAATAGSGTYKYIF,Donor AJD3280:LP TCRab CD4 Tph,1.000000,-,-,-,-,-,-,-,-,-,-,-

792,SLAGTG%QP,1.2e-02,1,2,2.2e-06,1.0e+00,7.4e-02,1.0e+00,1.0e-03,2.9e-02,global-SLAGTG%QP,CASSLaGTGdQPQHF,CASSLAGTGDQPQHF,TRBV5-8,TRBJ1-5,CAGPYNNARLMF,Donor AJD3280:PB TCRab CD4 Naive/TCM,1.000000,-,-,-,-,-,-,-,-,-,-,-
792,SLAGTG%QP,1.2e-02,1,2,2.2e-06,1.0e+00,7.4e-02,1.0e+00,1.0e-03,2.9e-02,global-SLAGTG%QP,CASSLaGTGsQPQHF,CASSLAGTGSQPQHF,TRBV7-9,TRBJ1-5,CALLSGGSNYKLTF,Donor AJD3280:LP TCRab CD4 TRM,1.000000,-,-,-,-,-,-,-,-,-,-,-

793,SP%DT,1.2e-02,1,3,3.7e-07,1.0e+00,5.9e-02,1.0e+00,1.0e-03,6.2e-03,global-SP%DT,CASSPgDTQYF,CASSPGDTQYF,TRBV18,TRBJ2-3,CILRDVLNAGGTSYGKLTF,Donor AJKQ118:IEL TCRab CD4 TRM,1.000000,-,-,-,-,-,-,-,-,-,-,-
793,SP%DT,1.2e-02,1,3,3.7e-07,1.0e+00,5.9e-02,1.0e+00,1.0e-03,6.2e-03,global-SP%DT,CASSPgDTQYF,CASSPGDTQYF,TRBV18,TRBJ2-3,CAYRSAHGGSEKLVF,Donor AJKQ118:L TCRab CD4 TRM,1.000000,-,-,-,-,-,-,-,-,-,-,-
793,SP%DT,1.2e-02,1,3,3.7e-07,1.0e+00,5.9e-02,1.0e+00,1.0e-03,6.2e-03,global-SP%DT,CASSPgDTQYF,CASSPGDTQYF,TRBV18,TRBJ2-3,CAYRSAHGGSEKLVF,Donor AJKQ118:LP TCRab CD4 TRM,1.000000,-,-,-,-,-,-,-,-,-,-,-
793,SP%DT,1.2e-02,1,3,3.7e-07,1.0e+00,5.9e-02,1.0e+00,1.0e-03,6.2e-03,global-SP%DT,CAWSprDTQYF,CAWSPRDTQYF,TRBV30,TRBJ2-3,CATAPSGGSYIPTF,Donor AJKQ118:PB TCRab CD4 Naive/TCM,1.000000,-,-,-,-,-,-,-,-,-,-,-
793,SP%DT,1.2e-02,1,3,3.7e-07,1.0e+00,5.9e-02,1.0e+00,1.0e-03,6.2e-03,global-SP%DT,CASSPvDTQYF,CASSPVDTQYF,TRBV7-9,TRBJ2-3,CAMSDPGYALNF,Donor AJKQ118:PB TCRab CD4 Naive/TCM,1.000000,-,-,-,-,-,-,-,-,-,-,-

794,SK%TDT,1.2e-02,2,2,1.8e-06,1.0e+00,6.2e-02,1.0e+00,1.0e-03,2.9e-02,global-SK%TDT,CASSKgTDTQYF,CASSKGTDTQYF,TRBV12-4,TRBJ2-3,CAVRASGSARQLTF,Donor AJD3280:IEL TCRab CD4 TRM,1.000000,-,-,-,-,-,-,-,-,-,-,-
794,SK%TDT,1.2e-02,2,2,1.8e-06,1.0e+00,6.2e-02,1.0e+00,1.0e-03,2.9e-02,global-SK%TDT,CASSKeTDTQYF,CASSKETDTQYF,TRBV19,TRBJ2-3,CEGAGGTSYGKLTF,Donor AJKQ118:PB TCRab CD4 Naive/TCM,1.000000,-,-,-,-,-,-,-,-,-,-,-

795,SQG%ATNEK,1.2e-02,1,2,2.9e-08,1.0e+00,1.0e-03,1.0e+00,1.0e-03,2.9e-02,global-SQG%ATNEK,CASSQghaTNEKLFF,CASSQGHATNEKLFF,TRBV4-2,TRBJ1-4,CAFTTGANSKLTF,Donor AJG2309:PB TCRab CD4 Naive/TCM,1.000000,-,-,-,-,-,-,-,-,-,-,-
795,SQG%ATNEK,1.2e-02,1,2,2.9e-08,1.0e+00,1.0e-03,1.0e+00,1.0e-03,2.9e-02,global-SQG%ATNEK,CASSQGGaTNEKLFF,CASSQGGATNEKLFF,TRBV4-2,TRBJ1-4,CAARRVNRDDKIIF,Donor AJG2309:LP TCRab CD4 TRM,1.000000,-,-,-,-,-,-,-,-,-,-,-

796,ST%GGPYE,1.2e-02,2,2,5.1e-06,1.0e+00,1.7e-01,1.0e+00,1.0e-03,2.9e-02,global-ST%GGPYE,CASSTGGgpYEQYF,CASSTGGGPYEQYF,TRBV12-4,TRBJ2-7,CALDTGRRALTF,Donor AJD3280:L TCRab CD4 TRM,1.000000,-,-,-,-,-,-,-,-,-,-,-
796,ST%GGPYE,1.2e-02,2,2,5.1e-06,1.0e+00,1.7e-01,1.0e+00,1.0e-03,2.9e-02,global-ST%GGPYE,CASSTGGgpYEQYF,CASSTGGGPYEQYF,TRBV28,TRBJ2-7,CDYKLSF,Donor AJKQ118:PB TCRab CD4 Naive/TCM,1.000000,-,-,-,-,-,-,-,-,-,-,-
796,ST%GGPYE,1.2e-02,2,2,5.1e-06,1.0e+00,1.7e-01,1.0e+00,1.0e-03,2.9e-02,global-ST%GGPYE,CASStAGGpYEQYF,CASSTAGGPYEQYF,TRBV4-1,TRBJ2-7,CATGYKLIF,Donor AJKQ118:PB TCRab CD4 Naive/TCM,1.000000,-,-,-,-,-,-,-,-,-,-,-

797,SPGR%SYE,1.2e-02,2,2,2.1e-06,1.0e+00,7.3e-02,1.0e+00,1.0e-03,2.9e-02,global-SPGR%SYE,CASSPGRnSYEQYF,CASSPGRNSYEQYF,TRBV18,TRBJ2-7,CAVKGDTNFGNEKLTF,Donor AJKQ118:L TCRab CD4 TRM,1.000000,-,-,-,-,-,-,-,-,-,-,-
797,SPGR%SYE,1.2e-02,2,2,2.1e-06,1.0e+00,7.3e-02,1.0e+00,1.0e-03,2.9e-02,global-SPGR%SYE,CASSPGRfSYEQYF,CASSPGRFSYEQYF,TRBV7-2,TRBJ2-7,CALSPGGYNKLIF,Donor AJD3280:LP TCRab CD4 Mobile TRM,1.000000,-,-,-,-,-,-,-,-,-,-,-

798,RGTG%NYG,1.2e-02,1,2,2.9e-08,1.0e+00,1.0e-03,1.0e+00,1.0e-03,2.9e-02,global-RGTG%NYG,CASrGTGvNYGYTF,CASRGTGVNYGYTF,TRBV28,TRBJ1-2,CAMSQGGNKLVF,Donor AJD3280:PB TCRab CD4 Naive/TCM,1.000000,-,-,-,-,-,-,-,-,-,-,-
798,RGTG%NYG,1.2e-02,1,2,2.9e-08,1.0e+00,1.0e-03,1.0e+00,1.0e-03,2.9e-02,global-RGTG%NYG,CASrGTGnNYGYTF,CASRGTGNNYGYTF,TRBV28,TRBJ1-2,CALDYDYKLSF,Donor AJD3280:IEL TCRab CD4 TRM,1.000000,-,-,-,-,-,-,-,-,-,-,-

799,SPG%SG,1.2e-02,1,2,2.1e-06,1.0e+00,7.1e-02,1.0e+00,1.0e-03,2.9e-02,global-SPG%SG,CASSPGGsGYTF,CASSPGGSGYTF,TRBV28,TRBJ1-2,CATSSTSGTYKYIF,Donor AJD3280:LP TCRab CD4 Poised TCM,1.000000,-,-,-,-,-,-,-,-,-,-,-
799,SPG%SG,1.2e-02,1,2,2.1e-06,1.0e+00,7.1e-02,1.0e+00,1.0e-03,2.9e-02,global-SPG%SG,CASSPgpsGYTF,CASSPGPSGYTF,TRBV7-2,TRBJ1-2,CAAKPGGGTYKYIF,Donor AJD3280:L TCRab CD4 Naive/TCM,1.000000,-,-,-,-,-,-,-,-,-,-,-

800,SRTGG%TE,1.2e-02,1,2,2.0e-06,1.0e+00,6.9e-02,1.0e+00,1.0e-03,2.9e-02,global-SRTGG%TE,CASSRTGGNTEAFF,CASSRTGGNTEAFF,TRBV18,TRBJ1-1,CAFSGGSYIPTF,Donor AJKQ118:L TCRab CD4 TRM,1.000000,-,-,-,-,-,-,-,-,-,-,-
800,SRTGG%TE,1.2e-02,1,2,2.0e-06,1.0e+00,6.9e-02,1.0e+00,1.0e-03,2.9e-02,global-SRTGG%TE,CASSRTGGrTEAFF,CASSRTGGRTEAFF,TRBV6-5,TRBJ1-1,CAVEGGSQGNLIF,Donor AJKQ118:PB TCRab CD4 FOXP3+ Treg,1.000000,-,-,-,-,-,-,-,-,-,-,-

801,SLSGGA%NE,1.2e-02,1,2,2.9e-08,1.0e+00,1.0e-03,1.0e+00,1.0e-03,2.9e-02,global-SLSGGA%NE,CASSLSGGamNEQFF,CASSLSGGAMNEQFF,TRBV7-3,TRBJ2-1,CALRPGGKLIF,Donor AJD3280:L TCRab CD4 Naive/TCM,1.000000,-,-,-,-,-,-,-,-,-,-,-
801,SLSGGA%NE,1.2e-02,1,2,2.9e-08,1.0e+00,1.0e-03,1.0e+00,1.0e-03,2.9e-02,global-SLSGGA%NE,CASSLSGGahNEQFF,CASSLSGGAHNEQFF,TRBV7-3,TRBJ2-1,CAVGAQGTGNQFYF,Donor AJD3280:PB TCRab CD4 Naive/TCM,1.000000,-,-,-,-,-,-,-,-,-,-,-

802,SLGTG%EK,1.2e-02,2,2,1.7e-06,1.0e+00,5.8e-02,1.0e+00,1.0e-03,2.9e-02,global-SLGTG%EK,CASSLGTGNEKLFF,CASSLGTGNEKLFF,TRBV4-2,TRBJ1-4,CAASPSIKAAGNKLTF,Donor AJKQ118:LP TCRab CD4 TRM,1.000000,-,-,-,-,-,-,-,-,-,-,-
802,SLGTG%EK,1.2e-02,2,2,1.7e-06,1.0e+00,5.8e-02,1.0e+00,1.0e-03,2.9e-02,global-SLGTG%EK,CASSLGTGvEKLFF,CASSLGTGVEKLFF,TRBV7-9,TRBJ1-4,CAGRDDKIIF,Donor AJD3280:LP TCRab CD4 Poised TCM,1.000000,-,-,-,-,-,-,-,-,-,-,-

803,SRS%YG,1.2e-02,2,2,3.6e-06,1.0e+00,1.2e-01,1.0e+00,1.0e-03,2.9e-02,global-SRS%YG,CATSRstYGYTF,CATSRSTYGYTF,TRBV15,TRBJ1-2,CAVSDPQGSQGNLIF,Donor AJG2309:LP TCRab CD4 TRM,1.000000,-,-,-,-,-,-,-,-,-,-,-
803,SRS%YG,1.2e-02,2,2,3.6e-06,1.0e+00,1.2e-01,1.0e+00,1.0e-03,2.9e-02,global-SRS%YG,CASSRsNYGYTF,CASSRSNYGYTF,TRBV5-5,TRBJ1-2,CIVNSGYALNF,Donor AJD3280:IEL TCRab CD4 FOXP3+ Treg,1.000000,-,-,-,-,-,-,-,-,-,-,-
803,SRS%YG,1.2e-02,2,2,3.6e-06,1.0e+00,1.2e-01,1.0e+00,1.0e-03,2.9e-02,global-SRS%YG,CASSRsNYGYTF,CASSRSNYGYTF,TRBV5-5,TRBJ1-2,CIVNSGYALNF,Donor AJD3280:LP TCRab CD4 FOXP3+ Treg,1.000000,-,-,-,-,-,-,-,-,-,-,-

804,%IAGGYNE,1.2e-02,1,2,2.3e-06,1.0e+00,7.9e-02,1.0e+00,1.0e-03,2.9e-02,global-%IAGGYNE,CASriAGGYNEQFF,CASRIAGGYNEQFF,TRBV2,TRBJ2-1,CAASKENGQNFVF,Donor AJD3280:IEL TCRab CD4 Mobile TRM,1.000000,-,-,-,-,-,-,-,-,-,-,-
804,%IAGGYNE,1.2e-02,1,2,2.3e-06,1.0e+00,7.9e-02,1.0e+00,1.0e-03,2.9e-02,global-%IAGGYNE,CASSIAGGYNEQFF,CASSIAGGYNEQFF,TRBV7-3,TRBJ2-1,CAVVGGTSGSRLTF,Donor AJD3280:L TCRab CD4 Naive/TCM,1.000000,-,-,-,-,-,-,-,-,-,-,-

805,SLRG%YE,1.2e-02,1,2,2.0e-06,1.0e+00,6.7e-02,1.0e+00,1.0e-03,2.9e-02,global-SLRG%YE,CASSLRGpYEQYF,CASSLRGPYEQYF,TRBV5-4,TRBJ2-7,CAGDSGGTSYGKLTF,Donor AJG2309:LP TCRab CD4 TRM,1.000000,-,-,-,-,-,-,-,-,-,-,-
805,SLRG%YE,1.2e-02,1,2,2.0e-06,1.0e+00,6.7e-02,1.0e+00,1.0e-03,2.9e-02,global-SLRG%YE,CASSLRGlYEQYF,CASSLRGLYEQYF,TRBV28,TRBJ2-7,CALQREGRQLTF,Donor AJG2309:L TCRab CD4 TRM,1.000000,-,-,-,-,-,-,-,-,-,-,-

806,S%GQE,1.2e-02,1,2,1.7e-06,1.0e+00,6.0e-02,1.0e+00,1.0e-03,2.9e-02,global-S%GQE,CATSpGQELFF,CATSPGQELFF,TRBV28,TRBJ2-2,CVVNLYNFNKFYF,Donor AJKQ118:PB TCRab CD4 Naive/TCM,1.000000,-,-,-,-,-,-,-,-,-,-,-
806,S%GQE,1.2e-02,1,2,1.7e-06,1.0e+00,6.0e-02,1.0e+00,1.0e-03,2.9e-02,global-S%GQE,CASSLGQEQYF,CASSLGQEQYF,TRBV3-1,TRBJ2-7,CAARRRTGSARQLTF,Donor AJKQ118:PB TCRab CD4 Naive/TCM,1.000000,-,-,-,-,-,-,-,-,-,-,-

807,SVGLAG%TDT,1.2e-02,1,2,2.7e-06,1.0e+00,9.4e-02,1.0e+00,1.0e-03,2.9e-02,global-SVGLAG%TDT,CASSVGLAGaTDTQYF,CASSVGLAGATDTQYF,TRBV9,TRBJ2-3,CAASIIGYNFNKFYF,Donor AJD3280:IEL TCRab CD4 TRM,1.000000,-,-,-,-,-,-,-,-,-,-,-
807,SVGLAG%TDT,1.2e-02,1,2,2.7e-06,1.0e+00,9.4e-02,1.0e+00,1.0e-03,2.9e-02,global-SVGLAG%TDT,CASSVGLAGaTDTQYF,CASSVGLAGATDTQYF,TRBV9,TRBJ2-3,CAASIIGYNFNKFYF,Donor AJD3280:LP TCRab CD4 TRM,1.000000,-,-,-,-,-,-,-,-,-,-,-
807,SVGLAG%TDT,1.2e-02,1,2,2.7e-06,1.0e+00,9.4e-02,1.0e+00,1.0e-03,2.9e-02,global-SVGLAG%TDT,CASSVGLAGdTDTQYF,CASSVGLAGDTDTQYF,TRBV5-1,TRBJ2-3,CAVGITGGGNKLTF,Donor AJD3280:LP TCRab CD4 Poised TCM,1.000000,-,-,-,-,-,-,-,-,-,-,-

808,SP%SSYNE,1.3e-02,3,3,1.2e-06,1.0e+00,1.9e-01,1.0e+00,1.0e-03,6.2e-03,global-SP%SSYNE,CASSPvsSYNEQFF,CASSPVSSYNEQFF,TRBV18,TRBJ2-1,CAWANYGGSQGNLIF,Donor AJKQ118:PB TCRab CD4 FOXP3+ Treg,1.000000,-,-,-,-,-,-,-,-,-,-,-
808,SP%SSYNE,1.3e-02,3,3,1.2e-06,1.0e+00,1.9e-01,1.0e+00,1.0e-03,6.2e-03,global-SP%SSYNE,CASSPTSSYNEQFF,CASSPTSSYNEQFF,TRBV5-6,TRBJ2-1,CAYLTNRDDKIIF,Donor AJD3280:PB TCRab CD4 Naive/TCM,1.000000,-,-,-,-,-,-,-,-,-,-,-
808,SP%SSYNE,1.3e-02,3,3,1.2e-06,1.0e+00,1.9e-01,1.0e+00,1.0e-03,6.2e-03,global-SP%SSYNE,CASSPrsSYNEQFF,CASSPRSSYNEQFF,TRBV6-6,TRBJ2-1,CAGHQGAQKLVF,Donor AJG2309:PB TCRab CD4 Naive/TCM,1.000000,-,-,-,-,-,-,-,-,-,-,-

809,SLG%LNTE,1.3e-02,3,3,2.0e-06,1.0e+00,3.2e-01,1.0e+00,1.0e-03,6.2e-03,global-SLG%LNTE,CASSLGQlNTEAFF,CASSLGQLNTEAFF,TRBV5-1,TRBJ1-1,CAVNDSGGYNKLIF,Donor AJG2309:PB TCRab CD4 Naive/TCM,1.000000,-,-,-,-,-,-,-,-,-,-,-
809,SLG%LNTE,1.3e-02,3,3,2.0e-06,1.0e+00,3.2e-01,1.0e+00,1.0e-03,6.2e-03,global-SLG%LNTE,CASSLgalNTEAFF,CASSLGALNTEAFF,TRBV11-2,TRBJ1-1,CAYRSEGTSYGKLTF,Donor AJD3280:PB TCRab CD4 Naive/TCM,1.000000,-,-,-,-,-,-,-,-,-,-,-
809,SLG%LNTE,1.3e-02,3,3,2.0e-06,1.0e+00,3.2e-01,1.0e+00,1.0e-03,6.2e-03,global-SLG%LNTE,CASSLgGLNTEAFF,CASSLGGLNTEAFF,TRBV12-4,TRBJ1-1,CAVNSAAGNKLTF,Donor AJKQ118:LP TCRab CD4 TRM,1.000000,-,-,-,-,-,-,-,-,-,-,-
809,SLG%LNTE,1.3e-02,3,3,2.0e-06,1.0e+00,3.2e-01,1.0e+00,1.0e-03,6.2e-03,global-SLG%LNTE,CASSLgGLNTEAFF,CASSLGGLNTEAFF,TRBV28,TRBJ1-1,CALSESNNNDMRF,Donor AJKQ118:PB TCRab CD4 Naive/TCM,1.000000,-,-,-,-,-,-,-,-,-,-,-

810,SG%GTDT,1.3e-02,2,3,1.6e-07,1.0e+00,1.7e-01,1.5e-01,1.0e-03,6.2e-03,global-SG%GTDT,CASSGQGTDTQYF,CASSGQGTDTQYF,TRBV2,TRBJ2-3,CAVEGSDGQKLLF,Donor AJD3280:L TCRab CD4 Naive/TCM,1.000000,-,-,-,-,-,-,-,-,-,-,-
810,SG%GTDT,1.3e-02,2,3,1.6e-07,1.0e+00,1.7e-01,1.5e-01,1.0e-03,6.2e-03,global-SG%GTDT,CASSGTGTDTQYF,CASSGTGTDTQYF,TRBV12-3,TRBJ2-3,CIVRPNQAGTALIF,Donor AJKQ118:PB TCRab CD4 Naive/TCM,1.000000,-,-,-,-,-,-,-,-,-,-,-
810,SG%GTDT,1.3e-02,2,3,1.6e-07,1.0e+00,1.7e-01,1.5e-01,1.0e-03,6.2e-03,global-SG%GTDT,CSASGGgTDTQYF,CSASGGGTDTQYF,TRBV20-1,TRBJ2-3,CALLRSNDYKLSF,Donor AJD3280:L TCRab CD4 TRM,2.000000,-,-,-,-,-,-,-,-,-,-,-

811,S%GSQET,1.3e-02,2,3,1.1e-06,1.0e+00,1.7e-01,1.0e+00,1.0e-03,6.2e-03,global-S%GSQET,CASSLgsQETQYF,CASSLGSQETQYF,TRBV7-3,TRBJ2-5,CAASPGLQGAQKLVF,Donor AJD3280:IEL TCRab CD4 TRM,1.000000,-,-,-,-,-,-,-,-,-,-,-
811,S%GSQET,1.3e-02,2,3,1.1e-06,1.0e+00,1.7e-01,1.0e+00,1.0e-03,6.2e-03,global-S%GSQET,CASSRgsQETQYF,CASSRGSQETQYF,TRBV11-2,TRBJ2-5,CAASGSNDYKLSF,Donor AJKQ118:LP TCRab CD4 TRM,1.000000,-,-,-,-,-,-,-,-,-,-,-
811,S%GSQET,1.3e-02,2,3,1.1e-06,1.0e+00,1.7e-01,1.0e+00,1.0e-03,6.2e-03,global-S%GSQET,CASSPgsQETQYF,CASSPGSQETQYF,TRBV7-2,TRBJ2-5,CAENIGNQGGKLIF,Donor AJKQ118:PB TCRab CD4 Naive/TCM,1.000000,-,-,-,-,-,-,-,-,-,-,-

812,SPGQG%TDT,1.3e-02,1,3,1.1e-06,1.0e+00,1.8e-01,1.0e+00,1.0e-03,6.2e-03,global-SPGQG%TDT,CASSPGQGnTDTQYF,CASSPGQGNTDTQYF,TRBV18,TRBJ2-3,CILFSGGSNYKLTF,Donor AJD3280:L TCRab CD4 TRM,1.000000,-,-,-,-,-,-,-,-,-,-,-
812,SPGQG%TDT,1.3e-02,1,3,1.1e-06,1.0e+00,1.8e-01,1.0e+00,1.0e-03,6.2e-03,global-SPGQG%TDT,CASSPGQGhTDTQYF,CASSPGQGHTDTQYF,TRBV11-2,TRBJ2-3,CVVIYSSASKIIF,Donor AJD3280:L TCRab CD4 TRM,1.000000,-,-,-,-,-,-,-,-,-,-,-
812,SPGQG%TDT,1.3e-02,1,3,1.1e-06,1.0e+00,1.8e-01,1.0e+00,1.0e-03,6.2e-03,global-SPGQG%TDT,CASSPGQGaTDTQYF,CASSPGQGATDTQYF,TRBV19,TRBJ2-3,CAVNAPNAGNMLTF,Donor AJD3280:PB TCRab CD4 Naive/TCM,1.000000,-,-,-,-,-,-,-,-,-,-,-

813,S%RENTE,1.5e-02,1,3,1.6e-08,1.0e+00,1.2e-02,2.1e-01,1.0e-03,6.2e-03,global-S%RENTE,CASShRENTEAFF,CASSHRENTEAFF,TRBV6-2,TRBJ1-1,CAVRDSNYQLIW,Donor AJD3280:LP TCRab CD4 TRM,1.000000,-,-,-,-,-,-,-,-,-,-,-
813,S%RENTE,1.5e-02,1,3,1.6e-08,1.0e+00,1.2e-02,2.1e-01,1.0e-03,6.2e-03,global-S%RENTE,CAISdRENTEAFF,CAISDRENTEAFF,TRBV10-3,TRBJ1-1,CAVSEVYNQGGKLIF,Donor AJD3280:LP TCRab CD4 TRM,1.000000,-,-,-,-,-,-,-,-,-,-,-
813,S%RENTE,1.5e-02,1,3,1.6e-08,1.0e+00,1.2e-02,2.1e-01,1.0e-03,6.2e-03,global-S%RENTE,CASSYRENTEAFF,CASSYRENTEAFF,TRBV6-2,TRBJ1-1,CAVMDSNYQLIW,Donor AJD3280:L TCRab CD4 TRM,2.000000,-,-,-,-,-,-,-,-,-,-,-
813,S%RENTE,1.5e-02,1,3,1.6e-08,1.0e+00,1.2e-02,2.1e-01,1.0e-03,6.2e-03,global-S%RENTE,CASSYRENTEAFF,CASSYRENTEAFF,TRBV6-2,TRBJ1-1,CAVMDSNYQLIW,Donor AJD3280:LP TCRab CD4 TRM,1.000000,-,-,-,-,-,-,-,-,-,-,-

814,SP%TGDG,1.5e-02,1,2,2.0e-06,1.0e+00,6.7e-02,1.0e+00,1.0e-03,2.9e-02,global-SP%TGDG,CASSPGTGdGYTF,CASSPGTGDGYTF,TRBV7-2,TRBJ1-2,CADTSGTYKYIF,Donor AJKQ118:PB TCRab CD4 FOXP3+ Treg,1.000000,-,-,-,-,-,-,-,-,-,-,-
814,SP%TGDG,1.5e-02,1,2,2.0e-06,1.0e+00,6.7e-02,1.0e+00,1.0e-03,2.9e-02,global-SP%TGDG,CASSPrTGdGYTF,CASSPRTGDGYTF,TRBV18,TRBJ1-2,CAVSGETSGSRLTF,Donor AJKQ118:LP TCRab CD4 Naive/TCM,1.000000,-,-,-,-,-,-,-,-,-,-,-

815,SL%SQET,1.5e-02,2,3,1.2e-06,1.0e+00,1.9e-01,1.0e+00,1.0e-03,6.2e-03,global-SL%SQET,CASSLysQETQYF,CASSLYSQETQYF,TRBV7-2,TRBJ2-5,CAVNLNFGNEKLTF,Donor AJD3280:PB TCRab CD4 Naive/TCM,1.000000,-,-,-,-,-,-,-,-,-,-,-
815,SL%SQET,1.5e-02,2,3,1.2e-06,1.0e+00,1.9e-01,1.0e+00,1.0e-03,6.2e-03,global-SL%SQET,CASSLqsQETQYF,CASSLQSQETQYF,TRBV10-2,TRBJ2-5,CAVNGVTGGFKTIF,Donor AJKQ118:PB TCRab CD4 Naive/TCM,1.000000,-,-,-,-,-,-,-,-,-,-,-
815,SL%SQET,1.5e-02,2,3,1.2e-06,1.0e+00,1.9e-01,1.0e+00,1.0e-03,6.2e-03,global-SL%SQET,CASSLgsQETQYF,CASSLGSQETQYF,TRBV7-3,TRBJ2-5,CAASPGLQGAQKLVF,Donor AJD3280:IEL TCRab CD4 TRM,1.000000,-,-,-,-,-,-,-,-,-,-,-

816,VG%TE,1.5e-02,2,2,2.9e-08,1.0e+00,1.0e-03,1.0e+00,1.0e-03,2.9e-02,global-VG%TE,CSVvgaTEAFF,CSVVGATEAFF,TRBV29-1,TRBJ1-1,CAASKARSGGYQKVTF,Donor AJKQ118:IEL TCRab CD4 TRM,1.000000,-,-,-,-,-,-,-,-,-,-,-
816,VG%TE,1.5e-02,2,2,2.9e-08,1.0e+00,1.0e-03,1.0e+00,1.0e-03,2.9e-02,global-VG%TE,CSVvgaTEAFF,CSVVGATEAFF,TRBV29-1,TRBJ1-1,CAASKARSGGYQKVTF,Donor AJKQ118:LP TCRab CD4 TRM,1.000000,-,-,-,-,-,-,-,-,-,-,-
816,VG%TE,1.5e-02,2,2,2.9e-08,1.0e+00,1.0e-03,1.0e+00,1.0e-03,2.9e-02,global-VG%TE,CSVvgdTEAFF,CSVVGDTEAFF,TRBV29-1,TRBJ1-1,CAVFFDTGRRALTF,Donor AJG2309:PB TCRab CD4 FOXP3+ Treg,1.000000,-,-,-,-,-,-,-,-,-,-,-

817,R%DQET,1.5e-02,2,2,1.7e-09,1.0e+00,1.0e-03,5.8e-02,1.0e-03,2.9e-02,global-R%DQET,CSARpdQETQYF,CSARPDQETQYF,TRBV20-1,TRBJ2-5,CAVKELGDARLMF,Donor AJKQ118:PB TCRab CD4 Naive/TCM,1.000000,-,-,-,-,-,-,-,-,-,-,-
817,R%DQET,1.5e-02,2,2,1.7e-09,1.0e+00,1.0e-03,5.8e-02,1.0e-03,2.9e-02,global-R%DQET,CSARtdQETQYF,CSARTDQETQYF,TRBV20-1,TRBJ2-5,CAAPRRGGGNKLTF,Donor AJD3280:IEL TCRab CD4 TRM,2.000000,-,-,-,-,-,-,-,-,-,-,-
817,R%DQET,1.5e-02,2,2,1.7e-09,1.0e+00,1.0e-03,5.8e-02,1.0e-03,2.9e-02,global-R%DQET,CSARtdQETQYF,CSARTDQETQYF,TRBV20-1,TRBJ2-5,CAAPRRGGGNKLTF,Donor AJD3280:LP TCRab CD4 Mobile TRM,2.000000,-,-,-,-,-,-,-,-,-,-,-

818,SD%TGE,1.5e-02,1,2,1.9e-06,1.0e+00,6.5e-02,1.0e+00,1.0e-03,2.9e-02,global-SD%TGE,CAISdqTGELFF,CAISDQTGELFF,TRBV10-3,TRBJ2-2,CAARYSGGGADGLTF,Donor AJD3280:L TCRab CD4 TRM,1.000000,-,-,-,-,-,-,-,-,-,-,-
818,SD%TGE,1.5e-02,1,2,1.9e-06,1.0e+00,6.5e-02,1.0e+00,1.0e-03,2.9e-02,global-SD%TGE,CASSDrTGELFF,CASSDRTGELFF,TRBV6-4,TRBJ2-2,CAVGGHNTDKLIF,Donor AJD3280:LP TCRab CD4 TRM,1.000000,-,-,-,-,-,-,-,-,-,-,-

819,SR%RGYE,1.5e-02,2,3,1.1e-06,1.0e+00,1.8e-01,1.0e+00,1.0e-03,6.2e-03,global-SR%RGYE,CASSRtRGYEQYF,CASSRTRGYEQYF,TRBV19,TRBJ2-7,CAVERGSYNTDKLIF,Donor AJD3280:LP TCRab CD4 TRM,1.000000,-,-,-,-,-,-,-,-,-,-,-
819,SR%RGYE,1.5e-02,2,3,1.1e-06,1.0e+00,1.8e-01,1.0e+00,1.0e-03,6.2e-03,global-SR%RGYE,CATSRDRGyEQFF,CATSRDRGYEQFF,TRBV15,TRBJ2-1,CAASVTGNMLTF,Donor AJG2309:PB TCRab CD4 Naive/TCM,1.000000,-,-,-,-,-,-,-,-,-,-,-
819,SR%RGYE,1.5e-02,2,3,1.1e-06,1.0e+00,1.8e-01,1.0e+00,1.0e-03,6.2e-03,global-SR%RGYE,CASSRDRGYEQYF,CASSRDRGYEQYF,TRBV4-3,TRBJ2-7,CVVHGGANNLFF,Donor AJD3280:L TCRab CD4 TRM,1.000000,-,-,-,-,-,-,-,-,-,-,-

820,SPGG%T,1.5e-02,2,2,1.7e-06,1.0e+00,5.8e-02,1.0e+00,1.0e-03,2.9e-02,global-SPGG%T,CASSPGGDTQYF,CASSPGGDTQYF,TRBV3-1,TRBJ2-3,CALSASPGSARQLTF,Donor AJG2309:PB TCRab CD4 Naive/TCM,1.000000,-,-,-,-,-,-,-,-,-,-,-
820,SPGG%T,1.5e-02,2,2,1.7e-06,1.0e+00,5.8e-02,1.0e+00,1.0e-03,2.9e-02,global-SPGG%T,CASSPGGETQYF,CASSPGGETQYF,TRBV18,TRBJ2-5,CAVSGTGANSKLTF,Donor AJKQ118:L TCRab CD4 TCM,1.000000,-,-,-,-,-,-,-,-,-,-,-

821,S%QGAGYG,1.5e-02,2,2,1.6e-07,1.0e+00,5.6e-02,9.6e-02,1.0e-03,2.9e-02,global-S%QGAGYG,CASSaQGagYGYTF,CASSAQGAGYGYTF,TRBV9,TRBJ1-2,CAFNNNDMRF,Donor AJG2309:L TCRab CD4 TRM,2.000000,-,-,-,-,-,-,-,-,-,-,-
821,S%QGAGYG,1.5e-02,2,2,1.6e-07,1.0e+00,5.6e-02,9.6e-02,1.0e-03,2.9e-02,global-S%QGAGYG,CASSQQGagYGYTF,CASSQQGAGYGYTF,TRBV3-1,TRBJ1-2,CAVNRGSSNTGKLIF,Donor AJD3280:IEL TCRab CD4 FOXP3+ Treg,1.000000,-,-,-,-,-,-,-,-,-,-,-

822,SRD%DT,1.5e-02,2,2,2.0e-06,1.0e+00,6.7e-02,1.0e+00,1.0e-03,2.9e-02,global-SRD%DT,CATSRdTDTQYF,CATSRDTDTQYF,TRBV15,TRBJ2-3,CAVGVKEYGNKLVF,Donor AJKQ118:L TCRab CD4 TRM,1.000000,-,-,-,-,-,-,-,-,-,-,-
822,SRD%DT,1.5e-02,2,2,2.0e-06,1.0e+00,6.7e-02,1.0e+00,1.0e-03,2.9e-02,global-SRD%DT,CASSRDRDTQYF,CASSRDRDTQYF,TRBV18,TRBJ2-3,CAGLTGGTSYGKLTF,Donor AJG2309:PB TCRab CD4 Naive/TCM,1.000000,-,-,-,-,-,-,-,-,-,-,-

823,R%SGNTE,1.5e-02,2,2,2.0e-06,1.0e+00,6.8e-02,1.0e+00,1.0e-03,2.9e-02,global-R%SGNTE,CASraSGNTEAFF,CASRASGNTEAFF,TRBV7-2,TRBJ1-1,CAALSGNTPLVF,Donor AJG2309:PB TCRab CD4 TCM,1.000000,-,-,-,-,-,-,-,-,-,-,-
823,R%SGNTE,1.5e-02,2,2,2.0e-06,1.0e+00,6.8e-02,1.0e+00,1.0e-03,2.9e-02,global-R%SGNTE,CASrvSGNTEAFF,CASRVSGNTEAFF,TRBV6-1,TRBJ1-1,CAVRGRTYKYIF,Donor AJKQ118:LP TCRab CD4 TRM,1.000000,-,-,-,-,-,-,-,-,-,-,-

824,SS%GTYE,1.5e-02,1,2,1.7e-06,1.0e+00,5.7e-02,1.0e+00,1.0e-03,2.9e-02,global-SS%GTYE,CASSSSGtYEQYF,CASSSSGTYEQYF,TRBV25-1,TRBJ2-7,CAVQKVSNDYKLSF,Donor AJKQ118:PB TCRab CD4 Naive/TCM,1.000000,-,-,-,-,-,-,-,-,-,-,-
824,SS%GTYE,1.5e-02,1,2,1.7e-06,1.0e+00,5.7e-02,1.0e+00,1.0e-03,2.9e-02,global-SS%GTYE,CASSSTGtYEQYF,CASSSTGTYEQYF,TRBV5-1,TRBJ2-7,CAAKTSGSRLTF,Donor AJKQ118:PB TCRab CD4 FOXP3+ Treg,1.000000,-,-,-,-,-,-,-,-,-,-,-

825,SLG%NEK,1.5e-02,1,2,1.3e-06,1.0e+00,4.3e-02,1.0e+00,1.0e-03,2.9e-02,global-SLG%NEK,CASSLGGNEKLFF,CASSLGGNEKLFF,TRBV9,TRBJ1-4,CAVNNQAGTALIF,Donor AJG2309:L TCRab CD4 TRM,1.000000,-,-,-,-,-,-,-,-,-,-,-
825,SLG%NEK,1.5e-02,1,2,1.3e-06,1.0e+00,4.3e-02,1.0e+00,1.0e-03,2.9e-02,global-SLG%NEK,CASSLgiNEKLFF,CASSLGINEKLFF,TRBV27,TRBJ1-4,CAVTPNQAGTALIF,Donor AJG2309:PB TCRab CD4 FOXP3+ Treg,1.000000,-,-,-,-,-,-,-,-,-,-,-

826,SQG%GQP,1.5e-02,1,2,2.3e-06,1.0e+00,7.9e-02,1.0e+00,1.0e-03,2.9e-02,global-SQG%GQP,CASSQGQGQPQHF,CASSQGQGQPQHF,TRBV4-3,TRBJ1-5,CAPYTGNQFYF,Donor AJKQ118:PB TCRab CD4 Naive/TCM,1.000000,-,-,-,-,-,-,-,-,-,-,-
826,SQG%GQP,1.5e-02,1,2,2.3e-06,1.0e+00,7.9e-02,1.0e+00,1.0e-03,2.9e-02,global-SQG%GQP,CASSQGGgQPQHF,CASSQGGGQPQHF,TRBV14,TRBJ1-5,CAARASGSRLTF,Donor AJKQ118:PB TCRab CD4 Naive/TCM,1.000000,-,-,-,-,-,-,-,-,-,-,-

827,SLA%GYNE,1.5e-02,1,2,2.0e-06,1.0e+00,7.0e-02,1.0e+00,1.0e-03,2.9e-02,global-SLA%GYNE,CASSLAGGYNEQFF,CASSLAGGYNEQFF,TRBV7-3,TRBJ2-1,CAGPFYGQNFVF,Donor AJG2309:LP TCRab CD4 Poised TCM,1.000000,-,-,-,-,-,-,-,-,-,-,-
827,SLA%GYNE,1.5e-02,1,2,2.0e-06,1.0e+00,7.0e-02,1.0e+00,1.0e-03,2.9e-02,global-SLA%GYNE,CASSLadgYNEQFF,CASSLADGYNEQFF,TRBV28,TRBJ2-1,CAMRENNAGNMLTF,Donor AJG2309:PB TCRab CD4 Naive/TCM,1.000000,-,-,-,-,-,-,-,-,-,-,-

828,SLG%GAADT,1.5e-02,2,2,1.8e-06,1.0e+00,6.2e-02,1.0e+00,1.0e-03,2.9e-02,global-SLG%GAADT,CASSLGGgaaDTQYF,CASSLGGGAADTQYF,TRBV5-1,TRBJ2-3,CALSDIQGAQKLVF,Donor AJD3280:LP TCRab CD4 Poised TCM,1.000000,-,-,-,-,-,-,-,-,-,-,-
828,SLG%GAADT,1.5e-02,2,2,1.8e-06,1.0e+00,6.2e-02,1.0e+00,1.0e-03,2.9e-02,global-SLG%GAADT,CASSLGTGaaDTQYF,CASSLGTGAADTQYF,TRBV11-3,TRBJ2-3,CAVEARANAGGTSYGKLTF,Donor AJG2309:PB TCRab CD4 Naive/TCM,1.000000,-,-,-,-,-,-,-,-,-,-,-

829,S%RGGYE,1.5e-02,1,2,2.1e-06,1.0e+00,7.3e-02,1.0e+00,1.0e-03,2.9e-02,global-S%RGGYE,CASSnRGgYEQYF,CASSNRGGYEQYF,TRBV19,TRBJ2-7,CAVELPTSGTYKYIF,Donor AJD3280:PB TCRab CD4 FOXP3+ Treg,1.000000,-,-,-,-,-,-,-,-,-,-,-
829,S%RGGYE,1.5e-02,1,2,2.1e-06,1.0e+00,7.3e-02,1.0e+00,1.0e-03,2.9e-02,global-S%RGGYE,CASSSRGgYEQYF,CASSSRGGYEQYF,TRBV7-9,TRBJ2-7,CAMSHVGGTSYGKLTF,Donor AJD3280:L TCRab CD4 TCM,1.000000,-,-,-,-,-,-,-,-,-,-,-

830,SLA%VNTE,1.5e-02,2,2,2.0e-06,1.0e+00,6.7e-02,1.0e+00,1.0e-03,2.9e-02,global-SLA%VNTE,CASSLatvNTEAFF,CASSLATVNTEAFF,TRBV7-9,TRBJ1-1,CAVPRRGNMLTF,Donor AJD3280:LP TCRab CD4 Poised TCM,1.000000,-,-,-,-,-,-,-,-,-,-,-
830,SLA%VNTE,1.5e-02,2,2,2.0e-06,1.0e+00,6.7e-02,1.0e+00,1.0e-03,2.9e-02,global-SLA%VNTE,CASSLAGvNTEAFF,CASSLAGVNTEAFF,TRBV5-1,TRBJ1-1,CALVNNAGNMLTF,Donor AJKQ118:PB TCRab CD4 Naive/TCM,1.000000,-,-,-,-,-,-,-,-,-,-,-

831,SVG%GSYE,1.5e-02,2,2,2.0e-06,1.0e+00,6.7e-02,1.0e+00,1.0e-03,2.9e-02,global-SVG%GSYE,CAWSvGLgSYEQYF,CAWSVGLGSYEQYF,TRBV30,TRBJ2-7,CAAMMDSSYKLIF,Donor AJD3280:LP TCRab CD4 TRM,1.000000,-,-,-,-,-,-,-,-,-,-,-
831,SVG%GSYE,1.5e-02,2,2,2.0e-06,1.0e+00,6.7e-02,1.0e+00,1.0e-03,2.9e-02,global-SVG%GSYE,CASSVGQGSYEQYF,CASSVGQGSYEQYF,TRBV7-9,TRBJ2-7,CALSEAPATDSWGKFQF,Donor AJG2309:LP TCRab CD4 Poised TCM,1.000000,-,-,-,-,-,-,-,-,-,-,-

832,RV%GNTE,1.5e-02,2,2,1.6e-06,1.0e+00,5.5e-02,1.0e+00,1.0e-03,2.9e-02,global-RV%GNTE,CSARvAGNTEAFF,CSARVAGNTEAFF,TRBV20-1,TRBJ1-1,CAMSASGGSYIPTF,Donor AJD3280:IEL TCRab CD4 TRM,1.000000,-,-,-,-,-,-,-,-,-,-,-
832,RV%GNTE,1.5e-02,2,2,1.6e-06,1.0e+00,5.5e-02,1.0e+00,1.0e-03,2.9e-02,global-RV%GNTE,CASrvSGNTEAFF,CASRVSGNTEAFF,TRBV6-1,TRBJ1-1,CAVRGRTYKYIF,Donor AJKQ118:LP TCRab CD4 TRM,1.000000,-,-,-,-,-,-,-,-,-,-,-

833,SFGT%YG,1.5e-02,1,2,2.9e-08,1.0e+00,1.0e-03,1.0e+00,1.0e-03,2.9e-02,global-SFGT%YG,CASSfGTNYGYTF,CASSFGTNYGYTF,TRBV11-3,TRBJ1-2,CAFMIGGATNKLIF,Donor AJD3280:IEL TCRab CD4 FOXP3+ Treg,1.000000,-,-,-,-,-,-,-,-,-,-,-
833,SFGT%YG,1.5e-02,1,2,2.9e-08,1.0e+00,1.0e-03,1.0e+00,1.0e-03,2.9e-02,global-SFGT%YG,CASSfGTNYGYTF,CASSFGTNYGYTF,TRBV11-3,TRBJ1-2,CAFMIGGATNKLIF,Donor AJD3280:LP TCRab CD4 FOXP3+ Treg,1.000000,-,-,-,-,-,-,-,-,-,-,-
833,SFGT%YG,1.5e-02,1,2,2.9e-08,1.0e+00,1.0e-03,1.0e+00,1.0e-03,2.9e-02,global-SFGT%YG,CASSfGTGYGYTF,CASSFGTGYGYTF,TRBV11-3,TRBJ1-2,CAGRFYNQGGKLIF,Donor AJD3280:LP TCRab CD4 Tph,1.000000,-,-,-,-,-,-,-,-,-,-,-

834,SL%GSGTE,1.5e-02,2,2,2.0e-06,1.0e+00,6.7e-02,1.0e+00,1.0e-03,2.9e-02,global-SL%GSGTE,CASSLegSGTEAFF,CASSLEGSGTEAFF,TRBV7-9,TRBJ1-1,CALSGSGTYKYIF,Donor AJD3280:LP TCRab CD4 TRM,1.000000,-,-,-,-,-,-,-,-,-,-,-
834,SL%GSGTE,1.5e-02,2,2,2.0e-06,1.0e+00,6.7e-02,1.0e+00,1.0e-03,2.9e-02,global-SL%GSGTE,CASSLTGsgTEAFF,CASSLTGSGTEAFF,TRBV5-1,TRBJ1-1,CAVINTGGFKTIF,Donor AJG2309:PB TCRab CD4 Naive/TCM,1.000000,-,-,-,-,-,-,-,-,-,-,-

835,SPQ%TE,1.5e-02,2,2,1.5e-06,1.0e+00,5.3e-02,1.0e+00,1.0e-03,2.9e-02,global-SPQ%TE,CASSPqNTEAFF,CASSPQNTEAFF,TRBV7-2,TRBJ1-1,CAMRYNAGNNRKLIW,Donor AJD3280:L TCRab CD4 TRM,1.000000,-,-,-,-,-,-,-,-,-,-,-
835,SPQ%TE,1.5e-02,2,2,1.5e-06,1.0e+00,5.3e-02,1.0e+00,1.0e-03,2.9e-02,global-SPQ%TE,CASSPQGTEAFF,CASSPQGTEAFF,TRBV18,TRBJ1-1,CALIPGAGRRALTF,Donor AJG2309:LP TCRab CD4 Poised TCM,1.000000,-,-,-,-,-,-,-,-,-,-,-

836,SPGG%SSYE,1.5e-02,2,2,1.5e-06,1.0e+00,5.3e-02,1.0e+00,1.0e-03,2.9e-02,global-SPGG%SSYE,CASSPGGdsSYEQYF,CASSPGGDSSYEQYF,TRBV11-3,TRBJ2-7,CAVNADQGGKLIF,Donor AJG2309:LP TCRab CD4 Poised TCM,1.000000,-,-,-,-,-,-,-,-,-,-,-
836,SPGG%SSYE,1.5e-02,2,2,1.5e-06,1.0e+00,5.3e-02,1.0e+00,1.0e-03,2.9e-02,global-SPGG%SSYE,CASSPGGvsSYEQYF,CASSPGGVSSYEQYF,TRBV5-1,TRBJ2-7,CAVSRAGTALIF,Donor AJD3280:PB TCRab CD4 Naive/TCM,1.000000,-,-,-,-,-,-,-,-,-,-,-

837,SLG%ET,1.5e-02,3,3,1.1e-06,1.0e+00,1.8e-01,1.0e+00,1.0e-03,6.2e-03,global-SLG%ET,CASSLgQETQYF,CASSLGQETQYF,TRBV11-2,TRBJ2-5,CAATHNYQLIW,Donor AJKQ118:L TCRab CD4 Naive/TCM,1.000000,-,-,-,-,-,-,-,-,-,-,-
837,SLG%ET,1.5e-02,3,3,1.1e-06,1.0e+00,1.8e-01,1.0e+00,1.0e-03,6.2e-03,global-SLG%ET,CASSLGLETQYF,CASSLGLETQYF,TRBV11-3,TRBJ2-5,CAILKAAGNKLTF,Donor AJD3280:LP TCRab CD4 TRM,1.000000,-,-,-,-,-,-,-,-,-,-,-
837,SLG%ET,1.5e-02,3,3,1.1e-06,1.0e+00,1.8e-01,1.0e+00,1.0e-03,6.2e-03,global-SLG%ET,CASSLgkETQYF,CASSLGKETQYF,TRBV7-2,TRBJ2-5,CAMRDIISNFGNEKLTF,Donor AJG2309:IEL TCRab CD4 TRM,1.000000,-,-,-,-,-,-,-,-,-,-,-

838,S%NRET,1.5e-02,2,2,5.2e-08,1.0e+00,5.6e-02,3.2e-02,1.0e-03,2.9e-02,global-S%NRET,CASSSnrETQYF,CASSSNRETQYF,TRBV18,TRBJ2-5,CAMREATDGDGQKLLF,Donor AJKQ118:LP TCRab CD4 TRM,3.000000,-,-,-,-,-,-,-,-,-,-,-
838,S%NRET,1.5e-02,2,2,5.2e-08,1.0e+00,5.6e-02,3.2e-02,1.0e-03,2.9e-02,global-S%NRET,CASSLnrETQYF,CASSLNRETQYF,TRBV14,TRBJ2-5,CALEYGNKLVF,Donor AJD3280:LP TCRab CD4 Poised TCM,1.000000,-,-,-,-,-,-,-,-,-,-,-

839,SP%IQET,1.5e-02,2,2,1.8e-06,1.0e+00,6.2e-02,1.0e+00,1.0e-03,2.9e-02,global-SP%IQET,CASSPgiQETQYF,CASSPGIQETQYF,TRBV11-3,TRBJ2-5,CARNNNARLMF,Donor AJD3280:LP TCRab CD4 TRM,1.000000,-,-,-,-,-,-,-,-,-,-,-
839,SP%IQET,1.5e-02,2,2,1.8e-06,1.0e+00,6.2e-02,1.0e+00,1.0e-03,2.9e-02,global-SP%IQET,CASSPtiQETQYF,CASSPTIQETQYF,TRBV18,TRBJ2-5,CLLGRNNDMRF,Donor AJKQ118:PB TCRab CD4 Naive/TCM,1.000000,-,-,-,-,-,-,-,-,-,-,-

840,SRG%AGE,1.5e-02,2,2,2.0e-06,1.0e+00,6.9e-02,1.0e+00,1.0e-03,2.9e-02,global-SRG%AGE,CASSRgwAGEQFF,CASSRGWAGEQFF,TRBV7-9,TRBJ2-1,CAGFAQGGSEKLVF,Donor AJKQ118:PB TCRab CD4 Naive/TCM,1.000000,-,-,-,-,-,-,-,-,-,-,-
840,SRG%AGE,1.5e-02,2,2,2.0e-06,1.0e+00,6.9e-02,1.0e+00,1.0e-03,2.9e-02,global-SRG%AGE,CASSRgsaGELFF,CASSRGSAGELFF,TRBV12-4,TRBJ2-2,CALGYSGGGADGLTF,Donor AJD3280:PB TCRab CD4 FOXP3+ Treg,1.000000,-,-,-,-,-,-,-,-,-,-,-

841,SYG%QET,1.5e-02,1,2,2.3e-06,1.0e+00,7.8e-02,1.0e+00,1.0e-03,2.9e-02,global-SYG%QET,CASSYgvQETQYF,CASSYGVQETQYF,TRBV6-6,TRBJ2-5,CAVRDGRNARLMF,Donor AJD3280:IEL TCRab CD4 FOXP3+ Treg,1.000000,-,-,-,-,-,-,-,-,-,-,-
841,SYG%QET,1.5e-02,1,2,2.3e-06,1.0e+00,7.8e-02,1.0e+00,1.0e-03,2.9e-02,global-SYG%QET,CASSYghQETQYF,CASSYGHQETQYF,TRBV12-3,TRBJ2-5,CAIYGGATNKLIF,Donor AJD3280:LP TCRab CD4 Poised TCM,1.000000,-,-,-,-,-,-,-,-,-,-,-

842,SSGQ%NSP,1.5e-02,2,2,2.1e-06,1.0e+00,7.2e-02,1.0e+00,1.0e-03,2.9e-02,global-SSGQ%NSP,CASSSGQtNSPLHF,CASSSGQTNSPLHF,TRBV5-4,TRBJ1-6,CAVTGGAGGYNKLIF,Donor AJD3280:IEL TCRab CD4 Mobile TRM,1.000000,-,-,-,-,-,-,-,-,-,-,-
842,SSGQ%NSP,1.5e-02,2,2,2.1e-06,1.0e+00,7.2e-02,1.0e+00,1.0e-03,2.9e-02,global-SSGQ%NSP,CASSSGQnNSPLHF,CASSSGQNNSPLHF,TRBV5-1,TRBJ1-6,CAYRSETASNYKLTF,Donor AJKQ118:PB TCRab CD4 Naive/TCM,1.000000,-,-,-,-,-,-,-,-,-,-,-

843,SLAS%TDT,1.5e-02,2,2,3.2e-09,1.0e+00,1.0e-03,1.1e-01,1.0e-03,2.9e-02,global-SLAS%TDT,CASSLasnTDTQYF,CASSLASNTDTQYF,TRBV7-9,TRBJ2-3,CIVRVGGTSYGKLTF,Donor AJKQ118:PB TCRab CD4 FOXP3+ Treg,2.000000,-,-,-,-,-,-,-,-,-,-,-
843,SLAS%TDT,1.5e-02,2,2,3.2e-09,1.0e+00,1.0e-03,1.1e-01,1.0e-03,2.9e-02,global-SLAS%TDT,CASSLasdTDTQYF,CASSLASDTDTQYF,TRBV7-9,TRBJ2-3,CAFMNYGGSNYKLTF,Donor AJD3280:IEL TCRab CD4 TRM,1.000000,-,-,-,-,-,-,-,-,-,-,-

844,%LYTE,1.5e-02,1,2,2.2e-07,1.0e+00,7.9e-02,9.7e-02,1.0e-03,2.9e-02,global-%LYTE,CASTLyTEAFF,CASTLYTEAFF,TRBV6-6,TRBJ1-1,CAFMKHDSGGGADGLTF,Donor AJD3280:LP TCRab CD4 TRM,2.000000,-,-,-,-,-,-,-,-,-,-,-
844,%LYTE,1.5e-02,1,2,2.2e-07,1.0e+00,7.9e-02,9.7e-02,1.0e-03,2.9e-02,global-%LYTE,CASmlyTEAFF,CASMLYTEAFF,TRBV6-2,TRBJ1-1,CAASADSGYALNF,Donor AJD3280:LP TCRab CD4 Poised TCM,1.000000,-,-,-,-,-,-,-,-,-,-,-

845,S%RGGDE,1.5e-02,2,2,2.9e-09,1.0e+00,7.0e-03,1.4e-02,1.0e-03,2.9e-02,global-S%RGGDE,CASSLRGgdEQYF,CASSLRGGDEQYF,TRBV7-2,TRBJ2-7,CAASTGAGSYQLTF,Donor AJG2309:LP TCRab CD4 Mobile TRM,1.000000,-,-,-,-,-,-,-,-,-,-,-
845,S%RGGDE,1.5e-02,2,2,2.9e-09,1.0e+00,7.0e-03,1.4e-02,1.0e-03,2.9e-02,global-S%RGGDE,CASSgRGgdEQYF,CASSGRGGDEQYF,TRBV3-1,TRBJ2-7,CATDRGGGNKLTF,Donor AJKQ118:L TCRab CD4 TRM,5.000000,-,-,-,-,-,-,-,-,-,-,-
845,S%RGGDE,1.5e-02,2,2,2.9e-09,1.0e+00,7.0e-03,1.4e-02,1.0e-03,2.9e-02,global-S%RGGDE,CASSgRGgdEQYF,CASSGRGGDEQYF,TRBV3-1,TRBJ2-7,CATDRGGGNKLTF,Donor AJKQ118:LP TCRab CD4 TRM,2.000000,-,-,-,-,-,-,-,-,-,-,-

846,SL%GATE,1.5e-02,1,2,2.6e-06,1.0e+00,9.1e-02,1.0e+00,1.0e-03,2.9e-02,global-SL%GATE,CASSLGGaTEAFF,CASSLGGATEAFF,TRBV7-8,TRBJ1-1,CVVSATGGYNKLIF,Donor AJD3280:L TCRab CD4 TRM,1.000000,-,-,-,-,-,-,-,-,-,-,-
846,SL%GATE,1.5e-02,1,2,2.6e-06,1.0e+00,9.1e-02,1.0e+00,1.0e-03,2.9e-02,global-SL%GATE,CASSLQGaTEAFF,CASSLQGATEAFF,TRBV5-6,TRBJ1-1,CAVSWGGATNKLIF,Donor AJD3280:IEL TCRab CD4 TRM,1.000000,-,-,-,-,-,-,-,-,-,-,-
846,SL%GATE,1.5e-02,1,2,2.6e-06,1.0e+00,9.1e-02,1.0e+00,1.0e-03,2.9e-02,global-SL%GATE,CASSLQGaTEAFF,CASSLQGATEAFF,TRBV5-6,TRBJ1-1,CAVSWGGATNKLIF,Donor AJD3280:LP TCRab CD4 Tph,1.000000,-,-,-,-,-,-,-,-,-,-,-

847,SEG%DYG,1.5e-02,2,2,2.9e-08,1.0e+00,1.0e-03,1.0e+00,1.0e-03,2.9e-02,global-SEG%DYG,CASSEgedYGYTF,CASSEGEDYGYTF,TRBV18,TRBJ1-2,CALRGGATNKLIF,Donor AJG2309:PB TCRab CD4 Naive/TCM,1.000000,-,-,-,-,-,-,-,-,-,-,-
847,SEG%DYG,1.5e-02,2,2,2.9e-08,1.0e+00,1.0e-03,1.0e+00,1.0e-03,2.9e-02,global-SEG%DYG,CATSeGQdYGYTF,CATSEGQDYGYTF,TRBV18,TRBJ1-2,CAAVPSGGYNKLIF,Donor AJD3280:LP TCRab CD4 TRM,1.000000,-,-,-,-,-,-,-,-,-,-,-

848,RA%MNTE,1.5e-02,2,2,2.0e-06,1.0e+00,6.9e-02,1.0e+00,1.0e-03,2.9e-02,global-RA%MNTE,CASravmNTEAFF,CASRAVMNTEAFF,TRBV12-3,TRBJ1-1,CVVMGGRTTDSWGKLQF,Donor AJG2309:LP TCRab CD4 Poised TCM,1.000000,-,-,-,-,-,-,-,-,-,-,-
848,RA%MNTE,1.5e-02,2,2,2.0e-06,1.0e+00,6.9e-02,1.0e+00,1.0e-03,2.9e-02,global-RA%MNTE,CATrAGmNTEAFF,CATRAGMNTEAFF,TRBV15,TRBJ1-1,CAMRALNAGNMLTF,Donor AJD3280:L TCRab CD4 TCM,1.000000,-,-,-,-,-,-,-,-,-,-,-

849,SLR%GGTE,1.5e-02,1,2,5.6e-07,1.0e+00,1.2e-01,1.6e-01,1.0e-03,2.9e-02,global-SLR%GGTE,CASSLrRGgTEAFF,CASSLRRGGTEAFF,TRBV7-6,TRBJ1-1,CAVRDSNYQLIW,Donor AJD3280:LP TCRab CD4 TRM,1.000000,-,-,-,-,-,-,-,-,-,-,-
849,SLR%GGTE,1.5e-02,1,2,5.6e-07,1.0e+00,1.2e-01,1.6e-01,1.0e-03,2.9e-02,global-SLR%GGTE,CASSLrRGgTEAFF,CASSLRRGGTEAFF,TRBV7-6,TRBJ1-1,CGADMNSGGSNYKLTF,Donor AJD3280:LP TCRab CD4 TRM,2.000000,-,-,-,-,-,-,-,-,-,-,-
849,SLR%GGTE,1.5e-02,1,2,5.6e-07,1.0e+00,1.2e-01,1.6e-01,1.0e-03,2.9e-02,global-SLR%GGTE,CASSLrTGGTEAFF,CASSLRTGGTEAFF,TRBV12-3,TRBJ1-1,CAANFPGNQFYF,Donor AJD3280:LP TCRab CD4 Poised TCM,1.000000,-,-,-,-,-,-,-,-,-,-,-

850,SLTG%,1.5e-02,2,2,1.8e-06,1.0e+00,6.3e-02,1.0e+00,1.0e-03,2.9e-02,global-SLTG%,CASSLTGPQHF,CASSLTGPQHF,TRBV7-2,TRBJ1-5,CAVAPDTGRRALTF,Donor AJD3280:PB TCRab CD4 Naive/TCM,1.000000,-,-,-,-,-,-,-,-,-,-,-
850,SLTG%,1.5e-02,2,2,1.8e-06,1.0e+00,6.3e-02,1.0e+00,1.0e-03,2.9e-02,global-SLTG%,CASSLTGELFF,CASSLTGELFF,TRBV5-1,TRBJ2-2,CALFYSGNTPLVF,Donor AJKQ118:PB TCRab CD4 Naive/TCM,1.000000,-,-,-,-,-,-,-,-,-,-,-

851,SL%TGGNQP,1.5e-02,2,2,2.0e-06,1.0e+00,6.7e-02,1.0e+00,1.0e-03,2.9e-02,global-SL%TGGNQP,CASSLtTGGNQPQHF,CASSLTTGGNQPQHF,TRBV7-2,TRBJ1-5,CAASRRLGTYKYIF,Donor AJD3280:PB TCRab CD4 Naive/TCM,1.000000,-,-,-,-,-,-,-,-,-,-,-
851,SL%TGGNQP,1.5e-02,2,2,2.0e-06,1.0e+00,6.7e-02,1.0e+00,1.0e-03,2.9e-02,global-SL%TGGNQP,CASSLsTGGNQPQHF,CASSLSTGGNQPQHF,TRBV27,TRBJ1-5,CAEGDDYKLSF,Donor AJG2309:LP TCRab CD4 TRM,1.000000,-,-,-,-,-,-,-,-,-,-,-

852,SL%PGMNTE,1.5e-02,2,2,1.5e-06,1.0e+00,5.1e-02,1.0e+00,1.0e-03,2.9e-02,global-SL%PGMNTE,CASSLvpgmNTEAFF,CASSLVPGMNTEAFF,TRBV5-1,TRBJ1-1,CAYRRVRNSGNTPLVF,Donor AJKQ118:LP TCRab CD4 Poised TCM,1.000000,-,-,-,-,-,-,-,-,-,-,-
852,SL%PGMNTE,1.5e-02,2,2,1.5e-06,1.0e+00,5.1e-02,1.0e+00,1.0e-03,2.9e-02,global-SL%PGMNTE,CASSLspgmNTEAFF,CASSLSPGMNTEAFF,TRBV27,TRBJ1-1,CAMSVMDTGRRALTF,Donor AJG2309:LP TCRab CD4 TRM,1.000000,-,-,-,-,-,-,-,-,-,-,-

853,SL%SVSGNT,1.5e-02,2,2,1.6e-06,1.0e+00,5.6e-02,1.0e+00,1.0e-03,2.9e-02,global-SL%SVSGNT,CASSLdsvSGNTIYF,CASSLDSVSGNTIYF,TRBV5-1,TRBJ1-3,CALIDTSGSRLTF,Donor AJG2309:PB TCRab CD4 Naive/TCM,1.000000,-,-,-,-,-,-,-,-,-,-,-
853,SL%SVSGNT,1.5e-02,2,2,1.6e-06,1.0e+00,5.6e-02,1.0e+00,1.0e-03,2.9e-02,global-SL%SVSGNT,CASSLgsvSGNTIYF,CASSLGSVSGNTIYF,TRBV28,TRBJ1-3,CVVKGGFGNVLHC,Donor AJD3280:L TCRab CD4 TCM,1.000000,-,-,-,-,-,-,-,-,-,-,-

854,G%GRET,1.5e-02,1,2,2.2e-06,1.0e+00,7.7e-02,1.0e+00,1.0e-03,2.9e-02,global-G%GRET,CSAGTGrETQYF,CSAGTGRETQYF,TRBV20-1,TRBJ2-5,CAVTAWKSGGYQKVTF,Donor AJD3280:LP TCRab CD4 TRM,1.000000,-,-,-,-,-,-,-,-,-,-,-
854,G%GRET,1.5e-02,1,2,2.2e-06,1.0e+00,7.7e-02,1.0e+00,1.0e-03,2.9e-02,global-G%GRET,CASGSGRETQYF,CASGSGRETQYF,TRBV6-6,TRBJ2-5,CAASYTGTASKLTF,Donor AJD3280:LP TCRab CD4 TRM,1.000000,-,-,-,-,-,-,-,-,-,-,-

855,SLT%GTE,1.5e-02,1,2,2.0e-06,1.0e+00,6.8e-02,1.0e+00,1.0e-03,2.9e-02,global-SLT%GTE,CASSLTGGTEAFF,CASSLTGGTEAFF,TRBV6-1,TRBJ1-1,CAVRGNFNKFYF,Donor AJKQ118:PB TCRab CD4 Naive/TCM,1.000000,-,-,-,-,-,-,-,-,-,-,-
855,SLT%GTE,1.5e-02,1,2,2.0e-06,1.0e+00,6.8e-02,1.0e+00,1.0e-03,2.9e-02,global-SLT%GTE,CASSLtRGTEAFF,CASSLTRGTEAFF,TRBV7-2,TRBJ1-1,CAVSRYSSASKIIF,Donor AJKQ118:PB TCRab CD4 Naive/TCM,1.000000,-,-,-,-,-,-,-,-,-,-,-

856,SYGG%YE,1.5e-02,1,2,1.6e-06,1.0e+00,5.6e-02,1.0e+00,1.0e-03,2.9e-02,global-SYGG%YE,CASSYGGpYEQYF,CASSYGGPYEQYF,TRBV6-2,TRBJ2-7,CAESNSSYKLIF,Donor AJG2309:LP TCRab CD4 TRM,1.000000,-,-,-,-,-,-,-,-,-,-,-
856,SYGG%YE,1.5e-02,1,2,1.6e-06,1.0e+00,5.6e-02,1.0e+00,1.0e-03,2.9e-02,global-SYGG%YE,CAISyGGSYEQYF,CAISYGGSYEQYF,TRBV10-3,TRBJ2-7,CAIAPGNTGKLIF,Donor AJG2309:LP TCRab CD4 FOXP3+ Treg,1.000000,-,-,-,-,-,-,-,-,-,-,-

857,SRG%TNEK,1.5e-02,1,2,3.2e-10,1.0e+00,1.0e-03,1.1e-02,1.0e-03,2.9e-02,global-SRG%TNEK,CASSRgaTNEKLFF,CASSRGATNEKLFF,TRBV6-5,TRBJ1-4,CALSDSGGGFKTIF,Donor AJD3280:IEL TCRab CD4 TRM,5.000000,-,-,-,-,-,-,-,-,-,-,-
857,SRG%TNEK,1.5e-02,1,2,3.2e-10,1.0e+00,1.0e-03,1.1e-02,1.0e-03,2.9e-02,global-SRG%TNEK,CASSRgwTNEKLFF,CASSRGWTNEKLFF,TRBV6-5,TRBJ1-4,CALAGAAAGNKLTF,Donor AJD3280:L TCRab CD4 TRM,1.000000,-,-,-,-,-,-,-,-,-,-,-

858,SLVGG%ET,1.5e-02,1,2,2.0e-06,1.0e+00,6.9e-02,1.0e+00,1.0e-03,2.9e-02,global-SLVGG%ET,CASSLvGGQETQYF,CASSLVGGQETQYF,TRBV7-2,TRBJ2-5,CAASKAGNTGKLIF,Donor AJKQ118:PB TCRab CD4 Naive/TCM,1.000000,-,-,-,-,-,-,-,-,-,-,-
858,SLVGG%ET,1.5e-02,1,2,2.0e-06,1.0e+00,6.9e-02,1.0e+00,1.0e-03,2.9e-02,global-SLVGG%ET,CASSLvGGaETQYF,CASSLVGGAETQYF,TRBV11-2,TRBJ2-5,CAYRRVLDSSYKLIF,Donor AJKQ118:PB TCRab CD4 Naive/TCM,1.000000,-,-,-,-,-,-,-,-,-,-,-

859,SP%TSGTDT,1.5e-02,2,2,1.8e-06,1.0e+00,6.3e-02,1.0e+00,1.0e-03,2.9e-02,global-SP%TSGTDT,CASSPwTSGTDTQYF,CASSPWTSGTDTQYF,TRBV5-1,TRBJ2-3,CVSYNQGGKLIF,Donor AJD3280:LP TCRab CD4 Poised TCM,1.000000,-,-,-,-,-,-,-,-,-,-,-
859,SP%TSGTDT,1.5e-02,2,2,1.8e-06,1.0e+00,6.3e-02,1.0e+00,1.0e-03,2.9e-02,global-SP%TSGTDT,CASSPaTSGTDTQYF,CASSPATSGTDTQYF,TRBV12-3,TRBJ2-3,CAATPGGYQKVTF,Donor AJG2309:PB TCRab CD4 Naive/TCM,1.000000,-,-,-,-,-,-,-,-,-,-,-

860,SLQG%GNTE,1.5e-02,2,2,1.5e-06,1.0e+00,5.3e-02,1.0e+00,1.0e-03,2.9e-02,global-SLQG%GNTE,CASSLqGQGNTEAFF,CASSLQGQGNTEAFF,TRBV7-8,TRBJ1-1,CATAPGGYQKVTF,Donor AJD3280:LP TCRab CD4 TRM,1.000000,-,-,-,-,-,-,-,-,-,-,-
860,SLQG%GNTE,1.5e-02,2,2,1.5e-06,1.0e+00,5.3e-02,1.0e+00,1.0e-03,2.9e-02,global-SLQG%GNTE,CASSLQGagNTEAFF,CASSLQGAGNTEAFF,TRBV5-1,TRBJ1-1,CASQSSGGYQKVTF,Donor AJKQ118:PB TCRab CD4 Naive/TCM,1.000000,-,-,-,-,-,-,-,-,-,-,-

861,SWG%NTE,1.5e-02,2,2,2.2e-06,1.0e+00,7.7e-02,1.0e+00,1.0e-03,2.9e-02,global-SWG%NTE,CASSwGRNTEAFF,CASSWGRNTEAFF,TRBV12-4,TRBJ1-1,CALSGFNAGGTSYGKLTF,Donor AJD3280:PB TCRab CD4 Naive/TCM,1.000000,-,-,-,-,-,-,-,-,-,-,-
861,SWG%NTE,1.5e-02,2,2,2.2e-06,1.0e+00,7.7e-02,1.0e+00,1.0e-03,2.9e-02,global-SWG%NTE,CASSwGGNTEAFF,CASSWGGNTEAFF,TRBV5-1,TRBJ1-1,CLHYGGATNKLIF,Donor AJKQ118:PB TCRab CD4 FOXP3+ Treg,1.000000,-,-,-,-,-,-,-,-,-,-,-

862,SSTSG%YNE,1.5e-02,2,2,2.9e-08,1.0e+00,1.0e-03,1.0e+00,1.0e-03,2.9e-02,global-SSTSG%YNE,CASSSTSGvYNEQFF,CASSSTSGVYNEQFF,TRBV7-2,TRBJ2-1,CAEKNAGNNRKLIW,Donor AJD3280:LP TCRab CD4 Mobile TRM,1.000000,-,-,-,-,-,-,-,-,-,-,-
862,SSTSG%YNE,1.5e-02,2,2,2.9e-08,1.0e+00,1.0e-03,1.0e+00,1.0e-03,2.9e-02,global-SSTSG%YNE,CASSSTSGaYNEQFF,CASSSTSGAYNEQFF,TRBV7-2,TRBJ2-1,CAMRERKSTSYGKLTF,Donor AJKQ118:LP TCRab CD4 Mobile TRM,1.000000,-,-,-,-,-,-,-,-,-,-,-

863,S%TGGTE,1.6e-02,2,3,2.7e-07,1.0e+00,4.4e-02,1.0e+00,1.0e-03,6.2e-03,global-S%TGGTE,CASSfTGGTEAFF,CASSFTGGTEAFF,TRBV27,TRBJ1-1,CAVTTDSWGKLQF,Donor AJD3280:PB TCRab CD4 Naive/TCM,1.000000,-,-,-,-,-,-,-,-,-,-,-
863,S%TGGTE,1.6e-02,2,3,2.7e-07,1.0e+00,4.4e-02,1.0e+00,1.0e-03,6.2e-03,global-S%TGGTE,CASStTGGTEAFF,CASSTTGGTEAFF,TRBV11-1,TRBJ1-1,CAATGNQFYF,Donor AJD3280:IEL TCRab CD4 TRM,1.000000,-,-,-,-,-,-,-,-,-,-,-
863,S%TGGTE,1.6e-02,2,3,2.7e-07,1.0e+00,4.4e-02,1.0e+00,1.0e-03,6.2e-03,global-S%TGGTE,CASStTGGTEAFF,CASSTTGGTEAFF,TRBV11-1,TRBJ1-1,CAATGNQFYF,Donor AJD3280:LP TCRab CD4 TRM,1.000000,-,-,-,-,-,-,-,-,-,-,-
863,S%TGGTE,1.6e-02,2,3,2.7e-07,1.0e+00,4.4e-02,1.0e+00,1.0e-03,6.2e-03,global-S%TGGTE,CASSLTGGTEAFF,CASSLTGGTEAFF,TRBV6-1,TRBJ1-1,CAVRGNFNKFYF,Donor AJKQ118:PB TCRab CD4 Naive/TCM,1.000000,-,-,-,-,-,-,-,-,-,-,-

864,S%GQGSYE,1.6e-02,2,3,1.1e-06,1.0e+00,1.8e-01,1.0e+00,1.0e-03,6.2e-03,global-S%GQGSYE,CASSVGQGSYEQYF,CASSVGQGSYEQYF,TRBV7-9,TRBJ2-7,CALSEAPATDSWGKFQF,Donor AJG2309:LP TCRab CD4 Poised TCM,1.000000,-,-,-,-,-,-,-,-,-,-,-
864,S%GQGSYE,1.6e-02,2,3,1.1e-06,1.0e+00,1.8e-01,1.0e+00,1.0e-03,6.2e-03,global-S%GQGSYE,CSASrGQGSYEQYF,CSASRGQGSYEQYF,TRBV20-1,TRBJ2-7,CVVIRMDSSYKLIF,Donor AJG2309:PB TCRab CD4 Naive/TCM,1.000000,-,-,-,-,-,-,-,-,-,-,-
864,S%GQGSYE,1.6e-02,2,3,1.1e-06,1.0e+00,1.8e-01,1.0e+00,1.0e-03,6.2e-03,global-S%GQGSYE,CASSLGQGSYEQYF,CASSLGQGSYEQYF,TRBV12-4,TRBJ2-7,CAEKGGTSGSRLTF,Donor AJKQ118:L TCRab CD4 TRM,1.000000,-,-,-,-,-,-,-,-,-,-,-

865,SP%SYE,1.6e-02,2,3,7.4e-07,1.0e+00,1.2e-01,1.0e+00,1.0e-03,6.2e-03,global-SP%SYE,CASSPsSYEQYF,CASSPSSYEQYF,TRBV3-1,TRBJ2-7,CAVISKVYGSARQLTF,Donor AJD3280:PB TCRab CD4 Naive/TCM,1.000000,-,-,-,-,-,-,-,-,-,-,-
865,SP%SYE,1.6e-02,2,3,7.4e-07,1.0e+00,1.2e-01,1.0e+00,1.0e-03,6.2e-03,global-SP%SYE,CASSPdSYEQYF,CASSPDSYEQYF,TRBV18,TRBJ2-7,CAATKTSYDKVIF,Donor AJKQ118:PB TCRab CD4 Naive/TCM,1.000000,-,-,-,-,-,-,-,-,-,-,-
865,SP%SYE,1.6e-02,2,3,7.4e-07,1.0e+00,1.2e-01,1.0e+00,1.0e-03,6.2e-03,global-SP%SYE,CASSPgSYEQYF,CASSPGSYEQYF,TRBV18,TRBJ2-7,CAMRPSGTYKYIF,Donor AJD3280:LP TCRab CD4 FOXP3+ Treg,1.000000,-,-,-,-,-,-,-,-,-,-,-

866,R%YNE,1.6e-02,3,4,6.1e-08,1.0e+00,2.6e-02,1.0e+00,1.0e-03,2.3e-03,global-R%YNE,CASrlYNEQFF,CASRLYNEQFF,TRBV2,TRBJ2-1,CAAKGQDTGRRALTF,Donor AJG2309:LP TCRab CD4 Poised TCM,1.000000,-,-,-,-,-,-,-,-,-,-,-
866,R%YNE,1.6e-02,3,4,6.1e-08,1.0e+00,2.6e-02,1.0e+00,1.0e-03,2.3e-03,global-R%YNE,CASrlYNEQFF,CASRLYNEQFF,TRBV27,TRBJ2-1,CAMRGGGYNKLIF,Donor AJKQ118:L TCRab CD4 Naive/TCM,1.000000,-,-,-,-,-,-,-,-,-,-,-
866,R%YNE,1.6e-02,3,4,6.1e-08,1.0e+00,2.6e-02,1.0e+00,1.0e-03,2.3e-03,global-R%YNE,CASrqYNEQFF,CASRQYNEQFF,TRBV27,TRBJ2-1,CVLPRGSGNTGKLIF,Donor AJKQ118:PB TCRab CD4 Naive/TCM,1.000000,-,-,-,-,-,-,-,-,-,-,-
866,R%YNE,1.6e-02,3,4,6.1e-08,1.0e+00,2.6e-02,1.0e+00,1.0e-03,2.3e-03,global-R%YNE,CASRGYNEQFF,CASRGYNEQFF,TRBV19,TRBJ2-1,CIVRVDGGETSGSRLTF,Donor AJD3280:L TCRab CD4 TRM,1.000000,-,-,-,-,-,-,-,-,-,-,-
866,R%YNE,1.6e-02,3,4,6.1e-08,1.0e+00,2.6e-02,1.0e+00,1.0e-03,2.3e-03,global-R%YNE,CASraYNEQFF,CASRAYNEQFF,TRBV19,TRBJ2-1,CIVRVEETSGSRLTF,Donor AJD3280:LP TCRab CD4 TRM,1.000000,-,-,-,-,-,-,-,-,-,-,-

867,S%PGDT,1.7e-02,2,2,1.9e-06,1.0e+00,6.5e-02,1.0e+00,1.0e-03,2.9e-02,global-S%PGDT,CASSPpgDTQYF,CASSPPGDTQYF,TRBV19,TRBJ2-3,CVVNTGFQKLVF,Donor AJD3280:LP TCRab CD4 TRM,1.000000,-,-,-,-,-,-,-,-,-,-,-
867,S%PGDT,1.7e-02,2,2,1.9e-06,1.0e+00,6.5e-02,1.0e+00,1.0e-03,2.9e-02,global-S%PGDT,CASSEpgDTQYF,CASSEPGDTQYF,TRBV6-2,TRBJ2-3,CIVRAAFSDGQKLLF,Donor AJG2309:PB TCRab CD4 Naive/TCM,1.000000,-,-,-,-,-,-,-,-,-,-,-

868,SL%VDT,1.7e-02,2,2,2.0e-06,1.0e+00,6.9e-02,1.0e+00,1.0e-03,2.9e-02,global-SL%VDT,CASSLevDTQYF,CASSLEVDTQYF,TRBV5-5,TRBJ2-3,CASRGGATNKLIF,Donor AJKQ118:PB TCRab CD4 Naive/TCM,1.000000,-,-,-,-,-,-,-,-,-,-,-
868,SL%VDT,1.7e-02,2,2,2.0e-06,1.0e+00,6.9e-02,1.0e+00,1.0e-03,2.9e-02,global-SL%VDT,CASSLlvDTQYF,CASSLLVDTQYF,TRBV12-3,TRBJ2-3,CAVVTSGTYKYIF,Donor AJD3280:L TCRab CD4 TRM,1.000000,-,-,-,-,-,-,-,-,-,-,-

869,S%GRYNE,1.7e-02,2,2,2.0e-06,1.0e+00,6.8e-02,1.0e+00,1.0e-03,2.9e-02,global-S%GRYNE,CASSLGRYNEQFF,CASSLGRYNEQFF,TRBV7-7,TRBJ2-1,CAASVSGAGKSTF,Donor AJKQ118:PB TCRab CD4 Naive/TCM,1.000000,-,-,-,-,-,-,-,-,-,-,-
869,S%GRYNE,1.7e-02,2,2,2.0e-06,1.0e+00,6.8e-02,1.0e+00,1.0e-03,2.9e-02,global-S%GRYNE,CASSYGRYNEQFF,CASSYGRYNEQFF,TRBV7-2,TRBJ2-1,CAANSGGGADGLTF,Donor AJD3280:PB TCRab CD4 Naive/TCM,1.000000,-,-,-,-,-,-,-,-,-,-,-

870,SGQG%ET,1.7e-02,2,2,1.9e-08,1.0e+00,4.0e-03,1.6e-01,1.0e-03,2.9e-02,global-SGQG%ET,CSlsGQGsETQYF,CSLSGQGSETQYF,TRBV20-1,TRBJ2-5,CAFMPHGAGGTSYGKLTF,Donor AJG2309:LP TCRab CD4 Mobile TRM,1.000000,-,-,-,-,-,-,-,-,-,-,-
870,SGQG%ET,1.7e-02,2,2,1.9e-08,1.0e+00,4.0e-03,1.6e-01,1.0e-03,2.9e-02,global-SGQG%ET,CSlsGQGsETQYF,CSLSGQGSETQYF,TRBV20-1,TRBJ2-5,CVVSGEGVLTGGGNKLTF,Donor AJG2309:LP TCRab CD4 TRM,2.000000,-,-,-,-,-,-,-,-,-,-,-
870,SGQG%ET,1.7e-02,2,2,1.9e-08,1.0e+00,4.0e-03,1.6e-01,1.0e-03,2.9e-02,global-SGQG%ET,CAWSGQGkETQYF,CAWSGQGKETQYF,TRBV30,TRBJ2-5,CAVANTGFQKLVF,Donor AJD3280:IEL TCRab CD4 Mobile TRM,1.000000,-,-,-,-,-,-,-,-,-,-,-

871,SLQGA%E,1.7e-02,1,2,2.6e-07,1.0e+00,9.0e-03,1.0e+00,1.0e-03,2.9e-02,global-SLQGA%E,CASSLQGagEQFF,CASSLQGAGEQFF,TRBV12-3,TRBJ2-1,CAETSGNTPLVF,Donor AJD3280:PB TCRab CD4 Naive/TCM,1.000000,-,-,-,-,-,-,-,-,-,-,-
871,SLQGA%E,1.7e-02,1,2,2.6e-07,1.0e+00,9.0e-03,1.0e+00,1.0e-03,2.9e-02,global-SLQGA%E,CASSLQGaTEAFF,CASSLQGATEAFF,TRBV5-6,TRBJ1-1,CAVSWGGATNKLIF,Donor AJD3280:IEL TCRab CD4 TRM,1.000000,-,-,-,-,-,-,-,-,-,-,-
871,SLQGA%E,1.7e-02,1,2,2.6e-07,1.0e+00,9.0e-03,1.0e+00,1.0e-03,2.9e-02,global-SLQGA%E,CASSLQGaTEAFF,CASSLQGATEAFF,TRBV5-6,TRBJ1-1,CAVSWGGATNKLIF,Donor AJD3280:LP TCRab CD4 Tph,1.000000,-,-,-,-,-,-,-,-,-,-,-

872,S%GTANQP,1.7e-02,2,2,2.0e-06,1.0e+00,6.7e-02,1.0e+00,1.0e-03,2.9e-02,global-S%GTANQP,CASSLGTaNQPQHF,CASSLGTANQPQHF,TRBV7-9,TRBJ1-5,CAVGRSNDYKLSF,Donor AJG2309:PB TCRab CD4 Naive/TCM,1.000000,-,-,-,-,-,-,-,-,-,-,-
872,S%GTANQP,1.7e-02,2,2,2.0e-06,1.0e+00,6.7e-02,1.0e+00,1.0e-03,2.9e-02,global-S%GTANQP,CASSaGTaNQPQHF,CASSAGTANQPQHF,TRBV12-4,TRBJ1-5,CVVNMDSGYALNF,Donor AJD3280:LP TCRab CD4 TRM,1.000000,-,-,-,-,-,-,-,-,-,-,-

873,SR%LNTGE,1.7e-02,2,2,2.1e-06,1.0e+00,7.1e-02,1.0e+00,1.0e-03,2.9e-02,global-SR%LNTGE,CATSRelNTGELFF,CATSRELNTGELFF,TRBV15,TRBJ2-2,CAENFANAGGTSYGKLTF,Donor AJD3280:PB TCRab CD4 Naive/TCM,1.000000,-,-,-,-,-,-,-,-,-,-,-
873,SR%LNTGE,1.7e-02,2,2,2.1e-06,1.0e+00,7.1e-02,1.0e+00,1.0e-03,2.9e-02,global-SR%LNTGE,CSASRGlNTGELFF,CSASRGLNTGELFF,TRBV20-1,TRBJ2-2,CAGHYGGSQGNLIF,Donor AJG2309:LP TCRab CD4 Mobile TRM,1.000000,-,-,-,-,-,-,-,-,-,-,-

874,S%GQGYTE,1.7e-02,2,2,1.8e-06,1.0e+00,6.2e-02,1.0e+00,1.0e-03,2.9e-02,global-S%GQGYTE,CASSRGQGyTEAFF,CASSRGQGYTEAFF,TRBV6-5,TRBJ1-1,CALSKGNNARLMF,Donor AJD3280:L TCRab CD4 TRM,1.000000,-,-,-,-,-,-,-,-,-,-,-
874,S%GQGYTE,1.7e-02,2,2,1.8e-06,1.0e+00,6.2e-02,1.0e+00,1.0e-03,2.9e-02,global-S%GQGYTE,CASSPGQGyTEAFF,CASSPGQGYTEAFF,TRBV7-2,TRBJ1-1,CAPDNTDKLIF,Donor AJKQ118:PB TCRab CD4 Naive/TCM,1.000000,-,-,-,-,-,-,-,-,-,-,-

875,SVG%GNQP,1.7e-02,2,2,2.9e-08,1.0e+00,1.0e-03,1.0e+00,1.0e-03,2.9e-02,global-SVG%GNQP,CAWSvgAGNQPQHF,CAWSVGAGNQPQHF,TRBV30,TRBJ1-5,CAAHPGGSYIPTF,Donor AJG2309:L TCRab CD4 TRM,1.000000,-,-,-,-,-,-,-,-,-,-,-
875,SVG%GNQP,1.7e-02,2,2,2.9e-08,1.0e+00,1.0e-03,1.0e+00,1.0e-03,2.9e-02,global-SVG%GNQP,CAWSvgAGNQPQHF,CAWSVGAGNQPQHF,TRBV30,TRBJ1-5,CAAHPGGSYIPTF,Donor AJG2309:LP TCRab CD4 Naive/TCM,1.000000,-,-,-,-,-,-,-,-,-,-,-
875,SVG%GNQP,1.7e-02,2,2,2.9e-08,1.0e+00,1.0e-03,1.0e+00,1.0e-03,2.9e-02,global-SVG%GNQP,CAWSvgAGNQPQHF,CAWSVGAGNQPQHF,TRBV30,TRBJ1-5,CAAHPGGSYIPTF,Donor AJG2309:PB TCRab CD4 FOXP3+ Treg,1.000000,-,-,-,-,-,-,-,-,-,-,-
875,SVG%GNQP,1.7e-02,2,2,2.9e-08,1.0e+00,1.0e-03,1.0e+00,1.0e-03,2.9e-02,global-SVG%GNQP,CASSVGQGNQPQHF,CASSVGQGNQPQHF,TRBV9,TRBJ1-5,CAVGNSGGSNYKLTF,Donor AJD3280:L TCRab CD4 TRM,1.000000,-,-,-,-,-,-,-,-,-,-,-
875,SVG%GNQP,1.7e-02,2,2,2.9e-08,1.0e+00,1.0e-03,1.0e+00,1.0e-03,2.9e-02,global-SVG%GNQP,CASSVGQGNQPQHF,CASSVGQGNQPQHF,TRBV9,TRBJ1-5,CAVGNSGGSNYKLTF,Donor AJD3280:LP TCRab CD4 TRM,1.000000,-,-,-,-,-,-,-,-,-,-,-

876,SLGTS%DT,1.7e-02,2,2,1.7e-06,1.0e+00,6.0e-02,1.0e+00,1.0e-03,2.9e-02,global-SLGTS%DT,CASSLGTSGDTQYF,CASSLGTSGDTQYF,TRBV7-7,TRBJ2-3,CASGTSYGKLTF,Donor AJG2309:L TCRab CD4 TRM,1.000000,-,-,-,-,-,-,-,-,-,-,-
876,SLGTS%DT,1.7e-02,2,2,1.7e-06,1.0e+00,6.0e-02,1.0e+00,1.0e-03,2.9e-02,global-SLGTS%DT,CASSLGTSrDTQYF,CASSLGTSRDTQYF,TRBV13,TRBJ2-3,CAVEVLTGGGNKLTF,Donor AJD3280:LP TCRab CD4 Poised TCM,1.000000,-,-,-,-,-,-,-,-,-,-,-

877,%AYNE,1.7e-02,2,3,1.1e-06,1.0e+00,1.8e-01,1.0e+00,1.0e-03,6.2e-03,global-%AYNE,CASGaYNEQFF,CASGAYNEQFF,TRBV12-5,TRBJ2-1,CALSGDSNYQLIW,Donor AJD3280:PB TCRab CD4 Naive/TCM,1.000000,-,-,-,-,-,-,-,-,-,-,-
877,%AYNE,1.7e-02,2,3,1.1e-06,1.0e+00,1.8e-01,1.0e+00,1.0e-03,6.2e-03,global-%AYNE,CASSaYNEQFF,CASSAYNEQFF,TRBV5-4,TRBJ2-1,CAFMQSLSGNTGKLIF,Donor AJKQ118:PB TCRab CD4 Naive/TCM,1.000000,-,-,-,-,-,-,-,-,-,-,-
877,%AYNE,1.7e-02,2,3,1.1e-06,1.0e+00,1.8e-01,1.0e+00,1.0e-03,6.2e-03,global-%AYNE,CASraYNEQFF,CASRAYNEQFF,TRBV19,TRBJ2-1,CIVRVEETSGSRLTF,Donor AJD3280:LP TCRab CD4 TRM,1.000000,-,-,-,-,-,-,-,-,-,-,-

878,RSY%E,1.7e-02,2,2,9.2e-08,1.0e+00,1.3e-01,2.4e-02,1.0e-03,2.9e-02,global-RSY%E,CASrsyYEQYF,CASRSYYEQYF,TRBV18,TRBJ2-7,CVVSAGPKKTSYDKVIF,Donor AJKQ118:L TCRab CD4 TRM,3.000000,-,-,-,-,-,-,-,-,-,-,-
878,RSY%E,1.7e-02,2,2,9.2e-08,1.0e+00,1.3e-01,2.4e-02,1.0e-03,2.9e-02,global-RSY%E,CASrsyYEQYF,CASRSYYEQYF,TRBV18,TRBJ2-7,CAASVGGGADGLTF,Donor AJKQ118:L TCRab CD4 TRM,2.000000,-,-,-,-,-,-,-,-,-,-,-
878,RSY%E,1.7e-02,2,2,9.2e-08,1.0e+00,1.3e-01,2.4e-02,1.0e-03,2.9e-02,global-RSY%E,CASrsyTEAFF,CASRSYTEAFF,TRBV5-6,TRBJ1-1,CAVRGSTLGRLYF,Donor AJG2309:LP TCRab CD4 TRM,1.000000,-,-,-,-,-,-,-,-,-,-,-

879,S%ARET,1.7e-02,1,2,2.1e-06,1.0e+00,7.3e-02,1.0e+00,1.0e-03,2.9e-02,global-S%ARET,CASSLarETQYF,CASSLARETQYF,TRBV12-3,TRBJ2-5,CAANSGAGSYQLTF,Donor AJG2309:LP TCRab CD4 Poised TCM,1.000000,-,-,-,-,-,-,-,-,-,-,-
879,S%ARET,1.7e-02,1,2,2.1e-06,1.0e+00,7.3e-02,1.0e+00,1.0e-03,2.9e-02,global-S%ARET,CSASdarETQYF,CSASDARETQYF,TRBV20-1,TRBJ2-5,CAVRGGADGLTF,Donor AJG2309:LP TCRab CD4 Mobile TRM,1.000000,-,-,-,-,-,-,-,-,-,-,-

880,S%AGNE,1.7e-02,1,2,5.6e-07,1.0e+00,1.1e-01,1.8e-01,1.0e-03,2.9e-02,global-S%AGNE,CASSfAGNEQFF,CASSFAGNEQFF,TRBV6-2,TRBJ2-1,CAALSGNTGKLIF,Donor AJKQ118:PB TCRab CD4 Naive/TCM,1.000000,-,-,-,-,-,-,-,-,-,-,-
880,S%AGNE,1.7e-02,1,2,5.6e-07,1.0e+00,1.1e-01,1.8e-01,1.0e-03,2.9e-02,global-S%AGNE,CASSLAGNEQFF,CASSLAGNEQFF,TRBV12-4,TRBJ2-1,CAVRFDSGYALNF,Donor AJKQ118:L TCRab CD4 TRM,2.000000,-,-,-,-,-,-,-,-,-,-,-
880,S%AGNE,1.7e-02,1,2,5.6e-07,1.0e+00,1.1e-01,1.8e-01,1.0e-03,2.9e-02,global-S%AGNE,CASSLAGNEQFF,CASSLAGNEQFF,TRBV12-4,TRBJ2-1,CAVRFDSGYALNF,Donor AJKQ118:LP TCRab CD4 TRM,1.000000,-,-,-,-,-,-,-,-,-,-,-

881,SL%GRTE,1.7e-02,1,2,2.9e-08,1.0e+00,1.0e-03,1.0e+00,1.0e-03,2.9e-02,global-SL%GRTE,CASSLiGRTEAFF,CASSLIGRTEAFF,TRBV7-3,TRBJ1-1,CVVNTNAGKSTF,Donor AJG2309:PB TCRab CD4 Naive/TCM,1.000000,-,-,-,-,-,-,-,-,-,-,-
881,SL%GRTE,1.7e-02,1,2,2.9e-08,1.0e+00,1.0e-03,1.0e+00,1.0e-03,2.9e-02,global-SL%GRTE,CASSLgGRTEAFF,CASSLGGRTEAFF,TRBV7-3,TRBJ1-1,CAGRSGYGGATNKLIF,Donor AJG2309:LP TCRab CD4 TRM,1.000000,-,-,-,-,-,-,-,-,-,-,-

882,SP%PNYG,1.7e-02,1,2,2.3e-06,1.0e+00,7.9e-02,1.0e+00,1.0e-03,2.9e-02,global-SP%PNYG,CASSPgpNYGYTF,CASSPGPNYGYTF,TRBV12-4,TRBJ1-2,CAFRTGRRALTF,Donor AJD3280:LP TCRab CD4 Tph,1.000000,-,-,-,-,-,-,-,-,-,-,-
882,SP%PNYG,1.7e-02,1,2,2.3e-06,1.0e+00,7.9e-02,1.0e+00,1.0e-03,2.9e-02,global-SP%PNYG,CASSPdpNYGYTF,CASSPDPNYGYTF,TRBV6-6,TRBJ1-2,CIVRPMEYGNKLVF,Donor AJD3280:LP TCRab CD4 TRM,1.000000,-,-,-,-,-,-,-,-,-,-,-

883,SYS%QET,1.7e-02,2,2,2.9e-08,1.0e+00,1.0e-03,1.0e+00,1.0e-03,2.9e-02,global-SYS%QET,CASSYspQETQYF,CASSYSPQETQYF,TRBV6-2,TRBJ2-5,CAVRTNSKLTF,Donor AJG2309:PB TCRab CD4 Naive/TCM,1.000000,-,-,-,-,-,-,-,-,-,-,-
883,SYS%QET,1.7e-02,2,2,2.9e-08,1.0e+00,1.0e-03,1.0e+00,1.0e-03,2.9e-02,global-SYS%QET,CASSYsdQETQYF,CASSYSDQETQYF,TRBV6-2,TRBJ2-5,CATGFQKLVF,Donor AJD3280:PB TCRab CD4 Naive/TCM,1.000000,-,-,-,-,-,-,-,-,-,-,-

884,SLGLAGG%ET,1.7e-02,2,2,2.0e-06,1.0e+00,6.8e-02,1.0e+00,1.0e-03,2.9e-02,global-SLGLAGG%ET,CASSLGLAGGhETQYF,CASSLGLAGGHETQYF,TRBV5-1,TRBJ2-5,CALLPGGGADGLTF,Donor AJD3280:LP TCRab CD4 Poised TCM,1.000000,-,-,-,-,-,-,-,-,-,-,-
884,SLGLAGG%ET,1.7e-02,2,2,2.0e-06,1.0e+00,6.8e-02,1.0e+00,1.0e-03,2.9e-02,global-SLGLAGG%ET,CASSLGLAGGgETQYF,CASSLGLAGGGETQYF,TRBV7-2,TRBJ2-5,CALRGFQKLVF,Donor AJG2309:LP TCRab CD4 Naive/TCM,1.000000,-,-,-,-,-,-,-,-,-,-,-

885,SL%DNYG,1.7e-02,2,2,2.0e-06,1.0e+00,6.8e-02,1.0e+00,1.0e-03,2.9e-02,global-SL%DNYG,CASSLtdNYGYTF,CASSLTDNYGYTF,TRBV11-2,TRBJ1-2,CALSGDMRF,Donor AJD3280:PB TCRab CD4 Naive/TCM,1.000000,-,-,-,-,-,-,-,-,-,-,-
885,SL%DNYG,1.7e-02,2,2,2.0e-06,1.0e+00,6.8e-02,1.0e+00,1.0e-03,2.9e-02,global-SL%DNYG,CASSLrdNYGYTF,CASSLRDNYGYTF,TRBV19,TRBJ1-2,CAVRERGNARLMF,Donor AJKQ118:PB TCRab CD4 Naive/TCM,1.000000,-,-,-,-,-,-,-,-,-,-,-

886,SRDRD%,1.7e-02,2,2,2.4e-06,1.0e+00,8.3e-02,1.0e+00,1.0e-03,2.9e-02,global-SRDRD%,CASSRDRdrtYF,CASSRDRDRTYF,TRBV7-2,TRBJ2-7,CAMREVYSGGGADGLTF,Donor AJD3280:PB TCRab CD4 Naive/TCM,1.000000,-,-,-,-,-,-,-,-,-,-,-
886,SRDRD%,1.7e-02,2,2,2.4e-06,1.0e+00,8.3e-02,1.0e+00,1.0e-03,2.9e-02,global-SRDRD%,CASSRDRDTQYF,CASSRDRDTQYF,TRBV18,TRBJ2-3,CAGLTGGTSYGKLTF,Donor AJG2309:PB TCRab CD4 Naive/TCM,1.000000,-,-,-,-,-,-,-,-,-,-,-

887,SLE%SGANV,1.7e-02,2,2,1.8e-06,1.0e+00,6.2e-02,1.0e+00,1.0e-03,2.9e-02,global-SLE%SGANV,CASSLesSGANVLTF,CASSLESSGANVLTF,TRBV7-2,TRBJ2-6,CALSAAGGSNYKLTF,Donor AJG2309:LP TCRab CD4 Mobile TRM,1.000000,-,-,-,-,-,-,-,-,-,-,-
887,SLE%SGANV,1.7e-02,2,2,1.8e-06,1.0e+00,6.2e-02,1.0e+00,1.0e-03,2.9e-02,global-SLE%SGANV,CASSLepSGANVLTF,CASSLEPSGANVLTF,TRBV11-2,TRBJ2-6,CIVRVNNNQGGKLIF,Donor AJKQ118:L TCRab CD4 TRM,1.000000,-,-,-,-,-,-,-,-,-,-,-

888,G%GAGE,1.7e-02,2,2,2.4e-07,1.0e+00,7.5e-02,1.1e-01,1.0e-03,2.9e-02,global-G%GAGE,CAWGTGaGELFF,CAWGTGAGELFF,TRBV30,TRBJ2-2,CAVSSAEGTYKYIF,Donor AJKQ118:PB TCRab CD4 Naive/TCM,1.000000,-,-,-,-,-,-,-,-,-,-,-
888,G%GAGE,1.7e-02,2,2,2.4e-07,1.0e+00,7.5e-02,1.1e-01,1.0e-03,2.9e-02,global-G%GAGE,CAgGQGagEQFF,CAGGQGAGEQFF,TRBV6-6,TRBJ2-1,CVVNDGGTASKLTF,Donor AJD3280:LP TCRab CD4 TRM,2.000000,-,-,-,-,-,-,-,-,-,-,-

889,SRDR%YE,1.7e-02,3,4,8.0e-07,1.0e+00,3.4e-01,1.0e+00,1.0e-03,2.3e-03,global-SRDR%YE,CASSRDRfYEQYF,CASSRDRFYEQYF,TRBV12-4,TRBJ2-7,CVVSATDDYKLSF,Donor AJD3280:IEL TCRab CD4 TRM,1.000000,-,-,-,-,-,-,-,-,-,-,-
889,SRDR%YE,1.7e-02,3,4,8.0e-07,1.0e+00,3.4e-01,1.0e+00,1.0e-03,2.3e-03,global-SRDR%YE,CATSRDRGyEQFF,CATSRDRGYEQFF,TRBV15,TRBJ2-1,CAASVTGNMLTF,Donor AJG2309:PB TCRab CD4 Naive/TCM,1.000000,-,-,-,-,-,-,-,-,-,-,-
889,SRDR%YE,1.7e-02,3,4,8.0e-07,1.0e+00,3.4e-01,1.0e+00,1.0e-03,2.3e-03,global-SRDR%YE,CASSRDRGYEQYF,CASSRDRGYEQYF,TRBV4-3,TRBJ2-7,CVVHGGANNLFF,Donor AJD3280:L TCRab CD4 TRM,1.000000,-,-,-,-,-,-,-,-,-,-,-
889,SRDR%YE,1.7e-02,3,4,8.0e-07,1.0e+00,3.4e-01,1.0e+00,1.0e-03,2.3e-03,global-SRDR%YE,CASSRDRtYEQYF,CASSRDRTYEQYF,TRBV14,TRBJ2-7,CAAFEDTGRRALTF,Donor AJKQ118:L TCRab CD4 TRM,1.000000,-,-,-,-,-,-,-,-,-,-,-

890,S%DTNYG,1.7e-02,1,2,1.3e-06,1.0e+00,4.6e-02,1.0e+00,1.0e-03,2.9e-02,global-S%DTNYG,CASSLdtNYGYTF,CASSLDTNYGYTF,TRBV5-1,TRBJ1-2,CAASKGNNARLMF,Donor AJG2309:PB TCRab CD4 Naive/TCM,1.000000,-,-,-,-,-,-,-,-,-,-,-
890,S%DTNYG,1.7e-02,1,2,1.3e-06,1.0e+00,4.6e-02,1.0e+00,1.0e-03,2.9e-02,global-S%DTNYG,CASSwdtNYGYTF,CASSWDTNYGYTF,TRBV27,TRBJ1-2,CAAINTGGGNKLTF,Donor AJG2309:LP TCRab CD4 TRM,1.000000,-,-,-,-,-,-,-,-,-,-,-

891,SP%GGET,1.7e-02,1,2,1.5e-07,1.0e+00,5.0e-03,1.0e+00,1.0e-03,2.9e-02,global-SP%GGET,CAWSpGGgETQYF,CAWSPGGGETQYF,TRBV30,TRBJ2-5,CAPGGSNYKLTF,Donor AJD3280:LP TCRab CD4 TRM,1.000000,-,-,-,-,-,-,-,-,-,-,-
891,SP%GGET,1.7e-02,1,2,1.5e-07,1.0e+00,5.0e-03,1.0e+00,1.0e-03,2.9e-02,global-SP%GGET,CSASppGGETQYF,CSASPPGGETQYF,TRBV20-1,TRBJ2-5,CAVTSSGTYKYIF,Donor AJD3280:L TCRab CD4 TRM,1.000000,-,-,-,-,-,-,-,-,-,-,-
891,SP%GGET,1.7e-02,1,2,1.5e-07,1.0e+00,5.0e-03,1.0e+00,1.0e-03,2.9e-02,global-SP%GGET,CSASppGGETQYF,CSASPPGGETQYF,TRBV20-1,TRBJ2-5,CAVTSSGTYKYIF,Donor AJD3280:LP TCRab CD4 Mobile TRM,1.000000,-,-,-,-,-,-,-,-,-,-,-

892,SL%GQET,1.7e-02,3,3,2.0e-06,1.0e+00,3.3e-01,1.0e+00,1.0e-03,6.2e-03,global-SL%GQET,CASSLGGQETQYF,CASSLGGQETQYF,TRBV7-3,TRBJ2-5,CAVSSRAAGNKLTF,Donor AJD3280:L TCRab CD4 TRM,1.000000,-,-,-,-,-,-,-,-,-,-,-
892,SL%GQET,1.7e-02,3,3,2.0e-06,1.0e+00,3.3e-01,1.0e+00,1.0e-03,6.2e-03,global-SL%GQET,CASSLvgQETQYF,CASSLVGQETQYF,TRBV5-4,TRBJ2-5,CATGPNAGNMLTF,Donor AJD3280:LP TCRab CD4 Naive/TCM,1.000000,-,-,-,-,-,-,-,-,-,-,-
892,SL%GQET,1.7e-02,3,3,2.0e-06,1.0e+00,3.3e-01,1.0e+00,1.0e-03,6.2e-03,global-SL%GQET,CASSLvgQETQYF,CASSLVGQETQYF,TRBV7-2,TRBJ2-5,CAVRGSAGGTSYGKLTF,Donor AJG2309:LP TCRab CD4 Mobile TRM,1.000000,-,-,-,-,-,-,-,-,-,-,-
892,SL%GQET,1.7e-02,3,3,2.0e-06,1.0e+00,3.3e-01,1.0e+00,1.0e-03,6.2e-03,global-SL%GQET,CASSLAGQETQYF,CASSLAGQETQYF,TRBV7-9,TRBJ2-5,CALSDQTGANNLFF,Donor AJKQ118:PB TCRab CD4 Naive/TCM,1.000000,-,-,-,-,-,-,-,-,-,-,-

893,SLS%GNT,1.7e-02,2,2,1.9e-06,1.0e+00,6.5e-02,1.0e+00,1.0e-03,2.9e-02,global-SLS%GNT,CASSLspGNTIYF,CASSLSPGNTIYF,TRBV27,TRBJ1-3,CAVEPPTSGTYKYIF,Donor AJKQ118:L TCRab CD4 TRM,1.000000,-,-,-,-,-,-,-,-,-,-,-
893,SLS%GNT,1.7e-02,2,2,1.9e-06,1.0e+00,6.5e-02,1.0e+00,1.0e-03,2.9e-02,global-SLS%GNT,CAWSlsSGNTIYF,CAWSLSSGNTIYF,TRBV30,TRBJ1-3,CAATGVGGSQGNLIF,Donor AJD3280:IEL TCRab CD4 Mobile TRM,1.000000,-,-,-,-,-,-,-,-,-,-,-

894,SRT%GYE,1.7e-02,1,2,2.3e-06,1.0e+00,7.9e-02,1.0e+00,1.0e-03,2.9e-02,global-SRT%GYE,CASSRTGGYEQYF,CASSRTGGYEQYF,TRBV7-2,TRBJ2-7,CVVNADNTNAGKSTF,Donor AJD3280:L TCRab CD4 TRM,1.000000,-,-,-,-,-,-,-,-,-,-,-
894,SRT%GYE,1.7e-02,1,2,2.3e-06,1.0e+00,7.9e-02,1.0e+00,1.0e-03,2.9e-02,global-SRT%GYE,CASSRtRGYEQYF,CASSRTRGYEQYF,TRBV19,TRBJ2-7,CAVERGSYNTDKLIF,Donor AJD3280:LP TCRab CD4 TRM,1.000000,-,-,-,-,-,-,-,-,-,-,-

895,SL%GE,1.7e-02,3,4,5.8e-07,1.0e+00,7.4e-01,3.3e-01,1.0e-03,2.3e-03,global-SL%GE,CASSLlGELFF,CASSLLGELFF,TRBV27,TRBJ2-2,CAVSERRDSNYKLTF,Donor AJD3280:PB TCRab CD4 Naive/TCM,1.000000,-,-,-,-,-,-,-,-,-,-,-
895,SL%GE,1.7e-02,3,4,5.8e-07,1.0e+00,7.4e-01,3.3e-01,1.0e-03,2.3e-03,global-SL%GE,CASSLlGELFF,CASSLLGELFF,TRBV5-4,TRBJ2-2,CAGHNNDMRF,Donor AJG2309:PB TCRab CD4 Naive/TCM,1.000000,-,-,-,-,-,-,-,-,-,-,-
895,SL%GE,1.7e-02,3,4,5.8e-07,1.0e+00,7.4e-01,3.3e-01,1.0e-03,2.3e-03,global-SL%GE,CASSLlgEQYF,CASSLLGEQYF,TRBV11-2,TRBJ2-7,CAGAADTGNQFYF,Donor AJKQ118:PB TCRab CD4 FOXP3+ Treg,1.000000,-,-,-,-,-,-,-,-,-,-,-
895,SL%GE,1.7e-02,3,4,5.8e-07,1.0e+00,7.4e-01,3.3e-01,1.0e-03,2.3e-03,global-SL%GE,CASSLTGELFF,CASSLTGELFF,TRBV5-1,TRBJ2-2,CALFYSGNTPLVF,Donor AJKQ118:PB TCRab CD4 Naive/TCM,1.000000,-,-,-,-,-,-,-,-,-,-,-
895,SL%GE,1.7e-02,3,4,5.8e-07,1.0e+00,7.4e-01,3.3e-01,1.0e-03,2.3e-03,global-SL%GE,CASSLGGEQFF,CASSLGGEQFF,TRBV7-6,TRBJ2-1,CAVAGTNFGNEKLTF,Donor AJG2309:LP TCRab CD4 TRM,2.000000,-,-,-,-,-,-,-,-,-,-,-
895,SL%GE,1.7e-02,3,4,5.8e-07,1.0e+00,7.4e-01,3.3e-01,1.0e-03,2.3e-03,global-SL%GE,CASSLGGEQFF,CASSLGGEQFF,TRBV11-1,TRBJ2-1,CAASSFYNQGGKLIF,Donor AJKQ118:PB TCRab CD4 FOXP3+ Treg,1.000000,-,-,-,-,-,-,-,-,-,-,-
895,SL%GE,1.7e-02,3,4,5.8e-07,1.0e+00,7.4e-01,3.3e-01,1.0e-03,2.3e-03,global-SL%GE,CASSLGGEQFF,CASSLGGEQFF,TRBV7-9,TRBJ2-1,CAASAVNTNAGKSTF,Donor AJKQ118:PB TCRab CD4 Naive/TCM,1.000000,-,-,-,-,-,-,-,-,-,-,-

896,R%AGDE,1.7e-02,2,2,2.9e-08,1.0e+00,1.0e-03,1.0e+00,1.0e-03,2.9e-02,global-R%AGDE,CSARLAGdEQYF,CSARLAGDEQYF,TRBV20-1,TRBJ2-7,CAMRGVIQGAQKLVF,Donor AJG2309:LP TCRab CD4 Mobile TRM,1.000000,-,-,-,-,-,-,-,-,-,-,-
896,R%AGDE,1.7e-02,2,2,2.9e-08,1.0e+00,1.0e-03,1.0e+00,1.0e-03,2.9e-02,global-R%AGDE,CSARgAGdEQFF,CSARGAGDEQFF,TRBV20-1,TRBJ2-1,CIVRVAGYTGTASKLTF,Donor AJKQ118:LP TCRab CD4 TRM,1.000000,-,-,-,-,-,-,-,-,-,-,-

897,ST%GYG,1.7e-02,2,2,1.9e-06,1.0e+00,6.5e-02,1.0e+00,1.0e-03,2.9e-02,global-ST%GYG,CASStQGYGYTF,CASSTQGYGYTF,TRBV7-2,TRBJ1-2,CAVTARGNARLMF,Donor AJG2309:PB TCRab CD4 Naive/TCM,1.000000,-,-,-,-,-,-,-,-,-,-,-
897,ST%GYG,1.7e-02,2,2,1.9e-06,1.0e+00,6.5e-02,1.0e+00,1.0e-03,2.9e-02,global-ST%GYG,CAIStegYGYTF,CAISTEGYGYTF,TRBV10-3,TRBJ1-2,CAGPTNDYKLSF,Donor AJKQ118:LP TCRab CD4 Poised TCM,1.000000,-,-,-,-,-,-,-,-,-,-,-

898,RAG%NTE,1.7e-02,1,2,1.8e-06,1.0e+00,6.1e-02,1.0e+00,1.0e-03,2.9e-02,global-RAG%NTE,CASrAGGNTEAFF,CASRAGGNTEAFF,TRBV6-1,TRBJ1-1,CAATKTSYDKVIF,Donor AJD3280:L TCRab CD4 TRM,1.000000,-,-,-,-,-,-,-,-,-,-,-
898,RAG%NTE,1.7e-02,1,2,1.8e-06,1.0e+00,6.1e-02,1.0e+00,1.0e-03,2.9e-02,global-RAG%NTE,CATrAGmNTEAFF,CATRAGMNTEAFF,TRBV15,TRBJ1-1,CAMRALNAGNMLTF,Donor AJD3280:L TCRab CD4 TCM,1.000000,-,-,-,-,-,-,-,-,-,-,-

899,S%GQGATE,1.7e-02,2,2,2.4e-06,1.0e+00,8.3e-02,1.0e+00,1.0e-03,2.9e-02,global-S%GQGATE,CASSfGQGaTEAFF,CASSFGQGATEAFF,TRBV5-1,TRBJ1-1,CAVASTGGGNKLTF,Donor AJG2309:LP TCRab CD4 Poised TCM,1.000000,-,-,-,-,-,-,-,-,-,-,-
899,S%GQGATE,1.7e-02,2,2,2.4e-06,1.0e+00,8.3e-02,1.0e+00,1.0e-03,2.9e-02,global-S%GQGATE,CASSSGQGatELFF,CASSSGQGATELFF,TRBV2,TRBJ1-4,CAFLPISTSGSRLTF,Donor AJD3280:PB TCRab CD4 Naive/TCM,1.000000,-,-,-,-,-,-,-,-,-,-,-

900,SQG%TGE,1.7e-02,2,2,2.9e-08,1.0e+00,1.0e-03,1.0e+00,1.0e-03,2.9e-02,global-SQG%TGE,CASSQgNTGELFF,CASSQGNTGELFF,TRBV3-1,TRBJ2-2,CALSPPSGAAGNKLTF,Donor AJKQ118:PB TCRab CD4 Naive/TCM,1.000000,-,-,-,-,-,-,-,-,-,-,-
900,SQG%TGE,1.7e-02,2,2,2.9e-08,1.0e+00,1.0e-03,1.0e+00,1.0e-03,2.9e-02,global-SQG%TGE,CASSQGRTGELFF,CASSQGRTGELFF,TRBV3-1,TRBJ2-2,CAENDAYGSSNTGKLIF,Donor AJG2309:PB TCRab CD4 Naive/TCM,1.000000,-,-,-,-,-,-,-,-,-,-,-

901,SPGTS%E,1.7e-02,3,2,5.4e-06,1.0e+00,1.9e-01,1.0e+00,1.0e-03,2.9e-02,global-SPGTS%E,CASSPGTSYEQYF,CASSPGTSYEQYF,TRBV6-5,TRBJ2-7,CAVTRYNTDKLIF,Donor AJG2309:PB TCRab CD4 Naive/TCM,1.000000,-,-,-,-,-,-,-,-,-,-,-
901,SPGTS%E,1.7e-02,3,2,5.4e-06,1.0e+00,1.9e-01,1.0e+00,1.0e-03,2.9e-02,global-SPGTS%E,CASSPGTSYEQYF,CASSPGTSYEQYF,TRBV18,TRBJ2-7,CVVNPRGSGSARQLTF,Donor AJKQ118:LP TCRab CD4 FOXP3+ Treg,1.000000,-,-,-,-,-,-,-,-,-,-,-
901,SPGTS%E,1.7e-02,3,2,5.4e-06,1.0e+00,1.9e-01,1.0e+00,1.0e-03,2.9e-02,global-SPGTS%E,CASSPGTSGEQYF,CASSPGTSGEQYF,TRBV11-2,TRBJ2-7,CAVSLQGAQKLVF,Donor AJD3280:LP TCRab CD4 TRM,1.000000,-,-,-,-,-,-,-,-,-,-,-

902,S%LSGANV,1.7e-02,1,2,1.8e-06,1.0e+00,6.3e-02,1.0e+00,1.0e-03,2.9e-02,global-S%LSGANV,CAWSklSGANVLTF,CAWSKLSGANVLTF,TRBV30,TRBJ2-6,CIVISTGTASKLTF,Donor AJD3280:LP TCRab CD4 TRM,1.000000,-,-,-,-,-,-,-,-,-,-,-
902,S%LSGANV,1.7e-02,1,2,1.8e-06,1.0e+00,6.3e-02,1.0e+00,1.0e-03,2.9e-02,global-S%LSGANV,CASSPlSGANVLTF,CASSPLSGANVLTF,TRBV18,TRBJ2-6,CIVRVGNSGNTPLVF,Donor AJD3280:L TCRab CD4 TRM,1.000000,-,-,-,-,-,-,-,-,-,-,-

903,SL%RGRET,1.7e-02,2,2,1.9e-06,1.0e+00,6.5e-02,1.0e+00,1.0e-03,2.9e-02,global-SL%RGRET,CASSLDRGrETQYF,CASSLDRGRETQYF,TRBV7-9,TRBJ2-5,CAASIVQGAQKLVF,Donor AJKQ118:L TCRab CD4 Naive/TCM,1.000000,-,-,-,-,-,-,-,-,-,-,-
903,SL%RGRET,1.7e-02,2,2,1.9e-06,1.0e+00,6.5e-02,1.0e+00,1.0e-03,2.9e-02,global-SL%RGRET,CASSLgRGrETQYF,CASSLGRGRETQYF,TRBV5-1,TRBJ2-5,CAENLNDYKLSF,Donor AJD3280:LP TCRab CD4 TRM,1.000000,-,-,-,-,-,-,-,-,-,-,-

904,%ISGANV,1.7e-02,2,2,2.7e-08,1.0e+00,6.0e-03,1.6e-01,1.0e-03,2.9e-02,global-%ISGANV,CAShiSGANVLTF,CASHISGANVLTF,TRBV6-2,TRBJ2-6,CAVEFSSGGSYIPTF,Donor AJG2309:PB TCRab CD4 Naive/TCM,1.000000,-,-,-,-,-,-,-,-,-,-,-
904,%ISGANV,1.7e-02,2,2,2.7e-08,1.0e+00,6.0e-03,1.6e-01,1.0e-03,2.9e-02,global-%ISGANV,CSApiSGANVLTF,CSAPISGANVLTF,TRBV20-1,TRBJ2-6,CAVIIQGAQKLVF,Donor AJD3280:IEL TCRab CD4 TRM,1.000000,-,-,-,-,-,-,-,-,-,-,-
904,%ISGANV,1.7e-02,2,2,2.7e-08,1.0e+00,6.0e-03,1.6e-01,1.0e-03,2.9e-02,global-%ISGANV,CSApiSGANVLTF,CSAPISGANVLTF,TRBV20-1,TRBJ2-6,CAVIIQGAQKLVF,Donor AJD3280:LP TCRab CD4 Tph,2.000000,-,-,-,-,-,-,-,-,-,-,-

905,SRQ%NTGE,1.7e-02,2,2,1.8e-06,1.0e+00,6.1e-02,1.0e+00,1.0e-03,2.9e-02,global-SRQ%NTGE,CASSRqeNTGELFF,CASSRQENTGELFF,TRBV6-2,TRBJ2-2,CAVPFSDGQKLLF,Donor AJG2309:LP TCRab CD4 Tph,1.000000,-,-,-,-,-,-,-,-,-,-,-
905,SRQ%NTGE,1.7e-02,2,2,1.8e-06,1.0e+00,6.1e-02,1.0e+00,1.0e-03,2.9e-02,global-SRQ%NTGE,CASSRqqNTGELFF,CASSRQQNTGELFF,TRBV7-9,TRBJ2-2,CVVNKAGKSTF,Donor AJD3280:PB TCRab CD4 Naive/TCM,1.000000,-,-,-,-,-,-,-,-,-,-,-

906,SLG%GRET,1.7e-02,1,2,2.9e-08,1.0e+00,1.0e-03,1.0e+00,1.0e-03,2.9e-02,global-SLG%GRET,CASSLgpGRETQYF,CASSLGPGRETQYF,TRBV5-1,TRBJ2-5,CAENSLEYGNKLVF,Donor AJD3280:IEL TCRab CD4 Mobile TRM,1.000000,-,-,-,-,-,-,-,-,-,-,-
906,SLG%GRET,1.7e-02,1,2,2.9e-08,1.0e+00,1.0e-03,1.0e+00,1.0e-03,2.9e-02,global-SLG%GRET,CASSLgRGrETQYF,CASSLGRGRETQYF,TRBV5-1,TRBJ2-5,CAENLNDYKLSF,Donor AJD3280:LP TCRab CD4 TRM,1.000000,-,-,-,-,-,-,-,-,-,-,-

907,S%NYE,1.7e-02,3,3,1.1e-06,1.0e+00,1.8e-01,1.0e+00,1.0e-03,6.2e-03,global-S%NYE,CASSLnYEQYF,CASSLNYEQYF,TRBV5-1,TRBJ2-7,CAAEDSNYQLIW,Donor AJKQ118:PB TCRab CD4 FOXP3+ Treg,1.000000,-,-,-,-,-,-,-,-,-,-,-
907,S%NYE,1.7e-02,3,3,1.1e-06,1.0e+00,1.8e-01,1.0e+00,1.0e-03,6.2e-03,global-S%NYE,CASSDnyEQFF,CASSDNYEQFF,TRBV28,TRBJ2-1,CAVNAKSGYSTLTF,Donor AJD3280:PB TCRab CD4 Naive/TCM,1.000000,-,-,-,-,-,-,-,-,-,-,-
907,S%NYE,1.7e-02,3,3,1.1e-06,1.0e+00,1.8e-01,1.0e+00,1.0e-03,6.2e-03,global-S%NYE,CASSPnYEQYF,CASSPNYEQYF,TRBV18,TRBJ2-7,CAVRDDSSASKIIF,Donor AJG2309:L TCRab CD4 FOXP3+ Treg,1.000000,-,-,-,-,-,-,-,-,-,-,-

908,SL%GET,1.7e-02,3,3,1.2e-06,1.0e+00,1.9e-01,1.0e+00,1.0e-03,6.2e-03,global-SL%GET,CASSLfgETQYF,CASSLFGETQYF,TRBV6-5,TRBJ2-5,CAATFSTGGGNKLTF,Donor AJG2309:LP TCRab CD4 TRM,1.000000,-,-,-,-,-,-,-,-,-,-,-
908,SL%GET,1.7e-02,3,3,1.2e-06,1.0e+00,1.9e-01,1.0e+00,1.0e-03,6.2e-03,global-SL%GET,CASSLkgETQYF,CASSLKGETQYF,TRBV12-3,TRBJ2-5,CAHYSGGGADGLTF,Donor AJD3280:LP TCRab CD4 Poised TCM,1.000000,-,-,-,-,-,-,-,-,-,-,-
908,SL%GET,1.7e-02,3,3,1.2e-06,1.0e+00,1.9e-01,1.0e+00,1.0e-03,6.2e-03,global-SL%GET,CASSLTGETQYF,CASSLTGETQYF,TRBV6-6,TRBJ2-5,CAGSRADYKLSF,Donor AJKQ118:LP TCRab CD4 TRM,1.000000,-,-,-,-,-,-,-,-,-,-,-

909,SLGS%E,1.7e-02,2,2,1.6e-09,1.0e+00,1.0e-03,5.6e-02,1.0e-03,2.9e-02,global-SLGS%E,CASSLgSYEQYF,CASSLGSYEQYF,TRBV7-6,TRBJ2-7,CAYRSAAGNTGKLIF,Donor AJKQ118:PB TCRab CD4 Naive/TCM,1.000000,-,-,-,-,-,-,-,-,-,-,-
909,SLGS%E,1.7e-02,2,2,1.6e-09,1.0e+00,1.0e-03,5.6e-02,1.0e-03,2.9e-02,global-SLGS%E,CASSLgsTEAFF,CASSLGSTEAFF,TRBV7-9,TRBJ1-1,CAASGGSYIPTF,Donor AJG2309:LP TCRab CD4 TRM,1.000000,-,-,-,-,-,-,-,-,-,-,-
909,SLGS%E,1.7e-02,2,2,1.6e-09,1.0e+00,1.0e-03,5.6e-02,1.0e-03,2.9e-02,global-SLGS%E,CASSLgsTEAFF,CASSLGSTEAFF,TRBV7-9,TRBJ1-1,CAQEGGATNKLIF,Donor AJKQ118:IEL TCRab CD4 FOXP3+ Treg,1.000000,-,-,-,-,-,-,-,-,-,-,-
909,SLGS%E,1.7e-02,2,2,1.6e-09,1.0e+00,1.0e-03,5.6e-02,1.0e-03,2.9e-02,global-SLGS%E,CASSLgsTEAFF,CASSLGSTEAFF,TRBV7-9,TRBJ1-1,CIVRVAGLTGGGNKLTF,Donor AJKQ118:IEL TCRab CD4 FOXP3+ Treg,2.000000,-,-,-,-,-,-,-,-,-,-,-
909,SLGS%E,1.7e-02,2,2,1.6e-09,1.0e+00,1.0e-03,5.6e-02,1.0e-03,2.9e-02,global-SLGS%E,CASSLgsTEAFF,CASSLGSTEAFF,TRBV7-9,TRBJ1-1,CAQEGGATNKLIF,Donor AJKQ118:LP TCRab CD4 FOXP3+ Treg,3.000000,-,-,-,-,-,-,-,-,-,-,-

910,SS%GGGE,1.7e-02,2,2,2.7e-07,1.0e+00,6.5e-02,1.4e-01,1.0e-03,2.9e-02,global-SS%GGGE,CASSSQGgGELFF,CASSSQGGGELFF,TRBV5-6,TRBJ2-2,CALREGSGNTGKLIF,Donor AJD3280:L TCRab CD4 Naive/TCM,1.000000,-,-,-,-,-,-,-,-,-,-,-
910,SS%GGGE,1.7e-02,2,2,2.7e-07,1.0e+00,6.5e-02,1.4e-01,1.0e-03,2.9e-02,global-SS%GGGE,CASSSvGGgEQYF,CASSSVGGGEQYF,TRBV7-8,TRBJ2-7,CAMRGNQAGTALIF,Donor AJKQ118:LP TCRab CD4 FOXP3+ Treg,2.000000,-,-,-,-,-,-,-,-,-,-,-

911,SLG%TE,1.7e-02,3,3,1.8e-08,1.0e+00,5.0e-02,5.9e-02,1.0e-03,6.2e-03,global-SLG%TE,CASSLgsTEAFF,CASSLGSTEAFF,TRBV7-9,TRBJ1-1,CAASGGSYIPTF,Donor AJG2309:LP TCRab CD4 TRM,1.000000,-,-,-,-,-,-,-,-,-,-,-
911,SLG%TE,1.7e-02,3,3,1.8e-08,1.0e+00,5.0e-02,5.9e-02,1.0e-03,6.2e-03,global-SLG%TE,CASSLgsTEAFF,CASSLGSTEAFF,TRBV7-9,TRBJ1-1,CAQEGGATNKLIF,Donor AJKQ118:IEL TCRab CD4 FOXP3+ Treg,1.000000,-,-,-,-,-,-,-,-,-,-,-
911,SLG%TE,1.7e-02,3,3,1.8e-08,1.0e+00,5.0e-02,5.9e-02,1.0e-03,6.2e-03,global-SLG%TE,CASSLgsTEAFF,CASSLGSTEAFF,TRBV7-9,TRBJ1-1,CIVRVAGLTGGGNKLTF,Donor AJKQ118:IEL TCRab CD4 FOXP3+ Treg,2.000000,-,-,-,-,-,-,-,-,-,-,-
911,SLG%TE,1.7e-02,3,3,1.8e-08,1.0e+00,5.0e-02,5.9e-02,1.0e-03,6.2e-03,global-SLG%TE,CASSLgsTEAFF,CASSLGSTEAFF,TRBV7-9,TRBJ1-1,CAQEGGATNKLIF,Donor AJKQ118:LP TCRab CD4 FOXP3+ Treg,3.000000,-,-,-,-,-,-,-,-,-,-,-
911,SLG%TE,1.7e-02,3,3,1.8e-08,1.0e+00,5.0e-02,5.9e-02,1.0e-03,6.2e-03,global-SLG%TE,CASSLgvTEAFF,CASSLGVTEAFF,TRBV28,TRBJ1-1,CAVISSGGSYIPTF,Donor AJKQ118:PB TCRab CD4 Naive/TCM,1.000000,-,-,-,-,-,-,-,-,-,-,-
911,SLG%TE,1.7e-02,3,3,1.8e-08,1.0e+00,5.0e-02,5.9e-02,1.0e-03,6.2e-03,global-SLG%TE,CASSLGGTEAFF,CASSLGGTEAFF,TRBV5-6,TRBJ1-1,CAVDRDYKLSF,Donor AJD3280:IEL TCRab CD4 TRM,1.000000,-,-,-,-,-,-,-,-,-,-,-
911,SLG%TE,1.7e-02,3,3,1.8e-08,1.0e+00,5.0e-02,5.9e-02,1.0e-03,6.2e-03,global-SLG%TE,CASSLGGTEAFF,CASSLGGTEAFF,TRBV5-6,TRBJ1-1,CAVDRDYKLSF,Donor AJD3280:LP TCRab CD4 Tph,2.000000,-,-,-,-,-,-,-,-,-,-,-
911,SLG%TE,1.7e-02,3,3,1.8e-08,1.0e+00,5.0e-02,5.9e-02,1.0e-03,6.2e-03,global-SLG%TE,CASSLGGTEAFF,CASSLGGTEAFF,TRBV5-1,TRBJ1-1,CAVYNNAGNMLTF,Donor AJKQ118:PB TCRab CD4 FOXP3+ Treg,1.000000,-,-,-,-,-,-,-,-,-,-,-
911,SLG%TE,1.7e-02,3,3,1.8e-08,1.0e+00,5.0e-02,5.9e-02,1.0e-03,6.2e-03,global-SLG%TE,CASSLGGTEAFF,CASSLGGTEAFF,TRBV7-2,TRBJ1-1,CIVRVQQAAGNKLTF,Donor AJKQ118:PB TCRab CD4 Naive/TCM,1.000000,-,-,-,-,-,-,-,-,-,-,-

912,S%GPNYG,1.7e-02,1,2,2.3e-06,1.0e+00,7.8e-02,1.0e+00,1.0e-03,2.9e-02,global-S%GPNYG,CASSPgpNYGYTF,CASSPGPNYGYTF,TRBV12-4,TRBJ1-2,CAFRTGRRALTF,Donor AJD3280:LP TCRab CD4 Tph,1.000000,-,-,-,-,-,-,-,-,-,-,-
912,S%GPNYG,1.7e-02,1,2,2.3e-06,1.0e+00,7.8e-02,1.0e+00,1.0e-03,2.9e-02,global-S%GPNYG,CASSfgpNYGYTF,CASSFGPNYGYTF,TRBV5-1,TRBJ1-2,CAASTSGSEKLVF,Donor AJD3280:LP TCRab CD4 TRM,1.000000,-,-,-,-,-,-,-,-,-,-,-

913,SR%GSTE,1.7e-02,1,2,1.7e-06,1.0e+00,5.8e-02,1.0e+00,1.0e-03,2.9e-02,global-SR%GSTE,CASSRSGsTEAFF,CASSRSGSTEAFF,TRBV5-6,TRBJ1-1,CAEKSGRGSTLGRLYF,Donor AJKQ118:PB TCRab CD4 Naive/TCM,1.000000,-,-,-,-,-,-,-,-,-,-,-
913,SR%GSTE,1.7e-02,1,2,1.7e-06,1.0e+00,5.8e-02,1.0e+00,1.0e-03,2.9e-02,global-SR%GSTE,CASSRQGsTEAFF,CASSRQGSTEAFF,TRBV11-2,TRBJ1-1,CAVQENDSWGKLQF,Donor AJKQ118:PB TCRab CD4 Naive/TCM,1.000000,-,-,-,-,-,-,-,-,-,-,-

914,SFR%NTE,1.7e-02,1,2,1.9e-06,1.0e+00,6.6e-02,1.0e+00,1.0e-03,2.9e-02,global-SFR%NTE,CASSfrmNTEAFF,CASSFRMNTEAFF,TRBV7-3,TRBJ1-1,CAGRSYGGSQGNLIF,Donor AJD3280:PB TCRab CD4 Naive/TCM,1.000000,-,-,-,-,-,-,-,-,-,-,-
914,SFR%NTE,1.7e-02,1,2,1.9e-06,1.0e+00,6.6e-02,1.0e+00,1.0e-03,2.9e-02,global-SFR%NTE,CASSfrqNTEAFF,CASSFRQNTEAFF,TRBV7-2,TRBJ1-1,CAVSVAGGTSYGKLTF,Donor AJD3280:PB TCRab CD4 Naive/TCM,1.000000,-,-,-,-,-,-,-,-,-,-,-

915,SFTG%TE,1.7e-02,2,2,1.6e-06,1.0e+00,5.5e-02,1.0e+00,1.0e-03,2.9e-02,global-SFTG%TE,CASSfTGaTEAFF,CASSFTGATEAFF,TRBV5-5,TRBJ1-1,CAVVPIGFGNVLHC,Donor AJG2309:PB TCRab CD4 Naive/TCM,1.000000,-,-,-,-,-,-,-,-,-,-,-
915,SFTG%TE,1.7e-02,2,2,1.6e-06,1.0e+00,5.5e-02,1.0e+00,1.0e-03,2.9e-02,global-SFTG%TE,CASSfTGGTEAFF,CASSFTGGTEAFF,TRBV27,TRBJ1-1,CAVTTDSWGKLQF,Donor AJD3280:PB TCRab CD4 Naive/TCM,1.000000,-,-,-,-,-,-,-,-,-,-,-

916,SLGGG%E,1.7e-02,2,2,1.6e-06,1.0e+00,5.4e-02,1.0e+00,1.0e-03,2.9e-02,global-SLGGG%E,CASSLGGgTEAFF,CASSLGGGTEAFF,TRBV5-4,TRBJ1-1,CAGGKAGGGNKLTF,Donor AJD3280:L TCRab CD4 TRM,1.000000,-,-,-,-,-,-,-,-,-,-,-
916,SLGGG%E,1.7e-02,2,2,1.6e-06,1.0e+00,5.4e-02,1.0e+00,1.0e-03,2.9e-02,global-SLGGG%E,CASSLGGgkEAFF,CASSLGGGKEAFF,TRBV5-1,TRBJ1-1,CAERSNNDMRF,Donor AJKQ118:L TCRab CD4 TRM,1.000000,-,-,-,-,-,-,-,-,-,-,-

917,SLA%GQP,1.7e-02,1,2,1.6e-06,1.0e+00,5.4e-02,1.0e+00,1.0e-03,2.9e-02,global-SLA%GQP,CASSLaTGQPQHF,CASSLATGQPQHF,TRBV5-5,TRBJ1-5,CALTPSGGYNKLIF,Donor AJKQ118:LP TCRab CD4 FOXP3+ Treg,1.000000,-,-,-,-,-,-,-,-,-,-,-
917,SLA%GQP,1.7e-02,1,2,1.6e-06,1.0e+00,5.4e-02,1.0e+00,1.0e-03,2.9e-02,global-SLA%GQP,CASSLalgQPQHF,CASSLALGQPQHF,TRBV12-3,TRBJ1-5,CFCGYNKLIF,Donor AJKQ118:PB TCRab CD4 Naive/TCM,1.000000,-,-,-,-,-,-,-,-,-,-,-

918,S%GQGDTE,1.7e-02,2,2,2.3e-07,1.0e+00,6.2e-02,1.3e-01,1.0e-03,2.9e-02,global-S%GQGDTE,CASSQGQGdTEAFF,CASSQGQGDTEAFF,TRBV7-9,TRBJ1-1,CAYRSAPTGNQFYF,Donor AJD3280:PB TCRab CD4 Naive/TCM,1.000000,-,-,-,-,-,-,-,-,-,-,-
918,S%GQGDTE,1.7e-02,2,2,2.3e-07,1.0e+00,6.2e-02,1.3e-01,1.0e-03,2.9e-02,global-S%GQGDTE,CASSwGQGdTEAFF,CASSWGQGDTEAFF,TRBV5-4,TRBJ1-1,CAMRRSSASKIIF,Donor AJG2309:PB TCRab CD4 Naive/TCM,2.000000,-,-,-,-,-,-,-,-,-,-,-

919,SS%TDT,1.7e-02,2,3,7.4e-08,1.0e+00,1.2e-02,1.0e+00,1.0e-03,6.2e-03,global-SS%TDT,CASSSiTDTQYF,CASSSITDTQYF,TRBV5-4,TRBJ2-3,CAVNVNAGNNRKLIW,Donor AJD3280:LP TCRab CD4 Poised TCM,1.000000,-,-,-,-,-,-,-,-,-,-,-
919,SS%TDT,1.7e-02,2,3,7.4e-08,1.0e+00,1.2e-02,1.0e+00,1.0e-03,6.2e-03,global-SS%TDT,CASSSpTDTQYF,CASSSPTDTQYF,TRBV7-3,TRBJ2-3,CAAKGIGGGKLIF,Donor AJG2309:LP TCRab CD4 Poised TCM,1.000000,-,-,-,-,-,-,-,-,-,-,-
919,SS%TDT,1.7e-02,2,3,7.4e-08,1.0e+00,1.2e-02,1.0e+00,1.0e-03,6.2e-03,global-SS%TDT,CASSSSTDTQYF,CASSSSTDTQYF,TRBV7-3,TRBJ2-3,CALCSYAGNNRKLIW,Donor AJD3280:LP TCRab CD4 Poised TCM,1.000000,-,-,-,-,-,-,-,-,-,-,-
919,SS%TDT,1.7e-02,2,3,7.4e-08,1.0e+00,1.2e-02,1.0e+00,1.0e-03,6.2e-03,global-SS%TDT,CASSSSTDTQYF,CASSSSTDTQYF,TRBV7-3,TRBJ2-3,CAGSGTYKYIF,Donor AJG2309:PB TCRab CD4 Naive/TCM,1.000000,-,-,-,-,-,-,-,-,-,-,-

920,S%QPNTE,1.7e-02,2,2,2.6e-10,1.0e+00,1.0e-03,9.0e-03,1.0e-03,2.9e-02,global-S%QPNTE,CASSSqpNTEAFF,CASSSQPNTEAFF,TRBV3-1,TRBJ1-1,CAVRGNTGKLIF,Donor AJD3280:PB TCRab CD4 Naive/TCM,1.000000,-,-,-,-,-,-,-,-,-,-,-
920,S%QPNTE,1.7e-02,2,2,2.6e-10,1.0e+00,1.0e-03,9.0e-03,1.0e-03,2.9e-02,global-S%QPNTE,CSASGQpNTEAFF,CSASGQPNTEAFF,TRBV20-1,TRBJ1-1,CVVNRFSDGQKLLF,Donor AJKQ118:IEL TCRab CD4 Mobile TRM,1.000000,-,-,-,-,-,-,-,-,-,-,-
920,S%QPNTE,1.7e-02,2,2,2.6e-10,1.0e+00,1.0e-03,9.0e-03,1.0e-03,2.9e-02,global-S%QPNTE,CSASGQpNTEAFF,CSASGQPNTEAFF,TRBV20-1,TRBJ1-1,CVVIPYSSASKIIF,Donor AJKQ118:IEL TCRab CD4 Mobile TRM,3.000000,-,-,-,-,-,-,-,-,-,-,-
920,S%QPNTE,1.7e-02,2,2,2.6e-10,1.0e+00,1.0e-03,9.0e-03,1.0e-03,2.9e-02,global-S%QPNTE,CSASGQpNTEAFF,CSASGQPNTEAFF,TRBV20-1,TRBJ1-1,CVVNRFSDGQKLLF,Donor AJKQ118:L TCRab CD4 TRM,1.000000,-,-,-,-,-,-,-,-,-,-,-
920,S%QPNTE,1.7e-02,2,2,2.6e-10,1.0e+00,1.0e-03,9.0e-03,1.0e-03,2.9e-02,global-S%QPNTE,CSASGQpNTEAFF,CSASGQPNTEAFF,TRBV20-1,TRBJ1-1,CVVNRFSDGQKLLF,Donor AJKQ118:LP TCRab CD4 Mobile TRM,5.000000,-,-,-,-,-,-,-,-,-,-,-
920,S%QPNTE,1.7e-02,2,2,2.6e-10,1.0e+00,1.0e-03,9.0e-03,1.0e-03,2.9e-02,global-S%QPNTE,CSASGQpNTEAFF,CSASGQPNTEAFF,TRBV20-1,TRBJ1-1,CVVNRFSDGQKLLF,Donor AJKQ118:LP TCRab CD4 TRM,3.000000,-,-,-,-,-,-,-,-,-,-,-
920,S%QPNTE,1.7e-02,2,2,2.6e-10,1.0e+00,1.0e-03,9.0e-03,1.0e-03,2.9e-02,global-S%QPNTE,CSASGQpNTEAFF,CSASGQPNTEAFF,TRBV20-1,TRBJ1-1,CVVIPYSSASKIIF,Donor AJKQ118:LP TCRab CD4 TRM,1.000000,-,-,-,-,-,-,-,-,-,-,-

921,%GLTE,1.7e-02,2,2,1.8e-06,1.0e+00,6.2e-02,1.0e+00,1.0e-03,2.9e-02,global-%GLTE,CAISGLTEAFF,CAISGLTEAFF,TRBV10-3,TRBJ1-1,CAYRETTSGTYKYIF,Donor AJD3280:IEL TCRab CD4 FOXP3+ Treg,1.000000,-,-,-,-,-,-,-,-,-,-,-
921,%GLTE,1.7e-02,2,2,1.8e-06,1.0e+00,6.2e-02,1.0e+00,1.0e-03,2.9e-02,global-%GLTE,CARgGLTEAFF,CARGGLTEAFF,TRBV12-5,TRBJ1-1,CVVSSHNNAGNMLTF,Donor AJKQ118:PB TCRab CD4 Naive/TCM,1.000000,-,-,-,-,-,-,-,-,-,-,-

922,S%GQGNG,1.7e-02,2,2,2.1e-06,1.0e+00,7.3e-02,1.0e+00,1.0e-03,2.9e-02,global-S%GQGNG,CASSLGQGnGYTF,CASSLGQGNGYTF,TRBV12-4,TRBJ1-2,CAVGALHGSSNTGKLIF,Donor AJD3280:PB TCRab CD4 Naive/TCM,1.000000,-,-,-,-,-,-,-,-,-,-,-
922,S%GQGNG,1.7e-02,2,2,2.1e-06,1.0e+00,7.3e-02,1.0e+00,1.0e-03,2.9e-02,global-S%GQGNG,CASSPGQGnGYTF,CASSPGQGNGYTF,TRBV7-2,TRBJ1-2,CAATDSGTYKYIF,Donor AJKQ118:PB TCRab CD4 Naive/TCM,1.000000,-,-,-,-,-,-,-,-,-,-,-

923,SL%GTVNTE,1.7e-02,2,2,2.2e-06,1.0e+00,7.4e-02,1.0e+00,1.0e-03,2.9e-02,global-SL%GTVNTE,CASSLpGTvNTEAFF,CASSLPGTVNTEAFF,TRBV7-9,TRBJ1-1,CAASMDASGSRLTF,Donor AJD3280:L TCRab CD4 TCM,1.000000,-,-,-,-,-,-,-,-,-,-,-
923,SL%GTVNTE,1.7e-02,2,2,2.2e-06,1.0e+00,7.4e-02,1.0e+00,1.0e-03,2.9e-02,global-SL%GTVNTE,CASSLTGtvNTEAFF,CASSLTGTVNTEAFF,TRBV5-1,TRBJ1-1,CAARSNTGNQFYF,Donor AJKQ118:LP TCRab CD4 TRM,1.000000,-,-,-,-,-,-,-,-,-,-,-

924,SQGN%E,1.7e-02,1,2,2.1e-06,1.0e+00,7.1e-02,1.0e+00,1.0e-03,2.9e-02,global-SQGN%E,CASSQgNTEAFF,CASSQGNTEAFF,TRBV14,TRBJ1-1,CAVNPMNTGFQKLVF,Donor AJD3280:LP TCRab CD4 TRM,1.000000,-,-,-,-,-,-,-,-,-,-,-
924,SQGN%E,1.7e-02,1,2,2.1e-06,1.0e+00,7.1e-02,1.0e+00,1.0e-03,2.9e-02,global-SQGN%E,CASSQgnnEQYF,CASSQGNNEQYF,TRBV5-4,TRBJ2-7,CALRSAGGTSYGKLTF,Donor AJD3280:PB TCRab CD4 Naive/TCM,1.000000,-,-,-,-,-,-,-,-,-,-,-

925,SLGTGG%E,1.7e-02,2,2,1.7e-10,1.0e+00,1.0e-03,6.0e-03,1.0e-03,2.9e-02,global-SLGTGG%E,CASSLGTGGTEAFF,CASSLGTGGTEAFF,TRBV7-2,TRBJ1-1,CAAPFSGGYNKLIF,Donor AJKQ118:L TCRab CD4 TRM,2.000000,-,-,-,-,-,-,-,-,-,-,-
925,SLGTGG%E,1.7e-02,2,2,1.7e-10,1.0e+00,1.0e-03,6.0e-03,1.0e-03,2.9e-02,global-SLGTGG%E,CASSLGTGGYEQYF,CASSLGTGGYEQYF,TRBV5-1,TRBJ2-7,CALSSGTGGFKTIF,Donor AJG2309:L TCRab CD4 TRM,1.000000,-,-,-,-,-,-,-,-,-,-,-
925,SLGTGG%E,1.7e-02,2,2,1.7e-10,1.0e+00,1.0e-03,6.0e-03,1.0e-03,2.9e-02,global-SLGTGG%E,CASSLGTGGYEQYF,CASSLGTGGYEQYF,TRBV5-1,TRBJ2-7,CALSEGTGGFKTIF,Donor AJG2309:LP TCRab CD4 TRM,6.000000,-,-,-,-,-,-,-,-,-,-,-
925,SLGTGG%E,1.7e-02,2,2,1.7e-10,1.0e+00,1.0e-03,6.0e-03,1.0e-03,2.9e-02,global-SLGTGG%E,CASSLGTGGYEQYF,CASSLGTGGYEQYF,TRBV5-1,TRBJ2-7,CAVRAYNQGGKLIF,Donor AJG2309:PB TCRab CD4 FOXP3+ Treg,1.000000,-,-,-,-,-,-,-,-,-,-,-
925,SLGTGG%E,1.7e-02,2,2,1.7e-10,1.0e+00,1.0e-03,6.0e-03,1.0e-03,2.9e-02,global-SLGTGG%E,CASSLGTGGYEQYF,CASSLGTGGYEQYF,TRBV5-1,TRBJ2-7,CALSEGTGGFKTIF,Donor AJG2309:PB TCRab CD4 FOXP3+ Treg,1.000000,-,-,-,-,-,-,-,-,-,-,-
925,SLGTGG%E,1.7e-02,2,2,1.7e-10,1.0e+00,1.0e-03,6.0e-03,1.0e-03,2.9e-02,global-SLGTGG%E,CASSLGTGGYEQYF,CASSLGTGGYEQYF,TRBV5-1,TRBJ2-7,CALSSGTGGFKTIF,Donor AJG2309:PB TCRab CD4 Naive/TCM,3.000000,-,-,-,-,-,-,-,-,-,-,-

926,S%GQGVYNE,1.7e-02,2,2,1.6e-06,1.0e+00,5.6e-02,1.0e+00,1.0e-03,2.9e-02,global-S%GQGVYNE,CASSaGQGvYNEQFF,CASSAGQGVYNEQFF,TRBV28,TRBJ2-1,CAYRRIYGGATNKLIF,Donor AJKQ118:PB TCRab CD4 Naive/TCM,1.000000,-,-,-,-,-,-,-,-,-,-,-
926,S%GQGVYNE,1.7e-02,2,2,1.6e-06,1.0e+00,5.6e-02,1.0e+00,1.0e-03,2.9e-02,global-S%GQGVYNE,CASSPGQGvYNEQFF,CASSPGQGVYNEQFF,TRBV5-6,TRBJ2-1,CAMRYNTDKLIF,Donor AJG2309:PB TCRab CD4 FOXP3+ Treg,1.000000,-,-,-,-,-,-,-,-,-,-,-

927,S%LAGGLNE,1.7e-02,2,2,2.0e-06,1.0e+00,6.7e-02,1.0e+00,1.0e-03,2.9e-02,global-S%LAGGLNE,CSASGLAGGlnEQYF,CSASGLAGGLNEQYF,TRBV20-1,TRBJ2-7,CAGRWTGANNLFF,Donor AJKQ118:PB TCRab CD4 Naive/TCM,1.000000,-,-,-,-,-,-,-,-,-,-,-
927,S%LAGGLNE,1.7e-02,2,2,2.0e-06,1.0e+00,6.7e-02,1.0e+00,1.0e-03,2.9e-02,global-S%LAGGLNE,CASSSLAGGlNEQFF,CASSSLAGGLNEQFF,TRBV7-6,TRBJ2-1,CAASRPKAAGNKLTF,Donor AJD3280:LP TCRab CD4 TRM,1.000000,-,-,-,-,-,-,-,-,-,-,-

928,SQDRG%QET,1.7e-02,1,2,1.9e-06,1.0e+00,6.6e-02,1.0e+00,1.0e-03,2.9e-02,global-SQDRG%QET,CASSQDRGgQETQYF,CASSQDRGGQETQYF,TRBV4-2,TRBJ2-5,CAVRDSNYQLIW,Donor AJD3280:LP TCRab CD4 TRM,1.000000,-,-,-,-,-,-,-,-,-,-,-
928,SQDRG%QET,1.7e-02,1,2,1.9e-06,1.0e+00,6.6e-02,1.0e+00,1.0e-03,2.9e-02,global-SQDRG%QET,CASSQDRGlQETQYF,CASSQDRGLQETQYF,TRBV6-2,TRBJ2-5,CAASKVVQKLVF,Donor AJD3280:LP TCRab CD4 TRM,1.000000,-,-,-,-,-,-,-,-,-,-,-

929,SQ%YE,1.9e-02,3,3,1.4e-08,1.0e+00,1.0e-02,2.3e-01,1.0e-03,6.2e-03,global-SQ%YE,CASSQaYEQYF,CASSQAYEQYF,TRBV3-1,TRBJ2-7,CVVGQAGKSTF,Donor AJD3280:LP TCRab CD4 TRM,2.000000,-,-,-,-,-,-,-,-,-,-,-
929,SQ%YE,1.9e-02,3,3,1.4e-08,1.0e+00,1.0e-02,2.3e-01,1.0e-03,6.2e-03,global-SQ%YE,CASSQaYEQYF,CASSQAYEQYF,TRBV3-1,TRBJ2-7,CAAKGVNNNDMRF,Donor AJD3280:LP TCRab CD4 TRM,1.000000,-,-,-,-,-,-,-,-,-,-,-
929,SQ%YE,1.9e-02,3,3,1.4e-08,1.0e+00,1.0e-02,2.3e-01,1.0e-03,6.2e-03,global-SQ%YE,CASSQdYEQYF,CASSQDYEQYF,TRBV7-9,TRBJ2-7,CAESRSNYQLIW,Donor AJG2309:LP TCRab CD4 TRM,1.000000,-,-,-,-,-,-,-,-,-,-,-
929,SQ%YE,1.9e-02,3,3,1.4e-08,1.0e+00,1.0e-02,2.3e-01,1.0e-03,6.2e-03,global-SQ%YE,CASSQeYEQYF,CASSQEYEQYF,TRBV3-1,TRBJ2-7,CAVLARPGNTGKLIF,Donor AJKQ118:PB TCRab CD4 Naive/TCM,1.000000,-,-,-,-,-,-,-,-,-,-,-

930,S%GGSYE,1.9e-02,2,3,1.2e-06,1.0e+00,1.9e-01,1.0e+00,1.0e-03,6.2e-03,global-S%GGSYE,CAISyGGSYEQYF,CAISYGGSYEQYF,TRBV10-3,TRBJ2-7,CAIAPGNTGKLIF,Donor AJG2309:LP TCRab CD4 FOXP3+ Treg,1.000000,-,-,-,-,-,-,-,-,-,-,-
930,S%GGSYE,1.9e-02,2,3,1.2e-06,1.0e+00,1.9e-01,1.0e+00,1.0e-03,6.2e-03,global-S%GGSYE,CASSPGGSYEQYF,CASSPGGSYEQYF,TRBV13,TRBJ2-7,CAGPGGSTLGRLYF,Donor AJD3280:LP TCRab CD4 TRM,1.000000,-,-,-,-,-,-,-,-,-,-,-
930,S%GGSYE,1.9e-02,2,3,1.2e-06,1.0e+00,1.9e-01,1.0e+00,1.0e-03,6.2e-03,global-S%GGSYE,CAWSlGGSYEQYF,CAWSLGGSYEQYF,TRBV30,TRBJ2-7,CAVGFVSNYQLIW,Donor AJG2309:LP TCRab CD4 TRM,1.000000,-,-,-,-,-,-,-,-,-,-,-

931,TG%NQP,2.0e-02,1,2,2.1e-06,1.0e+00,7.3e-02,1.0e+00,1.0e-03,2.9e-02,global-TG%NQP,CSVTGGNQPQHF,CSVTGGNQPQHF,TRBV20-1,TRBJ1-5,CIVRVAGGSEKLVF,Donor AJKQ118:PB TCRab CD4 Naive/TCM,1.000000,-,-,-,-,-,-,-,-,-,-,-
931,TG%NQP,2.0e-02,1,2,2.1e-06,1.0e+00,7.3e-02,1.0e+00,1.0e-03,2.9e-02,global-TG%NQP,CASTgvNQPQHF,CASTGVNQPQHF,TRBV6-1,TRBJ1-5,CAASGGSYIPTF,Donor AJKQ118:PB TCRab CD4 FOXP3+ Treg,1.000000,-,-,-,-,-,-,-,-,-,-,-

932,SLRGG%E,2.0e-02,2,2,2.2e-06,1.0e+00,7.4e-02,1.0e+00,1.0e-03,2.9e-02,global-SLRGG%E,CASSLRGgdEQYF,CASSLRGGDEQYF,TRBV7-2,TRBJ2-7,CAASTGAGSYQLTF,Donor AJG2309:LP TCRab CD4 Mobile TRM,1.000000,-,-,-,-,-,-,-,-,-,-,-
932,SLRGG%E,2.0e-02,2,2,2.2e-06,1.0e+00,7.4e-02,1.0e+00,1.0e-03,2.9e-02,global-SLRGG%E,CASSLRGgTEAFF,CASSLRGGTEAFF,TRBV12-3,TRBJ1-1,CALYRASGGSYIPTF,Donor AJKQ118:PB TCRab CD4 Naive/TCM,1.000000,-,-,-,-,-,-,-,-,-,-,-

933,S%DRGQP,2.0e-02,2,2,1.9e-06,1.0e+00,6.4e-02,1.0e+00,1.0e-03,2.9e-02,global-S%DRGQP,CASSSDRGQPQHF,CASSSDRGQPQHF,TRBV7-2,TRBJ1-5,CAVNNLNSGGSNYKLTF,Donor AJD3280:L TCRab CD4 TRM,1.000000,-,-,-,-,-,-,-,-,-,-,-
933,S%DRGQP,2.0e-02,2,2,1.9e-06,1.0e+00,6.4e-02,1.0e+00,1.0e-03,2.9e-02,global-S%DRGQP,CASSgDRGQPQHF,CASSGDRGQPQHF,TRBV10-1,TRBJ1-5,CAMSQDRNNARLMF,Donor AJKQ118:PB TCRab CD4 Naive/TCM,1.000000,-,-,-,-,-,-,-,-,-,-,-

934,SL%GGTE,2.0e-02,2,3,1.1e-06,1.0e+00,1.7e-01,1.0e+00,1.0e-03,6.2e-03,global-SL%GGTE,CASSLTGGTEAFF,CASSLTGGTEAFF,TRBV6-1,TRBJ1-1,CAVRGNFNKFYF,Donor AJKQ118:PB TCRab CD4 Naive/TCM,1.000000,-,-,-,-,-,-,-,-,-,-,-
934,SL%GGTE,2.0e-02,2,3,1.1e-06,1.0e+00,1.7e-01,1.0e+00,1.0e-03,6.2e-03,global-SL%GGTE,CASSLRGgTEAFF,CASSLRGGTEAFF,TRBV12-3,TRBJ1-1,CALYRASGGSYIPTF,Donor AJKQ118:PB TCRab CD4 Naive/TCM,1.000000,-,-,-,-,-,-,-,-,-,-,-
934,SL%GGTE,2.0e-02,2,3,1.1e-06,1.0e+00,1.7e-01,1.0e+00,1.0e-03,6.2e-03,global-SL%GGTE,CASSLGGgTEAFF,CASSLGGGTEAFF,TRBV5-4,TRBJ1-1,CAGGKAGGGNKLTF,Donor AJD3280:L TCRab CD4 TRM,1.000000,-,-,-,-,-,-,-,-,-,-,-

935,SLG%GDT,2.0e-02,2,2,2.3e-06,1.0e+00,7.8e-02,1.0e+00,1.0e-03,2.9e-02,global-SLG%GDT,CASSLgwgDTQYF,CASSLGWGDTQYF,TRBV7-2,TRBJ2-3,CAEGGHNAGNMLTF,Donor AJKQ118:PB TCRab CD4 Naive/TCM,1.000000,-,-,-,-,-,-,-,-,-,-,-
935,SLG%GDT,2.0e-02,2,2,2.3e-06,1.0e+00,7.8e-02,1.0e+00,1.0e-03,2.9e-02,global-SLG%GDT,CASSLgdgDTQYF,CASSLGDGDTQYF,TRBV5-1,TRBJ2-3,CALSEAKAAGNKLTF,Donor AJD3280:LP TCRab CD4 FOXP3+ Treg,1.000000,-,-,-,-,-,-,-,-,-,-,-

936,SSTG%YE,2.0e-02,1,2,2.0e-06,1.0e+00,6.7e-02,1.0e+00,1.0e-03,2.9e-02,global-SSTG%YE,CASSSTGvYEQYF,CASSSTGVYEQYF,TRBV18,TRBJ2-7,CARLQLTGGGNKLTF,Donor AJKQ118:PB TCRab CD4 Naive/TCM,1.000000,-,-,-,-,-,-,-,-,-,-,-
936,SSTG%YE,2.0e-02,1,2,2.0e-06,1.0e+00,6.7e-02,1.0e+00,1.0e-03,2.9e-02,global-SSTG%YE,CASSSTGtYEQYF,CASSSTGTYEQYF,TRBV5-1,TRBJ2-7,CAAKTSGSRLTF,Donor AJKQ118:PB TCRab CD4 FOXP3+ Treg,1.000000,-,-,-,-,-,-,-,-,-,-,-

937,SE%GGTDT,2.0e-02,1,2,2.4e-06,1.0e+00,8.1e-02,1.0e+00,1.0e-03,2.9e-02,global-SE%GGTDT,CASSEAGGTDTQYF,CASSEAGGTDTQYF,TRBV6-4,TRBJ2-3,CAVMDSNYQLIW,Donor AJD3280:L TCRab CD4 TRM,1.000000,-,-,-,-,-,-,-,-,-,-,-
937,SE%GGTDT,2.0e-02,1,2,2.4e-06,1.0e+00,8.1e-02,1.0e+00,1.0e-03,2.9e-02,global-SE%GGTDT,CASSERGgTDTQYF,CASSERGGTDTQYF,TRBV6-1,TRBJ2-3,CAAQQIDQGAQKLVF,Donor AJD3280:LP TCRab CD4 TRM,1.000000,-,-,-,-,-,-,-,-,-,-,-

938,SLG%DG,2.0e-02,1,2,1.7e-06,1.0e+00,5.9e-02,1.0e+00,1.0e-03,2.9e-02,global-SLG%DG,CASSLgvdGYTF,CASSLGVDGYTF,TRBV4-3,TRBJ1-2,CAVDLRDGQKLLF,Donor AJD3280:PB TCRab CD4 Naive/TCM,1.000000,-,-,-,-,-,-,-,-,-,-,-
938,SLG%DG,2.0e-02,1,2,1.7e-06,1.0e+00,5.9e-02,1.0e+00,1.0e-03,2.9e-02,global-SLG%DG,CASSLGTdGYTF,CASSLGTDGYTF,TRBV12-3,TRBJ1-2,CAPPLYGGSQGNLIF,Donor AJD3280:LP TCRab CD4 TRM,1.000000,-,-,-,-,-,-,-,-,-,-,-

939,RP%QET,2.0e-02,2,2,2.9e-08,1.0e+00,1.0e-03,1.0e+00,1.0e-03,2.9e-02,global-RP%QET,CSARpdQETQYF,CSARPDQETQYF,TRBV20-1,TRBJ2-5,CAVKELGDARLMF,Donor AJKQ118:PB TCRab CD4 Naive/TCM,1.000000,-,-,-,-,-,-,-,-,-,-,-
939,RP%QET,2.0e-02,2,2,2.9e-08,1.0e+00,1.0e-03,1.0e+00,1.0e-03,2.9e-02,global-RP%QET,CSwrpyQETQYF,CSWRPYQETQYF,TRBV20-1,TRBJ2-5,CAVSESTNFGNEKLTF,Donor AJG2309:LP TCRab CD4 Mobile TRM,1.000000,-,-,-,-,-,-,-,-,-,-,-

940,S%QGSTE,2.0e-02,2,2,2.1e-06,1.0e+00,7.2e-02,1.0e+00,1.0e-03,2.9e-02,global-S%QGSTE,CASSfQGsTEAFF,CASSFQGSTEAFF,TRBV19,TRBJ1-1,CAVNSMNYGGSQGNLIF,Donor AJD3280:PB TCRab CD4 Naive/TCM,1.000000,-,-,-,-,-,-,-,-,-,-,-
940,S%QGSTE,2.0e-02,2,2,2.1e-06,1.0e+00,7.2e-02,1.0e+00,1.0e-03,2.9e-02,global-S%QGSTE,CASSRQGsTEAFF,CASSRQGSTEAFF,TRBV11-2,TRBJ1-1,CAVQENDSWGKLQF,Donor AJKQ118:PB TCRab CD4 Naive/TCM,1.000000,-,-,-,-,-,-,-,-,-,-,-

941,SL%GSYE,2.0e-02,2,3,1.2e-06,1.0e+00,1.9e-01,1.0e+00,1.0e-03,6.2e-03,global-SL%GSYE,CASSLQGSYEQYF,CASSLQGSYEQYF,TRBV5-6,TRBJ2-7,CAMREGRDGGFKTIF,Donor AJD3280:L TCRab CD4 TCM,1.000000,-,-,-,-,-,-,-,-,-,-,-
941,SL%GSYE,2.0e-02,2,3,1.2e-06,1.0e+00,1.9e-01,1.0e+00,1.0e-03,6.2e-03,global-SL%GSYE,CAWSlGGSYEQYF,CAWSLGGSYEQYF,TRBV30,TRBJ2-7,CAVGFVSNYQLIW,Donor AJG2309:LP TCRab CD4 TRM,1.000000,-,-,-,-,-,-,-,-,-,-,-
941,SL%GSYE,2.0e-02,2,3,1.2e-06,1.0e+00,1.9e-01,1.0e+00,1.0e-03,6.2e-03,global-SL%GSYE,CASSLegSYEQYF,CASSLEGSYEQYF,TRBV11-3,TRBJ2-7,CALSELIQGAQKLVF,Donor AJD3280:PB TCRab CD4 Naive/TCM,1.000000,-,-,-,-,-,-,-,-,-,-,-

942,R%SGNTGE,2.0e-02,2,2,1.9e-06,1.0e+00,6.6e-02,1.0e+00,1.0e-03,2.9e-02,global-R%SGNTGE,CASrTSGNTGELFF,CASRTSGNTGELFF,TRBV19,TRBJ2-2,CVVISPGGYQKVTF,Donor AJG2309:LP TCRab CD4 Poised TCM,1.000000,-,-,-,-,-,-,-,-,-,-,-
942,R%SGNTGE,2.0e-02,2,2,1.9e-06,1.0e+00,6.6e-02,1.0e+00,1.0e-03,2.9e-02,global-R%SGNTGE,CASrfSGNTGELFF,CASRFSGNTGELFF,TRBV12-4,TRBJ2-2,CILRHTNAGKSTF,Donor AJKQ118:PB TCRab CD4 Naive/TCM,1.000000,-,-,-,-,-,-,-,-,-,-,-

943,S%GTSNQP,2.0e-02,1,2,1.6e-07,1.0e+00,1.2e-01,4.8e-02,1.0e-03,2.9e-02,global-S%GTSNQP,CASSPGTSNQPQHF,CASSPGTSNQPQHF,TRBV7-2,TRBJ1-5,CATYMIKAAGNKLTF,Donor AJKQ118:PB TCRab CD4 Naive/TCM,1.000000,-,-,-,-,-,-,-,-,-,-,-
943,S%GTSNQP,2.0e-02,1,2,1.6e-07,1.0e+00,1.2e-01,4.8e-02,1.0e-03,2.9e-02,global-S%GTSNQP,CASSSGTSNQPQHF,CASSSGTSNQPQHF,TRBV27,TRBJ1-5,CALSGGHSSASKIIF,Donor AJKQ118:IEL TCRab CD4 TRM,1.000000,-,-,-,-,-,-,-,-,-,-,-
943,S%GTSNQP,2.0e-02,1,2,1.6e-07,1.0e+00,1.2e-01,4.8e-02,1.0e-03,2.9e-02,global-S%GTSNQP,CASSSGTSNQPQHF,CASSSGTSNQPQHF,TRBV27,TRBJ1-5,CAYRTSGGYNKLIF,Donor AJKQ118:LP TCRab CD4 TRM,3.000000,-,-,-,-,-,-,-,-,-,-,-

944,S%AGQET,2.0e-02,2,2,1.9e-06,1.0e+00,6.5e-02,1.0e+00,1.0e-03,2.9e-02,global-S%AGQET,CASSLAGQETQYF,CASSLAGQETQYF,TRBV7-9,TRBJ2-5,CALSDQTGANNLFF,Donor AJKQ118:PB TCRab CD4 Naive/TCM,1.000000,-,-,-,-,-,-,-,-,-,-,-
944,S%AGQET,2.0e-02,2,2,1.9e-06,1.0e+00,6.5e-02,1.0e+00,1.0e-03,2.9e-02,global-S%AGQET,CASSPAGQETQYF,CASSPAGQETQYF,TRBV9,TRBJ2-5,CNKNNDMRF,Donor AJD3280:LP TCRab CD4 Naive/TCM,1.000000,-,-,-,-,-,-,-,-,-,-,-

945,SEG%TDT,2.0e-02,2,2,1.7e-06,1.0e+00,5.7e-02,1.0e+00,1.0e-03,2.9e-02,global-SEG%TDT,CASSEgvTDTQYF,CASSEGVTDTQYF,TRBV9,TRBJ2-3,CAVWGTGRRALTF,Donor AJD3280:LP TCRab CD4 Tph,1.000000,-,-,-,-,-,-,-,-,-,-,-
945,SEG%TDT,2.0e-02,2,2,1.7e-06,1.0e+00,5.7e-02,1.0e+00,1.0e-03,2.9e-02,global-SEG%TDT,CASSEGGTDTQYF,CASSEGGTDTQYF,TRBV5-4,TRBJ2-3,CAMMRTGANNLFF,Donor AJG2309:LP TCRab CD4 TRM,1.000000,-,-,-,-,-,-,-,-,-,-,-

946,SLGR%NE,2.0e-02,2,2,1.6e-06,1.0e+00,5.4e-02,1.0e+00,1.0e-03,2.9e-02,global-SLGR%NE,CASSLGRiNEQFF,CASSLGRINEQFF,TRBV5-5,TRBJ2-1,CARFQGAQKLVF,Donor AJG2309:LP TCRab CD4 FOXP3+ Treg,1.000000,-,-,-,-,-,-,-,-,-,-,-
946,SLGR%NE,2.0e-02,2,2,1.6e-06,1.0e+00,5.4e-02,1.0e+00,1.0e-03,2.9e-02,global-SLGR%NE,CASSLGRYNEQFF,CASSLGRYNEQFF,TRBV7-7,TRBJ2-1,CAASVSGAGKSTF,Donor AJKQ118:PB TCRab CD4 Naive/TCM,1.000000,-,-,-,-,-,-,-,-,-,-,-

947,SPS%SSYNE,2.0e-02,1,2,2.2e-06,1.0e+00,7.4e-02,1.0e+00,1.0e-03,2.9e-02,global-SPS%SSYNE,CASSPsTSSYNEQFF,CASSPSTSSYNEQFF,TRBV5-1,TRBJ2-1,CVPGGAGGSYIPTF,Donor AJG2309:PB TCRab CD4 Naive/TCM,1.000000,-,-,-,-,-,-,-,-,-,-,-
947,SPS%SSYNE,2.0e-02,1,2,2.2e-06,1.0e+00,7.4e-02,1.0e+00,1.0e-03,2.9e-02,global-SPS%SSYNE,CASSPSGsSYNEQFF,CASSPSGSSYNEQFF,TRBV7-3,TRBJ2-1,CAYRSAGTNFGNEKLTF,Donor AJG2309:PB TCRab CD4 Naive/TCM,1.000000,-,-,-,-,-,-,-,-,-,-,-

948,%GATE,2.0e-02,2,2,2.9e-08,1.0e+00,1.0e-03,1.0e+00,1.0e-03,2.9e-02,global-%GATE,CSVvgaTEAFF,CSVVGATEAFF,TRBV29-1,TRBJ1-1,CAASKARSGGYQKVTF,Donor AJKQ118:IEL TCRab CD4 TRM,1.000000,-,-,-,-,-,-,-,-,-,-,-
948,%GATE,2.0e-02,2,2,2.9e-08,1.0e+00,1.0e-03,1.0e+00,1.0e-03,2.9e-02,global-%GATE,CSVvgaTEAFF,CSVVGATEAFF,TRBV29-1,TRBJ1-1,CAASKARSGGYQKVTF,Donor AJKQ118:LP TCRab CD4 TRM,1.000000,-,-,-,-,-,-,-,-,-,-,-
948,%GATE,2.0e-02,2,2,2.9e-08,1.0e+00,1.0e-03,1.0e+00,1.0e-03,2.9e-02,global-%GATE,CSVQGaTEAFF,CSVQGATEAFF,TRBV29-1,TRBJ1-1,CAVEVGGGFGNVLHC,Donor AJD3280:LP TCRab CD4 Poised TCM,1.000000,-,-,-,-,-,-,-,-,-,-,-

949,%RPNTE,2.0e-02,2,2,1.8e-07,1.0e+00,5.0e-02,1.3e-01,1.0e-03,2.9e-02,global-%RPNTE,CASrrpNTEAFF,CASRRPNTEAFF,TRBV2,TRBJ1-1,CAAWYTGTASKLTF,Donor AJD3280:IEL TCRab CD4 Mobile TRM,1.000000,-,-,-,-,-,-,-,-,-,-,-
949,%RPNTE,2.0e-02,2,2,1.8e-07,1.0e+00,5.0e-02,1.3e-01,1.0e-03,2.9e-02,global-%RPNTE,CATDRpNTEAFF,CATDRPNTEAFF,TRBV12-3,TRBJ1-1,CAMRHTGFQKLVF,Donor AJKQ118:PB TCRab CD4 FOXP3+ Treg,2.000000,-,-,-,-,-,-,-,-,-,-,-

950,SE%GDT,2.0e-02,2,2,2.0e-06,1.0e+00,6.9e-02,1.0e+00,1.0e-03,2.9e-02,global-SE%GDT,CASSEpgDTQYF,CASSEPGDTQYF,TRBV6-2,TRBJ2-3,CIVRAAFSDGQKLLF,Donor AJG2309:PB TCRab CD4 Naive/TCM,1.000000,-,-,-,-,-,-,-,-,-,-,-
950,SE%GDT,2.0e-02,2,2,2.0e-06,1.0e+00,6.9e-02,1.0e+00,1.0e-03,2.9e-02,global-SE%GDT,CASSEmgDTQYF,CASSEMGDTQYF,TRBV2,TRBJ2-3,CAVGRVASGSRLTF,Donor AJD3280:L TCRab CD4 TRM,1.000000,-,-,-,-,-,-,-,-,-,-,-

951,SLE%GG,2.0e-02,2,2,1.1e-07,1.0e+00,1.2e-01,3.0e-02,1.0e-03,2.9e-02,global-SLE%GG,CASSLevgGYTF,CASSLEVGGYTF,TRBV7-9,TRBJ1-2,CAASSETSGSRLTF,Donor AJD3280:LP TCRab CD4 Tph,2.000000,-,-,-,-,-,-,-,-,-,-,-
951,SLE%GG,2.0e-02,2,2,1.1e-07,1.0e+00,1.2e-01,3.0e-02,1.0e-03,2.9e-02,global-SLE%GG,CASSLeQGglYF,CASSLEQGGLYF,TRBV5-1,TRBJ2-7,CAFRNTGANSKLTF,Donor AJKQ118:IEL TCRab CD4 TRM,3.000000,-,-,-,-,-,-,-,-,-,-,-
951,SLE%GG,2.0e-02,2,2,1.1e-07,1.0e+00,1.2e-01,3.0e-02,1.0e-03,2.9e-02,global-SLE%GG,CASSLeQGglYF,CASSLEQGGLYF,TRBV5-1,TRBJ2-7,CAFRNTGANSKLTF,Donor AJKQ118:LP TCRab CD4 TRM,1.000000,-,-,-,-,-,-,-,-,-,-,-

952,S%DRNNE,2.0e-02,2,2,2.3e-07,1.0e+00,7.3e-02,1.1e-01,1.0e-03,2.9e-02,global-S%DRNNE,CASSRDRnNEQFF,CASSRDRNNEQFF,TRBV5-1,TRBJ2-1,CAENTGFQKLVF,Donor AJG2309:LP TCRab CD4 TRM,2.000000,-,-,-,-,-,-,-,-,-,-,-
952,S%DRNNE,2.0e-02,2,2,2.3e-07,1.0e+00,7.3e-02,1.1e-01,1.0e-03,2.9e-02,global-S%DRNNE,CAWSvDRnNEQFF,CAWSVDRNNEQFF,TRBV30,TRBJ2-1,CALLVGSSNTGKLIF,Donor AJKQ118:PB TCRab CD4 Naive/TCM,1.000000,-,-,-,-,-,-,-,-,-,-,-

953,SPGG%TDT,2.0e-02,2,2,1.7e-06,1.0e+00,5.9e-02,1.0e+00,1.0e-03,2.9e-02,global-SPGG%TDT,CASSPGGSTDTQYF,CASSPGGSTDTQYF,TRBV7-3,TRBJ2-3,CAASSETGANNLFF,Donor AJD3280:L TCRab CD4 TCM,1.000000,-,-,-,-,-,-,-,-,-,-,-
953,SPGG%TDT,2.0e-02,2,2,1.7e-06,1.0e+00,5.9e-02,1.0e+00,1.0e-03,2.9e-02,global-SPGG%TDT,CASSPgGTTDTQYF,CASSPGGTTDTQYF,TRBV11-2,TRBJ2-3,CALRGGNTGNQFYF,Donor AJKQ118:LP TCRab CD4 FOXP3+ Treg,1.000000,-,-,-,-,-,-,-,-,-,-,-

954,R%GNSP,2.0e-02,1,2,2.9e-08,1.0e+00,1.0e-03,1.0e+00,1.0e-03,2.9e-02,global-R%GNSP,CSARegNSPLHF,CSAREGNSPLHF,TRBV20-1,TRBJ1-6,CAVKESGAGSYQLTF,Donor AJD3280:LP TCRab CD4 Mobile TRM,1.000000,-,-,-,-,-,-,-,-,-,-,-
954,R%GNSP,2.0e-02,1,2,2.9e-08,1.0e+00,1.0e-03,1.0e+00,1.0e-03,2.9e-02,global-R%GNSP,CSARQGNSPLHF,CSARQGNSPLHF,TRBV20-1,TRBJ1-6,CAAGNAGNMLTF,Donor AJD3280:PB TCRab CD4 Naive/TCM,1.000000,-,-,-,-,-,-,-,-,-,-,-

955,S%TGET,2.0e-02,2,2,1.8e-06,1.0e+00,6.1e-02,1.0e+00,1.0e-03,2.9e-02,global-S%TGET,CSASpTGETQYF,CSASPTGETQYF,TRBV20-1,TRBJ2-5,CAEMSDTDKLIF,Donor AJD3280:PB TCRab CD4 FOXP3+ Treg,1.000000,-,-,-,-,-,-,-,-,-,-,-
955,S%TGET,2.0e-02,2,2,1.8e-06,1.0e+00,6.1e-02,1.0e+00,1.0e-03,2.9e-02,global-S%TGET,CASSLTGETQYF,CASSLTGETQYF,TRBV6-6,TRBJ2-5,CAGSRADYKLSF,Donor AJKQ118:LP TCRab CD4 TRM,1.000000,-,-,-,-,-,-,-,-,-,-,-

956,S%GQGNYG,2.0e-02,2,3,1.1e-06,1.0e+00,1.8e-01,1.0e+00,1.0e-03,6.2e-03,global-S%GQGNYG,CASSPGQGNYGYTF,CASSPGQGNYGYTF,TRBV27,TRBJ1-2,CAVKKSGGYQKVTF,Donor AJD3280:LP TCRab CD4 FOXP3+ Treg,1.000000,-,-,-,-,-,-,-,-,-,-,-
956,S%GQGNYG,2.0e-02,2,3,1.1e-06,1.0e+00,1.8e-01,1.0e+00,1.0e-03,6.2e-03,global-S%GQGNYG,CSASaGQGNYGYTF,CSASAGQGNYGYTF,TRBV20-1,TRBJ1-2,CASGAGSYQLTF,Donor AJD3280:PB TCRab CD4 Naive/TCM,1.000000,-,-,-,-,-,-,-,-,-,-,-
956,S%GQGNYG,2.0e-02,2,3,1.1e-06,1.0e+00,1.8e-01,1.0e+00,1.0e-03,6.2e-03,global-S%GQGNYG,CAWSsGQGNYGYTF,CAWSSGQGNYGYTF,TRBV30,TRBJ1-2,CATGPHGSGNTGKLIF,Donor AJKQ118:IEL TCRab CD4 FOXP3+ Treg,1.000000,-,-,-,-,-,-,-,-,-,-,-

957,SLG%GTDT,2.0e-02,3,3,4.4e-07,1.0e+00,3.4e-01,2.1e-01,1.0e-03,6.2e-03,global-SLG%GTDT,CASSLGQGTDTQYF,CASSLGQGTDTQYF,TRBV5-1,TRBJ2-3,CAVSDISGYSTLTF,Donor AJG2309:IEL TCRab CD4 TRM,1.000000,-,-,-,-,-,-,-,-,-,-,-
957,SLG%GTDT,2.0e-02,3,3,4.4e-07,1.0e+00,3.4e-01,2.1e-01,1.0e-03,6.2e-03,global-SLG%GTDT,CASSLGLgTDTQYF,CASSLGLGTDTQYF,TRBV7-6,TRBJ2-3,CILRPGNRDDKIIF,Donor AJD3280:LP TCRab CD4 Poised TCM,1.000000,-,-,-,-,-,-,-,-,-,-,-
957,SLG%GTDT,2.0e-02,3,3,4.4e-07,1.0e+00,3.4e-01,2.1e-01,1.0e-03,6.2e-03,global-SLG%GTDT,CASSLGLgTDTQYF,CASSLGLGTDTQYF,TRBV18,TRBJ2-3,CAGRVIGNEKLTF,Donor AJKQ118:LP TCRab CD4 Poised TCM,1.000000,-,-,-,-,-,-,-,-,-,-,-
957,SLG%GTDT,2.0e-02,3,3,4.4e-07,1.0e+00,3.4e-01,2.1e-01,1.0e-03,6.2e-03,global-SLG%GTDT,CASSLGGgTDTQYF,CASSLGGGTDTQYF,TRBV27,TRBJ2-3,CAVLNTGGFKTIF,Donor AJG2309:LP TCRab CD4 FOXP3+ Treg,2.000000,-,-,-,-,-,-,-,-,-,-,-

958,SR%TGE,2.0e-02,2,3,1.1e-06,1.0e+00,1.8e-01,1.0e+00,1.0e-03,6.2e-03,global-SR%TGE,CASSRsTGELFF,CASSRSTGELFF,TRBV6-6,TRBJ2-2,CAGVTGTASKLTF,Donor AJD3280:PB TCRab CD4 Naive/TCM,1.000000,-,-,-,-,-,-,-,-,-,-,-
958,SR%TGE,2.0e-02,2,3,1.1e-06,1.0e+00,1.8e-01,1.0e+00,1.0e-03,6.2e-03,global-SR%TGE,CASSRpTGELFF,CASSRPTGELFF,TRBV28,TRBJ2-2,CAPYSGAGSYQLTF,Donor AJKQ118:PB TCRab CD4 Naive/TCM,1.000000,-,-,-,-,-,-,-,-,-,-,-
958,SR%TGE,2.0e-02,2,3,1.1e-06,1.0e+00,1.8e-01,1.0e+00,1.0e-03,6.2e-03,global-SR%TGE,CASSRfTGELFF,CASSRFTGELFF,TRBV19,TRBJ2-2,CAFIKTEYGNKLVF,Donor AJKQ118:PB TCRab CD4 Naive/TCM,1.000000,-,-,-,-,-,-,-,-,-,-,-

959,SLV%GQET,2.0e-02,2,2,1.8e-06,1.0e+00,6.3e-02,1.0e+00,1.0e-03,2.9e-02,global-SLV%GQET,CASSLvRGQETQYF,CASSLVRGQETQYF,TRBV2,TRBJ2-5,CAASARISYNTDKLIF,Donor AJD3280:LP TCRab CD4 TRM,1.000000,-,-,-,-,-,-,-,-,-,-,-
959,SLV%GQET,2.0e-02,2,2,1.8e-06,1.0e+00,6.3e-02,1.0e+00,1.0e-03,2.9e-02,global-SLV%GQET,CASSLvGGQETQYF,CASSLVGGQETQYF,TRBV7-2,TRBJ2-5,CAASKAGNTGKLIF,Donor AJKQ118:PB TCRab CD4 Naive/TCM,1.000000,-,-,-,-,-,-,-,-,-,-,-

960,SLEQG%YNE,2.0e-02,1,2,5.2e-09,1.0e+00,1.0e-03,1.8e-01,1.0e-03,2.9e-02,global-SLEQG%YNE,CASSLeQGSYNEQFF,CASSLEQGSYNEQFF,TRBV11-3,TRBJ2-1,CAGFPLLNTDKLIF,Donor AJKQ118:L TCRab CD4 TRM,2.000000,-,-,-,-,-,-,-,-,-,-,-
960,SLEQG%YNE,2.0e-02,1,2,5.2e-09,1.0e+00,1.0e-03,1.8e-01,1.0e-03,2.9e-02,global-SLEQG%YNE,CASSLeQGSYNEQFF,CASSLEQGSYNEQFF,TRBV11-3,TRBJ2-1,CAMRAYQGGSEKLVF,Donor AJKQ118:LP TCRab CD4 TRM,1.000000,-,-,-,-,-,-,-,-,-,-,-
960,SLEQG%YNE,2.0e-02,1,2,5.2e-09,1.0e+00,1.0e-03,1.8e-01,1.0e-03,2.9e-02,global-SLEQG%YNE,CASSLeQGdYNEQFF,CASSLEQGDYNEQFF,TRBV11-3,TRBJ2-1,CATESGATNKLIF,Donor AJKQ118:L TCRab CD4 TRM,1.000000,-,-,-,-,-,-,-,-,-,-,-

961,S%GLAGYE,2.0e-02,1,2,1.6e-06,1.0e+00,5.6e-02,1.0e+00,1.0e-03,2.9e-02,global-S%GLAGYE,CASStGLAGYEQYF,CASSTGLAGYEQYF,TRBV3-1,TRBJ2-7,CALSSYGNKLVF,Donor AJD3280:LP TCRab CD4 TRM,1.000000,-,-,-,-,-,-,-,-,-,-,-
961,S%GLAGYE,2.0e-02,1,2,1.6e-06,1.0e+00,5.6e-02,1.0e+00,1.0e-03,2.9e-02,global-S%GLAGYE,CASSPGLAGyEQFF,CASSPGLAGYEQFF,TRBV7-2,TRBJ2-1,CAASRGSQGNLIF,Donor AJD3280:LP TCRab CD4 Mobile TRM,1.000000,-,-,-,-,-,-,-,-,-,-,-

962,SP%AYE,2.0e-02,1,2,2.3e-06,1.0e+00,7.8e-02,1.0e+00,1.0e-03,2.9e-02,global-SP%AYE,CASSPgaYEQYF,CASSPGAYEQYF,TRBV18,TRBJ2-7,CIVRDGTSYDKVIF,Donor AJD3280:LP TCRab CD4 Tph,1.000000,-,-,-,-,-,-,-,-,-,-,-
962,SP%AYE,2.0e-02,1,2,2.3e-06,1.0e+00,7.8e-02,1.0e+00,1.0e-03,2.9e-02,global-SP%AYE,CASSPpaYEQYF,CASSPPAYEQYF,TRBV7-8,TRBJ2-7,CAVSDPYAGGTSYGKLTF,Donor AJD3280:PB TCRab CD4 FOXP3+ Treg,1.000000,-,-,-,-,-,-,-,-,-,-,-

963,SDR%YG,2.0e-02,1,2,2.0e-06,1.0e+00,6.8e-02,1.0e+00,1.0e-03,2.9e-02,global-SDR%YG,CASSDrpYGYTF,CASSDRPYGYTF,TRBV6-2,TRBJ1-2,CALSEAGGAQKLVF,Donor AJD3280:LP TCRab CD4 Naive/TCM,1.000000,-,-,-,-,-,-,-,-,-,-,-
963,SDR%YG,2.0e-02,1,2,2.0e-06,1.0e+00,6.8e-02,1.0e+00,1.0e-03,2.9e-02,global-SDR%YG,CAISdREYGYTF,CAISDREYGYTF,TRBV10-3,TRBJ1-2,CALSVEEGAQKLVF,Donor AJD3280:L TCRab CD4 TCM,1.000000,-,-,-,-,-,-,-,-,-,-,-

964,SRDR%T,2.0e-02,2,2,2.3e-06,1.0e+00,7.9e-02,1.0e+00,1.0e-03,2.9e-02,global-SRDR%T,CATSRDRyTQYF,CATSRDRYTQYF,TRBV15,TRBJ2-5,CALSGGNTGNQFYF,Donor AJD3280:PB TCRab CD4 Naive/TCM,1.000000,-,-,-,-,-,-,-,-,-,-,-
964,SRDR%T,2.0e-02,2,2,2.3e-06,1.0e+00,7.9e-02,1.0e+00,1.0e-03,2.9e-02,global-SRDR%T,CASSRDRDTQYF,CASSRDRDTQYF,TRBV18,TRBJ2-3,CAGLTGGTSYGKLTF,Donor AJG2309:PB TCRab CD4 Naive/TCM,1.000000,-,-,-,-,-,-,-,-,-,-,-

965,SL%GSTE,2.0e-02,2,2,2.4e-07,1.0e+00,7.0e-02,1.2e-01,1.0e-03,2.9e-02,global-SL%GSTE,CASSLygsTEAFF,CASSLYGSTEAFF,TRBV5-1,TRBJ1-1,CAASATGTYKYIF,Donor AJKQ118:L TCRab CD4 TCM,1.000000,-,-,-,-,-,-,-,-,-,-,-
965,SL%GSTE,2.0e-02,2,2,2.4e-07,1.0e+00,7.0e-02,1.2e-01,1.0e-03,2.9e-02,global-SL%GSTE,CASSLTGsTEAFF,CASSLTGSTEAFF,TRBV11-1,TRBJ1-1,CALIIQGAQKLVF,Donor AJD3280:LP TCRab CD4 TRM,2.000000,-,-,-,-,-,-,-,-,-,-,-

966,SLR%GTE,2.0e-02,2,2,1.8e-06,1.0e+00,6.3e-02,1.0e+00,1.0e-03,2.9e-02,global-SLR%GTE,CASSLrRGTEAFF,CASSLRRGTEAFF,TRBV7-3,TRBJ1-1,CAASRYNQGGKLIF,Donor AJG2309:LP TCRab CD4 TRM,1.000000,-,-,-,-,-,-,-,-,-,-,-
966,SLR%GTE,2.0e-02,2,2,1.8e-06,1.0e+00,6.3e-02,1.0e+00,1.0e-03,2.9e-02,global-SLR%GTE,CASSLRGgTEAFF,CASSLRGGTEAFF,TRBV12-3,TRBJ1-1,CALYRASGGSYIPTF,Donor AJKQ118:PB TCRab CD4 Naive/TCM,1.000000,-,-,-,-,-,-,-,-,-,-,-

967,S%GGPGNT,2.0e-02,2,2,2.0e-06,1.0e+00,6.9e-02,1.0e+00,1.0e-03,2.9e-02,global-S%GGPGNT,CASSLGGpGNTIYF,CASSLGGPGNTIYF,TRBV28,TRBJ1-3,CAVILYNFNKFYF,Donor AJG2309:PB TCRab CD4 Naive/TCM,1.000000,-,-,-,-,-,-,-,-,-,-,-
967,S%GGPGNT,2.0e-02,2,2,2.0e-06,1.0e+00,6.9e-02,1.0e+00,1.0e-03,2.9e-02,global-S%GGPGNT,CASSfGGpGNTIYF,CASSFGGPGNTIYF,TRBV5-1,TRBJ1-3,CAVGAWNNAGNMLTF,Donor AJD3280:LP TCRab CD4 Poised TCM,1.000000,-,-,-,-,-,-,-,-,-,-,-

968,SSG%GNQP,2.0e-02,1,2,2.1e-06,1.0e+00,7.2e-02,1.0e+00,1.0e-03,2.9e-02,global-SSG%GNQP,CASSSgvgNQPQHF,CASSSGVGNQPQHF,TRBV19,TRBJ1-5,CAMSNSNYQLIW,Donor AJD3280:LP TCRab CD4 TRM,1.000000,-,-,-,-,-,-,-,-,-,-,-
968,SSG%GNQP,2.0e-02,1,2,2.1e-06,1.0e+00,7.2e-02,1.0e+00,1.0e-03,2.9e-02,global-SSG%GNQP,CASSSgpgNQPQHF,CASSSGPGNQPQHF,TRBV7-9,TRBJ1-5,CAVPRGGSARQLTF,Donor AJD3280:PB TCRab CD4 Naive/TCM,1.000000,-,-,-,-,-,-,-,-,-,-,-

969,SL%SGGTYE,2.0e-02,2,2,1.1e-09,1.0e+00,1.0e-03,3.7e-02,1.0e-03,2.9e-02,global-SL%SGGTYE,CASSLmSGGtYEQYF,CASSLMSGGTYEQYF,TRBV27,TRBJ2-7,CVVNQRGNYQLIW,Donor AJD3280:LP TCRab CD4 Poised TCM,1.000000,-,-,-,-,-,-,-,-,-,-,-
969,SL%SGGTYE,2.0e-02,2,2,1.1e-09,1.0e+00,1.0e-03,3.7e-02,1.0e-03,2.9e-02,global-SL%SGGTYE,CASSLlSGGtYEQYF,CASSLLSGGTYEQYF,TRBV27,TRBJ2-7,CACPNFGNEKLTF,Donor AJKQ118:PB TCRab CD4 FOXP3+ Treg,3.000000,-,-,-,-,-,-,-,-,-,-,-

970,RT%SYE,2.0e-02,3,3,6.9e-07,1.0e+00,1.1e-01,1.0e+00,1.0e-03,6.2e-03,global-RT%SYE,CSgrTSSYEQYF,CSGRTSSYEQYF,TRBV29-1,TRBJ2-7,CAGGNKLVF,Donor AJG2309:LP TCRab CD4 TRM,1.000000,-,-,-,-,-,-,-,-,-,-,-
970,RT%SYE,2.0e-02,3,3,6.9e-07,1.0e+00,1.1e-01,1.0e+00,1.0e-03,6.2e-03,global-RT%SYE,CSVrtdSYEQYF,CSVRTDSYEQYF,TRBV29-1,TRBJ2-7,CVVRETGANNLFF,Donor AJKQ118:PB TCRab CD4 Naive/TCM,1.000000,-,-,-,-,-,-,-,-,-,-,-
970,RT%SYE,2.0e-02,3,3,6.9e-07,1.0e+00,1.1e-01,1.0e+00,1.0e-03,6.2e-03,global-RT%SYE,CSARtnSYEQYF,CSARTNSYEQYF,TRBV20-1,TRBJ2-7,CAGGATNKLIF,Donor AJD3280:LP TCRab CD4 Mobile TRM,1.000000,-,-,-,-,-,-,-,-,-,-,-

971,SLN%E,2.0e-02,1,2,1.7e-06,1.0e+00,5.7e-02,1.0e+00,1.0e-03,2.9e-02,global-SLN%E,CASSLNTEAFF,CASSLNTEAFF,TRBV6-5,TRBJ1-1,CAANSGGSNYKLTF,Donor AJKQ118:PB TCRab CD4 Naive/TCM,1.000000,-,-,-,-,-,-,-,-,-,-,-
971,SLN%E,2.0e-02,1,2,1.7e-06,1.0e+00,5.7e-02,1.0e+00,1.0e-03,2.9e-02,global-SLN%E,CASSLnYEQYF,CASSLNYEQYF,TRBV5-1,TRBJ2-7,CAAEDSNYQLIW,Donor AJKQ118:PB TCRab CD4 FOXP3+ Treg,1.000000,-,-,-,-,-,-,-,-,-,-,-

972,S%LNTE,2.0e-02,2,3,1.2e-06,1.0e+00,2.0e-01,1.0e+00,1.0e-03,6.2e-03,global-S%LNTE,CASSSlNTEAFF,CASSSLNTEAFF,TRBV27,TRBJ1-1,CASDTGRRALTF,Donor AJG2309:LP TCRab CD4 Poised TCM,1.000000,-,-,-,-,-,-,-,-,-,-,-
972,S%LNTE,2.0e-02,2,3,1.2e-06,1.0e+00,2.0e-01,1.0e+00,1.0e-03,6.2e-03,global-S%LNTE,CAgSGlNTEAFF,CAGSGLNTEAFF,TRBV28,TRBJ1-1,CAVEDWNTGGFKTIF,Donor AJKQ118:PB TCRab CD4 Naive/TCM,1.000000,-,-,-,-,-,-,-,-,-,-,-
972,S%LNTE,2.0e-02,2,3,1.2e-06,1.0e+00,2.0e-01,1.0e+00,1.0e-03,6.2e-03,global-S%LNTE,CASSRlNTEAFF,CASSRLNTEAFF,TRBV5-1,TRBJ1-1,CAERGNNNDMRF,Donor AJKQ118:PB TCRab CD4 Naive/TCM,1.000000,-,-,-,-,-,-,-,-,-,-,-

973,SAG%STDT,2.0e-02,2,2,2.2e-06,1.0e+00,7.7e-02,1.0e+00,1.0e-03,2.9e-02,global-SAG%STDT,CASSaGTSTDTQYF,CASSAGTSTDTQYF,TRBV6-4,TRBJ2-3,CAVRDSNYQLIW,Donor AJD3280:LP TCRab CD4 TRM,1.000000,-,-,-,-,-,-,-,-,-,-,-
973,SAG%STDT,2.0e-02,2,2,2.2e-06,1.0e+00,7.7e-02,1.0e+00,1.0e-03,2.9e-02,global-SAG%STDT,CASSAGGSTDTQYF,CASSAGGSTDTQYF,TRBV7-3,TRBJ2-3,CALSDHQAGRRALTF,Donor AJG2309:PB TCRab CD4 Naive/TCM,1.000000,-,-,-,-,-,-,-,-,-,-,-

974,SLEG%DT,2.0e-02,1,2,2.0e-06,1.0e+00,7.0e-02,1.0e+00,1.0e-03,2.9e-02,global-SLEG%DT,CASSLegTDTQYF,CASSLEGTDTQYF,TRBV5-1,TRBJ2-3,CAVLRDRKLTF,Donor AJG2309:PB TCRab CD4 Naive/TCM,1.000000,-,-,-,-,-,-,-,-,-,-,-
974,SLEG%DT,2.0e-02,1,2,2.0e-06,1.0e+00,7.0e-02,1.0e+00,1.0e-03,2.9e-02,global-SLEG%DT,CASSLeGRDTQYF,CASSLEGRDTQYF,TRBV7-9,TRBJ2-3,CAPLSGGYNKLIF,Donor AJG2309:LP TCRab CD4 TRM,1.000000,-,-,-,-,-,-,-,-,-,-,-

975,SLGDR%YE,2.0e-02,2,2,1.6e-06,1.0e+00,5.6e-02,1.0e+00,1.0e-03,2.9e-02,global-SLGDR%YE,CASSLgDRGYEQYF,CASSLGDRGYEQYF,TRBV7-8,TRBJ2-7,CALSDRAGNQFYF,Donor AJKQ118:PB TCRab CD4 Naive/TCM,1.000000,-,-,-,-,-,-,-,-,-,-,-
975,SLGDR%YE,2.0e-02,2,2,1.6e-06,1.0e+00,5.6e-02,1.0e+00,1.0e-03,2.9e-02,global-SLGDR%YE,CASSLgDRvYEQYF,CASSLGDRVYEQYF,TRBV5-6,TRBJ2-7,CAVSNTNAGKSTF,Donor AJG2309:LP TCRab CD4 TRM,1.000000,-,-,-,-,-,-,-,-,-,-,-

976,SLD%SGANV,2.0e-02,1,2,1.7e-06,1.0e+00,6.0e-02,1.0e+00,1.0e-03,2.9e-02,global-SLD%SGANV,CASSLdaSGANVLTF,CASSLDASGANVLTF,TRBV5-1,TRBJ2-6,CAVQASGNTPLVF,Donor AJG2309:PB TCRab CD4 Naive/TCM,1.000000,-,-,-,-,-,-,-,-,-,-,-
976,SLD%SGANV,2.0e-02,1,2,1.7e-06,1.0e+00,6.0e-02,1.0e+00,1.0e-03,2.9e-02,global-SLD%SGANV,CASSLdvSGANVLTF,CASSLDVSGANVLTF,TRBV7-2,TRBJ2-6,CVVRKEQAGTALIF,Donor AJG2309:PB TCRab CD4 FOXP3+ Treg,1.000000,-,-,-,-,-,-,-,-,-,-,-

977,SLG%GNTGE,2.0e-02,1,2,1.9e-06,1.0e+00,6.6e-02,1.0e+00,1.0e-03,2.9e-02,global-SLG%GNTGE,CASSLGLgNTGELFF,CASSLGLGNTGELFF,TRBV5-4,TRBJ2-2,CAVPSMNSGYSTLTF,Donor AJG2309:PB TCRab CD4 FOXP3+ Treg,1.000000,-,-,-,-,-,-,-,-,-,-,-
977,SLG%GNTGE,2.0e-02,1,2,1.9e-06,1.0e+00,6.6e-02,1.0e+00,1.0e-03,2.9e-02,global-SLG%GNTGE,CASSLgAGNTGELFF,CASSLGAGNTGELFF,TRBV7-6,TRBJ2-2,CALRGLFKAAGNKLTF,Donor AJG2309:PB TCRab CD4 Naive/TCM,1.000000,-,-,-,-,-,-,-,-,-,-,-

978,SLG%E,2.2e-02,3,4,2.7e-07,1.0e+00,7.5e-01,1.6e-01,1.0e-03,2.3e-03,global-SLG%E,CASSLGGEQFF,CASSLGGEQFF,TRBV7-6,TRBJ2-1,CAVAGTNFGNEKLTF,Donor AJG2309:LP TCRab CD4 TRM,2.000000,-,-,-,-,-,-,-,-,-,-,-
978,SLG%E,2.2e-02,3,4,2.7e-07,1.0e+00,7.5e-01,1.6e-01,1.0e-03,2.3e-03,global-SLG%E,CASSLGGEQFF,CASSLGGEQFF,TRBV11-1,TRBJ2-1,CAASSFYNQGGKLIF,Donor AJKQ118:PB TCRab CD4 FOXP3+ Treg,1.000000,-,-,-,-,-,-,-,-,-,-,-
978,SLG%E,2.2e-02,3,4,2.7e-07,1.0e+00,7.5e-01,1.6e-01,1.0e-03,2.3e-03,global-SLG%E,CASSLGGEQFF,CASSLGGEQFF,TRBV7-9,TRBJ2-1,CAASAVNTNAGKSTF,Donor AJKQ118:PB TCRab CD4 Naive/TCM,1.000000,-,-,-,-,-,-,-,-,-,-,-
978,SLG%E,2.2e-02,3,4,2.7e-07,1.0e+00,7.5e-01,1.6e-01,1.0e-03,2.3e-03,global-SLG%E,CASSLgpEAFF,CASSLGPEAFF,TRBV5-4,TRBJ1-1,CAFMKSYRQGAQKLVF,Donor AJKQ118:L TCRab CD4 TRM,1.000000,-,-,-,-,-,-,-,-,-,-,-
978,SLG%E,2.2e-02,3,4,2.7e-07,1.0e+00,7.5e-01,1.6e-01,1.0e-03,2.3e-03,global-SLG%E,CASSLgYEQYF,CASSLGYEQYF,TRBV12-3,TRBJ2-7,CAVEVFSGNTPLVF,Donor AJD3280:LP TCRab CD4 TRM,2.000000,-,-,-,-,-,-,-,-,-,-,-
978,SLG%E,2.2e-02,3,4,2.7e-07,1.0e+00,7.5e-01,1.6e-01,1.0e-03,2.3e-03,global-SLG%E,CASSLgYEQYF,CASSLGYEQYF,TRBV7-2,TRBJ2-7,CAPTNTGGFKTIF,Donor AJG2309:PB TCRab CD4 Naive/TCM,1.000000,-,-,-,-,-,-,-,-,-,-,-
978,SLG%E,2.2e-02,3,4,2.7e-07,1.0e+00,7.5e-01,1.6e-01,1.0e-03,2.3e-03,global-SLG%E,CASSLGQEQYF,CASSLGQEQYF,TRBV3-1,TRBJ2-7,CAARRRTGSARQLTF,Donor AJKQ118:PB TCRab CD4 Naive/TCM,1.000000,-,-,-,-,-,-,-,-,-,-,-

979,S%YNE,2.2e-02,2,4,1.1e-07,1.0e+00,4.5e-02,1.0e+00,1.0e-03,2.3e-03,global-S%YNE,CASSPYNEQFF,CASSPYNEQFF,TRBV6-2,TRBJ2-1,CAVSKIQGAQKLVF,Donor AJD3280:LP TCRab CD4 Poised TCM,1.000000,-,-,-,-,-,-,-,-,-,-,-
979,S%YNE,2.2e-02,2,4,1.1e-07,1.0e+00,4.5e-02,1.0e+00,1.0e-03,2.3e-03,global-S%YNE,CASSaYNEQFF,CASSAYNEQFF,TRBV5-4,TRBJ2-1,CAFMQSLSGNTGKLIF,Donor AJKQ118:PB TCRab CD4 Naive/TCM,1.000000,-,-,-,-,-,-,-,-,-,-,-
979,S%YNE,2.2e-02,2,4,1.1e-07,1.0e+00,4.5e-02,1.0e+00,1.0e-03,2.3e-03,global-S%YNE,CASSLYNEQFF,CASSLYNEQFF,TRBV7-2,TRBJ2-1,CVVPSGAGSYQLTF,Donor AJKQ118:PB TCRab CD4 Naive/TCM,1.000000,-,-,-,-,-,-,-,-,-,-,-
979,S%YNE,2.2e-02,2,4,1.1e-07,1.0e+00,4.5e-02,1.0e+00,1.0e-03,2.3e-03,global-S%YNE,CASSDYNEQFF,CASSDYNEQFF,TRBV5-4,TRBJ2-1,CAFMQSLSGNTGKLIF,Donor AJKQ118:PB TCRab CD4 Naive/TCM,1.000000,-,-,-,-,-,-,-,-,-,-,-

980,SRD%SYE,2.2e-02,2,3,1.1e-06,1.0e+00,1.8e-01,1.0e+00,1.0e-03,6.2e-03,global-SRD%SYE,CASSRdsSYEQYF,CASSRDSSYEQYF,TRBV7-9,TRBJ2-7,CALSTGAGGTSYGKLTF,Donor AJKQ118:PB TCRab CD4 Naive/TCM,1.000000,-,-,-,-,-,-,-,-,-,-,-
980,SRD%SYE,2.2e-02,2,3,1.1e-06,1.0e+00,1.8e-01,1.0e+00,1.0e-03,6.2e-03,global-SRD%SYE,CASSRdaSYEQYF,CASSRDASYEQYF,TRBV6-6,TRBJ2-7,CAASESGGSQGNLIF,Donor AJG2309:LP TCRab CD4 TRM,1.000000,-,-,-,-,-,-,-,-,-,-,-
980,SRD%SYE,2.2e-02,2,3,1.1e-06,1.0e+00,1.8e-01,1.0e+00,1.0e-03,6.2e-03,global-SRD%SYE,CSASrdnSYEQYF,CSASRDNSYEQYF,TRBV20-1,TRBJ2-7,CAVAWNQAGTALIF,Donor AJG2309:PB TCRab CD4 Naive/TCM,1.000000,-,-,-,-,-,-,-,-,-,-,-

981,SGG%TDT,2.2e-02,2,3,4.7e-09,1.0e+00,5.0e-03,1.5e-01,1.0e-03,6.2e-03,global-SGG%TDT,CASSGGSTDTQYF,CASSGGSTDTQYF,TRBV12-3,TRBJ2-3,CALSEGGTDKLIF,Donor AJKQ118:IEL TCRab CD4 TRM,1.000000,-,-,-,-,-,-,-,-,-,-,-
981,SGG%TDT,2.2e-02,2,3,4.7e-09,1.0e+00,5.0e-03,1.5e-01,1.0e-03,6.2e-03,global-SGG%TDT,CSASGGgTDTQYF,CSASGGGTDTQYF,TRBV20-1,TRBJ2-3,CALLRSNDYKLSF,Donor AJD3280:L TCRab CD4 TRM,2.000000,-,-,-,-,-,-,-,-,-,-,-
981,SGG%TDT,2.2e-02,2,3,4.7e-09,1.0e+00,5.0e-03,1.5e-01,1.0e-03,6.2e-03,global-SGG%TDT,CSTSGGkTDTQYF,CSTSGGKTDTQYF,TRBV20-1,TRBJ2-3,CALSGYSGNTPLVF,Donor AJD3280:LP TCRab CD4 TRM,1.000000,-,-,-,-,-,-,-,-,-,-,-

982,S%RRE,2.3e-02,1,2,2.2e-06,1.0e+00,7.5e-02,1.0e+00,1.0e-03,2.9e-02,global-S%RRE,CASShrrELFF,CASSHRRELFF,TRBV3-1,TRBJ2-2,CIVSSQRLTQGGSEKLVF,Donor AJD3280:PB TCRab CD4 Naive/TCM,1.000000,-,-,-,-,-,-,-,-,-,-,-
982,S%RRE,2.3e-02,1,2,2.2e-06,1.0e+00,7.5e-02,1.0e+00,1.0e-03,2.9e-02,global-S%RRE,CASSQrrEAFF,CASSQRREAFF,TRBV14,TRBJ1-1,CALLPLYNQGGKLIF,Donor AJD3280:LP TCRab CD4 Naive/TCM,1.000000,-,-,-,-,-,-,-,-,-,-,-

983,SL%DQP,2.3e-02,1,2,2.1e-06,1.0e+00,7.2e-02,1.0e+00,1.0e-03,2.9e-02,global-SL%DQP,CASSLedQPQHF,CASSLEDQPQHF,TRBV12-3,TRBJ1-5,CASSGSARQLTF,Donor AJD3280:IEL TCRab CD4 TRM,1.000000,-,-,-,-,-,-,-,-,-,-,-
983,SL%DQP,2.3e-02,1,2,2.1e-06,1.0e+00,7.2e-02,1.0e+00,1.0e-03,2.9e-02,global-SL%DQP,CASSLqdQPQHF,CASSLQDQPQHF,TRBV7-9,TRBJ1-5,CALIKAAGNKLTF,Donor AJD3280:LP TCRab CD4 TRM,1.000000,-,-,-,-,-,-,-,-,-,-,-

984,SQT%E,2.3e-02,1,2,2.9e-08,1.0e+00,1.0e-03,1.0e+00,1.0e-03,2.9e-02,global-SQT%E,CASSQtTEAFF,CASSQTTEAFF,TRBV3-1,TRBJ1-1,CAVNRNARLMF,Donor AJKQ118:PB TCRab CD4 FOXP3+ Treg,1.000000,-,-,-,-,-,-,-,-,-,-,-
984,SQT%E,2.3e-02,1,2,2.9e-08,1.0e+00,1.0e-03,1.0e+00,1.0e-03,2.9e-02,global-SQT%E,CASSQTGELFF,CASSQTGELFF,TRBV3-1,TRBJ2-2,CAASIPGNQFYF,Donor AJKQ118:PB TCRab CD4 FOXP3+ Treg,1.000000,-,-,-,-,-,-,-,-,-,-,-

985,SRS%DT,2.3e-02,2,2,1.8e-06,1.0e+00,6.1e-02,1.0e+00,1.0e-03,2.9e-02,global-SRS%DT,CSASrseDTQYF,CSASRSEDTQYF,TRBV20-1,TRBJ2-3,CAASLYTGTASKLTF,Donor AJD3280:L TCRab CD4 TRM,1.000000,-,-,-,-,-,-,-,-,-,-,-
985,SRS%DT,2.3e-02,2,2,1.8e-06,1.0e+00,6.1e-02,1.0e+00,1.0e-03,2.9e-02,global-SRS%DT,CASSRSTDTQYF,CASSRSTDTQYF,TRBV28,TRBJ2-3,CATDPRTDKLIF,Donor AJKQ118:PB TCRab CD4 FOXP3+ Treg,1.000000,-,-,-,-,-,-,-,-,-,-,-

986,SV%GTGE,2.3e-02,2,2,1.5e-06,1.0e+00,5.0e-02,1.0e+00,1.0e-03,2.9e-02,global-SV%GTGE,CASSVGGTGELFF,CASSVGGTGELFF,TRBV9,TRBJ2-2,CAGEGLLTGGGNKLTF,Donor AJG2309:L TCRab CD4 TRM,1.000000,-,-,-,-,-,-,-,-,-,-,-
986,SV%GTGE,2.3e-02,2,2,1.5e-06,1.0e+00,5.0e-02,1.0e+00,1.0e-03,2.9e-02,global-SV%GTGE,CSASvvgTGELFF,CSASVVGTGELFF,TRBV20-1,TRBJ2-2,CALSDLRDFGNEKLTF,Donor AJKQ118:PB TCRab CD4 Naive/TCM,1.000000,-,-,-,-,-,-,-,-,-,-,-

987,S%QGDYG,2.3e-02,2,2,2.2e-07,1.0e+00,7.1e-02,1.1e-01,1.0e-03,2.9e-02,global-S%QGDYG,CASSLQGdYGYTF,CASSLQGDYGYTF,TRBV5-8,TRBJ1-2,CAVEGGTASKLTF,Donor AJD3280:LP TCRab CD4 Tph,2.000000,-,-,-,-,-,-,-,-,-,-,-
987,S%QGDYG,2.3e-02,2,2,2.2e-07,1.0e+00,7.1e-02,1.1e-01,1.0e-03,2.9e-02,global-S%QGDYG,CASSRQGdYGYTF,CASSRQGDYGYTF,TRBV12-4,TRBJ1-2,CALQIYNQGGKLIF,Donor AJKQ118:PB TCRab CD4 FOXP3+ Treg,1.000000,-,-,-,-,-,-,-,-,-,-,-

988,SLE%GTE,2.3e-02,2,2,2.4e-06,1.0e+00,8.2e-02,1.0e+00,1.0e-03,2.9e-02,global-SLE%GTE,CASSLeQGTEAFF,CASSLEQGTEAFF,TRBV7-9,TRBJ1-1,CAASHPASKLTF,Donor AJG2309:PB TCRab CD4 Naive/TCM,1.000000,-,-,-,-,-,-,-,-,-,-,-
988,SLE%GTE,2.3e-02,2,2,2.4e-06,1.0e+00,8.2e-02,1.0e+00,1.0e-03,2.9e-02,global-SLE%GTE,CASSLemgTEAFF,CASSLEMGTEAFF,TRBV11-3,TRBJ1-1,CAPRKDPNAGGTSYGKLTF,Donor AJKQ118:L TCRab CD4 TRM,1.000000,-,-,-,-,-,-,-,-,-,-,-

989,RGLAG%E,2.3e-02,1,2,1.5e-06,1.0e+00,5.3e-02,1.0e+00,1.0e-03,2.9e-02,global-RGLAG%E,CASrGLAGYEQYF,CASRGLAGYEQYF,TRBV6-5,TRBJ2-7,CAVGYTGTASKLTF,Donor AJD3280:LP TCRab CD4 Tph,1.000000,-,-,-,-,-,-,-,-,-,-,-
989,RGLAG%E,2.3e-02,1,2,1.5e-06,1.0e+00,5.3e-02,1.0e+00,1.0e-03,2.9e-02,global-RGLAG%E,CASrGLAGdEQYF,CASRGLAGDEQYF,TRBV3-1,TRBJ2-7,CAVAGGSYIPTF,Donor AJD3280:L TCRab CD4 TCM,1.000000,-,-,-,-,-,-,-,-,-,-,-

990,SLVG%NTE,2.3e-02,1,2,2.9e-08,1.0e+00,1.0e-03,1.0e+00,1.0e-03,2.9e-02,global-SLVG%NTE,CASSLvgkNTEAFF,CASSLVGKNTEAFF,TRBV7-2,TRBJ1-1,CAVNGNYQLIW,Donor AJKQ118:PB TCRab CD4 Naive/TCM,1.000000,-,-,-,-,-,-,-,-,-,-,-
990,SLVG%NTE,2.3e-02,1,2,2.9e-08,1.0e+00,1.0e-03,1.0e+00,1.0e-03,2.9e-02,global-SLVG%NTE,CASSLvGGNTEAFF,CASSLVGGNTEAFF,TRBV7-2,TRBJ1-1,CAASDGSSNTGKLIF,Donor AJKQ118:L TCRab CD4 TRM,1.000000,-,-,-,-,-,-,-,-,-,-,-

991,SI%GE,2.3e-02,2,2,2.2e-06,1.0e+00,7.4e-02,1.0e+00,1.0e-03,2.9e-02,global-SI%GE,CASSIaGELFF,CASSIAGELFF,TRBV19,TRBJ2-2,CAENIKDGQKLLF,Donor AJKQ118:PB TCRab CD4 Naive/TCM,1.000000,-,-,-,-,-,-,-,-,-,-,-
991,SI%GE,2.3e-02,2,2,2.2e-06,1.0e+00,7.4e-02,1.0e+00,1.0e-03,2.9e-02,global-SI%GE,CASSIigeeYF,CASSIIGEEYF,TRBV6-1,TRBJ2-7,CAVSDTGGFKTIF,Donor AJD3280:IEL TCRab CD4 TRM,1.000000,-,-,-,-,-,-,-,-,-,-,-

992,SQ%NYG,2.3e-02,1,2,2.2e-06,1.0e+00,7.7e-02,1.0e+00,1.0e-03,2.9e-02,global-SQ%NYG,CASSQnNYGYTF,CASSQNNYGYTF,TRBV4-3,TRBJ1-2,CGLNAGNMLTF,Donor AJKQ118:LP TCRab CD4 TRM,1.000000,-,-,-,-,-,-,-,-,-,-,-
992,SQ%NYG,2.3e-02,1,2,2.2e-06,1.0e+00,7.7e-02,1.0e+00,1.0e-03,2.9e-02,global-SQ%NYG,CASSQgNYGYTF,CASSQGNYGYTF,TRBV16,TRBJ1-2,CAVRLNTGNQFYF,Donor AJKQ118:PB TCRab CD4 Naive/TCM,1.000000,-,-,-,-,-,-,-,-,-,-,-

993,GTG%GE,2.3e-02,1,2,1.9e-06,1.0e+00,6.5e-02,1.0e+00,1.0e-03,2.9e-02,global-GTG%GE,CAWGTGaGELFF,CAWGTGAGELFF,TRBV30,TRBJ2-2,CAVSSAEGTYKYIF,Donor AJKQ118:PB TCRab CD4 Naive/TCM,1.000000,-,-,-,-,-,-,-,-,-,-,-
993,GTG%GE,2.3e-02,1,2,1.9e-06,1.0e+00,6.5e-02,1.0e+00,1.0e-03,2.9e-02,global-GTG%GE,CSVGTGTGELFF,CSVGTGTGELFF,TRBV20-1,TRBJ2-2,CAASTGGGNKLTF,Donor AJKQ118:PB TCRab CD4 Naive/TCM,1.000000,-,-,-,-,-,-,-,-,-,-,-

994,R%VMNTE,2.3e-02,2,2,2.1e-06,1.0e+00,7.2e-02,1.0e+00,1.0e-03,2.9e-02,global-R%VMNTE,CASravmNTEAFF,CASRAVMNTEAFF,TRBV12-3,TRBJ1-1,CVVMGGRTTDSWGKLQF,Donor AJG2309:LP TCRab CD4 Poised TCM,1.000000,-,-,-,-,-,-,-,-,-,-,-
994,R%VMNTE,2.3e-02,2,2,2.1e-06,1.0e+00,7.2e-02,1.0e+00,1.0e-03,2.9e-02,global-R%VMNTE,CAWrrvmNTEAFF,CAWRRVMNTEAFF,TRBV30,TRBJ1-1,CAVSPNSNYQLIW,Donor AJKQ118:PB TCRab CD4 Naive/TCM,1.000000,-,-,-,-,-,-,-,-,-,-,-

995,%PGDT,2.3e-02,2,2,4.1e-07,1.0e+00,1.4e-02,1.0e+00,1.0e-03,2.9e-02,global-%PGDT,CASSPgDTQYF,CASSPGDTQYF,TRBV18,TRBJ2-3,CILRDVLNAGGTSYGKLTF,Donor AJKQ118:IEL TCRab CD4 TRM,1.000000,-,-,-,-,-,-,-,-,-,-,-
995,%PGDT,2.3e-02,2,2,4.1e-07,1.0e+00,1.4e-02,1.0e+00,1.0e-03,2.9e-02,global-%PGDT,CASSPgDTQYF,CASSPGDTQYF,TRBV18,TRBJ2-3,CAYRSAHGGSEKLVF,Donor AJKQ118:L TCRab CD4 TRM,1.000000,-,-,-,-,-,-,-,-,-,-,-
995,%PGDT,2.3e-02,2,2,4.1e-07,1.0e+00,1.4e-02,1.0e+00,1.0e-03,2.9e-02,global-%PGDT,CASSPgDTQYF,CASSPGDTQYF,TRBV18,TRBJ2-3,CAYRSAHGGSEKLVF,Donor AJKQ118:LP TCRab CD4 TRM,1.000000,-,-,-,-,-,-,-,-,-,-,-
995,%PGDT,2.3e-02,2,2,4.1e-07,1.0e+00,1.4e-02,1.0e+00,1.0e-03,2.9e-02,global-%PGDT,CASnpgDTQYF,CASNPGDTQYF,TRBV6-6,TRBJ2-3,CAVGGSGGSYIPTF,Donor AJG2309:LP TCRab CD4 TRM,1.000000,-,-,-,-,-,-,-,-,-,-,-

996,SQ%YNE,2.3e-02,2,2,2.0e-06,1.0e+00,6.9e-02,1.0e+00,1.0e-03,2.9e-02,global-SQ%YNE,CASSQtYNEQFF,CASSQTYNEQFF,TRBV19,TRBJ2-1,CAVNIVDSSYKLIF,Donor AJKQ118:PB TCRab CD4 Naive/TCM,1.000000,-,-,-,-,-,-,-,-,-,-,-
996,SQ%YNE,2.3e-02,2,2,2.0e-06,1.0e+00,6.9e-02,1.0e+00,1.0e-03,2.9e-02,global-SQ%YNE,CATSQGYNEQFF,CATSQGYNEQFF,TRBV2,TRBJ2-1,CATDAKGTSGSRLTF,Donor AJD3280:LP TCRab CD4 Poised TCM,1.000000,-,-,-,-,-,-,-,-,-,-,-

997,SQ%GTE,2.3e-02,2,2,1.9e-06,1.0e+00,6.5e-02,1.0e+00,1.0e-03,2.9e-02,global-SQ%GTE,CASSQGGTEAFF,CASSQGGTEAFF,TRBV16,TRBJ1-1,CGAGPAYGQNFVF,Donor AJKQ118:PB TCRab CD4 Naive/TCM,1.000000,-,-,-,-,-,-,-,-,-,-,-
997,SQ%GTE,2.3e-02,2,2,1.9e-06,1.0e+00,6.5e-02,1.0e+00,1.0e-03,2.9e-02,global-SQ%GTE,CASSQlgTEAFF,CASSQLGTEAFF,TRBV7-6,TRBJ1-1,CAVDGTGNQFYF,Donor AJD3280:LP TCRab CD4 TRM,1.000000,-,-,-,-,-,-,-,-,-,-,-

998,SLVG%ET,2.3e-02,2,2,5.8e-06,1.0e+00,2.0e-01,1.0e+00,1.0e-03,2.9e-02,global-SLVG%ET,CASSLvgQETQYF,CASSLVGQETQYF,TRBV5-4,TRBJ2-5,CATGPNAGNMLTF,Donor AJD3280:LP TCRab CD4 Naive/TCM,1.000000,-,-,-,-,-,-,-,-,-,-,-
998,SLVG%ET,2.3e-02,2,2,5.8e-06,1.0e+00,2.0e-01,1.0e+00,1.0e-03,2.9e-02,global-SLVG%ET,CASSLvgQETQYF,CASSLVGQETQYF,TRBV7-2,TRBJ2-5,CAVRGSAGGTSYGKLTF,Donor AJG2309:LP TCRab CD4 Mobile TRM,1.000000,-,-,-,-,-,-,-,-,-,-,-
998,SLVG%ET,2.3e-02,2,2,5.8e-06,1.0e+00,2.0e-01,1.0e+00,1.0e-03,2.9e-02,global-SLVG%ET,CASSLvgsETQYF,CASSLVGSETQYF,TRBV5-1,TRBJ2-5,CAASATVGTDKLIF,Donor AJD3280:LP TCRab CD4 TRM,1.000000,-,-,-,-,-,-,-,-,-,-,-

999,SY%GDYG,2.3e-02,2,2,1.7e-06,1.0e+00,5.9e-02,1.0e+00,1.0e-03,2.9e-02,global-SY%GDYG,CASSYRGdYGYTF,CASSYRGDYGYTF,TRBV6-6,TRBJ1-2,CALPTGANSKLTF,Donor AJD3280:PB TCRab CD4 Naive/TCM,1.000000,-,-,-,-,-,-,-,-,-,-,-
999,SY%GDYG,2.3e-02,2,2,1.7e-06,1.0e+00,5.9e-02,1.0e+00,1.0e-03,2.9e-02,global-SY%GDYG,CASSYegdYGYTF,CASSYEGDYGYTF,TRBV18,TRBJ1-2,CAGPHAGNNRKLIW,Donor AJKQ118:L TCRab CD4 TRM,1.000000,-,-,-,-,-,-,-,-,-,-,-

1000,SYSR%TE,2.3e-02,1,2,2.9e-08,1.0e+00,1.0e-03,1.0e+00,1.0e-03,2.9e-02,global-SYSR%TE,CASSYsrNTEAFF,CASSYSRNTEAFF,TRBV6-2,TRBJ1-1,CAVKRDFGNEKLTF,Donor AJD3280:PB TCRab CD4 Naive/TCM,1.000000,-,-,-,-,-,-,-,-,-,-,-
1000,SYSR%TE,2.3e-02,1,2,2.9e-08,1.0e+00,1.0e-03,1.0e+00,1.0e-03,2.9e-02,global-SYSR%TE,CASSYsRGTEAFF,CASSYSRGTEAFF,TRBV6-5,TRBJ1-1,CVVNRTGGGNKLTF,Donor AJD3280:IEL TCRab CD4 TRM,1.000000,-,-,-,-,-,-,-,-,-,-,-
1000,SYSR%TE,2.3e-02,1,2,2.9e-08,1.0e+00,1.0e-03,1.0e+00,1.0e-03,2.9e-02,global-SYSR%TE,CASSYsRGTEAFF,CASSYSRGTEAFF,TRBV6-5,TRBJ1-1,CASNFNKFYF,Donor AJD3280:IEL TCRab CD4 TRM,1.000000,-,-,-,-,-,-,-,-,-,-,-
1000,SYSR%TE,2.3e-02,1,2,2.9e-08,1.0e+00,1.0e-03,1.0e+00,1.0e-03,2.9e-02,global-SYSR%TE,CASSYsRGTEAFF,CASSYSRGTEAFF,TRBV6-2,TRBJ1-1,CAVPHNAGGTSYGKLTF,Donor AJD3280:L TCRab CD4 Naive/TCM,1.000000,-,-,-,-,-,-,-,-,-,-,-

1001,S%PSGANV,2.3e-02,3,2,7.6e-07,1.0e+00,1.8e-01,1.4e-01,1.0e-03,2.9e-02,global-S%PSGANV,CASSPpSGANVLTF,CASSPPSGANVLTF,TRBV6-1,TRBJ2-6,CAAAGGGNKLTF,Donor AJD3280:LP TCRab CD4 TRM,2.000000,-,-,-,-,-,-,-,-,-,-,-
1001,S%PSGANV,2.3e-02,3,2,7.6e-07,1.0e+00,1.8e-01,1.4e-01,1.0e-03,2.9e-02,global-S%PSGANV,CASSPpSGANVLTF,CASSPPSGANVLTF,TRBV7-2,TRBJ2-6,CALSDRTGGFKTIF,Donor AJG2309:PB TCRab CD4 Naive/TCM,1.000000,-,-,-,-,-,-,-,-,-,-,-
1001,S%PSGANV,2.3e-02,3,2,7.6e-07,1.0e+00,1.8e-01,1.4e-01,1.0e-03,2.9e-02,global-S%PSGANV,CASSfpSGANVLTF,CASSFPSGANVLTF,TRBV7-9,TRBJ2-6,CVVNMASGGSYIPTF,Donor AJKQ118:LP TCRab CD4 TRM,1.000000,-,-,-,-,-,-,-,-,-,-,-

1002,SSSG%TDT,2.3e-02,2,2,1.9e-07,1.0e+00,5.4e-02,1.2e-01,1.0e-03,2.9e-02,global-SSSG%TDT,CASSSSGnTDTQYF,CASSSSGNTDTQYF,TRBV7-9,TRBJ2-3,CAGAGNQGGKLIF,Donor AJD3280:LP TCRab CD4 TRM,2.000000,-,-,-,-,-,-,-,-,-,-,-
1002,SSSG%TDT,2.3e-02,2,2,1.9e-07,1.0e+00,5.4e-02,1.2e-01,1.0e-03,2.9e-02,global-SSSG%TDT,CSASsSGSTDTQYF,CSASSSGSTDTQYF,TRBV20-1,TRBJ2-3,CAVYGAYKLSF,Donor AJG2309:LP TCRab CD4 Mobile TRM,1.000000,-,-,-,-,-,-,-,-,-,-,-

1003,SQ%GGSYNE,2.3e-02,2,2,2.9e-08,1.0e+00,1.0e-03,1.0e+00,1.0e-03,2.9e-02,global-SQ%GGSYNE,CASSQAGGSYNEQFF,CASSQAGGSYNEQFF,TRBV7-2,TRBJ2-1,CAVGVSGGGYNKLIF,Donor AJD3280:LP TCRab CD4 Mobile TRM,1.000000,-,-,-,-,-,-,-,-,-,-,-
1003,SQ%GGSYNE,2.3e-02,2,2,2.9e-08,1.0e+00,1.0e-03,1.0e+00,1.0e-03,2.9e-02,global-SQ%GGSYNE,CASSQlGGSYNEQFF,CASSQLGGSYNEQFF,TRBV7-2,TRBJ2-1,CAVAGAGFQKLVF,Donor AJG2309:IEL TCRab CD4 Mobile TRM,1.000000,-,-,-,-,-,-,-,-,-,-,-

1004,SSTSGG%YE,2.3e-02,2,2,2.9e-08,1.0e+00,1.0e-03,1.0e+00,1.0e-03,2.9e-02,global-SSTSGG%YE,CASSSTSGGtYEQYF,CASSSTSGGTYEQYF,TRBV7-2,TRBJ2-7,CAVGRAAGNKLTF,Donor AJG2309:LP TCRab CD4 FOXP3+ Treg,1.000000,-,-,-,-,-,-,-,-,-,-,-
1004,SSTSGG%YE,2.3e-02,2,2,2.9e-08,1.0e+00,1.0e-03,1.0e+00,1.0e-03,2.9e-02,global-SSTSGG%YE,CASSSTSGGSYEQYF,CASSSTSGGSYEQYF,TRBV7-2,TRBJ2-7,CAVQAMTGYALNF,Donor AJD3280:L TCRab CD4 TRM,1.000000,-,-,-,-,-,-,-,-,-,-,-

1005,SLDG%STDT,2.3e-02,2,2,1.7e-06,1.0e+00,6.0e-02,1.0e+00,1.0e-03,2.9e-02,global-SLDG%STDT,CASSLdGGSTDTQYF,CASSLDGGSTDTQYF,TRBV5-4,TRBJ2-3,CALGPQLNYKLSF,Donor AJD3280:L TCRab CD4 TRM,1.000000,-,-,-,-,-,-,-,-,-,-,-
1005,SLDG%STDT,2.3e-02,2,2,1.7e-06,1.0e+00,6.0e-02,1.0e+00,1.0e-03,2.9e-02,global-SLDG%STDT,CASSLdgaSTDTQYF,CASSLDGASTDTQYF,TRBV5-1,TRBJ2-3,CAVRSATGFQKLVF,Donor AJG2309:PB TCRab CD4 Naive/TCM,1.000000,-,-,-,-,-,-,-,-,-,-,-

1006,SPRDRG%NE,2.3e-02,2,2,7.0e-08,1.0e+00,6.2e-02,3.9e-02,1.0e-03,2.9e-02,global-SPRDRG%NE,CASSPrDRGrNEQFF,CASSPRDRGRNEQFF,TRBV12-4,TRBJ2-1,CAVGVRGSQGNLIF,Donor AJKQ118:PB TCRab CD4 Naive/TCM,3.000000,-,-,-,-,-,-,-,-,-,-,-
1006,SPRDRG%NE,2.3e-02,2,2,7.0e-08,1.0e+00,6.2e-02,3.9e-02,1.0e-03,2.9e-02,global-SPRDRG%NE,CASSPrDRGgNEQFF,CASSPRDRGGNEQFF,TRBV18,TRBJ2-1,CAASALSGGFKTIF,Donor AJD3280:IEL TCRab CD4 Mobile TRM,1.000000,-,-,-,-,-,-,-,-,-,-,-

1007,SF%DE,2.3e-02,1,2,2.2e-06,1.0e+00,7.7e-02,1.0e+00,1.0e-03,2.9e-02,global-SF%DE,CASSffdEQYF,CASSFFDEQYF,TRBV7-9,TRBJ2-7,CAASKGAGGTSYGKLTF,Donor AJD3280:PB TCRab CD4 Naive/TCM,1.000000,-,-,-,-,-,-,-,-,-,-,-
1007,SF%DE,2.3e-02,1,2,2.2e-06,1.0e+00,7.7e-02,1.0e+00,1.0e-03,2.9e-02,global-SF%DE,CASSfldEQYF,CASSFLDEQYF,TRBV5-5,TRBJ2-7,CAETHNNARLMF,Donor AJD3280:L TCRab CD4 Naive/TCM,1.000000,-,-,-,-,-,-,-,-,-,-,-

1008,SG%SNTE,2.3e-02,1,2,2.0e-06,1.0e+00,6.8e-02,1.0e+00,1.0e-03,2.9e-02,global-SG%SNTE,CASSghsNTEAFF,CASSGHSNTEAFF,TRBV7-9,TRBJ1-1,CALRGGGTSYGKLTF,Donor AJG2309:PB TCRab CD4 Naive/TCM,1.000000,-,-,-,-,-,-,-,-,-,-,-
1008,SG%SNTE,2.3e-02,1,2,2.0e-06,1.0e+00,6.8e-02,1.0e+00,1.0e-03,2.9e-02,global-SG%SNTE,CASSGLsNTEAFF,CASSGLSNTEAFF,TRBV19,TRBJ1-1,CALSRPPRGSTLGRLYF,Donor AJG2309:LP TCRab CD4 TRM,1.000000,-,-,-,-,-,-,-,-,-,-,-

1009,SL%DRGYE,2.3e-02,2,2,5.0e-06,1.0e+00,1.7e-01,1.0e+00,1.0e-03,2.9e-02,global-SL%DRGYE,CASSLaDRGYEQYF,CASSLADRGYEQYF,TRBV11-3,TRBJ2-7,CAVGKGNTPLVF,Donor AJD3280:LP TCRab CD4 Poised TCM,1.000000,-,-,-,-,-,-,-,-,-,-,-
1009,SL%DRGYE,2.3e-02,2,2,5.0e-06,1.0e+00,1.7e-01,1.0e+00,1.0e-03,2.9e-02,global-SL%DRGYE,CASSLaDRGYEQYF,CASSLADRGYEQYF,TRBV5-1,TRBJ2-7,CAYRSPNRRNNAGNMLTF,Donor AJKQ118:PB TCRab CD4 FOXP3+ Treg,1.000000,-,-,-,-,-,-,-,-,-,-,-
1009,SL%DRGYE,2.3e-02,2,2,5.0e-06,1.0e+00,1.7e-01,1.0e+00,1.0e-03,2.9e-02,global-SL%DRGYE,CASSLgDRGYEQYF,CASSLGDRGYEQYF,TRBV7-8,TRBJ2-7,CALSDRAGNQFYF,Donor AJKQ118:PB TCRab CD4 Naive/TCM,1.000000,-,-,-,-,-,-,-,-,-,-,-

1010,SLR%SSYE,2.3e-02,2,2,2.9e-08,1.0e+00,1.0e-03,1.0e+00,1.0e-03,2.9e-02,global-SLR%SSYE,CASSLrqsSYEQYF,CASSLRQSSYEQYF,TRBV12-4,TRBJ2-7,CAARGSGGGADGLTF,Donor AJG2309:PB TCRab CD4 Naive/TCM,1.000000,-,-,-,-,-,-,-,-,-,-,-
1010,SLR%SSYE,2.3e-02,2,2,2.9e-08,1.0e+00,1.0e-03,1.0e+00,1.0e-03,2.9e-02,global-SLR%SSYE,CASSLrrsSYEQYF,CASSLRRSSYEQYF,TRBV12-4,TRBJ2-7,CAVQTGANNLFF,Donor AJD3280:L TCRab CD4 TRM,1.000000,-,-,-,-,-,-,-,-,-,-,-

1011,SLT%YG,2.3e-02,2,2,1.7e-06,1.0e+00,5.7e-02,1.0e+00,1.0e-03,2.9e-02,global-SLT%YG,CASSLtNYGYTF,CASSLTNYGYTF,TRBV5-6,TRBJ1-2,CAGGAGSYQLTF,Donor AJKQ118:PB TCRab CD4 FOXP3+ Treg,1.000000,-,-,-,-,-,-,-,-,-,-,-
1011,SLT%YG,2.3e-02,2,2,1.7e-06,1.0e+00,5.7e-02,1.0e+00,1.0e-03,2.9e-02,global-SLT%YG,CASSLtdYGYTF,CASSLTDYGYTF,TRBV7-8,TRBJ1-2,CAFIDYGGSQGNLIF,Donor AJD3280:L TCRab CD4 FOXP3+ Treg,1.000000,-,-,-,-,-,-,-,-,-,-,-

1012,SQGG%TE,2.3e-02,2,2,2.9e-08,1.0e+00,1.0e-03,1.0e+00,1.0e-03,2.9e-02,global-SQGG%TE,CASSQGGNTEAFF,CASSQGGNTEAFF,TRBV3-1,TRBJ1-1,CAMRALLSGGYQKVTF,Donor AJKQ118:LP TCRab CD4 Naive/TCM,1.000000,-,-,-,-,-,-,-,-,-,-,-
1012,SQGG%TE,2.3e-02,2,2,2.9e-08,1.0e+00,1.0e-03,1.0e+00,1.0e-03,2.9e-02,global-SQGG%TE,CASSQGGgTEAFF,CASSQGGGTEAFF,TRBV3-1,TRBJ1-1,CAASGGGTSYGKLTF,Donor AJD3280:LP TCRab CD4 TRM,1.000000,-,-,-,-,-,-,-,-,-,-,-

1013,SLAGG%G,2.3e-02,2,2,5.1e-06,1.0e+00,1.8e-01,1.0e+00,1.0e-03,2.9e-02,global-SLAGG%G,CASSLAGGsGYTF,CASSLAGGSGYTF,TRBV12-3,TRBJ1-2,CAASITGTSYDKVIF,Donor AJD3280:IEL TCRab CD4 Mobile TRM,1.000000,-,-,-,-,-,-,-,-,-,-,-
1013,SLAGG%G,2.3e-02,2,2,5.1e-06,1.0e+00,1.8e-01,1.0e+00,1.0e-03,2.9e-02,global-SLAGG%G,CASSLAGGYGYTF,CASSLAGGYGYTF,TRBV7-3,TRBJ1-2,CALSEANSNDYKLSF,Donor AJD3280:L TCRab CD4 TCM,1.000000,-,-,-,-,-,-,-,-,-,-,-
1013,SLAGG%G,2.3e-02,2,2,5.1e-06,1.0e+00,1.8e-01,1.0e+00,1.0e-03,2.9e-02,global-SLAGG%G,CASSLAGGYGYTF,CASSLAGGYGYTF,TRBV10-2,TRBJ1-2,CAASIDNQGGKLIF,Donor AJKQ118:PB TCRab CD4 Naive/TCM,1.000000,-,-,-,-,-,-,-,-,-,-,-

1014,S%VSGANV,2.3e-02,1,2,1.7e-06,1.0e+00,5.9e-02,1.0e+00,1.0e-03,2.9e-02,global-S%VSGANV,CATSRvSGANVLTF,CATSRVSGANVLTF,TRBV15,TRBJ2-6,CAVHAYTGTASKLTF,Donor AJKQ118:PB TCRab CD4 Naive/TCM,1.000000,-,-,-,-,-,-,-,-,-,-,-
1014,S%VSGANV,2.3e-02,1,2,1.7e-06,1.0e+00,5.9e-02,1.0e+00,1.0e-03,2.9e-02,global-S%VSGANV,CASSPvSGANVLTF,CASSPVSGANVLTF,TRBV19,TRBJ2-6,CAASMDNNARLMF,Donor AJKQ118:PB TCRab CD4 Naive/TCM,1.000000,-,-,-,-,-,-,-,-,-,-,-

1015,S%GQANTGE,2.3e-02,1,2,1.5e-06,1.0e+00,5.1e-02,1.0e+00,1.0e-03,2.9e-02,global-S%GQANTGE,CASSLGQaNTGELFF,CASSLGQANTGELFF,TRBV5-1,TRBJ2-2,CVVRLRQAGTALIF,Donor AJD3280:LP TCRab CD4 Poised TCM,1.000000,-,-,-,-,-,-,-,-,-,-,-
1015,S%GQANTGE,2.3e-02,1,2,1.5e-06,1.0e+00,5.1e-02,1.0e+00,1.0e-03,2.9e-02,global-S%GQANTGE,CASSPGQaNTGELFF,CASSPGQANTGELFF,TRBV18,TRBJ2-2,CAVGAQKLVF,Donor AJD3280:PB TCRab CD4 Naive/TCM,1.000000,-,-,-,-,-,-,-,-,-,-,-

1016,SL%GGLTDT,2.3e-02,1,2,1.7e-06,1.0e+00,5.8e-02,1.0e+00,1.0e-03,2.9e-02,global-SL%GGLTDT,CASSLAGGlTDTQYF,CASSLAGGLTDTQYF,TRBV11-2,TRBJ2-3,CAYYGGANSKLTF,Donor AJD3280:L TCRab CD4 TCM,1.000000,-,-,-,-,-,-,-,-,-,-,-
1016,SL%GGLTDT,2.3e-02,1,2,1.7e-06,1.0e+00,5.8e-02,1.0e+00,1.0e-03,2.9e-02,global-SL%GGLTDT,CASSLmgGLTDTQYF,CASSLMGGLTDTQYF,TRBV7-2,TRBJ2-3,CAPSGAGGTSYGKLTF,Donor AJD3280:PB TCRab CD4 Naive/TCM,1.000000,-,-,-,-,-,-,-,-,-,-,-

1017,E%GYG,2.3e-02,1,2,2.9e-08,1.0e+00,1.0e-03,1.0e+00,1.0e-03,2.9e-02,global-E%GYG,CSVEegYGYTF,CSVEEGYGYTF,TRBV29-1,TRBJ1-2,CATSQAASGSRLTF,Donor AJD3280:LP TCRab CD4 Tph,1.000000,-,-,-,-,-,-,-,-,-,-,-
1017,E%GYG,2.3e-02,1,2,2.9e-08,1.0e+00,1.0e-03,1.0e+00,1.0e-03,2.9e-02,global-E%GYG,CSVEQGYGYTF,CSVEQGYGYTF,TRBV29-1,TRBJ1-2,CALTLETSGSRLTF,Donor AJD3280:LP TCRab CD4 TRM,1.000000,-,-,-,-,-,-,-,-,-,-,-

1018,SD%NTGE,2.3e-02,2,2,3.4e-08,1.0e+00,7.0e-03,1.7e-01,1.0e-03,2.9e-02,global-SD%NTGE,CASSDpNTGELFF,CASSDPNTGELFF,TRBV6-1,TRBJ2-2,CALRASGAGSYQLTF,Donor AJKQ118:L TCRab CD4 TCM,1.000000,-,-,-,-,-,-,-,-,-,-,-
1018,SD%NTGE,2.3e-02,2,2,3.4e-08,1.0e+00,7.0e-03,1.7e-01,1.0e-03,2.9e-02,global-SD%NTGE,CASSDpNTGELFF,CASSDPNTGELFF,TRBV6-1,TRBJ2-2,CVVTRNNNARLMF,Donor AJKQ118:L TCRab CD4 TRM,2.000000,-,-,-,-,-,-,-,-,-,-,-
1018,SD%NTGE,2.3e-02,2,2,3.4e-08,1.0e+00,7.0e-03,1.7e-01,1.0e-03,2.9e-02,global-SD%NTGE,CASSDkNTGELFF,CASSDKNTGELFF,TRBV9,TRBJ2-2,CAVSGLNNNAGNMLTF,Donor AJG2309:PB TCRab CD4 FOXP3+ Treg,1.000000,-,-,-,-,-,-,-,-,-,-,-

1019,S%VGTGE,2.3e-02,1,2,2.7e-07,1.0e+00,7.1e-02,1.3e-01,1.0e-03,2.9e-02,global-S%VGTGE,CASSQvgTGELFF,CASSQVGTGELFF,TRBV14,TRBJ2-2,CALSDRRGTGANNLFF,Donor AJKQ118:L TCRab CD4 TRM,2.000000,-,-,-,-,-,-,-,-,-,-,-
1019,S%VGTGE,2.3e-02,1,2,2.7e-07,1.0e+00,7.1e-02,1.3e-01,1.0e-03,2.9e-02,global-S%VGTGE,CSASvvgTGELFF,CSASVVGTGELFF,TRBV20-1,TRBJ2-2,CALSDLRDFGNEKLTF,Donor AJKQ118:PB TCRab CD4 Naive/TCM,1.000000,-,-,-,-,-,-,-,-,-,-,-

1020,SF%LNTE,2.3e-02,2,2,1.9e-06,1.0e+00,6.5e-02,1.0e+00,1.0e-03,2.9e-02,global-SF%LNTE,CASSfalNTEAFF,CASSFALNTEAFF,TRBV7-2,TRBJ1-1,CAVSEGNNARLMF,Donor AJG2309:PB TCRab CD4 Naive/TCM,1.000000,-,-,-,-,-,-,-,-,-,-,-
1020,SF%LNTE,2.3e-02,2,2,1.9e-06,1.0e+00,6.5e-02,1.0e+00,1.0e-03,2.9e-02,global-SF%LNTE,CASSfGLNTEAFF,CASSFGLNTEAFF,TRBV13,TRBJ1-1,CRDMRF,Donor AJD3280:IEL TCRab CD4 TRM,1.000000,-,-,-,-,-,-,-,-,-,-,-

1021,SF%MNTE,2.3e-02,2,2,2.1e-06,1.0e+00,7.3e-02,1.0e+00,1.0e-03,2.9e-02,global-SF%MNTE,CASSfnmNTEAFF,CASSFNMNTEAFF,TRBV5-1,TRBJ1-1,CVVNANTDKLIF,Donor AJKQ118:PB TCRab CD4 Naive/TCM,1.000000,-,-,-,-,-,-,-,-,-,-,-
1021,SF%MNTE,2.3e-02,2,2,2.1e-06,1.0e+00,7.3e-02,1.0e+00,1.0e-03,2.9e-02,global-SF%MNTE,CASSfrmNTEAFF,CASSFRMNTEAFF,TRBV7-3,TRBJ1-1,CAGRSYGGSQGNLIF,Donor AJD3280:PB TCRab CD4 Naive/TCM,1.000000,-,-,-,-,-,-,-,-,-,-,-

1022,SLS%NYG,2.3e-02,2,2,2.1e-06,1.0e+00,7.2e-02,1.0e+00,1.0e-03,2.9e-02,global-SLS%NYG,CASSLspNYGYTF,CASSLSPNYGYTF,TRBV6-5,TRBJ1-2,CAVNGRDDKIIF,Donor AJD3280:LP TCRab CD4 TRM,1.000000,-,-,-,-,-,-,-,-,-,-,-
1022,SLS%NYG,2.3e-02,2,2,2.1e-06,1.0e+00,7.2e-02,1.0e+00,1.0e-03,2.9e-02,global-SLS%NYG,CASSLswNYGYTF,CASSLSWNYGYTF,TRBV27,TRBJ1-2,CALATQGGSEKLVF,Donor AJKQ118:PB TCRab CD4 FOXP3+ Treg,1.000000,-,-,-,-,-,-,-,-,-,-,-

1023,SRDG%YG,2.3e-02,1,2,2.1e-06,1.0e+00,7.2e-02,1.0e+00,1.0e-03,2.9e-02,global-SRDG%YG,CASSRdgNYGYTF,CASSRDGNYGYTF,TRBV7-2,TRBJ1-2,CAASVSNDYKLSF,Donor AJG2309:LP TCRab CD4 Mobile TRM,1.000000,-,-,-,-,-,-,-,-,-,-,-
1023,SRDG%YG,2.3e-02,1,2,2.1e-06,1.0e+00,7.2e-02,1.0e+00,1.0e-03,2.9e-02,global-SRDG%YG,CATSRdGRYGYTF,CATSRDGRYGYTF,TRBV15,TRBJ1-2,CAMRDGFSDGQKLLF,Donor AJG2309:PB TCRab CD4 Naive/TCM,1.000000,-,-,-,-,-,-,-,-,-,-,-

1024,SQDR%YE,2.3e-02,1,2,2.9e-08,1.0e+00,1.0e-03,1.0e+00,1.0e-03,2.9e-02,global-SQDR%YE,CASSQDRvYEQYF,CASSQDRVYEQYF,TRBV3-1,TRBJ2-7,CAVRFQGAQKLVF,Donor AJD3280:LP TCRab CD4 TRM,1.000000,-,-,-,-,-,-,-,-,-,-,-
1024,SQDR%YE,2.3e-02,1,2,2.9e-08,1.0e+00,1.0e-03,1.0e+00,1.0e-03,2.9e-02,global-SQDR%YE,CASSQDRyYEQYF,CASSQDRYYEQYF,TRBV3-1,TRBJ2-7,CALGSQGNLIF,Donor AJD3280:LP TCRab CD4 TRM,1.000000,-,-,-,-,-,-,-,-,-,-,-

1025,S%QGRNTE,2.3e-02,2,2,7.1e-08,1.0e+00,6.8e-02,3.6e-02,1.0e-03,2.9e-02,global-S%QGRNTE,CASSEQGrNTEAFF,CASSEQGRNTEAFF,TRBV7-3,TRBJ1-1,CAVNPYSGAGSYQLTF,Donor AJG2309:PB TCRab CD4 Naive/TCM,1.000000,-,-,-,-,-,-,-,-,-,-,-
1025,S%QGRNTE,2.3e-02,2,2,7.1e-08,1.0e+00,6.8e-02,3.6e-02,1.0e-03,2.9e-02,global-S%QGRNTE,CASSSQGrNTEAFF,CASSSQGRNTEAFF,TRBV7-9,TRBJ1-1,CAVVTAGANNLFF,Donor AJKQ118:L TCRab CD4 TRM,3.000000,-,-,-,-,-,-,-,-,-,-,-

1026,SP%TANTE,2.3e-02,2,2,5.4e-06,1.0e+00,1.9e-01,1.0e+00,1.0e-03,2.9e-02,global-SP%TANTE,CASSPstaNTEAFF,CASSPSTANTEAFF,TRBV25-1,TRBJ1-1,CAVSDRGTSYDKVIF,Donor AJD3280:LP TCRab CD4 Poised TCM,1.000000,-,-,-,-,-,-,-,-,-,-,-
1026,SP%TANTE,2.3e-02,2,2,5.4e-06,1.0e+00,1.9e-01,1.0e+00,1.0e-03,2.9e-02,global-SP%TANTE,CASSPGTaNTEAFF,CASSPGTANTEAFF,TRBV10-2,TRBJ1-1,CALSDPQNNFNKFYF,Donor AJD3280:LP TCRab CD4 TRM,1.000000,-,-,-,-,-,-,-,-,-,-,-
1026,SP%TANTE,2.3e-02,2,2,5.4e-06,1.0e+00,1.9e-01,1.0e+00,1.0e-03,2.9e-02,global-SP%TANTE,CASSPGTaNTEAFF,CASSPGTANTEAFF,TRBV28,TRBJ1-1,CAEMYSGGGADGLTF,Donor AJKQ118:PB TCRab CD4 Naive/TCM,1.000000,-,-,-,-,-,-,-,-,-,-,-

1027,SFSG%NTE,2.3e-02,2,2,2.0e-06,1.0e+00,6.8e-02,1.0e+00,1.0e-03,2.9e-02,global-SFSG%NTE,CASSfSGlNTEAFF,CASSFSGLNTEAFF,TRBV27,TRBJ1-1,CAAASGGSYIPTF,Donor AJG2309:LP TCRab CD4 Tph,1.000000,-,-,-,-,-,-,-,-,-,-,-
1027,SFSG%NTE,2.3e-02,2,2,2.0e-06,1.0e+00,6.8e-02,1.0e+00,1.0e-03,2.9e-02,global-SFSG%NTE,CASSfSGaNTEAFF,CASSFSGANTEAFF,TRBV11-1,TRBJ1-1,CAHAGIGNQFYF,Donor AJD3280:PB TCRab CD4 Naive/TCM,1.000000,-,-,-,-,-,-,-,-,-,-,-

1028,SLGA%TDT,2.3e-02,1,2,1.7e-06,1.0e+00,5.8e-02,1.0e+00,1.0e-03,2.9e-02,global-SLGA%TDT,CASSLgaSTDTQYF,CASSLGASTDTQYF,TRBV5-1,TRBJ2-3,CVVTPGERGDSGGGADGLTF,Donor AJD3280:PB TCRab CD4 Naive/TCM,1.000000,-,-,-,-,-,-,-,-,-,-,-
1028,SLGA%TDT,2.3e-02,1,2,1.7e-06,1.0e+00,5.8e-02,1.0e+00,1.0e-03,2.9e-02,global-SLGA%TDT,CASSLgafTDTQYF,CASSLGAFTDTQYF,TRBV7-9,TRBJ2-3,CVVNKENNAGNMLTF,Donor AJD3280:IEL TCRab CD4 Mobile TRM,1.000000,-,-,-,-,-,-,-,-,-,-,-

1029,SFS%SYE,2.3e-02,1,2,1.6e-06,1.0e+00,5.5e-02,1.0e+00,1.0e-03,2.9e-02,global-SFS%SYE,CASSfSGSYEQYF,CASSFSGSYEQYF,TRBV27,TRBJ2-7,CALPPIYSGGGADGLTF,Donor AJKQ118:PB TCRab CD4 FOXP3+ Treg,1.000000,-,-,-,-,-,-,-,-,-,-,-
1029,SFS%SYE,2.3e-02,1,2,1.6e-06,1.0e+00,5.5e-02,1.0e+00,1.0e-03,2.9e-02,global-SFS%SYE,CASSfsaSYEQYF,CASSFSASYEQYF,TRBV28,TRBJ2-7,CAASVTGSYQLTF,Donor AJKQ118:PB TCRab CD4 Naive/TCM,1.000000,-,-,-,-,-,-,-,-,-,-,-

1030,SLRG%YG,2.3e-02,2,2,2.1e-06,1.0e+00,7.3e-02,1.0e+00,1.0e-03,2.9e-02,global-SLRG%YG,CASSLRGvYGYTF,CASSLRGVYGYTF,TRBV7-8,TRBJ1-2,CIVRPTTNYGGSQGNLIF,Donor AJD3280:L TCRab CD4 Naive/TCM,1.000000,-,-,-,-,-,-,-,-,-,-,-
1030,SLRG%YG,2.3e-02,2,2,2.1e-06,1.0e+00,7.3e-02,1.0e+00,1.0e-03,2.9e-02,global-SLRG%YG,CASSLRGaYGYTF,CASSLRGAYGYTF,TRBV12-4,TRBJ1-2,CAVGYGNKLVF,Donor AJKQ118:LP TCRab CD4 TRM,1.000000,-,-,-,-,-,-,-,-,-,-,-

1031,SL%QGGTE,2.3e-02,1,2,2.4e-06,1.0e+00,8.3e-02,1.0e+00,1.0e-03,2.9e-02,global-SL%QGGTE,CASSLsQGgTEAFF,CASSLSQGGTEAFF,TRBV7-2,TRBJ1-1,CATDRPGYSTLTF,Donor AJD3280:PB TCRab CD4 Naive/TCM,1.000000,-,-,-,-,-,-,-,-,-,-,-
1031,SL%QGGTE,2.3e-02,1,2,2.4e-06,1.0e+00,8.3e-02,1.0e+00,1.0e-03,2.9e-02,global-SL%QGGTE,CASSLaQGgTEAFF,CASSLAQGGTEAFF,TRBV12-3,TRBJ1-1,CAENSWGKLQF,Donor AJD3280:IEL TCRab CD4 TRM,1.000000,-,-,-,-,-,-,-,-,-,-,-

1032,SLAQG%TE,2.3e-02,2,2,1.3e-06,1.0e+00,4.6e-02,1.0e+00,1.0e-03,2.9e-02,global-SLAQG%TE,CASSLaQGgTEAFF,CASSLAQGGTEAFF,TRBV12-3,TRBJ1-1,CAENSWGKLQF,Donor AJD3280:IEL TCRab CD4 TRM,1.000000,-,-,-,-,-,-,-,-,-,-,-
1032,SLAQG%TE,2.3e-02,2,2,1.3e-06,1.0e+00,4.6e-02,1.0e+00,1.0e-03,2.9e-02,global-SLAQG%TE,CASSLaQGsTEAFF,CASSLAQGSTEAFF,TRBV7-2,TRBJ1-1,CAAPPYAGGTSYGKLTF,Donor AJKQ118:PB TCRab CD4 Naive/TCM,1.000000,-,-,-,-,-,-,-,-,-,-,-

1033,SLTG%STDT,2.3e-02,2,2,2.0e-06,1.0e+00,6.8e-02,1.0e+00,1.0e-03,2.9e-02,global-SLTG%STDT,CAISlTGdSTDTQYF,CAISLTGDSTDTQYF,TRBV10-3,TRBJ2-3,CAVRIGSGGYQKVTF,Donor AJD3280:IEL TCRab CD4 Mobile TRM,1.000000,-,-,-,-,-,-,-,-,-,-,-
1033,SLTG%STDT,2.3e-02,2,2,2.0e-06,1.0e+00,6.8e-02,1.0e+00,1.0e-03,2.9e-02,global-SLTG%STDT,CASSLTGrSTDTQYF,CASSLTGRSTDTQYF,TRBV7-3,TRBJ2-3,CALGSSNTGKLIF,Donor AJKQ118:PB TCRab CD4 Naive/TCM,1.000000,-,-,-,-,-,-,-,-,-,-,-

1034,SSGQG%YNE,2.3e-02,1,2,1.8e-06,1.0e+00,6.3e-02,1.0e+00,1.0e-03,2.9e-02,global-SSGQG%YNE,CASSSGQGgYNEQFF,CASSSGQGGYNEQFF,TRBV5-1,TRBJ2-1,CAVTKGNARLMF,Donor AJKQ118:LP TCRab CD4 TRM,1.000000,-,-,-,-,-,-,-,-,-,-,-
1034,SSGQG%YNE,2.3e-02,1,2,1.8e-06,1.0e+00,6.3e-02,1.0e+00,1.0e-03,2.9e-02,global-SSGQG%YNE,CASSSGQGSYNEQFF,CASSSGQGSYNEQFF,TRBV6-4,TRBJ2-1,CALPANAGGTSYGKLTF,Donor AJKQ118:LP TCRab CD4 TRM,1.000000,-,-,-,-,-,-,-,-,-,-,-

1035,S%GLAGATDT,2.3e-02,2,2,3.2e-06,1.0e+00,1.1e-01,1.0e+00,1.0e-03,2.9e-02,global-S%GLAGATDT,CASSRGLAGaTDTQYF,CASSRGLAGATDTQYF,TRBV12-4,TRBJ2-3,CAVGPLTGGGNKLTF,Donor AJKQ118:PB TCRab CD4 Naive/TCM,1.000000,-,-,-,-,-,-,-,-,-,-,-
1035,S%GLAGATDT,2.3e-02,2,2,3.2e-06,1.0e+00,1.1e-01,1.0e+00,1.0e-03,2.9e-02,global-S%GLAGATDT,CASSVGLAGaTDTQYF,CASSVGLAGATDTQYF,TRBV9,TRBJ2-3,CAASIIGYNFNKFYF,Donor AJD3280:IEL TCRab CD4 TRM,1.000000,-,-,-,-,-,-,-,-,-,-,-
1035,S%GLAGATDT,2.3e-02,2,2,3.2e-06,1.0e+00,1.1e-01,1.0e+00,1.0e-03,2.9e-02,global-S%GLAGATDT,CASSVGLAGaTDTQYF,CASSVGLAGATDTQYF,TRBV9,TRBJ2-3,CAASIIGYNFNKFYF,Donor AJD3280:LP TCRab CD4 TRM,1.000000,-,-,-,-,-,-,-,-,-,-,-

1036,S%QGNTE,2.4e-02,2,3,6.4e-08,1.0e+00,1.9e-01,5.6e-02,1.0e-03,6.2e-03,global-S%QGNTE,CASSmQGNTEAFF,CASSMQGNTEAFF,TRBV19,TRBJ1-1,CAAREVNAGNMLTF,Donor AJD3280:LP TCRab CD4 TRM,3.000000,-,-,-,-,-,-,-,-,-,-,-
1036,S%QGNTE,2.4e-02,2,3,6.4e-08,1.0e+00,1.9e-01,5.6e-02,1.0e-03,6.2e-03,global-S%QGNTE,CASSQQGNTEAFF,CASSQQGNTEAFF,TRBV3-1,TRBJ1-1,CAVLIYNQGGKLIF,Donor AJKQ118:LP TCRab CD4 TRM,1.000000,-,-,-,-,-,-,-,-,-,-,-
1036,S%QGNTE,2.4e-02,2,3,6.4e-08,1.0e+00,1.9e-01,5.6e-02,1.0e-03,6.2e-03,global-S%QGNTE,CASSPQGNTEAFF,CASSPQGNTEAFF,TRBV5-1,TRBJ1-1,CAGRLNSGGYQKVTF,Donor AJKQ118:L TCRab CD4 TRM,1.000000,-,-,-,-,-,-,-,-,-,-,-

1037,%GLNTE,2.4e-02,2,3,1.2e-06,1.0e+00,1.9e-01,1.0e+00,1.0e-03,6.2e-03,global-%GLNTE,CSgmGLNTEAFF,CSGMGLNTEAFF,TRBV20-1,TRBJ1-1,CAVSRGSYIPTF,Donor AJD3280:PB TCRab CD4 Naive/TCM,1.000000,-,-,-,-,-,-,-,-,-,-,-
1037,%GLNTE,2.4e-02,2,3,1.2e-06,1.0e+00,1.9e-01,1.0e+00,1.0e-03,6.2e-03,global-%GLNTE,CAgSGlNTEAFF,CAGSGLNTEAFF,TRBV28,TRBJ1-1,CAVEDWNTGGFKTIF,Donor AJKQ118:PB TCRab CD4 Naive/TCM,1.000000,-,-,-,-,-,-,-,-,-,-,-
1037,%GLNTE,2.4e-02,2,3,1.2e-06,1.0e+00,1.9e-01,1.0e+00,1.0e-03,6.2e-03,global-%GLNTE,CSmTGlNTEAFF,CSMTGLNTEAFF,TRBV29-1,TRBJ1-1,CAVKGFSNAGKSTF,Donor AJKQ118:LP TCRab CD4 TRM,1.000000,-,-,-,-,-,-,-,-,-,-,-

1038,SL%TGE,2.5e-02,2,3,2.8e-07,1.0e+00,4.5e-02,1.0e+00,1.0e-03,6.2e-03,global-SL%TGE,CASSLwTGELFF,CASSLWTGELFF,TRBV27,TRBJ2-2,CAFITIQGAQKLVF,Donor AJKQ118:LP TCRab CD4 TRM,1.000000,-,-,-,-,-,-,-,-,-,-,-
1038,SL%TGE,2.5e-02,2,3,2.8e-07,1.0e+00,4.5e-02,1.0e+00,1.0e-03,6.2e-03,global-SL%TGE,CASSLhTGELFF,CASSLHTGELFF,TRBV9,TRBJ2-2,CAANWYNTGKLIF,Donor AJD3280:LP TCRab CD4 TRM,1.000000,-,-,-,-,-,-,-,-,-,-,-
1038,SL%TGE,2.5e-02,2,3,2.8e-07,1.0e+00,4.5e-02,1.0e+00,1.0e-03,6.2e-03,global-SL%TGE,CASSLhTGELFF,CASSLHTGELFF,TRBV7-9,TRBJ2-2,CIVRVARQGAQKLVF,Donor AJKQ118:LP TCRab CD4 FOXP3+ Treg,1.000000,-,-,-,-,-,-,-,-,-,-,-
1038,SL%TGE,2.5e-02,2,3,2.8e-07,1.0e+00,4.5e-02,1.0e+00,1.0e-03,6.2e-03,global-SL%TGE,CASSLhTGELFF,CASSLHTGELFF,TRBV7-9,TRBJ2-2,CIVRVARQGAQKLVF,Donor AJKQ118:PB TCRab CD4 FOXP3+ Treg,1.000000,-,-,-,-,-,-,-,-,-,-,-
1038,SL%TGE,2.5e-02,2,3,2.8e-07,1.0e+00,4.5e-02,1.0e+00,1.0e-03,6.2e-03,global-SL%TGE,CASSLsTGELFF,CASSLSTGELFF,TRBV7-9,TRBJ2-2,CAVRDRSGGSYIPTF,Donor AJKQ118:IEL TCRab CD4 FOXP3+ Treg,1.000000,-,-,-,-,-,-,-,-,-,-,-

1039,SPS%ET,2.7e-02,2,2,2.2e-06,1.0e+00,7.7e-02,1.0e+00,1.0e-03,2.9e-02,global-SPS%ET,CASSPseETQYF,CASSPSEETQYF,TRBV7-9,TRBJ2-5,CAVLKRGDYKLSF,Donor AJKQ118:L TCRab CD4 TRM,1.000000,-,-,-,-,-,-,-,-,-,-,-
1039,SPS%ET,2.7e-02,2,2,2.2e-06,1.0e+00,7.7e-02,1.0e+00,1.0e-03,2.9e-02,global-SPS%ET,CASSPSGETQYF,CASSPSGETQYF,TRBV18,TRBJ2-5,CAVTSGDAGNMLTF,Donor AJG2309:L TCRab CD4 TRM,1.000000,-,-,-,-,-,-,-,-,-,-,-

1040,%GQANTE,2.7e-02,1,2,2.0e-06,1.0e+00,6.9e-02,1.0e+00,1.0e-03,2.9e-02,global-%GQANTE,CASaGQaNTEAFF,CASAGQANTEAFF,TRBV6-2,TRBJ1-1,CAVDPTGGGNKLTF,Donor AJD3280:L TCRab CD4 Naive/TCM,1.000000,-,-,-,-,-,-,-,-,-,-,-
1040,%GQANTE,2.7e-02,1,2,2.0e-06,1.0e+00,6.9e-02,1.0e+00,1.0e-03,2.9e-02,global-%GQANTE,CASRGqaNTEAFF,CASRGQANTEAFF,TRBV5-1,TRBJ1-1,CAFMFSGNTPLVF,Donor AJD3280:LP TCRab CD4 Poised TCM,1.000000,-,-,-,-,-,-,-,-,-,-,-

1041,S%GASYE,2.7e-02,2,2,4.2e-06,1.0e+00,1.4e-01,1.0e+00,1.0e-03,2.9e-02,global-S%GASYE,CSASSGaSYEQYF,CSASSGASYEQYF,TRBV20-1,TRBJ2-7,CVVNGNNFNKFYF,Donor AJD3280:L TCRab CD4 TCM,1.000000,-,-,-,-,-,-,-,-,-,-,-
1041,S%GASYE,2.7e-02,2,2,4.2e-06,1.0e+00,1.4e-01,1.0e+00,1.0e-03,2.9e-02,global-S%GASYE,CASSYgaSYEQYF,CASSYGASYEQYF,TRBV12-4,TRBJ2-7,CAVRDDRGSARQLTF,Donor AJKQ118:IEL TCRab CD4 TRM,1.000000,-,-,-,-,-,-,-,-,-,-,-
1041,S%GASYE,2.7e-02,2,2,4.2e-06,1.0e+00,1.4e-01,1.0e+00,1.0e-03,2.9e-02,global-S%GASYE,CASSYgaSYEQYF,CASSYGASYEQYF,TRBV12-4,TRBJ2-7,CAVRDDRGSARQLTF,Donor AJKQ118:L TCRab CD4 Naive/TCM,1.000000,-,-,-,-,-,-,-,-,-,-,-

1042,REG%NYG,2.7e-02,2,2,2.9e-08,1.0e+00,1.0e-03,1.0e+00,1.0e-03,2.9e-02,global-REG%NYG,CSARegvNYGYTF,CSAREGVNYGYTF,TRBV20-1,TRBJ1-2,CAVGALNSGNTPLVF,Donor AJKQ118:PB TCRab CD4 FOXP3+ Treg,1.000000,-,-,-,-,-,-,-,-,-,-,-
1042,REG%NYG,2.7e-02,2,2,2.9e-08,1.0e+00,1.0e-03,1.0e+00,1.0e-03,2.9e-02,global-REG%NYG,CSARegaNYGYTF,CSAREGANYGYTF,TRBV20-1,TRBJ1-2,CAASVDFGNEKLTF,Donor AJD3280:PB TCRab CD4 Naive/TCM,1.000000,-,-,-,-,-,-,-,-,-,-,-

1043,S%SGNTGE,2.7e-02,2,2,2.9e-08,1.0e+00,1.0e-03,1.0e+00,1.0e-03,2.9e-02,global-S%SGNTGE,CASSESGNTGELFF,CASSESGNTGELFF,TRBV6-4,TRBJ2-2,CAVVDSNYQLIW,Donor AJD3280:L TCRab CD4 TRM,1.000000,-,-,-,-,-,-,-,-,-,-,-
1043,S%SGNTGE,2.7e-02,2,2,2.9e-08,1.0e+00,1.0e-03,1.0e+00,1.0e-03,2.9e-02,global-S%SGNTGE,CASSDSGNTGELFF,CASSDSGNTGELFF,TRBV6-4,TRBJ2-2,CAICQTGGFKTIF,Donor AJKQ118:L TCRab CD4 TRM,1.000000,-,-,-,-,-,-,-,-,-,-,-

1044,SLSG%QET,2.7e-02,2,2,2.9e-08,1.0e+00,1.0e-03,1.0e+00,1.0e-03,2.9e-02,global-SLSG%QET,CASSLSGsQETQYF,CASSLSGSQETQYF,TRBV7-7,TRBJ2-5,CAMRERDGGSNYKLTF,Donor AJKQ118:PB TCRab CD4 Naive/TCM,1.000000,-,-,-,-,-,-,-,-,-,-,-
1044,SLSG%QET,2.7e-02,2,2,2.9e-08,1.0e+00,1.0e-03,1.0e+00,1.0e-03,2.9e-02,global-SLSG%QET,CASSLSGhQETQYF,CASSLSGHQETQYF,TRBV7-7,TRBJ2-5,CAASKGYGGSQGNLIF,Donor AJD3280:PB TCRab CD4 Naive/TCM,1.000000,-,-,-,-,-,-,-,-,-,-,-

1045,SL%QGTE,2.7e-02,1,2,2.9e-08,1.0e+00,1.0e-03,1.0e+00,1.0e-03,2.9e-02,global-SL%QGTE,CASSLeQGTEAFF,CASSLEQGTEAFF,TRBV7-9,TRBJ1-1,CAASHPASKLTF,Donor AJG2309:PB TCRab CD4 Naive/TCM,1.000000,-,-,-,-,-,-,-,-,-,-,-
1045,SL%QGTE,2.7e-02,1,2,2.9e-08,1.0e+00,1.0e-03,1.0e+00,1.0e-03,2.9e-02,global-SL%QGTE,CASSLlQGTEAFF,CASSLLQGTEAFF,TRBV7-9,TRBJ1-1,CAFMKLSVGGGGADGLTF,Donor AJG2309:LP TCRab CD4 Poised TCM,1.000000,-,-,-,-,-,-,-,-,-,-,-

1046,SLA%NQP,2.7e-02,2,2,1.7e-06,1.0e+00,5.9e-02,1.0e+00,1.0e-03,2.9e-02,global-SLA%NQP,CASSLakNQPQHF,CASSLAKNQPQHF,TRBV7-8,TRBJ1-5,CAARTNTGNQFYF,Donor AJD3280:LP TCRab CD4 TRM,1.000000,-,-,-,-,-,-,-,-,-,-,-
1046,SLA%NQP,2.7e-02,2,2,1.7e-06,1.0e+00,5.9e-02,1.0e+00,1.0e-03,2.9e-02,global-SLA%NQP,CASSLaeNQPQHF,CASSLAENQPQHF,TRBV12-3,TRBJ1-5,CAGLGVSGGSNYKLTF,Donor AJKQ118:PB TCRab CD4 Naive/TCM,1.000000,-,-,-,-,-,-,-,-,-,-,-

1047,SLDRG%G,2.7e-02,2,2,2.2e-06,1.0e+00,7.5e-02,1.0e+00,1.0e-03,2.9e-02,global-SLDRG%G,CASSLDRGYGYTF,CASSLDRGYGYTF,TRBV3-1,TRBJ1-2,CAVEGAGSEKLVF,Donor AJD3280:LP TCRab CD4 TRM,1.000000,-,-,-,-,-,-,-,-,-,-,-
1047,SLDRG%G,2.7e-02,2,2,2.2e-06,1.0e+00,7.5e-02,1.0e+00,1.0e-03,2.9e-02,global-SLDRG%G,CASSLDRGsGYTF,CASSLDRGSGYTF,TRBV7-8,TRBJ1-2,CAVNISGKLIF,Donor AJG2309:L TCRab CD4 FOXP3+ Treg,1.000000,-,-,-,-,-,-,-,-,-,-,-

1048,SPGTG%G,2.7e-02,2,2,2.0e-06,1.0e+00,6.8e-02,1.0e+00,1.0e-03,2.9e-02,global-SPGTG%G,CAWSpGTGrGYTF,CAWSPGTGRGYTF,TRBV30,TRBJ1-2,CAVSHRISGNTPLVF,Donor AJD3280:LP TCRab CD4 TRM,1.000000,-,-,-,-,-,-,-,-,-,-,-
1048,SPGTG%G,2.7e-02,2,2,2.0e-06,1.0e+00,6.8e-02,1.0e+00,1.0e-03,2.9e-02,global-SPGTG%G,CASSPGTGdGYTF,CASSPGTGDGYTF,TRBV7-2,TRBJ1-2,CADTSGTYKYIF,Donor AJKQ118:PB TCRab CD4 FOXP3+ Treg,1.000000,-,-,-,-,-,-,-,-,-,-,-

1049,SL%QLNTE,2.7e-02,2,2,2.9e-08,1.0e+00,1.0e-03,1.0e+00,1.0e-03,2.9e-02,global-SL%QLNTE,CASSLGQlNTEAFF,CASSLGQLNTEAFF,TRBV5-1,TRBJ1-1,CAVNDSGGYNKLIF,Donor AJG2309:PB TCRab CD4 Naive/TCM,1.000000,-,-,-,-,-,-,-,-,-,-,-
1049,SL%QLNTE,2.7e-02,2,2,2.9e-08,1.0e+00,1.0e-03,1.0e+00,1.0e-03,2.9e-02,global-SL%QLNTE,CASSLaqlNTEAFF,CASSLAQLNTEAFF,TRBV5-1,TRBJ1-1,CAATSNNARLMF,Donor AJD3280:LP TCRab CD4 TRM,1.000000,-,-,-,-,-,-,-,-,-,-,-

1050,SG%GGNQP,2.7e-02,2,2,3.9e-09,1.0e+00,1.3e-01,1.0e-03,1.0e-03,2.9e-02,global-SG%GGNQP,CASSgSGGNQPQHF,CASSGSGGNQPQHF,TRBV6-5,TRBJ1-5,CALRVTTDSWGKLQF,Donor AJD3280:LP TCRab CD4 TRM,1.000000,-,-,-,-,-,-,-,-,-,-,-
1050,SG%GGNQP,2.7e-02,2,2,3.9e-09,1.0e+00,1.3e-01,1.0e-03,1.0e-03,2.9e-02,global-SG%GGNQP,CASSGQGgNQPQHF,CASSGQGGNQPQHF,TRBV6-1,TRBJ1-5,CALSEVSAGFGNVLHC,Donor AJKQ118:L TCRab CD4 TRM,14.000000,-,-,-,-,-,-,-,-,-,-,-
1050,SG%GGNQP,2.7e-02,2,2,3.9e-09,1.0e+00,1.3e-01,1.0e-03,1.0e-03,2.9e-02,global-SG%GGNQP,CASSGQGgNQPQHF,CASSGQGGNQPQHF,TRBV6-1,TRBJ1-5,CAVIHTGTASKLTF,Donor AJKQ118:L TCRab CD4 TRM,4.000000,-,-,-,-,-,-,-,-,-,-,-

1051,SLGQ%TGE,2.7e-02,2,2,2.1e-06,1.0e+00,7.3e-02,1.0e+00,1.0e-03,2.9e-02,global-SLGQ%TGE,CASSLGQkTGELFF,CASSLGQKTGELFF,TRBV7-9,TRBJ2-2,CALSEDTDKLIF,Donor AJKQ118:PB TCRab CD4 Naive/TCM,1.000000,-,-,-,-,-,-,-,-,-,-,-
1051,SLGQ%TGE,2.7e-02,2,2,2.1e-06,1.0e+00,7.3e-02,1.0e+00,1.0e-03,2.9e-02,global-SLGQ%TGE,CASSLGQpTGELFF,CASSLGQPTGELFF,TRBV6-1,TRBJ2-2,CAASLNNDMRF,Donor AJD3280:L TCRab CD4 TRM,1.000000,-,-,-,-,-,-,-,-,-,-,-

1052,SGTGG%ET,2.7e-02,2,2,2.0e-06,1.0e+00,6.8e-02,1.0e+00,1.0e-03,2.9e-02,global-SGTGG%ET,CASSGTGGrETQYF,CASSGTGGRETQYF,TRBV6-1,TRBJ2-5,CVVNDGGSEKLVF,Donor AJKQ118:PB TCRab CD4 Naive/TCM,1.000000,-,-,-,-,-,-,-,-,-,-,-
1052,SGTGG%ET,2.7e-02,2,2,2.0e-06,1.0e+00,6.8e-02,1.0e+00,1.0e-03,2.9e-02,global-SGTGG%ET,CAISGTGGQETQYF,CAISGTGGQETQYF,TRBV10-3,TRBJ2-5,CAASAREGAQKLVF,Donor AJD3280:IEL TCRab CD4 TRM,1.000000,-,-,-,-,-,-,-,-,-,-,-

1053,SL%AGGNTE,2.7e-02,1,2,2.2e-06,1.0e+00,7.5e-02,1.0e+00,1.0e-03,2.9e-02,global-SL%AGGNTE,CASSLrAGGNTEAFF,CASSLRAGGNTEAFF,TRBV11-2,TRBJ1-1,CAFADTGTASKLTF,Donor AJKQ118:LP TCRab CD4 Poised TCM,1.000000,-,-,-,-,-,-,-,-,-,-,-
1053,SL%AGGNTE,2.7e-02,1,2,2.2e-06,1.0e+00,7.5e-02,1.0e+00,1.0e-03,2.9e-02,global-SL%AGGNTE,CASSLnAGGNTEAFF,CASSLNAGGNTEAFF,TRBV5-1,TRBJ1-1,CAAPLSGGYNKLIF,Donor AJKQ118:IEL TCRab CD4 FOXP3+ Treg,1.000000,-,-,-,-,-,-,-,-,-,-,-

1054,SRD%E,2.7e-02,1,3,2.1e-07,1.0e+00,1.8e-01,1.9e-01,1.0e-03,6.2e-03,global-SRD%E,CASSRDREAFF,CASSRDREAFF,TRBV7-2,TRBJ1-1,CAYRSAYSGNTPLVF,Donor AJD3280:LP TCRab CD4 Mobile TRM,2.000000,-,-,-,-,-,-,-,-,-,-,-
1054,SRD%E,2.7e-02,1,3,2.1e-07,1.0e+00,1.8e-01,1.9e-01,1.0e-03,6.2e-03,global-SRD%E,CASSRdTEAFF,CASSRDTEAFF,TRBV13,TRBJ1-1,CAAIGGAGSYQLTF,Donor AJD3280:PB TCRab CD4 Naive/TCM,1.000000,-,-,-,-,-,-,-,-,-,-,-
1054,SRD%E,2.7e-02,1,3,2.1e-07,1.0e+00,1.8e-01,1.9e-01,1.0e-03,6.2e-03,global-SRD%E,CASSRdYEQYF,CASSRDYEQYF,TRBV6-5,TRBJ2-7,CAASRYNNNDMRF,Donor AJD3280:PB TCRab CD4 Naive/TCM,1.000000,-,-,-,-,-,-,-,-,-,-,-

1055,S%NRGYE,2.7e-02,1,2,2.0e-06,1.0e+00,6.9e-02,1.0e+00,1.0e-03,2.9e-02,global-S%NRGYE,CASStnRGYEQYF,CASSTNRGYEQYF,TRBV5-1,TRBJ2-7,CAYRRGSDDKIIF,Donor AJKQ118:PB TCRab CD4 Naive/TCM,1.000000,-,-,-,-,-,-,-,-,-,-,-
1055,S%NRGYE,2.7e-02,1,2,2.0e-06,1.0e+00,6.9e-02,1.0e+00,1.0e-03,2.9e-02,global-S%NRGYE,CASSPnRGYEQYF,CASSPNRGYEQYF,TRBV3-1,TRBJ2-7,CVVSDAGRRALTF,Donor AJKQ118:L TCRab CD4 TCM,1.000000,-,-,-,-,-,-,-,-,-,-,-

1056,RG%ANTE,2.7e-02,2,2,2.0e-06,1.0e+00,6.7e-02,1.0e+00,1.0e-03,2.9e-02,global-RG%ANTE,CSVRGgaNTEAFF,CSVRGGANTEAFF,TRBV29-1,TRBJ1-1,CAVDPNSGGGADGLTF,Donor AJG2309:LP TCRab CD4 TRM,1.000000,-,-,-,-,-,-,-,-,-,-,-
1056,RG%ANTE,2.7e-02,2,2,2.0e-06,1.0e+00,6.7e-02,1.0e+00,1.0e-03,2.9e-02,global-RG%ANTE,CASRGqaNTEAFF,CASRGQANTEAFF,TRBV5-1,TRBJ1-1,CAFMFSGNTPLVF,Donor AJD3280:LP TCRab CD4 Poised TCM,1.000000,-,-,-,-,-,-,-,-,-,-,-

1057,SPPG%NYG,2.7e-02,2,2,1.9e-06,1.0e+00,6.6e-02,1.0e+00,1.0e-03,2.9e-02,global-SPPG%NYG,CASSPpgaNYGYTF,CASSPPGANYGYTF,TRBV9,TRBJ1-2,CVVKSGGYNKLIF,Donor AJD3280:L TCRab CD4 FOXP3+ Treg,1.000000,-,-,-,-,-,-,-,-,-,-,-
1057,SPPG%NYG,2.7e-02,2,2,1.9e-06,1.0e+00,6.6e-02,1.0e+00,1.0e-03,2.9e-02,global-SPPG%NYG,CASSPpgfNYGYTF,CASSPPGFNYGYTF,TRBV7-2,TRBJ1-2,CAVGDYKLSF,Donor AJG2309:LP TCRab CD4 Mobile TRM,1.000000,-,-,-,-,-,-,-,-,-,-,-

1058,S%QGNQP,2.7e-02,2,3,2.1e-06,1.0e+00,3.3e-01,1.0e+00,1.0e-03,6.2e-03,global-S%QGNQP,CASSPQGNQPQHF,CASSPQGNQPQHF,TRBV6-6,TRBJ1-5,CAASMMGGQNFVF,Donor AJD3280:IEL TCRab CD4 FOXP3+ Treg,1.000000,-,-,-,-,-,-,-,-,-,-,-
1058,S%QGNQP,2.7e-02,2,3,2.1e-06,1.0e+00,3.3e-01,1.0e+00,1.0e-03,6.2e-03,global-S%QGNQP,CASSPQGNQPQHF,CASSPQGNQPQHF,TRBV18,TRBJ1-5,CAYSPLSGSARQLTF,Donor AJKQ118:LP TCRab CD4 TRM,1.000000,-,-,-,-,-,-,-,-,-,-,-
1058,S%QGNQP,2.7e-02,2,3,2.1e-06,1.0e+00,3.3e-01,1.0e+00,1.0e-03,6.2e-03,global-S%QGNQP,CASSfQGNQPQHF,CASSFQGNQPQHF,TRBV12-3,TRBJ1-5,CAGFFGGANSKLTF,Donor AJD3280:LP TCRab CD4 Poised TCM,1.000000,-,-,-,-,-,-,-,-,-,-,-
1058,S%QGNQP,2.7e-02,2,3,2.1e-06,1.0e+00,3.3e-01,1.0e+00,1.0e-03,6.2e-03,global-S%QGNQP,CASSLQGNQPQHF,CASSLQGNQPQHF,TRBV14,TRBJ1-5,CAVVPSGGSYIPTF,Donor AJKQ118:IEL TCRab CD4 TRM,1.000000,-,-,-,-,-,-,-,-,-,-,-

1059,SDR%NQP,2.7e-02,2,2,1.5e-06,1.0e+00,5.1e-02,1.0e+00,1.0e-03,2.9e-02,global-SDR%NQP,CAWSDRdNQPQHF,CAWSDRDNQPQHF,TRBV30,TRBJ1-5,CGTGTASKLTF,Donor AJKQ118:L TCRab CD4 TRM,1.000000,-,-,-,-,-,-,-,-,-,-,-
1059,SDR%NQP,2.7e-02,2,2,1.5e-06,1.0e+00,5.1e-02,1.0e+00,1.0e-03,2.9e-02,global-SDR%NQP,CSASDRfNQPQHF,CSASDRFNQPQHF,TRBV20-1,TRBJ1-5,CVVSHLRAGNNRKLIW,Donor AJG2309:PB TCRab CD4 Naive/TCM,1.000000,-,-,-,-,-,-,-,-,-,-,-

1060,SLAG%YG,2.7e-02,3,2,9.2e-07,1.0e+00,1.9e-01,1.7e-01,1.0e-03,2.9e-02,global-SLAG%YG,CASSLaGLYGYTF,CASSLAGLYGYTF,TRBV6-5,TRBJ1-2,CAMGGSNYQLIW,Donor AJG2309:IEL TCRab CD4 FOXP3+ Treg,2.000000,-,-,-,-,-,-,-,-,-,-,-
1060,SLAG%YG,2.7e-02,3,2,9.2e-07,1.0e+00,1.9e-01,1.7e-01,1.0e-03,2.9e-02,global-SLAG%YG,CASSLAGGYGYTF,CASSLAGGYGYTF,TRBV7-3,TRBJ1-2,CALSEANSNDYKLSF,Donor AJD3280:L TCRab CD4 TCM,1.000000,-,-,-,-,-,-,-,-,-,-,-
1060,SLAG%YG,2.7e-02,3,2,9.2e-07,1.0e+00,1.9e-01,1.7e-01,1.0e-03,2.9e-02,global-SLAG%YG,CASSLAGGYGYTF,CASSLAGGYGYTF,TRBV10-2,TRBJ1-2,CAASIDNQGGKLIF,Donor AJKQ118:PB TCRab CD4 Naive/TCM,1.000000,-,-,-,-,-,-,-,-,-,-,-

1061,S%LAGGET,2.7e-02,2,2,2.0e-06,1.0e+00,6.7e-02,1.0e+00,1.0e-03,2.9e-02,global-S%LAGGET,CSASGLAGGETQYF,CSASGLAGGETQYF,TRBV20-1,TRBJ2-5,CATKIRGTGNQFYF,Donor AJD3280:LP TCRab CD4 Mobile TRM,1.000000,-,-,-,-,-,-,-,-,-,-,-
1061,S%LAGGET,2.7e-02,2,2,2.0e-06,1.0e+00,6.7e-02,1.0e+00,1.0e-03,2.9e-02,global-S%LAGGET,CASSPLAGGETQYF,CASSPLAGGETQYF,TRBV3-1,TRBJ2-5,CAAIRYLSRSGYSTLTF,Donor AJKQ118:IEL TCRab CD4 TRM,1.000000,-,-,-,-,-,-,-,-,-,-,-

1062,SP%SSGNT,2.7e-02,1,2,2.4e-06,1.0e+00,8.3e-02,1.0e+00,1.0e-03,2.9e-02,global-SP%SSGNT,CASSPssSGNTIYF,CASSPSSSGNTIYF,TRBV19,TRBJ1-3,CVVNLNTGGFKTIF,Donor AJG2309:PB TCRab CD4 Naive/TCM,1.000000,-,-,-,-,-,-,-,-,-,-,-
1062,SP%SSGNT,2.7e-02,1,2,2.4e-06,1.0e+00,8.3e-02,1.0e+00,1.0e-03,2.9e-02,global-SP%SSGNT,CAvsprsSGNTIYF,CAVSPRSSGNTIYF,TRBV28,TRBJ1-3,CALKTSYDKVIF,Donor AJG2309:PB TCRab CD4 Naive/TCM,1.000000,-,-,-,-,-,-,-,-,-,-,-

1063,SLGG%NSP,2.7e-02,1,2,1.9e-06,1.0e+00,6.5e-02,1.0e+00,1.0e-03,2.9e-02,global-SLGG%NSP,CASSLGGgNSPLHF,CASSLGGGNSPLHF,TRBV3-1,TRBJ1-6,CADGQTGANNLFF,Donor AJD3280:LP TCRab CD4 TRM,1.000000,-,-,-,-,-,-,-,-,-,-,-
1063,SLGG%NSP,2.7e-02,1,2,1.9e-06,1.0e+00,6.5e-02,1.0e+00,1.0e-03,2.9e-02,global-SLGG%NSP,CASSLGGaNSPLHF,CASSLGGANSPLHF,TRBV27,TRBJ1-6,CAVRDMGSGAGSYQLTF,Donor AJD3280:L TCRab CD4 FOXP3+ Treg,1.000000,-,-,-,-,-,-,-,-,-,-,-

1064,S%GLAGRNE,2.7e-02,2,2,2.3e-06,1.0e+00,8.0e-02,1.0e+00,1.0e-03,2.9e-02,global-S%GLAGRNE,CASSLGLAGrNEQFF,CASSLGLAGRNEQFF,TRBV7-2,TRBJ2-1,CAVTPYGNNRLAF,Donor AJKQ118:PB TCRab CD4 Naive/TCM,1.000000,-,-,-,-,-,-,-,-,-,-,-
1064,S%GLAGRNE,2.7e-02,2,2,2.3e-06,1.0e+00,8.0e-02,1.0e+00,1.0e-03,2.9e-02,global-S%GLAGRNE,CASSPGLAGrNEQFF,CASSPGLAGRNEQFF,TRBV7-9,TRBJ2-1,CAVDMGGGADGLTF,Donor AJD3280:PB TCRab CD4 Naive/TCM,1.000000,-,-,-,-,-,-,-,-,-,-,-

1065,S%DRGNE,2.7e-02,2,2,1.7e-06,1.0e+00,5.8e-02,1.0e+00,1.0e-03,2.9e-02,global-S%DRGNE,CASSwDRGNEQFF,CASSWDRGNEQFF,TRBV11-2,TRBJ2-1,CAMSEDDAGNMLTF,Donor AJKQ118:PB TCRab CD4 Naive/TCM,1.000000,-,-,-,-,-,-,-,-,-,-,-
1065,S%DRGNE,2.7e-02,2,2,1.7e-06,1.0e+00,5.8e-02,1.0e+00,1.0e-03,2.9e-02,global-S%DRGNE,CASSLDRGNEQFF,CASSLDRGNEQFF,TRBV11-3,TRBJ2-1,CAEISYTGRRALTF,Donor AJD3280:PB TCRab CD4 Naive/TCM,1.000000,-,-,-,-,-,-,-,-,-,-,-

1066,S%RGNYG,2.7e-02,1,2,2.0e-06,1.0e+00,6.8e-02,1.0e+00,1.0e-03,2.9e-02,global-S%RGNYG,CASSSRGNYGYTF,CASSSRGNYGYTF,TRBV7-2,TRBJ1-2,CAAISNFGNEKLTF,Donor AJD3280:PB TCRab CD4 Naive/TCM,1.000000,-,-,-,-,-,-,-,-,-,-,-
1066,S%RGNYG,2.7e-02,1,2,2.0e-06,1.0e+00,6.8e-02,1.0e+00,1.0e-03,2.9e-02,global-S%RGNYG,CASSYRGNYGYTF,CASSYRGNYGYTF,TRBV6-2,TRBJ1-2,CAYRRGNYGGATNKLIF,Donor AJD3280:IEL TCRab CD4 TRM,1.000000,-,-,-,-,-,-,-,-,-,-,-

1067,SRG%DQP,2.7e-02,2,2,3.1e-07,1.0e+00,7.4e-02,1.4e-01,1.0e-03,2.9e-02,global-SRG%DQP,CASSRGGdQPQHF,CASSRGGDQPQHF,TRBV14,TRBJ1-5,CALSEDNARLMF,Donor AJG2309:L TCRab CD4 TRM,1.000000,-,-,-,-,-,-,-,-,-,-,-
1067,SRG%DQP,2.7e-02,2,2,3.1e-07,1.0e+00,7.4e-02,1.4e-01,1.0e-03,2.9e-02,global-SRG%DQP,CSASRGldQPQHF,CSASRGLDQPQHF,TRBV20-1,TRBJ1-5,CAVGGSGTASKLTF,Donor AJKQ118:PB TCRab CD4 Naive/TCM,2.000000,-,-,-,-,-,-,-,-,-,-,-

1068,S%ANTGE,2.7e-02,2,2,2.0e-06,1.0e+00,6.8e-02,1.0e+00,1.0e-03,2.9e-02,global-S%ANTGE,CASSVaNTGELFF,CASSVANTGELFF,TRBV9,TRBJ2-2,CAMRDNTDKLIF,Donor AJD3280:LP TCRab CD4 TRM,1.000000,-,-,-,-,-,-,-,-,-,-,-
1068,S%ANTGE,2.7e-02,2,2,2.0e-06,1.0e+00,6.8e-02,1.0e+00,1.0e-03,2.9e-02,global-S%ANTGE,CSASgaNTGELFF,CSASGANTGELFF,TRBV20-1,TRBJ2-2,CAARRADKLIF,Donor AJKQ118:PB TCRab CD4 Naive/TCM,1.000000,-,-,-,-,-,-,-,-,-,-,-

1069,S%AGGSYE,2.7e-02,1,2,9.0e-09,1.0e+00,1.0e-02,3.1e-02,1.0e-03,2.9e-02,global-S%AGGSYE,CASSKAGGSYEQYF,CASSKAGGSYEQYF,TRBV28,TRBJ2-7,CVVNRNNARLMF,Donor AJD3280:PB TCRab CD4 Naive/TCM,1.000000,-,-,-,-,-,-,-,-,-,-,-
1069,S%AGGSYE,2.7e-02,1,2,9.0e-09,1.0e+00,1.0e-02,3.1e-02,1.0e-03,2.9e-02,global-S%AGGSYE,CASSLAGGSYEQYF,CASSLAGGSYEQYF,TRBV5-1,TRBJ2-7,CAEMNSGYSTLTF,Donor AJD3280:IEL TCRab CD4 TRM,4.000000,-,-,-,-,-,-,-,-,-,-,-
1069,S%AGGSYE,2.7e-02,1,2,9.0e-09,1.0e+00,1.0e-02,3.1e-02,1.0e-03,2.9e-02,global-S%AGGSYE,CASSLAGGSYEQYF,CASSLAGGSYEQYF,TRBV5-1,TRBJ2-7,CAEMNSGYSTLTF,Donor AJD3280:LP TCRab CD4 Tph,1.000000,-,-,-,-,-,-,-,-,-,-,-
1069,S%AGGSYE,2.7e-02,1,2,9.0e-09,1.0e+00,1.0e-02,3.1e-02,1.0e-03,2.9e-02,global-S%AGGSYE,CASSLAGGSYEQYF,CASSLAGGSYEQYF,TRBV5-1,TRBJ2-7,CAEMNSGYSTLTF,Donor AJD3280:PB TCRab CD4 FOXP3+ Treg,1.000000,-,-,-,-,-,-,-,-,-,-,-

1070,S%TGGGET,2.7e-02,1,2,1.6e-06,1.0e+00,5.6e-02,1.0e+00,1.0e-03,2.9e-02,global-S%TGGGET,CASStTGGgETQYF,CASSTTGGGETQYF,TRBV19,TRBJ2-5,CVVNPYSGGYQKVTF,Donor AJG2309:PB TCRab CD4 Naive/TCM,1.000000,-,-,-,-,-,-,-,-,-,-,-
1070,S%TGGGET,2.7e-02,1,2,1.6e-06,1.0e+00,5.6e-02,1.0e+00,1.0e-03,2.9e-02,global-S%TGGGET,CASSSTGGgETQYF,CASSSTGGGETQYF,TRBV9,TRBJ2-5,CAVTAYRRIASGGSYIPTF,Donor AJG2309:LP TCRab CD4 TRM,1.000000,-,-,-,-,-,-,-,-,-,-,-

1071,S%TGGQET,2.7e-02,2,2,2.0e-06,1.0e+00,6.7e-02,1.0e+00,1.0e-03,2.9e-02,global-S%TGGQET,CASSSTGGQETQYF,CASSSTGGQETQYF,TRBV12-3,TRBJ2-5,CAVRRDDKIIF,Donor AJKQ118:PB TCRab CD4 Naive/TCM,1.000000,-,-,-,-,-,-,-,-,-,-,-
1071,S%TGGQET,2.7e-02,2,2,2.0e-06,1.0e+00,6.7e-02,1.0e+00,1.0e-03,2.9e-02,global-S%TGGQET,CAISGTGGQETQYF,CAISGTGGQETQYF,TRBV10-3,TRBJ2-5,CAASAREGAQKLVF,Donor AJD3280:IEL TCRab CD4 TRM,1.000000,-,-,-,-,-,-,-,-,-,-,-

1072,SLT%SNQP,2.7e-02,2,2,2.7e-07,1.0e+00,7.2e-02,1.3e-01,1.0e-03,2.9e-02,global-SLT%SNQP,CASSLtiSNQPQHF,CASSLTISNQPQHF,TRBV4-1,TRBJ1-5,CAGQNGGNDMRF,Donor AJG2309:LP TCRab CD4 TRM,1.000000,-,-,-,-,-,-,-,-,-,-,-
1072,SLT%SNQP,2.7e-02,2,2,2.7e-07,1.0e+00,7.2e-02,1.3e-01,1.0e-03,2.9e-02,global-SLT%SNQP,CASSLttSNQPQHF,CASSLTTSNQPQHF,TRBV5-6,TRBJ1-5,CAEMEGNTPLVF,Donor AJD3280:LP TCRab CD4 TRM,2.000000,-,-,-,-,-,-,-,-,-,-,-

1073,SE%GSTDT,2.7e-02,1,2,1.8e-06,1.0e+00,6.1e-02,1.0e+00,1.0e-03,2.9e-02,global-SE%GSTDT,CASSEGGSTDTQYF,CASSEGGSTDTQYF,TRBV6-4,TRBJ2-3,CAALDSNYQLIW,Donor AJD3280:L TCRab CD4 TRM,1.000000,-,-,-,-,-,-,-,-,-,-,-
1073,SE%GSTDT,2.7e-02,1,2,1.8e-06,1.0e+00,6.1e-02,1.0e+00,1.0e-03,2.9e-02,global-SE%GSTDT,CAISETGSTDTQYF,CAISETGSTDTQYF,TRBV10-3,TRBJ2-3,CAALYSGNTPLVF,Donor AJD3280:PB TCRab CD4 FOXP3+ Treg,1.000000,-,-,-,-,-,-,-,-,-,-,-

1074,SLA%LNTE,2.7e-02,2,2,2.0e-06,1.0e+00,6.7e-02,1.0e+00,1.0e-03,2.9e-02,global-SLA%LNTE,CASSLaqlNTEAFF,CASSLAQLNTEAFF,TRBV5-1,TRBJ1-1,CAATSNNARLMF,Donor AJD3280:LP TCRab CD4 TRM,1.000000,-,-,-,-,-,-,-,-,-,-,-
1074,SLA%LNTE,2.7e-02,2,2,2.0e-06,1.0e+00,6.7e-02,1.0e+00,1.0e-03,2.9e-02,global-SLA%LNTE,CASSLaGLNTEAFF,CASSLAGLNTEAFF,TRBV12-3,TRBJ1-1,CAGQSGGFKTIF,Donor AJKQ118:PB TCRab CD4 Naive/TCM,1.000000,-,-,-,-,-,-,-,-,-,-,-

1075,SFRG%E,2.7e-02,2,2,2.0e-06,1.0e+00,6.7e-02,1.0e+00,1.0e-03,2.9e-02,global-SFRG%E,CASSfRGdEQFF,CASSFRGDEQFF,TRBV5-1,TRBJ2-1,CAVDGGGLTGGGNKLTF,Donor AJKQ118:PB TCRab CD4 Naive/TCM,1.000000,-,-,-,-,-,-,-,-,-,-,-
1075,SFRG%E,2.7e-02,2,2,2.0e-06,1.0e+00,6.7e-02,1.0e+00,1.0e-03,2.9e-02,global-SFRG%E,CASSfRGTEAFF,CASSFRGTEAFF,TRBV6-5,TRBJ1-1,CAGGHTGTASKLTF,Donor AJG2309:LP TCRab CD4 TRM,1.000000,-,-,-,-,-,-,-,-,-,-,-

1076,SL%NE,2.9e-02,2,3,6.2e-09,1.0e+00,1.0e-03,1.0e+00,1.0e-03,6.2e-03,global-SL%NE,CASSLfNEQFF,CASSLFNEQFF,TRBV7-2,TRBJ2-1,CAGGTSGTYKYIF,Donor AJKQ118:PB TCRab CD4 FOXP3+ Treg,1.000000,-,-,-,-,-,-,-,-,-,-,-
1076,SL%NE,2.9e-02,2,3,6.2e-09,1.0e+00,1.0e-03,1.0e+00,1.0e-03,6.2e-03,global-SL%NE,CASSLYNEQFF,CASSLYNEQFF,TRBV7-2,TRBJ2-1,CVVPSGAGSYQLTF,Donor AJKQ118:PB TCRab CD4 Naive/TCM,1.000000,-,-,-,-,-,-,-,-,-,-,-
1076,SL%NE,2.9e-02,2,3,6.2e-09,1.0e+00,1.0e-03,1.0e+00,1.0e-03,6.2e-03,global-SL%NE,CASSLrNEQFF,CASSLRNEQFF,TRBV7-2,TRBJ2-1,CAVSTGKGGSEKLVF,Donor AJD3280:IEL TCRab CD4 Mobile TRM,1.000000,-,-,-,-,-,-,-,-,-,-,-

1077,SL%TE,2.9e-02,2,3,1.2e-06,1.0e+00,2.0e-01,1.0e+00,1.0e-03,6.2e-03,global-SL%TE,CASSLhTEAFF,CASSLHTEAFF,TRBV11-2,TRBJ1-1,CAMRGWGGSEKLVF,Donor AJD3280:IEL TCRab CD4 Mobile TRM,1.000000,-,-,-,-,-,-,-,-,-,-,-
1077,SL%TE,2.9e-02,2,3,1.2e-06,1.0e+00,2.0e-01,1.0e+00,1.0e-03,6.2e-03,global-SL%TE,CASSLNTEAFF,CASSLNTEAFF,TRBV6-5,TRBJ1-1,CAANSGGSNYKLTF,Donor AJKQ118:PB TCRab CD4 Naive/TCM,1.000000,-,-,-,-,-,-,-,-,-,-,-
1077,SL%TE,2.9e-02,2,3,1.2e-06,1.0e+00,2.0e-01,1.0e+00,1.0e-03,6.2e-03,global-SL%TE,CASSLdTEAFF,CASSLDTEAFF,TRBV5-6,TRBJ1-1,CAYRSGSGGNTGKLIF,Donor AJD3280:PB TCRab CD4 Naive/TCM,1.000000,-,-,-,-,-,-,-,-,-,-,-

1078,SGQ%NTE,2.9e-02,2,3,5.0e-11,1.0e+00,1.0e-03,8.0e-03,1.0e-03,6.2e-03,global-SGQ%NTE,CSASGQmNTEAFF,CSASGQMNTEAFF,TRBV20-1,TRBJ1-1,CAMSEESGGGADGLTF,Donor AJG2309:LP TCRab CD4 TRM,1.000000,-,-,-,-,-,-,-,-,-,-,-
1078,SGQ%NTE,2.9e-02,2,3,5.0e-11,1.0e+00,1.0e-03,8.0e-03,1.0e-03,6.2e-03,global-SGQ%NTE,CSASGQpNTEAFF,CSASGQPNTEAFF,TRBV20-1,TRBJ1-1,CVVNRFSDGQKLLF,Donor AJKQ118:IEL TCRab CD4 Mobile TRM,1.000000,-,-,-,-,-,-,-,-,-,-,-
1078,SGQ%NTE,2.9e-02,2,3,5.0e-11,1.0e+00,1.0e-03,8.0e-03,1.0e-03,6.2e-03,global-SGQ%NTE,CSASGQpNTEAFF,CSASGQPNTEAFF,TRBV20-1,TRBJ1-1,CVVIPYSSASKIIF,Donor AJKQ118:IEL TCRab CD4 Mobile TRM,3.000000,-,-,-,-,-,-,-,-,-,-,-
1078,SGQ%NTE,2.9e-02,2,3,5.0e-11,1.0e+00,1.0e-03,8.0e-03,1.0e-03,6.2e-03,global-SGQ%NTE,CSASGQpNTEAFF,CSASGQPNTEAFF,TRBV20-1,TRBJ1-1,CVVNRFSDGQKLLF,Donor AJKQ118:L TCRab CD4 TRM,1.000000,-,-,-,-,-,-,-,-,-,-,-
1078,SGQ%NTE,2.9e-02,2,3,5.0e-11,1.0e+00,1.0e-03,8.0e-03,1.0e-03,6.2e-03,global-SGQ%NTE,CSASGQpNTEAFF,CSASGQPNTEAFF,TRBV20-1,TRBJ1-1,CVVNRFSDGQKLLF,Donor AJKQ118:LP TCRab CD4 Mobile TRM,5.000000,-,-,-,-,-,-,-,-,-,-,-
1078,SGQ%NTE,2.9e-02,2,3,5.0e-11,1.0e+00,1.0e-03,8.0e-03,1.0e-03,6.2e-03,global-SGQ%NTE,CSASGQpNTEAFF,CSASGQPNTEAFF,TRBV20-1,TRBJ1-1,CVVNRFSDGQKLLF,Donor AJKQ118:LP TCRab CD4 TRM,3.000000,-,-,-,-,-,-,-,-,-,-,-
1078,SGQ%NTE,2.9e-02,2,3,5.0e-11,1.0e+00,1.0e-03,8.0e-03,1.0e-03,6.2e-03,global-SGQ%NTE,CSASGQpNTEAFF,CSASGQPNTEAFF,TRBV20-1,TRBJ1-1,CVVIPYSSASKIIF,Donor AJKQ118:LP TCRab CD4 TRM,1.000000,-,-,-,-,-,-,-,-,-,-,-
1078,SGQ%NTE,2.9e-02,2,3,5.0e-11,1.0e+00,1.0e-03,8.0e-03,1.0e-03,6.2e-03,global-SGQ%NTE,CASSGQkNTEAFF,CASSGQKNTEAFF,TRBV6-2,TRBJ1-1,CQKGSGGYQKVTF,Donor AJKQ118:PB TCRab CD4 FOXP3+ Treg,1.000000,-,-,-,-,-,-,-,-,-,-,-

1079,S%GGSTDT,2.9e-02,2,3,6.4e-07,1.0e+00,1.0e-01,1.0e+00,1.0e-03,6.2e-03,global-S%GGSTDT,CASSAGGSTDTQYF,CASSAGGSTDTQYF,TRBV7-3,TRBJ2-3,CALSDHQAGRRALTF,Donor AJG2309:PB TCRab CD4 Naive/TCM,1.000000,-,-,-,-,-,-,-,-,-,-,-
1079,S%GGSTDT,2.9e-02,2,3,6.4e-07,1.0e+00,1.0e-01,1.0e+00,1.0e-03,6.2e-03,global-S%GGSTDT,CASSPGGSTDTQYF,CASSPGGSTDTQYF,TRBV7-3,TRBJ2-3,CAASSETGANNLFF,Donor AJD3280:L TCRab CD4 TCM,1.000000,-,-,-,-,-,-,-,-,-,-,-
1079,S%GGSTDT,2.9e-02,2,3,6.4e-07,1.0e+00,1.0e-01,1.0e+00,1.0e-03,6.2e-03,global-S%GGSTDT,CASSEGGSTDTQYF,CASSEGGSTDTQYF,TRBV6-4,TRBJ2-3,CAALDSNYQLIW,Donor AJD3280:L TCRab CD4 TRM,1.000000,-,-,-,-,-,-,-,-,-,-,-

1080,SP%GQET,3.0e-02,1,2,1.8e-06,1.0e+00,6.1e-02,1.0e+00,1.0e-03,2.9e-02,global-SP%GQET,CASSPAGQETQYF,CASSPAGQETQYF,TRBV9,TRBJ2-5,CNKNNDMRF,Donor AJD3280:LP TCRab CD4 Naive/TCM,1.000000,-,-,-,-,-,-,-,-,-,-,-
1080,SP%GQET,3.0e-02,1,2,1.8e-06,1.0e+00,6.1e-02,1.0e+00,1.0e-03,2.9e-02,global-SP%GQET,CASSPTGQETQYF,CASSPTGQETQYF,TRBV6-2,TRBJ2-5,CAVSDNTGGFKTIF,Donor AJD3280:PB TCRab CD4 Naive/TCM,1.000000,-,-,-,-,-,-,-,-,-,-,-

1081,S%PYNE,3.0e-02,2,2,1.8e-06,1.0e+00,6.2e-02,1.0e+00,1.0e-03,2.9e-02,global-S%PYNE,CASSIpYNEQFF,CASSIPYNEQFF,TRBV12-3,TRBJ2-1,CAMREDSSGGYQKVTF,Donor AJKQ118:PB TCRab CD4 Naive/TCM,1.000000,-,-,-,-,-,-,-,-,-,-,-
1081,S%PYNE,3.0e-02,2,2,1.8e-06,1.0e+00,6.2e-02,1.0e+00,1.0e-03,2.9e-02,global-S%PYNE,CASSRpYNEQFF,CASSRPYNEQFF,TRBV6-6,TRBJ2-1,CAASSRGGGADGLTF,Donor AJD3280:PB TCRab CD4 Naive/TCM,1.000000,-,-,-,-,-,-,-,-,-,-,-

1082,SLG%QP,3.0e-02,1,2,2.0e-06,1.0e+00,6.8e-02,1.0e+00,1.0e-03,2.9e-02,global-SLG%QP,CASSLGGQPQHF,CASSLGGQPQHF,TRBV5-6,TRBJ1-5,CVVKKRDSNYQLIW,Donor AJD3280:PB TCRab CD4 Naive/TCM,1.000000,-,-,-,-,-,-,-,-,-,-,-
1082,SLG%QP,3.0e-02,1,2,2.0e-06,1.0e+00,6.8e-02,1.0e+00,1.0e-03,2.9e-02,global-SLG%QP,CASSLgvQPQHF,CASSLGVQPQHF,TRBV12-4,TRBJ1-5,CAATSTASKLTF,Donor AJD3280:IEL TCRab CD4 TRM,1.000000,-,-,-,-,-,-,-,-,-,-,-

1083,SLEG%QP,3.0e-02,1,2,1.8e-06,1.0e+00,6.2e-02,1.0e+00,1.0e-03,2.9e-02,global-SLEG%QP,CASSLegNQPQHF,CASSLEGNQPQHF,TRBV3-1,TRBJ1-5,CALSDLTSNAGNMLTF,Donor AJKQ118:PB TCRab CD4 Naive/TCM,1.000000,-,-,-,-,-,-,-,-,-,-,-
1083,SLEG%QP,3.0e-02,1,2,1.8e-06,1.0e+00,6.2e-02,1.0e+00,1.0e-03,2.9e-02,global-SLEG%QP,CASSLegdQPQHF,CASSLEGDQPQHF,TRBV12-3,TRBJ1-5,CAVQAGGANNLFF,Donor AJKQ118:PB TCRab CD4 FOXP3+ Treg,1.000000,-,-,-,-,-,-,-,-,-,-,-

1084,SLSGG%E,3.0e-02,2,2,1.6e-06,1.0e+00,5.6e-02,1.0e+00,1.0e-03,2.9e-02,global-SLSGG%E,CASSLSGGsEAFF,CASSLSGGSEAFF,TRBV7-2,TRBJ1-1,CAVYGGSQGNLIF,Donor AJG2309:LP TCRab CD4 Mobile TRM,1.000000,-,-,-,-,-,-,-,-,-,-,-
1084,SLSGG%E,3.0e-02,2,2,1.6e-06,1.0e+00,5.6e-02,1.0e+00,1.0e-03,2.9e-02,global-SLSGG%E,CASSLSGGNEQFF,CASSLSGGNEQFF,TRBV7-9,TRBJ2-1,CAASRDQAGTALIF,Donor AJKQ118:PB TCRab CD4 Naive/TCM,1.000000,-,-,-,-,-,-,-,-,-,-,-

1085,%LAGGQET,3.0e-02,1,2,2.0e-06,1.0e+00,6.9e-02,1.0e+00,1.0e-03,2.9e-02,global-%LAGGQET,CASlLAGGQETQYF,CASLLAGGQETQYF,TRBV7-2,TRBJ2-5,CALSANDYKLSF,Donor AJG2309:PB TCRab CD4 Naive/TCM,1.000000,-,-,-,-,-,-,-,-,-,-,-
1085,%LAGGQET,3.0e-02,1,2,2.0e-06,1.0e+00,6.9e-02,1.0e+00,1.0e-03,2.9e-02,global-%LAGGQET,CASSLAGGQETQYF,CASSLAGGQETQYF,TRBV7-9,TRBJ2-5,CAMRGMKGYNKLIF,Donor AJG2309:LP TCRab CD4 FOXP3+ Treg,1.000000,-,-,-,-,-,-,-,-,-,-,-

1086,S%SGGPYE,3.0e-02,1,2,1.9e-06,1.0e+00,6.5e-02,1.0e+00,1.0e-03,2.9e-02,global-S%SGGPYE,CAWSiSGGpYEQYF,CAWSISGGPYEQYF,TRBV30,TRBJ2-7,CATDVTSGSRLTF,Donor AJD3280:LP TCRab CD4 TRM,1.000000,-,-,-,-,-,-,-,-,-,-,-
1086,S%SGGPYE,3.0e-02,1,2,1.9e-06,1.0e+00,6.5e-02,1.0e+00,1.0e-03,2.9e-02,global-S%SGGPYE,CASSfSGGpYEQYF,CASSFSGGPYEQYF,TRBV27,TRBJ2-7,CAASMGYNNNDMRF,Donor AJD3280:LP TCRab CD4 Poised TCM,1.000000,-,-,-,-,-,-,-,-,-,-,-

1087,S%DRGNSP,3.0e-02,2,2,1.9e-06,1.0e+00,6.5e-02,1.0e+00,1.0e-03,2.9e-02,global-S%DRGNSP,CASSfDRGNSPLHF,CASSFDRGNSPLHF,TRBV7-2,TRBJ1-6,CAEKNNQGGKLIF,Donor AJD3280:LP TCRab CD4 TRM,1.000000,-,-,-,-,-,-,-,-,-,-,-
1087,S%DRGNSP,3.0e-02,2,2,1.9e-06,1.0e+00,6.5e-02,1.0e+00,1.0e-03,2.9e-02,global-S%DRGNSP,CASSwDRGNSPLHF,CASSWDRGNSPLHF,TRBV27,TRBJ1-6,CALETGANNLFF,Donor AJG2309:LP TCRab CD4 TRM,1.000000,-,-,-,-,-,-,-,-,-,-,-

1088,SPG%GNYG,3.0e-02,1,2,1.8e-06,1.0e+00,6.2e-02,1.0e+00,1.0e-03,2.9e-02,global-SPG%GNYG,CASSPGQGNYGYTF,CASSPGQGNYGYTF,TRBV27,TRBJ1-2,CAVKKSGGYQKVTF,Donor AJD3280:LP TCRab CD4 FOXP3+ Treg,1.000000,-,-,-,-,-,-,-,-,-,-,-
1088,SPG%GNYG,3.0e-02,1,2,1.8e-06,1.0e+00,6.2e-02,1.0e+00,1.0e-03,2.9e-02,global-SPG%GNYG,CASSPGTGNYGYTF,CASSPGTGNYGYTF,TRBV2,TRBJ1-2,CAGGIQGAQKLVF,Donor AJD3280:LP TCRab CD4 Poised TCM,1.000000,-,-,-,-,-,-,-,-,-,-,-

1089,SLGG%GNT,3.0e-02,2,2,1.6e-06,1.0e+00,5.6e-02,1.0e+00,1.0e-03,2.9e-02,global-SLGG%GNT,CASSLgGTGNTIYF,CASSLGGTGNTIYF,TRBV7-2,TRBJ1-3,CVVIGSGGSNYKLTF,Donor AJKQ118:PB TCRab CD4 Naive/TCM,1.000000,-,-,-,-,-,-,-,-,-,-,-
1089,SLGG%GNT,3.0e-02,2,2,1.6e-06,1.0e+00,5.6e-02,1.0e+00,1.0e-03,2.9e-02,global-SLGG%GNT,CASSLGGpGNTIYF,CASSLGGPGNTIYF,TRBV28,TRBJ1-3,CAVILYNFNKFYF,Donor AJG2309:PB TCRab CD4 Naive/TCM,1.000000,-,-,-,-,-,-,-,-,-,-,-

1090,SLGTG%TE,3.0e-02,1,2,3.2e-09,1.0e+00,1.0e-03,1.1e-01,1.0e-03,2.9e-02,global-SLGTG%TE,CASSLGTGaTEAFF,CASSLGTGATEAFF,TRBV7-2,TRBJ1-1,CAALPQTGRRALTF,Donor AJKQ118:LP TCRab CD4 TRM,1.000000,-,-,-,-,-,-,-,-,-,-,-
1090,SLGTG%TE,3.0e-02,1,2,3.2e-09,1.0e+00,1.0e-03,1.1e-01,1.0e-03,2.9e-02,global-SLGTG%TE,CASSLGTGGTEAFF,CASSLGTGGTEAFF,TRBV7-2,TRBJ1-1,CAAPFSGGYNKLIF,Donor AJKQ118:L TCRab CD4 TRM,2.000000,-,-,-,-,-,-,-,-,-,-,-

1091,SLGV%TE,3.0e-02,2,2,2.0e-06,1.0e+00,6.7e-02,1.0e+00,1.0e-03,2.9e-02,global-SLGV%TE,CASSLgvNTEAFF,CASSLGVNTEAFF,TRBV11-3,TRBJ1-1,CAASGHNNARLMF,Donor AJD3280:LP TCRab CD4 TRM,1.000000,-,-,-,-,-,-,-,-,-,-,-
1091,SLGV%TE,3.0e-02,2,2,2.0e-06,1.0e+00,6.7e-02,1.0e+00,1.0e-03,2.9e-02,global-SLGV%TE,CAWSlgvsTEAFF,CAWSLGVSTEAFF,TRBV30,TRBJ1-1,CAMRSYQAGTALIF,Donor AJG2309:IEL TCRab CD4 TRM,1.000000,-,-,-,-,-,-,-,-,-,-,-

1092,S%GLE,3.0e-02,1,2,2.9e-08,1.0e+00,1.0e-03,1.0e+00,1.0e-03,2.9e-02,global-S%GLE,CASSTGlEQFF,CASSTGLEQFF,TRBV19,TRBJ2-1,CAARAGGGADGLTF,Donor AJD3280:LP TCRab CD4 TRM,1.000000,-,-,-,-,-,-,-,-,-,-,-
1092,S%GLE,3.0e-02,1,2,2.9e-08,1.0e+00,1.0e-03,1.0e+00,1.0e-03,2.9e-02,global-S%GLE,CASSQGLEQYF,CASSQGLEQYF,TRBV19,TRBJ2-7,CAARAGGGADGLTF,Donor AJD3280:LP TCRab CD4 TRM,1.000000,-,-,-,-,-,-,-,-,-,-,-

1093,SRTG%SYE,3.0e-02,1,2,2.9e-08,1.0e+00,1.0e-03,1.0e+00,1.0e-03,2.9e-02,global-SRTG%SYE,CASSRTGvSYEQYF,CASSRTGVSYEQYF,TRBV28,TRBJ2-7,CAVSPYGGNNRKLIW,Donor AJKQ118:L TCRab CD4 TRM,1.000000,-,-,-,-,-,-,-,-,-,-,-
1093,SRTG%SYE,3.0e-02,1,2,2.9e-08,1.0e+00,1.0e-03,1.0e+00,1.0e-03,2.9e-02,global-SRTG%SYE,CASSRTGlSYEQYF,CASSRTGLSYEQYF,TRBV28,TRBJ2-7,CATAGLASGSARQLTF,Donor AJKQ118:L TCRab CD4 TRM,1.000000,-,-,-,-,-,-,-,-,-,-,-

1094,SLGV%E,3.0e-02,2,2,2.1e-06,1.0e+00,7.3e-02,1.0e+00,1.0e-03,2.9e-02,global-SLGV%E,CASSLgvTEAFF,CASSLGVTEAFF,TRBV28,TRBJ1-1,CAVISSGGSYIPTF,Donor AJKQ118:PB TCRab CD4 Naive/TCM,1.000000,-,-,-,-,-,-,-,-,-,-,-
1094,SLGV%E,3.0e-02,2,2,2.1e-06,1.0e+00,7.3e-02,1.0e+00,1.0e-03,2.9e-02,global-SLGV%E,CASSLgvGELFF,CASSLGVGELFF,TRBV12-3,TRBJ2-2,CAVEANDMRF,Donor AJD3280:LP TCRab CD4 TRM,1.000000,-,-,-,-,-,-,-,-,-,-,-

1095,SL%GGDE,3.0e-02,2,2,1.7e-07,1.0e+00,6.0e-03,1.0e+00,1.0e-03,2.9e-02,global-SL%GGDE,CASSLRGgdEQYF,CASSLRGGDEQYF,TRBV7-2,TRBJ2-7,CAASTGAGSYQLTF,Donor AJG2309:LP TCRab CD4 Mobile TRM,1.000000,-,-,-,-,-,-,-,-,-,-,-
1095,SL%GGDE,3.0e-02,2,2,1.7e-07,1.0e+00,6.0e-03,1.0e+00,1.0e-03,2.9e-02,global-SL%GGDE,CASSLpGGdEQYF,CASSLPGGDEQYF,TRBV6-5,TRBJ2-7,CAEKPPDKLIF,Donor AJKQ118:LP TCRab CD4 TRM,1.000000,-,-,-,-,-,-,-,-,-,-,-
1095,SL%GGDE,3.0e-02,2,2,1.7e-07,1.0e+00,6.0e-03,1.0e+00,1.0e-03,2.9e-02,global-SL%GGDE,CASSLpGGdEQYF,CASSLPGGDEQYF,TRBV6-5,TRBJ2-7,CAASIVNSKIIF,Donor AJKQ118:LP TCRab CD4 TRM,1.000000,-,-,-,-,-,-,-,-,-,-,-

1096,SQQ%NTE,3.0e-02,2,2,1.8e-06,1.0e+00,6.2e-02,1.0e+00,1.0e-03,2.9e-02,global-SQQ%NTE,CASSQQGNTEAFF,CASSQQGNTEAFF,TRBV3-1,TRBJ1-1,CAVLIYNQGGKLIF,Donor AJKQ118:LP TCRab CD4 TRM,1.000000,-,-,-,-,-,-,-,-,-,-,-
1096,SQQ%NTE,3.0e-02,2,2,1.8e-06,1.0e+00,6.2e-02,1.0e+00,1.0e-03,2.9e-02,global-SQQ%NTE,CASSQqaNTEAFF,CASSQQANTEAFF,TRBV7-3,TRBJ1-1,CATDAYNNDMRF,Donor AJD3280:PB TCRab CD4 FOXP3+ Treg,1.000000,-,-,-,-,-,-,-,-,-,-,-

1097,SLGS%YE,3.0e-02,2,2,1.9e-06,1.0e+00,6.4e-02,1.0e+00,1.0e-03,2.9e-02,global-SLGS%YE,CASSLgslYEQYF,CASSLGSLYEQYF,TRBV12-3,TRBJ2-7,CAVRDGTSGTYKYIF,Donor AJD3280:PB TCRab CD4 Naive/TCM,1.000000,-,-,-,-,-,-,-,-,-,-,-
1097,SLGS%YE,3.0e-02,2,2,1.9e-06,1.0e+00,6.4e-02,1.0e+00,1.0e-03,2.9e-02,global-SLGS%YE,CASSLgSGYEQYF,CASSLGSGYEQYF,TRBV5-4,TRBJ2-7,CVVSEAGGYNKLIF,Donor AJG2309:LP TCRab CD4 TRM,1.000000,-,-,-,-,-,-,-,-,-,-,-

1098,%GQGGNQP,3.0e-02,2,2,2.9e-11,1.0e+00,1.0e-03,1.0e-03,1.0e-03,2.9e-02,global-%GQGGNQP,CASTGQGgNQPQHF,CASTGQGGNQPQHF,TRBV6-1,TRBJ1-5,CAVEDQSNTGKLIF,Donor AJD3280:LP TCRab CD4 Poised TCM,1.000000,-,-,-,-,-,-,-,-,-,-,-
1098,%GQGGNQP,3.0e-02,2,2,2.9e-11,1.0e+00,1.0e-03,1.0e-03,1.0e-03,2.9e-02,global-%GQGGNQP,CASSGQGgNQPQHF,CASSGQGGNQPQHF,TRBV6-1,TRBJ1-5,CALSEVSAGFGNVLHC,Donor AJKQ118:L TCRab CD4 TRM,14.000000,-,-,-,-,-,-,-,-,-,-,-
1098,%GQGGNQP,3.0e-02,2,2,2.9e-11,1.0e+00,1.0e-03,1.0e-03,1.0e-03,2.9e-02,global-%GQGGNQP,CASSGQGgNQPQHF,CASSGQGGNQPQHF,TRBV6-1,TRBJ1-5,CAVIHTGTASKLTF,Donor AJKQ118:L TCRab CD4 TRM,4.000000,-,-,-,-,-,-,-,-,-,-,-

1099,S%SYSNQP,3.0e-02,1,2,1.8e-06,1.0e+00,6.2e-02,1.0e+00,1.0e-03,2.9e-02,global-S%SYSNQP,CASSYsySNQPQHF,CASSYSYSNQPQHF,TRBV6-5,TRBJ1-5,CAPWTSGSRLTF,Donor AJKQ118:PB TCRab CD4 Naive/TCM,1.000000,-,-,-,-,-,-,-,-,-,-,-
1099,S%SYSNQP,3.0e-02,1,2,1.8e-06,1.0e+00,6.2e-02,1.0e+00,1.0e-03,2.9e-02,global-S%SYSNQP,CASSDsySNQPQHF,CASSDSYSNQPQHF,TRBV2,TRBJ1-5,CAVKSAGGGADGLTF,Donor AJKQ118:PB TCRab CD4 FOXP3+ Treg,1.000000,-,-,-,-,-,-,-,-,-,-,-

1100,SLQG%QET,3.0e-02,1,2,2.2e-06,1.0e+00,7.5e-02,1.0e+00,1.0e-03,2.9e-02,global-SLQG%QET,CASSLQGsQETQYF,CASSLQGSQETQYF,TRBV7-7,TRBJ2-5,CAVNARGYGQNFVF,Donor AJKQ118:LP TCRab CD4 TRM,1.000000,-,-,-,-,-,-,-,-,-,-,-
1100,SLQG%QET,3.0e-02,1,2,2.2e-06,1.0e+00,7.5e-02,1.0e+00,1.0e-03,2.9e-02,global-SLQG%QET,CASSLQGaQETQYF,CASSLQGAQETQYF,TRBV5-4,TRBJ2-5,CAAADTGANNLFF,Donor AJKQ118:L TCRab CD4 TRM,1.000000,-,-,-,-,-,-,-,-,-,-,-

1101,SL%SSYNSP,3.0e-02,2,2,1.7e-06,1.0e+00,5.8e-02,1.0e+00,1.0e-03,2.9e-02,global-SL%SSYNSP,CASSLesSYNSPLHF,CASSLESSYNSPLHF,TRBV7-2,TRBJ1-6,CAVRDMDGGRRALTF,Donor AJG2309:PB TCRab CD4 Naive/TCM,1.000000,-,-,-,-,-,-,-,-,-,-,-
1101,SL%SSYNSP,3.0e-02,2,2,1.7e-06,1.0e+00,5.8e-02,1.0e+00,1.0e-03,2.9e-02,global-SL%SSYNSP,CASSLgsSYNSPLHF,CASSLGSSYNSPLHF,TRBV7-6,TRBJ1-6,CAASAGAGGTSYGKLTF,Donor AJKQ118:PB TCRab CD4 FOXP3+ Treg,1.000000,-,-,-,-,-,-,-,-,-,-,-

1102,SG%GTE,3.0e-02,1,2,2.9e-08,1.0e+00,1.0e-03,1.0e+00,1.0e-03,2.9e-02,global-SG%GTE,CSgSGGgTEAFF,CSGSGGGTEAFF,TRBV20-1,TRBJ1-1,CALSDRAGGGNKLTF,Donor AJG2309:LP TCRab CD4 Mobile TRM,1.000000,-,-,-,-,-,-,-,-,-,-,-
1102,SG%GTE,3.0e-02,1,2,2.9e-08,1.0e+00,1.0e-03,1.0e+00,1.0e-03,2.9e-02,global-SG%GTE,CSASgwgTEAFF,CSASGWGTEAFF,TRBV20-1,TRBJ1-1,CALSNGANSKLTF,Donor AJG2309:LP TCRab CD4 Mobile TRM,1.000000,-,-,-,-,-,-,-,-,-,-,-

1103,%PGQGNYG,3.0e-02,1,2,2.1e-06,1.0e+00,7.2e-02,1.0e+00,1.0e-03,2.9e-02,global-%PGQGNYG,CASSPGQGNYGYTF,CASSPGQGNYGYTF,TRBV27,TRBJ1-2,CAVKKSGGYQKVTF,Donor AJD3280:LP TCRab CD4 FOXP3+ Treg,1.000000,-,-,-,-,-,-,-,-,-,-,-
1103,%PGQGNYG,3.0e-02,1,2,2.1e-06,1.0e+00,7.2e-02,1.0e+00,1.0e-03,2.9e-02,global-%PGQGNYG,CASrpGQGNYGYTF,CASRPGQGNYGYTF,TRBV6-5,TRBJ1-2,CVVSARGAGSARQLTF,Donor AJD3280:LP TCRab CD4 TRM,1.000000,-,-,-,-,-,-,-,-,-,-,-

1104,SPT%QET,3.0e-02,2,2,2.0e-06,1.0e+00,7.0e-02,1.0e+00,1.0e-03,2.9e-02,global-SPT%QET,CASSPtiQETQYF,CASSPTIQETQYF,TRBV18,TRBJ2-5,CLLGRNNDMRF,Donor AJKQ118:PB TCRab CD4 Naive/TCM,1.000000,-,-,-,-,-,-,-,-,-,-,-
1104,SPT%QET,3.0e-02,2,2,2.0e-06,1.0e+00,7.0e-02,1.0e+00,1.0e-03,2.9e-02,global-SPT%QET,CASSPTGQETQYF,CASSPTGQETQYF,TRBV6-2,TRBJ2-5,CAVSDNTGGFKTIF,Donor AJD3280:PB TCRab CD4 Naive/TCM,1.000000,-,-,-,-,-,-,-,-,-,-,-

1105,S%TGGNTE,3.0e-02,1,2,1.9e-06,1.0e+00,6.6e-02,1.0e+00,1.0e-03,2.9e-02,global-S%TGGNTE,CASSRTGGNTEAFF,CASSRTGGNTEAFF,TRBV18,TRBJ1-1,CAFSGGSYIPTF,Donor AJKQ118:L TCRab CD4 TRM,1.000000,-,-,-,-,-,-,-,-,-,-,-
1105,S%TGGNTE,3.0e-02,1,2,1.9e-06,1.0e+00,6.6e-02,1.0e+00,1.0e-03,2.9e-02,global-S%TGGNTE,CASSSTGGNTEAFF,CASSSTGGNTEAFF,TRBV5-1,TRBJ1-1,CAATFLGNAGNMLTF,Donor AJKQ118:LP TCRab CD4 Poised TCM,1.000000,-,-,-,-,-,-,-,-,-,-,-

1106,SPGTG%QP,3.0e-02,2,2,2.0e-06,1.0e+00,6.8e-02,1.0e+00,1.0e-03,2.9e-02,global-SPGTG%QP,CASSPGTGNQPQHF,CASSPGTGNQPQHF,TRBV3-1,TRBJ1-5,CALTSLSSGSARQLTF,Donor AJD3280:LP TCRab CD4 Poised TCM,1.000000,-,-,-,-,-,-,-,-,-,-,-
1106,SPGTG%QP,3.0e-02,2,2,2.0e-06,1.0e+00,6.8e-02,1.0e+00,1.0e-03,2.9e-02,global-SPGTG%QP,CASSPGTGdQPQHF,CASSPGTGDQPQHF,TRBV18,TRBJ1-5,CIVRVANTGFQKLVF,Donor AJKQ118:PB TCRab CD4 FOXP3+ Treg,1.000000,-,-,-,-,-,-,-,-,-,-,-

1107,S%GYE,3.1e-02,3,4,1.4e-07,1.0e+00,2.1e-01,2.8e-01,1.0e-03,2.3e-03,global-S%GYE,CASSRgYEQYF,CASSRGYEQYF,TRBV28,TRBJ2-7,CAYRTGYQKVTF,Donor AJG2309:LP TCRab CD4 Poised TCM,1.000000,-,-,-,-,-,-,-,-,-,-,-
1107,S%GYE,3.1e-02,3,4,1.4e-07,1.0e+00,2.1e-01,2.8e-01,1.0e-03,2.3e-03,global-S%GYE,CASSAGYEQYF,CASSAGYEQYF,TRBV2,TRBJ2-7,CAVTNNAGNMLTF,Donor AJD3280:PB TCRab CD4 Naive/TCM,1.000000,-,-,-,-,-,-,-,-,-,-,-
1107,S%GYE,3.1e-02,3,4,1.4e-07,1.0e+00,2.1e-01,2.8e-01,1.0e-03,2.3e-03,global-S%GYE,CSASGGYEQYF,CSASGGYEQYF,TRBV20-1,TRBJ2-7,CVSQFYF,Donor AJG2309:LP TCRab CD4 Mobile TRM,1.000000,-,-,-,-,-,-,-,-,-,-,-
1107,S%GYE,3.1e-02,3,4,1.4e-07,1.0e+00,2.1e-01,2.8e-01,1.0e-03,2.3e-03,global-S%GYE,CSASGGYEQYF,CSASGGYEQYF,TRBV20-1,TRBJ2-7,CAVGFGGSQGNLIF,Donor AJKQ118:PB TCRab CD4 Naive/TCM,1.000000,-,-,-,-,-,-,-,-,-,-,-
1107,S%GYE,3.1e-02,3,4,1.4e-07,1.0e+00,2.1e-01,2.8e-01,1.0e-03,2.3e-03,global-S%GYE,CASSLgYEQYF,CASSLGYEQYF,TRBV12-3,TRBJ2-7,CAVEVFSGNTPLVF,Donor AJD3280:LP TCRab CD4 TRM,2.000000,-,-,-,-,-,-,-,-,-,-,-
1107,S%GYE,3.1e-02,3,4,1.4e-07,1.0e+00,2.1e-01,2.8e-01,1.0e-03,2.3e-03,global-S%GYE,CASSLgYEQYF,CASSLGYEQYF,TRBV7-2,TRBJ2-7,CAPTNTGGFKTIF,Donor AJG2309:PB TCRab CD4 Naive/TCM,1.000000,-,-,-,-,-,-,-,-,-,-,-

1108,S%GNYG,3.1e-02,2,3,2.0e-07,1.0e+00,1.8e-01,1.7e-01,1.0e-03,6.2e-03,global-S%GNYG,CASSLgNYGYTF,CASSLGNYGYTF,TRBV12-4,TRBJ1-2,CAGNNNARLMF,Donor AJG2309:PB TCRab CD4 Naive/TCM,1.000000,-,-,-,-,-,-,-,-,-,-,-
1108,S%GNYG,3.1e-02,2,3,2.0e-07,1.0e+00,1.8e-01,1.7e-01,1.0e-03,6.2e-03,global-S%GNYG,CSASGGNYGYTF,CSASGGNYGYTF,TRBV20-1,TRBJ1-2,CAVGYNNNDMRF,Donor AJKQ118:LP TCRab CD4 Mobile TRM,2.000000,-,-,-,-,-,-,-,-,-,-,-
1108,S%GNYG,3.1e-02,2,3,2.0e-07,1.0e+00,1.8e-01,1.7e-01,1.0e-03,6.2e-03,global-S%GNYG,CASSQgNYGYTF,CASSQGNYGYTF,TRBV16,TRBJ1-2,CAVRLNTGNQFYF,Donor AJKQ118:PB TCRab CD4 Naive/TCM,1.000000,-,-,-,-,-,-,-,-,-,-,-

1109,SL%TDT,3.1e-02,2,3,1.9e-07,1.0e+00,3.0e-02,1.0e+00,1.0e-03,6.2e-03,global-SL%TDT,CASSLdTDTQYF,CASSLDTDTQYF,TRBV9,TRBJ2-3,CAASIMSGAQKLVF,Donor AJKQ118:PB TCRab CD4 FOXP3+ Treg,1.000000,-,-,-,-,-,-,-,-,-,-,-
1109,SL%TDT,3.1e-02,2,3,1.9e-07,1.0e+00,3.0e-02,1.0e+00,1.0e-03,6.2e-03,global-SL%TDT,CASSLnTDTQYF,CASSLNTDTQYF,TRBV7-2,TRBJ2-3,CAATAGNNRKLIW,Donor AJD3280:LP TCRab CD4 TRM,1.000000,-,-,-,-,-,-,-,-,-,-,-
1109,SL%TDT,3.1e-02,2,3,1.9e-07,1.0e+00,3.0e-02,1.0e+00,1.0e-03,6.2e-03,global-SL%TDT,CASSLnTDTQYF,CASSLNTDTQYF,TRBV7-9,TRBJ2-3,CIAVNSGGSNYKLTF,Donor AJD3280:LP TCRab CD4 TRM,1.000000,-,-,-,-,-,-,-,-,-,-,-
1109,SL%TDT,3.1e-02,2,3,1.9e-07,1.0e+00,3.0e-02,1.0e+00,1.0e-03,6.2e-03,global-SL%TDT,CASSLlTDTQYF,CASSLLTDTQYF,TRBV7-2,TRBJ2-3,CALRGGATNKLIF,Donor AJKQ118:PB TCRab CD4 Naive/TCM,1.000000,-,-,-,-,-,-,-,-,-,-,-

1110,S%GGNQP,3.1e-02,2,3,7.1e-08,1.0e+00,1.8e-01,6.4e-02,1.0e-03,6.2e-03,global-S%GGNQP,CASSfGGNQPQHF,CASSFGGNQPQHF,TRBV12-4,TRBJ1-5,CALYTGGGNKLTF,Donor AJKQ118:PB TCRab CD4 Naive/TCM,1.000000,-,-,-,-,-,-,-,-,-,-,-
1110,S%GGNQP,3.1e-02,2,3,7.1e-08,1.0e+00,1.8e-01,6.4e-02,1.0e-03,6.2e-03,global-S%GGNQP,CASSPGGNQPQHF,CASSPGGNQPQHF,TRBV18,TRBJ1-5,CAYSKAGANSKLTF,Donor AJKQ118:LP TCRab CD4 TRM,3.000000,-,-,-,-,-,-,-,-,-,-,-
1110,S%GGNQP,3.1e-02,2,3,7.1e-08,1.0e+00,1.8e-01,6.4e-02,1.0e-03,6.2e-03,global-S%GGNQP,CSASpGGNQPQHF,CSASPGGNQPQHF,TRBV20-1,TRBJ1-5,CAMNYGGSQGNLIF,Donor AJG2309:PB TCRab CD4 Naive/TCM,1.000000,-,-,-,-,-,-,-,-,-,-,-

1111,SL%VNTE,3.1e-02,3,3,2.5e-07,1.0e+00,4.1e-02,1.0e+00,1.0e-03,6.2e-03,global-SL%VNTE,CSASltvNTEAFF,CSASLTVNTEAFF,TRBV20-1,TRBJ1-1,CAVKSFGNVLHC,Donor AJKQ118:PB TCRab CD4 FOXP3+ Treg,1.000000,-,-,-,-,-,-,-,-,-,-,-
1111,SL%VNTE,3.1e-02,3,3,2.5e-07,1.0e+00,4.1e-02,1.0e+00,1.0e-03,6.2e-03,global-SL%VNTE,CSASltvNTEAFF,CSASLTVNTEAFF,TRBV20-1,TRBJ1-1,CAVKSFGNVLHC,Donor AJKQ118:PB TCRab CD4 Naive/TCM,1.000000,-,-,-,-,-,-,-,-,-,-,-
1111,SL%VNTE,3.1e-02,3,3,2.5e-07,1.0e+00,4.1e-02,1.0e+00,1.0e-03,6.2e-03,global-SL%VNTE,CASSLrvNTEAFF,CASSLRVNTEAFF,TRBV5-1,TRBJ1-1,CAVTPGYSSASKIIF,Donor AJG2309:LP TCRab CD4 Poised TCM,1.000000,-,-,-,-,-,-,-,-,-,-,-
1111,SL%VNTE,3.1e-02,3,3,2.5e-07,1.0e+00,4.1e-02,1.0e+00,1.0e-03,6.2e-03,global-SL%VNTE,CASSLgvNTEAFF,CASSLGVNTEAFF,TRBV11-3,TRBJ1-1,CAASGHNNARLMF,Donor AJD3280:LP TCRab CD4 TRM,1.000000,-,-,-,-,-,-,-,-,-,-,-

1112,SQ%GNTE,3.4e-02,1,2,2.9e-08,1.0e+00,1.0e-03,1.0e+00,1.0e-03,2.9e-02,global-SQ%GNTE,CASSQQGNTEAFF,CASSQQGNTEAFF,TRBV3-1,TRBJ1-1,CAVLIYNQGGKLIF,Donor AJKQ118:LP TCRab CD4 TRM,1.000000,-,-,-,-,-,-,-,-,-,-,-
1112,SQ%GNTE,3.4e-02,1,2,2.9e-08,1.0e+00,1.0e-03,1.0e+00,1.0e-03,2.9e-02,global-SQ%GNTE,CASSQGGNTEAFF,CASSQGGNTEAFF,TRBV3-1,TRBJ1-1,CAMRALLSGGYQKVTF,Donor AJKQ118:LP TCRab CD4 Naive/TCM,1.000000,-,-,-,-,-,-,-,-,-,-,-

1113,SN%YE,3.4e-02,1,2,1.5e-06,1.0e+00,5.3e-02,1.0e+00,1.0e-03,2.9e-02,global-SN%YE,CASSnlYEQYF,CASSNLYEQYF,TRBV28,TRBJ2-7,CAVGRTGGFKTIF,Donor AJKQ118:PB TCRab CD4 Naive/TCM,1.000000,-,-,-,-,-,-,-,-,-,-,-
1113,SN%YE,3.4e-02,1,2,1.5e-06,1.0e+00,5.3e-02,1.0e+00,1.0e-03,2.9e-02,global-SN%YE,CAhsnSYEQYF,CAHSNSYEQYF,TRBV30,TRBJ2-7,CAVRRGGSQGNLIF,Donor AJKQ118:LP TCRab CD4 TRM,1.000000,-,-,-,-,-,-,-,-,-,-,-

1114,SY%DT,3.4e-02,2,2,1.7e-06,1.0e+00,5.9e-02,1.0e+00,1.0e-03,2.9e-02,global-SY%DT,CASSYlDTQYF,CASSYLDTQYF,TRBV6-6,TRBJ2-3,CAASRRDAGNNRKLIW,Donor AJG2309:PB TCRab CD4 FOXP3+ Treg,1.000000,-,-,-,-,-,-,-,-,-,-,-
1114,SY%DT,3.4e-02,2,2,1.7e-06,1.0e+00,5.9e-02,1.0e+00,1.0e-03,2.9e-02,global-SY%DT,CASSYeDTQYF,CASSYEDTQYF,TRBV5-1,TRBJ2-3,CATDWMDSSYKLIF,Donor AJD3280:L TCRab CD4 Naive/TCM,1.000000,-,-,-,-,-,-,-,-,-,-,-

1115,SPS%DT,3.4e-02,1,2,2.2e-07,1.0e+00,7.2e-02,1.1e-01,1.0e-03,2.9e-02,global-SPS%DT,CASSPSTDTQYF,CASSPSTDTQYF,TRBV5-1,TRBJ2-3,CAPILYNTDKLIF,Donor AJD3280:PB TCRab CD4 Naive/TCM,1.000000,-,-,-,-,-,-,-,-,-,-,-
1115,SPS%DT,3.4e-02,1,2,2.2e-07,1.0e+00,7.2e-02,1.1e-01,1.0e-03,2.9e-02,global-SPS%DT,CASSPspDTQYF,CASSPSPDTQYF,TRBV12-4,TRBJ2-3,CAAILGGGRRALTF,Donor AJD3280:LP TCRab CD4 TRM,2.000000,-,-,-,-,-,-,-,-,-,-,-

1116,S%PNTGE,3.4e-02,2,2,2.0e-08,1.0e+00,4.0e-03,1.7e-01,1.0e-03,2.9e-02,global-S%PNTGE,CASSDpNTGELFF,CASSDPNTGELFF,TRBV6-1,TRBJ2-2,CALRASGAGSYQLTF,Donor AJKQ118:L TCRab CD4 TCM,1.000000,-,-,-,-,-,-,-,-,-,-,-
1116,S%PNTGE,3.4e-02,2,2,2.0e-08,1.0e+00,4.0e-03,1.7e-01,1.0e-03,2.9e-02,global-S%PNTGE,CASSDpNTGELFF,CASSDPNTGELFF,TRBV6-1,TRBJ2-2,CVVTRNNNARLMF,Donor AJKQ118:L TCRab CD4 TRM,2.000000,-,-,-,-,-,-,-,-,-,-,-
1116,S%PNTGE,3.4e-02,2,2,2.0e-08,1.0e+00,4.0e-03,1.7e-01,1.0e-03,2.9e-02,global-S%PNTGE,CASSSpNTGELFF,CASSSPNTGELFF,TRBV19,TRBJ2-2,CAASKGDSNYQLIW,Donor AJD3280:PB TCRab CD4 FOXP3+ Treg,1.000000,-,-,-,-,-,-,-,-,-,-,-

1117,RQG%NSP,3.4e-02,1,2,2.0e-06,1.0e+00,6.8e-02,1.0e+00,1.0e-03,2.9e-02,global-RQG%NSP,CASrQGgNSPLHF,CASRQGGNSPLHF,TRBV6-5,TRBJ1-6,CALSRAGYNFNKFYF,Donor AJKQ118:PB TCRab CD4 Naive/TCM,1.000000,-,-,-,-,-,-,-,-,-,-,-
1117,RQG%NSP,3.4e-02,1,2,2.0e-06,1.0e+00,6.8e-02,1.0e+00,1.0e-03,2.9e-02,global-RQG%NSP,CSARQGmNSPLHF,CSARQGMNSPLHF,TRBV20-1,TRBJ1-6,CAPNQAGTALIF,Donor AJKQ118:PB TCRab CD4 Naive/TCM,1.000000,-,-,-,-,-,-,-,-,-,-,-

1118,SLGT%NQP,3.4e-02,2,2,1.9e-06,1.0e+00,6.4e-02,1.0e+00,1.0e-03,2.9e-02,global-SLGT%NQP,CASSLGTvNQPQHF,CASSLGTVNQPQHF,TRBV12-3,TRBJ1-5,CAVGDGTASKLTF,Donor AJD3280:L TCRab CD4 TRM,1.000000,-,-,-,-,-,-,-,-,-,-,-
1118,SLGT%NQP,3.4e-02,2,2,1.9e-06,1.0e+00,6.4e-02,1.0e+00,1.0e-03,2.9e-02,global-SLGT%NQP,CASSLGTaNQPQHF,CASSLGTANQPQHF,TRBV7-9,TRBJ1-5,CAVGRSNDYKLSF,Donor AJG2309:PB TCRab CD4 Naive/TCM,1.000000,-,-,-,-,-,-,-,-,-,-,-

1119,S%SGGGYNE,3.4e-02,2,2,1.9e-06,1.0e+00,6.5e-02,1.0e+00,1.0e-03,2.9e-02,global-S%SGGGYNE,CATSDSGGgYNEQFF,CATSDSGGGYNEQFF,TRBV24-1,TRBJ2-1,CAVPRNFGNEKLTF,Donor AJKQ118:PB TCRab CD4 Naive/TCM,1.000000,-,-,-,-,-,-,-,-,-,-,-
1119,S%SGGGYNE,3.4e-02,2,2,1.9e-06,1.0e+00,6.5e-02,1.0e+00,1.0e-03,2.9e-02,global-S%SGGGYNE,CASSLSGGgYNEQFF,CASSLSGGGYNEQFF,TRBV7-6,TRBJ2-1,CAVAGTSYDKVIF,Donor AJD3280:PB TCRab CD4 Naive/TCM,1.000000,-,-,-,-,-,-,-,-,-,-,-

1120,%GGGYE,3.4e-02,1,2,1.7e-06,1.0e+00,5.8e-02,1.0e+00,1.0e-03,2.9e-02,global-%GGGYE,CASSGGgYEQYF,CASSGGGYEQYF,TRBV7-8,TRBJ2-7,CAVDRVGNTPLVF,Donor AJD3280:PB TCRab CD4 Naive/TCM,1.000000,-,-,-,-,-,-,-,-,-,-,-
1120,%GGGYE,3.4e-02,1,2,1.7e-06,1.0e+00,5.8e-02,1.0e+00,1.0e-03,2.9e-02,global-%GGGYE,CASAGGgYEQYF,CASAGGGYEQYF,TRBV12-5,TRBJ2-7,CVVNPNGAAGNKLTF,Donor AJD3280:PB TCRab CD4 Naive/TCM,1.000000,-,-,-,-,-,-,-,-,-,-,-

1121,%RGAE,3.4e-02,2,2,1.8e-06,1.0e+00,6.1e-02,1.0e+00,1.0e-03,2.9e-02,global-%RGAE,CASSRgaEAFF,CASSRGAEAFF,TRBV9,TRBJ1-1,CAGQLGSNYQLIW,Donor AJKQ118:PB TCRab CD4 Naive/TCM,1.000000,-,-,-,-,-,-,-,-,-,-,-
1121,%RGAE,3.4e-02,2,2,1.8e-06,1.0e+00,6.1e-02,1.0e+00,1.0e-03,2.9e-02,global-%RGAE,CSVDRGaEAFF,CSVDRGAEAFF,TRBV29-1,TRBJ1-1,CAVNNNDMRF,Donor AJD3280:PB TCRab CD4 Naive/TCM,1.000000,-,-,-,-,-,-,-,-,-,-,-

1122,SLDR%E,3.4e-02,1,2,1.7e-06,1.0e+00,5.8e-02,1.0e+00,1.0e-03,2.9e-02,global-SLDR%E,CASSLDRsEAFF,CASSLDRSEAFF,TRBV11-2,TRBJ1-1,CALRRGGGADGLTF,Donor AJG2309:PB TCRab CD4 Naive/TCM,1.000000,-,-,-,-,-,-,-,-,-,-,-
1122,SLDR%E,3.4e-02,1,2,1.7e-06,1.0e+00,5.8e-02,1.0e+00,1.0e-03,2.9e-02,global-SLDR%E,CASSLDRGEQYF,CASSLDRGEQYF,TRBV7-8,TRBJ2-7,CALHASGGSYIPTF,Donor AJG2309:LP TCRab CD4 FOXP3+ Treg,1.000000,-,-,-,-,-,-,-,-,-,-,-

1123,R%GGADT,3.4e-02,2,2,1.9e-06,1.0e+00,6.6e-02,1.0e+00,1.0e-03,2.9e-02,global-R%GGADT,CSARSGGaDTQYF,CSARSGGADTQYF,TRBV20-1,TRBJ2-3,CILRGLNAGNMLTF,Donor AJD3280:LP TCRab CD4 Mobile TRM,1.000000,-,-,-,-,-,-,-,-,-,-,-
1123,R%GGADT,3.4e-02,2,2,1.9e-06,1.0e+00,6.6e-02,1.0e+00,1.0e-03,2.9e-02,global-R%GGADT,CASrAGGaDTQYF,CASRAGGADTQYF,TRBV12-3,TRBJ2-3,CAYAGNNRKLIW,Donor AJG2309:LP TCRab CD4 Poised TCM,1.000000,-,-,-,-,-,-,-,-,-,-,-

1124,SLE%NQP,3.4e-02,1,2,1.9e-06,1.0e+00,6.5e-02,1.0e+00,1.0e-03,2.9e-02,global-SLE%NQP,CASSLeqNQPQHF,CASSLEQNQPQHF,TRBV7-2,TRBJ1-5,CAVRSGNTGKLIF,Donor AJKQ118:PB TCRab CD4 Naive/TCM,1.000000,-,-,-,-,-,-,-,-,-,-,-
1124,SLE%NQP,3.4e-02,1,2,1.9e-06,1.0e+00,6.5e-02,1.0e+00,1.0e-03,2.9e-02,global-SLE%NQP,CASSLegNQPQHF,CASSLEGNQPQHF,TRBV3-1,TRBJ1-5,CALSDLTSNAGNMLTF,Donor AJKQ118:PB TCRab CD4 Naive/TCM,1.000000,-,-,-,-,-,-,-,-,-,-,-

1125,SYS%NQP,3.4e-02,2,2,1.7e-06,1.0e+00,6.0e-02,1.0e+00,1.0e-03,2.9e-02,global-SYS%NQP,CASSYsSNQPQHF,CASSYSSNQPQHF,TRBV6-6,TRBJ1-5,CAVRSRRETSGSRLTF,Donor AJKQ118:PB TCRab CD4 Naive/TCM,1.000000,-,-,-,-,-,-,-,-,-,-,-
1125,SYS%NQP,3.4e-02,2,2,1.7e-06,1.0e+00,6.0e-02,1.0e+00,1.0e-03,2.9e-02,global-SYS%NQP,CAWSyslNQPQHF,CAWSYSLNQPQHF,TRBV30,TRBJ1-5,CAASGDDKIIF,Donor AJD3280:LP TCRab CD4 Poised TCM,1.000000,-,-,-,-,-,-,-,-,-,-,-

1126,SL%GGYNE,3.4e-02,2,2,2.1e-06,1.0e+00,7.2e-02,1.0e+00,1.0e-03,2.9e-02,global-SL%GGYNE,CASSLAGGYNEQFF,CASSLAGGYNEQFF,TRBV7-3,TRBJ2-1,CAGPFYGQNFVF,Donor AJG2309:LP TCRab CD4 Poised TCM,1.000000,-,-,-,-,-,-,-,-,-,-,-
1126,SL%GGYNE,3.4e-02,2,2,2.1e-06,1.0e+00,7.2e-02,1.0e+00,1.0e-03,2.9e-02,global-SL%GGYNE,CASSLeGGYNEQFF,CASSLEGGYNEQFF,TRBV7-2,TRBJ2-1,CAVGDNAGNMLTF,Donor AJD3280:LP TCRab CD4 TRM,1.000000,-,-,-,-,-,-,-,-,-,-,-

1127,SLGQ%YNE,3.4e-02,1,2,1.9e-06,1.0e+00,6.6e-02,1.0e+00,1.0e-03,2.9e-02,global-SLGQ%YNE,CASSLGQiYNEQFF,CASSLGQIYNEQFF,TRBV11-2,TRBJ2-1,CGAAISGGSNYKLTF,Donor AJD3280:LP TCRab CD4 FOXP3+ Treg,1.000000,-,-,-,-,-,-,-,-,-,-,-
1127,SLGQ%YNE,3.4e-02,1,2,1.9e-06,1.0e+00,6.6e-02,1.0e+00,1.0e-03,2.9e-02,global-SLGQ%YNE,CASSLGQfYNEQFF,CASSLGQFYNEQFF,TRBV7-6,TRBJ2-1,CAMREMNTGNQFYF,Donor AJD3280:L TCRab CD4 TCM,1.000000,-,-,-,-,-,-,-,-,-,-,-

1128,SLGQ%NSP,3.4e-02,2,2,1.7e-06,1.0e+00,6.0e-02,1.0e+00,1.0e-03,2.9e-02,global-SLGQ%NSP,CASSLGQkNSPLHF,CASSLGQKNSPLHF,TRBV7-9,TRBJ1-6,CIVNTGNQFYF,Donor AJKQ118:LP TCRab CD4 TRM,1.000000,-,-,-,-,-,-,-,-,-,-,-
1128,SLGQ%NSP,3.4e-02,2,2,1.7e-06,1.0e+00,6.0e-02,1.0e+00,1.0e-03,2.9e-02,global-SLGQ%NSP,CASSLGQsNSPLHF,CASSLGQSNSPLHF,TRBV5-1,TRBJ1-6,CIVRVADSGNTGKLIF,Donor AJD3280:IEL TCRab CD4 Mobile TRM,1.000000,-,-,-,-,-,-,-,-,-,-,-

1129,S%TGAGANV,3.4e-02,2,2,2.1e-06,1.0e+00,7.1e-02,1.0e+00,1.0e-03,2.9e-02,global-S%TGAGANV,CASSLTGaGANVLTF,CASSLTGAGANVLTF,TRBV6-2,TRBJ2-6,CIVKGTGRRALTF,Donor AJD3280:PB TCRab CD4 Naive/TCM,1.000000,-,-,-,-,-,-,-,-,-,-,-
1129,S%TGAGANV,3.4e-02,2,2,2.1e-06,1.0e+00,7.1e-02,1.0e+00,1.0e-03,2.9e-02,global-S%TGAGANV,CASSRTGaGANVLTF,CASSRTGAGANVLTF,TRBV3-1,TRBJ2-6,CVVRSSSGYALNF,Donor AJKQ118:L TCRab CD4 TRM,1.000000,-,-,-,-,-,-,-,-,-,-,-

1130,SS%GNYG,3.4e-02,2,2,1.7e-06,1.0e+00,5.9e-02,1.0e+00,1.0e-03,2.9e-02,global-SS%GNYG,CASSSRGNYGYTF,CASSSRGNYGYTF,TRBV7-2,TRBJ1-2,CAAISNFGNEKLTF,Donor AJD3280:PB TCRab CD4 Naive/TCM,1.000000,-,-,-,-,-,-,-,-,-,-,-
1130,SS%GNYG,3.4e-02,2,2,1.7e-06,1.0e+00,5.9e-02,1.0e+00,1.0e-03,2.9e-02,global-SS%GNYG,CASSSdgNYGYTF,CASSSDGNYGYTF,TRBV6-6,TRBJ1-2,CASGGSYIPTF,Donor AJG2309:LP TCRab CD4 FOXP3+ Treg,1.000000,-,-,-,-,-,-,-,-,-,-,-

1131,SRTGG%E,3.4e-02,2,2,1.9e-06,1.0e+00,6.4e-02,1.0e+00,1.0e-03,2.9e-02,global-SRTGG%E,CSASrTGGlEQYF,CSASRTGGLEQYF,TRBV20-1,TRBJ2-7,CVVRGTGGFKTIF,Donor AJG2309:LP TCRab CD4 Mobile TRM,1.000000,-,-,-,-,-,-,-,-,-,-,-
1131,SRTGG%E,3.4e-02,2,2,1.9e-06,1.0e+00,6.4e-02,1.0e+00,1.0e-03,2.9e-02,global-SRTGG%E,CASSRTGGYEQYF,CASSRTGGYEQYF,TRBV7-2,TRBJ2-7,CVVNADNTNAGKSTF,Donor AJD3280:L TCRab CD4 TRM,1.000000,-,-,-,-,-,-,-,-,-,-,-

1132,S%GVSTDT,3.4e-02,1,2,1.7e-06,1.0e+00,6.0e-02,1.0e+00,1.0e-03,2.9e-02,global-S%GVSTDT,CASSQgvSTDTQYF,CASSQGVSTDTQYF,TRBV3-1,TRBJ2-3,CAVEFTGGGNKLTF,Donor AJD3280:L TCRab CD4 Naive/TCM,1.000000,-,-,-,-,-,-,-,-,-,-,-
1132,S%GVSTDT,3.4e-02,1,2,1.7e-06,1.0e+00,6.0e-02,1.0e+00,1.0e-03,2.9e-02,global-S%GVSTDT,CASSPgvSTDTQYF,CASSPGVSTDTQYF,TRBV7-3,TRBJ2-3,CAVTDSNSGYALNF,Donor AJD3280:LP TCRab CD4 TRM,1.000000,-,-,-,-,-,-,-,-,-,-,-

1133,S%LAGQET,3.4e-02,2,2,2.4e-06,1.0e+00,8.2e-02,1.0e+00,1.0e-03,2.9e-02,global-S%LAGQET,CASSGLAGQETQYF,CASSGLAGQETQYF,TRBV19,TRBJ2-5,CLVGDIIAGDSSYKLIF,Donor AJD3280:L TCRab CD4 TRM,1.000000,-,-,-,-,-,-,-,-,-,-,-
1133,S%LAGQET,3.4e-02,2,2,2.4e-06,1.0e+00,8.2e-02,1.0e+00,1.0e-03,2.9e-02,global-S%LAGQET,CASSfLAGQETQYF,CASSFLAGQETQYF,TRBV12-3,TRBJ2-5,CATGIGGSNYKLTF,Donor AJG2309:IEL TCRab CD4 Mobile TRM,1.000000,-,-,-,-,-,-,-,-,-,-,-

1134,SPGQG%NQP,3.4e-02,2,2,1.6e-06,1.0e+00,5.6e-02,1.0e+00,1.0e-03,2.9e-02,global-SPGQG%NQP,CASSPGQGpNQPQHF,CASSPGQGPNQPQHF,TRBV6-2,TRBJ1-5,CIVRYGNEKLTF,Donor AJD3280:LP TCRab CD4 Poised TCM,1.000000,-,-,-,-,-,-,-,-,-,-,-
1134,SPGQG%NQP,3.4e-02,2,2,1.6e-06,1.0e+00,5.6e-02,1.0e+00,1.0e-03,2.9e-02,global-SPGQG%NQP,CASSPGQGnNQPQHF,CASSPGQGNNQPQHF,TRBV18,TRBJ1-5,CVVNRWGNKLVF,Donor AJG2309:LP TCRab CD4 Poised TCM,1.000000,-,-,-,-,-,-,-,-,-,-,-

1135,SLSGTG%YE,3.4e-02,2,2,1.8e-06,1.0e+00,6.2e-02,1.0e+00,1.0e-03,2.9e-02,global-SLSGTG%YE,CASSLsGTGtYEQYF,CASSLSGTGTYEQYF,TRBV5-1,TRBJ2-7,CAVSDPKNKLIF,Donor AJKQ118:LP TCRab CD4 TRM,1.000000,-,-,-,-,-,-,-,-,-,-,-
1135,SLSGTG%YE,3.4e-02,2,2,1.8e-06,1.0e+00,6.2e-02,1.0e+00,1.0e-03,2.9e-02,global-SLSGTG%YE,CASSLsGTGaYEQYF,CASSLSGTGAYEQYF,TRBV12-4,TRBJ2-7,CAYRTISGNTPLVF,Donor AJD3280:PB TCRab CD4 Naive/TCM,1.000000,-,-,-,-,-,-,-,-,-,-,-

1136,S%GGET,3.5e-02,2,3,1.7e-07,1.0e+00,2.7e-02,1.0e+00,1.0e-03,6.2e-03,global-S%GGET,CASSSGGETQYF,CASSSGGETQYF,TRBV28,TRBJ2-5,CAASKRNNLFF,Donor AJKQ118:L TCRab CD4 TRM,1.000000,-,-,-,-,-,-,-,-,-,-,-
1136,S%GGET,3.5e-02,2,3,1.7e-07,1.0e+00,2.7e-02,1.0e+00,1.0e-03,6.2e-03,global-S%GGET,CASSfGGETQYF,CASSFGGETQYF,TRBV7-9,TRBJ2-5,CAGQEKTNFGNEKLTF,Donor AJD3280:L TCRab CD4 TCM,1.000000,-,-,-,-,-,-,-,-,-,-,-
1136,S%GGET,3.5e-02,2,3,1.7e-07,1.0e+00,2.7e-02,1.0e+00,1.0e-03,6.2e-03,global-S%GGET,CASSfGGETQYF,CASSFGGETQYF,TRBV7-9,TRBJ2-5,CAGQEKTNFGNEKLTF,Donor AJD3280:PB TCRab CD4 Naive/TCM,1.000000,-,-,-,-,-,-,-,-,-,-,-
1136,S%GGET,3.5e-02,2,3,1.7e-07,1.0e+00,2.7e-02,1.0e+00,1.0e-03,6.2e-03,global-S%GGET,CASSPGGETQYF,CASSPGGETQYF,TRBV18,TRBJ2-5,CAVSGTGANSKLTF,Donor AJKQ118:L TCRab CD4 TCM,1.000000,-,-,-,-,-,-,-,-,-,-,-

1137,S%GPE,3.8e-02,2,2,1.9e-06,1.0e+00,6.6e-02,1.0e+00,1.0e-03,2.9e-02,global-S%GPE,CASSwgpEQYF,CASSWGPEQYF,TRBV6-5,TRBJ2-7,CIEAGGTSYGKLTF,Donor AJD3280:LP TCRab CD4 Tph,1.000000,-,-,-,-,-,-,-,-,-,-,-
1137,S%GPE,3.8e-02,2,2,1.9e-06,1.0e+00,6.6e-02,1.0e+00,1.0e-03,2.9e-02,global-S%GPE,CASSLgpEAFF,CASSLGPEAFF,TRBV5-4,TRBJ1-1,CAFMKSYRQGAQKLVF,Donor AJKQ118:L TCRab CD4 TRM,1.000000,-,-,-,-,-,-,-,-,-,-,-

1138,SL%GQP,3.8e-02,1,2,1.8e-06,1.0e+00,6.3e-02,1.0e+00,1.0e-03,2.9e-02,global-SL%GQP,CASSLGGQPQHF,CASSLGGQPQHF,TRBV5-6,TRBJ1-5,CVVKKRDSNYQLIW,Donor AJD3280:PB TCRab CD4 Naive/TCM,1.000000,-,-,-,-,-,-,-,-,-,-,-
1138,SL%GQP,3.8e-02,1,2,1.8e-06,1.0e+00,6.3e-02,1.0e+00,1.0e-03,2.9e-02,global-SL%GQP,CASSLdgQPQHF,CASSLDGQPQHF,TRBV7-2,TRBJ1-5,CSLSGSARQLTF,Donor AJD3280:LP TCRab CD4 Poised TCM,1.000000,-,-,-,-,-,-,-,-,-,-,-

1139,SQG%NE,3.8e-02,1,2,1.6e-06,1.0e+00,5.5e-02,1.0e+00,1.0e-03,2.9e-02,global-SQG%NE,CASSQgnnEQYF,CASSQGNNEQYF,TRBV5-4,TRBJ2-7,CALRSAGGTSYGKLTF,Donor AJD3280:PB TCRab CD4 Naive/TCM,1.000000,-,-,-,-,-,-,-,-,-,-,-
1139,SQG%NE,3.8e-02,1,2,1.6e-06,1.0e+00,5.5e-02,1.0e+00,1.0e-03,2.9e-02,global-SQG%NE,CATSQGYNEQFF,CATSQGYNEQFF,TRBV2,TRBJ2-1,CATDAKGTSGSRLTF,Donor AJD3280:LP TCRab CD4 Poised TCM,1.000000,-,-,-,-,-,-,-,-,-,-,-

1140,S%GLNTE,3.8e-02,2,3,6.1e-07,1.0e+00,9.9e-02,1.0e+00,1.0e-03,6.2e-03,global-S%GLNTE,CASSfGLNTEAFF,CASSFGLNTEAFF,TRBV13,TRBJ1-1,CRDMRF,Donor AJD3280:IEL TCRab CD4 TRM,1.000000,-,-,-,-,-,-,-,-,-,-,-
1140,S%GLNTE,3.8e-02,2,3,6.1e-07,1.0e+00,9.9e-02,1.0e+00,1.0e-03,6.2e-03,global-S%GLNTE,CASSLGLNTEAFF,CASSLGLNTEAFF,TRBV12-3,TRBJ1-1,CAASARSNYQLIW,Donor AJD3280:IEL TCRab CD4 Mobile TRM,1.000000,-,-,-,-,-,-,-,-,-,-,-
1140,S%GLNTE,3.8e-02,2,3,6.1e-07,1.0e+00,9.9e-02,1.0e+00,1.0e-03,6.2e-03,global-S%GLNTE,CASSLGLNTEAFF,CASSLGLNTEAFF,TRBV3-1,TRBJ1-1,CAASALGNQFYF,Donor AJD3280:IEL TCRab CD4 TRM,1.000000,-,-,-,-,-,-,-,-,-,-,-
1140,S%GLNTE,3.8e-02,2,3,6.1e-07,1.0e+00,9.9e-02,1.0e+00,1.0e-03,6.2e-03,global-S%GLNTE,CASSRGLNTEAFF,CASSRGLNTEAFF,TRBV3-1,TRBJ1-1,CAASALGNQFYF,Donor AJD3280:LP TCRab CD4 Tph,1.000000,-,-,-,-,-,-,-,-,-,-,-
1140,S%GLNTE,3.8e-02,2,3,6.1e-07,1.0e+00,9.9e-02,1.0e+00,1.0e-03,6.2e-03,global-S%GLNTE,CASSRGLNTEAFF,CASSRGLNTEAFF,TRBV6-5,TRBJ1-1,CAASFDNARLMF,Donor AJG2309:PB TCRab CD4 Naive/TCM,1.000000,-,-,-,-,-,-,-,-,-,-,-

1141,SYRG%YG,3.8e-02,1,2,1.6e-06,1.0e+00,5.5e-02,1.0e+00,1.0e-03,2.9e-02,global-SYRG%YG,CASSYRGNYGYTF,CASSYRGNYGYTF,TRBV6-2,TRBJ1-2,CAYRRGNYGGATNKLIF,Donor AJD3280:IEL TCRab CD4 TRM,1.000000,-,-,-,-,-,-,-,-,-,-,-
1141,SYRG%YG,3.8e-02,1,2,1.6e-06,1.0e+00,5.5e-02,1.0e+00,1.0e-03,2.9e-02,global-SYRG%YG,CASSYRGdYGYTF,CASSYRGDYGYTF,TRBV6-6,TRBJ1-2,CALPTGANSKLTF,Donor AJD3280:PB TCRab CD4 Naive/TCM,1.000000,-,-,-,-,-,-,-,-,-,-,-

1142,R%SSYNSP,3.8e-02,2,2,2.4e-06,1.0e+00,8.1e-02,1.0e+00,1.0e-03,2.9e-02,global-R%SSYNSP,CATrdsSYNSPLHF,CATRDSSYNSPLHF,TRBV19,TRBJ1-6,CAVIGSTDSWGKLQF,Donor AJD3280:PB TCRab CD4 FOXP3+ Treg,1.000000,-,-,-,-,-,-,-,-,-,-,-
1142,R%SSYNSP,3.8e-02,2,2,2.4e-06,1.0e+00,8.1e-02,1.0e+00,1.0e-03,2.9e-02,global-R%SSYNSP,CAWrrsSYNSPLHF,CAWRRSSYNSPLHF,TRBV30,TRBJ1-6,CAFPSGGSNYKLTF,Donor AJKQ118:PB TCRab CD4 Naive/TCM,1.000000,-,-,-,-,-,-,-,-,-,-,-

1143,SRG%GSYE,3.8e-02,1,2,1.9e-06,1.0e+00,6.4e-02,1.0e+00,1.0e-03,2.9e-02,global-SRG%GSYE,CASSRgRGSYEQYF,CASSRGRGSYEQYF,TRBV28,TRBJ2-7,CAAVWGFGNVLHC,Donor AJG2309:PB TCRab CD4 Naive/TCM,1.000000,-,-,-,-,-,-,-,-,-,-,-
1143,SRG%GSYE,3.8e-02,1,2,1.9e-06,1.0e+00,6.4e-02,1.0e+00,1.0e-03,2.9e-02,global-SRG%GSYE,CSASrGQGSYEQYF,CSASRGQGSYEQYF,TRBV20-1,TRBJ2-7,CVVIRMDSSYKLIF,Donor AJG2309:PB TCRab CD4 Naive/TCM,1.000000,-,-,-,-,-,-,-,-,-,-,-

1144,S%GSSYNSP,3.8e-02,1,2,2.1e-06,1.0e+00,7.1e-02,1.0e+00,1.0e-03,2.9e-02,global-S%GSSYNSP,CSASdgsSYNSPLHF,CSASDGSSYNSPLHF,TRBV20-1,TRBJ1-6,CATVAVNARLMF,Donor AJKQ118:PB TCRab CD4 FOXP3+ Treg,1.000000,-,-,-,-,-,-,-,-,-,-,-
1144,S%GSSYNSP,3.8e-02,1,2,2.1e-06,1.0e+00,7.1e-02,1.0e+00,1.0e-03,2.9e-02,global-S%GSSYNSP,CASSLgsSYNSPLHF,CASSLGSSYNSPLHF,TRBV7-6,TRBJ1-6,CAASAGAGGTSYGKLTF,Donor AJKQ118:PB TCRab CD4 FOXP3+ Treg,1.000000,-,-,-,-,-,-,-,-,-,-,-

1145,S%VGTE,3.8e-02,2,2,1.7e-06,1.0e+00,5.9e-02,1.0e+00,1.0e-03,2.9e-02,global-S%VGTE,CASSLvgTEAFF,CASSLVGTEAFF,TRBV7-2,TRBJ1-1,CAVVVGTASKLTF,Donor AJD3280:L TCRab CD4 Naive/TCM,1.000000,-,-,-,-,-,-,-,-,-,-,-
1145,S%VGTE,3.8e-02,2,2,1.7e-06,1.0e+00,5.9e-02,1.0e+00,1.0e-03,2.9e-02,global-S%VGTE,CASStvgTEAFF,CASSTVGTEAFF,TRBV6-5,TRBJ1-1,CAMSLTPAAGNKLTF,Donor AJKQ118:PB TCRab CD4 Naive/TCM,1.000000,-,-,-,-,-,-,-,-,-,-,-

1146,S%GGGET,3.8e-02,1,2,1.7e-06,1.0e+00,5.9e-02,1.0e+00,1.0e-03,2.9e-02,global-S%GGGET,CAWSpGGgETQYF,CAWSPGGGETQYF,TRBV30,TRBJ2-5,CAPGGSNYKLTF,Donor AJD3280:LP TCRab CD4 TRM,1.000000,-,-,-,-,-,-,-,-,-,-,-
1146,S%GGGET,3.8e-02,1,2,1.7e-06,1.0e+00,5.9e-02,1.0e+00,1.0e-03,2.9e-02,global-S%GGGET,CASSwGGgETQYF,CASSWGGGETQYF,TRBV6-2,TRBJ2-5,CAETETGRRALTF,Donor AJD3280:LP TCRab CD4 TRM,1.000000,-,-,-,-,-,-,-,-,-,-,-

1147,SL%SNYG,3.8e-02,2,2,2.1e-06,1.0e+00,7.3e-02,1.0e+00,1.0e-03,2.9e-02,global-SL%SNYG,CASSLgsNYGYTF,CASSLGSNYGYTF,TRBV12-3,TRBJ1-2,CAEPSGYALNF,Donor AJKQ118:PB TCRab CD4 Naive/TCM,1.000000,-,-,-,-,-,-,-,-,-,-,-
1147,SL%SNYG,3.8e-02,2,2,2.1e-06,1.0e+00,7.3e-02,1.0e+00,1.0e-03,2.9e-02,global-SL%SNYG,CASSLhsNYGYTF,CASSLHSNYGYTF,TRBV27,TRBJ1-2,CALSGLNQGGKLIF,Donor AJG2309:LP TCRab CD4 Poised TCM,1.000000,-,-,-,-,-,-,-,-,-,-,-

1148,SLG%YG,3.8e-02,1,2,1.5e-06,1.0e+00,5.1e-02,1.0e+00,1.0e-03,2.9e-02,global-SLG%YG,CASSLgfYGYTF,CASSLGFYGYTF,TRBV28,TRBJ1-2,CAGPSEGNMLTF,Donor AJG2309:PB TCRab CD4 Naive/TCM,1.000000,-,-,-,-,-,-,-,-,-,-,-
1148,SLG%YG,3.8e-02,1,2,1.5e-06,1.0e+00,5.1e-02,1.0e+00,1.0e-03,2.9e-02,global-SLG%YG,CASSLgNYGYTF,CASSLGNYGYTF,TRBV12-4,TRBJ1-2,CAGNNNARLMF,Donor AJG2309:PB TCRab CD4 Naive/TCM,1.000000,-,-,-,-,-,-,-,-,-,-,-

1149,S%TGPNTE,3.8e-02,2,2,1.5e-06,1.0e+00,5.3e-02,1.0e+00,1.0e-03,2.9e-02,global-S%TGPNTE,CASSSTGpNTEAFF,CASSSTGPNTEAFF,TRBV12-4,TRBJ1-1,CAASARTSYDKVIF,Donor AJKQ118:LP TCRab CD4 TRM,1.000000,-,-,-,-,-,-,-,-,-,-,-
1149,S%TGPNTE,3.8e-02,2,2,1.5e-06,1.0e+00,5.3e-02,1.0e+00,1.0e-03,2.9e-02,global-S%TGPNTE,CASSRTGpNTEAFF,CASSRTGPNTEAFF,TRBV4-1,TRBJ1-1,CAVDMDTNAGKSTF,Donor AJD3280:LP TCRab CD4 Tph,1.000000,-,-,-,-,-,-,-,-,-,-,-

1150,SPGT%NQP,3.8e-02,2,2,2.3e-06,1.0e+00,8.0e-02,1.0e+00,1.0e-03,2.9e-02,global-SPGT%NQP,CASSPGTSNQPQHF,CASSPGTSNQPQHF,TRBV7-2,TRBJ1-5,CATYMIKAAGNKLTF,Donor AJKQ118:PB TCRab CD4 Naive/TCM,1.000000,-,-,-,-,-,-,-,-,-,-,-
1150,SPGT%NQP,3.8e-02,2,2,2.3e-06,1.0e+00,8.0e-02,1.0e+00,1.0e-03,2.9e-02,global-SPGT%NQP,CASSPGTGNQPQHF,CASSPGTGNQPQHF,TRBV3-1,TRBJ1-5,CALTSLSSGSARQLTF,Donor AJD3280:LP TCRab CD4 Poised TCM,1.000000,-,-,-,-,-,-,-,-,-,-,-

1151,SQ%NE,3.8e-02,2,2,2.4e-07,1.0e+00,7.5e-02,1.1e-01,1.0e-03,2.9e-02,global-SQ%NE,CASSQwNEQFF,CASSQWNEQFF,TRBV6-2,TRBJ2-1,CAGGSTGTYKYIF,Donor AJKQ118:PB TCRab CD4 FOXP3+ Treg,2.000000,-,-,-,-,-,-,-,-,-,-,-
1151,SQ%NE,3.8e-02,2,2,2.4e-07,1.0e+00,7.5e-02,1.1e-01,1.0e-03,2.9e-02,global-SQ%NE,CASSQlNEQFF,CASSQLNEQFF,TRBV3-1,TRBJ2-1,CAVRLYNQGGKLIF,Donor AJD3280:LP TCRab CD4 FOXP3+ Treg,1.000000,-,-,-,-,-,-,-,-,-,-,-

1152,SLR%E,3.8e-02,2,2,1.7e-06,1.0e+00,5.7e-02,1.0e+00,1.0e-03,2.9e-02,global-SLR%E,CASSLrkEQFF,CASSLRKEQFF,TRBV4-2,TRBJ2-1,CAAPRGGGADGLTF,Donor AJKQ118:L TCRab CD4 TRM,1.000000,-,-,-,-,-,-,-,-,-,-,-
1152,SLR%E,3.8e-02,2,2,1.7e-06,1.0e+00,5.7e-02,1.0e+00,1.0e-03,2.9e-02,global-SLR%E,CASSLrNEQFF,CASSLRNEQFF,TRBV7-2,TRBJ2-1,CAVSTGKGGSEKLVF,Donor AJD3280:IEL TCRab CD4 Mobile TRM,1.000000,-,-,-,-,-,-,-,-,-,-,-

1153,S%GGGYE,3.8e-02,2,2,1.9e-06,1.0e+00,6.4e-02,1.0e+00,1.0e-03,2.9e-02,global-S%GGGYE,CASSPGGgYEQYF,CASSPGGGYEQYF,TRBV18,TRBJ2-7,CAVHKGGSQGNLIF,Donor AJG2309:IEL TCRab CD4 Mobile TRM,1.000000,-,-,-,-,-,-,-,-,-,-,-
1153,S%GGGYE,3.8e-02,2,2,1.9e-06,1.0e+00,6.4e-02,1.0e+00,1.0e-03,2.9e-02,global-S%GGGYE,CATSDGGgyEQFF,CATSDGGGYEQFF,TRBV24-1,TRBJ2-1,CIVRVYGQNFVF,Donor AJKQ118:LP TCRab CD4 TRM,1.000000,-,-,-,-,-,-,-,-,-,-,-

1154,EG%GYE,3.8e-02,1,2,1.5e-06,1.0e+00,5.0e-02,1.0e+00,1.0e-03,2.9e-02,global-EG%GYE,CSVEgvgYEQYF,CSVEGVGYEQYF,TRBV29-1,TRBJ2-7,CAVVTMDNARLMF,Donor AJD3280:PB TCRab CD4 Naive/TCM,1.000000,-,-,-,-,-,-,-,-,-,-,-
1154,EG%GYE,3.8e-02,1,2,1.5e-06,1.0e+00,5.0e-02,1.0e+00,1.0e-03,2.9e-02,global-EG%GYE,CSAeGQGYEQYF,CSAEGQGYEQYF,TRBV20-1,TRBJ2-7,CAVEAFSTRQLTF,Donor AJD3280:PB TCRab CD4 Naive/TCM,1.000000,-,-,-,-,-,-,-,-,-,-,-

1155,R%GGNSP,3.8e-02,1,2,2.0e-06,1.0e+00,6.8e-02,1.0e+00,1.0e-03,2.9e-02,global-R%GGNSP,CASrTGGNSPLHF,CASRTGGNSPLHF,TRBV6-2,TRBJ1-6,CGTHSSGNTPLVF,Donor AJKQ118:PB TCRab CD4 Naive/TCM,1.000000,-,-,-,-,-,-,-,-,-,-,-
1155,R%GGNSP,3.8e-02,1,2,2.0e-06,1.0e+00,6.8e-02,1.0e+00,1.0e-03,2.9e-02,global-R%GGNSP,CASrQGgNSPLHF,CASRQGGNSPLHF,TRBV6-5,TRBJ1-6,CALSRAGYNFNKFYF,Donor AJKQ118:PB TCRab CD4 Naive/TCM,1.000000,-,-,-,-,-,-,-,-,-,-,-

1156,SLGR%YG,3.8e-02,2,2,4.9e-06,1.0e+00,1.7e-01,1.0e+00,1.0e-03,2.9e-02,global-SLGR%YG,CASSLGRNYGYTF,CASSLGRNYGYTF,TRBV27,TRBJ1-2,CAALKGSQGNLIF,Donor AJKQ118:PB TCRab CD4 Naive/TCM,1.000000,-,-,-,-,-,-,-,-,-,-,-
1156,SLGR%YG,3.8e-02,2,2,4.9e-06,1.0e+00,1.7e-01,1.0e+00,1.0e-03,2.9e-02,global-SLGR%YG,CASSLGRdYGYTF,CASSLGRDYGYTF,TRBV12-3,TRBJ1-2,CAASRQGAQKLVF,Donor AJD3280:IEL TCRab CD4 TRM,1.000000,-,-,-,-,-,-,-,-,-,-,-
1156,SLGR%YG,3.8e-02,2,2,4.9e-06,1.0e+00,1.7e-01,1.0e+00,1.0e-03,2.9e-02,global-SLGR%YG,CASSLGRdYGYTF,CASSLGRDYGYTF,TRBV7-2,TRBJ1-2,CANRGSTLGRLYF,Donor AJD3280:PB TCRab CD4 FOXP3+ Treg,1.000000,-,-,-,-,-,-,-,-,-,-,-

1157,SLGG%NE,3.8e-02,1,2,2.2e-06,1.0e+00,7.4e-02,1.0e+00,1.0e-03,2.9e-02,global-SLGG%NE,CASSLgGQNEQFF,CASSLGGQNEQFF,TRBV5-1,TRBJ2-1,CAARDSGTYKYIF,Donor AJD3280:LP TCRab CD4 TRM,1.000000,-,-,-,-,-,-,-,-,-,-,-
1157,SLGG%NE,3.8e-02,1,2,2.2e-06,1.0e+00,7.4e-02,1.0e+00,1.0e-03,2.9e-02,global-SLGG%NE,CASSLGGYNEQFF,CASSLGGYNEQFF,TRBV11-1,TRBJ2-1,CALSDPRGSNYKLTF,Donor AJD3280:PB TCRab CD4 Naive/TCM,1.000000,-,-,-,-,-,-,-,-,-,-,-

1158,SP%GSGNT,3.8e-02,1,2,1.5e-06,1.0e+00,5.3e-02,1.0e+00,1.0e-03,2.9e-02,global-SP%GSGNT,CASSPGGSGNTIYF,CASSPGGSGNTIYF,TRBV6-5,TRBJ1-3,CAMRALPGGYNKLIF,Donor AJD3280:PB TCRab CD4 Naive/TCM,1.000000,-,-,-,-,-,-,-,-,-,-,-
1158,SP%GSGNT,3.8e-02,1,2,1.5e-06,1.0e+00,5.3e-02,1.0e+00,1.0e-03,2.9e-02,global-SP%GSGNT,CASSPlgSGNTIYF,CASSPLGSGNTIYF,TRBV4-1,TRBJ1-3,CATPYTGGFKTIF,Donor AJD3280:L TCRab CD4 TCM,1.000000,-,-,-,-,-,-,-,-,-,-,-

1159,S%GTGGNQP,3.8e-02,2,2,1.8e-06,1.0e+00,6.2e-02,1.0e+00,1.0e-03,2.9e-02,global-S%GTGGNQP,CASSIGTGGNQPQHF,CASSIGTGGNQPQHF,TRBV5-1,TRBJ1-5,CAGARGSNYKLTF,Donor AJG2309:PB TCRab CD4 Naive/TCM,1.000000,-,-,-,-,-,-,-,-,-,-,-
1159,S%GTGGNQP,3.8e-02,2,2,1.8e-06,1.0e+00,6.2e-02,1.0e+00,1.0e-03,2.9e-02,global-S%GTGGNQP,CATSwGTGGNQPQHF,CATSWGTGGNQPQHF,TRBV12-3,TRBJ1-5,CGTEGGSARQLTF,Donor AJD3280:IEL TCRab CD4 Mobile TRM,1.000000,-,-,-,-,-,-,-,-,-,-,-

1160,S%TGGSNQP,3.8e-02,1,2,2.2e-06,1.0e+00,7.6e-02,1.0e+00,1.0e-03,2.9e-02,global-S%TGGSNQP,CASSLTGGSNQPQHF,CASSLTGGSNQPQHF,TRBV5-1,TRBJ1-5,CALSEADDYKLSF,Donor AJD3280:PB TCRab CD4 Naive/TCM,1.000000,-,-,-,-,-,-,-,-,-,-,-
1160,S%TGGSNQP,3.8e-02,1,2,2.2e-06,1.0e+00,7.6e-02,1.0e+00,1.0e-03,2.9e-02,global-S%TGGSNQP,CASSQTGGSNQPQHF,CASSQTGGSNQPQHF,TRBV4-3,TRBJ1-5,CAVRDMNSGYSTLTF,Donor AJD3280:LP TCRab CD4 FOXP3+ Treg,1.000000,-,-,-,-,-,-,-,-,-,-,-

1161,SLV%GSTDT,3.8e-02,2,2,1.8e-06,1.0e+00,6.3e-02,1.0e+00,1.0e-03,2.9e-02,global-SLV%GSTDT,CASSLvegSTDTQYF,CASSLVEGSTDTQYF,TRBV5-1,TRBJ2-3,CAVRDVASGGSYIPTF,Donor AJD3280:LP TCRab CD4 TRM,1.000000,-,-,-,-,-,-,-,-,-,-,-
1161,SLV%GSTDT,3.8e-02,2,2,1.8e-06,1.0e+00,6.3e-02,1.0e+00,1.0e-03,2.9e-02,global-SLV%GSTDT,CASSLvAGSTDTQYF,CASSLVAGSTDTQYF,TRBV12-3,TRBJ2-3,CAGARYNQGGKLIF,Donor AJKQ118:L TCRab CD4 TRM,1.000000,-,-,-,-,-,-,-,-,-,-,-

1162,SPGQG%YNE,3.8e-02,2,2,1.5e-06,1.0e+00,5.3e-02,1.0e+00,1.0e-03,2.9e-02,global-SPGQG%YNE,CASSPGQGSYNEQFF,CASSPGQGSYNEQFF,TRBV7-6,TRBJ2-1,CALRSLSNDMRF,Donor AJD3280:PB TCRab CD4 Naive/TCM,1.000000,-,-,-,-,-,-,-,-,-,-,-
1162,SPGQG%YNE,3.8e-02,2,2,1.5e-06,1.0e+00,5.3e-02,1.0e+00,1.0e-03,2.9e-02,global-SPGQG%YNE,CASSPGQGvYNEQFF,CASSPGQGVYNEQFF,TRBV5-6,TRBJ2-1,CAMRYNTDKLIF,Donor AJG2309:PB TCRab CD4 FOXP3+ Treg,1.000000,-,-,-,-,-,-,-,-,-,-,-

1163,SR%YE,4.0e-02,2,3,1.2e-06,1.0e+00,2.0e-01,1.0e+00,1.0e-03,6.2e-03,global-SR%YE,CASSRhYEQYF,CASSRHYEQYF,TRBV14,TRBJ2-7,CAVEARGSGNTGKLIF,Donor AJD3280:PB TCRab CD4 Naive/TCM,1.000000,-,-,-,-,-,-,-,-,-,-,-
1163,SR%YE,4.0e-02,2,3,1.2e-06,1.0e+00,2.0e-01,1.0e+00,1.0e-03,6.2e-03,global-SR%YE,CASSRdYEQYF,CASSRDYEQYF,TRBV6-5,TRBJ2-7,CAASRYNNNDMRF,Donor AJD3280:PB TCRab CD4 Naive/TCM,1.000000,-,-,-,-,-,-,-,-,-,-,-
1163,SR%YE,4.0e-02,2,3,1.2e-06,1.0e+00,2.0e-01,1.0e+00,1.0e-03,6.2e-03,global-SR%YE,CASSRgYEQYF,CASSRGYEQYF,TRBV28,TRBJ2-7,CAYRTGYQKVTF,Donor AJG2309:LP TCRab CD4 Poised TCM,1.000000,-,-,-,-,-,-,-,-,-,-,-

1164,S%ADT,4.0e-02,2,3,1.2e-06,1.0e+00,1.9e-01,1.0e+00,1.0e-03,6.2e-03,global-S%ADT,CASSRaDTQYF,CASSRADTQYF,TRBV7-2,TRBJ2-3,CAVDYTGGFKTIF,Donor AJD3280:LP TCRab CD4 Mobile TRM,1.000000,-,-,-,-,-,-,-,-,-,-,-
1164,S%ADT,4.0e-02,2,3,1.2e-06,1.0e+00,1.9e-01,1.0e+00,1.0e-03,6.2e-03,global-S%ADT,CASSSaDTQYF,CASSSADTQYF,TRBV27,TRBJ2-3,CGGTSYDKVIF,Donor AJKQ118:PB TCRab CD4 FOXP3+ Treg,1.000000,-,-,-,-,-,-,-,-,-,-,-
1164,S%ADT,4.0e-02,2,3,1.2e-06,1.0e+00,1.9e-01,1.0e+00,1.0e-03,6.2e-03,global-S%ADT,CASSQaDTQYF,CASSQADTQYF,TRBV14,TRBJ2-3,CAATSGGYQKVTF,Donor AJD3280:PB TCRab CD4 FOXP3+ Treg,1.000000,-,-,-,-,-,-,-,-,-,-,-

1165,SQ%TE,4.2e-02,2,2,1.9e-06,1.0e+00,6.6e-02,1.0e+00,1.0e-03,2.9e-02,global-SQ%TE,CASSQgTEAFF,CASSQGTEAFF,TRBV6-5,TRBJ1-1,CAASPRGARLMF,Donor AJD3280:PB TCRab CD4 Naive/TCM,1.000000,-,-,-,-,-,-,-,-,-,-,-
1165,SQ%TE,4.2e-02,2,2,1.9e-06,1.0e+00,6.6e-02,1.0e+00,1.0e-03,2.9e-02,global-SQ%TE,CASSQtTEAFF,CASSQTTEAFF,TRBV3-1,TRBJ1-1,CAVNRNARLMF,Donor AJKQ118:PB TCRab CD4 FOXP3+ Treg,1.000000,-,-,-,-,-,-,-,-,-,-,-

1166,SYS%E,4.2e-02,2,2,1.7e-06,1.0e+00,5.7e-02,1.0e+00,1.0e-03,2.9e-02,global-SYS%E,CASSYsiEQYF,CASSYSIEQYF,TRBV6-2,TRBJ2-7,CVDGGADGLTF,Donor AJD3280:PB TCRab CD4 Naive/TCM,1.000000,-,-,-,-,-,-,-,-,-,-,-
1166,SYS%E,4.2e-02,2,2,1.7e-06,1.0e+00,5.7e-02,1.0e+00,1.0e-03,2.9e-02,global-SYS%E,CASSYSGEQYF,CASSYSGEQYF,TRBV6-5,TRBJ2-7,CIVRVAYGGTSYGKLTF,Donor AJKQ118:PB TCRab CD4 Naive/TCM,1.000000,-,-,-,-,-,-,-,-,-,-,-

1167,S%RGDE,4.2e-02,2,2,1.5e-06,1.0e+00,5.2e-02,1.0e+00,1.0e-03,2.9e-02,global-S%RGDE,CASSIRGdEQYF,CASSIRGDEQYF,TRBV2,TRBJ2-7,CAVAYFSKLTF,Donor AJD3280:PB TCRab CD4 Naive/TCM,1.000000,-,-,-,-,-,-,-,-,-,-,-
1167,S%RGDE,4.2e-02,2,2,1.5e-06,1.0e+00,5.2e-02,1.0e+00,1.0e-03,2.9e-02,global-S%RGDE,CASSfRGdEQFF,CASSFRGDEQFF,TRBV5-1,TRBJ2-1,CAVDGGGLTGGGNKLTF,Donor AJKQ118:PB TCRab CD4 Naive/TCM,1.000000,-,-,-,-,-,-,-,-,-,-,-

1168,S%SVNTE,4.2e-02,1,2,1.5e-06,1.0e+00,5.3e-02,1.0e+00,1.0e-03,2.9e-02,global-S%SVNTE,CASShsvNTEAFF,CASSHSVNTEAFF,TRBV3-1,TRBJ1-1,CAPTRETSGSRLTF,Donor AJD3280:LP TCRab CD4 Poised TCM,1.000000,-,-,-,-,-,-,-,-,-,-,-
1168,S%SVNTE,4.2e-02,1,2,1.5e-06,1.0e+00,5.3e-02,1.0e+00,1.0e-03,2.9e-02,global-S%SVNTE,CASSasvNTEAFF,CASSASVNTEAFF,TRBV9,TRBJ1-1,CAVSSPSNSGGYQKVTF,Donor AJD3280:IEL TCRab CD4 TRM,1.000000,-,-,-,-,-,-,-,-,-,-,-

1169,R%ATNEK,4.2e-02,1,2,2.0e-06,1.0e+00,6.7e-02,1.0e+00,1.0e-03,2.9e-02,global-R%ATNEK,CASrpaTNEKLFF,CASRPATNEKLFF,TRBV12-3,TRBJ1-4,CAVGPNQGGKLIF,Donor AJD3280:LP TCRab CD4 TRM,1.000000,-,-,-,-,-,-,-,-,-,-,-
1169,R%ATNEK,4.2e-02,1,2,2.0e-06,1.0e+00,6.7e-02,1.0e+00,1.0e-03,2.9e-02,global-R%ATNEK,CASRGaTNEKLFF,CASRGATNEKLFF,TRBV5-1,TRBJ1-4,CAASGVTGNQFYF,Donor AJD3280:L TCRab CD4 TRM,1.000000,-,-,-,-,-,-,-,-,-,-,-

1170,SPPG%E,4.2e-02,2,2,1.9e-06,1.0e+00,6.4e-02,1.0e+00,1.0e-03,2.9e-02,global-SPPG%E,CASSPpGQEQYF,CASSPPGQEQYF,TRBV5-1,TRBJ2-7,CAASDSPERGSYIPTF,Donor AJG2309:LP TCRab CD4 TRM,1.000000,-,-,-,-,-,-,-,-,-,-,-
1170,SPPG%E,4.2e-02,2,2,1.9e-06,1.0e+00,6.4e-02,1.0e+00,1.0e-03,2.9e-02,global-SPPG%E,CASSPpgdEQFF,CASSPPGDEQFF,TRBV4-2,TRBJ2-1,CAPLTGGGNKLTF,Donor AJKQ118:PB TCRab CD4 Naive/TCM,1.000000,-,-,-,-,-,-,-,-,-,-,-

1171,SL%GPDT,4.2e-02,2,2,1.6e-06,1.0e+00,5.6e-02,1.0e+00,1.0e-03,2.9e-02,global-SL%GPDT,CASSLmgpDTQYF,CASSLMGPDTQYF,TRBV28,TRBJ2-3,CLVGESGAGSYQLTF,Donor AJG2309:PB TCRab CD4 FOXP3+ Treg,1.000000,-,-,-,-,-,-,-,-,-,-,-
1171,SL%GPDT,4.2e-02,2,2,1.6e-06,1.0e+00,5.6e-02,1.0e+00,1.0e-03,2.9e-02,global-SL%GPDT,CASSLRGpDTQYF,CASSLRGPDTQYF,TRBV5-6,TRBJ2-3,CAMRERNTGNQFYF,Donor AJKQ118:PB TCRab CD4 Naive/TCM,1.000000,-,-,-,-,-,-,-,-,-,-,-

1172,S%GTNTE,4.2e-02,1,2,2.2e-07,1.0e+00,7.0e-02,1.1e-01,1.0e-03,2.9e-02,global-S%GTNTE,CASSLGTNTEAFF,CASSLGTNTEAFF,TRBV5-1,TRBJ1-1,CAASRTSGSARQLTF,Donor AJD3280:PB TCRab CD4 Naive/TCM,1.000000,-,-,-,-,-,-,-,-,-,-,-
1172,S%GTNTE,4.2e-02,1,2,2.2e-07,1.0e+00,7.0e-02,1.1e-01,1.0e-03,2.9e-02,global-S%GTNTE,CASSaGTNTEAFF,CASSAGTNTEAFF,TRBV7-8,TRBJ1-1,CYAGGTSYGKLTF,Donor AJD3280:LP TCRab CD4 Poised TCM,2.000000,-,-,-,-,-,-,-,-,-,-,-

1173,SLQG%SYE,4.2e-02,2,2,2.4e-06,1.0e+00,8.2e-02,1.0e+00,1.0e-03,2.9e-02,global-SLQG%SYE,CASSLQGkSYEQYF,CASSLQGKSYEQYF,TRBV7-6,TRBJ2-7,CALSTNFGNEKLTF,Donor AJD3280:LP TCRab CD4 TRM,1.000000,-,-,-,-,-,-,-,-,-,-,-
1173,SLQG%SYE,4.2e-02,2,2,2.4e-06,1.0e+00,8.2e-02,1.0e+00,1.0e-03,2.9e-02,global-SLQG%SYE,CASSLQGaSYEQYF,CASSLQGASYEQYF,TRBV7-2,TRBJ2-7,CAVKVGFSGGYNKLIF,Donor AJG2309:LP TCRab CD4 Mobile TRM,1.000000,-,-,-,-,-,-,-,-,-,-,-

1174,S%GVTE,4.2e-02,1,2,2.9e-08,1.0e+00,1.0e-03,1.0e+00,1.0e-03,2.9e-02,global-S%GVTE,CASSLgvTEAFF,CASSLGVTEAFF,TRBV28,TRBJ1-1,CAVISSGGSYIPTF,Donor AJKQ118:PB TCRab CD4 Naive/TCM,1.000000,-,-,-,-,-,-,-,-,-,-,-
1174,S%GVTE,4.2e-02,1,2,2.9e-08,1.0e+00,1.0e-03,1.0e+00,1.0e-03,2.9e-02,global-S%GVTE,CASSPgvTEAFF,CASSPGVTEAFF,TRBV28,TRBJ1-1,CANPRFGNVLHC,Donor AJKQ118:PB TCRab CD4 Naive/TCM,1.000000,-,-,-,-,-,-,-,-,-,-,-

1175,%NSYE,4.2e-02,2,2,2.1e-06,1.0e+00,7.2e-02,1.0e+00,1.0e-03,2.9e-02,global-%NSYE,CAAGnSYEQYF,CAAGNSYEQYF,TRBV6-2,TRBJ2-7,CAMREFTYQGGSEKLVF,Donor AJD3280:PB TCRab CD4 Naive/TCM,1.000000,-,-,-,-,-,-,-,-,-,-,-
1175,%NSYE,4.2e-02,2,2,2.1e-06,1.0e+00,7.2e-02,1.0e+00,1.0e-03,2.9e-02,global-%NSYE,CAhsnSYEQYF,CAHSNSYEQYF,TRBV30,TRBJ2-7,CAVRRGGSQGNLIF,Donor AJKQ118:LP TCRab CD4 TRM,1.000000,-,-,-,-,-,-,-,-,-,-,-

1176,SLG%DQP,4.2e-02,2,2,2.2e-06,1.0e+00,7.7e-02,1.0e+00,1.0e-03,2.9e-02,global-SLG%DQP,CASSLGTdQPQHF,CASSLGTDQPQHF,TRBV7-8,TRBJ1-5,CVVNPRGGSQGNLIF,Donor AJD3280:LP TCRab CD4 TRM,1.000000,-,-,-,-,-,-,-,-,-,-,-
1176,SLG%DQP,4.2e-02,2,2,2.2e-06,1.0e+00,7.7e-02,1.0e+00,1.0e-03,2.9e-02,global-SLG%DQP,CASSLgpdQPQHF,CASSLGPDQPQHF,TRBV5-6,TRBJ1-5,CAVEGGSQGNLIF,Donor AJG2309:LP TCRab CD4 TRM,1.000000,-,-,-,-,-,-,-,-,-,-,-

1177,S%TSGQET,4.2e-02,2,2,2.2e-06,1.0e+00,7.4e-02,1.0e+00,1.0e-03,2.9e-02,global-S%TSGQET,CASSmTSGQETQYF,CASSMTSGQETQYF,TRBV12-4,TRBJ2-5,CAVNRDDKIIF,Donor AJD3280:L TCRab CD4 Naive/TCM,1.000000,-,-,-,-,-,-,-,-,-,-,-
1177,S%TSGQET,4.2e-02,2,2,2.2e-06,1.0e+00,7.4e-02,1.0e+00,1.0e-03,2.9e-02,global-S%TSGQET,CASStTSGQETQYF,CASSTTSGQETQYF,TRBV5-6,TRBJ2-5,CAVSRMDSSYKLIF,Donor AJKQ118:LP TCRab CD4 TRM,1.000000,-,-,-,-,-,-,-,-,-,-,-

1178,S%GTGDQP,4.2e-02,1,2,2.5e-06,1.0e+00,8.7e-02,1.0e+00,1.0e-03,2.9e-02,global-S%GTGDQP,CASSPGTGdQPQHF,CASSPGTGDQPQHF,TRBV18,TRBJ1-5,CIVRVANTGFQKLVF,Donor AJKQ118:PB TCRab CD4 FOXP3+ Treg,1.000000,-,-,-,-,-,-,-,-,-,-,-
1178,S%GTGDQP,4.2e-02,1,2,2.5e-06,1.0e+00,8.7e-02,1.0e+00,1.0e-03,2.9e-02,global-S%GTGDQP,CASSIGTGdQPQHF,CASSIGTGDQPQHF,TRBV5-1,TRBJ1-5,CAMREALRLSSYGKLTF,Donor AJKQ118:PB TCRab CD4 Naive/TCM,1.000000,-,-,-,-,-,-,-,-,-,-,-

1179,SPGQ%YG,4.2e-02,2,2,2.0e-06,1.0e+00,6.7e-02,1.0e+00,1.0e-03,2.9e-02,global-SPGQ%YG,CASSPGQGYGYTF,CASSPGQGYGYTF,TRBV3-1,TRBJ1-2,CAENIRGGGGNKLTF,Donor AJD3280:PB TCRab CD4 Naive/TCM,1.000000,-,-,-,-,-,-,-,-,-,-,-
1179,SPGQ%YG,4.2e-02,2,2,2.0e-06,1.0e+00,6.7e-02,1.0e+00,1.0e-03,2.9e-02,global-SPGQ%YG,CASSPGQhYGYTF,CASSPGQHYGYTF,TRBV12-3,TRBJ1-2,CAANSGGSNYKLTF,Donor AJG2309:LP TCRab CD4 TRM,1.000000,-,-,-,-,-,-,-,-,-,-,-

1180,%LYNE,4.2e-02,2,2,6.2e-06,1.0e+00,2.1e-01,1.0e+00,1.0e-03,2.9e-02,global-%LYNE,CASrlYNEQFF,CASRLYNEQFF,TRBV2,TRBJ2-1,CAAKGQDTGRRALTF,Donor AJG2309:LP TCRab CD4 Poised TCM,1.000000,-,-,-,-,-,-,-,-,-,-,-
1180,%LYNE,4.2e-02,2,2,6.2e-06,1.0e+00,2.1e-01,1.0e+00,1.0e-03,2.9e-02,global-%LYNE,CASrlYNEQFF,CASRLYNEQFF,TRBV27,TRBJ2-1,CAMRGGGYNKLIF,Donor AJKQ118:L TCRab CD4 Naive/TCM,1.000000,-,-,-,-,-,-,-,-,-,-,-
1180,%LYNE,4.2e-02,2,2,6.2e-06,1.0e+00,2.1e-01,1.0e+00,1.0e-03,2.9e-02,global-%LYNE,CASSLYNEQFF,CASSLYNEQFF,TRBV7-2,TRBJ2-1,CVVPSGAGSYQLTF,Donor AJKQ118:PB TCRab CD4 Naive/TCM,1.000000,-,-,-,-,-,-,-,-,-,-,-

1181,SQ%DT,4.2e-02,1,2,2.0e-06,1.0e+00,6.9e-02,1.0e+00,1.0e-03,2.9e-02,global-SQ%DT,CSASQGDTQYF,CSASQGDTQYF,TRBV20-1,TRBJ2-3,CAEGGAGRRALTF,Donor AJD3280:PB TCRab CD4 Naive/TCM,1.000000,-,-,-,-,-,-,-,-,-,-,-
1181,SQ%DT,4.2e-02,1,2,2.0e-06,1.0e+00,6.9e-02,1.0e+00,1.0e-03,2.9e-02,global-SQ%DT,CASSQaDTQYF,CASSQADTQYF,TRBV14,TRBJ2-3,CAATSGGYQKVTF,Donor AJD3280:PB TCRab CD4 FOXP3+ Treg,1.000000,-,-,-,-,-,-,-,-,-,-,-

1182,%TGDYG,4.2e-02,1,2,2.0e-06,1.0e+00,6.7e-02,1.0e+00,1.0e-03,2.9e-02,global-%TGDYG,CAWaTGdYGYTF,CAWATGDYGYTF,TRBV30,TRBJ1-2,CAVFAPNDYKLSF,Donor AJD3280:PB TCRab CD4 Naive/TCM,1.000000,-,-,-,-,-,-,-,-,-,-,-
1182,%TGDYG,4.2e-02,1,2,2.0e-06,1.0e+00,6.7e-02,1.0e+00,1.0e-03,2.9e-02,global-%TGDYG,CASrTGdYGYTF,CASRTGDYGYTF,TRBV28,TRBJ1-2,CATDEAGTALIF,Donor AJD3280:L TCRab CD4 TRM,1.000000,-,-,-,-,-,-,-,-,-,-,-

1183,S%DTDT,4.2e-02,1,2,2.1e-06,1.0e+00,7.1e-02,1.0e+00,1.0e-03,2.9e-02,global-S%DTDT,CATSRdTDTQYF,CATSRDTDTQYF,TRBV15,TRBJ2-3,CAVGVKEYGNKLVF,Donor AJKQ118:L TCRab CD4 TRM,1.000000,-,-,-,-,-,-,-,-,-,-,-
1183,S%DTDT,4.2e-02,1,2,2.1e-06,1.0e+00,7.1e-02,1.0e+00,1.0e-03,2.9e-02,global-S%DTDT,CASSLdTDTQYF,CASSLDTDTQYF,TRBV9,TRBJ2-3,CAASIMSGAQKLVF,Donor AJKQ118:PB TCRab CD4 FOXP3+ Treg,1.000000,-,-,-,-,-,-,-,-,-,-,-

1184,SLR%NTE,4.2e-02,2,2,1.9e-06,1.0e+00,6.5e-02,1.0e+00,1.0e-03,2.9e-02,global-SLR%NTE,CASSLrlNTEAFF,CASSLRLNTEAFF,TRBV12-4,TRBJ1-1,CAATGTASKLTF,Donor AJKQ118:PB TCRab CD4 Naive/TCM,1.000000,-,-,-,-,-,-,-,-,-,-,-
1184,SLR%NTE,4.2e-02,2,2,1.9e-06,1.0e+00,6.5e-02,1.0e+00,1.0e-03,2.9e-02,global-SLR%NTE,CASSLrvNTEAFF,CASSLRVNTEAFF,TRBV5-1,TRBJ1-1,CAVTPGYSSASKIIF,Donor AJG2309:LP TCRab CD4 Poised TCM,1.000000,-,-,-,-,-,-,-,-,-,-,-

1185,SPGQG%G,4.2e-02,2,2,1.9e-06,1.0e+00,6.5e-02,1.0e+00,1.0e-03,2.9e-02,global-SPGQG%G,CASSPGQGnGYTF,CASSPGQGNGYTF,TRBV7-2,TRBJ1-2,CAATDSGTYKYIF,Donor AJKQ118:PB TCRab CD4 Naive/TCM,1.000000,-,-,-,-,-,-,-,-,-,-,-
1185,SPGQG%G,4.2e-02,2,2,1.9e-06,1.0e+00,6.5e-02,1.0e+00,1.0e-03,2.9e-02,global-SPGQG%G,CASSPGQGYGYTF,CASSPGQGYGYTF,TRBV3-1,TRBJ1-2,CAENIRGGGGNKLTF,Donor AJD3280:PB TCRab CD4 Naive/TCM,1.000000,-,-,-,-,-,-,-,-,-,-,-

1186,%TSGSTDT,4.2e-02,2,2,1.8e-06,1.0e+00,6.1e-02,1.0e+00,1.0e-03,2.9e-02,global-%TSGSTDT,CSARTSGSTDTQYF,CSARTSGSTDTQYF,TRBV29-1,TRBJ2-3,CATVTGGGNKLTF,Donor AJD3280:PB TCRab CD4 Naive/TCM,1.000000,-,-,-,-,-,-,-,-,-,-,-
1186,%TSGSTDT,4.2e-02,2,2,1.8e-06,1.0e+00,6.1e-02,1.0e+00,1.0e-03,2.9e-02,global-%TSGSTDT,CSVkTSGSTDTQYF,CSVKTSGSTDTQYF,TRBV20-1,TRBJ2-3,CAVGKGGGNKLTF,Donor AJG2309:LP TCRab CD4 Poised TCM,1.000000,-,-,-,-,-,-,-,-,-,-,-

1187,S%GTAGNT,4.2e-02,2,2,2.3e-07,1.0e+00,8.0e-03,1.0e+00,1.0e-03,2.9e-02,global-S%GTAGNT,CASSPGTaGNTIYF,CASSPGTAGNTIYF,TRBV7-8,TRBJ1-3,CALIGSNYKLTF,Donor AJD3280:L TCRab CD4 TRM,1.000000,-,-,-,-,-,-,-,-,-,-,-
1187,S%GTAGNT,4.2e-02,2,2,2.3e-07,1.0e+00,8.0e-03,1.0e+00,1.0e-03,2.9e-02,global-S%GTAGNT,CASSPGTaGNTIYF,CASSPGTAGNTIYF,TRBV18,TRBJ1-3,CLVARTGTASKLTF,Donor AJG2309:PB TCRab CD4 Naive/TCM,1.000000,-,-,-,-,-,-,-,-,-,-,-
1187,S%GTAGNT,4.2e-02,2,2,2.3e-07,1.0e+00,8.0e-03,1.0e+00,1.0e-03,2.9e-02,global-S%GTAGNT,CASSSGTaGNTIYF,CASSSGTAGNTIYF,TRBV7-8,TRBJ1-3,CAVASGTYKYIF,Donor AJD3280:L TCRab CD4 TRM,1.000000,-,-,-,-,-,-,-,-,-,-,-
1187,S%GTAGNT,4.2e-02,2,2,2.3e-07,1.0e+00,8.0e-03,1.0e+00,1.0e-03,2.9e-02,global-S%GTAGNT,CASSSGTaGNTIYF,CASSSGTAGNTIYF,TRBV7-8,TRBJ1-3,CAVASGTYKYIF,Donor AJD3280:LP TCRab CD4 TRM,1.000000,-,-,-,-,-,-,-,-,-,-,-

1188,S%GQTNTE,4.2e-02,1,2,3.1e-06,1.0e+00,1.1e-01,1.0e+00,1.0e-03,2.9e-02,global-S%GQTNTE,CASSQGQtNTEAFF,CASSQGQTNTEAFF,TRBV19,TRBJ1-1,CVPRWKGAAGNKLTF,Donor AJD3280:L TCRab CD4 TCM,1.000000,-,-,-,-,-,-,-,-,-,-,-
1188,S%GQTNTE,4.2e-02,1,2,3.1e-06,1.0e+00,1.1e-01,1.0e+00,1.0e-03,2.9e-02,global-S%GQTNTE,CAWSRGqtNTEAFF,CAWSRGQTNTEAFF,TRBV30,TRBJ1-1,CAVRDGNNRLAF,Donor AJD3280:IEL TCRab CD4 TRM,1.000000,-,-,-,-,-,-,-,-,-,-,-
1188,S%GQTNTE,4.2e-02,1,2,3.1e-06,1.0e+00,1.1e-01,1.0e+00,1.0e-03,2.9e-02,global-S%GQTNTE,CAWSRGqtNTEAFF,CAWSRGQTNTEAFF,TRBV30,TRBJ1-1,CAVMDSSYKLIF,Donor AJD3280:LP TCRab CD4 TRM,1.000000,-,-,-,-,-,-,-,-,-,-,-

1189,SPG%SGNT,4.2e-02,2,2,2.0e-06,1.0e+00,6.8e-02,1.0e+00,1.0e-03,2.9e-02,global-SPG%SGNT,CASSPghSGNTIYF,CASSPGHSGNTIYF,TRBV6-2,TRBJ1-3,CIVRVNYGGSQGNLIF,Donor AJKQ118:IEL TCRab CD4 TRM,1.000000,-,-,-,-,-,-,-,-,-,-,-
1189,SPG%SGNT,4.2e-02,2,2,2.0e-06,1.0e+00,6.8e-02,1.0e+00,1.0e-03,2.9e-02,global-SPG%SGNT,CASSPGGSGNTIYF,CASSPGGSGNTIYF,TRBV6-5,TRBJ1-3,CAMRALPGGYNKLIF,Donor AJD3280:PB TCRab CD4 Naive/TCM,1.000000,-,-,-,-,-,-,-,-,-,-,-

1190,SLGQG%DT,4.2e-02,1,2,2.9e-08,1.0e+00,1.0e-03,1.0e+00,1.0e-03,2.9e-02,global-SLGQG%DT,CASSLGQGTDTQYF,CASSLGQGTDTQYF,TRBV5-1,TRBJ2-3,CAVSDISGYSTLTF,Donor AJG2309:IEL TCRab CD4 TRM,1.000000,-,-,-,-,-,-,-,-,-,-,-
1190,SLGQG%DT,4.2e-02,1,2,2.9e-08,1.0e+00,1.0e-03,1.0e+00,1.0e-03,2.9e-02,global-SLGQG%DT,CASSLGQGldTIYF,CASSLGQGLDTIYF,TRBV5-1,TRBJ1-3,CAVSDLSGGSNYKLTF,Donor AJG2309:LP TCRab CD4 TRM,1.000000,-,-,-,-,-,-,-,-,-,-,-

1191,S%PGQGTDT,4.2e-02,1,2,5.9e-07,1.0e+00,1.2e-01,1.7e-01,1.0e-03,2.9e-02,global-S%PGQGTDT,CASSnpGQGTDTQYF,CASSNPGQGTDTQYF,TRBV19,TRBJ2-3,CIVRVVETSGSRLTF,Donor AJD3280:IEL TCRab CD4 TRM,1.000000,-,-,-,-,-,-,-,-,-,-,-
1191,S%PGQGTDT,4.2e-02,1,2,5.9e-07,1.0e+00,1.2e-01,1.7e-01,1.0e-03,2.9e-02,global-S%PGQGTDT,CASSnpGQGTDTQYF,CASSNPGQGTDTQYF,TRBV19,TRBJ2-3,CIVRVVETSGSRLTF,Donor AJD3280:LP TCRab CD4 TRM,2.000000,-,-,-,-,-,-,-,-,-,-,-
1191,S%PGQGTDT,4.2e-02,1,2,5.9e-07,1.0e+00,1.2e-01,1.7e-01,1.0e-03,2.9e-02,global-S%PGQGTDT,CASSPpGQGTDTQYF,CASSPPGQGTDTQYF,TRBV5-6,TRBJ2-3,CAAPSGGSYIPTF,Donor AJD3280:LP TCRab CD4 TRM,1.000000,-,-,-,-,-,-,-,-,-,-,-

1192,S%RLAGGTDT,4.2e-02,2,2,1.9e-06,1.0e+00,6.6e-02,1.0e+00,1.0e-03,2.9e-02,global-S%RLAGGTDT,CASSSrLAGGTDTQYF,CASSSRLAGGTDTQYF,TRBV11-2,TRBJ2-3,CIVRVAHNNDMRF,Donor AJD3280:PB TCRab CD4 Naive/TCM,1.000000,-,-,-,-,-,-,-,-,-,-,-
1192,S%RLAGGTDT,4.2e-02,2,2,1.9e-06,1.0e+00,6.6e-02,1.0e+00,1.0e-03,2.9e-02,global-S%RLAGGTDT,CASSfrLAGGTDTQYF,CASSFRLAGGTDTQYF,TRBV7-2,TRBJ2-3,CAMREPRSGGGADGLTF,Donor AJG2309:LP TCRab CD4 FOXP3+ Treg,1.000000,-,-,-,-,-,-,-,-,-,-,-

1193,S%STDT,4.4e-02,3,4,2.4e-07,1.0e+00,1.0e-01,1.0e+00,1.0e-03,2.3e-03,global-S%STDT,CASStSTDTQYF,CASSTSTDTQYF,TRBV18,TRBJ2-3,CAVQPSSGGYQKVTF,Donor AJKQ118:LP TCRab CD4 TRM,1.000000,-,-,-,-,-,-,-,-,-,-,-
1193,S%STDT,4.4e-02,3,4,2.4e-07,1.0e+00,1.0e-01,1.0e+00,1.0e-03,2.3e-03,global-S%STDT,CASSRSTDTQYF,CASSRSTDTQYF,TRBV28,TRBJ2-3,CATDPRTDKLIF,Donor AJKQ118:PB TCRab CD4 FOXP3+ Treg,1.000000,-,-,-,-,-,-,-,-,-,-,-
1193,S%STDT,4.4e-02,3,4,2.4e-07,1.0e+00,1.0e-01,1.0e+00,1.0e-03,2.3e-03,global-S%STDT,CASSPSTDTQYF,CASSPSTDTQYF,TRBV5-1,TRBJ2-3,CAPILYNTDKLIF,Donor AJD3280:PB TCRab CD4 Naive/TCM,1.000000,-,-,-,-,-,-,-,-,-,-,-
1193,S%STDT,4.4e-02,3,4,2.4e-07,1.0e+00,1.0e-01,1.0e+00,1.0e-03,2.3e-03,global-S%STDT,CASSSSTDTQYF,CASSSSTDTQYF,TRBV7-3,TRBJ2-3,CALCSYAGNNRKLIW,Donor AJD3280:LP TCRab CD4 Poised TCM,1.000000,-,-,-,-,-,-,-,-,-,-,-
1193,S%STDT,4.4e-02,3,4,2.4e-07,1.0e+00,1.0e-01,1.0e+00,1.0e-03,2.3e-03,global-S%STDT,CASSSSTDTQYF,CASSSSTDTQYF,TRBV7-3,TRBJ2-3,CAGSGTYKYIF,Donor AJG2309:PB TCRab CD4 Naive/TCM,1.000000,-,-,-,-,-,-,-,-,-,-,-

1194,%GGSTDT,4.5e-02,3,3,5.0e-08,1.0e+00,8.0e-03,1.0e+00,1.0e-03,6.2e-03,global-%GGSTDT,CASSGGSTDTQYF,CASSGGSTDTQYF,TRBV12-3,TRBJ2-3,CALSEGGTDKLIF,Donor AJKQ118:IEL TCRab CD4 TRM,1.000000,-,-,-,-,-,-,-,-,-,-,-
1194,%GGSTDT,4.5e-02,3,3,5.0e-08,1.0e+00,8.0e-03,1.0e+00,1.0e-03,6.2e-03,global-%GGSTDT,CSARGGSTDTQYF,CSARGGSTDTQYF,TRBV20-1,TRBJ2-3,CAFMKAGANSKLTF,Donor AJG2309:LP TCRab CD4 Mobile TRM,1.000000,-,-,-,-,-,-,-,-,-,-,-
1194,%GGSTDT,4.5e-02,3,3,5.0e-08,1.0e+00,8.0e-03,1.0e+00,1.0e-03,6.2e-03,global-%GGSTDT,CStdGGSTDTQYF,CSTDGGSTDTQYF,TRBV20-1,TRBJ2-3,CAYKETSGSRLTF,Donor AJD3280:PB TCRab CD4 Naive/TCM,1.000000,-,-,-,-,-,-,-,-,-,-,-

1195,SS%GET,4.6e-02,2,2,1.5e-06,1.0e+00,5.2e-02,1.0e+00,1.0e-03,2.9e-02,global-SS%GET,CASSSGGETQYF,CASSSGGETQYF,TRBV28,TRBJ2-5,CAASKRNNLFF,Donor AJKQ118:L TCRab CD4 TRM,1.000000,-,-,-,-,-,-,-,-,-,-,-
1195,SS%GET,4.6e-02,2,2,1.5e-06,1.0e+00,5.2e-02,1.0e+00,1.0e-03,2.9e-02,global-SS%GET,CASSSQGETQYF,CASSSQGETQYF,TRBV12-3,TRBJ2-5,CAVSGASNDYKLSF,Donor AJG2309:L TCRab CD4 Naive/TCM,1.000000,-,-,-,-,-,-,-,-,-,-,-

1196,S%TGGYG,4.6e-02,2,2,1.8e-06,1.0e+00,6.3e-02,1.0e+00,1.0e-03,2.9e-02,global-S%TGGYG,CASSITGGYGYTF,CASSITGGYGYTF,TRBV7-2,TRBJ1-2,CAGQLQTSGSRLTF,Donor AJD3280:LP TCRab CD4 Mobile TRM,1.000000,-,-,-,-,-,-,-,-,-,-,-
1196,S%TGGYG,4.6e-02,2,2,1.8e-06,1.0e+00,6.3e-02,1.0e+00,1.0e-03,2.9e-02,global-S%TGGYG,CASSfTGGYGYTF,CASSFTGGYGYTF,TRBV7-9,TRBJ1-2,CAASAYSGTYKYIF,Donor AJKQ118:PB TCRab CD4 Naive/TCM,1.000000,-,-,-,-,-,-,-,-,-,-,-

1197,SS%RNTE,4.6e-02,1,2,1.6e-06,1.0e+00,5.6e-02,1.0e+00,1.0e-03,2.9e-02,global-SS%RNTE,CASSSDRNTEAFF,CASSSDRNTEAFF,TRBV11-3,TRBJ1-1,CAEYSSGSARQLTF,Donor AJG2309:PB TCRab CD4 Naive/TCM,1.000000,-,-,-,-,-,-,-,-,-,-,-
1197,SS%RNTE,4.6e-02,1,2,1.6e-06,1.0e+00,5.6e-02,1.0e+00,1.0e-03,2.9e-02,global-SS%RNTE,CASSSrrNTEAFF,CASSSRRNTEAFF,TRBV7-3,TRBJ1-1,CAVTGTASKLTF,Donor AJG2309:L TCRab CD4 TCM,1.000000,-,-,-,-,-,-,-,-,-,-,-

1198,S%RQNTE,4.6e-02,1,2,2.1e-06,1.0e+00,7.1e-02,1.0e+00,1.0e-03,2.9e-02,global-S%RQNTE,CAWSkrqNTEAFF,CAWSKRQNTEAFF,TRBV30,TRBJ1-1,CALTKNSGGSNYKLTF,Donor AJD3280:L TCRab CD4 TRM,1.000000,-,-,-,-,-,-,-,-,-,-,-
1198,S%RQNTE,4.6e-02,1,2,2.1e-06,1.0e+00,7.1e-02,1.0e+00,1.0e-03,2.9e-02,global-S%RQNTE,CASSfrqNTEAFF,CASSFRQNTEAFF,TRBV7-2,TRBJ1-1,CAVSVAGGTSYGKLTF,Donor AJD3280:PB TCRab CD4 Naive/TCM,1.000000,-,-,-,-,-,-,-,-,-,-,-

1199,S%DRE,4.6e-02,1,2,2.0e-07,1.0e+00,6.5e-02,1.1e-01,1.0e-03,2.9e-02,global-S%DRE,CASSLDREAFF,CASSLDREAFF,TRBV11-3,TRBJ1-1,CAEMNSGYSTLTF,Donor AJD3280:LP TCRab CD4 Tph,1.000000,-,-,-,-,-,-,-,-,-,-,-
1199,S%DRE,4.6e-02,1,2,2.0e-07,1.0e+00,6.5e-02,1.1e-01,1.0e-03,2.9e-02,global-S%DRE,CASSRDREAFF,CASSRDREAFF,TRBV7-2,TRBJ1-1,CAYRSAYSGNTPLVF,Donor AJD3280:LP TCRab CD4 Mobile TRM,2.000000,-,-,-,-,-,-,-,-,-,-,-

1200,S%DSSYE,4.6e-02,1,2,2.4e-06,1.0e+00,8.1e-02,1.0e+00,1.0e-03,2.9e-02,global-S%DSSYE,CASSRdsSYEQYF,CASSRDSSYEQYF,TRBV7-9,TRBJ2-7,CALSTGAGGTSYGKLTF,Donor AJKQ118:PB TCRab CD4 Naive/TCM,1.000000,-,-,-,-,-,-,-,-,-,-,-
1200,S%DSSYE,4.6e-02,1,2,2.4e-06,1.0e+00,8.1e-02,1.0e+00,1.0e-03,2.9e-02,global-S%DSSYE,CASSadsSYEQYF,CASSADSSYEQYF,TRBV4-1,TRBJ2-7,CAVSLGNFGNEKLTF,Donor AJKQ118:PB TCRab CD4 Naive/TCM,1.000000,-,-,-,-,-,-,-,-,-,-,-

1201,R%TVNTE,4.6e-02,2,2,2.9e-08,1.0e+00,1.0e-03,1.0e+00,1.0e-03,2.9e-02,global-R%TVNTE,CAIrrtvNTEAFF,CAIRRTVNTEAFF,TRBV10-3,TRBJ1-1,CAGAPSNFGNEKLTF,Donor AJG2309:PB TCRab CD4 TCM,1.000000,-,-,-,-,-,-,-,-,-,-,-
1201,R%TVNTE,4.6e-02,2,2,2.9e-08,1.0e+00,1.0e-03,1.0e+00,1.0e-03,2.9e-02,global-R%TVNTE,CAIrptvNTEAFF,CAIRPTVNTEAFF,TRBV10-3,TRBJ1-1,CIVRASTGTASKLTF,Donor AJKQ118:PB TCRab CD4 Naive/TCM,1.000000,-,-,-,-,-,-,-,-,-,-,-

1202,S%GGTGE,4.6e-02,2,2,5.6e-06,1.0e+00,1.9e-01,1.0e+00,1.0e-03,2.9e-02,global-S%GGTGE,CASSVGGTGELFF,CASSVGGTGELFF,TRBV9,TRBJ2-2,CAGEGLLTGGGNKLTF,Donor AJG2309:L TCRab CD4 TRM,1.000000,-,-,-,-,-,-,-,-,-,-,-
1202,S%GGTGE,4.6e-02,2,2,5.6e-06,1.0e+00,1.9e-01,1.0e+00,1.0e-03,2.9e-02,global-S%GGTGE,CASSLGGTGELFF,CASSLGGTGELFF,TRBV5-5,TRBJ2-2,CALGAGSARQLTF,Donor AJD3280:L TCRab CD4 TRM,1.000000,-,-,-,-,-,-,-,-,-,-,-
1202,S%GGTGE,4.6e-02,2,2,5.6e-06,1.0e+00,1.9e-01,1.0e+00,1.0e-03,2.9e-02,global-S%GGTGE,CASSLGGTGELFF,CASSLGGTGELFF,TRBV3-1,TRBJ2-2,CAVRGGSSASKIIF,Donor AJG2309:LP TCRab CD4 FOXP3+ Treg,1.000000,-,-,-,-,-,-,-,-,-,-,-

1203,SLQ%NTE,4.6e-02,2,2,1.4e-06,1.0e+00,4.9e-02,1.0e+00,1.0e-03,2.9e-02,global-SLQ%NTE,CASSLqlNTEAFF,CASSLQLNTEAFF,TRBV7-9,TRBJ1-1,CAAHSGGSNYKLTF,Donor AJKQ118:LP TCRab CD4 TRM,1.000000,-,-,-,-,-,-,-,-,-,-,-
1203,SLQ%NTE,4.6e-02,2,2,1.4e-06,1.0e+00,4.9e-02,1.0e+00,1.0e-03,2.9e-02,global-SLQ%NTE,CASSLqtNTEAFF,CASSLQTNTEAFF,TRBV7-8,TRBJ1-1,CAMSGISLDTGRRALTF,Donor AJD3280:LP TCRab CD4 TRM,1.000000,-,-,-,-,-,-,-,-,-,-,-

1204,SLG%AYE,4.6e-02,2,2,4.7e-08,1.0e+00,9.0e-03,1.8e-01,1.0e-03,2.9e-02,global-SLG%AYE,CASSLGQaYEQYF,CASSLGQAYEQYF,TRBV7-8,TRBJ2-7,CINPLAGGTSYGKLTF,Donor AJG2309:L TCRab CD4 TRM,1.000000,-,-,-,-,-,-,-,-,-,-,-
1204,SLG%AYE,4.6e-02,2,2,4.7e-08,1.0e+00,9.0e-03,1.8e-01,1.0e-03,2.9e-02,global-SLG%AYE,CASSLGQaYEQYF,CASSLGQAYEQYF,TRBV7-8,TRBJ2-7,CINPLAGGTSYGKLTF,Donor AJG2309:LP TCRab CD4 TRM,2.000000,-,-,-,-,-,-,-,-,-,-,-
1204,SLG%AYE,4.6e-02,2,2,4.7e-08,1.0e+00,9.0e-03,1.8e-01,1.0e-03,2.9e-02,global-SLG%AYE,CASSLGGaYEQYF,CASSLGGAYEQYF,TRBV5-1,TRBJ2-7,CAASMGAQKLVF,Donor AJKQ118:PB TCRab CD4 Naive/TCM,1.000000,-,-,-,-,-,-,-,-,-,-,-

1205,SL%TGGTE,4.6e-02,2,2,1.7e-07,1.0e+00,5.2e-02,1.1e-01,1.0e-03,2.9e-02,global-SL%TGGTE,CASSLrTGGTEAFF,CASSLRTGGTEAFF,TRBV12-3,TRBJ1-1,CAANFPGNQFYF,Donor AJD3280:LP TCRab CD4 Poised TCM,1.000000,-,-,-,-,-,-,-,-,-,-,-
1205,SL%TGGTE,4.6e-02,2,2,1.7e-07,1.0e+00,5.2e-02,1.1e-01,1.0e-03,2.9e-02,global-SL%TGGTE,CASSLGTGGTEAFF,CASSLGTGGTEAFF,TRBV7-2,TRBJ1-1,CAAPFSGGYNKLIF,Donor AJKQ118:L TCRab CD4 TRM,2.000000,-,-,-,-,-,-,-,-,-,-,-

1206,SSTG%NTE,4.6e-02,1,2,1.9e-06,1.0e+00,6.6e-02,1.0e+00,1.0e-03,2.9e-02,global-SSTG%NTE,CASSSTGGNTEAFF,CASSSTGGNTEAFF,TRBV5-1,TRBJ1-1,CAATFLGNAGNMLTF,Donor AJKQ118:LP TCRab CD4 Poised TCM,1.000000,-,-,-,-,-,-,-,-,-,-,-
1206,SSTG%NTE,4.6e-02,1,2,1.9e-06,1.0e+00,6.6e-02,1.0e+00,1.0e-03,2.9e-02,global-SSTG%NTE,CASSSTGpNTEAFF,CASSSTGPNTEAFF,TRBV12-4,TRBJ1-1,CAASARTSYDKVIF,Donor AJKQ118:LP TCRab CD4 TRM,1.000000,-,-,-,-,-,-,-,-,-,-,-

1207,SL%GQGSYE,4.6e-02,1,2,2.1e-07,1.0e+00,6.5e-02,1.1e-01,1.0e-03,2.9e-02,global-SL%GQGSYE,CASSLqGQGSYEQYF,CASSLQGQGSYEQYF,TRBV18,TRBJ2-7,CALGYTGRRALTF,Donor AJG2309:LP TCRab CD4 FOXP3+ Treg,2.000000,-,-,-,-,-,-,-,-,-,-,-
1207,SL%GQGSYE,4.6e-02,1,2,2.1e-07,1.0e+00,6.5e-02,1.1e-01,1.0e-03,2.9e-02,global-SL%GQGSYE,CASSLgGQGSYEQYF,CASSLGGQGSYEQYF,TRBV5-6,TRBJ2-7,CIVRRLRGGADGLTF,Donor AJG2309:PB TCRab CD4 Naive/TCM,1.000000,-,-,-,-,-,-,-,-,-,-,-

1208,S%NSP,4.6e-02,2,2,2.9e-08,1.0e+00,1.0e-03,1.0e+00,1.0e-03,2.9e-02,global-S%NSP,CASSPNSPLHF,CASSPNSPLHF,TRBV7-8,TRBJ1-6,CAVGDDYKLSF,Donor AJG2309:PB TCRab CD4 Naive/TCM,1.000000,-,-,-,-,-,-,-,-,-,-,-
1208,S%NSP,4.6e-02,2,2,2.9e-08,1.0e+00,1.0e-03,1.0e+00,1.0e-03,2.9e-02,global-S%NSP,CASSSNSPLHF,CASSSNSPLHF,TRBV7-8,TRBJ1-6,CLVGDSGNTPLVF,Donor AJD3280:LP TCRab CD4 Poised TCM,1.000000,-,-,-,-,-,-,-,-,-,-,-

1209,SL%LGE,4.6e-02,1,2,2.9e-08,1.0e+00,1.0e-03,1.0e+00,1.0e-03,2.9e-02,global-SL%LGE,CASSLGLGELFF,CASSLGLGELFF,TRBV7-2,TRBJ2-2,CAVGPTTSGTYKYIF,Donor AJD3280:IEL TCRab CD4 TRM,1.000000,-,-,-,-,-,-,-,-,-,-,-
1209,SL%LGE,4.6e-02,1,2,2.9e-08,1.0e+00,1.0e-03,1.0e+00,1.0e-03,2.9e-02,global-SL%LGE,CASSLilgEQFF,CASSLILGEQFF,TRBV7-2,TRBJ2-1,CATVTTGNQFYF,Donor AJD3280:IEL TCRab CD4 Mobile TRM,1.000000,-,-,-,-,-,-,-,-,-,-,-

1210,SP%EET,4.6e-02,2,2,1.7e-06,1.0e+00,5.9e-02,1.0e+00,1.0e-03,2.9e-02,global-SP%EET,CASSPseETQYF,CASSPSEETQYF,TRBV7-9,TRBJ2-5,CAVLKRGDYKLSF,Donor AJKQ118:L TCRab CD4 TRM,1.000000,-,-,-,-,-,-,-,-,-,-,-
1210,SP%EET,4.6e-02,2,2,1.7e-06,1.0e+00,5.9e-02,1.0e+00,1.0e-03,2.9e-02,global-SP%EET,CASSPgeETQYF,CASSPGEETQYF,TRBV6-6,TRBJ2-5,CAVGRGSSNTGKLIF,Donor AJG2309:LP TCRab CD4 TRM,1.000000,-,-,-,-,-,-,-,-,-,-,-

1211,S%GVTDT,4.6e-02,2,2,1.7e-07,1.0e+00,6.0e-03,1.0e+00,1.0e-03,2.9e-02,global-S%GVTDT,CASSEgvTDTQYF,CASSEGVTDTQYF,TRBV9,TRBJ2-3,CAVWGTGRRALTF,Donor AJD3280:LP TCRab CD4 Tph,1.000000,-,-,-,-,-,-,-,-,-,-,-
1211,S%GVTDT,4.6e-02,2,2,1.7e-07,1.0e+00,6.0e-03,1.0e+00,1.0e-03,2.9e-02,global-S%GVTDT,CASSLgvTDTQYF,CASSLGVTDTQYF,TRBV28,TRBJ2-3,CAETLTTDSWGKLQF,Donor AJG2309:L TCRab CD4 TCM,1.000000,-,-,-,-,-,-,-,-,-,-,-
1211,S%GVTDT,4.6e-02,2,2,1.7e-07,1.0e+00,6.0e-03,1.0e+00,1.0e-03,2.9e-02,global-S%GVTDT,CASSLgvTDTQYF,CASSLGVTDTQYF,TRBV28,TRBJ2-3,CAETLTTDSWGKLQF,Donor AJG2309:LP TCRab CD4 TRM,1.000000,-,-,-,-,-,-,-,-,-,-,-

1212,SF%SNQP,4.6e-02,1,2,2.1e-06,1.0e+00,7.3e-02,1.0e+00,1.0e-03,2.9e-02,global-SF%SNQP,CASSfgSNQPQHF,CASSFGSNQPQHF,TRBV11-1,TRBJ1-5,CAVHTTTSGTYKYIF,Donor AJD3280:L TCRab CD4 TRM,1.000000,-,-,-,-,-,-,-,-,-,-,-
1212,SF%SNQP,4.6e-02,1,2,2.1e-06,1.0e+00,7.3e-02,1.0e+00,1.0e-03,2.9e-02,global-SF%SNQP,CASSfdSNQPQHF,CASSFDSNQPQHF,TRBV12-4,TRBJ1-5,CAFMKSLIQGAQKLVF,Donor AJD3280:LP TCRab CD4 TRM,1.000000,-,-,-,-,-,-,-,-,-,-,-

1213,S%EGYG,4.6e-02,1,2,1.7e-06,1.0e+00,6.0e-02,1.0e+00,1.0e-03,2.9e-02,global-S%EGYG,CASSYegYGYTF,CASSYEGYGYTF,TRBV6-5,TRBJ1-2,CAGETYSGAGSYQLTF,Donor AJKQ118:PB TCRab CD4 FOXP3+ Treg,1.000000,-,-,-,-,-,-,-,-,-,-,-
1213,S%EGYG,4.6e-02,1,2,1.7e-06,1.0e+00,6.0e-02,1.0e+00,1.0e-03,2.9e-02,global-S%EGYG,CAIStegYGYTF,CAISTEGYGYTF,TRBV10-3,TRBJ1-2,CAGPTNDYKLSF,Donor AJKQ118:LP TCRab CD4 Poised TCM,1.000000,-,-,-,-,-,-,-,-,-,-,-

1214,S%GRAYE,4.6e-02,2,2,1.8e-06,1.0e+00,6.3e-02,1.0e+00,1.0e-03,2.9e-02,global-S%GRAYE,CASSaGRaYEQYF,CASSAGRAYEQYF,TRBV5-6,TRBJ2-7,CAVRNNAGGTSYGKLTF,Donor AJD3280:PB TCRab CD4 FOXP3+ Treg,1.000000,-,-,-,-,-,-,-,-,-,-,-
1214,S%GRAYE,4.6e-02,2,2,1.8e-06,1.0e+00,6.3e-02,1.0e+00,1.0e-03,2.9e-02,global-S%GRAYE,CASSYGRaYEQYF,CASSYGRAYEQYF,TRBV7-3,TRBJ2-7,CAVRISSTDKLIF,Donor AJKQ118:PB TCRab CD4 Naive/TCM,1.000000,-,-,-,-,-,-,-,-,-,-,-

1215,SE%SNQP,4.6e-02,1,2,1.7e-06,1.0e+00,5.8e-02,1.0e+00,1.0e-03,2.9e-02,global-SE%SNQP,CASSEnSNQPQHF,CASSENSNQPQHF,TRBV6-1,TRBJ1-5,CAVNTGDYKLSF,Donor AJD3280:L TCRab CD4 Naive/TCM,1.000000,-,-,-,-,-,-,-,-,-,-,-
1215,SE%SNQP,4.6e-02,1,2,1.7e-06,1.0e+00,5.8e-02,1.0e+00,1.0e-03,2.9e-02,global-SE%SNQP,CASSEvSNQPQHF,CASSEVSNQPQHF,TRBV2,TRBJ1-5,CATFTNAGKSTF,Donor AJD3280:PB TCRab CD4 Naive/TCM,1.000000,-,-,-,-,-,-,-,-,-,-,-

1216,S%GQSTDT,4.6e-02,1,2,1.9e-06,1.0e+00,6.4e-02,1.0e+00,1.0e-03,2.9e-02,global-S%GQSTDT,CASSLGQSTDTQYF,CASSLGQSTDTQYF,TRBV12-4,TRBJ2-3,CAVSEGFQKLVF,Donor AJG2309:L TCRab CD4 Naive/TCM,1.000000,-,-,-,-,-,-,-,-,-,-,-
1216,S%GQSTDT,4.6e-02,1,2,1.9e-06,1.0e+00,6.4e-02,1.0e+00,1.0e-03,2.9e-02,global-S%GQSTDT,CASSfGQSTDTQYF,CASSFGQSTDTQYF,TRBV5-1,TRBJ2-3,CALDRGSTLGRLYF,Donor AJG2309:PB TCRab CD4 Naive/TCM,1.000000,-,-,-,-,-,-,-,-,-,-,-

1217,SL%AGNTE,4.6e-02,1,2,1.8e-06,1.0e+00,6.3e-02,1.0e+00,1.0e-03,2.9e-02,global-SL%AGNTE,CASSLgAGNTEAFF,CASSLGAGNTEAFF,TRBV11-2,TRBJ1-1,CAPFSGGYNKLIF,Donor AJKQ118:L TCRab CD4 TCM,1.000000,-,-,-,-,-,-,-,-,-,-,-
1217,SL%AGNTE,4.6e-02,1,2,1.8e-06,1.0e+00,6.3e-02,1.0e+00,1.0e-03,2.9e-02,global-SL%AGNTE,CASSLqAGNTEAFF,CASSLQAGNTEAFF,TRBV7-8,TRBJ1-1,CAVSDSGTYKYIF,Donor AJKQ118:PB TCRab CD4 FOXP3+ Treg,1.000000,-,-,-,-,-,-,-,-,-,-,-

1218,SLG%VNTE,4.6e-02,1,2,2.2e-06,1.0e+00,7.4e-02,1.0e+00,1.0e-03,2.9e-02,global-SLG%VNTE,CASSLGTvNTEAFF,CASSLGTVNTEAFF,TRBV11-2,TRBJ1-1,CAVSQRGGATNKLIF,Donor AJKQ118:PB TCRab CD4 Naive/TCM,1.000000,-,-,-,-,-,-,-,-,-,-,-
1218,SLG%VNTE,4.6e-02,1,2,2.2e-06,1.0e+00,7.4e-02,1.0e+00,1.0e-03,2.9e-02,global-SLG%VNTE,CASSLgavNTEAFF,CASSLGAVNTEAFF,TRBV7-9,TRBJ1-1,CILRRVQGAQKLVF,Donor AJKQ118:PB TCRab CD4 Naive/TCM,1.000000,-,-,-,-,-,-,-,-,-,-,-

1219,SPG%LNTE,4.6e-02,2,2,2.1e-06,1.0e+00,7.2e-02,1.0e+00,1.0e-03,2.9e-02,global-SPG%LNTE,CASSPGLlNTEAFF,CASSPGLLNTEAFF,TRBV5-1,TRBJ1-1,CVVKRDNYGQNFVF,Donor AJKQ118:L TCRab CD4 TRM,1.000000,-,-,-,-,-,-,-,-,-,-,-
1219,SPG%LNTE,4.6e-02,2,2,2.1e-06,1.0e+00,7.2e-02,1.0e+00,1.0e-03,2.9e-02,global-SPG%LNTE,CASSPgslNTEAFF,CASSPGSLNTEAFF,TRBV28,TRBJ1-1,CATDDIQGAQKLVF,Donor AJG2309:PB TCRab CD4 Naive/TCM,1.000000,-,-,-,-,-,-,-,-,-,-,-

1220,SPGTG%YG,4.6e-02,1,2,1.7e-06,1.0e+00,6.0e-02,1.0e+00,1.0e-03,2.9e-02,global-SPGTG%YG,CASSPGTGNYGYTF,CASSPGTGNYGYTF,TRBV2,TRBJ1-2,CAGGIQGAQKLVF,Donor AJD3280:LP TCRab CD4 Poised TCM,1.000000,-,-,-,-,-,-,-,-,-,-,-
1220,SPGTG%YG,4.6e-02,1,2,1.7e-06,1.0e+00,6.0e-02,1.0e+00,1.0e-03,2.9e-02,global-SPGTG%YG,CSASpGTGdYGYTF,CSASPGTGDYGYTF,TRBV20-1,TRBJ1-2,CAMSDASGTYKYIF,Donor AJD3280:PB TCRab CD4 Naive/TCM,1.000000,-,-,-,-,-,-,-,-,-,-,-

1221,S%GLAGGQET,4.6e-02,2,2,2.0e-06,1.0e+00,6.8e-02,1.0e+00,1.0e-03,2.9e-02,global-S%GLAGGQET,CASSQGLAGGQETQYF,CASSQGLAGGQETQYF,TRBV7-2,TRBJ2-5,CAASRSGAQKLVF,Donor AJD3280:IEL TCRab CD4 TRM,1.000000,-,-,-,-,-,-,-,-,-,-,-
1221,S%GLAGGQET,4.6e-02,2,2,2.0e-06,1.0e+00,6.8e-02,1.0e+00,1.0e-03,2.9e-02,global-S%GLAGGQET,CASSKGLAGGQETQYF,CASSKGLAGGQETQYF,TRBV2,TRBJ2-5,CALTGGNYGQNFVF,Donor AJG2309:LP TCRab CD4 TRM,1.000000,-,-,-,-,-,-,-,-,-,-,-

1222,S%GGNTE,4.7e-02,2,3,1.7e-07,1.0e+00,2.7e-02,1.0e+00,1.0e-03,6.2e-03,global-S%GGNTE,CASSQGGNTEAFF,CASSQGGNTEAFF,TRBV3-1,TRBJ1-1,CAMRALLSGGYQKVTF,Donor AJKQ118:LP TCRab CD4 Naive/TCM,1.000000,-,-,-,-,-,-,-,-,-,-,-
1222,S%GGNTE,4.7e-02,2,3,1.7e-07,1.0e+00,2.7e-02,1.0e+00,1.0e-03,6.2e-03,global-S%GGNTE,CASSwGGNTEAFF,CASSWGGNTEAFF,TRBV5-1,TRBJ1-1,CLHYGGATNKLIF,Donor AJKQ118:PB TCRab CD4 FOXP3+ Treg,1.000000,-,-,-,-,-,-,-,-,-,-,-
1222,S%GGNTE,4.7e-02,2,3,1.7e-07,1.0e+00,2.7e-02,1.0e+00,1.0e-03,6.2e-03,global-S%GGNTE,CASSRGGNTEAFF,CASSRGGNTEAFF,TRBV9,TRBJ1-1,CALSGGSNYKLTF,Donor AJD3280:IEL TCRab CD4 TRM,1.000000,-,-,-,-,-,-,-,-,-,-,-
1222,S%GGNTE,4.7e-02,2,3,1.7e-07,1.0e+00,2.7e-02,1.0e+00,1.0e-03,6.2e-03,global-S%GGNTE,CASSRGGNTEAFF,CASSRGGNTEAFF,TRBV9,TRBJ1-1,CALSGGSNYKLTF,Donor AJD3280:LP TCRab CD4 TRM,1.000000,-,-,-,-,-,-,-,-,-,-,-

1223,S%SGANV,4.7e-02,2,3,9.8e-07,1.0e+00,1.6e-01,1.0e+00,1.0e-03,6.2e-03,global-S%SGANV,CASSfSGANVLTF,CASSFSGANVLTF,TRBV27,TRBJ2-6,CAAATRAGKSTF,Donor AJG2309:LP TCRab CD4 TRM,1.000000,-,-,-,-,-,-,-,-,-,-,-
1223,S%SGANV,4.7e-02,2,3,9.8e-07,1.0e+00,1.6e-01,1.0e+00,1.0e-03,6.2e-03,global-S%SGANV,CASSRSGANVLTF,CASSRSGANVLTF,TRBV6-2,TRBJ2-6,CIDRTNAGKSTF,Donor AJKQ118:PB TCRab CD4 Naive/TCM,1.000000,-,-,-,-,-,-,-,-,-,-,-
1223,S%SGANV,4.7e-02,2,3,9.8e-07,1.0e+00,1.6e-01,1.0e+00,1.0e-03,6.2e-03,global-S%SGANV,CASSPSGANVLTF,CASSPSGANVLTF,TRBV5-4,TRBJ2-6,CAVIGNTGGFKTIF,Donor AJG2309:LP TCRab CD4 TRM,1.000000,-,-,-,-,-,-,-,-,-,-,-

1224,R%QET,4.9e-02,1,3,1.1e-09,1.0e+00,8.0e-03,2.3e-02,1.0e-03,6.2e-03,global-R%QET,CSfrkQETQYF,CSFRKQETQYF,TRBV20-1,TRBJ2-5,CAANSGGGADGLTF,Donor AJD3280:LP TCRab CD4 Mobile TRM,5.000000,-,-,-,-,-,-,-,-,-,-,-
1224,R%QET,4.9e-02,1,3,1.1e-09,1.0e+00,8.0e-03,2.3e-02,1.0e-03,6.2e-03,global-R%QET,CSARhQETQYF,CSARHQETQYF,TRBV20-1,TRBJ2-5,CAANSGGGADGLTF,Donor AJD3280:LP TCRab CD4 Mobile TRM,1.000000,-,-,-,-,-,-,-,-,-,-,-
1224,R%QET,4.9e-02,1,3,1.1e-09,1.0e+00,8.0e-03,2.3e-02,1.0e-03,6.2e-03,global-R%QET,CASrlQETQYF,CASRLQETQYF,TRBV28,TRBJ2-5,CAESLNSGYSTLTF,Donor AJD3280:PB TCRab CD4 Naive/TCM,1.000000,-,-,-,-,-,-,-,-,-,-,-

1225,%SGNTE,5.0e-02,1,2,2.2e-06,1.0e+00,7.7e-02,1.0e+00,1.0e-03,2.9e-02,global-%SGNTE,CSVgSGNTEAFF,CSVGSGNTEAFF,TRBV29-1,TRBJ1-1,CAANLNNDMRF,Donor AJKQ118:PB TCRab CD4 FOXP3+ Treg,1.000000,-,-,-,-,-,-,-,-,-,-,-
1225,%SGNTE,5.0e-02,1,2,2.2e-06,1.0e+00,7.7e-02,1.0e+00,1.0e-03,2.9e-02,global-%SGNTE,CASSSgNTEAFF,CASSSGNTEAFF,TRBV12-4,TRBJ1-1,CAASIGNYKLSF,Donor AJKQ118:PB TCRab CD4 Naive/TCM,1.000000,-,-,-,-,-,-,-,-,-,-,-

1226,%QGAGE,5.0e-02,1,2,2.4e-07,1.0e+00,6.7e-02,1.2e-01,1.0e-03,2.9e-02,global-%QGAGE,CASrQGagEQYF,CASRQGAGEQYF,TRBV7-8,TRBJ2-7,CIVGFGNQGGKLIF,Donor AJD3280:PB TCRab CD4 Naive/TCM,1.000000,-,-,-,-,-,-,-,-,-,-,-
1226,%QGAGE,5.0e-02,1,2,2.4e-07,1.0e+00,6.7e-02,1.2e-01,1.0e-03,2.9e-02,global-%QGAGE,CAgGQGagEQFF,CAGGQGAGEQFF,TRBV6-6,TRBJ2-1,CVVNDGGTASKLTF,Donor AJD3280:LP TCRab CD4 TRM,2.000000,-,-,-,-,-,-,-,-,-,-,-

1227,SPG%DT,5.0e-02,2,2,2.2e-06,1.0e+00,7.6e-02,1.0e+00,1.0e-03,2.9e-02,global-SPG%DT,CASSPGGDTQYF,CASSPGGDTQYF,TRBV3-1,TRBJ2-3,CALSASPGSARQLTF,Donor AJG2309:PB TCRab CD4 Naive/TCM,1.000000,-,-,-,-,-,-,-,-,-,-,-
1227,SPG%DT,5.0e-02,2,2,2.2e-06,1.0e+00,7.6e-02,1.0e+00,1.0e-03,2.9e-02,global-SPG%DT,CASSPGLDTQYF,CASSPGLDTQYF,TRBV18,TRBJ2-3,CAERGYSTLTF,Donor AJD3280:IEL TCRab CD4 TRM,1.000000,-,-,-,-,-,-,-,-,-,-,-

1228,SYR%NTE,5.0e-02,2,2,5.6e-07,1.0e+00,1.2e-01,1.6e-01,1.0e-03,2.9e-02,global-SYR%NTE,CASSYRGNTEAFF,CASSYRGNTEAFF,TRBV6-5,TRBJ1-1,CAMRRGSTLGRLYF,Donor AJKQ118:PB TCRab CD4 FOXP3+ Treg,1.000000,-,-,-,-,-,-,-,-,-,-,-
1228,SYR%NTE,5.0e-02,2,2,5.6e-07,1.0e+00,1.2e-01,1.6e-01,1.0e-03,2.9e-02,global-SYR%NTE,CASSYRENTEAFF,CASSYRENTEAFF,TRBV6-2,TRBJ1-1,CAVMDSNYQLIW,Donor AJD3280:L TCRab CD4 TRM,2.000000,-,-,-,-,-,-,-,-,-,-,-
1228,SYR%NTE,5.0e-02,2,2,5.6e-07,1.0e+00,1.2e-01,1.6e-01,1.0e-03,2.9e-02,global-SYR%NTE,CASSYRENTEAFF,CASSYRENTEAFF,TRBV6-2,TRBJ1-1,CAVMDSNYQLIW,Donor AJD3280:LP TCRab CD4 TRM,1.000000,-,-,-,-,-,-,-,-,-,-,-

1229,SLGT%NTE,5.0e-02,1,2,2.4e-06,1.0e+00,8.3e-02,1.0e+00,1.0e-03,2.9e-02,global-SLGT%NTE,CASSLGTvNTEAFF,CASSLGTVNTEAFF,TRBV11-2,TRBJ1-1,CAVSQRGGATNKLIF,Donor AJKQ118:PB TCRab CD4 Naive/TCM,1.000000,-,-,-,-,-,-,-,-,-,-,-
1229,SLGT%NTE,5.0e-02,1,2,2.4e-06,1.0e+00,8.3e-02,1.0e+00,1.0e-03,2.9e-02,global-SLGT%NTE,CASSLGTaNTEAFF,CASSLGTANTEAFF,TRBV5-1,TRBJ1-1,CAVGSGNTPLVF,Donor AJKQ118:PB TCRab CD4 Naive/TCM,1.000000,-,-,-,-,-,-,-,-,-,-,-

1230,SLQG%NTE,5.0e-02,1,2,1.8e-06,1.0e+00,6.3e-02,1.0e+00,1.0e-03,2.9e-02,global-SLQG%NTE,CASSLQGaNTEAFF,CASSLQGANTEAFF,TRBV7-9,TRBJ1-1,CAGLRHGSSNTGKLIF,Donor AJKQ118:PB TCRab CD4 FOXP3+ Treg,1.000000,-,-,-,-,-,-,-,-,-,-,-
1230,SLQG%NTE,5.0e-02,1,2,1.8e-06,1.0e+00,6.3e-02,1.0e+00,1.0e-03,2.9e-02,global-SLQG%NTE,CASSLQGlNTEAFF,CASSLQGLNTEAFF,TRBV5-1,TRBJ1-1,CALIPSNNAGNMLTF,Donor AJKQ118:PB TCRab CD4 Naive/TCM,1.000000,-,-,-,-,-,-,-,-,-,-,-

1231,SL%QNTE,5.0e-02,2,2,2.1e-06,1.0e+00,7.2e-02,1.0e+00,1.0e-03,2.9e-02,global-SL%QNTE,CASSLeqNTEAFF,CASSLEQNTEAFF,TRBV12-3,TRBJ1-1,CAASEYDYKLSF,Donor AJG2309:LP TCRab CD4 TRM,1.000000,-,-,-,-,-,-,-,-,-,-,-
1231,SL%QNTE,5.0e-02,2,2,2.1e-06,1.0e+00,7.2e-02,1.0e+00,1.0e-03,2.9e-02,global-SL%QNTE,CASSLlqNTEAFF,CASSLLQNTEAFF,TRBV7-9,TRBJ1-1,CIHIGSARQLTF,Donor AJKQ118:LP TCRab CD4 TRM,1.000000,-,-,-,-,-,-,-,-,-,-,-

1232,SL%MNTE,5.0e-02,2,2,4.6e-09,1.0e+00,1.0e-03,1.6e-01,1.0e-03,2.9e-02,global-SL%MNTE,CASSLsmNTEAFF,CASSLSMNTEAFF,TRBV12-3,TRBJ1-1,CAASNFGNEKLTF,Donor AJKQ118:PB TCRab CD4 FOXP3+ Treg,1.000000,-,-,-,-,-,-,-,-,-,-,-
1232,SL%MNTE,5.0e-02,2,2,4.6e-09,1.0e+00,1.0e-03,1.6e-01,1.0e-03,2.9e-02,global-SL%MNTE,CASSLhmNTEAFF,CASSLHMNTEAFF,TRBV12-3,TRBJ1-1,CAENFGNEKLTF,Donor AJD3280:IEL TCRab CD4 TRM,1.000000,-,-,-,-,-,-,-,-,-,-,-
1232,SL%MNTE,5.0e-02,2,2,4.6e-09,1.0e+00,1.0e-03,1.6e-01,1.0e-03,2.9e-02,global-SL%MNTE,CASSLhmNTEAFF,CASSLHMNTEAFF,TRBV12-3,TRBJ1-1,CAENFGNEKLTF,Donor AJD3280:LP TCRab CD4 TRM,2.000000,-,-,-,-,-,-,-,-,-,-,-

1233,RTG%NSP,5.0e-02,2,2,3.5e-06,1.0e+00,1.2e-01,1.0e+00,1.0e-03,2.9e-02,global-RTG%NSP,CAWrTGaNSPLHF,CAWRTGANSPLHF,TRBV30,TRBJ1-6,CAYRSAANTPLVF,Donor AJD3280:L TCRab CD4 FOXP3+ Treg,1.000000,-,-,-,-,-,-,-,-,-,-,-
1233,RTG%NSP,5.0e-02,2,2,3.5e-06,1.0e+00,1.2e-01,1.0e+00,1.0e-03,2.9e-02,global-RTG%NSP,CAWrTGaNSPLHF,CAWRTGANSPLHF,TRBV30,TRBJ1-6,CAYRSAANTPLVF,Donor AJD3280:PB TCRab CD4 Naive/TCM,1.000000,-,-,-,-,-,-,-,-,-,-,-
1233,RTG%NSP,5.0e-02,2,2,3.5e-06,1.0e+00,1.2e-01,1.0e+00,1.0e-03,2.9e-02,global-RTG%NSP,CASrTGGNSPLHF,CASRTGGNSPLHF,TRBV6-2,TRBJ1-6,CGTHSSGNTPLVF,Donor AJKQ118:PB TCRab CD4 Naive/TCM,1.000000,-,-,-,-,-,-,-,-,-,-,-

1234,S%IYE,5.0e-02,2,2,1.8e-06,1.0e+00,6.1e-02,1.0e+00,1.0e-03,2.9e-02,global-S%IYE,CASShiYEQYF,CASSHIYEQYF,TRBV3-1,TRBJ2-7,CAYRSAGTSGSRLTF,Donor AJD3280:PB TCRab CD4 Naive/TCM,1.000000,-,-,-,-,-,-,-,-,-,-,-
1234,S%IYE,5.0e-02,2,2,1.8e-06,1.0e+00,6.1e-02,1.0e+00,1.0e-03,2.9e-02,global-S%IYE,CASSmiYEQYF,CASSMIYEQYF,TRBV27,TRBJ2-7,CAENFSGGYQKVTF,Donor AJG2309:PB TCRab CD4 FOXP3+ Treg,1.000000,-,-,-,-,-,-,-,-,-,-,-

1235,SL%RET,5.0e-02,2,2,2.1e-06,1.0e+00,7.1e-02,1.0e+00,1.0e-03,2.9e-02,global-SL%RET,CASSLnrETQYF,CASSLNRETQYF,TRBV14,TRBJ2-5,CALEYGNKLVF,Donor AJD3280:LP TCRab CD4 Poised TCM,1.000000,-,-,-,-,-,-,-,-,-,-,-
1235,SL%RET,5.0e-02,2,2,2.1e-06,1.0e+00,7.1e-02,1.0e+00,1.0e-03,2.9e-02,global-SL%RET,CASSLarETQYF,CASSLARETQYF,TRBV12-3,TRBJ2-5,CAANSGAGSYQLTF,Donor AJG2309:LP TCRab CD4 Poised TCM,1.000000,-,-,-,-,-,-,-,-,-,-,-

1236,RD%GNQP,5.0e-02,1,2,1.5e-06,1.0e+00,5.3e-02,1.0e+00,1.0e-03,2.9e-02,global-RD%GNQP,CSVrdSGNQPQHF,CSVRDSGNQPQHF,TRBV29-1,TRBJ1-5,CAASALSGTYKYIF,Donor AJD3280:IEL TCRab CD4 Mobile TRM,1.000000,-,-,-,-,-,-,-,-,-,-,-
1236,RD%GNQP,5.0e-02,1,2,1.5e-06,1.0e+00,5.3e-02,1.0e+00,1.0e-03,2.9e-02,global-RD%GNQP,CSARdegNQPQHF,CSARDEGNQPQHF,TRBV20-1,TRBJ1-5,CALSNFGNEKLTF,Donor AJD3280:IEL TCRab CD4 Mobile TRM,1.000000,-,-,-,-,-,-,-,-,-,-,-

1237,SLT%TGE,5.0e-02,1,2,1.8e-06,1.0e+00,6.2e-02,1.0e+00,1.0e-03,2.9e-02,global-SLT%TGE,CASSLtNTGELFF,CASSLTNTGELFF,TRBV5-1,TRBJ2-2,CAVATNTGNQFYF,Donor AJD3280:PB TCRab CD4 Naive/TCM,1.000000,-,-,-,-,-,-,-,-,-,-,-
1237,SLT%TGE,5.0e-02,1,2,1.8e-06,1.0e+00,6.2e-02,1.0e+00,1.0e-03,2.9e-02,global-SLT%TGE,CASSLtiTGELFF,CASSLTITGELFF,TRBV7-3,TRBJ2-2,CAVTISNFGNEKLTF,Donor AJD3280:PB TCRab CD4 Naive/TCM,1.000000,-,-,-,-,-,-,-,-,-,-,-

1238,SPGG%YE,5.0e-02,2,2,2.2e-06,1.0e+00,7.6e-02,1.0e+00,1.0e-03,2.9e-02,global-SPGG%YE,CASSPGGgYEQYF,CASSPGGGYEQYF,TRBV18,TRBJ2-7,CAVHKGGSQGNLIF,Donor AJG2309:IEL TCRab CD4 Mobile TRM,1.000000,-,-,-,-,-,-,-,-,-,-,-
1238,SPGG%YE,5.0e-02,2,2,2.2e-06,1.0e+00,7.6e-02,1.0e+00,1.0e-03,2.9e-02,global-SPGG%YE,CASSPGGSYEQYF,CASSPGGSYEQYF,TRBV13,TRBJ2-7,CAGPGGSTLGRLYF,Donor AJD3280:LP TCRab CD4 TRM,1.000000,-,-,-,-,-,-,-,-,-,-,-

1239,SLGQG%G,5.0e-02,1,2,2.0e-06,1.0e+00,6.9e-02,1.0e+00,1.0e-03,2.9e-02,global-SLGQG%G,CASSLGQGnGYTF,CASSLGQGNGYTF,TRBV12-4,TRBJ1-2,CAVGALHGSSNTGKLIF,Donor AJD3280:PB TCRab CD4 Naive/TCM,1.000000,-,-,-,-,-,-,-,-,-,-,-
1239,SLGQG%G,5.0e-02,1,2,2.0e-06,1.0e+00,6.9e-02,1.0e+00,1.0e-03,2.9e-02,global-SLGQG%G,CASSLGQGsGYTF,CASSLGQGSGYTF,TRBV11-1,TRBJ1-2,CALESTNAGKSTF,Donor AJD3280:PB TCRab CD4 Naive/TCM,1.000000,-,-,-,-,-,-,-,-,-,-,-

1240,SL%GAQET,5.0e-02,2,2,2.2e-06,1.0e+00,7.4e-02,1.0e+00,1.0e-03,2.9e-02,global-SL%GAQET,CASSLQGaQETQYF,CASSLQGAQETQYF,TRBV5-4,TRBJ2-5,CAAADTGANNLFF,Donor AJKQ118:L TCRab CD4 TRM,1.000000,-,-,-,-,-,-,-,-,-,-,-
1240,SL%GAQET,5.0e-02,2,2,2.2e-06,1.0e+00,7.4e-02,1.0e+00,1.0e-03,2.9e-02,global-SL%GAQET,CASSLGGaQETQYF,CASSLGGAQETQYF,TRBV11-3,TRBJ2-5,CATERSSNYQLIW,Donor AJD3280:LP TCRab CD4 TRM,1.000000,-,-,-,-,-,-,-,-,-,-,-

1241,SLGTG%YE,5.0e-02,2,2,2.9e-10,1.0e+00,2.0e-03,5.0e-03,1.0e-03,2.9e-02,global-SLGTG%YE,CASSLGTGGYEQYF,CASSLGTGGYEQYF,TRBV5-1,TRBJ2-7,CALSSGTGGFKTIF,Donor AJG2309:L TCRab CD4 TRM,1.000000,-,-,-,-,-,-,-,-,-,-,-
1241,SLGTG%YE,5.0e-02,2,2,2.9e-10,1.0e+00,2.0e-03,5.0e-03,1.0e-03,2.9e-02,global-SLGTG%YE,CASSLGTGGYEQYF,CASSLGTGGYEQYF,TRBV5-1,TRBJ2-7,CALSEGTGGFKTIF,Donor AJG2309:LP TCRab CD4 TRM,6.000000,-,-,-,-,-,-,-,-,-,-,-
1241,SLGTG%YE,5.0e-02,2,2,2.9e-10,1.0e+00,2.0e-03,5.0e-03,1.0e-03,2.9e-02,global-SLGTG%YE,CASSLGTGGYEQYF,CASSLGTGGYEQYF,TRBV5-1,TRBJ2-7,CAVRAYNQGGKLIF,Donor AJG2309:PB TCRab CD4 FOXP3+ Treg,1.000000,-,-,-,-,-,-,-,-,-,-,-
1241,SLGTG%YE,5.0e-02,2,2,2.9e-10,1.0e+00,2.0e-03,5.0e-03,1.0e-03,2.9e-02,global-SLGTG%YE,CASSLGTGGYEQYF,CASSLGTGGYEQYF,TRBV5-1,TRBJ2-7,CALSEGTGGFKTIF,Donor AJG2309:PB TCRab CD4 FOXP3+ Treg,1.000000,-,-,-,-,-,-,-,-,-,-,-
1241,SLGTG%YE,5.0e-02,2,2,2.9e-10,1.0e+00,2.0e-03,5.0e-03,1.0e-03,2.9e-02,global-SLGTG%YE,CASSLGTGGYEQYF,CASSLGTGGYEQYF,TRBV5-1,TRBJ2-7,CALSSGTGGFKTIF,Donor AJG2309:PB TCRab CD4 Naive/TCM,3.000000,-,-,-,-,-,-,-,-,-,-,-
1241,SLGTG%YE,5.0e-02,2,2,2.9e-10,1.0e+00,2.0e-03,5.0e-03,1.0e-03,2.9e-02,global-SLGTG%YE,CASSLGTGpYEQYF,CASSLGTGPYEQYF,TRBV12-3,TRBJ2-7,CAAHRNTGGFKTIF,Donor AJD3280:PB TCRab CD4 Naive/TCM,1.000000,-,-,-,-,-,-,-,-,-,-,-

1242,SL%GGGTDT,5.0e-02,1,2,2.9e-08,1.0e+00,1.0e-03,1.0e+00,1.0e-03,2.9e-02,global-SL%GGGTDT,CASSLGGggTDTQYF,CASSLGGGGTDTQYF,TRBV5-1,TRBJ2-3,CLVGDMARSSGNTPLVF,Donor AJD3280:LP TCRab CD4 TRM,1.000000,-,-,-,-,-,-,-,-,-,-,-
1242,SL%GGGTDT,5.0e-02,1,2,2.9e-08,1.0e+00,1.0e-03,1.0e+00,1.0e-03,2.9e-02,global-SL%GGGTDT,CASSLRGggTDTQYF,CASSLRGGGTDTQYF,TRBV5-1,TRBJ2-3,CAASSSSQGGSEKLVF,Donor AJD3280:PB TCRab CD4 Naive/TCM,1.000000,-,-,-,-,-,-,-,-,-,-,-

1243,SL%LAGGYE,5.0e-02,2,2,2.1e-06,1.0e+00,7.3e-02,1.0e+00,1.0e-03,2.9e-02,global-SL%LAGGYE,CASSLsLAGGYEQYF,CASSLSLAGGYEQYF,TRBV7-9,TRBJ2-7,CAAPAFFGNEKLTF,Donor AJD3280:LP TCRab CD4 TRM,1.000000,-,-,-,-,-,-,-,-,-,-,-
1243,SL%LAGGYE,5.0e-02,2,2,2.1e-06,1.0e+00,7.3e-02,1.0e+00,1.0e-03,2.9e-02,global-SL%LAGGYE,CASSLnLAGGyEQFF,CASSLNLAGGYEQFF,TRBV7-3,TRBJ2-1,CAVNADSGGSNYKLTF,Donor AJG2309:PB TCRab CD4 Naive/TCM,1.000000,-,-,-,-,-,-,-,-,-,-,-

1244,SLG%GGNQP,5.0e-02,2,2,2.0e-06,1.0e+00,6.9e-02,1.0e+00,1.0e-03,2.9e-02,global-SLG%GGNQP,CASSLgAGGNQPQHF,CASSLGAGGNQPQHF,TRBV7-8,TRBJ1-5,CAGLEFNKFYF,Donor AJG2309:PB TCRab CD4 Naive/TCM,1.000000,-,-,-,-,-,-,-,-,-,-,-
1244,SLG%GGNQP,5.0e-02,2,2,2.0e-06,1.0e+00,6.9e-02,1.0e+00,1.0e-03,2.9e-02,global-SLG%GGNQP,CASSLgeGGNQPQHF,CASSLGEGGNQPQHF,TRBV28,TRBJ1-5,CAAMEYGNKLVF,Donor AJKQ118:PB TCRab CD4 Naive/TCM,1.000000,-,-,-,-,-,-,-,-,-,-,-

1245,S%GSYE,5.2e-02,2,3,1.1e-06,1.0e+00,1.7e-01,1.0e+00,1.0e-03,6.2e-03,global-S%GSYE,CASSLgSYEQYF,CASSLGSYEQYF,TRBV7-6,TRBJ2-7,CAYRSAAGNTGKLIF,Donor AJKQ118:PB TCRab CD4 Naive/TCM,1.000000,-,-,-,-,-,-,-,-,-,-,-
1245,S%GSYE,5.2e-02,2,3,1.1e-06,1.0e+00,1.7e-01,1.0e+00,1.0e-03,6.2e-03,global-S%GSYE,CASSPgSYEQYF,CASSPGSYEQYF,TRBV18,TRBJ2-7,CAMRPSGTYKYIF,Donor AJD3280:LP TCRab CD4 FOXP3+ Treg,1.000000,-,-,-,-,-,-,-,-,-,-,-
1245,S%GSYE,5.2e-02,2,3,1.1e-06,1.0e+00,1.7e-01,1.0e+00,1.0e-03,6.2e-03,global-S%GSYE,CASSQgSYEQYF,CASSQGSYEQYF,TRBV3-1,TRBJ2-7,CAARPHNYGQNFVF,Donor AJD3280:LP TCRab CD4 Mobile TRM,1.000000,-,-,-,-,-,-,-,-,-,-,-

1246,S%GTDT,5.2e-02,2,3,1.2e-06,1.0e+00,2.0e-01,1.0e+00,1.0e-03,6.2e-03,global-S%GTDT,CASSGGTDTQYF,CASSGGTDTQYF,TRBV5-6,TRBJ2-3,CAVASGTYKYIF,Donor AJD3280:L TCRab CD4 TCM,1.000000,-,-,-,-,-,-,-,-,-,-,-
1246,S%GTDT,5.2e-02,2,3,1.2e-06,1.0e+00,2.0e-01,1.0e+00,1.0e-03,6.2e-03,global-S%GTDT,CASSKgTDTQYF,CASSKGTDTQYF,TRBV12-4,TRBJ2-3,CAVRASGSARQLTF,Donor AJD3280:IEL TCRab CD4 TRM,1.000000,-,-,-,-,-,-,-,-,-,-,-
1246,S%GTDT,5.2e-02,2,3,1.2e-06,1.0e+00,2.0e-01,1.0e+00,1.0e-03,6.2e-03,global-S%GTDT,CASSwgTDTQYF,CASSWGTDTQYF,TRBV7-2,TRBJ2-3,CAGRFTGNTPLVF,Donor AJG2309:LP TCRab CD4 Mobile TRM,1.000000,-,-,-,-,-,-,-,-,-,-,-

1247,SE%SYE,5.4e-02,2,2,2.9e-08,1.0e+00,1.0e-03,1.0e+00,1.0e-03,2.9e-02,global-SE%SYE,CAISEsSYEQYF,CAISESSYEQYF,TRBV10-3,TRBJ2-7,CAASMEYGNKLVF,Donor AJD3280:IEL TCRab CD4 Mobile TRM,1.000000,-,-,-,-,-,-,-,-,-,-,-
1247,SE%SYE,5.4e-02,2,2,2.9e-08,1.0e+00,1.0e-03,1.0e+00,1.0e-03,2.9e-02,global-SE%SYE,CAISEmSYEQYF,CAISEMSYEQYF,TRBV10-3,TRBJ2-7,CALSGSNDMRF,Donor AJKQ118:LP TCRab CD4 TRM,1.000000,-,-,-,-,-,-,-,-,-,-,-

1248,SLS%GE,5.4e-02,2,2,1.2e-07,1.0e+00,4.0e-03,1.0e+00,1.0e-03,2.9e-02,global-SLS%GE,CASSLsiGELFF,CASSLSIGELFF,TRBV3-1,TRBJ2-2,CAASISNFGNEKLTF,Donor AJD3280:L TCRab CD4 TRM,1.000000,-,-,-,-,-,-,-,-,-,-,-
1248,SLS%GE,5.4e-02,2,2,1.2e-07,1.0e+00,4.0e-03,1.0e+00,1.0e-03,2.9e-02,global-SLS%GE,CASSLsiGELFF,CASSLSIGELFF,TRBV3-1,TRBJ2-2,CAASISNFGNEKLTF,Donor AJD3280:LP TCRab CD4 TRM,1.000000,-,-,-,-,-,-,-,-,-,-,-
1248,SLS%GE,5.4e-02,2,2,1.2e-07,1.0e+00,4.0e-03,1.0e+00,1.0e-03,2.9e-02,global-SLS%GE,CASSLsTGELFF,CASSLSTGELFF,TRBV7-9,TRBJ2-2,CAVRDRSGGSYIPTF,Donor AJKQ118:IEL TCRab CD4 FOXP3+ Treg,1.000000,-,-,-,-,-,-,-,-,-,-,-

1249,S%DGNYG,5.4e-02,1,2,1.9e-06,1.0e+00,6.6e-02,1.0e+00,1.0e-03,2.9e-02,global-S%DGNYG,CASSRdgNYGYTF,CASSRDGNYGYTF,TRBV7-2,TRBJ1-2,CAASVSNDYKLSF,Donor AJG2309:LP TCRab CD4 Mobile TRM,1.000000,-,-,-,-,-,-,-,-,-,-,-
1249,S%DGNYG,5.4e-02,1,2,1.9e-06,1.0e+00,6.6e-02,1.0e+00,1.0e-03,2.9e-02,global-S%DGNYG,CASSSdgNYGYTF,CASSSDGNYGYTF,TRBV6-6,TRBJ1-2,CASGGSYIPTF,Donor AJG2309:LP TCRab CD4 FOXP3+ Treg,1.000000,-,-,-,-,-,-,-,-,-,-,-

1250,S%DGNTE,5.4e-02,1,2,3.3e-06,1.0e+00,1.1e-01,1.0e+00,1.0e-03,2.9e-02,global-S%DGNTE,CASSLdgNTEAFF,CASSLDGNTEAFF,TRBV7-9,TRBJ1-1,CAPRSNDYKLSF,Donor AJD3280:PB TCRab CD4 Naive/TCM,1.000000,-,-,-,-,-,-,-,-,-,-,-
1250,S%DGNTE,5.4e-02,1,2,3.3e-06,1.0e+00,1.1e-01,1.0e+00,1.0e-03,2.9e-02,global-S%DGNTE,CASSgdgNTEAFF,CASSGDGNTEAFF,TRBV12-3,TRBJ1-1,CAVRGSHSGYALNF,Donor AJD3280:L TCRab CD4 TCM,1.000000,-,-,-,-,-,-,-,-,-,-,-
1250,S%DGNTE,5.4e-02,1,2,3.3e-06,1.0e+00,1.1e-01,1.0e+00,1.0e-03,2.9e-02,global-S%DGNTE,CASSgdgNTEAFF,CASSGDGNTEAFF,TRBV12-3,TRBJ1-1,CAVRGSHSGYALNF,Donor AJD3280:PB TCRab CD4 FOXP3+ Treg,1.000000,-,-,-,-,-,-,-,-,-,-,-

1251,SL%ATDT,5.4e-02,1,2,1.6e-06,1.0e+00,5.6e-02,1.0e+00,1.0e-03,2.9e-02,global-SL%ATDT,CASSLvaTDTQYF,CASSLVATDTQYF,TRBV7-3,TRBJ2-3,CAVWGTSGSRLTF,Donor AJD3280:LP TCRab CD4 Poised TCM,1.000000,-,-,-,-,-,-,-,-,-,-,-
1251,SL%ATDT,5.4e-02,1,2,1.6e-06,1.0e+00,5.6e-02,1.0e+00,1.0e-03,2.9e-02,global-SL%ATDT,CASSLaaTDTQYF,CASSLAATDTQYF,TRBV7-9,TRBJ2-3,CAYNGYGGSQGNLIF,Donor AJD3280:IEL TCRab CD4 TRM,1.000000,-,-,-,-,-,-,-,-,-,-,-

1252,SS%MNTE,5.4e-02,1,2,1.7e-06,1.0e+00,5.9e-02,1.0e+00,1.0e-03,2.9e-02,global-SS%MNTE,CASSSpmNTEAFF,CASSSPMNTEAFF,TRBV28,TRBJ1-1,CAVRGSTLGRLYF,Donor AJKQ118:PB TCRab CD4 FOXP3+ Treg,1.000000,-,-,-,-,-,-,-,-,-,-,-
1252,SS%MNTE,5.4e-02,1,2,1.7e-06,1.0e+00,5.9e-02,1.0e+00,1.0e-03,2.9e-02,global-SS%MNTE,CASSSsmNTEAFF,CASSSSMNTEAFF,TRBV7-9,TRBJ1-1,CAARDGQKLLF,Donor AJKQ118:LP TCRab CD4 TRM,1.000000,-,-,-,-,-,-,-,-,-,-,-

1253,S%AGGYNE,5.4e-02,2,2,2.9e-08,1.0e+00,1.0e-03,1.0e+00,1.0e-03,2.9e-02,global-S%AGGYNE,CASSLAGGYNEQFF,CASSLAGGYNEQFF,TRBV7-3,TRBJ2-1,CAGPFYGQNFVF,Donor AJG2309:LP TCRab CD4 Poised TCM,1.000000,-,-,-,-,-,-,-,-,-,-,-
1253,S%AGGYNE,5.4e-02,2,2,2.9e-08,1.0e+00,1.0e-03,1.0e+00,1.0e-03,2.9e-02,global-S%AGGYNE,CASSIAGGYNEQFF,CASSIAGGYNEQFF,TRBV7-3,TRBJ2-1,CAVVGGTSGSRLTF,Donor AJD3280:L TCRab CD4 Naive/TCM,1.000000,-,-,-,-,-,-,-,-,-,-,-

1254,SL%PGE,5.4e-02,1,2,2.1e-06,1.0e+00,7.3e-02,1.0e+00,1.0e-03,2.9e-02,global-SL%PGE,CASSLfpGELFF,CASSLFPGELFF,TRBV7-2,TRBJ2-2,CAPAKGTYKYIF,Donor AJD3280:LP TCRab CD4 TRM,1.000000,-,-,-,-,-,-,-,-,-,-,-
1254,SL%PGE,5.4e-02,1,2,2.1e-06,1.0e+00,7.3e-02,1.0e+00,1.0e-03,2.9e-02,global-SL%PGE,CASSLppgEQFF,CASSLPPGEQFF,TRBV5-6,TRBJ2-1,CAYRRTHNAGKSTF,Donor AJD3280:LP TCRab CD4 TRM,1.000000,-,-,-,-,-,-,-,-,-,-,-

1255,S%GTDYG,5.4e-02,2,2,1.5e-06,1.0e+00,5.2e-02,1.0e+00,1.0e-03,2.9e-02,global-S%GTDYG,CASSTGtdYGYTF,CASSTGTDYGYTF,TRBV12-3,TRBJ1-2,CALPPRSGNTPLVF,Donor AJKQ118:PB TCRab CD4 Naive/TCM,1.000000,-,-,-,-,-,-,-,-,-,-,-
1255,S%GTDYG,5.4e-02,2,2,1.5e-06,1.0e+00,5.2e-02,1.0e+00,1.0e-03,2.9e-02,global-S%GTDYG,CASSSGTdYGYTF,CASSSGTDYGYTF,TRBV6-6,TRBJ1-2,CAYRSTNSGGSNYKLTF,Donor AJD3280:IEL TCRab CD4 Mobile TRM,1.000000,-,-,-,-,-,-,-,-,-,-,-

1256,S%GVQET,5.4e-02,2,2,2.4e-06,1.0e+00,8.3e-02,1.0e+00,1.0e-03,2.9e-02,global-S%GVQET,CASSAGvQETQYF,CASSAGVQETQYF,TRBV19,TRBJ2-5,CAVKGGSYIPTF,Donor AJG2309:L TCRab CD4 TRM,1.000000,-,-,-,-,-,-,-,-,-,-,-
1256,S%GVQET,5.4e-02,2,2,2.4e-06,1.0e+00,8.3e-02,1.0e+00,1.0e-03,2.9e-02,global-S%GVQET,CASSYgvQETQYF,CASSYGVQETQYF,TRBV6-6,TRBJ2-5,CAVRDGRNARLMF,Donor AJD3280:IEL TCRab CD4 FOXP3+ Treg,1.000000,-,-,-,-,-,-,-,-,-,-,-

1257,S%GTNYG,5.4e-02,2,2,1.5e-06,1.0e+00,5.0e-02,1.0e+00,1.0e-03,2.9e-02,global-S%GTNYG,CASSPGTNYGYTF,CASSPGTNYGYTF,TRBV7-3,TRBJ1-2,CAGSNYQLIW,Donor AJD3280:L TCRab CD4 TRM,1.000000,-,-,-,-,-,-,-,-,-,-,-
1257,S%GTNYG,5.4e-02,2,2,1.5e-06,1.0e+00,5.0e-02,1.0e+00,1.0e-03,2.9e-02,global-S%GTNYG,CASSPGTNYGYTF,CASSPGTNYGYTF,TRBV6-6,TRBJ1-2,CVVSDGGGTASKLTF,Donor AJG2309:LP TCRab CD4 Naive/TCM,1.000000,-,-,-,-,-,-,-,-,-,-,-
1257,S%GTNYG,5.4e-02,2,2,1.5e-06,1.0e+00,5.0e-02,1.0e+00,1.0e-03,2.9e-02,global-S%GTNYG,CASSfGTNYGYTF,CASSFGTNYGYTF,TRBV11-3,TRBJ1-2,CAFMIGGATNKLIF,Donor AJD3280:IEL TCRab CD4 FOXP3+ Treg,1.000000,-,-,-,-,-,-,-,-,-,-,-
1257,S%GTNYG,5.4e-02,2,2,1.5e-06,1.0e+00,5.0e-02,1.0e+00,1.0e-03,2.9e-02,global-S%GTNYG,CASSfGTNYGYTF,CASSFGTNYGYTF,TRBV11-3,TRBJ1-2,CAFMIGGATNKLIF,Donor AJD3280:LP TCRab CD4 FOXP3+ Treg,1.000000,-,-,-,-,-,-,-,-,-,-,-

1258,SL%PNTE,5.4e-02,2,2,3.5e-07,1.0e+00,1.2e-02,1.0e+00,1.0e-03,2.9e-02,global-SL%PNTE,CASSLdpNTEAFF,CASSLDPNTEAFF,TRBV11-3,TRBJ1-1,CAESPLNAGNMLTF,Donor AJD3280:LP TCRab CD4 Mobile TRM,1.000000,-,-,-,-,-,-,-,-,-,-,-
1258,SL%PNTE,5.4e-02,2,2,3.5e-07,1.0e+00,1.2e-02,1.0e+00,1.0e-03,2.9e-02,global-SL%PNTE,CASSLdpNTEAFF,CASSLDPNTEAFF,TRBV11-3,TRBJ1-1,CAVRVGFGNVLHC,Donor AJD3280:LP TCRab CD4 TRM,1.000000,-,-,-,-,-,-,-,-,-,-,-
1258,SL%PNTE,5.4e-02,2,2,3.5e-07,1.0e+00,1.2e-02,1.0e+00,1.0e-03,2.9e-02,global-SL%PNTE,CASSLdpNTEAFF,CASSLDPNTEAFF,TRBV11-3,TRBJ1-1,CAESPLNAGNMLTF,Donor AJD3280:LP TCRab CD4 TRM,1.000000,-,-,-,-,-,-,-,-,-,-,-
1258,SL%PNTE,5.4e-02,2,2,3.5e-07,1.0e+00,1.2e-02,1.0e+00,1.0e-03,2.9e-02,global-SL%PNTE,CASSLtpNTEAFF,CASSLTPNTEAFF,TRBV7-2,TRBJ1-1,CVVTFSGTYKYIF,Donor AJKQ118:PB TCRab CD4 Naive/TCM,1.000000,-,-,-,-,-,-,-,-,-,-,-

1259,%GDYG,5.4e-02,2,2,1.9e-06,1.0e+00,6.5e-02,1.0e+00,1.0e-03,2.9e-02,global-%GDYG,CSVTGdYGYTF,CSVTGDYGYTF,TRBV20-1,TRBJ1-2,CIVRAPFSGGYNKLIF,Donor AJD3280:LP TCRab CD4 TRM,1.000000,-,-,-,-,-,-,-,-,-,-,-
1259,%GDYG,5.4e-02,2,2,1.9e-06,1.0e+00,6.5e-02,1.0e+00,1.0e-03,2.9e-02,global-%GDYG,CASegdYGYTF,CASEGDYGYTF,TRBV6-1,TRBJ1-2,CAASRGAGGGNKLTF,Donor AJKQ118:PB TCRab CD4 Naive/TCM,1.000000,-,-,-,-,-,-,-,-,-,-,-

1260,SL%GG,5.4e-02,2,2,1.6e-06,1.0e+00,5.6e-02,1.0e+00,1.0e-03,2.9e-02,global-SL%GG,CASSLigGYTF,CASSLIGGYTF,TRBV5-6,TRBJ1-2,CAGSPFYNQGGKLIF,Donor AJD3280:PB TCRab CD4 Naive/TCM,1.000000,-,-,-,-,-,-,-,-,-,-,-
1260,SL%GG,5.4e-02,2,2,1.6e-06,1.0e+00,5.6e-02,1.0e+00,1.0e-03,2.9e-02,global-SL%GG,CASSLvgGYTF,CASSLVGGYTF,TRBV28,TRBJ1-2,CAGALDNTDKLIF,Donor AJG2309:LP TCRab CD4 TRM,1.000000,-,-,-,-,-,-,-,-,-,-,-

1261,SL%GDQP,5.4e-02,2,2,2.2e-06,1.0e+00,7.5e-02,1.0e+00,1.0e-03,2.9e-02,global-SL%GDQP,CASSLegdQPQHF,CASSLEGDQPQHF,TRBV12-3,TRBJ1-5,CAVQAGGANNLFF,Donor AJKQ118:PB TCRab CD4 FOXP3+ Treg,1.000000,-,-,-,-,-,-,-,-,-,-,-
1261,SL%GDQP,5.4e-02,2,2,2.2e-06,1.0e+00,7.5e-02,1.0e+00,1.0e-03,2.9e-02,global-SL%GDQP,CASSLvgdQPQHF,CASSLVGDQPQHF,TRBV5-1,TRBJ1-5,CAVKGNSGYALNF,Donor AJG2309:PB TCRab CD4 Naive/TCM,1.000000,-,-,-,-,-,-,-,-,-,-,-

1262,SS%NTE,5.4e-02,2,2,2.1e-06,1.0e+00,7.1e-02,1.0e+00,1.0e-03,2.9e-02,global-SS%NTE,CASSSlNTEAFF,CASSSLNTEAFF,TRBV27,TRBJ1-1,CASDTGRRALTF,Donor AJG2309:LP TCRab CD4 Poised TCM,1.000000,-,-,-,-,-,-,-,-,-,-,-
1262,SS%NTE,5.4e-02,2,2,2.1e-06,1.0e+00,7.1e-02,1.0e+00,1.0e-03,2.9e-02,global-SS%NTE,CASSSgNTEAFF,CASSSGNTEAFF,TRBV12-4,TRBJ1-1,CAASIGNYKLSF,Donor AJKQ118:PB TCRab CD4 Naive/TCM,1.000000,-,-,-,-,-,-,-,-,-,-,-

1263,%RGGNTE,5.4e-02,2,2,3.6e-06,1.0e+00,1.2e-01,1.0e+00,1.0e-03,2.9e-02,global-%RGGNTE,CAgqRGgNTEAFF,CAGQRGGNTEAFF,TRBV7-9,TRBJ1-1,CAVTNNDMRF,Donor AJG2309:PB TCRab CD4 Naive/TCM,1.000000,-,-,-,-,-,-,-,-,-,-,-
1263,%RGGNTE,5.4e-02,2,2,3.6e-06,1.0e+00,1.2e-01,1.0e+00,1.0e-03,2.9e-02,global-%RGGNTE,CASSRGGNTEAFF,CASSRGGNTEAFF,TRBV9,TRBJ1-1,CALSGGSNYKLTF,Donor AJD3280:IEL TCRab CD4 TRM,1.000000,-,-,-,-,-,-,-,-,-,-,-
1263,%RGGNTE,5.4e-02,2,2,3.6e-06,1.0e+00,1.2e-01,1.0e+00,1.0e-03,2.9e-02,global-%RGGNTE,CASSRGGNTEAFF,CASSRGGNTEAFF,TRBV9,TRBJ1-1,CALSGGSNYKLTF,Donor AJD3280:LP TCRab CD4 TRM,1.000000,-,-,-,-,-,-,-,-,-,-,-

1264,%QGSSYE,5.4e-02,1,2,1.7e-06,1.0e+00,6.0e-02,1.0e+00,1.0e-03,2.9e-02,global-%QGSSYE,CATlQGsSYEQYF,CATLQGSSYEQYF,TRBV10-3,TRBJ2-7,CAASIRGGSQGNLIF,Donor AJKQ118:PB TCRab CD4 Naive/TCM,1.000000,-,-,-,-,-,-,-,-,-,-,-
1264,%QGSSYE,5.4e-02,1,2,1.7e-06,1.0e+00,6.0e-02,1.0e+00,1.0e-03,2.9e-02,global-%QGSSYE,CASkQGsSYEQYF,CASKQGSSYEQYF,TRBV5-1,TRBJ2-7,CAAPNTGNQFYF,Donor AJKQ118:L TCRab CD4 TRM,1.000000,-,-,-,-,-,-,-,-,-,-,-

1265,%PSGANV,5.4e-02,2,2,1.5e-06,1.0e+00,5.2e-02,1.0e+00,1.0e-03,2.9e-02,global-%PSGANV,CASSPSGANVLTF,CASSPSGANVLTF,TRBV5-4,TRBJ2-6,CAVIGNTGGFKTIF,Donor AJG2309:LP TCRab CD4 TRM,1.000000,-,-,-,-,-,-,-,-,-,-,-
1265,%PSGANV,5.4e-02,2,2,1.5e-06,1.0e+00,5.2e-02,1.0e+00,1.0e-03,2.9e-02,global-%PSGANV,CSVdpSGANVLTF,CSVDPSGANVLTF,TRBV29-1,TRBJ2-6,CAASTNSGGSNYKLTF,Donor AJD3280:L TCRab CD4 TRM,1.000000,-,-,-,-,-,-,-,-,-,-,-

1266,SLGQ%TDT,5.4e-02,1,2,2.1e-06,1.0e+00,7.1e-02,1.0e+00,1.0e-03,2.9e-02,global-SLGQ%TDT,CASSLGQSTDTQYF,CASSLGQSTDTQYF,TRBV12-4,TRBJ2-3,CAVSEGFQKLVF,Donor AJG2309:L TCRab CD4 Naive/TCM,1.000000,-,-,-,-,-,-,-,-,-,-,-
1266,SLGQ%TDT,5.4e-02,1,2,2.1e-06,1.0e+00,7.1e-02,1.0e+00,1.0e-03,2.9e-02,global-SLGQ%TDT,CASSLGQGTDTQYF,CASSLGQGTDTQYF,TRBV5-1,TRBJ2-3,CAVSDISGYSTLTF,Donor AJG2309:IEL TCRab CD4 TRM,1.000000,-,-,-,-,-,-,-,-,-,-,-

1267,SLGG%TDT,5.4e-02,2,2,2.6e-07,1.0e+00,8.4e-02,1.1e-01,1.0e-03,2.9e-02,global-SLGG%TDT,CASSLGGpTDTQYF,CASSLGGPTDTQYF,TRBV5-1,TRBJ2-3,CAVRDMKSSNTGKLIF,Donor AJD3280:L TCRab CD4 TRM,1.000000,-,-,-,-,-,-,-,-,-,-,-
1267,SLGG%TDT,5.4e-02,2,2,2.6e-07,1.0e+00,8.4e-02,1.1e-01,1.0e-03,2.9e-02,global-SLGG%TDT,CASSLGGgTDTQYF,CASSLGGGTDTQYF,TRBV27,TRBJ2-3,CAVLNTGGFKTIF,Donor AJG2309:LP TCRab CD4 FOXP3+ Treg,2.000000,-,-,-,-,-,-,-,-,-,-,-

1268,SLGG%QET,5.4e-02,1,2,1.6e-06,1.0e+00,5.6e-02,1.0e+00,1.0e-03,2.9e-02,global-SLGG%QET,CASSLGGpQETQYF,CASSLGGPQETQYF,TRBV11-2,TRBJ2-5,CAVTTNQAGTALIF,Donor AJD3280:PB TCRab CD4 Naive/TCM,1.000000,-,-,-,-,-,-,-,-,-,-,-
1268,SLGG%QET,5.4e-02,1,2,1.6e-06,1.0e+00,5.6e-02,1.0e+00,1.0e-03,2.9e-02,global-SLGG%QET,CASSLGGaQETQYF,CASSLGGAQETQYF,TRBV11-3,TRBJ2-5,CATERSSNYQLIW,Donor AJD3280:LP TCRab CD4 TRM,1.000000,-,-,-,-,-,-,-,-,-,-,-

1269,SLDRG%YE,5.4e-02,1,2,1.8e-06,1.0e+00,6.2e-02,1.0e+00,1.0e-03,2.9e-02,global-SLDRG%YE,CASSLDRGpYEQYF,CASSLDRGPYEQYF,TRBV5-1,TRBJ2-7,CAVERRDSGYALNF,Donor AJD3280:PB TCRab CD4 FOXP3+ Treg,1.000000,-,-,-,-,-,-,-,-,-,-,-
1269,SLDRG%YE,5.4e-02,1,2,1.8e-06,1.0e+00,6.2e-02,1.0e+00,1.0e-03,2.9e-02,global-SLDRG%YE,CASSLDRGSYEQYF,CASSLDRGSYEQYF,TRBV5-4,TRBJ2-7,CAGQEMNRDDKIIF,Donor AJD3280:PB TCRab CD4 Naive/TCM,1.000000,-,-,-,-,-,-,-,-,-,-,-

1270,SP%YE,5.5e-02,3,3,1.0e-06,1.0e+00,1.7e-01,1.0e+00,1.0e-03,6.2e-03,global-SP%YE,CAWSprYEQYF,CAWSPRYEQYF,TRBV30,TRBJ2-7,CAVGKTKAAGNKLTF,Donor AJD3280:IEL TCRab CD4 Mobile TRM,1.000000,-,-,-,-,-,-,-,-,-,-,-
1270,SP%YE,5.5e-02,3,3,1.0e-06,1.0e+00,1.7e-01,1.0e+00,1.0e-03,6.2e-03,global-SP%YE,CASSPeYEQYF,CASSPEYEQYF,TRBV2,TRBJ2-7,CALGHAGGTSYGKLTF,Donor AJKQ118:LP TCRab CD4 TRM,1.000000,-,-,-,-,-,-,-,-,-,-,-
1270,SP%YE,5.5e-02,3,3,1.0e-06,1.0e+00,1.7e-01,1.0e+00,1.0e-03,6.2e-03,global-SP%YE,CASSPnYEQYF,CASSPNYEQYF,TRBV18,TRBJ2-7,CAVRDDSSASKIIF,Donor AJG2309:L TCRab CD4 FOXP3+ Treg,1.000000,-,-,-,-,-,-,-,-,-,-,-

1271,S%DQET,5.9e-02,1,2,1.6e-06,1.0e+00,5.6e-02,1.0e+00,1.0e-03,2.9e-02,global-S%DQET,CASSfdQETQYF,CASSFDQETQYF,TRBV5-1,TRBJ2-5,CIVSSSYDKVIF,Donor AJG2309:PB TCRab CD4 FOXP3+ Treg,1.000000,-,-,-,-,-,-,-,-,-,-,-
1271,S%DQET,5.9e-02,1,2,1.6e-06,1.0e+00,5.6e-02,1.0e+00,1.0e-03,2.9e-02,global-S%DQET,CASSRdQETQYF,CASSRDQETQYF,TRBV7-9,TRBJ2-5,CAVNANTGFQKLVF,Donor AJG2309:PB TCRab CD4 Naive/TCM,1.000000,-,-,-,-,-,-,-,-,-,-,-

1272,S%GGGE,5.9e-02,1,2,1.5e-06,1.0e+00,5.2e-02,1.0e+00,1.0e-03,2.9e-02,global-S%GGGE,CAISTGGgEQYF,CAISTGGGEQYF,TRBV10-3,TRBJ2-7,CAVRSTSGTYKYIF,Donor AJKQ118:PB TCRab CD4 FOXP3+ Treg,1.000000,-,-,-,-,-,-,-,-,-,-,-
1272,S%GGGE,5.9e-02,1,2,1.5e-06,1.0e+00,5.2e-02,1.0e+00,1.0e-03,2.9e-02,global-S%GGGE,CAWSiGGgEAFF,CAWSIGGGEAFF,TRBV30,TRBJ1-1,CAVRLFGTDKLIF,Donor AJKQ118:PB TCRab CD4 Naive/TCM,1.000000,-,-,-,-,-,-,-,-,-,-,-

1273,%GGGYG,5.9e-02,1,2,2.6e-07,1.0e+00,7.1e-02,1.3e-01,1.0e-03,2.9e-02,global-%GGGYG,CASeGGgYGYTF,CASEGGGYGYTF,TRBV6-6,TRBJ1-2,CAGANTGNQFYF,Donor AJD3280:PB TCRab CD4 Naive/TCM,2.000000,-,-,-,-,-,-,-,-,-,-,-
1273,%GGGYG,5.9e-02,1,2,2.6e-07,1.0e+00,7.1e-02,1.3e-01,1.0e-03,2.9e-02,global-%GGGYG,CAlQGggYGYTF,CALQGGGYGYTF,TRBV30,TRBJ1-2,CVVPQGGKLIF,Donor AJD3280:LP TCRab CD4 TRM,1.000000,-,-,-,-,-,-,-,-,-,-,-

1274,S%GNTGE,5.9e-02,2,2,2.0e-06,1.0e+00,6.7e-02,1.0e+00,1.0e-03,2.9e-02,global-S%GNTGE,CASSQgNTGELFF,CASSQGNTGELFF,TRBV3-1,TRBJ2-2,CALSPPSGAAGNKLTF,Donor AJKQ118:PB TCRab CD4 Naive/TCM,1.000000,-,-,-,-,-,-,-,-,-,-,-
1274,S%GNTGE,5.9e-02,2,2,2.0e-06,1.0e+00,6.7e-02,1.0e+00,1.0e-03,2.9e-02,global-S%GNTGE,CASSfgNTGELFF,CASSFGNTGELFF,TRBV11-2,TRBJ2-2,CVVNSQTGANNLFF,Donor AJD3280:IEL TCRab CD4 Mobile TRM,1.000000,-,-,-,-,-,-,-,-,-,-,-

1275,SS%GGTE,5.9e-02,2,2,5.3e-06,1.0e+00,1.8e-01,1.0e+00,1.0e-03,2.9e-02,global-SS%GGTE,CASSSQGgTEAFF,CASSSQGGTEAFF,TRBV7-2,TRBJ1-1,CAVRSKTSGSRLTF,Donor AJD3280:LP TCRab CD4 Mobile TRM,1.000000,-,-,-,-,-,-,-,-,-,-,-
1275,SS%GGTE,5.9e-02,2,2,5.3e-06,1.0e+00,1.8e-01,1.0e+00,1.0e-03,2.9e-02,global-SS%GGTE,CASSSRGgTEAFF,CASSSRGGTEAFF,TRBV11-3,TRBJ1-1,CALSEVGSWGKLQF,Donor AJD3280:LP TCRab CD4 FOXP3+ Treg,1.000000,-,-,-,-,-,-,-,-,-,-,-
1275,SS%GGTE,5.9e-02,2,2,5.3e-06,1.0e+00,1.8e-01,1.0e+00,1.0e-03,2.9e-02,global-SS%GGTE,CASSSRGgTEAFF,CASSSRGGTEAFF,TRBV5-6,TRBJ1-1,CALSGPRNNNARLMF,Donor AJG2309:PB TCRab CD4 Naive/TCM,1.000000,-,-,-,-,-,-,-,-,-,-,-

1276,SP%SQET,5.9e-02,2,2,1.7e-06,1.0e+00,5.8e-02,1.0e+00,1.0e-03,2.9e-02,global-SP%SQET,CASSPlsQETQYF,CASSPLSQETQYF,TRBV3-1,TRBJ2-5,CAGPGAGSYQLTF,Donor AJG2309:LP TCRab CD4 Tph,1.000000,-,-,-,-,-,-,-,-,-,-,-
1276,SP%SQET,5.9e-02,2,2,1.7e-06,1.0e+00,5.8e-02,1.0e+00,1.0e-03,2.9e-02,global-SP%SQET,CASSPgsQETQYF,CASSPGSQETQYF,TRBV7-2,TRBJ2-5,CAENIGNQGGKLIF,Donor AJKQ118:PB TCRab CD4 Naive/TCM,1.000000,-,-,-,-,-,-,-,-,-,-,-

1277,SLA%QET,5.9e-02,2,2,1.9e-06,1.0e+00,6.5e-02,1.0e+00,1.0e-03,2.9e-02,global-SLA%QET,CASSLAGQETQYF,CASSLAGQETQYF,TRBV7-9,TRBJ2-5,CALSDQTGANNLFF,Donor AJKQ118:PB TCRab CD4 Naive/TCM,1.000000,-,-,-,-,-,-,-,-,-,-,-
1277,SLA%QET,5.9e-02,2,2,1.9e-06,1.0e+00,6.5e-02,1.0e+00,1.0e-03,2.9e-02,global-SLA%QET,CASSLaaQETQYF,CASSLAAQETQYF,TRBV3-1,TRBJ2-5,CAGGGSNYKLTF,Donor AJD3280:PB TCRab CD4 Naive/TCM,1.000000,-,-,-,-,-,-,-,-,-,-,-

1278,S%SGGAYE,5.9e-02,1,2,2.2e-07,1.0e+00,6.6e-02,1.2e-01,1.0e-03,2.9e-02,global-S%SGGAYE,CASSVSGGaYEQYF,CASSVSGGAYEQYF,TRBV7-2,TRBJ2-7,CAYRSITGANSKLTF,Donor AJD3280:PB TCRab CD4 Naive/TCM,1.000000,-,-,-,-,-,-,-,-,-,-,-
1278,S%SGGAYE,5.9e-02,1,2,2.2e-07,1.0e+00,6.6e-02,1.2e-01,1.0e-03,2.9e-02,global-S%SGGAYE,CAWSlSGGaYEQYF,CAWSLSGGAYEQYF,TRBV30,TRBJ2-7,CAVRDVSFNKFYF,Donor AJD3280:LP TCRab CD4 TRM,2.000000,-,-,-,-,-,-,-,-,-,-,-

1279,S%GTGGYE,5.9e-02,2,2,4.4e-10,1.0e+00,1.0e-03,1.5e-02,1.0e-03,2.9e-02,global-S%GTGGYE,CASSLGTGGYEQYF,CASSLGTGGYEQYF,TRBV5-1,TRBJ2-7,CALSSGTGGFKTIF,Donor AJG2309:L TCRab CD4 TRM,1.000000,-,-,-,-,-,-,-,-,-,-,-
1279,S%GTGGYE,5.9e-02,2,2,4.4e-10,1.0e+00,1.0e-03,1.5e-02,1.0e-03,2.9e-02,global-S%GTGGYE,CASSLGTGGYEQYF,CASSLGTGGYEQYF,TRBV5-1,TRBJ2-7,CALSEGTGGFKTIF,Donor AJG2309:LP TCRab CD4 TRM,6.000000,-,-,-,-,-,-,-,-,-,-,-
1279,S%GTGGYE,5.9e-02,2,2,4.4e-10,1.0e+00,1.0e-03,1.5e-02,1.0e-03,2.9e-02,global-S%GTGGYE,CASSLGTGGYEQYF,CASSLGTGGYEQYF,TRBV5-1,TRBJ2-7,CAVRAYNQGGKLIF,Donor AJG2309:PB TCRab CD4 FOXP3+ Treg,1.000000,-,-,-,-,-,-,-,-,-,-,-
1279,S%GTGGYE,5.9e-02,2,2,4.4e-10,1.0e+00,1.0e-03,1.5e-02,1.0e-03,2.9e-02,global-S%GTGGYE,CASSLGTGGYEQYF,CASSLGTGGYEQYF,TRBV5-1,TRBJ2-7,CALSEGTGGFKTIF,Donor AJG2309:PB TCRab CD4 FOXP3+ Treg,1.000000,-,-,-,-,-,-,-,-,-,-,-
1279,S%GTGGYE,5.9e-02,2,2,4.4e-10,1.0e+00,1.0e-03,1.5e-02,1.0e-03,2.9e-02,global-S%GTGGYE,CASSLGTGGYEQYF,CASSLGTGGYEQYF,TRBV5-1,TRBJ2-7,CALSSGTGGFKTIF,Donor AJG2309:PB TCRab CD4 Naive/TCM,3.000000,-,-,-,-,-,-,-,-,-,-,-
1279,S%GTGGYE,5.9e-02,2,2,4.4e-10,1.0e+00,1.0e-03,1.5e-02,1.0e-03,2.9e-02,global-S%GTGGYE,CASSwGTGGYEQYF,CASSWGTGGYEQYF,TRBV7-2,TRBJ2-7,CAGQLAGGGADGLTF,Donor AJKQ118:PB TCRab CD4 Naive/TCM,1.000000,-,-,-,-,-,-,-,-,-,-,-

1280,SP%GDE,5.9e-02,2,2,2.1e-06,1.0e+00,7.3e-02,1.0e+00,1.0e-03,2.9e-02,global-SP%GDE,CASSPpgdEQFF,CASSPPGDEQFF,TRBV4-2,TRBJ2-1,CAPLTGGGNKLTF,Donor AJKQ118:PB TCRab CD4 Naive/TCM,1.000000,-,-,-,-,-,-,-,-,-,-,-
1280,SP%GDE,5.9e-02,2,2,2.1e-06,1.0e+00,7.3e-02,1.0e+00,1.0e-03,2.9e-02,global-SP%GDE,CASSPAGdEQFF,CASSPAGDEQFF,TRBV18,TRBJ2-1,CAVSGASGGSYIPTF,Donor AJD3280:LP TCRab CD4 TRM,1.000000,-,-,-,-,-,-,-,-,-,-,-

1281,SP%GSYE,5.9e-02,2,2,1.8e-06,1.0e+00,6.1e-02,1.0e+00,1.0e-03,2.9e-02,global-SP%GSYE,CASSPpgSYEQYF,CASSPPGSYEQYF,TRBV6-5,TRBJ2-7,CVVNMRGGSQGNLIF,Donor AJG2309:LP TCRab CD4 TRM,1.000000,-,-,-,-,-,-,-,-,-,-,-
1281,SP%GSYE,5.9e-02,2,2,1.8e-06,1.0e+00,6.1e-02,1.0e+00,1.0e-03,2.9e-02,global-SP%GSYE,CASSPGGSYEQYF,CASSPGGSYEQYF,TRBV13,TRBJ2-7,CAGPGGSTLGRLYF,Donor AJD3280:LP TCRab CD4 TRM,1.000000,-,-,-,-,-,-,-,-,-,-,-

1282,SSGQ%YG,5.9e-02,1,2,1.4e-06,1.0e+00,4.8e-02,1.0e+00,1.0e-03,2.9e-02,global-SSGQ%YG,CASSSGQGYGYTF,CASSSGQGYGYTF,TRBV7-2,TRBJ1-2,CAENGAAGNKLTF,Donor AJD3280:LP TCRab CD4 TRM,1.000000,-,-,-,-,-,-,-,-,-,-,-
1282,SSGQ%YG,5.9e-02,1,2,1.4e-06,1.0e+00,4.8e-02,1.0e+00,1.0e-03,2.9e-02,global-SSGQ%YG,CASSSGQiYGYTF,CASSSGQIYGYTF,TRBV5-6,TRBJ1-2,CVVNPYGNKLVF,Donor AJD3280:PB TCRab CD4 Naive/TCM,1.000000,-,-,-,-,-,-,-,-,-,-,-

1283,SRTG%NTE,5.9e-02,2,2,2.1e-06,1.0e+00,7.3e-02,1.0e+00,1.0e-03,2.9e-02,global-SRTG%NTE,CASSRTGGNTEAFF,CASSRTGGNTEAFF,TRBV18,TRBJ1-1,CAFSGGSYIPTF,Donor AJKQ118:L TCRab CD4 TRM,1.000000,-,-,-,-,-,-,-,-,-,-,-
1283,SRTG%NTE,5.9e-02,2,2,2.1e-06,1.0e+00,7.3e-02,1.0e+00,1.0e-03,2.9e-02,global-SRTG%NTE,CASSRTGpNTEAFF,CASSRTGPNTEAFF,TRBV4-1,TRBJ1-1,CAVDMDTNAGKSTF,Donor AJD3280:LP TCRab CD4 Tph,1.000000,-,-,-,-,-,-,-,-,-,-,-

1284,S%LAGSTDT,5.9e-02,1,2,2.2e-06,1.0e+00,7.6e-02,1.0e+00,1.0e-03,2.9e-02,global-S%LAGSTDT,CASSKLAGSTDTQYF,CASSKLAGSTDTQYF,TRBV12-3,TRBJ2-3,CAVEDRGNNRLAF,Donor AJD3280:PB TCRab CD4 Naive/TCM,1.000000,-,-,-,-,-,-,-,-,-,-,-
1284,S%LAGSTDT,5.9e-02,1,2,2.2e-06,1.0e+00,7.6e-02,1.0e+00,1.0e-03,2.9e-02,global-S%LAGSTDT,CAISELAGSTDTQYF,CAISELAGSTDTQYF,TRBV10-3,TRBJ2-3,CVVTGQGAQKLVF,Donor AJD3280:IEL TCRab CD4 Mobile TRM,1.000000,-,-,-,-,-,-,-,-,-,-,-

1285,SEG%E,6.3e-02,2,2,2.2e-06,1.0e+00,7.7e-02,1.0e+00,1.0e-03,2.9e-02,global-SEG%E,CASSEGGEQYF,CASSEGGEQYF,TRBV6-1,TRBJ2-7,CAETPHSGNTPLVF,Donor AJD3280:L TCRab CD4 TCM,1.000000,-,-,-,-,-,-,-,-,-,-,-
1285,SEG%E,6.3e-02,2,2,2.2e-06,1.0e+00,7.7e-02,1.0e+00,1.0e-03,2.9e-02,global-SEG%E,CASSEgTEAFF,CASSEGTEAFF,TRBV6-4,TRBJ1-1,CVVSPSGGATNKLIF,Donor AJG2309:L TCRab CD4 FOXP3+ Treg,1.000000,-,-,-,-,-,-,-,-,-,-,-

1286,GG%QET,6.3e-02,1,2,2.2e-06,1.0e+00,7.7e-02,1.0e+00,1.0e-03,2.9e-02,global-GG%QET,CSAGgyQETQYF,CSAGGYQETQYF,TRBV20-1,TRBJ2-5,CAVSDQRNTPLVF,Donor AJD3280:LP TCRab CD4 Mobile TRM,1.000000,-,-,-,-,-,-,-,-,-,-,-
1286,GG%QET,6.3e-02,1,2,2.2e-06,1.0e+00,7.7e-02,1.0e+00,1.0e-03,2.9e-02,global-GG%QET,CSVGGdQETQYF,CSVGGDQETQYF,TRBV29-1,TRBJ2-5,CAVRDGAYQLIW,Donor AJD3280:LP TCRab CD4 TRM,1.000000,-,-,-,-,-,-,-,-,-,-,-

1287,SL%GGYG,6.3e-02,2,2,4.7e-06,1.0e+00,1.6e-01,1.0e+00,1.0e-03,2.9e-02,global-SL%GGYG,CASSLeGGYGYTF,CASSLEGGYGYTF,TRBV7-2,TRBJ1-2,CAFARTGTASKLTF,Donor AJD3280:PB TCRab CD4 Naive/TCM,1.000000,-,-,-,-,-,-,-,-,-,-,-
1287,SL%GGYG,6.3e-02,2,2,4.7e-06,1.0e+00,1.6e-01,1.0e+00,1.0e-03,2.9e-02,global-SL%GGYG,CASSLAGGYGYTF,CASSLAGGYGYTF,TRBV7-3,TRBJ1-2,CALSEANSNDYKLSF,Donor AJD3280:L TCRab CD4 TCM,1.000000,-,-,-,-,-,-,-,-,-,-,-
1287,SL%GGYG,6.3e-02,2,2,4.7e-06,1.0e+00,1.6e-01,1.0e+00,1.0e-03,2.9e-02,global-SL%GGYG,CASSLAGGYGYTF,CASSLAGGYGYTF,TRBV10-2,TRBJ1-2,CAASIDNQGGKLIF,Donor AJKQ118:PB TCRab CD4 Naive/TCM,1.000000,-,-,-,-,-,-,-,-,-,-,-

1288,SSG%T,6.3e-02,1,2,1.7e-06,1.0e+00,5.9e-02,1.0e+00,1.0e-03,2.9e-02,global-SSG%T,CASSSgyTQYF,CASSSGYTQYF,TRBV6-5,TRBJ2-3,CAVTDPARLMF,Donor AJD3280:IEL TCRab CD4 TRM,1.000000,-,-,-,-,-,-,-,-,-,-,-
1288,SSG%T,6.3e-02,1,2,1.7e-06,1.0e+00,5.9e-02,1.0e+00,1.0e-03,2.9e-02,global-SSG%T,CASSSgETQYF,CASSSGETQYF,TRBV19,TRBJ2-5,CAVRAGGGYNKLIF,Donor AJD3280:PB TCRab CD4 FOXP3+ Treg,1.000000,-,-,-,-,-,-,-,-,-,-,-

1289,SAG%E,6.3e-02,2,2,2.1e-07,1.0e+00,6.7e-02,1.1e-01,1.0e-03,2.9e-02,global-SAG%E,CASSAGGEQFF,CASSAGGEQFF,TRBV7-3,TRBJ2-1,CAQASGTYKYIF,Donor AJG2309:LP TCRab CD4 TRM,2.000000,-,-,-,-,-,-,-,-,-,-,-
1289,SAG%E,6.3e-02,2,2,2.1e-07,1.0e+00,6.7e-02,1.1e-01,1.0e-03,2.9e-02,global-SAG%E,CASSAGYEQYF,CASSAGYEQYF,TRBV2,TRBJ2-7,CAVTNNAGNMLTF,Donor AJD3280:PB TCRab CD4 Naive/TCM,1.000000,-,-,-,-,-,-,-,-,-,-,-

1290,S%RNYG,6.3e-02,2,2,2.9e-08,1.0e+00,1.0e-03,1.0e+00,1.0e-03,2.9e-02,global-S%RNYG,CASSSrNYGYTF,CASSSRNYGYTF,TRBV11-2,TRBJ1-2,CAAFTGGGNKLTF,Donor AJD3280:PB TCRab CD4 Naive/TCM,1.000000,-,-,-,-,-,-,-,-,-,-,-
1290,S%RNYG,6.3e-02,2,2,2.9e-08,1.0e+00,1.0e-03,1.0e+00,1.0e-03,2.9e-02,global-S%RNYG,CASSfrNYGYTF,CASSFRNYGYTF,TRBV11-2,TRBJ1-2,CALRIGAQKLVF,Donor AJG2309:L TCRab CD4 FOXP3+ Treg,1.000000,-,-,-,-,-,-,-,-,-,-,-

1291,SL%NTGE,6.3e-02,1,2,2.3e-06,1.0e+00,7.8e-02,1.0e+00,1.0e-03,2.9e-02,global-SL%NTGE,CASSLtNTGELFF,CASSLTNTGELFF,TRBV5-1,TRBJ2-2,CAVATNTGNQFYF,Donor AJD3280:PB TCRab CD4 Naive/TCM,1.000000,-,-,-,-,-,-,-,-,-,-,-
1291,SL%NTGE,6.3e-02,1,2,2.3e-06,1.0e+00,7.8e-02,1.0e+00,1.0e-03,2.9e-02,global-SL%NTGE,CASSLrNTGELFF,CASSLRNTGELFF,TRBV12-3,TRBJ2-2,CGTEDNQGGKLIF,Donor AJD3280:LP TCRab CD4 TRM,1.000000,-,-,-,-,-,-,-,-,-,-,-

1292,SF%ET,6.3e-02,2,2,2.2e-07,1.0e+00,6.3e-02,1.2e-01,1.0e-03,2.9e-02,global-SF%ET,CSASfwETQYF,CSASFWETQYF,TRBV29-1,TRBJ2-5,CAAPDNYGQNFVF,Donor AJKQ118:PB TCRab CD4 FOXP3+ Treg,2.000000,-,-,-,-,-,-,-,-,-,-,-
1292,SF%ET,6.3e-02,2,2,2.2e-07,1.0e+00,6.3e-02,1.2e-01,1.0e-03,2.9e-02,global-SF%ET,CASSfvETQYF,CASSFVETQYF,TRBV7-2,TRBJ2-5,CAVGVEYGNKLVF,Donor AJD3280:PB TCRab CD4 Naive/TCM,1.000000,-,-,-,-,-,-,-,-,-,-,-

1293,T%SGANV,6.3e-02,2,2,1.5e-06,1.0e+00,5.3e-02,1.0e+00,1.0e-03,2.9e-02,global-T%SGANV,CAWttSGANVLTF,CAWTTSGANVLTF,TRBV30,TRBJ2-6,CALSDRGTASKLTF,Donor AJKQ118:PB TCRab CD4 Naive/TCM,1.000000,-,-,-,-,-,-,-,-,-,-,-
1293,T%SGANV,6.3e-02,2,2,1.5e-06,1.0e+00,5.3e-02,1.0e+00,1.0e-03,2.9e-02,global-T%SGANV,CASTgSGANVLTF,CASTGSGANVLTF,TRBV3-1,TRBJ2-6,CACTREGLTF,Donor AJD3280:PB TCRab CD4 Naive/TCM,1.000000,-,-,-,-,-,-,-,-,-,-,-

1294,S%GTANTE,6.3e-02,2,2,5.0e-06,1.0e+00,1.7e-01,1.0e+00,1.0e-03,2.9e-02,global-S%GTANTE,CASSLGTaNTEAFF,CASSLGTANTEAFF,TRBV5-1,TRBJ1-1,CAVGSGNTPLVF,Donor AJKQ118:PB TCRab CD4 Naive/TCM,1.000000,-,-,-,-,-,-,-,-,-,-,-
1294,S%GTANTE,6.3e-02,2,2,5.0e-06,1.0e+00,1.7e-01,1.0e+00,1.0e-03,2.9e-02,global-S%GTANTE,CASSPGTaNTEAFF,CASSPGTANTEAFF,TRBV10-2,TRBJ1-1,CALSDPQNNFNKFYF,Donor AJD3280:LP TCRab CD4 TRM,1.000000,-,-,-,-,-,-,-,-,-,-,-
1294,S%GTANTE,6.3e-02,2,2,5.0e-06,1.0e+00,1.7e-01,1.0e+00,1.0e-03,2.9e-02,global-S%GTANTE,CASSPGTaNTEAFF,CASSPGTANTEAFF,TRBV28,TRBJ1-1,CAEMYSGGGADGLTF,Donor AJKQ118:PB TCRab CD4 Naive/TCM,1.000000,-,-,-,-,-,-,-,-,-,-,-

1295,SPG%STDT,6.3e-02,1,2,2.9e-08,1.0e+00,1.0e-03,1.0e+00,1.0e-03,2.9e-02,global-SPG%STDT,CASSPGGSTDTQYF,CASSPGGSTDTQYF,TRBV7-3,TRBJ2-3,CAASSETGANNLFF,Donor AJD3280:L TCRab CD4 TCM,1.000000,-,-,-,-,-,-,-,-,-,-,-
1295,SPG%STDT,6.3e-02,1,2,2.9e-08,1.0e+00,1.0e-03,1.0e+00,1.0e-03,2.9e-02,global-SPG%STDT,CASSPgvSTDTQYF,CASSPGVSTDTQYF,TRBV7-3,TRBJ2-3,CAVTDSNSGYALNF,Donor AJD3280:LP TCRab CD4 TRM,1.000000,-,-,-,-,-,-,-,-,-,-,-

1296,SLG%GSYE,6.3e-02,1,2,1.8e-06,1.0e+00,6.1e-02,1.0e+00,1.0e-03,2.9e-02,global-SLG%GSYE,CASSLGGgSYEQYF,CASSLGGGSYEQYF,TRBV28,TRBJ2-7,CAASRHNNDMRF,Donor AJKQ118:PB TCRab CD4 Naive/TCM,1.000000,-,-,-,-,-,-,-,-,-,-,-
1296,SLG%GSYE,6.3e-02,1,2,1.8e-06,1.0e+00,6.1e-02,1.0e+00,1.0e-03,2.9e-02,global-SLG%GSYE,CASSLGQGSYEQYF,CASSLGQGSYEQYF,TRBV12-4,TRBJ2-7,CAEKGGTSGSRLTF,Donor AJKQ118:L TCRab CD4 TRM,1.000000,-,-,-,-,-,-,-,-,-,-,-

1297,SPG%GNQP,6.3e-02,1,2,1.9e-06,1.0e+00,6.6e-02,1.0e+00,1.0e-03,2.9e-02,global-SPG%GNQP,CASSPGQGNQPQHF,CASSPGQGNQPQHF,TRBV12-3,TRBJ1-5,CATDGDDYKLSF,Donor AJD3280:PB TCRab CD4 Naive/TCM,1.000000,-,-,-,-,-,-,-,-,-,-,-
1297,SPG%GNQP,6.3e-02,1,2,1.9e-06,1.0e+00,6.6e-02,1.0e+00,1.0e-03,2.9e-02,global-SPG%GNQP,CASSPGTGNQPQHF,CASSPGTGNQPQHF,TRBV3-1,TRBJ1-5,CALTSLSSGSARQLTF,Donor AJD3280:LP TCRab CD4 Poised TCM,1.000000,-,-,-,-,-,-,-,-,-,-,-

1298,SLAG%QET,6.3e-02,2,2,1.6e-06,1.0e+00,5.4e-02,1.0e+00,1.0e-03,2.9e-02,global-SLAG%QET,CASSLAGfQETQYF,CASSLAGFQETQYF,TRBV7-2,TRBJ2-5,CATVSYSGGGADGLTF,Donor AJD3280:L TCRab CD4 Naive/TCM,1.000000,-,-,-,-,-,-,-,-,-,-,-
1298,SLAG%QET,6.3e-02,2,2,1.6e-06,1.0e+00,5.4e-02,1.0e+00,1.0e-03,2.9e-02,global-SLAG%QET,CASSLAGGQETQYF,CASSLAGGQETQYF,TRBV7-9,TRBJ2-5,CAMRGMKGYNKLIF,Donor AJG2309:LP TCRab CD4 FOXP3+ Treg,1.000000,-,-,-,-,-,-,-,-,-,-,-

1299,SL%GYSNQP,6.3e-02,2,2,2.1e-06,1.0e+00,7.1e-02,1.0e+00,1.0e-03,2.9e-02,global-SL%GYSNQP,CASSLGGySNQPQHF,CASSLGGYSNQPQHF,TRBV7-9,TRBJ1-5,CAGARGSSNTGKLIF,Donor AJG2309:PB TCRab CD4 Naive/TCM,1.000000,-,-,-,-,-,-,-,-,-,-,-
1299,SL%GYSNQP,6.3e-02,2,2,2.1e-06,1.0e+00,7.1e-02,1.0e+00,1.0e-03,2.9e-02,global-SL%GYSNQP,CASSLdgySNQPQHF,CASSLDGYSNQPQHF,TRBV5-1,TRBJ1-5,CALSVFSDGQKLLF,Donor AJKQ118:LP TCRab CD4 TRM,1.000000,-,-,-,-,-,-,-,-,-,-,-

1300,T%NTE,6.6e-02,3,3,1.1e-06,1.0e+00,1.8e-01,1.0e+00,1.0e-03,6.2e-03,global-T%NTE,CASTeNTEAFF,CASTENTEAFF,TRBV6-2,TRBJ1-1,CAVGMNRDDKIIF,Donor AJD3280:LP TCRab CD4 TRM,1.000000,-,-,-,-,-,-,-,-,-,-,-
1300,T%NTE,6.6e-02,3,3,1.1e-06,1.0e+00,1.8e-01,1.0e+00,1.0e-03,6.2e-03,global-T%NTE,CSVtvNTEAFF,CSVTVNTEAFF,TRBV29-1,TRBJ1-1,CAERASYSGAGSYQLTF,Donor AJG2309:LP TCRab CD4 TRM,1.000000,-,-,-,-,-,-,-,-,-,-,-
1300,T%NTE,6.6e-02,3,3,1.1e-06,1.0e+00,1.8e-01,1.0e+00,1.0e-03,6.2e-03,global-T%NTE,CARtqNTEAFF,CARTQNTEAFF,TRBV5-5,TRBJ1-1,CILSSGSARQLTF,Donor AJKQ118:PB TCRab CD4 Naive/TCM,1.000000,-,-,-,-,-,-,-,-,-,-,-

1301,DRG%E,6.8e-02,1,2,2.9e-08,1.0e+00,1.0e-03,1.0e+00,1.0e-03,2.9e-02,global-DRG%E,CSVDRGaEAFF,CSVDRGAEAFF,TRBV29-1,TRBJ1-1,CAVNNNDMRF,Donor AJD3280:PB TCRab CD4 Naive/TCM,1.000000,-,-,-,-,-,-,-,-,-,-,-
1301,DRG%E,6.8e-02,1,2,2.9e-08,1.0e+00,1.0e-03,1.0e+00,1.0e-03,2.9e-02,global-DRG%E,CSVDRGTEAFF,CSVDRGTEAFF,TRBV29-1,TRBJ1-1,CAVGDNQGGKLIF,Donor AJD3280:L TCRab CD4 TRM,1.000000,-,-,-,-,-,-,-,-,-,-,-

1302,S%QGGTE,6.8e-02,1,2,2.2e-06,1.0e+00,7.6e-02,1.0e+00,1.0e-03,2.9e-02,global-S%QGGTE,CASSSQGgTEAFF,CASSSQGGTEAFF,TRBV7-2,TRBJ1-1,CAVRSKTSGSRLTF,Donor AJD3280:LP TCRab CD4 Mobile TRM,1.000000,-,-,-,-,-,-,-,-,-,-,-
1302,S%QGGTE,6.8e-02,1,2,2.2e-06,1.0e+00,7.6e-02,1.0e+00,1.0e-03,2.9e-02,global-S%QGGTE,CASSIQGgTEAFF,CASSIQGGTEAFF,TRBV6-6,TRBJ1-1,CALSGGVYMDTGRRALTF,Donor AJD3280:L TCRab CD4 FOXP3+ Treg,1.000000,-,-,-,-,-,-,-,-,-,-,-

1303,R%GGSYE,6.8e-02,2,2,1.9e-06,1.0e+00,6.5e-02,1.0e+00,1.0e-03,2.9e-02,global-R%GGSYE,CASREggSYEQYF,CASREGGSYEQYF,TRBV6-2,TRBJ2-7,CAASRDQGAQKLVF,Donor AJD3280:PB TCRab CD4 Naive/TCM,1.000000,-,-,-,-,-,-,-,-,-,-,-
1303,R%GGSYE,6.8e-02,2,2,1.9e-06,1.0e+00,6.5e-02,1.0e+00,1.0e-03,2.9e-02,global-R%GGSYE,CASrTGGSYEQYF,CASRTGGSYEQYF,TRBV2,TRBJ2-7,CAFTPFNNARLMF,Donor AJKQ118:LP TCRab CD4 TRM,1.000000,-,-,-,-,-,-,-,-,-,-,-

1304,SL%GDTE,6.8e-02,2,2,1.9e-06,1.0e+00,6.4e-02,1.0e+00,1.0e-03,2.9e-02,global-SL%GDTE,CASSLlgdTEAFF,CASSLLGDTEAFF,TRBV5-1,TRBJ1-1,CALSDPGSARQLTF,Donor AJKQ118:PB TCRab CD4 Naive/TCM,1.000000,-,-,-,-,-,-,-,-,-,-,-
1304,SL%GDTE,6.8e-02,2,2,1.9e-06,1.0e+00,6.4e-02,1.0e+00,1.0e-03,2.9e-02,global-SL%GDTE,CASSLAGdTEAFF,CASSLAGDTEAFF,TRBV12-4,TRBJ1-1,CAVSGSARQLTF,Donor AJD3280:PB TCRab CD4 Naive/TCM,1.000000,-,-,-,-,-,-,-,-,-,-,-

1305,A%GSYE,6.8e-02,2,2,1.6e-06,1.0e+00,5.6e-02,1.0e+00,1.0e-03,2.9e-02,global-A%GSYE,CSgapgSYEQYF,CSGAPGSYEQYF,TRBV20-1,TRBJ2-7,CVVSSTGGGNKLTF,Donor AJG2309:PB TCRab CD4 Naive/TCM,1.000000,-,-,-,-,-,-,-,-,-,-,-
1305,A%GSYE,6.8e-02,2,2,1.6e-06,1.0e+00,5.6e-02,1.0e+00,1.0e-03,2.9e-02,global-A%GSYE,CASaRGSYEQYF,CASARGSYEQYF,TRBV6-6,TRBJ2-7,CAFSTDSWGKLQF,Donor AJKQ118:PB TCRab CD4 FOXP3+ Treg,1.000000,-,-,-,-,-,-,-,-,-,-,-

1306,S%QGAGE,6.8e-02,2,2,5.7e-07,1.0e+00,1.3e-01,1.5e-01,1.0e-03,2.9e-02,global-S%QGAGE,CASSLQGagEQFF,CASSLQGAGEQFF,TRBV12-3,TRBJ2-1,CAETSGNTPLVF,Donor AJD3280:PB TCRab CD4 Naive/TCM,1.000000,-,-,-,-,-,-,-,-,-,-,-
1306,S%QGAGE,6.8e-02,2,2,5.7e-07,1.0e+00,1.3e-01,1.5e-01,1.0e-03,2.9e-02,global-S%QGAGE,CASSPQGagEQFF,CASSPQGAGEQFF,TRBV18,TRBJ2-1,CAYRLSGGAQKLVF,Donor AJKQ118:IEL TCRab CD4 TRM,1.000000,-,-,-,-,-,-,-,-,-,-,-
1306,S%QGAGE,6.8e-02,2,2,5.7e-07,1.0e+00,1.3e-01,1.5e-01,1.0e-03,2.9e-02,global-S%QGAGE,CASSPQGagEQFF,CASSPQGAGEQFF,TRBV18,TRBJ2-1,CAYRLSGGAQKLVF,Donor AJKQ118:L TCRab CD4 TRM,2.000000,-,-,-,-,-,-,-,-,-,-,-

1307,SS%STDT,6.8e-02,2,2,1.9e-06,1.0e+00,6.4e-02,1.0e+00,1.0e-03,2.9e-02,global-SS%STDT,CASSSaSTDTQYF,CASSSASTDTQYF,TRBV7-3,TRBJ2-3,CAASAAYSGAGSYQLTF,Donor AJG2309:PB TCRab CD4 Naive/TCM,1.000000,-,-,-,-,-,-,-,-,-,-,-
1307,SS%STDT,6.8e-02,2,2,1.9e-06,1.0e+00,6.4e-02,1.0e+00,1.0e-03,2.9e-02,global-SS%STDT,CASSSpSTDTQYF,CASSSPSTDTQYF,TRBV5-1,TRBJ2-3,CAVRFSGGSNYKLTF,Donor AJD3280:PB TCRab CD4 Naive/TCM,1.000000,-,-,-,-,-,-,-,-,-,-,-

1308,SLEG%YG,6.8e-02,1,2,2.9e-08,1.0e+00,1.0e-03,1.0e+00,1.0e-03,2.9e-02,global-SLEG%YG,CASSLegyYGYTF,CASSLEGYYGYTF,TRBV7-2,TRBJ1-2,CAVSGGGGSYIPTF,Donor AJD3280:IEL TCRab CD4 TRM,1.000000,-,-,-,-,-,-,-,-,-,-,-
1308,SLEG%YG,6.8e-02,1,2,2.9e-08,1.0e+00,1.0e-03,1.0e+00,1.0e-03,2.9e-02,global-SLEG%YG,CASSLeGGYGYTF,CASSLEGGYGYTF,TRBV7-2,TRBJ1-2,CAFARTGTASKLTF,Donor AJD3280:PB TCRab CD4 Naive/TCM,1.000000,-,-,-,-,-,-,-,-,-,-,-

1309,SPGQG%E,6.8e-02,2,2,2.3e-07,1.0e+00,8.0e-03,1.0e+00,1.0e-03,2.9e-02,global-SPGQG%E,CASSPGQGaEAFF,CASSPGQGAEAFF,TRBV18,TRBJ1-1,CAASGAGTASKLTF,Donor AJD3280:L TCRab CD4 TCM,1.000000,-,-,-,-,-,-,-,-,-,-,-
1309,SPGQG%E,6.8e-02,2,2,2.3e-07,1.0e+00,8.0e-03,1.0e+00,1.0e-03,2.9e-02,global-SPGQG%E,CASSPGQGaEAFF,CASSPGQGAEAFF,TRBV18,TRBJ1-1,CAASGAGTASKLTF,Donor AJD3280:LP TCRab CD4 TRM,1.000000,-,-,-,-,-,-,-,-,-,-,-
1309,SPGQG%E,6.8e-02,2,2,2.3e-07,1.0e+00,8.0e-03,1.0e+00,1.0e-03,2.9e-02,global-SPGQG%E,CASSPGQGrEAFF,CASSPGQGREAFF,TRBV7-9,TRBJ1-1,CATFLNAGGTSYGKLTF,Donor AJKQ118:IEL TCRab CD4 FOXP3+ Treg,1.000000,-,-,-,-,-,-,-,-,-,-,-

1310,S%RQGSYE,6.8e-02,2,2,6.0e-07,1.0e+00,1.1e-01,1.9e-01,1.0e-03,2.9e-02,global-S%RQGSYE,CASStrQGSYEQYF,CASSTRQGSYEQYF,TRBV14,TRBJ2-7,CAVASPFSGGYQKVTF,Donor AJG2309:LP TCRab CD4 TRM,1.000000,-,-,-,-,-,-,-,-,-,-,-
1310,S%RQGSYE,6.8e-02,2,2,6.0e-07,1.0e+00,1.1e-01,1.9e-01,1.0e-03,2.9e-02,global-S%RQGSYE,CATSsrQGSYEQYF,CATSSRQGSYEQYF,TRBV15,TRBJ2-7,CAVRFSGSARQLTF,Donor AJD3280:IEL TCRab CD4 TRM,1.000000,-,-,-,-,-,-,-,-,-,-,-
1310,S%RQGSYE,6.8e-02,2,2,6.0e-07,1.0e+00,1.1e-01,1.9e-01,1.0e-03,2.9e-02,global-S%RQGSYE,CATSsrQGSYEQYF,CATSSRQGSYEQYF,TRBV15,TRBJ2-7,CAESSTGGYQKVTF,Donor AJD3280:IEL TCRab CD4 TRM,2.000000,-,-,-,-,-,-,-,-,-,-,-

1311,SL%GGSYE,6.8e-02,2,2,1.5e-08,1.0e+00,1.4e-02,3.6e-02,1.0e-03,2.9e-02,global-SL%GGSYE,CASSLAGGSYEQYF,CASSLAGGSYEQYF,TRBV5-1,TRBJ2-7,CAEMNSGYSTLTF,Donor AJD3280:IEL TCRab CD4 TRM,4.000000,-,-,-,-,-,-,-,-,-,-,-
1311,SL%GGSYE,6.8e-02,2,2,1.5e-08,1.0e+00,1.4e-02,3.6e-02,1.0e-03,2.9e-02,global-SL%GGSYE,CASSLAGGSYEQYF,CASSLAGGSYEQYF,TRBV5-1,TRBJ2-7,CAEMNSGYSTLTF,Donor AJD3280:LP TCRab CD4 Tph,1.000000,-,-,-,-,-,-,-,-,-,-,-
1311,SL%GGSYE,6.8e-02,2,2,1.5e-08,1.0e+00,1.4e-02,3.6e-02,1.0e-03,2.9e-02,global-SL%GGSYE,CASSLAGGSYEQYF,CASSLAGGSYEQYF,TRBV5-1,TRBJ2-7,CAEMNSGYSTLTF,Donor AJD3280:PB TCRab CD4 FOXP3+ Treg,1.000000,-,-,-,-,-,-,-,-,-,-,-
1311,SL%GGSYE,6.8e-02,2,2,1.5e-08,1.0e+00,1.4e-02,3.6e-02,1.0e-03,2.9e-02,global-SL%GGSYE,CASSLGGgSYEQYF,CASSLGGGSYEQYF,TRBV28,TRBJ2-7,CAASRHNNDMRF,Donor AJKQ118:PB TCRab CD4 Naive/TCM,1.000000,-,-,-,-,-,-,-,-,-,-,-

1312,SPGQG%YG,6.8e-02,1,2,1.8e-06,1.0e+00,6.2e-02,1.0e+00,1.0e-03,2.9e-02,global-SPGQG%YG,CASSPGQGNYGYTF,CASSPGQGNYGYTF,TRBV27,TRBJ1-2,CAVKKSGGYQKVTF,Donor AJD3280:LP TCRab CD4 FOXP3+ Treg,1.000000,-,-,-,-,-,-,-,-,-,-,-
1312,SPGQG%YG,6.8e-02,1,2,1.8e-06,1.0e+00,6.2e-02,1.0e+00,1.0e-03,2.9e-02,global-SPGQG%YG,CASSPGQGdYGYTF,CASSPGQGDYGYTF,TRBV18,TRBJ1-2,CAASGVEDAGNMLTF,Donor AJD3280:L TCRab CD4 Naive/TCM,1.000000,-,-,-,-,-,-,-,-,-,-,-

1313,S%SSYE,7.2e-02,1,3,1.2e-06,1.0e+00,1.9e-01,1.0e+00,1.0e-03,6.2e-03,global-S%SSYE,CAISEsSYEQYF,CAISESSYEQYF,TRBV10-3,TRBJ2-7,CAASMEYGNKLVF,Donor AJD3280:IEL TCRab CD4 Mobile TRM,1.000000,-,-,-,-,-,-,-,-,-,-,-
1313,S%SSYE,7.2e-02,1,3,1.2e-06,1.0e+00,1.9e-01,1.0e+00,1.0e-03,6.2e-03,global-S%SSYE,CSfSGsSYEQYF,CSFSGSSYEQYF,TRBV20-1,TRBJ2-7,CAGQSGSARQLTF,Donor AJD3280:L TCRab CD4 TRM,1.000000,-,-,-,-,-,-,-,-,-,-,-
1313,S%SSYE,7.2e-02,1,3,1.2e-06,1.0e+00,1.9e-01,1.0e+00,1.0e-03,6.2e-03,global-S%SSYE,CASSPsSYEQYF,CASSPSSYEQYF,TRBV3-1,TRBJ2-7,CAVISKVYGSARQLTF,Donor AJD3280:PB TCRab CD4 Naive/TCM,1.000000,-,-,-,-,-,-,-,-,-,-,-

1314,S%GTE,7.2e-02,2,3,1.1e-06,1.0e+00,1.7e-01,1.0e+00,1.0e-03,6.2e-03,global-S%GTE,CASSQgTEAFF,CASSQGTEAFF,TRBV6-5,TRBJ1-1,CAASPRGARLMF,Donor AJD3280:PB TCRab CD4 Naive/TCM,1.000000,-,-,-,-,-,-,-,-,-,-,-
1314,S%GTE,7.2e-02,2,3,1.1e-06,1.0e+00,1.7e-01,1.0e+00,1.0e-03,6.2e-03,global-S%GTE,CASSEgTEAFF,CASSEGTEAFF,TRBV6-4,TRBJ1-1,CVVSPSGGATNKLIF,Donor AJG2309:L TCRab CD4 FOXP3+ Treg,1.000000,-,-,-,-,-,-,-,-,-,-,-
1314,S%GTE,7.2e-02,2,3,1.1e-06,1.0e+00,1.7e-01,1.0e+00,1.0e-03,6.2e-03,global-S%GTE,CAWSvgTEAFF,CAWSVGTEAFF,TRBV30,TRBJ1-1,CVVRDSGGGADGLTF,Donor AJD3280:PB TCRab CD4 Naive/TCM,1.000000,-,-,-,-,-,-,-,-,-,-,-

1315,S%EYE,7.3e-02,1,2,1.8e-06,1.0e+00,6.3e-02,1.0e+00,1.0e-03,2.9e-02,global-S%EYE,CASSPeYEQYF,CASSPEYEQYF,TRBV2,TRBJ2-7,CALGHAGGTSYGKLTF,Donor AJKQ118:LP TCRab CD4 TRM,1.000000,-,-,-,-,-,-,-,-,-,-,-
1315,S%EYE,7.3e-02,1,2,1.8e-06,1.0e+00,6.3e-02,1.0e+00,1.0e-03,2.9e-02,global-S%EYE,CASSQeYEQYF,CASSQEYEQYF,TRBV3-1,TRBJ2-7,CAVLARPGNTGKLIF,Donor AJKQ118:PB TCRab CD4 Naive/TCM,1.000000,-,-,-,-,-,-,-,-,-,-,-

1316,SL%GNYG,7.3e-02,1,2,1.8e-06,1.0e+00,6.2e-02,1.0e+00,1.0e-03,2.9e-02,global-SL%GNYG,CASSLQGNYGYTF,CASSLQGNYGYTF,TRBV5-1,TRBJ1-2,CAGHSDGQKLLF,Donor AJD3280:PB TCRab CD4 Naive/TCM,1.000000,-,-,-,-,-,-,-,-,-,-,-
1316,SL%GNYG,7.3e-02,1,2,1.8e-06,1.0e+00,6.2e-02,1.0e+00,1.0e-03,2.9e-02,global-SL%GNYG,CASSLGGNYGYTF,CASSLGGNYGYTF,TRBV7-2,TRBJ1-2,CAVRDRASKIIF,Donor AJD3280:PB TCRab CD4 Naive/TCM,1.000000,-,-,-,-,-,-,-,-,-,-,-

1317,SLD%NTE,7.3e-02,1,2,2.3e-07,1.0e+00,8.0e-03,1.0e+00,1.0e-03,2.9e-02,global-SLD%NTE,CASSLdgNTEAFF,CASSLDGNTEAFF,TRBV7-9,TRBJ1-1,CAPRSNDYKLSF,Donor AJD3280:PB TCRab CD4 Naive/TCM,1.000000,-,-,-,-,-,-,-,-,-,-,-
1317,SLD%NTE,7.3e-02,1,2,2.3e-07,1.0e+00,8.0e-03,1.0e+00,1.0e-03,2.9e-02,global-SLD%NTE,CASSLdpNTEAFF,CASSLDPNTEAFF,TRBV11-3,TRBJ1-1,CAESPLNAGNMLTF,Donor AJD3280:LP TCRab CD4 Mobile TRM,1.000000,-,-,-,-,-,-,-,-,-,-,-
1317,SLD%NTE,7.3e-02,1,2,2.3e-07,1.0e+00,8.0e-03,1.0e+00,1.0e-03,2.9e-02,global-SLD%NTE,CASSLdpNTEAFF,CASSLDPNTEAFF,TRBV11-3,TRBJ1-1,CAVRVGFGNVLHC,Donor AJD3280:LP TCRab CD4 TRM,1.000000,-,-,-,-,-,-,-,-,-,-,-
1317,SLD%NTE,7.3e-02,1,2,2.3e-07,1.0e+00,8.0e-03,1.0e+00,1.0e-03,2.9e-02,global-SLD%NTE,CASSLdpNTEAFF,CASSLDPNTEAFF,TRBV11-3,TRBJ1-1,CAESPLNAGNMLTF,Donor AJD3280:LP TCRab CD4 TRM,1.000000,-,-,-,-,-,-,-,-,-,-,-

1318,SE%ET,7.3e-02,1,2,9.3e-10,1.0e+00,1.0e-03,3.2e-02,1.0e-03,2.9e-02,global-SE%ET,CASSEtETQYF,CASSETETQYF,TRBV2,TRBJ2-5,CALSPWGSARQLTF,Donor AJD3280:L TCRab CD4 TCM,1.000000,-,-,-,-,-,-,-,-,-,-,-
1318,SE%ET,7.3e-02,1,2,9.3e-10,1.0e+00,1.0e-03,3.2e-02,1.0e-03,2.9e-02,global-SE%ET,CASSEaETQYF,CASSEAETQYF,TRBV2,TRBJ2-5,CALSENNAGNMLTF,Donor AJD3280:LP TCRab CD4 FOXP3+ Treg,3.000000,-,-,-,-,-,-,-,-,-,-,-

1319,S%GQET,7.3e-02,2,2,4.8e-06,1.0e+00,1.6e-01,1.0e+00,1.0e-03,2.9e-02,global-S%GQET,CASSPgQETQYF,CASSPGQETQYF,TRBV12-4,TRBJ2-5,CAVSTTGRRALTF,Donor AJD3280:PB TCRab CD4 Naive/TCM,1.000000,-,-,-,-,-,-,-,-,-,-,-
1319,S%GQET,7.3e-02,2,2,4.8e-06,1.0e+00,1.6e-01,1.0e+00,1.0e-03,2.9e-02,global-S%GQET,CASSPgQETQYF,CASSPGQETQYF,TRBV2,TRBJ2-5,CAEISWRNYGGSQGNLIF,Donor AJKQ118:L TCRab CD4 TRM,1.000000,-,-,-,-,-,-,-,-,-,-,-
1319,S%GQET,7.3e-02,2,2,4.8e-06,1.0e+00,1.6e-01,1.0e+00,1.0e-03,2.9e-02,global-S%GQET,CASSLgQETQYF,CASSLGQETQYF,TRBV11-2,TRBJ2-5,CAATHNYQLIW,Donor AJKQ118:L TCRab CD4 Naive/TCM,1.000000,-,-,-,-,-,-,-,-,-,-,-

1320,%GDTE,7.3e-02,2,2,2.1e-07,1.0e+00,6.5e-02,1.1e-01,1.0e-03,2.9e-02,global-%GDTE,CASSgdTEAFF,CASSGDTEAFF,TRBV11-3,TRBJ1-1,CAGLRSNFGNEKLTF,Donor AJD3280:LP TCRab CD4 TRM,2.000000,-,-,-,-,-,-,-,-,-,-,-
1320,%GDTE,7.3e-02,2,2,2.1e-07,1.0e+00,6.5e-02,1.1e-01,1.0e-03,2.9e-02,global-%GDTE,CSVvgdTEAFF,CSVVGDTEAFF,TRBV29-1,TRBJ1-1,CAVFFDTGRRALTF,Donor AJG2309:PB TCRab CD4 FOXP3+ Treg,1.000000,-,-,-,-,-,-,-,-,-,-,-

1321,SLD%YE,7.3e-02,1,2,2.9e-08,1.0e+00,1.0e-03,1.0e+00,1.0e-03,2.9e-02,global-SLD%YE,CASSLdaYEQYF,CASSLDAYEQYF,TRBV5-1,TRBJ2-7,CAAGNSGGYNKLIF,Donor AJKQ118:L TCRab CD4 TRM,1.000000,-,-,-,-,-,-,-,-,-,-,-
1321,SLD%YE,7.3e-02,1,2,2.9e-08,1.0e+00,1.0e-03,1.0e+00,1.0e-03,2.9e-02,global-SLD%YE,CASSLdSYEQYF,CASSLDSYEQYF,TRBV5-1,TRBJ2-7,CAAGSPGNYGGSQGNLIF,Donor AJKQ118:PB TCRab CD4 Naive/TCM,1.000000,-,-,-,-,-,-,-,-,-,-,-

1322,SQG%YG,7.3e-02,2,2,1.8e-06,1.0e+00,6.3e-02,1.0e+00,1.0e-03,2.9e-02,global-SQG%YG,CASSQgaYGYTF,CASSQGAYGYTF,TRBV14,TRBJ1-2,CAASPRGSGSARQLTF,Donor AJG2309:LP TCRab CD4 TRM,1.000000,-,-,-,-,-,-,-,-,-,-,-
1322,SQG%YG,7.3e-02,2,2,1.8e-06,1.0e+00,6.3e-02,1.0e+00,1.0e-03,2.9e-02,global-SQG%YG,CASSQgNYGYTF,CASSQGNYGYTF,TRBV16,TRBJ1-2,CAVRLNTGNQFYF,Donor AJKQ118:PB TCRab CD4 Naive/TCM,1.000000,-,-,-,-,-,-,-,-,-,-,-

1323,R%TSTDT,7.3e-02,1,2,2.9e-08,1.0e+00,1.0e-03,1.0e+00,1.0e-03,2.9e-02,global-R%TSTDT,CATRGtSTDTQYF,CATRGTSTDTQYF,TRBV19,TRBJ2-3,CAGGSGGYNKLIF,Donor AJD3280:LP TCRab CD4 TRM,1.000000,-,-,-,-,-,-,-,-,-,-,-
1323,R%TSTDT,7.3e-02,1,2,2.9e-08,1.0e+00,1.0e-03,1.0e+00,1.0e-03,2.9e-02,global-R%TSTDT,CASrptSTDTQYF,CASRPTSTDTQYF,TRBV19,TRBJ2-3,CVVNITSGGTYKYIF,Donor AJD3280:LP TCRab CD4 TRM,1.000000,-,-,-,-,-,-,-,-,-,-,-

1324,SLA%TDT,7.3e-02,2,2,2.2e-06,1.0e+00,7.7e-02,1.0e+00,1.0e-03,2.9e-02,global-SLA%TDT,CASSLayTDTQYF,CASSLAYTDTQYF,TRBV7-7,TRBJ2-3,CAASVQGAQKLVF,Donor AJKQ118:PB TCRab CD4 Naive/TCM,1.000000,-,-,-,-,-,-,-,-,-,-,-
1324,SLA%TDT,7.3e-02,2,2,2.2e-06,1.0e+00,7.7e-02,1.0e+00,1.0e-03,2.9e-02,global-SLA%TDT,CASSLaaTDTQYF,CASSLAATDTQYF,TRBV7-9,TRBJ2-3,CAYNGYGGSQGNLIF,Donor AJD3280:IEL TCRab CD4 TRM,1.000000,-,-,-,-,-,-,-,-,-,-,-

1325,GTG%NTE,7.3e-02,2,2,4.9e-07,1.0e+00,9.8e-02,1.7e-01,1.0e-03,2.9e-02,global-GTG%NTE,CATGTGlNTEAFF,CATGTGLNTEAFF,TRBV5-1,TRBJ1-1,CAAQGGGFGNVLHC,Donor AJKQ118:L TCRab CD4 TRM,2.000000,-,-,-,-,-,-,-,-,-,-,-
1325,GTG%NTE,7.3e-02,2,2,4.9e-07,1.0e+00,9.8e-02,1.7e-01,1.0e-03,2.9e-02,global-GTG%NTE,CATGTGlNTEAFF,CATGTGLNTEAFF,TRBV5-1,TRBJ1-1,CAAQGGGFGNVLHC,Donor AJKQ118:LP TCRab CD4 TRM,1.000000,-,-,-,-,-,-,-,-,-,-,-
1325,GTG%NTE,7.3e-02,2,2,4.9e-07,1.0e+00,9.8e-02,1.7e-01,1.0e-03,2.9e-02,global-GTG%NTE,CSAGTGvNTEAFF,CSAGTGVNTEAFF,TRBV20-1,TRBJ1-1,CAASTRMDSSYKLIF,Donor AJD3280:PB TCRab CD4 Naive/TCM,1.000000,-,-,-,-,-,-,-,-,-,-,-

1326,SLGG%YE,7.3e-02,2,2,2.1e-06,1.0e+00,7.2e-02,1.0e+00,1.0e-03,2.9e-02,global-SLGG%YE,CASSLGGaYEQYF,CASSLGGAYEQYF,TRBV5-1,TRBJ2-7,CAASMGAQKLVF,Donor AJKQ118:PB TCRab CD4 Naive/TCM,1.000000,-,-,-,-,-,-,-,-,-,-,-
1326,SLGG%YE,7.3e-02,2,2,2.1e-06,1.0e+00,7.2e-02,1.0e+00,1.0e-03,2.9e-02,global-SLGG%YE,CAWSlGGSYEQYF,CAWSLGGSYEQYF,TRBV30,TRBJ2-7,CAVGFVSNYQLIW,Donor AJG2309:LP TCRab CD4 TRM,1.000000,-,-,-,-,-,-,-,-,-,-,-

1327,S%GTGAYE,7.3e-02,1,2,1.8e-06,1.0e+00,6.1e-02,1.0e+00,1.0e-03,2.9e-02,global-S%GTGAYE,CASSwGTGaYEQYF,CASSWGTGAYEQYF,TRBV12-3,TRBJ2-7,CAAASGGGADGLTF,Donor AJKQ118:PB TCRab CD4 Naive/TCM,1.000000,-,-,-,-,-,-,-,-,-,-,-
1327,S%GTGAYE,7.3e-02,1,2,1.8e-06,1.0e+00,6.1e-02,1.0e+00,1.0e-03,2.9e-02,global-S%GTGAYE,CASSSGTGaYEQYF,CASSSGTGAYEQYF,TRBV2,TRBJ2-7,CIPTNSGNTPLVF,Donor AJKQ118:PB TCRab CD4 Naive/TCM,1.000000,-,-,-,-,-,-,-,-,-,-,-

1328,R%STDT,7.5e-02,1,3,1.1e-06,1.0e+00,1.8e-01,1.0e+00,1.0e-03,6.2e-03,global-R%STDT,CASraSTDTQYF,CASRASTDTQYF,TRBV25-1,TRBJ2-3,CVVSYNTGNQFYF,Donor AJD3280:PB TCRab CD4 Naive/TCM,1.000000,-,-,-,-,-,-,-,-,-,-,-
1328,R%STDT,7.5e-02,1,3,1.1e-06,1.0e+00,1.8e-01,1.0e+00,1.0e-03,6.2e-03,global-R%STDT,CSARgSTDTQYF,CSARGSTDTQYF,TRBV20-1,TRBJ2-3,CAGGIIQGAQKLVF,Donor AJD3280:L TCRab CD4 TRM,1.000000,-,-,-,-,-,-,-,-,-,-,-
1328,R%STDT,7.5e-02,1,3,1.1e-06,1.0e+00,1.8e-01,1.0e+00,1.0e-03,6.2e-03,global-R%STDT,CASrlSTDTQYF,CASRLSTDTQYF,TRBV2,TRBJ2-3,CAVNSGGYQKVTF,Donor AJD3280:PB TCRab CD4 Naive/TCM,1.000000,-,-,-,-,-,-,-,-,-,-,-

1329,%SGET,7.8e-02,2,2,2.0e-06,1.0e+00,6.9e-02,1.0e+00,1.0e-03,2.9e-02,global-%SGET,CASSSgETQYF,CASSSGETQYF,TRBV19,TRBJ2-5,CAVRAGGGYNKLIF,Donor AJD3280:PB TCRab CD4 FOXP3+ Treg,1.000000,-,-,-,-,-,-,-,-,-,-,-
1329,%SGET,7.8e-02,2,2,2.0e-06,1.0e+00,6.9e-02,1.0e+00,1.0e-03,2.9e-02,global-%SGET,CSVlSGETQYF,CSVLSGETQYF,TRBV29-1,TRBJ2-5,CAATMDSSYKLIF,Donor AJKQ118:PB TCRab CD4 Naive/TCM,1.000000,-,-,-,-,-,-,-,-,-,-,-

1330,S%YQET,7.8e-02,1,2,2.0e-06,1.0e+00,7.0e-02,1.0e+00,1.0e-03,2.9e-02,global-S%YQET,CASSRyQETQYF,CASSRYQETQYF,TRBV7-2,TRBJ2-5,CAVNMGAFGNEKLTF,Donor AJKQ118:L TCRab CD4 TRM,1.000000,-,-,-,-,-,-,-,-,-,-,-
1330,S%YQET,7.8e-02,1,2,2.0e-06,1.0e+00,7.0e-02,1.0e+00,1.0e-03,2.9e-02,global-S%YQET,CASSPyQETQYF,CASSPYQETQYF,TRBV5-1,TRBJ2-5,CAVRIGFGNVLHC,Donor AJKQ118:PB TCRab CD4 FOXP3+ Treg,1.000000,-,-,-,-,-,-,-,-,-,-,-

1331,SLS%NTE,7.8e-02,2,2,2.2e-06,1.0e+00,7.7e-02,1.0e+00,1.0e-03,2.9e-02,global-SLS%NTE,CASSLstNTEAFF,CASSLSTNTEAFF,TRBV14,TRBJ1-1,CAMSRYSSASKIIF,Donor AJG2309:L TCRab CD4 TCM,1.000000,-,-,-,-,-,-,-,-,-,-,-
1331,SLS%NTE,7.8e-02,2,2,2.2e-06,1.0e+00,7.7e-02,1.0e+00,1.0e-03,2.9e-02,global-SLS%NTE,CASSLsmNTEAFF,CASSLSMNTEAFF,TRBV12-3,TRBJ1-1,CAASNFGNEKLTF,Donor AJKQ118:PB TCRab CD4 FOXP3+ Treg,1.000000,-,-,-,-,-,-,-,-,-,-,-

1332,%SQET,7.8e-02,1,2,1.9e-06,1.0e+00,6.5e-02,1.0e+00,1.0e-03,2.9e-02,global-%SQET,CSAasQETQYF,CSAASQETQYF,TRBV20-1,TRBJ2-5,CAAIAGGTSYGKLTF,Donor AJD3280:LP TCRab CD4 FOXP3+ Treg,1.000000,-,-,-,-,-,-,-,-,-,-,-
1332,%SQET,7.8e-02,1,2,1.9e-06,1.0e+00,6.5e-02,1.0e+00,1.0e-03,2.9e-02,global-%SQET,CASGsQETQYF,CASGSQETQYF,TRBV12-3,TRBJ2-5,CAVSVWMDSSYKLIF,Donor AJD3280:LP TCRab CD4 TRM,1.000000,-,-,-,-,-,-,-,-,-,-,-

1333,SD%YE,7.8e-02,2,2,1.7e-06,1.0e+00,5.7e-02,1.0e+00,1.0e-03,2.9e-02,global-SD%YE,CASSDnyEQFF,CASSDNYEQFF,TRBV28,TRBJ2-1,CAVNAKSGYSTLTF,Donor AJD3280:PB TCRab CD4 Naive/TCM,1.000000,-,-,-,-,-,-,-,-,-,-,-
1333,SD%YE,7.8e-02,2,2,1.7e-06,1.0e+00,5.7e-02,1.0e+00,1.0e-03,2.9e-02,global-SD%YE,CATSDfYEQYF,CATSDFYEQYF,TRBV24-1,TRBJ2-7,CAVGDPSGTYKYIF,Donor AJKQ118:L TCRab CD4 TCM,1.000000,-,-,-,-,-,-,-,-,-,-,-

1334,SL%RE,7.8e-02,1,2,1.7e-06,1.0e+00,5.9e-02,1.0e+00,1.0e-03,2.9e-02,global-SL%RE,CASSLDREAFF,CASSLDREAFF,TRBV11-3,TRBJ1-1,CAEMNSGYSTLTF,Donor AJD3280:LP TCRab CD4 Tph,1.000000,-,-,-,-,-,-,-,-,-,-,-
1334,SL%RE,7.8e-02,1,2,1.7e-06,1.0e+00,5.9e-02,1.0e+00,1.0e-03,2.9e-02,global-SL%RE,CASSLarEQYF,CASSLAREQYF,TRBV12-3,TRBJ2-7,CVAGKSTF,Donor AJD3280:L TCRab CD4 Naive/TCM,1.000000,-,-,-,-,-,-,-,-,-,-,-

1335,SL%GYG,7.8e-02,1,2,2.0e-06,1.0e+00,6.7e-02,1.0e+00,1.0e-03,2.9e-02,global-SL%GYG,CASSLmgYGYTF,CASSLMGYGYTF,TRBV12-4,TRBJ1-2,CAMREPSLGTASKLTF,Donor AJKQ118:L TCRab CD4 TRM,1.000000,-,-,-,-,-,-,-,-,-,-,-
1335,SL%GYG,7.8e-02,1,2,2.0e-06,1.0e+00,6.7e-02,1.0e+00,1.0e-03,2.9e-02,global-SL%GYG,CASSLdgYGYTF,CASSLDGYGYTF,TRBV7-2,TRBJ1-2,CALSDPRTASKLTF,Donor AJKQ118:PB TCRab CD4 Naive/TCM,1.000000,-,-,-,-,-,-,-,-,-,-,-

1336,SL%GGNE,7.8e-02,2,2,2.0e-06,1.0e+00,7.0e-02,1.0e+00,1.0e-03,2.9e-02,global-SL%GGNE,CASSLSGGNEQFF,CASSLSGGNEQFF,TRBV7-9,TRBJ2-1,CAASRDQAGTALIF,Donor AJKQ118:PB TCRab CD4 Naive/TCM,1.000000,-,-,-,-,-,-,-,-,-,-,-
1336,SL%GGNE,7.8e-02,2,2,2.0e-06,1.0e+00,7.0e-02,1.0e+00,1.0e-03,2.9e-02,global-SL%GGNE,CASSLAGGNEQFF,CASSLAGGNEQFF,TRBV6-2,TRBJ2-1,CAMKNSGGSNYKLTF,Donor AJD3280:LP TCRab CD4 Poised TCM,1.000000,-,-,-,-,-,-,-,-,-,-,-

1337,SLAG%SYE,7.8e-02,2,2,6.1e-09,1.0e+00,4.0e-03,5.2e-02,1.0e-03,2.9e-02,global-SLAG%SYE,CASSLAGGSYEQYF,CASSLAGGSYEQYF,TRBV5-1,TRBJ2-7,CAEMNSGYSTLTF,Donor AJD3280:IEL TCRab CD4 TRM,4.000000,-,-,-,-,-,-,-,-,-,-,-
1337,SLAG%SYE,7.8e-02,2,2,6.1e-09,1.0e+00,4.0e-03,5.2e-02,1.0e-03,2.9e-02,global-SLAG%SYE,CASSLAGGSYEQYF,CASSLAGGSYEQYF,TRBV5-1,TRBJ2-7,CAEMNSGYSTLTF,Donor AJD3280:LP TCRab CD4 Tph,1.000000,-,-,-,-,-,-,-,-,-,-,-
1337,SLAG%SYE,7.8e-02,2,2,6.1e-09,1.0e+00,4.0e-03,5.2e-02,1.0e-03,2.9e-02,global-SLAG%SYE,CASSLAGGSYEQYF,CASSLAGGSYEQYF,TRBV5-1,TRBJ2-7,CAEMNSGYSTLTF,Donor AJD3280:PB TCRab CD4 FOXP3+ Treg,1.000000,-,-,-,-,-,-,-,-,-,-,-
1337,SLAG%SYE,7.8e-02,2,2,6.1e-09,1.0e+00,4.0e-03,5.2e-02,1.0e-03,2.9e-02,global-SLAG%SYE,CASSLAGsSYEQYF,CASSLAGSSYEQYF,TRBV7-8,TRBJ2-7,CAGKSGGSYIPTF,Donor AJG2309:LP TCRab CD4 Poised TCM,1.000000,-,-,-,-,-,-,-,-,-,-,-

1338,SLGQ%NTE,7.8e-02,2,2,1.8e-06,1.0e+00,6.2e-02,1.0e+00,1.0e-03,2.9e-02,global-SLGQ%NTE,CASSLGQfNTEAFF,CASSLGQFNTEAFF,TRBV7-2,TRBJ1-1,CAVIGSSYKLIF,Donor AJKQ118:PB TCRab CD4 Naive/TCM,1.000000,-,-,-,-,-,-,-,-,-,-,-
1338,SLGQ%NTE,7.8e-02,2,2,1.8e-06,1.0e+00,6.2e-02,1.0e+00,1.0e-03,2.9e-02,global-SLGQ%NTE,CASSLGQlNTEAFF,CASSLGQLNTEAFF,TRBV5-1,TRBJ1-1,CAVNDSGGYNKLIF,Donor AJG2309:PB TCRab CD4 Naive/TCM,1.000000,-,-,-,-,-,-,-,-,-,-,-

1339,S%GQNYG,8.3e-02,2,2,2.1e-06,1.0e+00,7.1e-02,1.0e+00,1.0e-03,2.9e-02,global-S%GQNYG,CASSLGQNYGYTF,CASSLGQNYGYTF,TRBV7-9,TRBJ1-2,CAVNARGSTDKLIF,Donor AJKQ118:PB TCRab CD4 Naive/TCM,1.000000,-,-,-,-,-,-,-,-,-,-,-
1339,S%GQNYG,8.3e-02,2,2,2.1e-06,1.0e+00,7.1e-02,1.0e+00,1.0e-03,2.9e-02,global-S%GQNYG,CASSQGQNYGYTF,CASSQGQNYGYTF,TRBV14,TRBJ1-2,CAVYGGSQGNLIF,Donor AJD3280:LP TCRab CD4 FOXP3+ Treg,1.000000,-,-,-,-,-,-,-,-,-,-,-

1340,%QNTE,8.3e-02,2,2,2.0e-06,1.0e+00,6.7e-02,1.0e+00,1.0e-03,2.9e-02,global-%QNTE,CARtqNTEAFF,CARTQNTEAFF,TRBV5-5,TRBJ1-1,CILSSGSARQLTF,Donor AJKQ118:PB TCRab CD4 Naive/TCM,1.000000,-,-,-,-,-,-,-,-,-,-,-
1340,%QNTE,8.3e-02,2,2,2.0e-06,1.0e+00,6.7e-02,1.0e+00,1.0e-03,2.9e-02,global-%QNTE,CSAfqNTEAFF,CSAFQNTEAFF,TRBV20-1,TRBJ1-1,CAVISAAGNKLTF,Donor AJG2309:L TCRab CD4 TRM,1.000000,-,-,-,-,-,-,-,-,-,-,-

1341,RG%ET,8.3e-02,1,2,1.7e-06,1.0e+00,5.9e-02,1.0e+00,1.0e-03,2.9e-02,global-RG%ET,CASRGyETQYF,CASRGYETQYF,TRBV7-8,TRBJ2-5,CAYRRNDMRF,Donor AJD3280:PB TCRab CD4 FOXP3+ Treg,1.000000,-,-,-,-,-,-,-,-,-,-,-
1341,RG%ET,8.3e-02,1,2,1.7e-06,1.0e+00,5.9e-02,1.0e+00,1.0e-03,2.9e-02,global-RG%ET,CSARgvETQYF,CSARGVETQYF,TRBV20-1,TRBJ2-5,CGTENAGGTSYGKLTF,Donor AJD3280:LP TCRab CD4 Mobile TRM,1.000000,-,-,-,-,-,-,-,-,-,-,-

1342,S%NTDT,8.3e-02,1,2,5.7e-06,1.0e+00,1.9e-01,1.0e+00,1.0e-03,2.9e-02,global-S%NTDT,CASSQnTDTQYF,CASSQNTDTQYF,TRBV19,TRBJ2-3,CIVRVAGNEKLTF,Donor AJD3280:L TCRab CD4 Naive/TCM,1.000000,-,-,-,-,-,-,-,-,-,-,-
1342,S%NTDT,8.3e-02,1,2,5.7e-06,1.0e+00,1.9e-01,1.0e+00,1.0e-03,2.9e-02,global-S%NTDT,CASSLnTDTQYF,CASSLNTDTQYF,TRBV7-2,TRBJ2-3,CAATAGNNRKLIW,Donor AJD3280:LP TCRab CD4 TRM,1.000000,-,-,-,-,-,-,-,-,-,-,-
1342,S%NTDT,8.3e-02,1,2,5.7e-06,1.0e+00,1.9e-01,1.0e+00,1.0e-03,2.9e-02,global-S%NTDT,CASSLnTDTQYF,CASSLNTDTQYF,TRBV7-9,TRBJ2-3,CIAVNSGGSNYKLTF,Donor AJD3280:LP TCRab CD4 TRM,1.000000,-,-,-,-,-,-,-,-,-,-,-

1343,SLD%E,8.3e-02,1,2,2.0e-06,1.0e+00,6.8e-02,1.0e+00,1.0e-03,2.9e-02,global-SLD%E,CASSLDREAFF,CASSLDREAFF,TRBV11-3,TRBJ1-1,CAEMNSGYSTLTF,Donor AJD3280:LP TCRab CD4 Tph,1.000000,-,-,-,-,-,-,-,-,-,-,-
1343,SLD%E,8.3e-02,1,2,2.0e-06,1.0e+00,6.8e-02,1.0e+00,1.0e-03,2.9e-02,global-SLD%E,CASSLdTEAFF,CASSLDTEAFF,TRBV5-6,TRBJ1-1,CAYRSGSGGNTGKLIF,Donor AJD3280:PB TCRab CD4 Naive/TCM,1.000000,-,-,-,-,-,-,-,-,-,-,-

1344,SLG%GE,8.3e-02,1,2,2.0e-06,1.0e+00,6.7e-02,1.0e+00,1.0e-03,2.9e-02,global-SLG%GE,CASSLgvGELFF,CASSLGVGELFF,TRBV12-3,TRBJ2-2,CAVEANDMRF,Donor AJD3280:LP TCRab CD4 TRM,1.000000,-,-,-,-,-,-,-,-,-,-,-
1344,SLG%GE,8.3e-02,1,2,2.0e-06,1.0e+00,6.7e-02,1.0e+00,1.0e-03,2.9e-02,global-SLG%GE,CASSLGLGELFF,CASSLGLGELFF,TRBV7-2,TRBJ2-2,CAVGPTTSGTYKYIF,Donor AJD3280:IEL TCRab CD4 TRM,1.000000,-,-,-,-,-,-,-,-,-,-,-

1345,RDRG%E,8.3e-02,1,2,1.8e-06,1.0e+00,6.3e-02,1.0e+00,1.0e-03,2.9e-02,global-RDRG%E,CAIrDRGTEAFF,CAIRDRGTEAFF,TRBV10-3,TRBJ1-1,CAASRNTGNQFYF,Donor AJD3280:L TCRab CD4 TRM,1.000000,-,-,-,-,-,-,-,-,-,-,-
1345,RDRG%E,8.3e-02,1,2,1.8e-06,1.0e+00,6.3e-02,1.0e+00,1.0e-03,2.9e-02,global-RDRG%E,CASrDRGlEQYF,CASRDRGLEQYF,TRBV6-5,TRBJ2-7,CAATQIYNQGGKLIF,Donor AJD3280:IEL TCRab CD4 TRM,1.000000,-,-,-,-,-,-,-,-,-,-,-

1346,SLVG%E,8.3e-02,2,2,2.9e-08,1.0e+00,1.0e-03,1.0e+00,1.0e-03,2.9e-02,global-SLVG%E,CASSLvgNEQFF,CASSLVGNEQFF,TRBV7-2,TRBJ2-1,CAVRSYADSNYQLIW,Donor AJKQ118:IEL TCRab CD4 FOXP3+ Treg,1.000000,-,-,-,-,-,-,-,-,-,-,-
1346,SLVG%E,8.3e-02,2,2,2.9e-08,1.0e+00,1.0e-03,1.0e+00,1.0e-03,2.9e-02,global-SLVG%E,CASSLvgTEAFF,CASSLVGTEAFF,TRBV7-2,TRBJ1-1,CAVVVGTASKLTF,Donor AJD3280:L TCRab CD4 Naive/TCM,1.000000,-,-,-,-,-,-,-,-,-,-,-

1347,S%TNTGE,8.3e-02,2,2,1.8e-06,1.0e+00,6.1e-02,1.0e+00,1.0e-03,2.9e-02,global-S%TNTGE,CASSLtNTGELFF,CASSLTNTGELFF,TRBV5-1,TRBJ2-2,CAVATNTGNQFYF,Donor AJD3280:PB TCRab CD4 Naive/TCM,1.000000,-,-,-,-,-,-,-,-,-,-,-
1347,S%TNTGE,8.3e-02,2,2,1.8e-06,1.0e+00,6.1e-02,1.0e+00,1.0e-03,2.9e-02,global-S%TNTGE,CASSPtNTGELFF,CASSPTNTGELFF,TRBV5-8,TRBJ2-2,CAVRTHASGGSYIPTF,Donor AJG2309:PB TCRab CD4 Naive/TCM,1.000000,-,-,-,-,-,-,-,-,-,-,-

1348,S%SMNTE,8.3e-02,1,2,2.2e-06,1.0e+00,7.6e-02,1.0e+00,1.0e-03,2.9e-02,global-S%SMNTE,CASSSsmNTEAFF,CASSSSMNTEAFF,TRBV7-9,TRBJ1-1,CAARDGQKLLF,Donor AJKQ118:LP TCRab CD4 TRM,1.000000,-,-,-,-,-,-,-,-,-,-,-
1348,S%SMNTE,8.3e-02,1,2,2.2e-06,1.0e+00,7.6e-02,1.0e+00,1.0e-03,2.9e-02,global-S%SMNTE,CASSLsmNTEAFF,CASSLSMNTEAFF,TRBV12-3,TRBJ1-1,CAASNFGNEKLTF,Donor AJKQ118:PB TCRab CD4 FOXP3+ Treg,1.000000,-,-,-,-,-,-,-,-,-,-,-

1349,SL%STDT,8.3e-02,2,2,2.0e-06,1.0e+00,6.8e-02,1.0e+00,1.0e-03,2.9e-02,global-SL%STDT,CASSLgSTDTQYF,CASSLGSTDTQYF,TRBV5-6,TRBJ2-3,CAASSGGGSTLGRLYF,Donor AJD3280:IEL TCRab CD4 TRM,1.000000,-,-,-,-,-,-,-,-,-,-,-
1349,SL%STDT,8.3e-02,2,2,2.0e-06,1.0e+00,6.8e-02,1.0e+00,1.0e-03,2.9e-02,global-SL%STDT,CASSLrSTDTQYF,CASSLRSTDTQYF,TRBV7-2,TRBJ2-3,CIVFNDYKLSF,Donor AJG2309:LP TCRab CD4 Mobile TRM,1.000000,-,-,-,-,-,-,-,-,-,-,-

1350,SLG%YNE,8.3e-02,2,2,1.9e-06,1.0e+00,6.5e-02,1.0e+00,1.0e-03,2.9e-02,global-SLG%YNE,CASSLGGYNEQFF,CASSLGGYNEQFF,TRBV11-1,TRBJ2-1,CALSDPRGSNYKLTF,Donor AJD3280:PB TCRab CD4 Naive/TCM,1.000000,-,-,-,-,-,-,-,-,-,-,-
1350,SLG%YNE,8.3e-02,2,2,1.9e-06,1.0e+00,6.5e-02,1.0e+00,1.0e-03,2.9e-02,global-SLG%YNE,CASSLGRYNEQFF,CASSLGRYNEQFF,TRBV7-7,TRBJ2-1,CAASVSGAGKSTF,Donor AJKQ118:PB TCRab CD4 Naive/TCM,1.000000,-,-,-,-,-,-,-,-,-,-,-

1351,SPG%SYE,8.3e-02,3,2,5.2e-06,1.0e+00,1.8e-01,1.0e+00,1.0e-03,2.9e-02,global-SPG%SYE,CASSPGTSYEQYF,CASSPGTSYEQYF,TRBV6-5,TRBJ2-7,CAVTRYNTDKLIF,Donor AJG2309:PB TCRab CD4 Naive/TCM,1.000000,-,-,-,-,-,-,-,-,-,-,-
1351,SPG%SYE,8.3e-02,3,2,5.2e-06,1.0e+00,1.8e-01,1.0e+00,1.0e-03,2.9e-02,global-SPG%SYE,CASSPGTSYEQYF,CASSPGTSYEQYF,TRBV18,TRBJ2-7,CVVNPRGSGSARQLTF,Donor AJKQ118:LP TCRab CD4 FOXP3+ Treg,1.000000,-,-,-,-,-,-,-,-,-,-,-
1351,SPG%SYE,8.3e-02,3,2,5.2e-06,1.0e+00,1.8e-01,1.0e+00,1.0e-03,2.9e-02,global-SPG%SYE,CASSPGGSYEQYF,CASSPGGSYEQYF,TRBV13,TRBJ2-7,CAGPGGSTLGRLYF,Donor AJD3280:LP TCRab CD4 TRM,1.000000,-,-,-,-,-,-,-,-,-,-,-

1352,S%SGGTDT,8.3e-02,1,2,8.7e-11,1.0e+00,1.0e-03,3.0e-03,1.0e-03,2.9e-02,global-S%SGGTDT,CASSVSGGTDTQYF,CASSVSGGTDTQYF,TRBV6-4,TRBJ2-3,CVVITSGSARQLTF,Donor AJD3280:L TCRab CD4 TRM,1.000000,-,-,-,-,-,-,-,-,-,-,-
1352,S%SGGTDT,8.3e-02,1,2,8.7e-11,1.0e+00,1.0e-03,3.0e-03,1.0e-03,2.9e-02,global-S%SGGTDT,CASSTSGGTDTQYF,CASSTSGGTDTQYF,TRBV6-4,TRBJ2-3,CAVMDSNYQLIW,Donor AJD3280:L TCRab CD4 TRM,2.000000,-,-,-,-,-,-,-,-,-,-,-
1352,S%SGGTDT,8.3e-02,1,2,8.7e-11,1.0e+00,1.0e-03,3.0e-03,1.0e-03,2.9e-02,global-S%SGGTDT,CASSTSGGTDTQYF,CASSTSGGTDTQYF,TRBV6-4,TRBJ2-3,CVVIYNYGQNFVF,Donor AJD3280:L TCRab CD4 TRM,4.000000,-,-,-,-,-,-,-,-,-,-,-

1353,S%GQLNTE,8.3e-02,2,2,2.9e-08,1.0e+00,1.0e-03,1.0e+00,1.0e-03,2.9e-02,global-S%GQLNTE,CASSLGQlNTEAFF,CASSLGQLNTEAFF,TRBV5-1,TRBJ1-1,CAVNDSGGYNKLIF,Donor AJG2309:PB TCRab CD4 Naive/TCM,1.000000,-,-,-,-,-,-,-,-,-,-,-
1353,S%GQLNTE,8.3e-02,2,2,2.9e-08,1.0e+00,1.0e-03,1.0e+00,1.0e-03,2.9e-02,global-S%GQLNTE,CASSTGqlNTEAFF,CASSTGQLNTEAFF,TRBV5-1,TRBJ1-1,CAVRDYPTGGGNKLTF,Donor AJD3280:PB TCRab CD4 Naive/TCM,1.000000,-,-,-,-,-,-,-,-,-,-,-

1354,S%GGE,8.4e-02,3,3,3.0e-07,1.0e+00,5.0e-01,9.7e-02,1.0e-03,6.2e-03,global-S%GGE,CASSEGGEQYF,CASSEGGEQYF,TRBV6-1,TRBJ2-7,CAETPHSGNTPLVF,Donor AJD3280:L TCRab CD4 TCM,1.000000,-,-,-,-,-,-,-,-,-,-,-
1354,S%GGE,8.4e-02,3,3,3.0e-07,1.0e+00,5.0e-01,9.7e-02,1.0e-03,6.2e-03,global-S%GGE,CASSAGGEQFF,CASSAGGEQFF,TRBV7-3,TRBJ2-1,CAQASGTYKYIF,Donor AJG2309:LP TCRab CD4 TRM,2.000000,-,-,-,-,-,-,-,-,-,-,-
1354,S%GGE,8.4e-02,3,3,3.0e-07,1.0e+00,5.0e-01,9.7e-02,1.0e-03,6.2e-03,global-S%GGE,CASSLGGEQFF,CASSLGGEQFF,TRBV7-6,TRBJ2-1,CAVAGTNFGNEKLTF,Donor AJG2309:LP TCRab CD4 TRM,2.000000,-,-,-,-,-,-,-,-,-,-,-
1354,S%GGE,8.4e-02,3,3,3.0e-07,1.0e+00,5.0e-01,9.7e-02,1.0e-03,6.2e-03,global-S%GGE,CASSLGGEQFF,CASSLGGEQFF,TRBV11-1,TRBJ2-1,CAASSFYNQGGKLIF,Donor AJKQ118:PB TCRab CD4 FOXP3+ Treg,1.000000,-,-,-,-,-,-,-,-,-,-,-
1354,S%GGE,8.4e-02,3,3,3.0e-07,1.0e+00,5.0e-01,9.7e-02,1.0e-03,6.2e-03,global-S%GGE,CASSLGGEQFF,CASSLGGEQFF,TRBV7-9,TRBJ2-1,CAASAVNTNAGKSTF,Donor AJKQ118:PB TCRab CD4 Naive/TCM,1.000000,-,-,-,-,-,-,-,-,-,-,-

1355,S%QGYG,8.8e-02,2,2,1.9e-06,1.0e+00,6.5e-02,1.0e+00,1.0e-03,2.9e-02,global-S%QGYG,CASStQGYGYTF,CASSTQGYGYTF,TRBV7-2,TRBJ1-2,CAVTARGNARLMF,Donor AJG2309:PB TCRab CD4 Naive/TCM,1.000000,-,-,-,-,-,-,-,-,-,-,-
1355,S%QGYG,8.8e-02,2,2,1.9e-06,1.0e+00,6.5e-02,1.0e+00,1.0e-03,2.9e-02,global-S%QGYG,CASSVQGYGYTF,CASSVQGYGYTF,TRBV9,TRBJ1-2,CVVTPWVGGGNKLTF,Donor AJD3280:PB TCRab CD4 Naive/TCM,1.000000,-,-,-,-,-,-,-,-,-,-,-

1356,%QGGTE,8.8e-02,2,2,1.6e-06,1.0e+00,5.5e-02,1.0e+00,1.0e-03,2.9e-02,global-%QGGTE,CASSQGGTEAFF,CASSQGGTEAFF,TRBV16,TRBJ1-1,CGAGPAYGQNFVF,Donor AJKQ118:PB TCRab CD4 Naive/TCM,1.000000,-,-,-,-,-,-,-,-,-,-,-
1356,%QGGTE,8.8e-02,2,2,1.6e-06,1.0e+00,5.5e-02,1.0e+00,1.0e-03,2.9e-02,global-%QGGTE,CAIrQGgTEAFF,CAIRQGGTEAFF,TRBV10-3,TRBJ1-1,CAYRLQDNYGQNFVF,Donor AJD3280:L TCRab CD4 TRM,1.000000,-,-,-,-,-,-,-,-,-,-,-

1357,SL%NTE,8.8e-02,1,2,1.9e-06,1.0e+00,6.5e-02,1.0e+00,1.0e-03,2.9e-02,global-SL%NTE,CASSLsNTEAFF,CASSLSNTEAFF,TRBV11-2,TRBJ1-1,CAVQASHNDMRF,Donor AJD3280:LP TCRab CD4 TRM,1.000000,-,-,-,-,-,-,-,-,-,-,-
1357,SL%NTE,8.8e-02,1,2,1.9e-06,1.0e+00,6.5e-02,1.0e+00,1.0e-03,2.9e-02,global-SL%NTE,CASSLqNTEAFF,CASSLQNTEAFF,TRBV7-9,TRBJ1-1,CAVSLARGGTSYGKLTF,Donor AJD3280:LP TCRab CD4 TRM,1.000000,-,-,-,-,-,-,-,-,-,-,-

1358,S%GGNE,8.8e-02,2,2,4.5e-06,1.0e+00,1.6e-01,1.0e+00,1.0e-03,2.9e-02,global-S%GGNE,CASSPGGNEQFF,CASSPGGNEQFF,TRBV7-9,TRBJ2-1,CAGYGNKLVF,Donor AJD3280:PB TCRab CD4 Naive/TCM,1.000000,-,-,-,-,-,-,-,-,-,-,-
1358,S%GGNE,8.8e-02,2,2,4.5e-06,1.0e+00,1.6e-01,1.0e+00,1.0e-03,2.9e-02,global-S%GGNE,CASSPGGNEQFF,CASSPGGNEQFF,TRBV7-3,TRBJ2-1,CATANSGGGADGLTF,Donor AJKQ118:PB TCRab CD4 Naive/TCM,1.000000,-,-,-,-,-,-,-,-,-,-,-
1358,S%GGNE,8.8e-02,2,2,4.5e-06,1.0e+00,1.6e-01,1.0e+00,1.0e-03,2.9e-02,global-S%GGNE,CASSLGGNEQFF,CASSLGGNEQFF,TRBV12-3,TRBJ2-1,CAASPNHSGNTPLVF,Donor AJKQ118:PB TCRab CD4 Naive/TCM,1.000000,-,-,-,-,-,-,-,-,-,-,-

1359,S%RLNTE,8.8e-02,2,2,2.9e-08,1.0e+00,1.0e-03,1.0e+00,1.0e-03,2.9e-02,global-S%RLNTE,CASSRrlNTEAFF,CASSRRLNTEAFF,TRBV12-4,TRBJ1-1,CAYRKDYGGSQGNLIF,Donor AJD3280:LP TCRab CD4 TRM,1.000000,-,-,-,-,-,-,-,-,-,-,-
1359,S%RLNTE,8.8e-02,2,2,2.9e-08,1.0e+00,1.0e-03,1.0e+00,1.0e-03,2.9e-02,global-S%RLNTE,CASSLrlNTEAFF,CASSLRLNTEAFF,TRBV12-4,TRBJ1-1,CAATGTASKLTF,Donor AJKQ118:PB TCRab CD4 Naive/TCM,1.000000,-,-,-,-,-,-,-,-,-,-,-

1360,SLAG%YE,8.8e-02,1,2,2.0e-06,1.0e+00,6.9e-02,1.0e+00,1.0e-03,2.9e-02,global-SLAG%YE,CASSLAGvYEQYF,CASSLAGVYEQYF,TRBV11-1,TRBJ2-7,CAVRDMRNQGGKLIF,Donor AJD3280:LP TCRab CD4 TRM,1.000000,-,-,-,-,-,-,-,-,-,-,-
1360,SLAG%YE,8.8e-02,1,2,2.0e-06,1.0e+00,6.9e-02,1.0e+00,1.0e-03,2.9e-02,global-SLAG%YE,CASSLaGTYEQYF,CASSLAGTYEQYF,TRBV5-4,TRBJ2-7,CAVTPRSGGYNKLIF,Donor AJD3280:PB TCRab CD4 Naive/TCM,1.000000,-,-,-,-,-,-,-,-,-,-,-

1361,SG%TE,9.4e-02,1,2,2.7e-07,1.0e+00,7.9e-02,1.2e-01,1.0e-03,2.9e-02,global-SG%TE,CAISGLTEAFF,CAISGLTEAFF,TRBV10-3,TRBJ1-1,CAYRETTSGTYKYIF,Donor AJD3280:IEL TCRab CD4 FOXP3+ Treg,1.000000,-,-,-,-,-,-,-,-,-,-,-
1361,SG%TE,9.4e-02,1,2,2.7e-07,1.0e+00,7.9e-02,1.2e-01,1.0e-03,2.9e-02,global-SG%TE,CASSgdTEAFF,CASSGDTEAFF,TRBV11-3,TRBJ1-1,CAGLRSNFGNEKLTF,Donor AJD3280:LP TCRab CD4 TRM,2.000000,-,-,-,-,-,-,-,-,-,-,-

1362,S%DRGE,9.4e-02,2,2,1.9e-06,1.0e+00,6.6e-02,1.0e+00,1.0e-03,2.9e-02,global-S%DRGE,CASSLDRGEQYF,CASSLDRGEQYF,TRBV7-8,TRBJ2-7,CALHASGGSYIPTF,Donor AJG2309:LP TCRab CD4 FOXP3+ Treg,1.000000,-,-,-,-,-,-,-,-,-,-,-
1362,S%DRGE,9.4e-02,2,2,1.9e-06,1.0e+00,6.6e-02,1.0e+00,1.0e-03,2.9e-02,global-S%DRGE,CASSPDRGELFF,CASSPDRGELFF,TRBV5-4,TRBJ2-2,CAMTKTGANNLFF,Donor AJD3280:LP TCRab CD4 TRM,1.000000,-,-,-,-,-,-,-,-,-,-,-

1363,S%GDYG,9.4e-02,1,2,3.4e-06,1.0e+00,1.2e-01,1.0e+00,1.0e-03,2.9e-02,global-S%GDYG,CASSwgdYGYTF,CASSWGDYGYTF,TRBV6-2,TRBJ1-2,CAASDDKIIF,Donor AJD3280:LP TCRab CD4 TRM,1.000000,-,-,-,-,-,-,-,-,-,-,-
1363,S%GDYG,9.4e-02,1,2,3.4e-06,1.0e+00,1.2e-01,1.0e+00,1.0e-03,2.9e-02,global-S%GDYG,CASSfgdYGYTF,CASSFGDYGYTF,TRBV7-6,TRBJ1-2,CAASPQSQGAQKLVF,Donor AJD3280:L TCRab CD4 TCM,1.000000,-,-,-,-,-,-,-,-,-,-,-
1363,S%GDYG,9.4e-02,1,2,3.4e-06,1.0e+00,1.2e-01,1.0e+00,1.0e-03,2.9e-02,global-S%GDYG,CASSfgdYGYTF,CASSFGDYGYTF,TRBV7-6,TRBJ1-2,CAASPQSQGAQKLVF,Donor AJD3280:L TCRab CD4 TRM,1.000000,-,-,-,-,-,-,-,-,-,-,-

1364,SP%GGE,9.4e-02,2,2,2.2e-06,1.0e+00,7.4e-02,1.0e+00,1.0e-03,2.9e-02,global-SP%GGE,CASSPSGGEQYF,CASSPSGGEQYF,TRBV3-1,TRBJ2-7,CAVGSGTYKYIF,Donor AJD3280:IEL TCRab CD4 TRM,1.000000,-,-,-,-,-,-,-,-,-,-,-
1364,SP%GGE,9.4e-02,2,2,2.2e-06,1.0e+00,7.4e-02,1.0e+00,1.0e-03,2.9e-02,global-SP%GGE,CASSPmGGEQFF,CASSPMGGEQFF,TRBV7-2,TRBJ2-1,CAVRGSGGYNKLIF,Donor AJKQ118:PB TCRab CD4 Naive/TCM,1.000000,-,-,-,-,-,-,-,-,-,-,-

1365,%GGNYG,9.4e-02,2,2,3.6e-09,1.0e+00,1.0e-03,1.2e-01,1.0e-03,2.9e-02,global-%GGNYG,CSAAGGNYGYTF,CSAAGGNYGYTF,TRBV20-1,TRBJ1-2,CAASRQGGKLIF,Donor AJG2309:LP TCRab CD4 FOXP3+ Treg,1.000000,-,-,-,-,-,-,-,-,-,-,-
1365,%GGNYG,9.4e-02,2,2,3.6e-09,1.0e+00,1.0e-03,1.2e-01,1.0e-03,2.9e-02,global-%GGNYG,CSASGGNYGYTF,CSASGGNYGYTF,TRBV20-1,TRBJ1-2,CAVGYNNNDMRF,Donor AJKQ118:LP TCRab CD4 Mobile TRM,2.000000,-,-,-,-,-,-,-,-,-,-,-

1366,R%GGTE,9.4e-02,2,2,1.7e-06,1.0e+00,6.0e-02,1.0e+00,1.0e-03,2.9e-02,global-R%GGTE,CSARTGGTEAFF,CSARTGGTEAFF,TRBV20-1,TRBJ1-1,CAENMYGGFKTIF,Donor AJG2309:L TCRab CD4 TRM,1.000000,-,-,-,-,-,-,-,-,-,-,-
1366,R%GGTE,9.4e-02,2,2,1.7e-06,1.0e+00,6.0e-02,1.0e+00,1.0e-03,2.9e-02,global-R%GGTE,CAIrQGgTEAFF,CAIRQGGTEAFF,TRBV10-3,TRBJ1-1,CAYRLQDNYGQNFVF,Donor AJD3280:L TCRab CD4 TRM,1.000000,-,-,-,-,-,-,-,-,-,-,-

1367,SS%QET,9.4e-02,1,2,1.7e-06,1.0e+00,5.8e-02,1.0e+00,1.0e-03,2.9e-02,global-SS%QET,CASSSrQETQYF,CASSSRQETQYF,TRBV6-2,TRBJ2-5,CAVQAYGGTSYGKLTF,Donor AJG2309:LP TCRab CD4 TRM,1.000000,-,-,-,-,-,-,-,-,-,-,-
1367,SS%QET,9.4e-02,1,2,1.7e-06,1.0e+00,5.8e-02,1.0e+00,1.0e-03,2.9e-02,global-SS%QET,CAWSsnQETQYF,CAWSSNQETQYF,TRBV30,TRBJ2-5,CAEKGGAQKLVF,Donor AJG2309:LP TCRab CD4 Naive/TCM,1.000000,-,-,-,-,-,-,-,-,-,-,-

1368,%LQET,9.4e-02,2,2,4.9e-06,1.0e+00,1.7e-01,1.0e+00,1.0e-03,2.9e-02,global-%LQET,CASrlQETQYF,CASRLQETQYF,TRBV28,TRBJ2-5,CAESLNSGYSTLTF,Donor AJD3280:PB TCRab CD4 Naive/TCM,1.000000,-,-,-,-,-,-,-,-,-,-,-
1368,%LQET,9.4e-02,2,2,4.9e-06,1.0e+00,1.7e-01,1.0e+00,1.0e-03,2.9e-02,global-%LQET,CASSLQETQYF,CASSLQETQYF,TRBV5-1,TRBJ2-5,CVVRYTGNQFYF,Donor AJD3280:LP TCRab CD4 Poised TCM,1.000000,-,-,-,-,-,-,-,-,-,-,-
1368,%LQET,9.4e-02,2,2,4.9e-06,1.0e+00,1.7e-01,1.0e+00,1.0e-03,2.9e-02,global-%LQET,CASSLQETQYF,CASSLQETQYF,TRBV5-5,TRBJ2-5,CAARDSGTYKYIF,Donor AJKQ118:PB TCRab CD4 Naive/TCM,1.000000,-,-,-,-,-,-,-,-,-,-,-

1369,S%GADT,9.4e-02,2,2,1.9e-06,1.0e+00,6.5e-02,1.0e+00,1.0e-03,2.9e-02,global-S%GADT,CASSwgaDTQYF,CASSWGADTQYF,TRBV6-1,TRBJ2-3,CATSRQGAQKLVF,Donor AJD3280:IEL TCRab CD4 FOXP3+ Treg,1.000000,-,-,-,-,-,-,-,-,-,-,-
1369,S%GADT,9.4e-02,2,2,1.9e-06,1.0e+00,6.5e-02,1.0e+00,1.0e-03,2.9e-02,global-S%GADT,CAISigaDTQYF,CAISIGADTQYF,TRBV10-3,TRBJ2-3,CAFGGTQGGSEKLVF,Donor AJKQ118:PB TCRab CD4 FOXP3+ Treg,1.000000,-,-,-,-,-,-,-,-,-,-,-

1370,S%GSYNE,9.4e-02,2,2,2.0e-06,1.0e+00,6.9e-02,1.0e+00,1.0e-03,2.9e-02,global-S%GSYNE,CASSfgSYNEQFF,CASSFGSYNEQFF,TRBV11-2,TRBJ2-1,CAGSNFGNEKLTF,Donor AJG2309:PB TCRab CD4 Naive/TCM,1.000000,-,-,-,-,-,-,-,-,-,-,-
1370,S%GSYNE,9.4e-02,2,2,2.0e-06,1.0e+00,6.9e-02,1.0e+00,1.0e-03,2.9e-02,global-S%GSYNE,CASSIgSYNEQFF,CASSIGSYNEQFF,TRBV19,TRBJ2-1,CAVGDTGAGSYQLTF,Donor AJKQ118:PB TCRab CD4 Naive/TCM,1.000000,-,-,-,-,-,-,-,-,-,-,-

1371,%GQPNTE,9.4e-02,1,2,2.0e-10,1.0e+00,1.0e-03,7.0e-03,1.0e-03,2.9e-02,global-%GQPNTE,CAWnGQpNTEAFF,CAWNGQPNTEAFF,TRBV30,TRBJ1-1,CASLRGGADGLTF,Donor AJKQ118:PB TCRab CD4 Naive/TCM,1.000000,-,-,-,-,-,-,-,-,-,-,-
1371,%GQPNTE,9.4e-02,1,2,2.0e-10,1.0e+00,1.0e-03,7.0e-03,1.0e-03,2.9e-02,global-%GQPNTE,CSASGQpNTEAFF,CSASGQPNTEAFF,TRBV20-1,TRBJ1-1,CVVNRFSDGQKLLF,Donor AJKQ118:IEL TCRab CD4 Mobile TRM,1.000000,-,-,-,-,-,-,-,-,-,-,-
1371,%GQPNTE,9.4e-02,1,2,2.0e-10,1.0e+00,1.0e-03,7.0e-03,1.0e-03,2.9e-02,global-%GQPNTE,CSASGQpNTEAFF,CSASGQPNTEAFF,TRBV20-1,TRBJ1-1,CVVIPYSSASKIIF,Donor AJKQ118:IEL TCRab CD4 Mobile TRM,3.000000,-,-,-,-,-,-,-,-,-,-,-
1371,%GQPNTE,9.4e-02,1,2,2.0e-10,1.0e+00,1.0e-03,7.0e-03,1.0e-03,2.9e-02,global-%GQPNTE,CSASGQpNTEAFF,CSASGQPNTEAFF,TRBV20-1,TRBJ1-1,CVVNRFSDGQKLLF,Donor AJKQ118:L TCRab CD4 TRM,1.000000,-,-,-,-,-,-,-,-,-,-,-
1371,%GQPNTE,9.4e-02,1,2,2.0e-10,1.0e+00,1.0e-03,7.0e-03,1.0e-03,2.9e-02,global-%GQPNTE,CSASGQpNTEAFF,CSASGQPNTEAFF,TRBV20-1,TRBJ1-1,CVVNRFSDGQKLLF,Donor AJKQ118:LP TCRab CD4 Mobile TRM,5.000000,-,-,-,-,-,-,-,-,-,-,-
1371,%GQPNTE,9.4e-02,1,2,2.0e-10,1.0e+00,1.0e-03,7.0e-03,1.0e-03,2.9e-02,global-%GQPNTE,CSASGQpNTEAFF,CSASGQPNTEAFF,TRBV20-1,TRBJ1-1,CVVNRFSDGQKLLF,Donor AJKQ118:LP TCRab CD4 TRM,3.000000,-,-,-,-,-,-,-,-,-,-,-
1371,%GQPNTE,9.4e-02,1,2,2.0e-10,1.0e+00,1.0e-03,7.0e-03,1.0e-03,2.9e-02,global-%GQPNTE,CSASGQpNTEAFF,CSASGQPNTEAFF,TRBV20-1,TRBJ1-1,CVVIPYSSASKIIF,Donor AJKQ118:LP TCRab CD4 TRM,1.000000,-,-,-,-,-,-,-,-,-,-,-

1372,SL%RNTE,9.4e-02,1,2,1.9e-06,1.0e+00,6.6e-02,1.0e+00,1.0e-03,2.9e-02,global-SL%RNTE,CASSLkrNTEAFF,CASSLKRNTEAFF,TRBV12-3,TRBJ1-1,CAGPYNNNDMRF,Donor AJKQ118:PB TCRab CD4 Naive/TCM,1.000000,-,-,-,-,-,-,-,-,-,-,-
1372,SL%RNTE,9.4e-02,1,2,1.9e-06,1.0e+00,6.6e-02,1.0e+00,1.0e-03,2.9e-02,global-SL%RNTE,CASSLarNTEAFF,CASSLARNTEAFF,TRBV7-6,TRBJ1-1,CATDLTGRRALTF,Donor AJKQ118:PB TCRab CD4 FOXP3+ Treg,1.000000,-,-,-,-,-,-,-,-,-,-,-

1373,SSG%SYE,9.4e-02,2,2,2.0e-06,1.0e+00,6.9e-02,1.0e+00,1.0e-03,2.9e-02,global-SSG%SYE,CASSSgiSYEQYF,CASSSGISYEQYF,TRBV7-3,TRBJ2-7,CALGNTGKLIF,Donor AJG2309:LP TCRab CD4 FOXP3+ Treg,1.000000,-,-,-,-,-,-,-,-,-,-,-
1373,SSG%SYE,9.4e-02,2,2,2.0e-06,1.0e+00,6.9e-02,1.0e+00,1.0e-03,2.9e-02,global-SSG%SYE,CSASSGaSYEQYF,CSASSGASYEQYF,TRBV20-1,TRBJ2-7,CVVNGNNFNKFYF,Donor AJD3280:L TCRab CD4 TCM,1.000000,-,-,-,-,-,-,-,-,-,-,-

1374,SL%GGTDT,9.4e-02,1,2,1.4e-07,1.0e+00,4.6e-02,1.0e-01,1.0e-03,2.9e-02,global-SL%GGTDT,CASSLGGgTDTQYF,CASSLGGGTDTQYF,TRBV27,TRBJ2-3,CAVLNTGGFKTIF,Donor AJG2309:LP TCRab CD4 FOXP3+ Treg,2.000000,-,-,-,-,-,-,-,-,-,-,-
1374,SL%GGTDT,9.4e-02,1,2,1.4e-07,1.0e+00,4.6e-02,1.0e-01,1.0e-03,2.9e-02,global-SL%GGTDT,CASSLvGGTDTQYF,CASSLVGGTDTQYF,TRBV5-5,TRBJ2-3,CAASIKAAGNKLTF,Donor AJG2309:IEL TCRab CD4 TRM,1.000000,-,-,-,-,-,-,-,-,-,-,-

1375,SS%YG,9.9e-02,2,2,6.6e-09,1.0e+00,4.0e-03,5.7e-02,1.0e-03,2.9e-02,global-SS%YG,CSASsdYGYTF,CSASSDYGYTF,TRBV20-1,TRBJ1-2,CAVERRSGNTPLVF,Donor AJD3280:LP TCRab CD4 Mobile TRM,3.000000,-,-,-,-,-,-,-,-,-,-,-
1375,SS%YG,9.9e-02,2,2,6.6e-09,1.0e+00,4.0e-03,5.7e-02,1.0e-03,2.9e-02,global-SS%YG,CSASsdYGYTF,CSASSDYGYTF,TRBV20-1,TRBJ1-2,CAVERRSGNTPLVF,Donor AJD3280:LP TCRab CD4 TRM,1.000000,-,-,-,-,-,-,-,-,-,-,-
1375,SS%YG,9.9e-02,2,2,6.6e-09,1.0e+00,4.0e-03,5.7e-02,1.0e-03,2.9e-02,global-SS%YG,CAWSsNYGYTF,CAWSSNYGYTF,TRBV30,TRBJ1-2,CARSGSARQLTF,Donor AJG2309:LP TCRab CD4 Poised TCM,1.000000,-,-,-,-,-,-,-,-,-,-,-

1376,SR%DE,9.9e-02,1,2,7.9e-08,1.0e+00,6.2e-02,4.4e-02,1.0e-03,2.9e-02,global-SR%DE,CASSRsdEQYF,CASSRSDEQYF,TRBV3-1,TRBJ2-7,CAVGARGNTGKLIF,Donor AJD3280:LP TCRab CD4 Tph,2.000000,-,-,-,-,-,-,-,-,-,-,-
1376,SR%DE,9.9e-02,1,2,7.9e-08,1.0e+00,6.2e-02,4.4e-02,1.0e-03,2.9e-02,global-SR%DE,CATSRedEQFF,CATSREDEQFF,TRBV15,TRBJ2-1,CVVNQDGGFKTIF,Donor AJD3280:LP TCRab CD4 TRM,2.000000,-,-,-,-,-,-,-,-,-,-,-

1377,S%TGYG,9.9e-02,2,2,2.6e-06,1.0e+00,8.8e-02,1.0e+00,1.0e-03,2.9e-02,global-S%TGYG,CASSQTGYGYTF,CASSQTGYGYTF,TRBV12-4,TRBJ1-2,CAASARTSYDKVIF,Donor AJKQ118:LP TCRab CD4 Poised TCM,1.000000,-,-,-,-,-,-,-,-,-,-,-
1377,S%TGYG,9.9e-02,2,2,2.6e-06,1.0e+00,8.8e-02,1.0e+00,1.0e-03,2.9e-02,global-S%TGYG,CASSYTGYGYTF,CASSYTGYGYTF,TRBV6-5,TRBJ1-2,CVVNWASNTGKLIF,Donor AJG2309:PB TCRab CD4 Naive/TCM,1.000000,-,-,-,-,-,-,-,-,-,-,-

1378,SPG%YE,9.9e-02,1,2,2.9e-08,1.0e+00,1.0e-03,1.0e+00,1.0e-03,2.9e-02,global-SPG%YE,CASSPgSYEQYF,CASSPGSYEQYF,TRBV18,TRBJ2-7,CAMRPSGTYKYIF,Donor AJD3280:LP TCRab CD4 FOXP3+ Treg,1.000000,-,-,-,-,-,-,-,-,-,-,-
1378,SPG%YE,9.9e-02,1,2,2.9e-08,1.0e+00,1.0e-03,1.0e+00,1.0e-03,2.9e-02,global-SPG%YE,CASSPgaYEQYF,CASSPGAYEQYF,TRBV18,TRBJ2-7,CIVRDGTSYDKVIF,Donor AJD3280:LP TCRab CD4 Tph,1.000000,-,-,-,-,-,-,-,-,-,-,-

1379,SLG%YE,9.9e-02,2,2,2.1e-06,1.0e+00,7.1e-02,1.0e+00,1.0e-03,2.9e-02,global-SLG%YE,CASSLgSYEQYF,CASSLGSYEQYF,TRBV7-6,TRBJ2-7,CAYRSAAGNTGKLIF,Donor AJKQ118:PB TCRab CD4 Naive/TCM,1.000000,-,-,-,-,-,-,-,-,-,-,-
1379,SLG%YE,9.9e-02,2,2,2.1e-06,1.0e+00,7.1e-02,1.0e+00,1.0e-03,2.9e-02,global-SLG%YE,CASSLGRYEQYF,CASSLGRYEQYF,TRBV14,TRBJ2-7,CAVNDAGNMLTF,Donor AJG2309:PB TCRab CD4 Naive/TCM,1.000000,-,-,-,-,-,-,-,-,-,-,-

1380,%GQET,9.9e-02,2,2,1.9e-06,1.0e+00,6.6e-02,1.0e+00,1.0e-03,2.9e-02,global-%GQET,CASSgQETQYF,CASSGQETQYF,TRBV5-1,TRBJ2-5,CAANSNTGKLIF,Donor AJD3280:L TCRab CD4 FOXP3+ Treg,1.000000,-,-,-,-,-,-,-,-,-,-,-
1380,%GQET,9.9e-02,2,2,1.9e-06,1.0e+00,6.6e-02,1.0e+00,1.0e-03,2.9e-02,global-%GQET,CASTgQETQYF,CASTGQETQYF,TRBV2,TRBJ2-5,CAVRDTMGGGNKLTF,Donor AJKQ118:PB TCRab CD4 Naive/TCM,1.000000,-,-,-,-,-,-,-,-,-,-,-

1381,SL%SYE,9.9e-02,1,2,2.0e-06,1.0e+00,6.7e-02,1.0e+00,1.0e-03,2.9e-02,global-SL%SYE,CASSLgSYEQYF,CASSLGSYEQYF,TRBV7-6,TRBJ2-7,CAYRSAAGNTGKLIF,Donor AJKQ118:PB TCRab CD4 Naive/TCM,1.000000,-,-,-,-,-,-,-,-,-,-,-
1381,SL%SYE,9.9e-02,1,2,2.0e-06,1.0e+00,6.7e-02,1.0e+00,1.0e-03,2.9e-02,global-SL%SYE,CASSLdSYEQYF,CASSLDSYEQYF,TRBV5-1,TRBJ2-7,CAAGSPGNYGGSQGNLIF,Donor AJKQ118:PB TCRab CD4 Naive/TCM,1.000000,-,-,-,-,-,-,-,-,-,-,-

1382,SP%GNE,9.9e-02,2,2,6.7e-07,1.0e+00,1.6e-01,1.4e-01,1.0e-03,2.9e-02,global-SP%GNE,CASSPGGNEQFF,CASSPGGNEQFF,TRBV7-9,TRBJ2-1,CAGYGNKLVF,Donor AJD3280:PB TCRab CD4 Naive/TCM,1.000000,-,-,-,-,-,-,-,-,-,-,-
1382,SP%GNE,9.9e-02,2,2,6.7e-07,1.0e+00,1.6e-01,1.4e-01,1.0e-03,2.9e-02,global-SP%GNE,CASSPGGNEQFF,CASSPGGNEQFF,TRBV7-3,TRBJ2-1,CATANSGGGADGLTF,Donor AJKQ118:PB TCRab CD4 Naive/TCM,1.000000,-,-,-,-,-,-,-,-,-,-,-
1382,SP%GNE,9.9e-02,2,2,6.7e-07,1.0e+00,1.6e-01,1.4e-01,1.0e-03,2.9e-02,global-SP%GNE,CASSPlgNEQFF,CASSPLGNEQFF,TRBV3-1,TRBJ2-1,CAQAPISGTYKYIF,Donor AJKQ118:LP TCRab CD4 TRM,2.000000,-,-,-,-,-,-,-,-,-,-,-

1383,%TSGTDT,9.9e-02,1,2,2.9e-08,1.0e+00,1.0e-03,1.0e+00,1.0e-03,2.9e-02,global-%TSGTDT,CSAwTSGTDTQYF,CSAWTSGTDTQYF,TRBV20-1,TRBJ2-3,CAYRKGKSGNTPLVF,Donor AJG2309:IEL TCRab CD4 TRM,1.000000,-,-,-,-,-,-,-,-,-,-,-
1383,%TSGTDT,9.9e-02,1,2,2.9e-08,1.0e+00,1.0e-03,1.0e+00,1.0e-03,2.9e-02,global-%TSGTDT,CSARTSGTDTQYF,CSARTSGTDTQYF,TRBV20-1,TRBJ2-3,CAVNEGGGGNKLTF,Donor AJG2309:PB TCRab CD4 Naive/TCM,1.000000,-,-,-,-,-,-,-,-,-,-,-

1384,SG%MNTE,9.9e-02,2,2,2.0e-06,1.0e+00,6.8e-02,1.0e+00,1.0e-03,2.9e-02,global-SG%MNTE,CASSGLmNTEAFF,CASSGLMNTEAFF,TRBV12-5,TRBJ1-1,CGTVNTDKLIF,Donor AJD3280:LP TCRab CD4 TRM,1.000000,-,-,-,-,-,-,-,-,-,-,-
1384,SG%MNTE,9.9e-02,2,2,2.0e-06,1.0e+00,6.8e-02,1.0e+00,1.0e-03,2.9e-02,global-SG%MNTE,CSASGQmNTEAFF,CSASGQMNTEAFF,TRBV20-1,TRBJ1-1,CAMSEESGGGADGLTF,Donor AJG2309:LP TCRab CD4 TRM,1.000000,-,-,-,-,-,-,-,-,-,-,-

1385,SL%GTGE,9.9e-02,3,2,4.6e-06,1.0e+00,1.6e-01,1.0e+00,1.0e-03,2.9e-02,global-SL%GTGE,CASSLygTGELFF,CASSLYGTGELFF,TRBV5-4,TRBJ2-2,CAVRGTGRRALTF,Donor AJKQ118:PB TCRab CD4 Naive/TCM,1.000000,-,-,-,-,-,-,-,-,-,-,-
1385,SL%GTGE,9.9e-02,3,2,4.6e-06,1.0e+00,1.6e-01,1.0e+00,1.0e-03,2.9e-02,global-SL%GTGE,CASSLGGTGELFF,CASSLGGTGELFF,TRBV5-5,TRBJ2-2,CALGAGSARQLTF,Donor AJD3280:L TCRab CD4 TRM,1.000000,-,-,-,-,-,-,-,-,-,-,-
1385,SL%GTGE,9.9e-02,3,2,4.6e-06,1.0e+00,1.6e-01,1.0e+00,1.0e-03,2.9e-02,global-SL%GTGE,CASSLGGTGELFF,CASSLGGTGELFF,TRBV3-1,TRBJ2-2,CAVRGGSSASKIIF,Donor AJG2309:LP TCRab CD4 FOXP3+ Treg,1.000000,-,-,-,-,-,-,-,-,-,-,-

1386,SLG%QET,9.9e-02,1,2,2.9e-08,1.0e+00,1.0e-03,1.0e+00,1.0e-03,2.9e-02,global-SLG%QET,CASSLGGQETQYF,CASSLGGQETQYF,TRBV7-3,TRBJ2-5,CAVSSRAAGNKLTF,Donor AJD3280:L TCRab CD4 TRM,1.000000,-,-,-,-,-,-,-,-,-,-,-
1386,SLG%QET,9.9e-02,1,2,2.9e-08,1.0e+00,1.0e-03,1.0e+00,1.0e-03,2.9e-02,global-SLG%QET,CASSLgsQETQYF,CASSLGSQETQYF,TRBV7-3,TRBJ2-5,CAASPGLQGAQKLVF,Donor AJD3280:IEL TCRab CD4 TRM,1.000000,-,-,-,-,-,-,-,-,-,-,-

1387,S%GTVNTE,9.9e-02,2,2,2.1e-06,1.0e+00,7.2e-02,1.0e+00,1.0e-03,2.9e-02,global-S%GTVNTE,CASSLGTvNTEAFF,CASSLGTVNTEAFF,TRBV11-2,TRBJ1-1,CAVSQRGGATNKLIF,Donor AJKQ118:PB TCRab CD4 Naive/TCM,1.000000,-,-,-,-,-,-,-,-,-,-,-
1387,S%GTVNTE,9.9e-02,2,2,2.1e-06,1.0e+00,7.2e-02,1.0e+00,1.0e-03,2.9e-02,global-S%GTVNTE,CASShGTvNTEAFF,CASSHGTVNTEAFF,TRBV5-1,TRBJ1-1,CAVDRSYNQGGKLIF,Donor AJD3280:L TCRab CD4 TRM,1.000000,-,-,-,-,-,-,-,-,-,-,-

1388,S%AGGTDT,9.9e-02,2,2,1.8e-06,1.0e+00,6.2e-02,1.0e+00,1.0e-03,2.9e-02,global-S%AGGTDT,CASSgAGGTDTQYF,CASSGAGGTDTQYF,TRBV6-2,TRBJ2-3,CAARASNYQLIW,Donor AJKQ118:PB TCRab CD4 Naive/TCM,1.000000,-,-,-,-,-,-,-,-,-,-,-
1388,S%AGGTDT,9.9e-02,2,2,1.8e-06,1.0e+00,6.2e-02,1.0e+00,1.0e-03,2.9e-02,global-S%AGGTDT,CASSEAGGTDTQYF,CASSEAGGTDTQYF,TRBV6-4,TRBJ2-3,CAVMDSNYQLIW,Donor AJD3280:L TCRab CD4 TRM,1.000000,-,-,-,-,-,-,-,-,-,-,-

1389,SLG%STDT,9.9e-02,2,2,2.1e-06,1.0e+00,7.3e-02,1.0e+00,1.0e-03,2.9e-02,global-SLG%STDT,CASSLGQSTDTQYF,CASSLGQSTDTQYF,TRBV12-4,TRBJ2-3,CAVSEGFQKLVF,Donor AJG2309:L TCRab CD4 Naive/TCM,1.000000,-,-,-,-,-,-,-,-,-,-,-
1389,SLG%STDT,9.9e-02,2,2,2.1e-06,1.0e+00,7.3e-02,1.0e+00,1.0e-03,2.9e-02,global-SLG%STDT,CASSLgaSTDTQYF,CASSLGASTDTQYF,TRBV5-1,TRBJ2-3,CVVTPGERGDSGGGADGLTF,Donor AJD3280:PB TCRab CD4 Naive/TCM,1.000000,-,-,-,-,-,-,-,-,-,-,-

1390,S%AGE,1.0e-01,2,2,2.2e-06,1.0e+00,7.4e-02,1.0e+00,1.0e-03,2.9e-02,global-S%AGE,CASSnAGEQFF,CASSNAGEQFF,TRBV6-5,TRBJ2-1,CAARSGGSYIPTF,Donor AJD3280:LP TCRab CD4 FOXP3+ Treg,1.000000,-,-,-,-,-,-,-,-,-,-,-
1390,S%AGE,1.0e-01,2,2,2.2e-06,1.0e+00,7.4e-02,1.0e+00,1.0e-03,2.9e-02,global-S%AGE,CASSIaGELFF,CASSIAGELFF,TRBV19,TRBJ2-2,CAENIKDGQKLLF,Donor AJKQ118:PB TCRab CD4 Naive/TCM,1.000000,-,-,-,-,-,-,-,-,-,-,-

1391,RG%GE,1.0e-01,1,2,1.8e-06,1.0e+00,6.3e-02,1.0e+00,1.0e-03,2.9e-02,global-RG%GE,CSARgigEQFF,CSARGIGEQFF,TRBV20-1,TRBJ2-1,CIVTNAGNMLTF,Donor AJKQ118:PB TCRab CD4 FOXP3+ Treg,1.000000,-,-,-,-,-,-,-,-,-,-,-
1391,RG%GE,1.0e-01,1,2,1.8e-06,1.0e+00,6.3e-02,1.0e+00,1.0e-03,2.9e-02,global-RG%GE,CASRGlgEAFF,CASRGLGEAFF,TRBV10-2,TRBJ1-1,CAASDSGGSNYKLTF,Donor AJKQ118:L TCRab CD4 TRM,1.000000,-,-,-,-,-,-,-,-,-,-,-

1392,SQG%TE,1.0e-01,2,2,1.9e-06,1.0e+00,6.6e-02,1.0e+00,1.0e-03,2.9e-02,global-SQG%TE,CASSQGGTEAFF,CASSQGGTEAFF,TRBV16,TRBJ1-1,CGAGPAYGQNFVF,Donor AJKQ118:PB TCRab CD4 Naive/TCM,1.000000,-,-,-,-,-,-,-,-,-,-,-
1392,SQG%TE,1.0e-01,2,2,1.9e-06,1.0e+00,6.6e-02,1.0e+00,1.0e-03,2.9e-02,global-SQG%TE,CASSQgNTEAFF,CASSQGNTEAFF,TRBV14,TRBJ1-1,CAVNPMNTGFQKLVF,Donor AJD3280:LP TCRab CD4 TRM,1.000000,-,-,-,-,-,-,-,-,-,-,-

1393,GQG%YG,1.0e-01,2,2,2.9e-08,1.0e+00,1.0e-03,1.0e+00,1.0e-03,2.9e-02,global-GQG%YG,CSAGQGhYGYTF,CSAGQGHYGYTF,TRBV29-1,TRBJ1-2,CQEAGGTSYGKLTF,Donor AJD3280:PB TCRab CD4 Naive/TCM,1.000000,-,-,-,-,-,-,-,-,-,-,-
1393,GQG%YG,1.0e-01,2,2,2.9e-08,1.0e+00,1.0e-03,1.0e+00,1.0e-03,2.9e-02,global-GQG%YG,CSVGQGdYGYTF,CSVGQGDYGYTF,TRBV29-1,TRBJ1-2,CAGSGSARQLTF,Donor AJKQ118:PB TCRab CD4 FOXP3+ Treg,1.000000,-,-,-,-,-,-,-,-,-,-,-

1394,S%GDT,1.0e-01,2,2,2.9e-07,1.0e+00,1.0e-02,1.0e+00,1.0e-03,2.9e-02,global-S%GDT,CASSPgDTQYF,CASSPGDTQYF,TRBV18,TRBJ2-3,CILRDVLNAGGTSYGKLTF,Donor AJKQ118:IEL TCRab CD4 TRM,1.000000,-,-,-,-,-,-,-,-,-,-,-
1394,S%GDT,1.0e-01,2,2,2.9e-07,1.0e+00,1.0e-02,1.0e+00,1.0e-03,2.9e-02,global-S%GDT,CASSPgDTQYF,CASSPGDTQYF,TRBV18,TRBJ2-3,CAYRSAHGGSEKLVF,Donor AJKQ118:L TCRab CD4 TRM,1.000000,-,-,-,-,-,-,-,-,-,-,-
1394,S%GDT,1.0e-01,2,2,2.9e-07,1.0e+00,1.0e-02,1.0e+00,1.0e-03,2.9e-02,global-S%GDT,CASSPgDTQYF,CASSPGDTQYF,TRBV18,TRBJ2-3,CAYRSAHGGSEKLVF,Donor AJKQ118:LP TCRab CD4 TRM,1.000000,-,-,-,-,-,-,-,-,-,-,-
1394,S%GDT,1.0e-01,2,2,2.9e-07,1.0e+00,1.0e-02,1.0e+00,1.0e-03,2.9e-02,global-S%GDT,CSASQGDTQYF,CSASQGDTQYF,TRBV20-1,TRBJ2-3,CAEGGAGRRALTF,Donor AJD3280:PB TCRab CD4 Naive/TCM,1.000000,-,-,-,-,-,-,-,-,-,-,-

1395,S%DYE,1.0e-01,2,2,2.0e-06,1.0e+00,6.7e-02,1.0e+00,1.0e-03,2.9e-02,global-S%DYE,CASSQdYEQYF,CASSQDYEQYF,TRBV7-9,TRBJ2-7,CAESRSNYQLIW,Donor AJG2309:LP TCRab CD4 TRM,1.000000,-,-,-,-,-,-,-,-,-,-,-
1395,S%DYE,1.0e-01,2,2,2.0e-06,1.0e+00,6.7e-02,1.0e+00,1.0e-03,2.9e-02,global-S%DYE,CASSRdYEQYF,CASSRDYEQYF,TRBV6-5,TRBJ2-7,CAASRYNNNDMRF,Donor AJD3280:PB TCRab CD4 Naive/TCM,1.000000,-,-,-,-,-,-,-,-,-,-,-

1396,R%DSYE,1.0e-01,2,2,2.0e-06,1.0e+00,6.8e-02,1.0e+00,1.0e-03,2.9e-02,global-R%DSYE,CASradSYEQYF,CASRADSYEQYF,TRBV7-2,TRBJ2-7,CALHSGTYKYIF,Donor AJD3280:LP TCRab CD4 Mobile TRM,1.000000,-,-,-,-,-,-,-,-,-,-,-
1396,R%DSYE,1.0e-01,2,2,2.0e-06,1.0e+00,6.8e-02,1.0e+00,1.0e-03,2.9e-02,global-R%DSYE,CSVrtdSYEQYF,CSVRTDSYEQYF,TRBV29-1,TRBJ2-7,CVVRETGANNLFF,Donor AJKQ118:PB TCRab CD4 Naive/TCM,1.000000,-,-,-,-,-,-,-,-,-,-,-

1397,S%GRNTE,1.0e-01,2,2,1.7e-06,1.0e+00,6.0e-02,1.0e+00,1.0e-03,2.9e-02,global-S%GRNTE,CASSwGRNTEAFF,CASSWGRNTEAFF,TRBV12-4,TRBJ1-1,CALSGFNAGGTSYGKLTF,Donor AJD3280:PB TCRab CD4 Naive/TCM,1.000000,-,-,-,-,-,-,-,-,-,-,-
1397,S%GRNTE,1.0e-01,2,2,1.7e-06,1.0e+00,6.0e-02,1.0e+00,1.0e-03,2.9e-02,global-S%GRNTE,CASSgGRNTEAFF,CASSGGRNTEAFF,TRBV19,TRBJ1-1,CVVNGYSTLTF,Donor AJKQ118:PB TCRab CD4 Naive/TCM,1.000000,-,-,-,-,-,-,-,-,-,-,-

1398,S%GSSYE,1.0e-01,2,2,2.9e-08,1.0e+00,1.0e-03,1.0e+00,1.0e-03,2.9e-02,global-S%GSSYE,CASSVgsSYEQYF,CASSVGSSYEQYF,TRBV9,TRBJ2-7,CAGNNAGGTSYGKLTF,Donor AJG2309:PB TCRab CD4 Naive/TCM,1.000000,-,-,-,-,-,-,-,-,-,-,-
1398,S%GSSYE,1.0e-01,2,2,2.9e-08,1.0e+00,1.0e-03,1.0e+00,1.0e-03,2.9e-02,global-S%GSSYE,CASSGGsSYEQYF,CASSGGSSYEQYF,TRBV9,TRBJ2-7,CAASMAPLLHYGKLTF,Donor AJD3280:PB TCRab CD4 Naive/TCM,1.000000,-,-,-,-,-,-,-,-,-,-,-

1399,SRG%QET,1.0e-01,2,2,2.6e-06,1.0e+00,8.9e-02,1.0e+00,1.0e-03,2.9e-02,global-SRG%QET,CASSRGTQETQYF,CASSRGTQETQYF,TRBV12-4,TRBJ2-5,CAVLNNNARLMF,Donor AJG2309:PB TCRab CD4 Naive/TCM,1.000000,-,-,-,-,-,-,-,-,-,-,-
1399,SRG%QET,1.0e-01,2,2,2.6e-06,1.0e+00,8.9e-02,1.0e+00,1.0e-03,2.9e-02,global-SRG%QET,CASSRgsQETQYF,CASSRGSQETQYF,TRBV11-2,TRBJ2-5,CAASGSNDYKLSF,Donor AJKQ118:LP TCRab CD4 TRM,1.000000,-,-,-,-,-,-,-,-,-,-,-

1400,%QGNQP,1.1e-01,2,2,1.9e-06,1.0e+00,6.5e-02,1.0e+00,1.0e-03,2.9e-02,global-%QGNQP,CSAGQGNQPQHF,CSAGQGNQPQHF,TRBV20-1,TRBJ1-5,CIVRLLYNFNKFYF,Donor AJG2309:PB TCRab CD4 Naive/TCM,1.000000,-,-,-,-,-,-,-,-,-,-,-
1400,%QGNQP,1.1e-01,2,2,1.9e-06,1.0e+00,6.5e-02,1.0e+00,1.0e-03,2.9e-02,global-%QGNQP,CASSQgNQPQHF,CASSQGNQPQHF,TRBV19,TRBJ1-5,CAVRAQAGTALIF,Donor AJKQ118:PB TCRab CD4 Naive/TCM,1.000000,-,-,-,-,-,-,-,-,-,-,-

1401,%GGNQP,1.1e-01,2,2,1.8e-06,1.0e+00,6.2e-02,1.0e+00,1.0e-03,2.9e-02,global-%GGNQP,CSVGGgNQPQHF,CSVGGGNQPQHF,TRBV29-1,TRBJ1-5,CAAVVSGTYKYIF,Donor AJD3280:LP TCRab CD4 Poised TCM,1.000000,-,-,-,-,-,-,-,-,-,-,-
1401,%GGNQP,1.1e-01,2,2,1.8e-06,1.0e+00,6.2e-02,1.0e+00,1.0e-03,2.9e-02,global-%GGNQP,CSVTGGNQPQHF,CSVTGGNQPQHF,TRBV20-1,TRBJ1-5,CIVRVAGGSEKLVF,Donor AJKQ118:PB TCRab CD4 Naive/TCM,1.000000,-,-,-,-,-,-,-,-,-,-,-

1402,SP%GYE,1.1e-01,1,2,1.2e-08,1.0e+00,7.0e-03,6.1e-02,1.0e-03,2.9e-02,global-SP%GYE,CASSPegYEQYF,CASSPEGYEQYF,TRBV11-3,TRBJ2-7,CALKQNGNQFYF,Donor AJD3280:IEL TCRab CD4 TRM,1.000000,-,-,-,-,-,-,-,-,-,-,-
1402,SP%GYE,1.1e-01,1,2,1.2e-08,1.0e+00,7.0e-03,6.1e-02,1.0e-03,2.9e-02,global-SP%GYE,CASSPegYEQYF,CASSPEGYEQYF,TRBV11-3,TRBJ2-7,CALKQNGNQFYF,Donor AJD3280:LP TCRab CD4 TRM,3.000000,-,-,-,-,-,-,-,-,-,-,-
1402,SP%GYE,1.1e-01,1,2,1.2e-08,1.0e+00,7.0e-03,6.1e-02,1.0e-03,2.9e-02,global-SP%GYE,CASSPhgYEQYF,CASSPHGYEQYF,TRBV7-9,TRBJ2-7,CAVAGSTDSWGKLQF,Donor AJD3280:PB TCRab CD4 Naive/TCM,1.000000,-,-,-,-,-,-,-,-,-,-,-

1403,SL%QET,1.1e-01,2,2,1.9e-06,1.0e+00,6.5e-02,1.0e+00,1.0e-03,2.9e-02,global-SL%QET,CASSLpQETQYF,CASSLPQETQYF,TRBV7-6,TRBJ2-5,CLVGATLLLKGGATNKLIF,Donor AJD3280:L TCRab CD4 TRM,1.000000,-,-,-,-,-,-,-,-,-,-,-
1403,SL%QET,1.1e-01,2,2,1.9e-06,1.0e+00,6.5e-02,1.0e+00,1.0e-03,2.9e-02,global-SL%QET,CASSLgQETQYF,CASSLGQETQYF,TRBV11-2,TRBJ2-5,CAATHNYQLIW,Donor AJKQ118:L TCRab CD4 Naive/TCM,1.000000,-,-,-,-,-,-,-,-,-,-,-

1404,SLG%NE,1.1e-01,1,2,1.6e-06,1.0e+00,5.4e-02,1.0e+00,1.0e-03,2.9e-02,global-SLG%NE,CASSLgpNEQFF,CASSLGPNEQFF,TRBV5-4,TRBJ2-1,CAVFDGANQAGTALIF,Donor AJKQ118:LP TCRab CD4 TRM,1.000000,-,-,-,-,-,-,-,-,-,-,-
1404,SLG%NE,1.1e-01,1,2,1.6e-06,1.0e+00,5.4e-02,1.0e+00,1.0e-03,2.9e-02,global-SLG%NE,CASSLGGNEQFF,CASSLGGNEQFF,TRBV12-3,TRBJ2-1,CAASPNHSGNTPLVF,Donor AJKQ118:PB TCRab CD4 Naive/TCM,1.000000,-,-,-,-,-,-,-,-,-,-,-

1405,GQG%QP,1.1e-01,2,2,2.9e-08,1.0e+00,1.0e-03,1.0e+00,1.0e-03,2.9e-02,global-GQG%QP,CSgGQGdQPQHF,CSGGQGDQPQHF,TRBV20-1,TRBJ1-5,CAVTRSGSARQLTF,Donor AJD3280:LP TCRab CD4 Mobile TRM,1.000000,-,-,-,-,-,-,-,-,-,-,-
1405,GQG%QP,1.1e-01,2,2,2.9e-08,1.0e+00,1.0e-03,1.0e+00,1.0e-03,2.9e-02,global-GQG%QP,CSAGQGNQPQHF,CSAGQGNQPQHF,TRBV20-1,TRBJ1-5,CIVRLLYNFNKFYF,Donor AJG2309:PB TCRab CD4 Naive/TCM,1.000000,-,-,-,-,-,-,-,-,-,-,-

1406,S%GQGYG,1.1e-01,1,2,2.0e-06,1.0e+00,7.0e-02,1.0e+00,1.0e-03,2.9e-02,global-S%GQGYG,CASSPGQGYGYTF,CASSPGQGYGYTF,TRBV3-1,TRBJ1-2,CAENIRGGGGNKLTF,Donor AJD3280:PB TCRab CD4 Naive/TCM,1.000000,-,-,-,-,-,-,-,-,-,-,-
1406,S%GQGYG,1.1e-01,1,2,2.0e-06,1.0e+00,7.0e-02,1.0e+00,1.0e-03,2.9e-02,global-S%GQGYG,CASSSGQGYGYTF,CASSSGQGYGYTF,TRBV7-2,TRBJ1-2,CAENGAAGNKLTF,Donor AJD3280:LP TCRab CD4 TRM,1.000000,-,-,-,-,-,-,-,-,-,-,-

1407,S%LAGGYNE,1.1e-01,2,2,2.0e-06,1.0e+00,6.9e-02,1.0e+00,1.0e-03,2.9e-02,global-S%LAGGYNE,CASSELAGGYNEQFF,CASSELAGGYNEQFF,TRBV6-1,TRBJ2-1,CAVMDSSYKLIF,Donor AJD3280:L TCRab CD4 TRM,1.000000,-,-,-,-,-,-,-,-,-,-,-
1407,S%LAGGYNE,1.1e-01,2,2,2.0e-06,1.0e+00,6.9e-02,1.0e+00,1.0e-03,2.9e-02,global-S%LAGGYNE,CASSPLAGGYNEQFF,CASSPLAGGYNEQFF,TRBV19,TRBJ2-1,CALSGPLPNDYKLSF,Donor AJKQ118:PB TCRab CD4 Naive/TCM,1.000000,-,-,-,-,-,-,-,-,-,-,-

1408,%GNE,1.2e-01,1,2,2.1e-06,1.0e+00,7.1e-02,1.0e+00,1.0e-03,2.9e-02,global-%GNE,CSASgNEQFF,CSASGNEQFF,TRBV20-1,TRBJ2-1,CALSDHGAGNQFYF,Donor AJG2309:PB TCRab CD4 Naive/TCM,1.000000,-,-,-,-,-,-,-,-,-,-,-
1408,%GNE,1.2e-01,1,2,2.1e-06,1.0e+00,7.1e-02,1.0e+00,1.0e-03,2.9e-02,global-%GNE,CSVGGNEQFF,CSVGGNEQFF,TRBV29-1,TRBJ2-1,CAVRSIGATNKLIF,Donor AJG2309:L TCRab CD4 TRM,1.000000,-,-,-,-,-,-,-,-,-,-,-

1409,S%RDT,1.2e-01,2,2,2.1e-06,1.0e+00,7.2e-02,1.0e+00,1.0e-03,2.9e-02,global-S%RDT,CSASGRDTQYF,CSASGRDTQYF,TRBV20-1,TRBJ2-3,CVVSASMNRDDKIIF,Donor AJD3280:IEL TCRab CD4 Mobile TRM,1.000000,-,-,-,-,-,-,-,-,-,-,-
1409,S%RDT,1.2e-01,2,2,2.1e-06,1.0e+00,7.2e-02,1.0e+00,1.0e-03,2.9e-02,global-S%RDT,CAWSprDTQYF,CAWSPRDTQYF,TRBV30,TRBJ2-3,CATAPSGGSYIPTF,Donor AJKQ118:PB TCRab CD4 Naive/TCM,1.000000,-,-,-,-,-,-,-,-,-,-,-

1410,%QGSYE,1.2e-01,2,2,1.2e-07,1.0e+00,4.0e-03,1.0e+00,1.0e-03,2.9e-02,global-%QGSYE,CSARQGSYEQYF,CSARQGSYEQYF,TRBV20-1,TRBJ2-7,CAFMKLLGAGNNRKLIW,Donor AJG2309:LP TCRab CD4 TRM,1.000000,-,-,-,-,-,-,-,-,-,-,-
1410,%QGSYE,1.2e-01,2,2,1.2e-07,1.0e+00,4.0e-03,1.0e+00,1.0e-03,2.9e-02,global-%QGSYE,CSARQGSYEQYF,CSARQGSYEQYF,TRBV20-1,TRBJ2-7,CAFMKLLGAGNNRKLIW,Donor AJG2309:PB TCRab CD4 Naive/TCM,1.000000,-,-,-,-,-,-,-,-,-,-,-
1410,%QGSYE,1.2e-01,2,2,1.2e-07,1.0e+00,4.0e-03,1.0e+00,1.0e-03,2.9e-02,global-%QGSYE,CASSQgSYEQYF,CASSQGSYEQYF,TRBV3-1,TRBJ2-7,CAARPHNYGQNFVF,Donor AJD3280:LP TCRab CD4 Mobile TRM,1.000000,-,-,-,-,-,-,-,-,-,-,-

1411,%RGYE,1.2e-01,2,2,1.7e-06,1.0e+00,5.7e-02,1.0e+00,1.0e-03,2.9e-02,global-%RGYE,CAIpRGYEQYF,CAIPRGYEQYF,TRBV27,TRBJ2-7,CAMTETSGSRLTF,Donor AJD3280:L TCRab CD4 Naive/TCM,1.000000,-,-,-,-,-,-,-,-,-,-,-
1411,%RGYE,1.2e-01,2,2,1.7e-06,1.0e+00,5.7e-02,1.0e+00,1.0e-03,2.9e-02,global-%RGYE,CASSRgYEQYF,CASSRGYEQYF,TRBV28,TRBJ2-7,CAYRTGYQKVTF,Donor AJG2309:LP TCRab CD4 Poised TCM,1.000000,-,-,-,-,-,-,-,-,-,-,-

1412,SS%SYE,1.2e-01,2,2,1.8e-06,1.0e+00,6.2e-02,1.0e+00,1.0e-03,2.9e-02,global-SS%SYE,CASSSvSYEQYF,CASSSVSYEQYF,TRBV7-2,TRBJ2-7,CAGAFFGNEKLTF,Donor AJKQ118:PB TCRab CD4 Naive/TCM,1.000000,-,-,-,-,-,-,-,-,-,-,-
1412,SS%SYE,1.2e-01,2,2,1.8e-06,1.0e+00,6.2e-02,1.0e+00,1.0e-03,2.9e-02,global-SS%SYE,CASSStSYEQYF,CASSSTSYEQYF,TRBV7-6,TRBJ2-7,CAVAAPAAGNKLTF,Donor AJD3280:LP TCRab CD4 FOXP3+ Treg,1.000000,-,-,-,-,-,-,-,-,-,-,-

1413,SLGG%E,1.2e-01,2,2,7.1e-07,1.0e+00,9.3e-02,2.6e-01,1.0e-03,2.9e-02,global-SLGG%E,CASSLGGTEAFF,CASSLGGTEAFF,TRBV5-6,TRBJ1-1,CAVDRDYKLSF,Donor AJD3280:IEL TCRab CD4 TRM,1.000000,-,-,-,-,-,-,-,-,-,-,-
1413,SLGG%E,1.2e-01,2,2,7.1e-07,1.0e+00,9.3e-02,2.6e-01,1.0e-03,2.9e-02,global-SLGG%E,CASSLGGTEAFF,CASSLGGTEAFF,TRBV5-6,TRBJ1-1,CAVDRDYKLSF,Donor AJD3280:LP TCRab CD4 Tph,2.000000,-,-,-,-,-,-,-,-,-,-,-
1413,SLGG%E,1.2e-01,2,2,7.1e-07,1.0e+00,9.3e-02,2.6e-01,1.0e-03,2.9e-02,global-SLGG%E,CASSLGGTEAFF,CASSLGGTEAFF,TRBV5-1,TRBJ1-1,CAVYNNAGNMLTF,Donor AJKQ118:PB TCRab CD4 FOXP3+ Treg,1.000000,-,-,-,-,-,-,-,-,-,-,-
1413,SLGG%E,1.2e-01,2,2,7.1e-07,1.0e+00,9.3e-02,2.6e-01,1.0e-03,2.9e-02,global-SLGG%E,CASSLGGTEAFF,CASSLGGTEAFF,TRBV7-2,TRBJ1-1,CIVRVQQAAGNKLTF,Donor AJKQ118:PB TCRab CD4 Naive/TCM,1.000000,-,-,-,-,-,-,-,-,-,-,-
1413,SLGG%E,1.2e-01,2,2,7.1e-07,1.0e+00,9.3e-02,2.6e-01,1.0e-03,2.9e-02,global-SLGG%E,CASSLGGNEQFF,CASSLGGNEQFF,TRBV12-3,TRBJ2-1,CAASPNHSGNTPLVF,Donor AJKQ118:PB TCRab CD4 Naive/TCM,1.000000,-,-,-,-,-,-,-,-,-,-,-

1414,SR%SNQP,1.2e-01,3,2,5.2e-06,1.0e+00,1.8e-01,1.0e+00,1.0e-03,2.9e-02,global-SR%SNQP,CASSRdSNQPQHF,CASSRDSNQPQHF,TRBV6-5,TRBJ1-5,CAFMKHGATTTGNQFYF,Donor AJD3280:LP TCRab CD4 FOXP3+ Treg,1.000000,-,-,-,-,-,-,-,-,-,-,-
1414,SR%SNQP,1.2e-01,3,2,5.2e-06,1.0e+00,1.8e-01,1.0e+00,1.0e-03,2.9e-02,global-SR%SNQP,CASSRdSNQPQHF,CASSRDSNQPQHF,TRBV12-3,TRBJ1-5,CAVRGGGSNYKLTF,Donor AJG2309:PB TCRab CD4 Naive/TCM,1.000000,-,-,-,-,-,-,-,-,-,-,-
1414,SR%SNQP,1.2e-01,3,2,5.2e-06,1.0e+00,1.8e-01,1.0e+00,1.0e-03,2.9e-02,global-SR%SNQP,CATSReSNQPQHF,CATSRESNQPQHF,TRBV24-1,TRBJ1-5,CAVYPGGNTGKLIF,Donor AJKQ118:PB TCRab CD4 Naive/TCM,1.000000,-,-,-,-,-,-,-,-,-,-,-

1415,SRD%NQP,1.2e-01,2,2,5.1e-06,1.0e+00,1.8e-01,1.0e+00,1.0e-03,2.9e-02,global-SRD%NQP,CASSRdgNQPQHF,CASSRDGNQPQHF,TRBV6-1,TRBJ1-5,CAAQTSGTYKYIF,Donor AJD3280:LP TCRab CD4 Tph,1.000000,-,-,-,-,-,-,-,-,-,-,-
1415,SRD%NQP,1.2e-01,2,2,5.1e-06,1.0e+00,1.8e-01,1.0e+00,1.0e-03,2.9e-02,global-SRD%NQP,CASSRdSNQPQHF,CASSRDSNQPQHF,TRBV6-5,TRBJ1-5,CAFMKHGATTTGNQFYF,Donor AJD3280:LP TCRab CD4 FOXP3+ Treg,1.000000,-,-,-,-,-,-,-,-,-,-,-
1415,SRD%NQP,1.2e-01,2,2,5.1e-06,1.0e+00,1.8e-01,1.0e+00,1.0e-03,2.9e-02,global-SRD%NQP,CASSRdSNQPQHF,CASSRDSNQPQHF,TRBV12-3,TRBJ1-5,CAVRGGGSNYKLTF,Donor AJG2309:PB TCRab CD4 Naive/TCM,1.000000,-,-,-,-,-,-,-,-,-,-,-

1416,SLG%TDT,1.2e-01,2,2,3.3e-06,1.0e+00,1.1e-01,1.0e+00,1.0e-03,2.9e-02,global-SLG%TDT,CASSLgSTDTQYF,CASSLGSTDTQYF,TRBV5-6,TRBJ2-3,CAASSGGGSTLGRLYF,Donor AJD3280:IEL TCRab CD4 TRM,1.000000,-,-,-,-,-,-,-,-,-,-,-
1416,SLG%TDT,1.2e-01,2,2,3.3e-06,1.0e+00,1.1e-01,1.0e+00,1.0e-03,2.9e-02,global-SLG%TDT,CASSLgvTDTQYF,CASSLGVTDTQYF,TRBV28,TRBJ2-3,CAETLTTDSWGKLQF,Donor AJG2309:L TCRab CD4 TCM,1.000000,-,-,-,-,-,-,-,-,-,-,-
1416,SLG%TDT,1.2e-01,2,2,3.3e-06,1.0e+00,1.1e-01,1.0e+00,1.0e-03,2.9e-02,global-SLG%TDT,CASSLgvTDTQYF,CASSLGVTDTQYF,TRBV28,TRBJ2-3,CAETLTTDSWGKLQF,Donor AJG2309:LP TCRab CD4 TRM,1.000000,-,-,-,-,-,-,-,-,-,-,-

1417,SRD%NTE,1.2e-01,2,2,1.9e-06,1.0e+00,6.6e-02,1.0e+00,1.0e-03,2.9e-02,global-SRD%NTE,CASSRdmNTEAFF,CASSRDMNTEAFF,TRBV12-3,TRBJ1-1,CAEFFGNEKLTF,Donor AJD3280:IEL TCRab CD4 TRM,1.000000,-,-,-,-,-,-,-,-,-,-,-
1417,SRD%NTE,1.2e-01,2,2,1.9e-06,1.0e+00,6.6e-02,1.0e+00,1.0e-03,2.9e-02,global-SRD%NTE,CASSRDRNTEAFF,CASSRDRNTEAFF,TRBV5-1,TRBJ1-1,CAMGRVDTGNQFYF,Donor AJKQ118:PB TCRab CD4 FOXP3+ Treg,1.000000,-,-,-,-,-,-,-,-,-,-,-

1418,S%GSGANV,1.2e-01,2,2,2.1e-06,1.0e+00,7.1e-02,1.0e+00,1.0e-03,2.9e-02,global-S%GSGANV,CASSPgSGANVLTF,CASSPGSGANVLTF,TRBV19,TRBJ2-6,CAVLGLGNEKLTF,Donor AJKQ118:PB TCRab CD4 Naive/TCM,1.000000,-,-,-,-,-,-,-,-,-,-,-
1418,S%GSGANV,1.2e-01,2,2,2.1e-06,1.0e+00,7.1e-02,1.0e+00,1.0e-03,2.9e-02,global-S%GSGANV,CAgSGGSGANVLTF,CAGSGGSGANVLTF,TRBV28,TRBJ2-6,CAASALIQGAQKLVF,Donor AJG2309:PB TCRab CD4 Naive/TCM,1.000000,-,-,-,-,-,-,-,-,-,-,-

1419,SGG%E,1.3e-01,3,2,8.7e-08,1.0e+00,3.0e-03,1.0e+00,1.0e-03,2.9e-02,global-SGG%E,CSASGGYEQYF,CSASGGYEQYF,TRBV20-1,TRBJ2-7,CVSQFYF,Donor AJG2309:LP TCRab CD4 Mobile TRM,1.000000,-,-,-,-,-,-,-,-,-,-,-
1419,SGG%E,1.3e-01,3,2,8.7e-08,1.0e+00,3.0e-03,1.0e+00,1.0e-03,2.9e-02,global-SGG%E,CSASGGYEQYF,CSASGGYEQYF,TRBV20-1,TRBJ2-7,CAVGFGGSQGNLIF,Donor AJKQ118:PB TCRab CD4 Naive/TCM,1.000000,-,-,-,-,-,-,-,-,-,-,-
1419,SGG%E,1.3e-01,3,2,8.7e-08,1.0e+00,3.0e-03,1.0e+00,1.0e-03,2.9e-02,global-SGG%E,CASSGGNEQFF,CASSGGNEQFF,TRBV11-2,TRBJ2-1,CVVKGGSSNTGKLIF,Donor AJD3280:PB TCRab CD4 Naive/TCM,1.000000,-,-,-,-,-,-,-,-,-,-,-

1420,SG%NE,1.3e-01,2,2,2.1e-06,1.0e+00,7.3e-02,1.0e+00,1.0e-03,2.9e-02,global-SG%NE,CASSGGNEQFF,CASSGGNEQFF,TRBV11-2,TRBJ2-1,CVVKGGSSNTGKLIF,Donor AJD3280:PB TCRab CD4 Naive/TCM,1.000000,-,-,-,-,-,-,-,-,-,-,-
1420,SG%NE,1.3e-01,2,2,2.1e-06,1.0e+00,7.3e-02,1.0e+00,1.0e-03,2.9e-02,global-SG%NE,CASSGRNEQFF,CASSGRNEQFF,TRBV9,TRBJ2-1,CAVNVGHRGSQGNLIF,Donor AJG2309:LP TCRab CD4 TRM,1.000000,-,-,-,-,-,-,-,-,-,-,-

1421,G%GNQP,1.3e-01,2,2,1.6e-06,1.0e+00,5.4e-02,1.0e+00,1.0e-03,2.9e-02,global-G%GNQP,CSAGQGNQPQHF,CSAGQGNQPQHF,TRBV20-1,TRBJ1-5,CIVRLLYNFNKFYF,Donor AJG2309:PB TCRab CD4 Naive/TCM,1.000000,-,-,-,-,-,-,-,-,-,-,-
1421,G%GNQP,1.3e-01,2,2,1.6e-06,1.0e+00,5.4e-02,1.0e+00,1.0e-03,2.9e-02,global-G%GNQP,CSVGGgNQPQHF,CSVGGGNQPQHF,TRBV29-1,TRBJ1-5,CAAVVSGTYKYIF,Donor AJD3280:LP TCRab CD4 Poised TCM,1.000000,-,-,-,-,-,-,-,-,-,-,-

1422,SR%TDT,1.3e-01,1,2,2.1e-06,1.0e+00,7.1e-02,1.0e+00,1.0e-03,2.9e-02,global-SR%TDT,CASSRSTDTQYF,CASSRSTDTQYF,TRBV28,TRBJ2-3,CATDPRTDKLIF,Donor AJKQ118:PB TCRab CD4 FOXP3+ Treg,1.000000,-,-,-,-,-,-,-,-,-,-,-
1422,SR%TDT,1.3e-01,1,2,2.1e-06,1.0e+00,7.1e-02,1.0e+00,1.0e-03,2.9e-02,global-SR%TDT,CATSRdTDTQYF,CATSRDTDTQYF,TRBV15,TRBJ2-3,CAVGVKEYGNKLVF,Donor AJKQ118:L TCRab CD4 TRM,1.000000,-,-,-,-,-,-,-,-,-,-,-

1423,SL%GTE,1.3e-01,2,2,4.5e-08,1.0e+00,6.0e-03,2.6e-01,1.0e-03,2.9e-02,global-SL%GTE,CASSLvgTEAFF,CASSLVGTEAFF,TRBV7-2,TRBJ1-1,CAVVVGTASKLTF,Donor AJD3280:L TCRab CD4 Naive/TCM,1.000000,-,-,-,-,-,-,-,-,-,-,-
1423,SL%GTE,1.3e-01,2,2,4.5e-08,1.0e+00,6.0e-03,2.6e-01,1.0e-03,2.9e-02,global-SL%GTE,CASSLGGTEAFF,CASSLGGTEAFF,TRBV5-6,TRBJ1-1,CAVDRDYKLSF,Donor AJD3280:IEL TCRab CD4 TRM,1.000000,-,-,-,-,-,-,-,-,-,-,-
1423,SL%GTE,1.3e-01,2,2,4.5e-08,1.0e+00,6.0e-03,2.6e-01,1.0e-03,2.9e-02,global-SL%GTE,CASSLGGTEAFF,CASSLGGTEAFF,TRBV5-6,TRBJ1-1,CAVDRDYKLSF,Donor AJD3280:LP TCRab CD4 Tph,2.000000,-,-,-,-,-,-,-,-,-,-,-
1423,SL%GTE,1.3e-01,2,2,4.5e-08,1.0e+00,6.0e-03,2.6e-01,1.0e-03,2.9e-02,global-SL%GTE,CASSLGGTEAFF,CASSLGGTEAFF,TRBV5-1,TRBJ1-1,CAVYNNAGNMLTF,Donor AJKQ118:PB TCRab CD4 FOXP3+ Treg,1.000000,-,-,-,-,-,-,-,-,-,-,-
1423,SL%GTE,1.3e-01,2,2,4.5e-08,1.0e+00,6.0e-03,2.6e-01,1.0e-03,2.9e-02,global-SL%GTE,CASSLGGTEAFF,CASSLGGTEAFF,TRBV7-2,TRBJ1-1,CIVRVQQAAGNKLTF,Donor AJKQ118:PB TCRab CD4 Naive/TCM,1.000000,-,-,-,-,-,-,-,-,-,-,-

1424,DR%NTE,1.3e-01,2,2,2.2e-07,1.0e+00,6.7e-02,1.1e-01,1.0e-03,2.9e-02,global-DR%NTE,CATDRpNTEAFF,CATDRPNTEAFF,TRBV12-3,TRBJ1-1,CAMRHTGFQKLVF,Donor AJKQ118:PB TCRab CD4 FOXP3+ Treg,2.000000,-,-,-,-,-,-,-,-,-,-,-
1424,DR%NTE,1.3e-01,2,2,2.2e-07,1.0e+00,6.7e-02,1.1e-01,1.0e-03,2.9e-02,global-DR%NTE,CAfDRvNTEAFF,CAFDRVNTEAFF,TRBV30,TRBJ1-1,CASKSRGGADGLTF,Donor AJD3280:LP TCRab CD4 TRM,1.000000,-,-,-,-,-,-,-,-,-,-,-

1425,S%GQGTDT,1.3e-01,2,2,2.3e-07,1.0e+00,6.9e-02,1.2e-01,1.0e-03,2.9e-02,global-S%GQGTDT,CATSDGQGTDTQYF,CATSDGQGTDTQYF,TRBV24-1,TRBJ2-3,CAYNPEYGNKLVF,Donor AJKQ118:PB TCRab CD4 FOXP3+ Treg,2.000000,-,-,-,-,-,-,-,-,-,-,-
1425,S%GQGTDT,1.3e-01,2,2,2.3e-07,1.0e+00,6.9e-02,1.2e-01,1.0e-03,2.9e-02,global-S%GQGTDT,CASSLGQGTDTQYF,CASSLGQGTDTQYF,TRBV5-1,TRBJ2-3,CAVSDISGYSTLTF,Donor AJG2309:IEL TCRab CD4 TRM,1.000000,-,-,-,-,-,-,-,-,-,-,-

1426,S%RNE,1.4e-01,2,2,1.8e-06,1.0e+00,6.2e-02,1.0e+00,1.0e-03,2.9e-02,global-S%RNE,CASSGRNEQFF,CASSGRNEQFF,TRBV9,TRBJ2-1,CAVNVGHRGSQGNLIF,Donor AJG2309:LP TCRab CD4 TRM,1.000000,-,-,-,-,-,-,-,-,-,-,-
1426,S%RNE,1.4e-01,2,2,1.8e-06,1.0e+00,6.2e-02,1.0e+00,1.0e-03,2.9e-02,global-S%RNE,CASSLrNEQFF,CASSLRNEQFF,TRBV7-2,TRBJ2-1,CAVSTGKGGSEKLVF,Donor AJD3280:IEL TCRab CD4 Mobile TRM,1.000000,-,-,-,-,-,-,-,-,-,-,-

1427,SPG%E,1.4e-01,2,2,1.8e-06,1.0e+00,6.3e-02,1.0e+00,1.0e-03,2.9e-02,global-SPG%E,CATSpGQELFF,CATSPGQELFF,TRBV28,TRBJ2-2,CVVNLYNFNKFYF,Donor AJKQ118:PB TCRab CD4 Naive/TCM,1.000000,-,-,-,-,-,-,-,-,-,-,-
1427,SPG%E,1.4e-01,2,2,1.8e-06,1.0e+00,6.3e-02,1.0e+00,1.0e-03,2.9e-02,global-SPG%E,CASSPghEQYF,CASSPGHEQYF,TRBV5-1,TRBJ2-7,CAYRSLAFRSSGSARQLTF,Donor AJD3280:LP TCRab CD4 TRM,1.000000,-,-,-,-,-,-,-,-,-,-,-

1428,SQG%E,1.4e-01,1,2,1.5e-06,1.0e+00,5.2e-02,1.0e+00,1.0e-03,2.9e-02,global-SQG%E,CASSQgTEAFF,CASSQGTEAFF,TRBV6-5,TRBJ1-1,CAASPRGARLMF,Donor AJD3280:PB TCRab CD4 Naive/TCM,1.000000,-,-,-,-,-,-,-,-,-,-,-
1428,SQG%E,1.4e-01,1,2,1.5e-06,1.0e+00,5.2e-02,1.0e+00,1.0e-03,2.9e-02,global-SQG%E,CASSQGLEQYF,CASSQGLEQYF,TRBV19,TRBJ2-7,CAARAGGGADGLTF,Donor AJD3280:LP TCRab CD4 TRM,1.000000,-,-,-,-,-,-,-,-,-,-,-

1429,S%DSYE,1.4e-01,1,2,1.7e-06,1.0e+00,6.0e-02,1.0e+00,1.0e-03,2.9e-02,global-S%DSYE,CASSLdSYEQYF,CASSLDSYEQYF,TRBV5-1,TRBJ2-7,CAAGSPGNYGGSQGNLIF,Donor AJKQ118:PB TCRab CD4 Naive/TCM,1.000000,-,-,-,-,-,-,-,-,-,-,-
1429,S%DSYE,1.4e-01,1,2,1.7e-06,1.0e+00,6.0e-02,1.0e+00,1.0e-03,2.9e-02,global-S%DSYE,CASSPdSYEQYF,CASSPDSYEQYF,TRBV18,TRBJ2-7,CAATKTSYDKVIF,Donor AJKQ118:PB TCRab CD4 Naive/TCM,1.000000,-,-,-,-,-,-,-,-,-,-,-

1430,S%DSYG,1.4e-01,1,2,1.7e-06,1.0e+00,5.7e-02,1.0e+00,1.0e-03,2.9e-02,global-S%DSYG,CASSSdsYGYTF,CASSSDSYGYTF,TRBV28,TRBJ1-2,CAVPHGNKLVF,Donor AJD3280:L TCRab CD4 TRM,1.000000,-,-,-,-,-,-,-,-,-,-,-
1430,S%DSYG,1.4e-01,1,2,1.7e-06,1.0e+00,5.7e-02,1.0e+00,1.0e-03,2.9e-02,global-S%DSYG,CASSVdsYGYTF,CASSVDSYGYTF,TRBV5-6,TRBJ1-2,CIVRVGDGTASKLTF,Donor AJD3280:LP TCRab CD4 Tph,1.000000,-,-,-,-,-,-,-,-,-,-,-

1431,%GQGNTE,1.4e-01,1,2,2.0e-06,1.0e+00,6.9e-02,1.0e+00,1.0e-03,2.9e-02,global-%GQGNTE,CASqGQGNTEAFF,CASQGQGNTEAFF,TRBV19,TRBJ1-1,CAVKGGSEKLVF,Donor AJD3280:PB TCRab CD4 Naive/TCM,1.000000,-,-,-,-,-,-,-,-,-,-,-
1431,%GQGNTE,1.4e-01,1,2,2.0e-06,1.0e+00,6.9e-02,1.0e+00,1.0e-03,2.9e-02,global-%GQGNTE,CASTGQGNTEAFF,CASTGQGNTEAFF,TRBV5-1,TRBJ1-1,CIVRVAIYNQGGKLIF,Donor AJD3280:L TCRab CD4 FOXP3+ Treg,1.000000,-,-,-,-,-,-,-,-,-,-,-

1432,R%SSYNE,1.4e-01,2,2,5.0e-06,1.0e+00,1.7e-01,1.0e+00,1.0e-03,2.9e-02,global-R%SSYNE,CASrrsSYNEQFF,CASRRSSYNEQFF,TRBV12-4,TRBJ2-1,CAAKGGSQGNLIF,Donor AJD3280:PB TCRab CD4 Naive/TCM,1.000000,-,-,-,-,-,-,-,-,-,-,-
1432,R%SSYNE,1.4e-01,2,2,5.0e-06,1.0e+00,1.7e-01,1.0e+00,1.0e-03,2.9e-02,global-R%SSYNE,CASrrsSYNEQFF,CASRRSSYNEQFF,TRBV28,TRBJ2-1,CGGSVGNEKLTF,Donor AJG2309:LP TCRab CD4 Poised TCM,1.000000,-,-,-,-,-,-,-,-,-,-,-
1432,R%SSYNE,1.4e-01,2,2,5.0e-06,1.0e+00,1.7e-01,1.0e+00,1.0e-03,2.9e-02,global-R%SSYNE,CSARvsSYNEQFF,CSARVSSYNEQFF,TRBV20-1,TRBJ2-1,CAPDRGFQKLVF,Donor AJG2309:PB TCRab CD4 Naive/TCM,1.000000,-,-,-,-,-,-,-,-,-,-,-

1433,SR%LNTE,1.4e-01,2,2,5.0e-06,1.0e+00,1.7e-01,1.0e+00,1.0e-03,2.9e-02,global-SR%LNTE,CASSRGLNTEAFF,CASSRGLNTEAFF,TRBV3-1,TRBJ1-1,CAASALGNQFYF,Donor AJD3280:LP TCRab CD4 Tph,1.000000,-,-,-,-,-,-,-,-,-,-,-
1433,SR%LNTE,1.4e-01,2,2,5.0e-06,1.0e+00,1.7e-01,1.0e+00,1.0e-03,2.9e-02,global-SR%LNTE,CASSRGLNTEAFF,CASSRGLNTEAFF,TRBV6-5,TRBJ1-1,CAASFDNARLMF,Donor AJG2309:PB TCRab CD4 Naive/TCM,1.000000,-,-,-,-,-,-,-,-,-,-,-
1433,SR%LNTE,1.4e-01,2,2,5.0e-06,1.0e+00,1.7e-01,1.0e+00,1.0e-03,2.9e-02,global-SR%LNTE,CASSRrlNTEAFF,CASSRRLNTEAFF,TRBV12-4,TRBJ1-1,CAYRKDYGGSQGNLIF,Donor AJD3280:LP TCRab CD4 TRM,1.000000,-,-,-,-,-,-,-,-,-,-,-

1434,RG%NE,1.5e-01,2,2,1.8e-06,1.0e+00,6.3e-02,1.0e+00,1.0e-03,2.9e-02,global-RG%NE,CASRGYNEQFF,CASRGYNEQFF,TRBV19,TRBJ2-1,CIVRVDGGETSGSRLTF,Donor AJD3280:L TCRab CD4 TRM,1.000000,-,-,-,-,-,-,-,-,-,-,-
1434,RG%NE,1.5e-01,2,2,1.8e-06,1.0e+00,6.3e-02,1.0e+00,1.0e-03,2.9e-02,global-RG%NE,CSARgsNEQFF,CSARGSNEQFF,TRBV20-1,TRBJ2-1,CALTSGGYNKLIF,Donor AJKQ118:LP TCRab CD4 TRM,1.000000,-,-,-,-,-,-,-,-,-,-,-

1435,%QGNTE,1.5e-01,1,2,1.7e-06,1.0e+00,6.0e-02,1.0e+00,1.0e-03,2.9e-02,global-%QGNTE,CASSQgNTEAFF,CASSQGNTEAFF,TRBV14,TRBJ1-1,CAVNPMNTGFQKLVF,Donor AJD3280:LP TCRab CD4 TRM,1.000000,-,-,-,-,-,-,-,-,-,-,-
1435,%QGNTE,1.5e-01,1,2,1.7e-06,1.0e+00,6.0e-02,1.0e+00,1.0e-03,2.9e-02,global-%QGNTE,CSVvQGNTEAFF,CSVVQGNTEAFF,TRBV29-1,TRBJ1-1,CAVSDKATGRRALTF,Donor AJD3280:LP TCRab CD4 Poised TCM,1.000000,-,-,-,-,-,-,-,-,-,-,-

1436,S%RYE,1.6e-01,1,2,2.9e-08,1.0e+00,1.0e-03,1.0e+00,1.0e-03,2.9e-02,global-S%RYE,CAWSprYEQYF,CAWSPRYEQYF,TRBV30,TRBJ2-7,CAVGKTKAAGNKLTF,Donor AJD3280:IEL TCRab CD4 Mobile TRM,1.000000,-,-,-,-,-,-,-,-,-,-,-
1436,S%RYE,1.6e-01,1,2,2.9e-08,1.0e+00,1.0e-03,1.0e+00,1.0e-03,2.9e-02,global-S%RYE,CAWShrYEQYF,CAWSHRYEQYF,TRBV30,TRBJ2-7,CALSDPNNDMRF,Donor AJD3280:PB TCRab CD4 FOXP3+ Treg,1.000000,-,-,-,-,-,-,-,-,-,-,-

1437,SA%YE,1.6e-01,1,2,2.0e-06,1.0e+00,6.9e-02,1.0e+00,1.0e-03,2.9e-02,global-SA%YE,CASSAGYEQYF,CASSAGYEQYF,TRBV2,TRBJ2-7,CAVTNNAGNMLTF,Donor AJD3280:PB TCRab CD4 Naive/TCM,1.000000,-,-,-,-,-,-,-,-,-,-,-
1437,SA%YE,1.6e-01,1,2,2.0e-06,1.0e+00,6.9e-02,1.0e+00,1.0e-03,2.9e-02,global-SA%YE,CASSatYEQYF,CASSATYEQYF,TRBV7-2,TRBJ2-7,CAVDGSQGNLIF,Donor AJD3280:PB TCRab CD4 Naive/TCM,1.000000,-,-,-,-,-,-,-,-,-,-,-

1438,%QGNYG,1.6e-01,1,2,2.1e-06,1.0e+00,7.1e-02,1.0e+00,1.0e-03,2.9e-02,global-%QGNYG,CAIlQGNYGYTF,CAILQGNYGYTF,TRBV12-3,TRBJ1-2,CAVEPNSGYALNF,Donor AJKQ118:PB TCRab CD4 Naive/TCM,1.000000,-,-,-,-,-,-,-,-,-,-,-
1438,%QGNYG,1.6e-01,1,2,2.1e-06,1.0e+00,7.1e-02,1.0e+00,1.0e-03,2.9e-02,global-%QGNYG,CASSQgNYGYTF,CASSQGNYGYTF,TRBV16,TRBJ1-2,CAVRLNTGNQFYF,Donor AJKQ118:PB TCRab CD4 Naive/TCM,1.000000,-,-,-,-,-,-,-,-,-,-,-

1439,%GGTDT,1.6e-01,1,2,1.9e-06,1.0e+00,6.6e-02,1.0e+00,1.0e-03,2.9e-02,global-%GGTDT,CASSGGTDTQYF,CASSGGTDTQYF,TRBV5-6,TRBJ2-3,CAVASGTYKYIF,Donor AJD3280:L TCRab CD4 TCM,1.000000,-,-,-,-,-,-,-,-,-,-,-
1439,%GGTDT,1.6e-01,1,2,1.9e-06,1.0e+00,6.6e-02,1.0e+00,1.0e-03,2.9e-02,global-%GGTDT,CASeGGTDTQYF,CASEGGTDTQYF,TRBV6-1,TRBJ2-3,CAVNWSAGGTSYGKLTF,Donor AJD3280:PB TCRab CD4 Naive/TCM,1.000000,-,-,-,-,-,-,-,-,-,-,-

1440,S%NTGE,1.6e-01,1,2,1.9e-06,1.0e+00,6.5e-02,1.0e+00,1.0e-03,2.9e-02,global-S%NTGE,CSASgNTGELFF,CSASGNTGELFF,TRBV20-1,TRBJ2-2,CAEGDTGRRALTF,Donor AJD3280:L TCRab CD4 TRM,1.000000,-,-,-,-,-,-,-,-,-,-,-
1440,S%NTGE,1.6e-01,1,2,1.9e-06,1.0e+00,6.5e-02,1.0e+00,1.0e-03,2.9e-02,global-S%NTGE,CASSINTGELFF,CASSINTGELFF,TRBV19,TRBJ2-2,CAVRDITGGGNKLTF,Donor AJD3280:PB TCRab CD4 FOXP3+ Treg,1.000000,-,-,-,-,-,-,-,-,-,-,-

1441,SR%NTE,1.6e-01,2,2,2.0e-06,1.0e+00,6.9e-02,1.0e+00,1.0e-03,2.9e-02,global-SR%NTE,CASSRlNTEAFF,CASSRLNTEAFF,TRBV5-1,TRBJ1-1,CAERGNNNDMRF,Donor AJKQ118:PB TCRab CD4 Naive/TCM,1.000000,-,-,-,-,-,-,-,-,-,-,-
1441,SR%NTE,1.6e-01,2,2,2.0e-06,1.0e+00,6.9e-02,1.0e+00,1.0e-03,2.9e-02,global-SR%NTE,CASSRqNTEAFF,CASSRQNTEAFF,TRBV5-6,TRBJ1-1,CAVDRSGGYNKLIF,Donor AJG2309:PB TCRab CD4 Naive/TCM,1.000000,-,-,-,-,-,-,-,-,-,-,-

1442,SP%TDT,1.6e-01,1,2,1.5e-06,1.0e+00,5.3e-02,1.0e+00,1.0e-03,2.9e-02,global-SP%TDT,CASSPSTDTQYF,CASSPSTDTQYF,TRBV5-1,TRBJ2-3,CAPILYNTDKLIF,Donor AJD3280:PB TCRab CD4 Naive/TCM,1.000000,-,-,-,-,-,-,-,-,-,-,-
1442,SP%TDT,1.6e-01,1,2,1.5e-06,1.0e+00,5.3e-02,1.0e+00,1.0e-03,2.9e-02,global-SP%TDT,CASSPvTDTQYF,CASSPVTDTQYF,TRBV2,TRBJ2-3,CIAGRPGTYKYIF,Donor AJD3280:LP TCRab CD4 TRM,1.000000,-,-,-,-,-,-,-,-,-,-,-

1443,RDR%YE,1.6e-01,2,2,2.2e-06,1.0e+00,7.5e-02,1.0e+00,1.0e-03,2.9e-02,global-RDR%YE,CAlrDRSYEQYF,CALRDRSYEQYF,TRBV10-3,TRBJ2-7,CAACEETSGSRLTF,Donor AJG2309:LP TCRab CD4 Poised TCM,1.000000,-,-,-,-,-,-,-,-,-,-,-
1443,RDR%YE,1.6e-01,2,2,2.2e-06,1.0e+00,7.5e-02,1.0e+00,1.0e-03,2.9e-02,global-RDR%YE,CASrDRaYEQYF,CASRDRAYEQYF,TRBV6-2,TRBJ2-7,CAVRSSNYQLIW,Donor AJD3280:PB TCRab CD4 Naive/TCM,1.000000,-,-,-,-,-,-,-,-,-,-,-

1444,S%GSNQP,1.6e-01,2,2,1.9e-06,1.0e+00,6.4e-02,1.0e+00,1.0e-03,2.9e-02,global-S%GSNQP,CASSfgSNQPQHF,CASSFGSNQPQHF,TRBV11-1,TRBJ1-5,CAVHTTTSGTYKYIF,Donor AJD3280:L TCRab CD4 TRM,1.000000,-,-,-,-,-,-,-,-,-,-,-
1444,S%GSNQP,1.6e-01,2,2,1.9e-06,1.0e+00,6.4e-02,1.0e+00,1.0e-03,2.9e-02,global-S%GSNQP,CASSPgSNQPQHF,CASSPGSNQPQHF,TRBV5-1,TRBJ1-5,CALNAGGTSYGKLTF,Donor AJG2309:LP TCRab CD4 FOXP3+ Treg,1.000000,-,-,-,-,-,-,-,-,-,-,-

1445,RG%STDT,1.6e-01,2,2,1.8e-06,1.0e+00,6.3e-02,1.0e+00,1.0e-03,2.9e-02,global-RG%STDT,CATRGtSTDTQYF,CATRGTSTDTQYF,TRBV19,TRBJ2-3,CAGGSGGYNKLIF,Donor AJD3280:LP TCRab CD4 TRM,1.000000,-,-,-,-,-,-,-,-,-,-,-
1445,RG%STDT,1.6e-01,2,2,1.8e-06,1.0e+00,6.3e-02,1.0e+00,1.0e-03,2.9e-02,global-RG%STDT,CSARGGSTDTQYF,CSARGGSTDTQYF,TRBV20-1,TRBJ2-3,CAFMKAGANSKLTF,Donor AJG2309:LP TCRab CD4 Mobile TRM,1.000000,-,-,-,-,-,-,-,-,-,-,-

1446,S%NE,1.7e-01,2,2,2.9e-08,1.0e+00,1.0e-03,1.0e+00,1.0e-03,2.9e-02,global-S%NE,CSASgNEQFF,CSASGNEQFF,TRBV20-1,TRBJ2-1,CALSDHGAGNQFYF,Donor AJG2309:PB TCRab CD4 Naive/TCM,1.000000,-,-,-,-,-,-,-,-,-,-,-
1446,S%NE,1.7e-01,2,2,2.9e-08,1.0e+00,1.0e-03,1.0e+00,1.0e-03,2.9e-02,global-S%NE,CSAShNEQFF,CSASHNEQFF,TRBV20-1,TRBJ2-1,CTPEAAGNKLTF,Donor AJKQ118:L TCRab CD4 TRM,1.000000,-,-,-,-,-,-,-,-,-,-,-

1447,%LNTE,1.7e-01,2,2,1.6e-06,1.0e+00,5.6e-02,1.0e+00,1.0e-03,2.9e-02,global-%LNTE,CASSLNTEAFF,CASSLNTEAFF,TRBV6-5,TRBJ1-1,CAANSGGSNYKLTF,Donor AJKQ118:PB TCRab CD4 Naive/TCM,1.000000,-,-,-,-,-,-,-,-,-,-,-
1447,%LNTE,1.7e-01,2,2,1.6e-06,1.0e+00,5.6e-02,1.0e+00,1.0e-03,2.9e-02,global-%LNTE,CSVvlNTEAFF,CSVVLNTEAFF,TRBV29-1,TRBJ1-1,CAVQARGTASKLTF,Donor AJD3280:LP TCRab CD4 TRM,1.000000,-,-,-,-,-,-,-,-,-,-,-

1448,SR%QET,1.7e-01,2,2,1.7e-06,1.0e+00,5.9e-02,1.0e+00,1.0e-03,2.9e-02,global-SR%QET,CASSRyQETQYF,CASSRYQETQYF,TRBV7-2,TRBJ2-5,CAVNMGAFGNEKLTF,Donor AJKQ118:L TCRab CD4 TRM,1.000000,-,-,-,-,-,-,-,-,-,-,-
1448,SR%QET,1.7e-01,2,2,1.7e-06,1.0e+00,5.9e-02,1.0e+00,1.0e-03,2.9e-02,global-SR%QET,CASSRdQETQYF,CASSRDQETQYF,TRBV7-9,TRBJ2-5,CAVNANTGFQKLVF,Donor AJG2309:PB TCRab CD4 Naive/TCM,1.000000,-,-,-,-,-,-,-,-,-,-,-

1449,%GSSYNE,1.8e-01,2,2,1.7e-06,1.0e+00,5.8e-02,1.0e+00,1.0e-03,2.9e-02,global-%GSSYNE,CASTgsSYNEQFF,CASTGSSYNEQFF,TRBV6-5,TRBJ2-1,CAPGDTGFQKLVF,Donor AJKQ118:L TCRab CD4 Naive/TCM,1.000000,-,-,-,-,-,-,-,-,-,-,-
1449,%GSSYNE,1.8e-01,2,2,1.7e-06,1.0e+00,5.8e-02,1.0e+00,1.0e-03,2.9e-02,global-%GSSYNE,CSVGGsSYNEQFF,CSVGGSSYNEQFF,TRBV29-1,TRBJ2-1,CAMREGSAGGYQKVTF,Donor AJD3280:PB TCRab CD4 Naive/TCM,1.000000,-,-,-,-,-,-,-,-,-,-,-

1450,%RGTE,1.9e-01,1,2,2.9e-08,1.0e+00,1.0e-03,1.0e+00,1.0e-03,2.9e-02,global-%RGTE,CSVDRGTEAFF,CSVDRGTEAFF,TRBV29-1,TRBJ1-1,CAVGDNQGGKLIF,Donor AJD3280:L TCRab CD4 TRM,1.000000,-,-,-,-,-,-,-,-,-,-,-
1450,%RGTE,1.9e-01,1,2,2.9e-08,1.0e+00,1.0e-03,1.0e+00,1.0e-03,2.9e-02,global-%RGTE,CSVERGTEAFF,CSVERGTEAFF,TRBV29-1,TRBJ1-1,CIVRVNEWGTASKLTF,Donor AJD3280:IEL TCRab CD4 TRM,1.000000,-,-,-,-,-,-,-,-,-,-,-
1450,%RGTE,1.9e-01,1,2,2.9e-08,1.0e+00,1.0e-03,1.0e+00,1.0e-03,2.9e-02,global-%RGTE,CSVERGTEAFF,CSVERGTEAFF,TRBV29-1,TRBJ1-1,CALGGETSGSRLTF,Donor AJD3280:LP TCRab CD4 TRM,1.000000,-,-,-,-,-,-,-,-,-,-,-
1450,%RGTE,1.9e-01,1,2,2.9e-08,1.0e+00,1.0e-03,1.0e+00,1.0e-03,2.9e-02,global-%RGTE,CSVERGTEAFF,CSVERGTEAFF,TRBV29-1,TRBJ1-1,CIVRVNEWGTASKLTF,Donor AJD3280:LP TCRab CD4 TRM,1.000000,-,-,-,-,-,-,-,-,-,-,-

1451,%RGSYE,1.9e-01,2,2,1.5e-06,1.0e+00,5.1e-02,1.0e+00,1.0e-03,2.9e-02,global-%RGSYE,CASaRGSYEQYF,CASARGSYEQYF,TRBV6-6,TRBJ2-7,CAFSTDSWGKLQF,Donor AJKQ118:PB TCRab CD4 FOXP3+ Treg,1.000000,-,-,-,-,-,-,-,-,-,-,-
1451,%RGSYE,1.9e-01,2,2,1.5e-06,1.0e+00,5.1e-02,1.0e+00,1.0e-03,2.9e-02,global-%RGSYE,CSAnRGSYEQYF,CSANRGSYEQYF,TRBV20-1,TRBJ2-7,CAVEERGGSQGNLIF,Donor AJD3280:IEL TCRab CD4 Mobile TRM,1.000000,-,-,-,-,-,-,-,-,-,-,-

1452,S%DSNQP,1.9e-01,2,2,5.4e-06,1.0e+00,1.9e-01,1.0e+00,1.0e-03,2.9e-02,global-S%DSNQP,CASSfdSNQPQHF,CASSFDSNQPQHF,TRBV12-4,TRBJ1-5,CAFMKSLIQGAQKLVF,Donor AJD3280:LP TCRab CD4 TRM,1.000000,-,-,-,-,-,-,-,-,-,-,-
1452,S%DSNQP,1.9e-01,2,2,5.4e-06,1.0e+00,1.9e-01,1.0e+00,1.0e-03,2.9e-02,global-S%DSNQP,CASSRdSNQPQHF,CASSRDSNQPQHF,TRBV6-5,TRBJ1-5,CAFMKHGATTTGNQFYF,Donor AJD3280:LP TCRab CD4 FOXP3+ Treg,1.000000,-,-,-,-,-,-,-,-,-,-,-
1452,S%DSNQP,1.9e-01,2,2,5.4e-06,1.0e+00,1.9e-01,1.0e+00,1.0e-03,2.9e-02,global-S%DSNQP,CASSRdSNQPQHF,CASSRDSNQPQHF,TRBV12-3,TRBJ1-5,CAVRGGGSNYKLTF,Donor AJG2309:PB TCRab CD4 Naive/TCM,1.000000,-,-,-,-,-,-,-,-,-,-,-

1453,S%GGSSYE,2.0e-01,1,2,1.8e-06,1.0e+00,6.2e-02,1.0e+00,1.0e-03,2.9e-02,global-S%GGSSYE,CASSVGGsSYEQYF,CASSVGGSSYEQYF,TRBV9,TRBJ2-7,CGTPAQGGSEKLVF,Donor AJG2309:LP TCRab CD4 TRM,1.000000,-,-,-,-,-,-,-,-,-,-,-
1453,S%GGSSYE,2.0e-01,1,2,1.8e-06,1.0e+00,6.2e-02,1.0e+00,1.0e-03,2.9e-02,global-S%GGSSYE,CATSDGGsSYEQYF,CATSDGGSSYEQYF,TRBV24-1,TRBJ2-7,CAENTPFDNQGGKLIF,Donor AJG2309:LP TCRab CD4 FOXP3+ Treg,1.000000,-,-,-,-,-,-,-,-,-,-,-

1454,S%GGTDT,2.1e-01,2,2,2.3e-07,1.0e+00,6.2e-02,1.3e-01,1.0e-03,2.9e-02,global-S%GGTDT,CSASGGgTDTQYF,CSASGGGTDTQYF,TRBV20-1,TRBJ2-3,CALLRSNDYKLSF,Donor AJD3280:L TCRab CD4 TRM,2.000000,-,-,-,-,-,-,-,-,-,-,-
1454,S%GGTDT,2.1e-01,2,2,2.3e-07,1.0e+00,6.2e-02,1.3e-01,1.0e-03,2.9e-02,global-S%GGTDT,CASSEGGTDTQYF,CASSEGGTDTQYF,TRBV5-4,TRBJ2-3,CAMMRTGANNLFF,Donor AJG2309:LP TCRab CD4 TRM,1.000000,-,-,-,-,-,-,-,-,-,-,-

1455,SL%GNTE,2.1e-01,1,2,2.9e-08,1.0e+00,1.0e-03,1.0e+00,1.0e-03,2.9e-02,global-SL%GNTE,CASSLegNTEAFF,CASSLEGNTEAFF,TRBV7-9,TRBJ1-1,CVVKNYGGSQGNLIF,Donor AJD3280:LP TCRab CD4 Poised TCM,1.000000,-,-,-,-,-,-,-,-,-,-,-
1455,SL%GNTE,2.1e-01,1,2,2.9e-08,1.0e+00,1.0e-03,1.0e+00,1.0e-03,2.9e-02,global-SL%GNTE,CASSLdgNTEAFF,CASSLDGNTEAFF,TRBV7-9,TRBJ1-1,CAPRSNDYKLSF,Donor AJD3280:PB TCRab CD4 Naive/TCM,1.000000,-,-,-,-,-,-,-,-,-,-,-

1456,SRG%NTE,2.1e-01,2,2,9.6e-07,1.0e+00,3.3e-02,1.0e+00,1.0e-03,2.9e-02,global-SRG%NTE,CASSRGGNTEAFF,CASSRGGNTEAFF,TRBV9,TRBJ1-1,CALSGGSNYKLTF,Donor AJD3280:IEL TCRab CD4 TRM,1.000000,-,-,-,-,-,-,-,-,-,-,-
1456,SRG%NTE,2.1e-01,2,2,9.6e-07,1.0e+00,3.3e-02,1.0e+00,1.0e-03,2.9e-02,global-SRG%NTE,CASSRGGNTEAFF,CASSRGGNTEAFF,TRBV9,TRBJ1-1,CALSGGSNYKLTF,Donor AJD3280:LP TCRab CD4 TRM,1.000000,-,-,-,-,-,-,-,-,-,-,-
1456,SRG%NTE,2.1e-01,2,2,9.6e-07,1.0e+00,3.3e-02,1.0e+00,1.0e-03,2.9e-02,global-SRG%NTE,CASSRGLNTEAFF,CASSRGLNTEAFF,TRBV3-1,TRBJ1-1,CAASALGNQFYF,Donor AJD3280:LP TCRab CD4 Tph,1.000000,-,-,-,-,-,-,-,-,-,-,-
1456,SRG%NTE,2.1e-01,2,2,9.6e-07,1.0e+00,3.3e-02,1.0e+00,1.0e-03,2.9e-02,global-SRG%NTE,CASSRGLNTEAFF,CASSRGLNTEAFF,TRBV6-5,TRBJ1-1,CAASFDNARLMF,Donor AJG2309:PB TCRab CD4 Naive/TCM,1.000000,-,-,-,-,-,-,-,-,-,-,-

1457,S%TGE,2.2e-01,1,2,1.9e-06,1.0e+00,6.4e-02,1.0e+00,1.0e-03,2.9e-02,global-S%TGE,CASSQTGELFF,CASSQTGELFF,TRBV3-1,TRBJ2-2,CAASIPGNQFYF,Donor AJKQ118:PB TCRab CD4 FOXP3+ Treg,1.000000,-,-,-,-,-,-,-,-,-,-,-
1457,S%TGE,2.2e-01,1,2,1.9e-06,1.0e+00,6.4e-02,1.0e+00,1.0e-03,2.9e-02,global-S%TGE,CASSLTGELFF,CASSLTGELFF,TRBV5-1,TRBJ2-2,CALFYSGNTPLVF,Donor AJKQ118:PB TCRab CD4 Naive/TCM,1.000000,-,-,-,-,-,-,-,-,-,-,-

1458,SL%YE,2.2e-01,3,2,7.4e-07,1.0e+00,1.7e-01,1.5e-01,1.0e-03,2.9e-02,global-SL%YE,CASSLnYEQYF,CASSLNYEQYF,TRBV5-1,TRBJ2-7,CAAEDSNYQLIW,Donor AJKQ118:PB TCRab CD4 FOXP3+ Treg,1.000000,-,-,-,-,-,-,-,-,-,-,-
1458,SL%YE,2.2e-01,3,2,7.4e-07,1.0e+00,1.7e-01,1.5e-01,1.0e-03,2.9e-02,global-SL%YE,CASSLgYEQYF,CASSLGYEQYF,TRBV12-3,TRBJ2-7,CAVEVFSGNTPLVF,Donor AJD3280:LP TCRab CD4 TRM,2.000000,-,-,-,-,-,-,-,-,-,-,-
1458,SL%YE,2.2e-01,3,2,7.4e-07,1.0e+00,1.7e-01,1.5e-01,1.0e-03,2.9e-02,global-SL%YE,CASSLgYEQYF,CASSLGYEQYF,TRBV7-2,TRBJ2-7,CAPTNTGGFKTIF,Donor AJG2309:PB TCRab CD4 Naive/TCM,1.000000,-,-,-,-,-,-,-,-,-,-,-

1459,S%GNTE,2.3e-01,2,2,1.9e-06,1.0e+00,6.5e-02,1.0e+00,1.0e-03,2.9e-02,global-S%GNTE,CASSQgNTEAFF,CASSQGNTEAFF,TRBV14,TRBJ1-1,CAVNPMNTGFQKLVF,Donor AJD3280:LP TCRab CD4 TRM,1.000000,-,-,-,-,-,-,-,-,-,-,-
1459,S%GNTE,2.3e-01,2,2,1.9e-06,1.0e+00,6.5e-02,1.0e+00,1.0e-03,2.9e-02,global-S%GNTE,CASSSgNTEAFF,CASSSGNTEAFF,TRBV12-4,TRBJ1-1,CAASIGNYKLSF,Donor AJKQ118:PB TCRab CD4 Naive/TCM,1.000000,-,-,-,-,-,-,-,-,-,-,-

1460,S%GET,2.5e-01,1,2,2.5e-08,1.0e+00,6.7e-02,1.3e-02,1.0e-03,2.9e-02,global-S%GET,CASSSgETQYF,CASSSGETQYF,TRBV19,TRBJ2-5,CAVRAGGGYNKLIF,Donor AJD3280:PB TCRab CD4 FOXP3+ Treg,1.000000,-,-,-,-,-,-,-,-,-,-,-
1460,S%GET,2.5e-01,1,2,2.5e-08,1.0e+00,6.7e-02,1.3e-02,1.0e-03,2.9e-02,global-S%GET,CASSQgETQYF,CASSQGETQYF,TRBV3-1,TRBJ2-5,CAVGEYGNKLVF,Donor AJD3280:LP TCRab CD4 FOXP3+ Treg,4.000000,-,-,-,-,-,-,-,-,-,-,-

1461,%GNTE,2.6e-01,1,2,2.1e-06,1.0e+00,7.1e-02,1.0e+00,1.0e-03,2.9e-02,global-%GNTE,CASRGNTEAFF,CASRGNTEAFF,TRBV19,TRBJ1-1,CVVNGGGSYIPTF,Donor AJD3280:PB TCRab CD4 Naive/TCM,1.000000,-,-,-,-,-,-,-,-,-,-,-
1461,%GNTE,2.6e-01,1,2,2.1e-06,1.0e+00,7.1e-02,1.0e+00,1.0e-03,2.9e-02,global-%GNTE,CSAlgNTEAFF,CSALGNTEAFF,TRBV20-1,TRBJ1-1,CAVGARGNEKLTF,Donor AJD3280:LP TCRab CD4 FOXP3+ Treg,1.000000,-,-,-,-,-,-,-,-,-,-,-

1462,S%TDT,2.6e-01,1,2,2.0e-06,1.0e+00,7.0e-02,1.0e+00,1.0e-03,2.9e-02,global-S%TDT,CAISdTDTQYF,CAISDTDTQYF,TRBV10-3,TRBJ2-3,CAVTKYNTDKLIF,Donor AJD3280:LP TCRab CD4 TRM,1.000000,-,-,-,-,-,-,-,-,-,-,-
1462,S%TDT,2.6e-01,1,2,2.0e-06,1.0e+00,7.0e-02,1.0e+00,1.0e-03,2.9e-02,global-S%TDT,CASSfTDTQYF,CASSFTDTQYF,TRBV14,TRBJ2-3,CAVEPNSNYQLIW,Donor AJD3280:PB TCRab CD4 Naive/TCM,1.000000,-,-,-,-,-,-,-,-,-,-,-

1463,SRG%E,2.8e-01,2,2,2.1e-06,1.0e+00,7.3e-02,1.0e+00,1.0e-03,2.9e-02,global-SRG%E,CASSRgYEQYF,CASSRGYEQYF,TRBV28,TRBJ2-7,CAYRTGYQKVTF,Donor AJG2309:LP TCRab CD4 Poised TCM,1.000000,-,-,-,-,-,-,-,-,-,-,-
1463,SRG%E,2.8e-01,2,2,2.1e-06,1.0e+00,7.3e-02,1.0e+00,1.0e-03,2.9e-02,global-SRG%E,CASSRgaEAFF,CASSRGAEAFF,TRBV9,TRBJ1-1,CAGQLGSNYQLIW,Donor AJKQ118:PB TCRab CD4 Naive/TCM,1.000000,-,-,-,-,-,-,-,-,-,-,-

1464,S%SYE,3.6e-01,2,2,1.4e-06,1.0e+00,4.7e-02,1.0e+00,1.0e-03,2.9e-02,global-S%SYE,CAhsnSYEQYF,CAHSNSYEQYF,TRBV30,TRBJ2-7,CAVRRGGSQGNLIF,Donor AJKQ118:LP TCRab CD4 TRM,1.000000,-,-,-,-,-,-,-,-,-,-,-
1464,S%SYE,3.6e-01,2,2,1.4e-06,1.0e+00,4.7e-02,1.0e+00,1.0e-03,2.9e-02,global-S%SYE,CASShSYEQYF,CASSHSYEQYF,TRBV2,TRBJ2-7,CVVNMGGLDLYSGGGADGLTF,Donor AJG2309:PB TCRab CD4 Naive/TCM,1.000000,-,-,-,-,-,-,-,-,-,-,-

1465,S%QET,3.9e-01,2,2,3.7e-06,1.0e+00,1.3e-01,1.0e+00,1.0e-03,2.9e-02,global-S%QET,CASSgQETQYF,CASSGQETQYF,TRBV5-1,TRBJ2-5,CAANSNTGKLIF,Donor AJD3280:L TCRab CD4 FOXP3+ Treg,1.000000,-,-,-,-,-,-,-,-,-,-,-
1465,S%QET,3.9e-01,2,2,3.7e-06,1.0e+00,1.3e-01,1.0e+00,1.0e-03,2.9e-02,global-S%QET,CASSLQETQYF,CASSLQETQYF,TRBV5-1,TRBJ2-5,CVVRYTGNQFYF,Donor AJD3280:LP TCRab CD4 Poised TCM,1.000000,-,-,-,-,-,-,-,-,-,-,-
1465,S%QET,3.9e-01,2,2,3.7e-06,1.0e+00,1.3e-01,1.0e+00,1.0e-03,2.9e-02,global-S%QET,CASSLQETQYF,CASSLQETQYF,TRBV5-5,TRBJ2-5,CAARDSGTYKYIF,Donor AJKQ118:PB TCRab CD4 Naive/TCM,1.000000,-,-,-,-,-,-,-,-,-,-,-

1476,single,1.0e+00,1,1,4.2e-08,1.0e+00,1.0e-03,4.4e-02,1.0e-03,9.5e-01,global-SPTNNE,CASSPtnNEQFF,CASSPTNNEQFF,TRBV4-1,TRBJ2-1,CAVLPNSGYALNF,Donor AJKQ118:IEL TCRab CD4 Mobile TRM,1.000000,-,-,-,-,-,-,-,-,-,-,-
1476,single,1.0e+00,1,1,4.2e-08,1.0e+00,1.0e-03,4.4e-02,1.0e-03,9.5e-01,global-SPTNNE,CASSPtnNEQFF,CASSPTNNEQFF,TRBV4-1,TRBJ2-1,CAVLPNSGYALNF,Donor AJKQ118:LP TCRab CD4 TRM,3.000000,-,-,-,-,-,-,-,-,-,-,-

1480,single,1.0e+00,1,1,9.5e-07,1.0e+00,1.0e-03,1.0e+00,1.0e-03,9.5e-01,global-SQRGDSNE,CASSQRGdsNEQFF,CASSQRGDSNEQFF,TRBV4-1,TRBJ2-1,CAVGYLRSGGFKTIF,Donor AJD3280:LP TCRab CD4 TRM,1.000000,-,-,-,-,-,-,-,-,-,-,-
1480,single,1.0e+00,1,1,9.5e-07,1.0e+00,1.0e-03,1.0e+00,1.0e-03,9.5e-01,global-SQRGDSNE,CASSQRGdsNEQFF,CASSQRGDSNEQFF,TRBV4-1,TRBJ2-1,CAEKDSGNTPLVF,Donor AJD3280:LP TCRab CD4 TRM,1.000000,-,-,-,-,-,-,-,-,-,-,-

1486,single,1.0e+00,1,1,9.5e-07,1.0e+00,1.0e-03,1.0e+00,1.0e-03,9.5e-01,global-SLAGTENQP,CASSLaGTeNQPQHF,CASSLAGTENQPQHF,TRBV5-5,TRBJ1-5,CAAYNNNDMRF,Donor AJD3280:LP TCRab CD4 TRM,1.000000,-,-,-,-,-,-,-,-,-,-,-
1486,single,1.0e+00,1,1,9.5e-07,1.0e+00,1.0e-03,1.0e+00,1.0e-03,9.5e-01,global-SLAGTENQP,CASSLaGTeNQPQHF,CASSLAGTENQPQHF,TRBV5-5,TRBJ1-5,CAAYNNNDMRF,Donor AJD3280:PB TCRab CD4 FOXP3+ Treg,1.000000,-,-,-,-,-,-,-,-,-,-,-

1492,single,1.0e+00,1,1,1.0e-07,1.0e+00,1.0e-03,1.1e-01,1.0e-03,9.5e-01,global-SVYKGTGGANV,CAWSvykGTGGANVLTF,CAWSVYKGTGGANVLTF,TRBV30,TRBJ2-6,CAVGPPGTGFQKLVF,Donor AJKQ118:L TCRab CD4 TCM,1.000000,-,-,-,-,-,-,-,-,-,-,-
1492,single,1.0e+00,1,1,1.0e-07,1.0e+00,1.0e-03,1.1e-01,1.0e-03,9.5e-01,global-SVYKGTGGANV,CAWSvykGTGGANVLTF,CAWSVYKGTGGANVLTF,TRBV30,TRBJ2-6,CAVGPPGTGFQKLVF,Donor AJKQ118:LP TCRab CD4 TRM,2.000000,-,-,-,-,-,-,-,-,-,-,-

1494,single,1.0e+00,1,1,9.5e-07,1.0e+00,1.0e-03,1.0e+00,1.0e-03,9.5e-01,global-SHQGYGNT,CASShQGyGNTIYF,CASSHQGYGNTIYF,TRBV3-1,TRBJ1-3,CAASRGTYGNKLVF,Donor AJD3280:IEL TCRab CD4 Mobile TRM,1.000000,-,-,-,-,-,-,-,-,-,-,-
1494,single,1.0e+00,1,1,9.5e-07,1.0e+00,1.0e-03,1.0e+00,1.0e-03,9.5e-01,global-SHQGYGNT,CASShQGyGNTIYF,CASSHQGYGNTIYF,TRBV3-1,TRBJ1-3,CAASRGTYGNKLVF,Donor AJD3280:LP TCRab CD4 Poised TCM,1.000000,-,-,-,-,-,-,-,-,-,-,-

1511,single,1.0e+00,1,1,9.5e-07,1.0e+00,1.0e-03,1.0e+00,1.0e-03,9.5e-01,global-SFQGGPTNEK,CASSfQGgpTNEKLFF,CASSFQGGPTNEKLFF,TRBV28,TRBJ1-4,CAFISYSGGGADGLTF,Donor AJG2309:PB TCRab CD4 FOXP3+ Treg,1.000000,-,-,-,-,-,-,-,-,-,-,-
1511,single,1.0e+00,1,1,9.5e-07,1.0e+00,1.0e-03,1.0e+00,1.0e-03,9.5e-01,global-SFQGGPTNEK,CASSfQGgpTNEKLFF,CASSFQGGPTNEKLFF,TRBV28,TRBJ1-4,CAFSPYSGGGADGLTF,Donor AJG2309:PB TCRab CD4 FOXP3+ Treg,1.000000,-,-,-,-,-,-,-,-,-,-,-

1518,single,1.0e+00,1,1,9.5e-07,1.0e+00,1.0e-03,1.0e+00,1.0e-03,9.5e-01,global-IPLQGNTE,CASiplQGNTEAFF,CASIPLQGNTEAFF,TRBV12-3,TRBJ1-1,CAVGARDNTGKLIF,Donor AJD3280:IEL TCRab CD4 TRM,1.000000,-,-,-,-,-,-,-,-,-,-,-
1518,single,1.0e+00,1,1,9.5e-07,1.0e+00,1.0e-03,1.0e+00,1.0e-03,9.5e-01,global-IPLQGNTE,CASiplQGNTEAFF,CASIPLQGNTEAFF,TRBV12-3,TRBJ1-1,CAVGARDNTGKLIF,Donor AJD3280:LP TCRab CD4 Tph,1.000000,-,-,-,-,-,-,-,-,-,-,-

1552,single,1.0e+00,1,1,9.5e-07,1.0e+00,1.0e-03,1.0e+00,1.0e-03,9.5e-01,global-VQGSDT,CSVvQGsDTQYF,CSVVQGSDTQYF,TRBV29-1,TRBJ2-3,CAVGSFARLMF,Donor AJG2309:L TCRab CD4 TRM,1.000000,-,-,-,-,-,-,-,-,-,-,-
1552,single,1.0e+00,1,1,9.5e-07,1.0e+00,1.0e-03,1.0e+00,1.0e-03,9.5e-01,global-VQGSDT,CSVvQGsDTQYF,CSVVQGSDTQYF,TRBV29-1,TRBJ2-3,CAVGSFARLMF,Donor AJG2309:PB TCRab CD4 Naive/TCM,1.000000,-,-,-,-,-,-,-,-,-,-,-

1573,single,1.0e+00,1,1,9.5e-07,1.0e+00,1.0e-03,1.0e+00,1.0e-03,9.5e-01,global-SIDTGEDTGE,CASSIdTGedTGELFF,CASSIDTGEDTGELFF,TRBV6-2,TRBJ2-2,CAVGAPYSGSARQLTF,Donor AJG2309:L TCRab CD4 TRM,1.000000,-,-,-,-,-,-,-,-,-,-,-
1573,single,1.0e+00,1,1,9.5e-07,1.0e+00,1.0e-03,1.0e+00,1.0e-03,9.5e-01,global-SIDTGEDTGE,CASSIdTGedTGELFF,CASSIDTGEDTGELFF,TRBV6-2,TRBJ2-2,CAVGAPYSGSARQLTF,Donor AJG2309:PB TCRab CD4 FOXP3+ Treg,1.000000,-,-,-,-,-,-,-,-,-,-,-

1641,single,1.0e+00,1,1,9.5e-07,1.0e+00,1.0e-03,1.0e+00,1.0e-03,9.5e-01,global-STRGLAEQET,CASStrGLAeQETQYF,CASSTRGLAEQETQYF,TRBV7-2,TRBJ2-5,CIVRSNYQLIW,Donor AJD3280:IEL TCRab CD4 TRM,1.000000,-,-,-,-,-,-,-,-,-,-,-
1641,single,1.0e+00,1,1,9.5e-07,1.0e+00,1.0e-03,1.0e+00,1.0e-03,9.5e-01,global-STRGLAEQET,CASStrGLAeQETQYF,CASSTRGLAEQETQYF,TRBV7-2,TRBJ2-5,CAMRERNTGFQKLVF,Donor AJD3280:LP TCRab CD4 Mobile TRM,1.000000,-,-,-,-,-,-,-,-,-,-,-

1666,single,1.0e+00,1,1,9.5e-07,1.0e+00,1.0e-03,1.0e+00,1.0e-03,9.5e-01,global-SLPRRTGNT,CASSLprrtGNTIYF,CASSLPRRTGNTIYF,TRBV7-2,TRBJ1-3,CAENMDTGRRALTF,Donor AJD3280:L TCRab CD4 TRM,1.000000,-,-,-,-,-,-,-,-,-,-,-
1666,single,1.0e+00,1,1,9.5e-07,1.0e+00,1.0e-03,1.0e+00,1.0e-03,9.5e-01,global-SLPRRTGNT,CASSLprrtGNTIYF,CASSLPRRTGNTIYF,TRBV7-2,TRBJ1-3,CAENMDTGRRALTF,Donor AJD3280:LP TCRab CD4 TRM,1.000000,-,-,-,-,-,-,-,-,-,-,-

1684,single,1.0e+00,1,1,3.3e-08,1.0e+00,1.0e-03,3.5e-02,1.0e-03,9.5e-01,global-SPQQVLSP,CASSPqqvlSPLHF,CASSPQQVLSPLHF,TRBV7-8,TRBJ1-6,CAEGGSQGNLIF,Donor AJKQ118:L TCRab CD4 TCM,1.000000,-,-,-,-,-,-,-,-,-,-,-
1684,single,1.0e+00,1,1,3.3e-08,1.0e+00,1.0e-03,3.5e-02,1.0e-03,9.5e-01,global-SPQQVLSP,CASSPqqvlSPLHF,CASSPQQVLSPLHF,TRBV7-8,TRBJ1-6,CAEGGSQGNLIF,Donor AJKQ118:L TCRab CD4 TRM,3.000000,-,-,-,-,-,-,-,-,-,-,-

1687,single,1.0e+00,1,1,9.5e-07,1.0e+00,1.0e-03,1.0e+00,1.0e-03,9.5e-01,global-SQADRRKT,CASSQaDRrkTQYF,CASSQADRRKTQYF,TRBV4-3,TRBJ2-5,CAPRGGNQFYF,Donor AJKQ118:L TCRab CD4 TRM,1.000000,-,-,-,-,-,-,-,-,-,-,-
1687,single,1.0e+00,1,1,9.5e-07,1.0e+00,1.0e-03,1.0e+00,1.0e-03,9.5e-01,global-SQADRRKT,CASSQaDRrkTQYF,CASSQADRRKTQYF,TRBV4-3,TRBJ2-5,CAPRGGNQFYF,Donor AJKQ118:LP TCRab CD4 TRM,1.000000,-,-,-,-,-,-,-,-,-,-,-
1687,single,1.0e+00,1,1,9.5e-07,1.0e+00,1.0e-03,1.0e+00,1.0e-03,9.5e-01,global-SQADRRKT,CASSQaDRrkTQYF,CASSQADRRKTQYF,TRBV4-3,TRBJ2-5,CAPRGGNQFYF,Donor AJKQ118:PB TCRab CD4 FOXP3+ Treg,1.000000,-,-,-,-,-,-,-,-,-,-,-

1690,single,1.0e+00,1,1,9.5e-07,1.0e+00,1.0e-03,1.0e+00,1.0e-03,9.5e-01,global-SLGASGAGGNE,CASSLgasgAGGNEQFF,CASSLGASGAGGNEQFF,TRBV7-6,TRBJ2-1,CVVNGGGSYIPTF,Donor AJD3280:L TCRab CD4 TCM,1.000000,-,-,-,-,-,-,-,-,-,-,-
1690,single,1.0e+00,1,1,9.5e-07,1.0e+00,1.0e-03,1.0e+00,1.0e-03,9.5e-01,global-SLGASGAGGNE,CASSLgasgAGGNEQFF,CASSLGASGAGGNEQFF,TRBV7-6,TRBJ2-1,CVVNGGGSYIPTF,Donor AJD3280:PB TCRab CD4 FOXP3+ Treg,1.000000,-,-,-,-,-,-,-,-,-,-,-

1717,single,1.0e+00,1,1,6.7e-09,1.0e+00,1.0e-03,7.0e-03,1.0e-03,9.5e-01,global-SMNRDRVAE,CASSmnrDRvaEAFF,CASSMNRDRVAEAFF,TRBV19,TRBJ1-1,CALTGTYKYIF,Donor AJKQ118:L TCRab CD4 TCM,1.000000,-,-,-,-,-,-,-,-,-,-,-
1717,single,1.0e+00,1,1,6.7e-09,1.0e+00,1.0e-03,7.0e-03,1.0e-03,9.5e-01,global-SMNRDRVAE,CASSmnrDRvaEAFF,CASSMNRDRVAEAFF,TRBV19,TRBJ1-1,CALTGTYKYIF,Donor AJKQ118:L TCRab CD4 TRM,7.000000,-,-,-,-,-,-,-,-,-,-,-
1717,single,1.0e+00,1,1,6.7e-09,1.0e+00,1.0e-03,7.0e-03,1.0e-03,9.5e-01,global-SMNRDRVAE,CASSmnrDRvaEAFF,CASSMNRDRVAEAFF,TRBV19,TRBJ1-1,CALTGTYKYIF,Donor AJKQ118:LP TCRab CD4 TRM,1.000000,-,-,-,-,-,-,-,-,-,-,-

1763,single,1.0e+00,1,1,1.2e-07,1.0e+00,1.0e-03,1.2e-01,1.0e-03,9.5e-01,global-SRETSGGLE,CATSReTSGGlEQYF,CATSRETSGGLEQYF,TRBV15,TRBJ2-7,CALDITGNTGKLIF,Donor AJD3280:IEL TCRab CD4 FOXP3+ Treg,2.000000,-,-,-,-,-,-,-,-,-,-,-
1763,single,1.0e+00,1,1,1.2e-07,1.0e+00,1.0e-03,1.2e-01,1.0e-03,9.5e-01,global-SRETSGGLE,CATSReTSGGlEQYF,CATSRETSGGLEQYF,TRBV15,TRBJ2-7,CALDITGNTGKLIF,Donor AJD3280:IEL TCRab CD4 TRM,1.000000,-,-,-,-,-,-,-,-,-,-,-

1792,single,1.0e+00,1,1,9.5e-07,1.0e+00,1.0e-03,1.0e+00,1.0e-03,9.5e-01,global-RRTAPDT,CASrrtapDTQYF,CASRRTAPDTQYF,TRBV7-8,TRBJ2-3,CAVRGVKTSYDKVIF,Donor AJKQ118:LP TCRab CD4 Mobile TRM,1.000000,-,-,-,-,-,-,-,-,-,-,-
1792,single,1.0e+00,1,1,9.5e-07,1.0e+00,1.0e-03,1.0e+00,1.0e-03,9.5e-01,global-RRTAPDT,CASrrtapDTQYF,CASRRTAPDTQYF,TRBV7-8,TRBJ2-3,CAVRGVKTSYDKVIF,Donor AJKQ118:LP TCRab CD4 TRM,1.000000,-,-,-,-,-,-,-,-,-,-,-

1797,single,1.0e+00,1,1,9.5e-07,1.0e+00,1.0e-03,1.0e+00,1.0e-03,9.5e-01,global-SGYPGLYG,CASSgypGLYGYTF,CASSGYPGLYGYTF,TRBV5-6,TRBJ1-2,CATDPNAGGTSYGKLTF,Donor AJD3280:L TCRab CD4 TRM,1.000000,-,-,-,-,-,-,-,-,-,-,-
1797,single,1.0e+00,1,1,9.5e-07,1.0e+00,1.0e-03,1.0e+00,1.0e-03,9.5e-01,global-SGYPGLYG,CASSgypGLYGYTF,CASSGYPGLYGYTF,TRBV5-6,TRBJ1-2,CATDPNAGGTSYGKLTF,Donor AJD3280:PB TCRab CD4 Naive/TCM,1.000000,-,-,-,-,-,-,-,-,-,-,-

1812,single,1.0e+00,1,1,3.4e-08,1.0e+00,1.0e-03,3.6e-02,1.0e-03,9.5e-01,global-SDSREESET,CATSDsREesETQYF,CATSDSREESETQYF,TRBV24-1,TRBJ2-5,CIKPSRFHSGYALNF,Donor AJG2309:PB TCRab CD4 FOXP3+ Treg,3.000000,-,-,-,-,-,-,-,-,-,-,-
1812,single,1.0e+00,1,1,3.4e-08,1.0e+00,1.0e-03,3.6e-02,1.0e-03,9.5e-01,global-SDSREESET,CATSDsREesETQYF,CATSDSREESETQYF,TRBV24-1,TRBJ2-5,CIKPSRFHSGYALNF,Donor AJG2309:PB TCRab CD4 Naive/TCM,1.000000,-,-,-,-,-,-,-,-,-,-,-

1818,single,1.0e+00,1,1,9.5e-10,1.0e+00,1.0e-03,1.0e-03,1.0e-03,9.5e-01,global-QRTRDGGE,CASqrtrdGGEQYF,CASQRTRDGGEQYF,TRBV30,TRBJ2-7,CLLAGYSSASKIIF,Donor AJD3280:IEL TCRab CD4 TRM,2.000000,-,-,-,-,-,-,-,-,-,-,-
1818,single,1.0e+00,1,1,9.5e-10,1.0e+00,1.0e-03,1.0e-03,1.0e-03,9.5e-01,global-QRTRDGGE,CASqrtrdGGEQYF,CASQRTRDGGEQYF,TRBV30,TRBJ2-7,CLLAGYSSASKIIF,Donor AJD3280:LP TCRab CD4 TRM,14.000000,-,-,-,-,-,-,-,-,-,-,-

1832,single,1.0e+00,1,1,9.2e-08,1.0e+00,1.0e-03,9.6e-02,1.0e-03,9.5e-01,global-SPGLGAET,CAhspGLgaETQYF,CAHSPGLGAETQYF,TRBV30,TRBJ2-5,CAVSNSNSGYALNF,Donor AJG2309:LP TCRab CD4 TRM,1.000000,-,-,-,-,-,-,-,-,-,-,-
1832,single,1.0e+00,1,1,9.2e-08,1.0e+00,1.0e-03,9.6e-02,1.0e-03,9.5e-01,global-SPGLGAET,CAhspGLgaETQYF,CAHSPGLGAETQYF,TRBV30,TRBJ2-5,CAVSNSNSGYALNF,Donor AJG2309:PB TCRab CD4 FOXP3+ Treg,2.000000,-,-,-,-,-,-,-,-,-,-,-

1844,single,1.0e+00,2,1,9.5e-07,1.0e+00,1.0e-03,1.0e+00,1.0e-03,9.5e-01,global-SSGLAAYNE,CASSSGLAaYNEQFF,CASSSGLAAYNEQFF,TRBV7-9,TRBJ2-1,CAESQGDSWGKLQF,Donor AJD3280:L TCRab CD4 Naive/TCM,1.000000,-,-,-,-,-,-,-,-,-,-,-
1844,single,1.0e+00,2,1,9.5e-07,1.0e+00,1.0e-03,1.0e+00,1.0e-03,9.5e-01,global-SSGLAAYNE,CASSSGLAaYNEQFF,CASSSGLAAYNEQFF,TRBV7-9,TRBJ2-1,CATDDNRGAGNMLTF,Donor AJG2309:L TCRab CD4 TRM,1.000000,-,-,-,-,-,-,-,-,-,-,-

1848,single,1.0e+00,1,1,1.2e-07,1.0e+00,1.0e-03,1.2e-01,1.0e-03,9.5e-01,global-SDTGGTYNE,CASSDTGGtYNEQFF,CASSDTGGTYNEQFF,TRBV6-1,TRBJ2-1,CAMSETDSWGKLQF,Donor AJD3280:IEL TCRab CD4 TRM,1.000000,-,-,-,-,-,-,-,-,-,-,-
1848,single,1.0e+00,1,1,1.2e-07,1.0e+00,1.0e-03,1.2e-01,1.0e-03,9.5e-01,global-SDTGGTYNE,CASSDTGGtYNEQFF,CASSDTGGTYNEQFF,TRBV6-1,TRBJ2-1,CAMSETDSWGKLQF,Donor AJD3280:LP TCRab CD4 TRM,2.000000,-,-,-,-,-,-,-,-,-,-,-

1878,single,1.0e+00,1,1,6.9e-08,1.0e+00,1.0e-03,7.2e-02,1.0e-03,9.5e-01,global-SQDSVGAGHYE,CASSQdsvgAGhYEQYF,CASSQDSVGAGHYEQYF,TRBV3-1,TRBJ2-7,CAMRGFGGGGNKLTF,Donor AJKQ118:IEL TCRab CD4 TRM,1.000000,-,-,-,-,-,-,-,-,-,-,-
1878,single,1.0e+00,1,1,6.9e-08,1.0e+00,1.0e-03,7.2e-02,1.0e-03,9.5e-01,global-SQDSVGAGHYE,CASSQdsvgAGhYEQYF,CASSQDSVGAGHYEQYF,TRBV3-1,TRBJ2-7,CAGLTSGTYKYIF,Donor AJKQ118:IEL TCRab CD4 TRM,1.000000,-,-,-,-,-,-,-,-,-,-,-
1878,single,1.0e+00,1,1,6.9e-08,1.0e+00,1.0e-03,7.2e-02,1.0e-03,9.5e-01,global-SQDSVGAGHYE,CASSQdsvgAGhYEQYF,CASSQDSVGAGHYEQYF,TRBV3-1,TRBJ2-7,CAMRGFGGGGNKLTF,Donor AJKQ118:LP TCRab CD4 TRM,3.000000,-,-,-,-,-,-,-,-,-,-,-
1878,single,1.0e+00,1,1,6.9e-08,1.0e+00,1.0e-03,7.2e-02,1.0e-03,9.5e-01,global-SQDSVGAGHYE,CASSQdsvgAGhYEQYF,CASSQDSVGAGHYEQYF,TRBV3-1,TRBJ2-7,CAGLTSGTYKYIF,Donor AJKQ118:LP TCRab CD4 TRM,1.000000,-,-,-,-,-,-,-,-,-,-,-

1958,single,1.0e+00,1,1,2.7e-08,1.0e+00,1.0e-03,2.8e-02,1.0e-03,9.5e-01,global-SLGGGAAE,CASSLGGgaaEAFF,CASSLGGGAAEAFF,TRBV7-9,TRBJ1-1,CAGPGGNTPLVF,Donor AJD3280:IEL TCRab CD4 TRM,1.000000,-,-,-,-,-,-,-,-,-,-,-
1958,single,1.0e+00,1,1,2.7e-08,1.0e+00,1.0e-03,2.8e-02,1.0e-03,9.5e-01,global-SLGGGAAE,CASSLGGgaaEAFF,CASSLGGGAAEAFF,TRBV7-9,TRBJ1-1,CAGPGGNTPLVF,Donor AJD3280:LP TCRab CD4 FOXP3+ Treg,3.000000,-,-,-,-,-,-,-,-,-,-,-

1990,single,1.0e+00,2,1,6.6e-05,1.0e+00,6.9e-02,1.0e+00,1.0e-03,9.5e-01,global-SLEGRGNSP,CASSLegRGNSPLHF,CASSLEGRGNSPLHF,TRBV5-1,TRBJ1-6,CAVSEGDSWGKLQF,Donor AJD3280:PB TCRab CD4 Naive/TCM,1.000000,-,-,-,-,-,-,-,-,-,-,-
1990,single,1.0e+00,2,1,6.6e-05,1.0e+00,6.9e-02,1.0e+00,1.0e-03,9.5e-01,global-SLEGRGNSP,CASSLegRGNSPLHF,CASSLEGRGNSPLHF,TRBV28,TRBJ1-6,CAVTGNQFYF,Donor AJKQ118:PB TCRab CD4 Naive/TCM,1.000000,-,-,-,-,-,-,-,-,-,-,-

2006,single,1.0e+00,1,1,9.5e-07,1.0e+00,1.0e-03,1.0e+00,1.0e-03,9.5e-01,global-SDKPGLLNSP,CASSDkpGLlNSPLHF,CASSDKPGLLNSPLHF,TRBV25-1,TRBJ1-6,CAYRSAGDYYGNKLVF,Donor AJKQ118:IEL TCRab CD4 TRM,1.000000,-,-,-,-,-,-,-,-,-,-,-
2006,single,1.0e+00,1,1,9.5e-07,1.0e+00,1.0e-03,1.0e+00,1.0e-03,9.5e-01,global-SDKPGLLNSP,CASSDkpGLlNSPLHF,CASSDKPGLLNSPLHF,TRBV25-1,TRBJ1-6,CAYRSAGDYYGNKLVF,Donor AJKQ118:LP TCRab CD4 TRM,1.000000,-,-,-,-,-,-,-,-,-,-,-

2009,single,1.0e+00,1,1,9.5e-07,1.0e+00,1.0e-03,1.0e+00,1.0e-03,9.5e-01,global-SIPGTTDT,CASSIpGTTDTQYF,CASSIPGTTDTQYF,TRBV19,TRBJ2-3,CALGGGKSTF,Donor AJD3280:IEL TCRab CD4 TRM,1.000000,-,-,-,-,-,-,-,-,-,-,-
2009,single,1.0e+00,1,1,9.5e-07,1.0e+00,1.0e-03,1.0e+00,1.0e-03,9.5e-01,global-SIPGTTDT,CASSIpGTTDTQYF,CASSIPGTTDTQYF,TRBV19,TRBJ2-3,CAASSSGSARQLTF,Donor AJD3280:L TCRab CD4 TRM,1.000000,-,-,-,-,-,-,-,-,-,-,-

2044,single,1.0e+00,1,1,9.5e-07,1.0e+00,1.0e-03,1.0e+00,1.0e-03,9.5e-01,global-SVGTGRRGPGNT,CASSVGTGrrgpGNTIYF,CASSVGTGRRGPGNTIYF,TRBV5-1,TRBJ1-3,CAVEAGANNLFF,Donor AJKQ118:IEL TCRab CD4 TRM,1.000000,-,-,-,-,-,-,-,-,-,-,-
2044,single,1.0e+00,1,1,9.5e-07,1.0e+00,1.0e-03,1.0e+00,1.0e-03,9.5e-01,global-SVGTGRRGPGNT,CASSVGTGrrgpGNTIYF,CASSVGTGRRGPGNTIYF,TRBV5-1,TRBJ1-3,CAVEAGANNLFF,Donor AJKQ118:LP TCRab CD4 TRM,1.000000,-,-,-,-,-,-,-,-,-,-,-

2054,single,1.0e+00,1,1,9.5e-07,1.0e+00,1.0e-03,1.0e+00,1.0e-03,9.5e-01,global-SALAGVGSYE,CASSaLAGvgSYEQYF,CASSALAGVGSYEQYF,TRBV7-8,TRBJ2-7,CAGKKTGGFKTIF,Donor AJKQ118:IEL TCRab CD4 TRM,1.000000,-,-,-,-,-,-,-,-,-,-,-
2054,single,1.0e+00,1,1,9.5e-07,1.0e+00,1.0e-03,1.0e+00,1.0e-03,9.5e-01,global-SALAGVGSYE,CASSaLAGvgSYEQYF,CASSALAGVGSYEQYF,TRBV7-8,TRBJ2-7,CAGKKTGGFKTIF,Donor AJKQ118:LP TCRab CD4 TRM,1.000000,-,-,-,-,-,-,-,-,-,-,-

2111,single,1.0e+00,1,1,9.5e-07,1.0e+00,1.0e-03,1.0e+00,1.0e-03,9.5e-01,global-SLREGGDG,CASSLREggdGYTF,CASSLREGGDGYTF,TRBV7-3,TRBJ1-2,CALSAPSGTYKYIF,Donor AJD3280:L TCRab CD4 TRM,1.000000,-,-,-,-,-,-,-,-,-,-,-
2111,single,1.0e+00,1,1,9.5e-07,1.0e+00,1.0e-03,1.0e+00,1.0e-03,9.5e-01,global-SLREGGDG,CASSLREggdGYTF,CASSLREGGDGYTF,TRBV7-3,TRBJ1-2,CALSAPSGTYKYIF,Donor AJD3280:LP TCRab CD4 TRM,1.000000,-,-,-,-,-,-,-,-,-,-,-

2123,single,1.0e+00,1,1,9.5e-07,1.0e+00,1.0e-03,1.0e+00,1.0e-03,9.5e-01,global-SLGTTPNYE,CASSLGTtpnYEQYF,CASSLGTTPNYEQYF,TRBV7-2,TRBJ2-7,CAMRGSGSARQLTF,Donor AJKQ118:IEL TCRab CD4 Mobile TRM,1.000000,-,-,-,-,-,-,-,-,-,-,-
2123,single,1.0e+00,1,1,9.5e-07,1.0e+00,1.0e-03,1.0e+00,1.0e-03,9.5e-01,global-SLGTTPNYE,CASSLGTtpnYEQYF,CASSLGTTPNYEQYF,TRBV7-2,TRBJ2-7,CAMRGSGSARQLTF,Donor AJKQ118:L TCRab CD4 TRM,1.000000,-,-,-,-,-,-,-,-,-,-,-

2169,single,1.0e+00,1,1,9.5e-07,1.0e+00,1.0e-03,1.0e+00,1.0e-03,9.5e-01,global-SELDSGNT,CASSEldSGNTIYF,CASSELDSGNTIYF,TRBV2,TRBJ1-3,CAVSDSDTDKLIF,Donor AJD3280:L TCRab CD4 TRM,1.000000,-,-,-,-,-,-,-,-,-,-,-
2169,single,1.0e+00,1,1,9.5e-07,1.0e+00,1.0e-03,1.0e+00,1.0e-03,9.5e-01,global-SELDSGNT,CASSEldSGNTIYF,CASSELDSGNTIYF,TRBV2,TRBJ1-3,CAVSDSDTDKLIF,Donor AJD3280:LP TCRab CD4 TRM,1.000000,-,-,-,-,-,-,-,-,-,-,-

2176,single,1.0e+00,1,1,9.5e-07,1.0e+00,1.0e-03,1.0e+00,1.0e-03,9.5e-01,global-KGGLAGMDT,CASkgGLAGmDTQYF,CASKGGLAGMDTQYF,TRBV2,TRBJ2-3,CAVRDGSGSARQLTF,Donor AJD3280:IEL TCRab CD4 TRM,1.000000,-,-,-,-,-,-,-,-,-,-,-
2176,single,1.0e+00,1,1,9.5e-07,1.0e+00,1.0e-03,1.0e+00,1.0e-03,9.5e-01,global-KGGLAGMDT,CASkgGLAGmDTQYF,CASKGGLAGMDTQYF,TRBV2,TRBJ2-3,CAVRDGSGSARQLTF,Donor AJD3280:LP TCRab CD4 Tph,1.000000,-,-,-,-,-,-,-,-,-,-,-

2195,single,1.0e+00,1,1,9.5e-07,1.0e+00,1.0e-03,1.0e+00,1.0e-03,9.5e-01,global-SQGWGGSNYG,CASSQgwGGsNYGYTF,CASSQGWGGSNYGYTF,TRBV4-3,TRBJ1-2,CATDASSGGYNKLIF,Donor AJD3280:IEL TCRab CD4 Mobile TRM,1.000000,-,-,-,-,-,-,-,-,-,-,-
2195,single,1.0e+00,1,1,9.5e-07,1.0e+00,1.0e-03,1.0e+00,1.0e-03,9.5e-01,global-SQGWGGSNYG,CASSQgwGGsNYGYTF,CASSQGWGGSNYGYTF,TRBV4-3,TRBJ1-2,CAVRETGRRALTF,Donor AJD3280:LP TCRab CD4 Poised TCM,1.000000,-,-,-,-,-,-,-,-,-,-,-

2210,single,1.0e+00,1,1,1.3e-07,1.0e+00,1.0e-03,1.4e-01,1.0e-03,9.5e-01,global-GLEPSTGE,CATGLepsTGELFF,CATGLEPSTGELFF,TRBV2,TRBJ2-2,CAARTSGNTPLVF,Donor AJKQ118:IEL TCRab CD4 TRM,2.000000,-,-,-,-,-,-,-,-,-,-,-
2210,single,1.0e+00,1,1,1.3e-07,1.0e+00,1.0e-03,1.4e-01,1.0e-03,9.5e-01,global-GLEPSTGE,CATGLepsTGELFF,CATGLEPSTGELFF,TRBV2,TRBJ2-2,CAARTSGNTPLVF,Donor AJKQ118:L TCRab CD4 TRM,1.000000,-,-,-,-,-,-,-,-,-,-,-
2210,single,1.0e+00,1,1,1.3e-07,1.0e+00,1.0e-03,1.4e-01,1.0e-03,9.5e-01,global-GLEPSTGE,CATGLepsTGELFF,CATGLEPSTGELFF,TRBV2,TRBJ2-2,CAARTSGNTPLVF,Donor AJKQ118:PB TCRab CD4 Naive/TCM,1.000000,-,-,-,-,-,-,-,-,-,-,-

2246,single,1.0e+00,1,1,9.5e-07,1.0e+00,1.0e-03,1.0e+00,1.0e-03,9.5e-01,global-SLYPDT,CASSLypDTQYF,CASSLYPDTQYF,TRBV7-2,TRBJ2-3,CATSNTGGFKTIF,Donor AJD3280:IEL TCRab CD4 TRM,1.000000,-,-,-,-,-,-,-,-,-,-,-
2246,single,1.0e+00,1,1,9.5e-07,1.0e+00,1.0e-03,1.0e+00,1.0e-03,9.5e-01,global-SLYPDT,CASSLypDTQYF,CASSLYPDTQYF,TRBV7-2,TRBJ2-3,CATSNTGGFKTIF,Donor AJD3280:LP TCRab CD4 Mobile TRM,1.000000,-,-,-,-,-,-,-,-,-,-,-

2299,single,1.0e+00,1,1,1.0e-07,1.0e+00,1.0e-03,1.1e-01,1.0e-03,9.5e-01,global-ATGTEET,CAWaTGteETQYF,CAWATGTEETQYF,TRBV30,TRBJ2-5,CAALSYNTDKLIF,Donor AJKQ118:L TCRab CD4 TCM,1.000000,-,-,-,-,-,-,-,-,-,-,-
2299,single,1.0e+00,1,1,1.0e-07,1.0e+00,1.0e-03,1.1e-01,1.0e-03,9.5e-01,global-ATGTEET,CAWaTGteETQYF,CAWATGTEETQYF,TRBV30,TRBJ2-5,CILLSGAGSYQLTF,Donor AJKQ118:L TCRab CD4 TRM,2.000000,-,-,-,-,-,-,-,-,-,-,-

2300,single,1.0e+00,1,1,9.5e-07,1.0e+00,1.0e-03,1.0e+00,1.0e-03,9.5e-01,global-SLAWLAGGVYE,CASSLawLAGGvYEQYF,CASSLAWLAGGVYEQYF,TRBV7-2,TRBJ2-7,CAASLILSGNTGKLIF,Donor AJD3280:LP TCRab CD4 FOXP3+ Treg,1.000000,-,-,-,-,-,-,-,-,-,-,-
2300,single,1.0e+00,1,1,9.5e-07,1.0e+00,1.0e-03,1.0e+00,1.0e-03,9.5e-01,global-SLAWLAGGVYE,CASSLawLAGGvYEQYF,CASSLAWLAGGVYEQYF,TRBV7-2,TRBJ2-7,CAVTTRGAGGTSYGKLTF,Donor AJD3280:LP TCRab CD4 FOXP3+ Treg,1.000000,-,-,-,-,-,-,-,-,-,-,-

2302,single,1.0e+00,1,1,9.5e-07,1.0e+00,1.0e-03,1.0e+00,1.0e-03,9.5e-01,global-SQAGVQET,CASSQAGvQETQYF,CASSQAGVQETQYF,TRBV4-2,TRBJ2-5,CAESKGGTSYGKLTF,Donor AJKQ118:L TCRab CD4 TCM,1.000000,-,-,-,-,-,-,-,-,-,-,-
2302,single,1.0e+00,1,1,9.5e-07,1.0e+00,1.0e-03,1.0e+00,1.0e-03,9.5e-01,global-SQAGVQET,CASSQAGvQETQYF,CASSQAGVQETQYF,TRBV4-2,TRBJ2-5,CAESKGGTSYGKLTF,Donor AJKQ118:L TCRab CD4 TRM,1.000000,-,-,-,-,-,-,-,-,-,-,-

2373,single,1.0e+00,1,1,1.6e-07,1.0e+00,1.0e-03,1.7e-01,1.0e-03,9.5e-01,global-RGGGGRTE,CSARgggGRTEAFF,CSARGGGGRTEAFF,TRBV20-1,TRBJ1-1,CIVRVPSDTGGFKTIF,Donor AJKQ118:IEL TCRab CD4 Mobile TRM,1.000000,-,-,-,-,-,-,-,-,-,-,-
2373,single,1.0e+00,1,1,1.6e-07,1.0e+00,1.0e-03,1.7e-01,1.0e-03,9.5e-01,global-RGGGGRTE,CSARgggGRTEAFF,CSARGGGGRTEAFF,TRBV20-1,TRBJ1-1,CIVRVPSDTGGFKTIF,Donor AJKQ118:L TCRab CD4 TRM,2.000000,-,-,-,-,-,-,-,-,-,-,-
2373,single,1.0e+00,1,1,1.6e-07,1.0e+00,1.0e-03,1.7e-01,1.0e-03,9.5e-01,global-RGGGGRTE,CSARgggGRTEAFF,CSARGGGGRTEAFF,TRBV20-1,TRBJ1-1,CIVRVPSDTGGFKTIF,Donor AJKQ118:LP TCRab CD4 Mobile TRM,1.000000,-,-,-,-,-,-,-,-,-,-,-

2405,single,1.0e+00,1,1,9.5e-07,1.0e+00,1.0e-03,1.0e+00,1.0e-03,9.5e-01,global-SVTSGGAVDT,CASSVTSGGavDTQYF,CASSVTSGGAVDTQYF,TRBV9,TRBJ2-3,CAFMKDFGNEKLTF,Donor AJD3280:IEL TCRab CD4 TRM,1.000000,-,-,-,-,-,-,-,-,-,-,-
2405,single,1.0e+00,1,1,9.5e-07,1.0e+00,1.0e-03,1.0e+00,1.0e-03,9.5e-01,global-SVTSGGAVDT,CASSVTSGGavDTQYF,CASSVTSGGAVDTQYF,TRBV9,TRBJ2-3,CAFMKDFGNEKLTF,Donor AJD3280:LP TCRab CD4 TRM,1.000000,-,-,-,-,-,-,-,-,-,-,-

2428,single,1.0e+00,2,1,5.6e-05,1.0e+00,5.9e-02,1.0e+00,1.0e-03,9.5e-01,global-SLAGVSNQP,CASSLAGvSNQPQHF,CASSLAGVSNQPQHF,TRBV7-2,TRBJ1-5,CATRGAGANNLFF,Donor AJD3280:LP TCRab CD4 Mobile TRM,1.000000,-,-,-,-,-,-,-,-,-,-,-
2428,single,1.0e+00,2,1,5.6e-05,1.0e+00,5.9e-02,1.0e+00,1.0e-03,9.5e-01,global-SLAGVSNQP,CASSLAGvSNQPQHF,CASSLAGVSNQPQHF,TRBV5-1,TRBJ1-5,CAYRGGGGFGNVLHC,Donor AJKQ118:LP TCRab CD4 FOXP3+ Treg,1.000000,-,-,-,-,-,-,-,-,-,-,-

2433,single,1.0e+00,1,1,9.5e-07,1.0e+00,1.0e-03,1.0e+00,1.0e-03,9.5e-01,global-GLGFPSGE,CASGLgfpSGEQYF,CASGLGFPSGEQYF,TRBV5-1,TRBJ2-7,CALSEAGGGNKLTF,Donor AJG2309:IEL TCRab CD4 FOXP3+ Treg,1.000000,-,-,-,-,-,-,-,-,-,-,-
2433,single,1.0e+00,1,1,9.5e-07,1.0e+00,1.0e-03,1.0e+00,1.0e-03,9.5e-01,global-GLGFPSGE,CASGLgfpSGEQYF,CASGLGFPSGEQYF,TRBV5-1,TRBJ2-7,CALSEAGGGNKLTF,Donor AJG2309:LP TCRab CD4 FOXP3+ Treg,1.000000,-,-,-,-,-,-,-,-,-,-,-

2459,single,1.0e+00,1,1,1.7e-07,1.0e+00,1.0e-03,1.8e-01,1.0e-03,9.5e-01,global-NQGVGDTGE,CAWnQGvgdTGELFF,CAWNQGVGDTGELFF,TRBV30,TRBJ2-2,CAVVTSNSGYALNF,Donor AJG2309:L TCRab CD4 FOXP3+ Treg,1.000000,-,-,-,-,-,-,-,-,-,-,-
2459,single,1.0e+00,1,1,1.7e-07,1.0e+00,1.0e-03,1.8e-01,1.0e-03,9.5e-01,global-NQGVGDTGE,CAWnQGvgdTGELFF,CAWNQGVGDTGELFF,TRBV30,TRBJ2-2,CAVVTSNSGYALNF,Donor AJG2309:L TCRab CD4 TRM,1.000000,-,-,-,-,-,-,-,-,-,-,-
2459,single,1.0e+00,1,1,1.7e-07,1.0e+00,1.0e-03,1.8e-01,1.0e-03,9.5e-01,global-NQGVGDTGE,CAWnQGvgdTGELFF,CAWNQGVGDTGELFF,TRBV30,TRBJ2-2,CAVVTSNSGYALNF,Donor AJG2309:PB TCRab CD4 FOXP3+ Treg,2.000000,-,-,-,-,-,-,-,-,-,-,-

2464,single,1.0e+00,1,1,1.1e-07,1.0e+00,1.0e-03,1.1e-01,1.0e-03,9.5e-01,global-SSLGGQEK,CASSSlgGQEKLFF,CASSSLGGQEKLFF,TRBV7-8,TRBJ1-4,CAHSGGSNYKLTF,Donor AJD3280:IEL TCRab CD4 TRM,1.000000,-,-,-,-,-,-,-,-,-,-,-
2464,single,1.0e+00,1,1,1.1e-07,1.0e+00,1.0e-03,1.1e-01,1.0e-03,9.5e-01,global-SSLGGQEK,CASSSlgGQEKLFF,CASSSLGGQEKLFF,TRBV7-8,TRBJ1-4,CAHSGGSNYKLTF,Donor AJD3280:LP TCRab CD4 Tph,2.000000,-,-,-,-,-,-,-,-,-,-,-

2470,single,1.0e+00,1,1,9.5e-07,1.0e+00,1.0e-03,1.0e+00,1.0e-03,9.5e-01,global-SPNAGMTGE,CASSPnAGmTGELFF,CASSPNAGMTGELFF,TRBV18,TRBJ2-2,CAVGFGNVLHC,Donor AJD3280:LP TCRab CD4 Tph,1.000000,-,-,-,-,-,-,-,-,-,-,-
2470,single,1.0e+00,1,1,9.5e-07,1.0e+00,1.0e-03,1.0e+00,1.0e-03,9.5e-01,global-SPNAGMTGE,CASSPnAGmTGELFF,CASSPNAGMTGELFF,TRBV18,TRBJ2-2,CAGLRTQGGSEKLVF,Donor AJD3280:LP TCRab CD4 Tph,1.000000,-,-,-,-,-,-,-,-,-,-,-

2474,single,1.0e+00,1,1,1.3e-07,1.0e+00,1.0e-03,1.3e-01,1.0e-03,9.5e-01,global-SHPDGGTSYE,CASShpdgGTSYEQYF,CASSHPDGGTSYEQYF,TRBV7-9,TRBJ2-7,CAVSRTGGGNKLTF,Donor AJKQ118:LP TCRab CD4 Poised TCM,1.000000,-,-,-,-,-,-,-,-,-,-,-
2474,single,1.0e+00,1,1,1.3e-07,1.0e+00,1.0e-03,1.3e-01,1.0e-03,9.5e-01,global-SHPDGGTSYE,CASShpdgGTSYEQYF,CASSHPDGGTSYEQYF,TRBV7-9,TRBJ2-7,CAVSRTGGGNKLTF,Donor AJKQ118:LP TCRab CD4 TRM,2.000000,-,-,-,-,-,-,-,-,-,-,-

2496,single,1.0e+00,1,1,9.5e-07,1.0e+00,1.0e-03,1.0e+00,1.0e-03,9.5e-01,global-SSPSQGWTDT,CASSSpsQGwTDTQYF,CASSSPSQGWTDTQYF,TRBV28,TRBJ2-3,CAGGRDDKIIF,Donor AJG2309:LP TCRab CD4 TRM,1.000000,-,-,-,-,-,-,-,-,-,-,-
2496,single,1.0e+00,1,1,9.5e-07,1.0e+00,1.0e-03,1.0e+00,1.0e-03,9.5e-01,global-SSPSQGWTDT,CASSSpsQGwTDTQYF,CASSSPSQGWTDTQYF,TRBV28,TRBJ2-3,CALAYSGAGSYQLTF,Donor AJG2309:LP TCRab CD4 TRM,1.000000,-,-,-,-,-,-,-,-,-,-,-

2509,single,1.0e+00,1,1,9.5e-07,1.0e+00,1.0e-03,1.0e+00,1.0e-03,9.5e-01,global-SLGSGRGNT,CASSLgSGRGNTIYF,CASSLGSGRGNTIYF,TRBV5-1,TRBJ1-3,CATDANYGQNFVF,Donor AJKQ118:L TCRab CD4 TCM,1.000000,-,-,-,-,-,-,-,-,-,-,-
2509,single,1.0e+00,1,1,9.5e-07,1.0e+00,1.0e-03,1.0e+00,1.0e-03,9.5e-01,global-SLGSGRGNT,CASSLgSGRGNTIYF,CASSLGSGRGNTIYF,TRBV5-1,TRBJ1-3,CATDANYGQNFVF,Donor AJKQ118:L TCRab CD4 TRM,1.000000,-,-,-,-,-,-,-,-,-,-,-

2510,single,1.0e+00,1,1,9.5e-07,1.0e+00,1.0e-03,1.0e+00,1.0e-03,9.5e-01,global-SPLGTGGQVYG,CASSPlGTGGqvYGYTF,CASSPLGTGGQVYGYTF,TRBV18,TRBJ1-2,CAATTQGGSEKLVF,Donor AJD3280:L TCRab CD4 TRM,1.000000,-,-,-,-,-,-,-,-,-,-,-
2510,single,1.0e+00,1,1,9.5e-07,1.0e+00,1.0e-03,1.0e+00,1.0e-03,9.5e-01,global-SPLGTGGQVYG,CASSPlGTGGqvYGYTF,CASSPLGTGGQVYGYTF,TRBV18,TRBJ1-2,CAGPYNTDKLIF,Donor AJD3280:LP TCRab CD4 TRM,1.000000,-,-,-,-,-,-,-,-,-,-,-

2511,single,1.0e+00,1,1,1.1e-07,1.0e+00,1.0e-03,1.1e-01,1.0e-03,9.5e-01,global-SYASGLSYE,CASSYaSGlSYEQYF,CASSYASGLSYEQYF,TRBV6-5,TRBJ2-7,CVRGNGQKLLF,Donor AJG2309:IEL TCRab CD4 TRM,1.000000,-,-,-,-,-,-,-,-,-,-,-
2511,single,1.0e+00,1,1,1.1e-07,1.0e+00,1.0e-03,1.1e-01,1.0e-03,9.5e-01,global-SYASGLSYE,CASSYaSGlSYEQYF,CASSYASGLSYEQYF,TRBV6-5,TRBJ2-7,CVRGNGQKLLF,Donor AJG2309:LP TCRab CD4 TRM,2.000000,-,-,-,-,-,-,-,-,-,-,-

2512,single,1.0e+00,1,1,1.1e-08,1.0e+00,1.0e-03,1.2e-02,1.0e-03,9.5e-01,global-SSTGAKNI,CASSSTGAKNIQYF,CASSSTGAKNIQYF,TRBV28,TRBJ2-4,CAASGNQFYF,Donor AJKQ118:PB TCRab CD4 FOXP3+ Treg,5.000000,-,-,-,-,-,-,-,-,-,-,-
2512,single,1.0e+00,1,1,1.1e-08,1.0e+00,1.0e-03,1.2e-02,1.0e-03,9.5e-01,global-SSTGAKNI,CASSSTGAKNIQYF,CASSSTGAKNIQYF,TRBV28,TRBJ2-4,CAASGNQFYF,Donor AJKQ118:PB TCRab CD4 Naive/TCM,1.000000,-,-,-,-,-,-,-,-,-,-,-

2513,single,1.0e+00,1,1,9.5e-07,1.0e+00,1.0e-03,1.0e+00,1.0e-03,9.5e-01,global-SPGAGGYT,CASSPgAGGyTQYF,CASSPGAGGYTQYF,TRBV18,TRBJ2-3,CAVDSGEGADGLTF,Donor AJD3280:L TCRab CD4 TRM,1.000000,-,-,-,-,-,-,-,-,-,-,-
2513,single,1.0e+00,1,1,9.5e-07,1.0e+00,1.0e-03,1.0e+00,1.0e-03,9.5e-01,global-SPGAGGYT,CASSPgAGGyTQYF,CASSPGAGGYTQYF,TRBV18,TRBJ2-3,CAVDSGEGADGLTF,Donor AJD3280:PB TCRab CD4 Naive/TCM,1.000000,-,-,-,-,-,-,-,-,-,-,-

2537,single,1.0e+00,1,1,9.5e-07,1.0e+00,1.0e-03,1.0e+00,1.0e-03,9.5e-01,global-SQSSHNSGNT,CASSQsshnSGNTIYF,CASSQSSHNSGNTIYF,TRBV5-1,TRBJ1-3,CALPHQGNNRLAF,Donor AJKQ118:LP TCRab CD4 TRM,1.000000,-,-,-,-,-,-,-,-,-,-,-
2537,single,1.0e+00,1,1,9.5e-07,1.0e+00,1.0e-03,1.0e+00,1.0e-03,9.5e-01,global-SQSSHNSGNT,CASSQsshnSGNTIYF,CASSQSSHNSGNTIYF,TRBV5-1,TRBJ1-3,CAVKDTTSGTYKYIF,Donor AJKQ118:LP TCRab CD4 TRM,1.000000,-,-,-,-,-,-,-,-,-,-,-

2540,single,1.0e+00,1,1,9.5e-07,1.0e+00,1.0e-03,1.0e+00,1.0e-03,9.5e-01,global-SFLGGADG,CASSflGGadGYTF,CASSFLGGADGYTF,TRBV5-1,TRBJ1-2,CAGFGAGGTSYGKLTF,Donor AJD3280:IEL TCRab CD4 FOXP3+ Treg,1.000000,-,-,-,-,-,-,-,-,-,-,-
2540,single,1.0e+00,1,1,9.5e-07,1.0e+00,1.0e-03,1.0e+00,1.0e-03,9.5e-01,global-SFLGGADG,CASSflGGadGYTF,CASSFLGGADGYTF,TRBV5-1,TRBJ1-2,CAGFGAGGTSYGKLTF,Donor AJD3280:LP TCRab CD4 FOXP3+ Treg,1.000000,-,-,-,-,-,-,-,-,-,-,-

2558,single,1.0e+00,1,1,9.5e-07,1.0e+00,1.0e-03,1.0e+00,1.0e-03,9.5e-01,global-SPPDRGTNTE,CASSPpDRGtNTEAFF,CASSPPDRGTNTEAFF,TRBV4-1,TRBJ1-1,CVVSDSSYKLIF,Donor AJKQ118:L TCRab CD4 TCM,1.000000,-,-,-,-,-,-,-,-,-,-,-
2558,single,1.0e+00,1,1,9.5e-07,1.0e+00,1.0e-03,1.0e+00,1.0e-03,9.5e-01,global-SPPDRGTNTE,CASSPpDRGtNTEAFF,CASSPPDRGTNTEAFF,TRBV4-1,TRBJ1-1,CVVSDSSYKLIF,Donor AJKQ118:L TCRab CD4 TRM,1.000000,-,-,-,-,-,-,-,-,-,-,-

2563,single,1.0e+00,1,1,5.7e-09,1.0e+00,1.0e-03,6.0e-03,1.0e-03,9.5e-01,global-AGTGGFYG,CASaGTGGfYGYTF,CASAGTGGFYGYTF,TRBV6-6,TRBJ1-2,CAGQETSGSRLTF,Donor AJD3280:IEL TCRab CD4 TRM,6.000000,-,-,-,-,-,-,-,-,-,-,-
2563,single,1.0e+00,1,1,5.7e-09,1.0e+00,1.0e-03,6.0e-03,1.0e-03,9.5e-01,global-AGTGGFYG,CASaGTGGfYGYTF,CASAGTGGFYGYTF,TRBV6-6,TRBJ1-2,CAGQETSGSRLTF,Donor AJD3280:LP TCRab CD4 Tph,1.000000,-,-,-,-,-,-,-,-,-,-,-

2565,single,1.0e+00,1,1,3.1e-08,1.0e+00,1.0e-03,3.2e-02,1.0e-03,9.5e-01,global-SRVLGQTGAKNTE,CATSRvlgqTGakNTEAFF,CATSRVLGQTGAKNTEAFF,TRBV15,TRBJ1-1,CAYRSRSSASKLTF,Donor AJKQ118:IEL TCRab CD4 TRM,1.000000,-,-,-,-,-,-,-,-,-,-,-
2565,single,1.0e+00,1,1,3.1e-08,1.0e+00,1.0e-03,3.2e-02,1.0e-03,9.5e-01,global-SRVLGQTGAKNTE,CATSRvlgqTGakNTEAFF,CATSRVLGQTGAKNTEAFF,TRBV15,TRBJ1-1,CAYRSRSSASKLTF,Donor AJKQ118:LP TCRab CD4 TRM,3.000000,-,-,-,-,-,-,-,-,-,-,-

2618,single,1.0e+00,1,1,9.5e-07,1.0e+00,1.0e-03,1.0e+00,1.0e-03,9.5e-01,global-SQPSGGYNE,CASSQpSGGYNEQFF,CASSQPSGGYNEQFF,TRBV4-3,TRBJ2-1,CAFTTSGTYKYIF,Donor AJKQ118:LP TCRab CD4 TRM,1.000000,-,-,-,-,-,-,-,-,-,-,-
2618,single,1.0e+00,1,1,9.5e-07,1.0e+00,1.0e-03,1.0e+00,1.0e-03,9.5e-01,global-SQPSGGYNE,CASSQpSGGYNEQFF,CASSQPSGGYNEQFF,TRBV4-3,TRBJ2-1,CALMTSGTYKYIF,Donor AJKQ118:PB TCRab CD4 Naive/TCM,1.000000,-,-,-,-,-,-,-,-,-,-,-

2623,single,1.0e+00,1,1,2.8e-08,1.0e+00,1.0e-03,2.9e-02,1.0e-03,9.5e-01,global-SQTTDK,CASSQttdkrFF,CASSQTTDKRFF,TRBV19,TRBJ1-1,CIVRVEETSGSRLTF,Donor AJD3280:IEL TCRab CD4 TRM,1.000000,-,-,-,-,-,-,-,-,-,-,-
2623,single,1.0e+00,1,1,2.8e-08,1.0e+00,1.0e-03,2.9e-02,1.0e-03,9.5e-01,global-SQTTDK,CASSQttdkrFF,CASSQTTDKRFF,TRBV19,TRBJ1-1,CIVRVEETSGSRLTF,Donor AJD3280:LP TCRab CD4 TRM,3.000000,-,-,-,-,-,-,-,-,-,-,-

2634,single,1.0e+00,1,1,2.0e-08,1.0e+00,1.0e-03,2.1e-02,1.0e-03,9.5e-01,global-SLAQMGGTYTGE,CASSLaqmgGTyTGELFF,CASSLAQMGGTYTGELFF,TRBV11-3,TRBJ2-2,CAEGYDYKLSF,Donor AJD3280:IEL TCRab CD4 TRM,4.000000,-,-,-,-,-,-,-,-,-,-,-
2634,single,1.0e+00,1,1,2.0e-08,1.0e+00,1.0e-03,2.1e-02,1.0e-03,9.5e-01,global-SLAQMGGTYTGE,CASSLaqmgGTyTGELFF,CASSLAQMGGTYTGELFF,TRBV11-3,TRBJ2-2,CAEGYDYKLSF,Donor AJD3280:LP TCRab CD4 Tph,1.000000,-,-,-,-,-,-,-,-,-,-,-

2663,single,1.0e+00,1,1,9.5e-09,1.0e+00,1.0e-03,1.0e-02,1.0e-03,9.5e-01,global-SRSGTGIGNT,CASSRsGTGiGNTIYF,CASSRSGTGIGNTIYF,TRBV28,TRBJ1-3,CVVNISPSNDYKLSF,Donor AJKQ118:PB TCRab CD4 Naive/TCM,5.000000,-,-,-,-,-,-,-,-,-,-,-
2663,single,1.0e+00,1,1,9.5e-09,1.0e+00,1.0e-03,1.0e-02,1.0e-03,9.5e-01,global-SRSGTGIGNT,CASSRsGTGiGNTIYF,CASSRSGTGIGNTIYF,TRBV28,TRBJ1-3,CVVNISPSNDYKLSF,Donor AJKQ118:PB TCRab CD4 TCM,1.000000,-,-,-,-,-,-,-,-,-,-,-

2710,single,1.0e+00,1,1,9.5e-07,1.0e+00,1.0e-03,1.0e+00,1.0e-03,9.5e-01,global-SPSSDRASYNE,CASSPssDRaSYNEQFF,CASSPSSDRASYNEQFF,TRBV27,TRBJ2-1,CAVREGGGADGLTF,Donor AJD3280:LP TCRab CD4 TRM,1.000000,-,-,-,-,-,-,-,-,-,-,-
2710,single,1.0e+00,1,1,9.5e-07,1.0e+00,1.0e-03,1.0e+00,1.0e-03,9.5e-01,global-SPSSDRASYNE,CASSPssDRaSYNEQFF,CASSPSSDRASYNEQFF,TRBV27,TRBJ2-1,CALSELSARQLTF,Donor AJD3280:LP TCRab CD4 TRM,1.000000,-,-,-,-,-,-,-,-,-,-,-

2721,single,1.0e+00,1,1,3.5e-08,1.0e+00,1.0e-03,3.7e-02,1.0e-03,9.5e-01,global-SPQTVMGASNE,CASSPqtvmgasNEQFF,CASSPQTVMGASNEQFF,TRBV7-2,TRBJ2-1,CAVRGSTSGTYKYIF,Donor AJG2309:LP TCRab CD4 Mobile TRM,3.000000,-,-,-,-,-,-,-,-,-,-,-
2721,single,1.0e+00,1,1,3.5e-08,1.0e+00,1.0e-03,3.7e-02,1.0e-03,9.5e-01,global-SPQTVMGASNE,CASSPqtvmgasNEQFF,CASSPQTVMGASNEQFF,TRBV7-2,TRBJ2-1,CAVRGSTSGTYKYIF,Donor AJG2309:LP TCRab CD4 TRM,1.000000,-,-,-,-,-,-,-,-,-,-,-

2722,single,1.0e+00,1,1,5.0e-08,1.0e+00,1.0e-03,5.2e-02,1.0e-03,9.5e-01,global-SLGDRKRYG,CASSLgDRkrYGYTF,CASSLGDRKRYGYTF,TRBV7-9,TRBJ1-2,CVVIYGGATNKLIF,Donor AJD3280:L TCRab CD4 TRM,1.000000,-,-,-,-,-,-,-,-,-,-,-
2722,single,1.0e+00,1,1,5.0e-08,1.0e+00,1.0e-03,5.2e-02,1.0e-03,9.5e-01,global-SLGDRKRYG,CASSLgDRkrYGYTF,CASSLGDRKRYGYTF,TRBV7-9,TRBJ1-2,CVVIYGGATNKLIF,Donor AJD3280:LP TCRab CD4 TRM,3.000000,-,-,-,-,-,-,-,-,-,-,-
2722,single,1.0e+00,1,1,5.0e-08,1.0e+00,1.0e-03,5.2e-02,1.0e-03,9.5e-01,global-SLGDRKRYG,CASSLgDRkrYGYTF,CASSLGDRKRYGYTF,TRBV7-9,TRBJ1-2,CASTGTASKLTF,Donor AJD3280:LP TCRab CD4 TRM,1.000000,-,-,-,-,-,-,-,-,-,-,-

2736,single,1.0e+00,1,1,9.5e-07,1.0e+00,1.0e-03,1.0e+00,1.0e-03,9.5e-01,global-SPYSGGGFHE,CASSPySGGgfhEQYF,CASSPYSGGGFHEQYF,TRBV28,TRBJ2-7,CALSTDTGRRALTF,Donor AJG2309:L TCRab CD4 TRM,1.000000,-,-,-,-,-,-,-,-,-,-,-
2736,single,1.0e+00,1,1,9.5e-07,1.0e+00,1.0e-03,1.0e+00,1.0e-03,9.5e-01,global-SPYSGGGFHE,CASSPySGGgfhEQYF,CASSPYSGGGFHEQYF,TRBV28,TRBJ2-7,CALSTDTGRRALTF,Donor AJG2309:PB TCRab CD4 FOXP3+ Treg,1.000000,-,-,-,-,-,-,-,-,-,-,-

2745,single,1.0e+00,1,1,9.5e-07,1.0e+00,1.0e-03,1.0e+00,1.0e-03,9.5e-01,global-SSGGDTLGE,CASSSGGdtlgEQYF,CASSSGGDTLGEQYF,TRBV28,TRBJ2-7,CALSDLAGGTSYGKLTF,Donor AJD3280:IEL TCRab CD4 TRM,1.000000,-,-,-,-,-,-,-,-,-,-,-
2745,single,1.0e+00,1,1,9.5e-07,1.0e+00,1.0e-03,1.0e+00,1.0e-03,9.5e-01,global-SSGGDTLGE,CASSSGGdtlgEQYF,CASSSGGDTLGEQYF,TRBV28,TRBJ2-7,CALSDLAGGTSYGKLTF,Donor AJD3280:L TCRab CD4 TRM,1.000000,-,-,-,-,-,-,-,-,-,-,-

2750,single,1.0e+00,1,1,1.0e-07,1.0e+00,1.0e-03,1.1e-01,1.0e-03,9.5e-01,global-SLGDRGFDE,CASSLgDRGfdEQYF,CASSLGDRGFDEQYF,TRBV7-2,TRBJ2-7,CAYSGTGNQFYF,Donor AJD3280:IEL TCRab CD4 TRM,1.000000,-,-,-,-,-,-,-,-,-,-,-
2750,single,1.0e+00,1,1,1.0e-07,1.0e+00,1.0e-03,1.1e-01,1.0e-03,9.5e-01,global-SLGDRGFDE,CASSLgDRGfdEQYF,CASSLGDRGFDEQYF,TRBV7-2,TRBJ2-7,CAYSGTGNQFYF,Donor AJD3280:LP TCRab CD4 Mobile TRM,2.000000,-,-,-,-,-,-,-,-,-,-,-

2757,single,1.0e+00,1,1,9.5e-07,1.0e+00,1.0e-03,1.0e+00,1.0e-03,9.5e-01,global-SPFVRSGANV,CASSPfvrSGANVLTF,CASSPFVRSGANVLTF,TRBV12-4,TRBJ2-6,CVVNMGRSDKLIF,Donor AJD3280:LP TCRab CD4 TRM,1.000000,-,-,-,-,-,-,-,-,-,-,-
2757,single,1.0e+00,1,1,9.5e-07,1.0e+00,1.0e-03,1.0e+00,1.0e-03,9.5e-01,global-SPFVRSGANV,CASSPfvrSGANVLTF,CASSPFVRSGANVLTF,TRBV12-4,TRBJ2-6,CAASTGDSNYQLIW,Donor AJD3280:LP TCRab CD4 TRM,1.000000,-,-,-,-,-,-,-,-,-,-,-

2796,single,1.0e+00,1,1,1.9e-09,1.0e+00,1.0e-03,2.0e-03,1.0e-03,9.5e-01,global-SITQGPSI,CASSItQGpsIQYF,CASSITQGPSIQYF,TRBV7-6,TRBJ2-4,CAVNIKAAGNKLTF,Donor AJKQ118:IEL TCRab CD4 TRM,3.000000,-,-,-,-,-,-,-,-,-,-,-
2796,single,1.0e+00,1,1,1.9e-09,1.0e+00,1.0e-03,2.0e-03,1.0e-03,9.5e-01,global-SITQGPSI,CASSItQGpsIQYF,CASSITQGPSIQYF,TRBV7-6,TRBJ2-4,CAVNIKAAGNKLTF,Donor AJKQ118:LP TCRab CD4 TRM,6.000000,-,-,-,-,-,-,-,-,-,-,-

2831,single,1.0e+00,1,1,9.5e-07,1.0e+00,1.0e-03,1.0e+00,1.0e-03,9.5e-01,global-TLMAHGYE,CASTLmahgYEQYF,CASTLMAHGYEQYF,TRBV7-2,TRBJ2-7,CAANGMDTGRRALTF,Donor AJG2309:LP TCRab CD4 Mobile TRM,1.000000,-,-,-,-,-,-,-,-,-,-,-
2831,single,1.0e+00,1,1,9.5e-07,1.0e+00,1.0e-03,1.0e+00,1.0e-03,9.5e-01,global-TLMAHGYE,CASTLmahgYEQYF,CASTLMAHGYEQYF,TRBV7-2,TRBJ2-7,CAANGMDTGRRALTF,Donor AJG2309:PB TCRab CD4 Naive/TCM,1.000000,-,-,-,-,-,-,-,-,-,-,-

2839,single,1.0e+00,1,1,3.5e-08,1.0e+00,1.0e-03,3.7e-02,1.0e-03,9.5e-01,global-SPTGEVG,CSASpTGevGYTF,CSASPTGEVGYTF,TRBV20-1,TRBJ1-2,CAIMVTNDYKLSF,Donor AJG2309:PB TCRab CD4 FOXP3+ Treg,3.000000,-,-,-,-,-,-,-,-,-,-,-
2839,single,1.0e+00,1,1,3.5e-08,1.0e+00,1.0e-03,3.7e-02,1.0e-03,9.5e-01,global-SPTGEVG,CSASpTGevGYTF,CSASPTGEVGYTF,TRBV20-1,TRBJ1-2,CAIMVTNDYKLSF,Donor AJG2309:PB TCRab CD4 Naive/TCM,1.000000,-,-,-,-,-,-,-,-,-,-,-

2859,single,1.0e+00,1,1,9.5e-07,1.0e+00,1.0e-03,1.0e+00,1.0e-03,9.5e-01,global-RDVRGSGNT,CSARdvRGSGNTIYF,CSARDVRGSGNTIYF,TRBV20-1,TRBJ1-3,CAVGENDMRF,Donor AJKQ118:LP TCRab CD4 Mobile TRM,1.000000,-,-,-,-,-,-,-,-,-,-,-
2859,single,1.0e+00,1,1,9.5e-07,1.0e+00,1.0e-03,1.0e+00,1.0e-03,9.5e-01,global-RDVRGSGNT,CSARdvRGSGNTIYF,CSARDVRGSGNTIYF,TRBV20-1,TRBJ1-3,CAVGENDMRF,Donor AJKQ118:LP TCRab CD4 TRM,1.000000,-,-,-,-,-,-,-,-,-,-,-

2871,single,1.0e+00,1,1,9.5e-07,1.0e+00,1.0e-03,1.0e+00,1.0e-03,9.5e-01,global-SIAGTEEP,CASSIaGTeePQHF,CASSIAGTEEPQHF,TRBV7-2,TRBJ1-5,CAAPRAGKSTF,Donor AJG2309:IEL TCRab CD4 Mobile TRM,1.000000,-,-,-,-,-,-,-,-,-,-,-
2871,single,1.0e+00,1,1,9.5e-07,1.0e+00,1.0e-03,1.0e+00,1.0e-03,9.5e-01,global-SIAGTEEP,CASSIaGTeePQHF,CASSIAGTEEPQHF,TRBV7-2,TRBJ1-5,CAAPRAGKSTF,Donor AJG2309:LP TCRab CD4 Mobile TRM,1.000000,-,-,-,-,-,-,-,-,-,-,-

2892,single,1.0e+00,1,1,9.5e-07,1.0e+00,1.0e-03,1.0e+00,1.0e-03,9.5e-01,global-SVGMGLE,CASSVgmGLEQYF,CASSVGMGLEQYF,TRBV2,TRBJ2-7,CAVSNDYKLSF,Donor AJD3280:L TCRab CD4 Naive/TCM,1.000000,-,-,-,-,-,-,-,-,-,-,-
2892,single,1.0e+00,1,1,9.5e-07,1.0e+00,1.0e-03,1.0e+00,1.0e-03,9.5e-01,global-SVGMGLE,CASSVgmGLEQYF,CASSVGMGLEQYF,TRBV2,TRBJ2-7,CAASASDSNYQLIW,Donor AJD3280:L TCRab CD4 TRM,1.000000,-,-,-,-,-,-,-,-,-,-,-

2929,single,1.0e+00,1,1,9.5e-07,1.0e+00,1.0e-03,1.0e+00,1.0e-03,9.5e-01,global-RDSASLVE,CSARdsaslvEQYF,CSARDSASLVEQYF,TRBV20-1,TRBJ2-7,CAASEEDSGNTGKLIF,Donor AJD3280:L TCRab CD4 TRM,1.000000,-,-,-,-,-,-,-,-,-,-,-
2929,single,1.0e+00,1,1,9.5e-07,1.0e+00,1.0e-03,1.0e+00,1.0e-03,9.5e-01,global-RDSASLVE,CSARdsaslvEQYF,CSARDSASLVEQYF,TRBV20-1,TRBJ2-7,CAVGLTGGGNKLTF,Donor AJD3280:L TCRab CD4 TRM,1.000000,-,-,-,-,-,-,-,-,-,-,-

2939,single,1.0e+00,1,1,1.2e-07,1.0e+00,1.0e-03,1.2e-01,1.0e-03,9.5e-01,global-SLQSGASYE,CASSLqSGaSYEQYF,CASSLQSGASYEQYF,TRBV6-5,TRBJ2-7,CAVRSAAGNKLTF,Donor AJKQ118:L TCRab CD4 TRM,1.000000,-,-,-,-,-,-,-,-,-,-,-
2939,single,1.0e+00,1,1,1.2e-07,1.0e+00,1.0e-03,1.2e-01,1.0e-03,9.5e-01,global-SLQSGASYE,CASSLqSGaSYEQYF,CASSLQSGASYEQYF,TRBV6-5,TRBJ2-7,CAVRSAAGNKLTF,Donor AJKQ118:LP TCRab CD4 TRM,2.000000,-,-,-,-,-,-,-,-,-,-,-

3028,single,1.0e+00,1,1,2.1e-08,1.0e+00,1.0e-03,2.2e-02,1.0e-03,9.5e-01,global-IRTGLDYG,CASirTGldYGYTF,CASIRTGLDYGYTF,TRBV7-9,TRBJ1-2,CIVRAGGNAGNMLTF,Donor AJKQ118:IEL TCRab CD4 TRM,2.000000,-,-,-,-,-,-,-,-,-,-,-
3028,single,1.0e+00,1,1,2.1e-08,1.0e+00,1.0e-03,2.2e-02,1.0e-03,9.5e-01,global-IRTGLDYG,CASirTGldYGYTF,CASIRTGLDYGYTF,TRBV7-9,TRBJ1-2,CIVRAGGNAGNMLTF,Donor AJKQ118:L TCRab CD4 TCM,1.000000,-,-,-,-,-,-,-,-,-,-,-
3028,single,1.0e+00,1,1,2.1e-08,1.0e+00,1.0e-03,2.2e-02,1.0e-03,9.5e-01,global-IRTGLDYG,CASirTGldYGYTF,CASIRTGLDYGYTF,TRBV7-9,TRBJ1-2,CIVRAGGNAGNMLTF,Donor AJKQ118:L TCRab CD4 TRM,1.000000,-,-,-,-,-,-,-,-,-,-,-
3028,single,1.0e+00,1,1,2.1e-08,1.0e+00,1.0e-03,2.2e-02,1.0e-03,9.5e-01,global-IRTGLDYG,CASirTGldYGYTF,CASIRTGLDYGYTF,TRBV7-9,TRBJ1-2,CIVRAGGNAGNMLTF,Donor AJKQ118:LP TCRab CD4 TRM,5.000000,-,-,-,-,-,-,-,-,-,-,-

3031,single,1.0e+00,1,1,7.6e-09,1.0e+00,1.0e-03,8.0e-03,1.0e-03,9.5e-01,global-SQVPGWSNSP,CASSQvpgwsNSPLHF,CASSQVPGWSNSPLHF,TRBV4-1,TRBJ1-6,CAYRSPNYGGSQGNLIF,Donor AJKQ118:L TCRab CD4 Naive/TCM,1.000000,-,-,-,-,-,-,-,-,-,-,-
3031,single,1.0e+00,1,1,7.6e-09,1.0e+00,1.0e-03,8.0e-03,1.0e-03,9.5e-01,global-SQVPGWSNSP,CASSQvpgwsNSPLHF,CASSQVPGWSNSPLHF,TRBV4-1,TRBJ1-6,CAYRSPNYGGSQGNLIF,Donor AJKQ118:L TCRab CD4 TCM,2.000000,-,-,-,-,-,-,-,-,-,-,-
3031,single,1.0e+00,1,1,7.6e-09,1.0e+00,1.0e-03,8.0e-03,1.0e-03,9.5e-01,global-SQVPGWSNSP,CASSQvpgwsNSPLHF,CASSQVPGWSNSPLHF,TRBV4-1,TRBJ1-6,CAYRSPNYGGSQGNLIF,Donor AJKQ118:L TCRab CD4 TRM,5.000000,-,-,-,-,-,-,-,-,-,-,-
3031,single,1.0e+00,1,1,7.6e-09,1.0e+00,1.0e-03,8.0e-03,1.0e-03,9.5e-01,global-SQVPGWSNSP,CASSQvpgwsNSPLHF,CASSQVPGWSNSPLHF,TRBV4-1,TRBJ1-6,CAYRSPNYGGSQGNLIF,Donor AJKQ118:LP TCRab CD4 TRM,2.000000,-,-,-,-,-,-,-,-,-,-,-

3032,single,1.0e+00,1,1,9.5e-07,1.0e+00,1.0e-03,1.0e+00,1.0e-03,9.5e-01,global-AGGLAKNI,CATAGGlAKNIQYF,CATAGGLAKNIQYF,TRBV19,TRBJ2-4,CIVRVEETSGSRLTF,Donor AJD3280:IEL TCRab CD4 TRM,1.000000,-,-,-,-,-,-,-,-,-,-,-
3032,single,1.0e+00,1,1,9.5e-07,1.0e+00,1.0e-03,1.0e+00,1.0e-03,9.5e-01,global-AGGLAKNI,CATAGGlAKNIQYF,CATAGGLAKNIQYF,TRBV19,TRBJ2-4,CIVRVEETSGSRLTF,Donor AJD3280:LP TCRab CD4 TRM,1.000000,-,-,-,-,-,-,-,-,-,-,-

3041,single,1.0e+00,1,1,9.5e-07,1.0e+00,1.0e-03,1.0e+00,1.0e-03,9.5e-01,global-PLQKNTE,CSAplqkNTEAFF,CSAPLQKNTEAFF,TRBV20-1,TRBJ1-1,CAVNPNDYKLSF,Donor AJD3280:LP TCRab CD4 FOXP3+ Treg,1.000000,-,-,-,-,-,-,-,-,-,-,-
3041,single,1.0e+00,1,1,9.5e-07,1.0e+00,1.0e-03,1.0e+00,1.0e-03,9.5e-01,global-PLQKNTE,CSAplqkNTEAFF,CSAPLQKNTEAFF,TRBV20-1,TRBJ1-1,CASPPSGSARQLTF,Donor AJD3280:LP TCRab CD4 FOXP3+ Treg,1.000000,-,-,-,-,-,-,-,-,-,-,-

3046,single,1.0e+00,1,1,6.7e-09,1.0e+00,1.0e-03,7.0e-03,1.0e-03,9.5e-01,global-RDGVAYNE,CSARdgvaYNEQFF,CSARDGVAYNEQFF,TRBV20-1,TRBJ2-1,CAVTPNTGGFKTIF,Donor AJKQ118:L TCRab CD4 TRM,4.000000,-,-,-,-,-,-,-,-,-,-,-
3046,single,1.0e+00,1,1,6.7e-09,1.0e+00,1.0e-03,7.0e-03,1.0e-03,9.5e-01,global-RDGVAYNE,CSARdgvaYNEQFF,CSARDGVAYNEQFF,TRBV20-1,TRBJ2-1,CAVTPNTGGFKTIF,Donor AJKQ118:LP TCRab CD4 Mobile TRM,2.000000,-,-,-,-,-,-,-,-,-,-,-

3056,single,1.0e+00,1,1,1.2e-07,1.0e+00,1.0e-03,1.2e-01,1.0e-03,9.5e-01,global-SASGANTGE,CASSaSGaNTGELFF,CASSASGANTGELFF,TRBV6-4,TRBJ2-2,CAVRDNSNYQLIW,Donor AJD3280:LP TCRab CD4 FOXP3+ Treg,2.000000,-,-,-,-,-,-,-,-,-,-,-
3056,single,1.0e+00,1,1,1.2e-07,1.0e+00,1.0e-03,1.2e-01,1.0e-03,9.5e-01,global-SASGANTGE,CASSaSGaNTGELFF,CASSASGANTGELFF,TRBV6-4,TRBJ2-2,CAVRDNSNYQLIW,Donor AJD3280:LP TCRab CD4 TRM,1.000000,-,-,-,-,-,-,-,-,-,-,-

3070,single,1.0e+00,1,1,9.5e-07,1.0e+00,1.0e-03,1.0e+00,1.0e-03,9.5e-01,global-SLDGTARSYNE,CASSLdGTarSYNEQFF,CASSLDGTARSYNEQFF,TRBV5-4,TRBJ2-1,CAVRDRDTGRRALTF,Donor AJKQ118:L TCRab CD4 TRM,1.000000,-,-,-,-,-,-,-,-,-,-,-
3070,single,1.0e+00,1,1,9.5e-07,1.0e+00,1.0e-03,1.0e+00,1.0e-03,9.5e-01,global-SLDGTARSYNE,CASSLdGTarSYNEQFF,CASSLDGTARSYNEQFF,TRBV5-4,TRBJ2-1,CAVRDRDTGRRALTF,Donor AJKQ118:LP TCRab CD4 TRM,1.000000,-,-,-,-,-,-,-,-,-,-,-

3092,single,1.0e+00,1,1,9.5e-07,1.0e+00,1.0e-03,1.0e+00,1.0e-03,9.5e-01,global-SLPPGLGPEGE,CASSLppGLgpegEQYF,CASSLPPGLGPEGEQYF,TRBV5-1,TRBJ2-7,CAVIVAGGTSYGKLTF,Donor AJKQ118:L TCRab CD4 TRM,1.000000,-,-,-,-,-,-,-,-,-,-,-
3092,single,1.0e+00,1,1,9.5e-07,1.0e+00,1.0e-03,1.0e+00,1.0e-03,9.5e-01,global-SLPPGLGPEGE,CASSLppGLgpegEQYF,CASSLPPGLGPEGEQYF,TRBV5-1,TRBJ2-7,CILALLSSGSARQLTF,Donor AJKQ118:LP TCRab CD4 TRM,1.000000,-,-,-,-,-,-,-,-,-,-,-
3092,single,1.0e+00,1,1,9.5e-07,1.0e+00,1.0e-03,1.0e+00,1.0e-03,9.5e-01,global-SLPPGLGPEGE,CASSLppGLgpegEQYF,CASSLPPGLGPEGEQYF,TRBV5-1,TRBJ2-7,CAVIVAGGTSYGKLTF,Donor AJKQ118:LP TCRab CD4 TRM,1.000000,-,-,-,-,-,-,-,-,-,-,-

3105,single,1.0e+00,1,1,9.5e-07,1.0e+00,1.0e-03,1.0e+00,1.0e-03,9.5e-01,global-STREDNSP,CASStREdNSPLHF,CASSTREDNSPLHF,TRBV19,TRBJ1-6,CAVIRRGFQKLVF,Donor AJD3280:L TCRab CD4 TCM,1.000000,-,-,-,-,-,-,-,-,-,-,-
3105,single,1.0e+00,1,1,9.5e-07,1.0e+00,1.0e-03,1.0e+00,1.0e-03,9.5e-01,global-STREDNSP,CASStREdNSPLHF,CASSTREDNSPLHF,TRBV19,TRBJ1-6,CAVIRRGFQKLVF,Donor AJD3280:PB TCRab CD4 Naive/TCM,1.000000,-,-,-,-,-,-,-,-,-,-,-

3109,single,1.0e+00,1,1,9.5e-07,1.0e+00,1.0e-03,1.0e+00,1.0e-03,9.5e-01,global-STPWTGSYG,CASStpwTGsYGYTF,CASSTPWTGSYGYTF,TRBV19,TRBJ1-2,CAMSATQGGSEKLVF,Donor AJD3280:L TCRab CD4 TRM,1.000000,-,-,-,-,-,-,-,-,-,-,-
3109,single,1.0e+00,1,1,9.5e-07,1.0e+00,1.0e-03,1.0e+00,1.0e-03,9.5e-01,global-STPWTGSYG,CASStpwTGsYGYTF,CASSTPWTGSYGYTF,TRBV19,TRBJ1-2,CAMSATQGGSEKLVF,Donor AJD3280:LP TCRab CD4 TRM,1.000000,-,-,-,-,-,-,-,-,-,-,-

3127,single,1.0e+00,1,1,3.9e-08,1.0e+00,1.0e-03,4.1e-02,1.0e-03,9.5e-01,global-STPRGAFSGANV,CASStpRGafSGANVLTF,CASSTPRGAFSGANVLTF,TRBV19,TRBJ2-6,CALTMNSGGYQKVTF,Donor AJD3280:IEL TCRab CD4 TRM,3.000000,-,-,-,-,-,-,-,-,-,-,-
3127,single,1.0e+00,1,1,3.9e-08,1.0e+00,1.0e-03,4.1e-02,1.0e-03,9.5e-01,global-STPRGAFSGANV,CASStpRGafSGANVLTF,CASSTPRGAFSGANVLTF,TRBV19,TRBJ2-6,CALTMNSGGYQKVTF,Donor AJD3280:LP TCRab CD4 Tph,1.000000,-,-,-,-,-,-,-,-,-,-,-

3135,single,1.0e+00,1,1,1.3e-08,1.0e+00,1.0e-03,1.4e-02,1.0e-03,9.5e-01,global-SPRFGTGNSY,CASSPrfGTGnsyQHF,CASSPRFGTGNSYQHF,TRBV19,TRBJ1-5,CAETSLSSASKIIF,Donor AJD3280:IEL TCRab CD4 TRM,4.000000,-,-,-,-,-,-,-,-,-,-,-
3135,single,1.0e+00,1,1,1.3e-08,1.0e+00,1.0e-03,1.4e-02,1.0e-03,9.5e-01,global-SPRFGTGNSY,CASSPrfGTGnsyQHF,CASSPRFGTGNSYQHF,TRBV19,TRBJ1-5,CAETSLSSASKIIF,Donor AJD3280:LP TCRab CD4 Tph,2.000000,-,-,-,-,-,-,-,-,-,-,-

3225,single,1.0e+00,1,1,9.5e-07,1.0e+00,1.0e-03,1.0e+00,1.0e-03,9.5e-01,global-RKGPPR,CSARkgpprQYF,CSARKGPPRQYF,TRBV20-1,TRBJ2-3,CAVFMNTGFQKLVF,Donor AJG2309:LP TCRab CD4 Mobile TRM,1.000000,-,-,-,-,-,-,-,-,-,-,-
3225,single,1.0e+00,1,1,9.5e-07,1.0e+00,1.0e-03,1.0e+00,1.0e-03,9.5e-01,global-RKGPPR,CSARkgpprQYF,CSARKGPPRQYF,TRBV20-1,TRBJ2-3,CAVFMNTGFQKLVF,Donor AJG2309:LP TCRab CD4 TRM,1.000000,-,-,-,-,-,-,-,-,-,-,-

3227,single,1.0e+00,1,1,4.8e-09,1.0e+00,1.0e-03,5.0e-03,1.0e-03,9.5e-01,global-SFDSSGANV,CASSfdsSGANVLTF,CASSFDSSGANVLTF,TRBV7-8,TRBJ2-6,CAVSKNTGFQKLVF,Donor AJD3280:L TCRab CD4 TRM,1.000000,-,-,-,-,-,-,-,-,-,-,-
3227,single,1.0e+00,1,1,4.8e-09,1.0e+00,1.0e-03,5.0e-03,1.0e-03,9.5e-01,global-SFDSSGANV,CASSfdsSGANVLTF,CASSFDSSGANVLTF,TRBV7-8,TRBJ2-6,CAVSKNTGFQKLVF,Donor AJD3280:LP TCRab CD4 TRM,7.000000,-,-,-,-,-,-,-,-,-,-,-

3255,single,1.0e+00,1,1,9.5e-07,1.0e+00,1.0e-03,1.0e+00,1.0e-03,9.5e-01,global-DVRQGFVRET,CSAdvrQGfvrETQYF,CSADVRQGFVRETQYF,TRBV20-1,TRBJ2-5,CATVGDSFDDNYGQNFVF,Donor AJD3280:L TCRab CD4 TRM,1.000000,-,-,-,-,-,-,-,-,-,-,-
3255,single,1.0e+00,1,1,9.5e-07,1.0e+00,1.0e-03,1.0e+00,1.0e-03,9.5e-01,global-DVRQGFVRET,CSAdvrQGfvrETQYF,CSADVRQGFVRETQYF,TRBV20-1,TRBJ2-5,CATVGDSFDDNYGQNFVF,Donor AJD3280:PB TCRab CD4 Naive/TCM,1.000000,-,-,-,-,-,-,-,-,-,-,-

3295,single,1.0e+00,1,1,3.2e-08,1.0e+00,1.0e-03,3.4e-02,1.0e-03,9.5e-01,global-THRPTRP,CASThrptrPQHF,CASTHRPTRPQHF,TRBV6-1,TRBJ1-5,CATDAGTGNQFYF,Donor AJKQ118:IEL TCRab CD4 TRM,1.000000,-,-,-,-,-,-,-,-,-,-,-
3295,single,1.0e+00,1,1,3.2e-08,1.0e+00,1.0e-03,3.4e-02,1.0e-03,9.5e-01,global-THRPTRP,CASThrptrPQHF,CASTHRPTRPQHF,TRBV6-1,TRBJ1-5,CATDAGTGNQFYF,Donor AJKQ118:L TCRab CD4 Naive/TCM,1.000000,-,-,-,-,-,-,-,-,-,-,-
3295,single,1.0e+00,1,1,3.2e-08,1.0e+00,1.0e-03,3.4e-02,1.0e-03,9.5e-01,global-THRPTRP,CASThrptrPQHF,CASTHRPTRPQHF,TRBV6-1,TRBJ1-5,CATDAGTGNQFYF,Donor AJKQ118:L TCRab CD4 TCM,1.000000,-,-,-,-,-,-,-,-,-,-,-
3295,single,1.0e+00,1,1,3.2e-08,1.0e+00,1.0e-03,3.4e-02,1.0e-03,9.5e-01,global-THRPTRP,CASThrptrPQHF,CASTHRPTRPQHF,TRBV6-1,TRBJ1-5,CATDAGTGNQFYF,Donor AJKQ118:L TCRab CD4 TRM,4.000000,-,-,-,-,-,-,-,-,-,-,-

3298,single,1.0e+00,1,1,9.5e-07,1.0e+00,1.0e-03,1.0e+00,1.0e-03,9.5e-01,global-SQDTVAGRE,CASSQdtvaGREQFF,CASSQDTVAGREQFF,TRBV3-1,TRBJ2-1,CAVGGSQGNLIF,Donor AJD3280:IEL TCRab CD4 TRM,1.000000,-,-,-,-,-,-,-,-,-,-,-
3298,single,1.0e+00,1,1,9.5e-07,1.0e+00,1.0e-03,1.0e+00,1.0e-03,9.5e-01,global-SQDTVAGRE,CASSQdtvaGREQFF,CASSQDTVAGREQFF,TRBV3-1,TRBJ2-1,CAVGGSQGNLIF,Donor AJD3280:LP TCRab CD4 TRM,1.000000,-,-,-,-,-,-,-,-,-,-,-

3317,single,1.0e+00,1,1,9.5e-07,1.0e+00,1.0e-03,1.0e+00,1.0e-03,9.5e-01,global-SQVPSAATNEK,CASSQvpsaaTNEKLFF,CASSQVPSAATNEKLFF,TRBV3-1,TRBJ1-4,CARAYNQGGKLIF,Donor AJD3280:IEL TCRab CD4 TRM,1.000000,-,-,-,-,-,-,-,-,-,-,-
3317,single,1.0e+00,1,1,9.5e-07,1.0e+00,1.0e-03,1.0e+00,1.0e-03,9.5e-01,global-SQVPSAATNEK,CASSQvpsaaTNEKLFF,CASSQVPSAATNEKLFF,TRBV3-1,TRBJ1-4,CARAYNQGGKLIF,Donor AJD3280:LP TCRab CD4 TRM,1.000000,-,-,-,-,-,-,-,-,-,-,-

3327,single,1.0e+00,1,1,1.1e-07,1.0e+00,1.0e-03,1.1e-01,1.0e-03,9.5e-01,global-KPWGANV,CASkpwGANVLTF,CASKPWGANVLTF,TRBV27,TRBJ2-6,CAVSPGGSQGNLIF,Donor AJKQ118:PB TCRab CD4 FOXP3+ Treg,2.000000,-,-,-,-,-,-,-,-,-,-,-
3327,single,1.0e+00,1,1,1.1e-07,1.0e+00,1.0e-03,1.1e-01,1.0e-03,9.5e-01,global-KPWGANV,CASkpwGANVLTF,CASKPWGANVLTF,TRBV27,TRBJ2-6,CAVSPGGSQGNLIF,Donor AJKQ118:PB TCRab CD4 Naive/TCM,1.000000,-,-,-,-,-,-,-,-,-,-,-

3340,single,1.0e+00,1,1,9.5e-07,1.0e+00,1.0e-03,1.0e+00,1.0e-03,9.5e-01,global-SQLGGGNNTE,CASSQlGGgnNTEAFF,CASSQLGGGNNTEAFF,TRBV4-1,TRBJ1-1,CAFMVKRLGAQKLVF,Donor AJD3280:L TCRab CD4 TCM,1.000000,-,-,-,-,-,-,-,-,-,-,-
3340,single,1.0e+00,1,1,9.5e-07,1.0e+00,1.0e-03,1.0e+00,1.0e-03,9.5e-01,global-SQLGGGNNTE,CASSQlGGgnNTEAFF,CASSQLGGGNNTEAFF,TRBV4-1,TRBJ1-1,CAFMVKRLGAQKLVF,Donor AJD3280:PB TCRab CD4 Naive/TCM,1.000000,-,-,-,-,-,-,-,-,-,-,-

3370,single,1.0e+00,1,1,9.5e-07,1.0e+00,1.0e-03,1.0e+00,1.0e-03,9.5e-01,global-SGGQGQGTGANV,CAISgGQGqgtGANVLTF,CAISGGQGQGTGANVLTF,TRBV10-3,TRBJ2-6,CAVSLGNRDDKIIF,Donor AJKQ118:IEL TCRab CD4 TRM,1.000000,-,-,-,-,-,-,-,-,-,-,-
3370,single,1.0e+00,1,1,9.5e-07,1.0e+00,1.0e-03,1.0e+00,1.0e-03,9.5e-01,global-SGGQGQGTGANV,CAISgGQGqgtGANVLTF,CAISGGQGQGTGANVLTF,TRBV10-3,TRBJ2-6,CATDAGYGGSQGNLIF,Donor AJKQ118:LP TCRab CD4 TRM,1.000000,-,-,-,-,-,-,-,-,-,-,-

3373,single,1.0e+00,1,1,9.5e-07,1.0e+00,1.0e-03,1.0e+00,1.0e-03,9.5e-01,global-SAEREKKNE,CAISaeREkkNEQFF,CAISAEREKKNEQFF,TRBV10-3,TRBJ2-1,CIAKPSGGSGYALNF,Donor AJKQ118:L TCRab CD4 TRM,1.000000,-,-,-,-,-,-,-,-,-,-,-
3373,single,1.0e+00,1,1,9.5e-07,1.0e+00,1.0e-03,1.0e+00,1.0e-03,9.5e-01,global-SAEREKKNE,CAISaeREkkNEQFF,CAISAEREKKNEQFF,TRBV10-3,TRBJ2-1,CIAKPSGGSGYALNF,Donor AJKQ118:LP TCRab CD4 TRM,1.000000,-,-,-,-,-,-,-,-,-,-,-

3411,single,1.0e+00,1,1,9.5e-07,1.0e+00,1.0e-03,1.0e+00,1.0e-03,9.5e-01,global-DRGRR,CSVDRGrrAFF,CSVDRGRRAFF,TRBV29-1,TRBJ2-1,CAASAEETSGSRLTF,Donor AJD3280:IEL TCRab CD4 TRM,1.000000,-,-,-,-,-,-,-,-,-,-,-
3411,single,1.0e+00,1,1,9.5e-07,1.0e+00,1.0e-03,1.0e+00,1.0e-03,9.5e-01,global-DRGRR,CSVDRGrrAFF,CSVDRGRRAFF,TRBV29-1,TRBJ2-1,CAASAEETSGSRLTF,Donor AJD3280:LP TCRab CD4 TRM,1.000000,-,-,-,-,-,-,-,-,-,-,-

3449,single,1.0e+00,1,1,3.5e-08,1.0e+00,1.0e-03,3.7e-02,1.0e-03,9.5e-01,global-SDQAGGG,CASSDqAGGgQFF,CASSDQAGGGQFF,TRBV6-4,TRBJ2-1,CAGLMADKLIF,Donor AJKQ118:L TCRab CD4 TRM,3.000000,-,-,-,-,-,-,-,-,-,-,-
3449,single,1.0e+00,1,1,3.5e-08,1.0e+00,1.0e-03,3.7e-02,1.0e-03,9.5e-01,global-SDQAGGG,CASSDqAGGgQFF,CASSDQAGGGQFF,TRBV6-4,TRBJ2-1,CAGLMADKLIF,Donor AJKQ118:LP TCRab CD4 Tph,1.000000,-,-,-,-,-,-,-,-,-,-,-

3450,single,1.0e+00,1,1,9.5e-07,1.0e+00,1.0e-03,1.0e+00,1.0e-03,9.5e-01,global-SSNGGGSQP,CASSSnGGgsQPQHF,CASSSNGGGSQPQHF,TRBV28,TRBJ1-5,CAVNGKGAQKLVF,Donor AJKQ118:L TCRab CD4 TRM,1.000000,-,-,-,-,-,-,-,-,-,-,-
3450,single,1.0e+00,1,1,9.5e-07,1.0e+00,1.0e-03,1.0e+00,1.0e-03,9.5e-01,global-SSNGGGSQP,CASSSnGGgsQPQHF,CASSSNGGGSQPQHF,TRBV28,TRBJ1-5,CAVNGKGAQKLVF,Donor AJKQ118:LP TCRab CD4 TRM,1.000000,-,-,-,-,-,-,-,-,-,-,-

3487,single,1.0e+00,1,1,1.3e-07,1.0e+00,1.0e-03,1.3e-01,1.0e-03,9.5e-01,global-SYDATQGGYG,CASSYdatQGgYGYTF,CASSYDATQGGYGYTF,TRBV4-2,TRBJ1-2,CAASTQAGTALIF,Donor AJKQ118:LP TCRab CD4 FOXP3+ Treg,2.000000,-,-,-,-,-,-,-,-,-,-,-
3487,single,1.0e+00,1,1,1.3e-07,1.0e+00,1.0e-03,1.3e-01,1.0e-03,9.5e-01,global-SYDATQGGYG,CASSYdatQGgYGYTF,CASSYDATQGGYGYTF,TRBV4-2,TRBJ1-2,CAASTQAGTALIF,Donor AJKQ118:LP TCRab CD4 TRM,1.000000,-,-,-,-,-,-,-,-,-,-,-

3521,single,1.0e+00,1,1,9.5e-07,1.0e+00,1.0e-03,1.0e+00,1.0e-03,9.5e-01,global-SEGPQAGE,CASSEgpqaGELFF,CASSEGPQAGELFF,TRBV7-3,TRBJ2-2,CAVGVPRGSQGNLIF,Donor AJD3280:IEL TCRab CD4 TRM,1.000000,-,-,-,-,-,-,-,-,-,-,-
3521,single,1.0e+00,1,1,9.5e-07,1.0e+00,1.0e-03,1.0e+00,1.0e-03,9.5e-01,global-SEGPQAGE,CASSEgpqaGELFF,CASSEGPQAGELFF,TRBV7-3,TRBJ2-2,CAVGVPRGSQGNLIF,Donor AJD3280:LP TCRab CD4 TRM,1.000000,-,-,-,-,-,-,-,-,-,-,-

3549,single,1.0e+00,1,1,9.5e-07,1.0e+00,1.0e-03,1.0e+00,1.0e-03,9.5e-01,global-RTRGLGNQP,CASrtRGlgNQPQHF,CASRTRGLGNQPQHF,TRBV6-2,TRBJ1-5,CAGGSLGGGTSYGKLTF,Donor AJG2309:L TCRab CD4 Naive/TCM,1.000000,-,-,-,-,-,-,-,-,-,-,-
3549,single,1.0e+00,1,1,9.5e-07,1.0e+00,1.0e-03,1.0e+00,1.0e-03,9.5e-01,global-RTRGLGNQP,CASrtRGlgNQPQHF,CASRTRGLGNQPQHF,TRBV6-2,TRBJ1-5,CAYRSVTGTYKYIF,Donor AJG2309:PB TCRab CD4 Naive/TCM,1.000000,-,-,-,-,-,-,-,-,-,-,-

3650,single,1.0e+00,1,1,9.5e-07,1.0e+00,1.0e-03,1.0e+00,1.0e-03,9.5e-01,global-RDSRGGQG,CASrdsrgGQGQFF,CASRDSRGGQGQFF,TRBV11-1,TRBJ2-1,CAAEGNFGNEKLTF,Donor AJD3280:L TCRab CD4 TRM,1.000000,-,-,-,-,-,-,-,-,-,-,-
3650,single,1.0e+00,1,1,9.5e-07,1.0e+00,1.0e-03,1.0e+00,1.0e-03,9.5e-01,global-RDSRGGQG,CASrdsrgGQGQFF,CASRDSRGGQGQFF,TRBV11-1,TRBJ2-1,CAAEGNFGNEKLTF,Donor AJD3280:LP TCRab CD4 TRM,1.000000,-,-,-,-,-,-,-,-,-,-,-
3650,single,1.0e+00,1,1,9.5e-07,1.0e+00,1.0e-03,1.0e+00,1.0e-03,9.5e-01,global-RDSRGGQG,CASrdsrgGQGQFF,CASRDSRGGQGQFF,TRBV11-1,TRBJ2-1,CAARIFGNVLHC,Donor AJD3280:LP TCRab CD4 TRM,1.000000,-,-,-,-,-,-,-,-,-,-,-

3661,single,1.0e+00,1,1,9.5e-07,1.0e+00,1.0e-03,1.0e+00,1.0e-03,9.5e-01,global-SYRTSGSTGE,CASSYrTSGsTGELFF,CASSYRTSGSTGELFF,TRBV6-5,TRBJ2-2,CAVGANSGYALNF,Donor AJKQ118:IEL TCRab CD4 TRM,1.000000,-,-,-,-,-,-,-,-,-,-,-
3661,single,1.0e+00,1,1,9.5e-07,1.0e+00,1.0e-03,1.0e+00,1.0e-03,9.5e-01,global-SYRTSGSTGE,CASSYrTSGsTGELFF,CASSYRTSGSTGELFF,TRBV6-5,TRBJ2-2,CAVGANSGYALNF,Donor AJKQ118:LP TCRab CD4 TRM,1.000000,-,-,-,-,-,-,-,-,-,-,-

3668,single,1.0e+00,1,1,3.4e-08,1.0e+00,1.0e-03,3.6e-02,1.0e-03,9.5e-01,global-SLSGRMNTE,CASSLSGRmNTEAFF,CASSLSGRMNTEAFF,TRBV7-2,TRBJ1-1,CALNGFTQGAQKLVF,Donor AJG2309:L TCRab CD4 TRM,2.000000,-,-,-,-,-,-,-,-,-,-,-
3668,single,1.0e+00,1,1,3.4e-08,1.0e+00,1.0e-03,3.6e-02,1.0e-03,9.5e-01,global-SLSGRMNTE,CASSLSGRmNTEAFF,CASSLSGRMNTEAFF,TRBV7-2,TRBJ1-1,CALSEAQGGSEKLVF,Donor AJG2309:L TCRab CD4 TRM,1.000000,-,-,-,-,-,-,-,-,-,-,-
3668,single,1.0e+00,1,1,3.4e-08,1.0e+00,1.0e-03,3.6e-02,1.0e-03,9.5e-01,global-SLSGRMNTE,CASSLSGRmNTEAFF,CASSLSGRMNTEAFF,TRBV7-2,TRBJ1-1,CALNGFTQGAQKLVF,Donor AJG2309:LP TCRab CD4 Mobile TRM,3.000000,-,-,-,-,-,-,-,-,-,-,-
3668,single,1.0e+00,1,1,3.4e-08,1.0e+00,1.0e-03,3.6e-02,1.0e-03,9.5e-01,global-SLSGRMNTE,CASSLSGRmNTEAFF,CASSLSGRMNTEAFF,TRBV7-2,TRBJ1-1,CALSEAQGGSEKLVF,Donor AJG2309:LP TCRab CD4 TRM,1.000000,-,-,-,-,-,-,-,-,-,-,-

3676,single,1.0e+00,1,1,9.5e-07,1.0e+00,1.0e-03,1.0e+00,1.0e-03,9.5e-01,global-SMEGLNTE,CASSmeGLNTEAFF,CASSMEGLNTEAFF,TRBV6-1,TRBJ1-1,CAENRAMTTDSWGKLQF,Donor AJD3280:IEL TCRab CD4 FOXP3+ Treg,1.000000,-,-,-,-,-,-,-,-,-,-,-
3676,single,1.0e+00,1,1,9.5e-07,1.0e+00,1.0e-03,1.0e+00,1.0e-03,9.5e-01,global-SMEGLNTE,CASSmeGLNTEAFF,CASSMEGLNTEAFF,TRBV6-1,TRBJ1-1,CAENRAMTTDSWGKLQF,Donor AJD3280:LP TCRab CD4 FOXP3+ Treg,1.000000,-,-,-,-,-,-,-,-,-,-,-

3679,single,1.0e+00,1,1,3.3e-08,1.0e+00,1.0e-03,3.5e-02,1.0e-03,9.5e-01,global-SQDILAGGRENI,CASSQdiLAGGreNIQYF,CASSQDILAGGRENIQYF,TRBV4-3,TRBJ2-4,CAENTFTSGTYKYIF,Donor AJKQ118:IEL TCRab CD4 TRM,4.000000,-,-,-,-,-,-,-,-,-,-,-
3679,single,1.0e+00,1,1,3.3e-08,1.0e+00,1.0e-03,3.5e-02,1.0e-03,9.5e-01,global-SQDILAGGRENI,CASSQdiLAGGreNIQYF,CASSQDILAGGRENIQYF,TRBV4-3,TRBJ2-4,CAENTFTSGTYKYIF,Donor AJKQ118:LP TCRab CD4 TRM,1.000000,-,-,-,-,-,-,-,-,-,-,-
3679,single,1.0e+00,1,1,3.3e-08,1.0e+00,1.0e-03,3.5e-02,1.0e-03,9.5e-01,global-SQDILAGGRENI,CASSQdiLAGGreNIQYF,CASSQDILAGGRENIQYF,TRBV4-3,TRBJ2-4,CATSPGNAGNMLTF,Donor AJKQ118:LP TCRab CD4 TRM,1.000000,-,-,-,-,-,-,-,-,-,-,-
3679,single,1.0e+00,1,1,3.3e-08,1.0e+00,1.0e-03,3.5e-02,1.0e-03,9.5e-01,global-SQDILAGGRENI,CASSQdiLAGGreNIQYF,CASSQDILAGGRENIQYF,TRBV4-3,TRBJ2-4,CAENTFTSGTYKYIF,Donor AJKQ118:LP TCRab CD4 Tph,1.000000,-,-,-,-,-,-,-,-,-,-,-

3680,single,1.0e+00,1,1,9.9e-08,1.0e+00,1.0e-03,1.0e-01,1.0e-03,9.5e-01,global-SPVTDGSASP,CASSPvtdgsaSPLHF,CASSPVTDGSASPLHF,TRBV18,TRBJ1-6,CAAKTQGGSEKLVF,Donor AJD3280:IEL TCRab CD4 TRM,1.000000,-,-,-,-,-,-,-,-,-,-,-
3680,single,1.0e+00,1,1,9.9e-08,1.0e+00,1.0e-03,1.0e-01,1.0e-03,9.5e-01,global-SPVTDGSASP,CASSPvtdgsaSPLHF,CASSPVTDGSASPLHF,TRBV18,TRBJ1-6,CAAKTQGGSEKLVF,Donor AJD3280:L TCRab CD4 TRM,2.000000,-,-,-,-,-,-,-,-,-,-,-

3731,single,1.0e+00,1,1,9.9e-08,1.0e+00,1.0e-03,1.0e-01,1.0e-03,9.5e-01,global-SPLAGVRE,CASSPLAGvrEQYF,CASSPLAGVREQYF,TRBV10-2,TRBJ2-7,CAVSPSGAGSYQLTF,Donor AJKQ118:IEL TCRab CD4 TRM,2.000000,-,-,-,-,-,-,-,-,-,-,-
3731,single,1.0e+00,1,1,9.9e-08,1.0e+00,1.0e-03,1.0e-01,1.0e-03,9.5e-01,global-SPLAGVRE,CASSPLAGvrEQYF,CASSPLAGVREQYF,TRBV10-2,TRBJ2-7,CAVSPSGAGSYQLTF,Donor AJKQ118:LP TCRab CD4 TRM,1.000000,-,-,-,-,-,-,-,-,-,-,-

3732,single,1.0e+00,1,1,8.6e-09,1.0e+00,1.0e-03,9.0e-03,1.0e-03,9.5e-01,global-SPDRGYTE,CASSPDRGyTEAFF,CASSPDRGYTEAFF,TRBV19,TRBJ1-1,CAVKRNYQLIW,Donor AJD3280:IEL TCRab CD4 TRM,2.000000,-,-,-,-,-,-,-,-,-,-,-
3732,single,1.0e+00,1,1,8.6e-09,1.0e+00,1.0e-03,9.0e-03,1.0e-03,9.5e-01,global-SPDRGYTE,CASSPDRGyTEAFF,CASSPDRGYTEAFF,TRBV19,TRBJ1-1,CAVKRNYQLIW,Donor AJD3280:L TCRab CD4 TRM,3.000000,-,-,-,-,-,-,-,-,-,-,-
3732,single,1.0e+00,1,1,8.6e-09,1.0e+00,1.0e-03,9.0e-03,1.0e-03,9.5e-01,global-SPDRGYTE,CASSPDRGyTEAFF,CASSPDRGYTEAFF,TRBV19,TRBJ1-1,CAVKSNYQLIW,Donor AJD3280:L TCRab CD4 TRM,1.000000,-,-,-,-,-,-,-,-,-,-,-
3732,single,1.0e+00,1,1,8.6e-09,1.0e+00,1.0e-03,9.0e-03,1.0e-03,9.5e-01,global-SPDRGYTE,CASSPDRGyTEAFF,CASSPDRGYTEAFF,TRBV19,TRBJ1-1,CAVKRNYQLIW,Donor AJD3280:LP TCRab CD4 TRM,3.000000,-,-,-,-,-,-,-,-,-,-,-

3735,single,1.0e+00,1,1,9.5e-07,1.0e+00,1.0e-03,1.0e+00,1.0e-03,9.5e-01,global-SSVPGQLRTSGGRAYE,CASSSvpgqlrTSGGraYEQYF,CASSSVPGQLRTSGGRAYEQYF,TRBV7-6,TRBJ2-7,CAVTGAQKLVF,Donor AJG2309:IEL TCRab CD4 TRM,1.000000,-,-,-,-,-,-,-,-,-,-,-
3735,single,1.0e+00,1,1,9.5e-07,1.0e+00,1.0e-03,1.0e+00,1.0e-03,9.5e-01,global-SSVPGQLRTSGGRAYE,CASSSvpgqlrTSGGraYEQYF,CASSSVPGQLRTSGGRAYEQYF,TRBV7-6,TRBJ2-7,CAVTGAQKLVF,Donor AJG2309:LP TCRab CD4 TRM,1.000000,-,-,-,-,-,-,-,-,-,-,-

3742,single,1.0e+00,1,1,9.5e-07,1.0e+00,1.0e-03,1.0e+00,1.0e-03,9.5e-01,global-SIPPGQGSGE,CASSIppGQGsGELFF,CASSIPPGQGSGELFF,TRBV19,TRBJ2-2,CAKTSGSRLTF,Donor AJD3280:L TCRab CD4 TRM,1.000000,-,-,-,-,-,-,-,-,-,-,-
3742,single,1.0e+00,1,1,9.5e-07,1.0e+00,1.0e-03,1.0e+00,1.0e-03,9.5e-01,global-SIPPGQGSGE,CASSIppGQGsGELFF,CASSIPPGQGSGELFF,TRBV19,TRBJ2-2,CAVEDRGGFKTIF,Donor AJD3280:LP TCRab CD4 TRM,1.000000,-,-,-,-,-,-,-,-,-,-,-

3751,single,1.0e+00,1,1,9.5e-07,1.0e+00,1.0e-03,1.0e+00,1.0e-03,9.5e-01,global-SFRQGSAGE,CASSfrQGsaGELFF,CASSFRQGSAGELFF,TRBV12-3,TRBJ2-2,CALKVDSNYQLIW,Donor AJKQ118:IEL TCRab CD4 TRM,1.000000,-,-,-,-,-,-,-,-,-,-,-
3751,single,1.0e+00,1,1,9.5e-07,1.0e+00,1.0e-03,1.0e+00,1.0e-03,9.5e-01,global-SFRQGSAGE,CASSfrQGsaGELFF,CASSFRQGSAGELFF,TRBV12-3,TRBJ2-2,CALKVDSNYQLIW,Donor AJKQ118:LP TCRab CD4 TRM,1.000000,-,-,-,-,-,-,-,-,-,-,-

3777,single,1.0e+00,1,1,9.5e-07,1.0e+00,1.0e-03,1.0e+00,1.0e-03,9.5e-01,global-SHTRISP,CASShtriSPLHF,CASSHTRISPLHF,TRBV7-2,TRBJ1-6,CGTASGGGSEKLVF,Donor AJD3280:LP TCRab CD4 Mobile TRM,1.000000,-,-,-,-,-,-,-,-,-,-,-
3777,single,1.0e+00,1,1,9.5e-07,1.0e+00,1.0e-03,1.0e+00,1.0e-03,9.5e-01,global-SHTRISP,CASShtriSPLHF,CASSHTRISPLHF,TRBV7-2,TRBJ1-6,CGTASGGGSEKLVF,Donor AJD3280:LP TCRab CD4 Tph,1.000000,-,-,-,-,-,-,-,-,-,-,-

3780,single,1.0e+00,1,1,9.5e-07,1.0e+00,1.0e-03,1.0e+00,1.0e-03,9.5e-01,global-SPDTRGTSGSP,CASSPdtrGTSGSPLHF,CASSPDTRGTSGSPLHF,TRBV5-1,TRBJ1-6,CAGEGQETSGSRLTF,Donor AJKQ118:L TCRab CD4 TRM,1.000000,-,-,-,-,-,-,-,-,-,-,-
3780,single,1.0e+00,1,1,9.5e-07,1.0e+00,1.0e-03,1.0e+00,1.0e-03,9.5e-01,global-SPDTRGTSGSP,CASSPdtrGTSGSPLHF,CASSPDTRGTSGSPLHF,TRBV5-1,TRBJ1-6,CAGEGQETSGSRLTF,Donor AJKQ118:LP TCRab CD4 TRM,1.000000,-,-,-,-,-,-,-,-,-,-,-

3791,single,1.0e+00,1,1,5.6e-08,1.0e+00,1.0e-03,5.9e-02,1.0e-03,9.5e-01,global-SLDGGAHGE,CASSLdGGahGELFF,CASSLDGGAHGELFF,TRBV5-1,TRBJ2-2,CAVRISSGGSYIPTF,Donor AJD3280:L TCRab CD4 TRM,2.000000,-,-,-,-,-,-,-,-,-,-,-
3791,single,1.0e+00,1,1,5.6e-08,1.0e+00,1.0e-03,5.9e-02,1.0e-03,9.5e-01,global-SLDGGAHGE,CASSLdGGahGELFF,CASSLDGGAHGELFF,TRBV5-1,TRBJ2-2,CAKKFYF,Donor AJD3280:LP TCRab CD4 TRM,2.000000,-,-,-,-,-,-,-,-,-,-,-
3791,single,1.0e+00,1,1,5.6e-08,1.0e+00,1.0e-03,5.9e-02,1.0e-03,9.5e-01,global-SLDGGAHGE,CASSLdGGahGELFF,CASSLDGGAHGELFF,TRBV5-1,TRBJ2-2,CAVRISSGGSYIPTF,Donor AJD3280:LP TCRab CD4 TRM,1.000000,-,-,-,-,-,-,-,-,-,-,-

3800,single,1.0e+00,1,1,1.1e-07,1.0e+00,1.0e-03,1.1e-01,1.0e-03,9.5e-01,global-SLIPLTAVNTE,CASSLipltavNTEAFF,CASSLIPLTAVNTEAFF,TRBV11-3,TRBJ1-1,CAYDTDKLIF,Donor AJD3280:IEL TCRab CD4 TRM,1.000000,-,-,-,-,-,-,-,-,-,-,-
3800,single,1.0e+00,1,1,1.1e-07,1.0e+00,1.0e-03,1.1e-01,1.0e-03,9.5e-01,global-SLIPLTAVNTE,CASSLipltavNTEAFF,CASSLIPLTAVNTEAFF,TRBV11-3,TRBJ1-1,CAYDTDKLIF,Donor AJD3280:LP TCRab CD4 TRM,2.000000,-,-,-,-,-,-,-,-,-,-,-

3805,single,1.0e+00,1,1,1.9e-09,1.0e+00,1.0e-03,2.0e-03,1.0e-03,9.5e-01,global-SVGLYSTDT,CASSVGLySTDTQYF,CASSVGLYSTDTQYF,TRBV9,TRBJ2-3,CAVGGTGSGGYQKVTF,Donor AJKQ118:IEL TCRab CD4 TRM,3.000000,-,-,-,-,-,-,-,-,-,-,-
3805,single,1.0e+00,1,1,1.9e-09,1.0e+00,1.0e-03,2.0e-03,1.0e-03,9.5e-01,global-SVGLYSTDT,CASSVGLySTDTQYF,CASSVGLYSTDTQYF,TRBV9,TRBJ2-3,CAVGGTGSGGYQKVTF,Donor AJKQ118:L TCRab CD4 Naive/TCM,1.000000,-,-,-,-,-,-,-,-,-,-,-
3805,single,1.0e+00,1,1,1.9e-09,1.0e+00,1.0e-03,2.0e-03,1.0e-03,9.5e-01,global-SVGLYSTDT,CASSVGLySTDTQYF,CASSVGLYSTDTQYF,TRBV9,TRBJ2-3,CAVGGTGSGGYQKVTF,Donor AJKQ118:L TCRab CD4 TRM,6.000000,-,-,-,-,-,-,-,-,-,-,-
3805,single,1.0e+00,1,1,1.9e-09,1.0e+00,1.0e-03,2.0e-03,1.0e-03,9.5e-01,global-SVGLYSTDT,CASSVGLySTDTQYF,CASSVGLYSTDTQYF,TRBV9,TRBJ2-3,CAVGGTGSGGYQKVTF,Donor AJKQ118:LP TCRab CD4 TRM,5.000000,-,-,-,-,-,-,-,-,-,-,-

3820,single,1.0e+00,1,1,9.5e-07,1.0e+00,1.0e-03,1.0e+00,1.0e-03,9.5e-01,global-SQDTGPGE,CASSQdTGpGELFF,CASSQDTGPGELFF,TRBV4-3,TRBJ2-2,CVVSKGYSTLTF,Donor AJKQ118:PB TCRab CD4 Naive/TCM,1.000000,-,-,-,-,-,-,-,-,-,-,-
3820,single,1.0e+00,1,1,9.5e-07,1.0e+00,1.0e-03,1.0e+00,1.0e-03,9.5e-01,global-SQDTGPGE,CASSQdTGpGELFF,CASSQDTGPGELFF,TRBV4-3,TRBJ2-2,CVVTRGDKLIF,Donor AJKQ118:PB TCRab CD4 Naive/TCM,1.000000,-,-,-,-,-,-,-,-,-,-,-

3828,single,1.0e+00,1,1,9.5e-07,1.0e+00,1.0e-03,1.0e+00,1.0e-03,9.5e-01,global-RPLGQGNTE,CASrplGQGNTEAFF,CASRPLGQGNTEAFF,TRBV6-5,TRBJ1-1,CAATSMGGYSTLTF,Donor AJD3280:IEL TCRab CD4 TRM,1.000000,-,-,-,-,-,-,-,-,-,-,-
3828,single,1.0e+00,1,1,9.5e-07,1.0e+00,1.0e-03,1.0e+00,1.0e-03,9.5e-01,global-RPLGQGNTE,CASrplGQGNTEAFF,CASRPLGQGNTEAFF,TRBV6-5,TRBJ1-1,CAATSMGGYSTLTF,Donor AJD3280:LP TCRab CD4 Tph,1.000000,-,-,-,-,-,-,-,-,-,-,-

3856,single,1.0e+00,1,1,9.5e-07,1.0e+00,1.0e-03,1.0e+00,1.0e-03,9.5e-01,global-SIQTGNT,CASSIqtGNTIYF,CASSIQTGNTIYF,TRBV11-3,TRBJ1-3,CVVLKGSARQLTF,Donor AJD3280:IEL TCRab CD4 TRM,1.000000,-,-,-,-,-,-,-,-,-,-,-
3856,single,1.0e+00,1,1,9.5e-07,1.0e+00,1.0e-03,1.0e+00,1.0e-03,9.5e-01,global-SIQTGNT,CASSIqtGNTIYF,CASSIQTGNTIYF,TRBV11-3,TRBJ1-3,CVVLKGSARQLTF,Donor AJD3280:LP TCRab CD4 TRM,1.000000,-,-,-,-,-,-,-,-,-,-,-

3898,single,1.0e+00,1,1,9.5e-07,1.0e+00,1.0e-03,1.0e+00,1.0e-03,9.5e-01,global-SDSYSYE,CATSDsySYEQYF,CATSDSYSYEQYF,TRBV24-1,TRBJ2-7,CAENSLSSNTGKLIF,Donor AJG2309:PB TCRab CD4 FOXP3+ Treg,1.000000,-,-,-,-,-,-,-,-,-,-,-
3898,single,1.0e+00,1,1,9.5e-07,1.0e+00,1.0e-03,1.0e+00,1.0e-03,9.5e-01,global-SDSYSYE,CATSDsySYEQYF,CATSDSYSYEQYF,TRBV24-1,TRBJ2-7,CAENSLSSNTGKLIF,Donor AJG2309:PB TCRab CD4 Naive/TCM,1.000000,-,-,-,-,-,-,-,-,-,-,-

3912,single,1.0e+00,1,1,9.5e-07,1.0e+00,1.0e-03,1.0e+00,1.0e-03,9.5e-01,global-SKNRDRNSP,CASSKnrDRNSPLHF,CASSKNRDRNSPLHF,TRBV19,TRBJ1-6,CAVSKDNDMRF,Donor AJD3280:L TCRab CD4 TRM,1.000000,-,-,-,-,-,-,-,-,-,-,-
3912,single,1.0e+00,1,1,9.5e-07,1.0e+00,1.0e-03,1.0e+00,1.0e-03,9.5e-01,global-SKNRDRNSP,CASSKnrDRNSPLHF,CASSKNRDRNSPLHF,TRBV19,TRBJ1-6,CAVSKDNDMRF,Donor AJD3280:LP TCRab CD4 TRM,1.000000,-,-,-,-,-,-,-,-,-,-,-

3948,single,1.0e+00,1,1,2.0e-08,1.0e+00,1.0e-03,2.1e-02,1.0e-03,9.5e-01,global-SQEGQGREK,CASSQeGQGrEKLFF,CASSQEGQGREKLFF,TRBV4-1,TRBJ1-4,CAKWDDKIIF,Donor AJG2309:L TCRab CD4 TRM,1.000000,-,-,-,-,-,-,-,-,-,-,-
3948,single,1.0e+00,1,1,2.0e-08,1.0e+00,1.0e-03,2.1e-02,1.0e-03,9.5e-01,global-SQEGQGREK,CASSQeGQGrEKLFF,CASSQEGQGREKLFF,TRBV4-1,TRBJ1-4,CAKWDDKIIF,Donor AJG2309:LP TCRab CD4 TRM,4.000000,-,-,-,-,-,-,-,-,-,-,-

3951,single,1.0e+00,1,1,3.5e-08,1.0e+00,1.0e-03,3.7e-02,1.0e-03,9.5e-01,global-SAAGTGIGE,CASSaaGTGigEQFF,CASSAAGTGIGEQFF,TRBV28,TRBJ2-1,CIVRVVGNTDKLIF,Donor AJKQ118:IEL TCRab CD4 TRM,1.000000,-,-,-,-,-,-,-,-,-,-,-
3951,single,1.0e+00,1,1,3.5e-08,1.0e+00,1.0e-03,3.7e-02,1.0e-03,9.5e-01,global-SAAGTGIGE,CASSaaGTGigEQFF,CASSAAGTGIGEQFF,TRBV28,TRBJ2-1,CIVRVVGNTDKLIF,Donor AJKQ118:L TCRab CD4 TRM,3.000000,-,-,-,-,-,-,-,-,-,-,-
3951,single,1.0e+00,1,1,3.5e-08,1.0e+00,1.0e-03,3.7e-02,1.0e-03,9.5e-01,global-SAAGTGIGE,CASSaaGTGigEQFF,CASSAAGTGIGEQFF,TRBV28,TRBJ2-1,CAVIKAGFQKLVF,Donor AJKQ118:L TCRab CD4 TRM,3.000000,-,-,-,-,-,-,-,-,-,-,-
3951,single,1.0e+00,1,1,3.5e-08,1.0e+00,1.0e-03,3.7e-02,1.0e-03,9.5e-01,global-SAAGTGIGE,CASSaaGTGigEQFF,CASSAAGTGIGEQFF,TRBV28,TRBJ2-1,CIVRVVGNTDKLIF,Donor AJKQ118:LP TCRab CD4 TRM,1.000000,-,-,-,-,-,-,-,-,-,-,-
3951,single,1.0e+00,1,1,3.5e-08,1.0e+00,1.0e-03,3.7e-02,1.0e-03,9.5e-01,global-SAAGTGIGE,CASSaaGTGigEQFF,CASSAAGTGIGEQFF,TRBV28,TRBJ2-1,CAVIKAGFQKLVF,Donor AJKQ118:LP TCRab CD4 TRM,1.000000,-,-,-,-,-,-,-,-,-,-,-
3951,single,1.0e+00,1,1,3.5e-08,1.0e+00,1.0e-03,3.7e-02,1.0e-03,9.5e-01,global-SAAGTGIGE,CASSaaGTGigEQFF,CASSAAGTGIGEQFF,TRBV28,TRBJ2-1,CIVRVVGNTDKLIF,Donor AJKQ118:LP TCRab CD4 Tph,1.000000,-,-,-,-,-,-,-,-,-,-,-

3978,single,1.0e+00,1,1,9.5e-07,1.0e+00,1.0e-03,1.0e+00,1.0e-03,9.5e-01,global-KDRVSGE,CSVkDRvsGELFF,CSVKDRVSGELFF,TRBV29-1,TRBJ2-2,CVVSDQANFGNEKLTF,Donor AJD3280:IEL TCRab CD4 FOXP3+ Treg,1.000000,-,-,-,-,-,-,-,-,-,-,-
3978,single,1.0e+00,1,1,9.5e-07,1.0e+00,1.0e-03,1.0e+00,1.0e-03,9.5e-01,global-KDRVSGE,CSVkDRvsGELFF,CSVKDRVSGELFF,TRBV29-1,TRBJ2-2,CVVSDQANFGNEKLTF,Donor AJD3280:LP TCRab CD4 FOXP3+ Treg,1.000000,-,-,-,-,-,-,-,-,-,-,-

3992,single,1.0e+00,1,1,9.5e-07,1.0e+00,1.0e-03,1.0e+00,1.0e-03,9.5e-01,global-SPGGGRGANV,CASSPggGRGANVLTF,CASSPGGGRGANVLTF,TRBV7-2,TRBJ2-6,CAETGSGSARQLTF,Donor AJD3280:IEL TCRab CD4 TRM,1.000000,-,-,-,-,-,-,-,-,-,-,-
3992,single,1.0e+00,1,1,9.5e-07,1.0e+00,1.0e-03,1.0e+00,1.0e-03,9.5e-01,global-SPGGGRGANV,CASSPggGRGANVLTF,CASSPGGGRGANVLTF,TRBV7-2,TRBJ2-6,CAETGSGSARQLTF,Donor AJD3280:LP TCRab CD4 Mobile TRM,1.000000,-,-,-,-,-,-,-,-,-,-,-

3997,single,1.0e+00,1,1,1.6e-07,1.0e+00,1.0e-03,1.7e-01,1.0e-03,9.5e-01,global-SLGGRGSLQET,CASSLggRGslQETQYF,CASSLGGRGSLQETQYF,TRBV5-1,TRBJ2-5,CIVRGDNYGQNFVF,Donor AJG2309:LP TCRab CD4 TRM,1.000000,-,-,-,-,-,-,-,-,-,-,-
3997,single,1.0e+00,1,1,1.6e-07,1.0e+00,1.0e-03,1.7e-01,1.0e-03,9.5e-01,global-SLGGRGSLQET,CASSLggRGslQETQYF,CASSLGGRGSLQETQYF,TRBV5-1,TRBJ2-5,CIVRGDNYGQNFVF,Donor AJG2309:PB TCRab CD4 FOXP3+ Treg,1.000000,-,-,-,-,-,-,-,-,-,-,-
3997,single,1.0e+00,1,1,1.6e-07,1.0e+00,1.0e-03,1.7e-01,1.0e-03,9.5e-01,global-SLGGRGSLQET,CASSLggRGslQETQYF,CASSLGGRGSLQETQYF,TRBV5-1,TRBJ2-5,CAGPLKNRDDKIIF,Donor AJG2309:PB TCRab CD4 FOXP3+ Treg,2.000000,-,-,-,-,-,-,-,-,-,-,-

4145,single,1.0e+00,1,1,3.8e-08,1.0e+00,1.0e-03,4.0e-02,1.0e-03,9.5e-01,global-SSRGDQET,CASSSRGdQETQYF,CASSSRGDQETQYF,TRBV11-1,TRBJ2-5,CAVKKADKLIF,Donor AJD3280:L TCRab CD4 TRM,1.000000,-,-,-,-,-,-,-,-,-,-,-
4145,single,1.0e+00,1,1,3.8e-08,1.0e+00,1.0e-03,4.0e-02,1.0e-03,9.5e-01,global-SSRGDQET,CASSSRGdQETQYF,CASSSRGDQETQYF,TRBV11-1,TRBJ2-5,CAVKKADKLIF,Donor AJD3280:PB TCRab CD4 Naive/TCM,3.000000,-,-,-,-,-,-,-,-,-,-,-

4176,single,1.0e+00,1,1,9.5e-07,1.0e+00,1.0e-03,1.0e+00,1.0e-03,9.5e-01,global-SPVMTSHVGET,CSASpvmTShvgETQYF,CSASPVMTSHVGETQYF,TRBV20-1,TRBJ2-5,CALSEGGGSRLTF,Donor AJD3280:LP TCRab CD4 TRM,1.000000,-,-,-,-,-,-,-,-,-,-,-
4176,single,1.0e+00,1,1,9.5e-07,1.0e+00,1.0e-03,1.0e+00,1.0e-03,9.5e-01,global-SPVMTSHVGET,CSASpvmTShvgETQYF,CSASPVMTSHVGETQYF,TRBV20-1,TRBJ2-5,CAVHPGYGGSQGNLIF,Donor AJD3280:LP TCRab CD4 TRM,1.000000,-,-,-,-,-,-,-,-,-,-,-

4178,single,1.0e+00,1,1,9.5e-07,1.0e+00,1.0e-03,1.0e+00,1.0e-03,9.5e-01,global-SDRFDQGARGTE,CAISdrfdqgaRGTEAFF,CAISDRFDQGARGTEAFF,TRBV10-3,TRBJ1-1,CAVQGGNAGNMLTF,Donor AJD3280:L TCRab CD4 TCM,1.000000,-,-,-,-,-,-,-,-,-,-,-
4178,single,1.0e+00,1,1,9.5e-07,1.0e+00,1.0e-03,1.0e+00,1.0e-03,9.5e-01,global-SDRFDQGARGTE,CAISdrfdqgaRGTEAFF,CAISDRFDQGARGTEAFF,TRBV10-3,TRBJ1-1,CAVQGGNAGNMLTF,Donor AJD3280:PB TCRab CD4 FOXP3+ Treg,1.000000,-,-,-,-,-,-,-,-,-,-,-

4220,single,1.0e+00,1,1,3.2e-08,1.0e+00,1.0e-03,3.4e-02,1.0e-03,9.5e-01,global-SDGSDSSYE,CASSDgsdsSYEQYF,CASSDGSDSSYEQYF,TRBV2,TRBJ2-7,CAIVRRALTF,Donor AJG2309:LP TCRab CD4 Mobile TRM,1.000000,-,-,-,-,-,-,-,-,-,-,-
4220,single,1.0e+00,1,1,3.2e-08,1.0e+00,1.0e-03,3.4e-02,1.0e-03,9.5e-01,global-SDGSDSSYE,CASSDgsdsSYEQYF,CASSDGSDSSYEQYF,TRBV2,TRBJ2-7,CAIVRRALTF,Donor AJG2309:LP TCRab CD4 TRM,3.000000,-,-,-,-,-,-,-,-,-,-,-

4288,single,1.0e+00,1,1,1.1e-07,1.0e+00,1.0e-03,1.2e-01,1.0e-03,9.5e-01,global-AGRIYNE,CSVaGRiYNEQFF,CSVAGRIYNEQFF,TRBV29-1,TRBJ2-1,CAARGGYSGGGADGLTF,Donor AJD3280:IEL TCRab CD4 FOXP3+ Treg,1.000000,-,-,-,-,-,-,-,-,-,-,-
4288,single,1.0e+00,1,1,1.1e-07,1.0e+00,1.0e-03,1.2e-01,1.0e-03,9.5e-01,global-AGRIYNE,CSVaGRiYNEQFF,CSVAGRIYNEQFF,TRBV29-1,TRBJ2-1,CAARGGYSGGGADGLTF,Donor AJD3280:LP TCRab CD4 FOXP3+ Treg,2.000000,-,-,-,-,-,-,-,-,-,-,-

4295,single,1.0e+00,1,1,9.9e-08,1.0e+00,1.0e-03,1.0e-01,1.0e-03,9.5e-01,global-SIYEGQNTE,CASSIyeGQNTEAFF,CASSIYEGQNTEAFF,TRBV19,TRBJ1-1,CLVGDKGYSSASKIIF,Donor AJD3280:IEL TCRab CD4 TRM,1.000000,-,-,-,-,-,-,-,-,-,-,-
4295,single,1.0e+00,1,1,9.9e-08,1.0e+00,1.0e-03,1.0e-01,1.0e-03,9.5e-01,global-SIYEGQNTE,CASSIyeGQNTEAFF,CASSIYEGQNTEAFF,TRBV19,TRBJ1-1,CLVGDKGYSSASKIIF,Donor AJD3280:LP TCRab CD4 TRM,2.000000,-,-,-,-,-,-,-,-,-,-,-

4313,single,1.0e+00,1,1,9.5e-07,1.0e+00,1.0e-03,1.0e+00,1.0e-03,9.5e-01,global-GAGTDNYG,CSAGaGTdNYGYTF,CSAGAGTDNYGYTF,TRBV20-1,TRBJ1-2,CATDAANARLMF,Donor AJG2309:L TCRab CD4 FOXP3+ Treg,1.000000,-,-,-,-,-,-,-,-,-,-,-
4313,single,1.0e+00,1,1,9.5e-07,1.0e+00,1.0e-03,1.0e+00,1.0e-03,9.5e-01,global-GAGTDNYG,CSAGaGTdNYGYTF,CSAGAGTDNYGYTF,TRBV20-1,TRBJ1-2,CATDAANARLMF,Donor AJG2309:PB TCRab CD4 FOXP3+ Treg,1.000000,-,-,-,-,-,-,-,-,-,-,-

4366,single,1.0e+00,1,1,9.5e-07,1.0e+00,1.0e-03,1.0e+00,1.0e-03,9.5e-01,global-SSDPVRTDT,CASSSdpvrTDTQYF,CASSSDPVRTDTQYF,TRBV5-4,TRBJ2-3,CAVRKGAQKLVF,Donor AJKQ118:IEL TCRab CD4 TRM,1.000000,-,-,-,-,-,-,-,-,-,-,-
4366,single,1.0e+00,1,1,9.5e-07,1.0e+00,1.0e-03,1.0e+00,1.0e-03,9.5e-01,global-SSDPVRTDT,CASSSdpvrTDTQYF,CASSSDPVRTDTQYF,TRBV5-4,TRBJ2-3,CAVRKGAQKLVF,Donor AJKQ118:L TCRab CD4 TRM,1.000000,-,-,-,-,-,-,-,-,-,-,-

4380,single,1.0e+00,1,1,9.5e-07,1.0e+00,1.0e-03,1.0e+00,1.0e-03,9.5e-01,global-SAPDRGLE,CASSapDRGlEAFF,CASSAPDRGLEAFF,TRBV2,TRBJ1-1,CAVNQRQAGTALIF,Donor AJG2309:IEL TCRab CD4 TRM,1.000000,-,-,-,-,-,-,-,-,-,-,-
4380,single,1.0e+00,1,1,9.5e-07,1.0e+00,1.0e-03,1.0e+00,1.0e-03,9.5e-01,global-SAPDRGLE,CASSapDRGlEAFF,CASSAPDRGLEAFF,TRBV2,TRBJ1-1,CAVNQRQAGTALIF,Donor AJG2309:LP TCRab CD4 TRM,1.000000,-,-,-,-,-,-,-,-,-,-,-

4390,single,1.0e+00,1,1,9.5e-07,1.0e+00,1.0e-03,1.0e+00,1.0e-03,9.5e-01,global-SSLGQQKET,CASSSlGQqkETQYF,CASSSLGQQKETQYF,TRBV6-2,TRBJ2-5,CALGAASGTYKYIF,Donor AJKQ118:L TCRab CD4 TRM,1.000000,-,-,-,-,-,-,-,-,-,-,-
4390,single,1.0e+00,1,1,9.5e-07,1.0e+00,1.0e-03,1.0e+00,1.0e-03,9.5e-01,global-SSLGQQKET,CASSSlGQqkETQYF,CASSSLGQQKETQYF,TRBV6-2,TRBJ2-5,CALGAASGTYKYIF,Donor AJKQ118:LP TCRab CD4 TRM,1.000000,-,-,-,-,-,-,-,-,-,-,-

4392,single,1.0e+00,1,1,1.2e-07,1.0e+00,1.0e-03,1.2e-01,1.0e-03,9.5e-01,global-SMGNLE,CSASmgnlEAFF,CSASMGNLEAFF,TRBV20-1,TRBJ1-1,CAVSANTGNQFYF,Donor AJKQ118:LP TCRab CD4 Mobile TRM,2.000000,-,-,-,-,-,-,-,-,-,-,-
4392,single,1.0e+00,1,1,1.2e-07,1.0e+00,1.0e-03,1.2e-01,1.0e-03,9.5e-01,global-SMGNLE,CSASmgnlEAFF,CSASMGNLEAFF,TRBV20-1,TRBJ1-1,CAVSANTGNQFYF,Donor AJKQ118:PB TCRab CD4 FOXP3+ Treg,1.000000,-,-,-,-,-,-,-,-,-,-,-

4398,single,1.0e+00,1,1,9.5e-07,1.0e+00,1.0e-03,1.0e+00,1.0e-03,9.5e-01,global-SLGVTEYNE,CASSLgvteYNEQFF,CASSLGVTEYNEQFF,TRBV7-3,TRBJ2-1,CAVTNRDNNARLMF,Donor AJKQ118:L TCRab CD4 Naive/TCM,1.000000,-,-,-,-,-,-,-,-,-,-,-
4398,single,1.0e+00,1,1,9.5e-07,1.0e+00,1.0e-03,1.0e+00,1.0e-03,9.5e-01,global-SLGVTEYNE,CASSLgvteYNEQFF,CASSLGVTEYNEQFF,TRBV7-3,TRBJ2-1,CAVTNRDNNARLMF,Donor AJKQ118:L TCRab CD4 TRM,1.000000,-,-,-,-,-,-,-,-,-,-,-

4402,single,1.0e+00,1,1,1.1e-07,1.0e+00,1.0e-03,1.2e-01,1.0e-03,9.5e-01,global-SSGGSYYG,CASSSGGsyYGYTF,CASSSGGSYYGYTF,TRBV25-1,TRBJ1-2,CAIRGGSNYKLTF,Donor AJD3280:LP TCRab CD4 Poised TCM,1.000000,-,-,-,-,-,-,-,-,-,-,-
4402,single,1.0e+00,1,1,1.1e-07,1.0e+00,1.0e-03,1.2e-01,1.0e-03,9.5e-01,global-SSGGSYYG,CASSSGGsyYGYTF,CASSSGGSYYGYTF,TRBV25-1,TRBJ1-2,CAIRGGSNYKLTF,Donor AJD3280:LP TCRab CD4 Tph,2.000000,-,-,-,-,-,-,-,-,-,-,-

4411,single,1.0e+00,1,1,9.5e-07,1.0e+00,1.0e-03,1.0e+00,1.0e-03,9.5e-01,global-SLRSGRAYE,CASSLrSGRaYEQYF,CASSLRSGRAYEQYF,TRBV27,TRBJ2-7,CDSGTYKYIF,Donor AJG2309:LP TCRab CD4 TRM,1.000000,-,-,-,-,-,-,-,-,-,-,-
4411,single,1.0e+00,1,1,9.5e-07,1.0e+00,1.0e-03,1.0e+00,1.0e-03,9.5e-01,global-SLRSGRAYE,CASSLrSGRaYEQYF,CASSLRSGRAYEQYF,TRBV27,TRBJ2-7,CGTGTYKYIF,Donor AJG2309:LP TCRab CD4 TRM,1.000000,-,-,-,-,-,-,-,-,-,-,-

4475,single,1.0e+00,1,1,5.1e-08,1.0e+00,1.0e-03,5.3e-02,1.0e-03,9.5e-01,global-IDRGLNTE,CASiDRGlNTEAFF,CASIDRGLNTEAFF,TRBV6-1,TRBJ1-1,CALSDHGSSNTGKLIF,Donor AJD3280:IEL TCRab CD4 TRM,1.000000,-,-,-,-,-,-,-,-,-,-,-
4475,single,1.0e+00,1,1,5.1e-08,1.0e+00,1.0e-03,5.3e-02,1.0e-03,9.5e-01,global-IDRGLNTE,CASiDRGlNTEAFF,CASIDRGLNTEAFF,TRBV6-1,TRBJ1-1,CAASTYAGNNRKLIW,Donor AJD3280:LP TCRab CD4 TRM,2.000000,-,-,-,-,-,-,-,-,-,-,-
4475,single,1.0e+00,1,1,5.1e-08,1.0e+00,1.0e-03,5.3e-02,1.0e-03,9.5e-01,global-IDRGLNTE,CASiDRGlNTEAFF,CASIDRGLNTEAFF,TRBV6-1,TRBJ1-1,CALSDHGSSNTGKLIF,Donor AJD3280:LP TCRab CD4 TRM,2.000000,-,-,-,-,-,-,-,-,-,-,-

4510,single,1.0e+00,1,1,9.5e-07,1.0e+00,1.0e-03,1.0e+00,1.0e-03,9.5e-01,global-SLDFSGARR,CASSLdfSGarrrdF,CASSLDFSGARRRDF,TRBV7-2,TRBJ2-7,CAVLNSGGSNYKLTF,Donor AJD3280:L TCRab CD4 TRM,1.000000,-,-,-,-,-,-,-,-,-,-,-
4510,single,1.0e+00,1,1,9.5e-07,1.0e+00,1.0e-03,1.0e+00,1.0e-03,9.5e-01,global-SLDFSGARR,CASSLdfSGarrrdF,CASSLDFSGARRRDF,TRBV7-2,TRBJ2-7,CIVRVALNYGGSQGNLIF,Donor AJD3280:L TCRab CD4 TRM,1.000000,-,-,-,-,-,-,-,-,-,-,-

4596,single,1.0e+00,1,1,1.5e-08,1.0e+00,1.0e-03,1.6e-02,1.0e-03,9.5e-01,global-SDSASGRAGYNE,CATSDsaSGRagYNEQFF,CATSDSASGRAGYNEQFF,TRBV24-1,TRBJ2-1,CAASANDDYKLSF,Donor AJG2309:PB TCRab CD4 FOXP3+ Treg,3.000000,-,-,-,-,-,-,-,-,-,-,-
4596,single,1.0e+00,1,1,1.5e-08,1.0e+00,1.0e-03,1.6e-02,1.0e-03,9.5e-01,global-SDSASGRAGYNE,CATSDsaSGRagYNEQFF,CATSDSASGRAGYNEQFF,TRBV24-1,TRBJ2-1,CAASANDDYKLSF,Donor AJG2309:PB TCRab CD4 Naive/TCM,2.000000,-,-,-,-,-,-,-,-,-,-,-

4612,single,1.0e+00,1,1,9.5e-07,1.0e+00,1.0e-03,1.0e+00,1.0e-03,9.5e-01,global-RDVGGTPSTDT,CSARdvgGTpSTDTQYF,CSARDVGGTPSTDTQYF,TRBV20-1,TRBJ2-3,CLVGSMDSSYKLIF,Donor AJKQ118:L TCRab CD4 Naive/TCM,1.000000,-,-,-,-,-,-,-,-,-,-,-
4612,single,1.0e+00,1,1,9.5e-07,1.0e+00,1.0e-03,1.0e+00,1.0e-03,9.5e-01,global-RDVGGTPSTDT,CSARdvgGTpSTDTQYF,CSARDVGGTPSTDTQYF,TRBV20-1,TRBJ2-3,CLVGSMDSSYKLIF,Donor AJKQ118:L TCRab CD4 TRM,1.000000,-,-,-,-,-,-,-,-,-,-,-

4619,single,1.0e+00,1,1,9.5e-07,1.0e+00,1.0e-03,1.0e+00,1.0e-03,9.5e-01,global-SFLGNYG,CASSflgNYGYTF,CASSFLGNYGYTF,TRBV7-8,TRBJ1-2,CATDGGNDYKLSF,Donor AJD3280:IEL TCRab CD4 TRM,1.000000,-,-,-,-,-,-,-,-,-,-,-
4619,single,1.0e+00,1,1,9.5e-07,1.0e+00,1.0e-03,1.0e+00,1.0e-03,9.5e-01,global-SFLGNYG,CASSflgNYGYTF,CASSFLGNYGYTF,TRBV7-8,TRBJ1-2,CATDGGNDYKLSF,Donor AJD3280:LP TCRab CD4 Tph,1.000000,-,-,-,-,-,-,-,-,-,-,-

4647,single,1.0e+00,1,1,9.5e-07,1.0e+00,1.0e-03,1.0e+00,1.0e-03,9.5e-01,global-SVGSISNEK,CASSVgsisNEKLFF,CASSVGSISNEKLFF,TRBV9,TRBJ1-4,CAYRERDDKIIF,Donor AJKQ118:L TCRab CD4 TCM,1.000000,-,-,-,-,-,-,-,-,-,-,-
4647,single,1.0e+00,1,1,9.5e-07,1.0e+00,1.0e-03,1.0e+00,1.0e-03,9.5e-01,global-SVGSISNEK,CASSVgsisNEKLFF,CASSVGSISNEKLFF,TRBV9,TRBJ1-4,CAYRERDDKIIF,Donor AJKQ118:L TCRab CD4 TRM,1.000000,-,-,-,-,-,-,-,-,-,-,-

4663,single,1.0e+00,1,1,9.5e-07,1.0e+00,1.0e-03,1.0e+00,1.0e-03,9.5e-01,global-SGTGFSGNT,CASSGTGfSGNTIYF,CASSGTGFSGNTIYF,TRBV5-1,TRBJ1-3,CIVTYYALNF,Donor AJD3280:IEL TCRab CD4 Mobile TRM,1.000000,-,-,-,-,-,-,-,-,-,-,-
4663,single,1.0e+00,1,1,9.5e-07,1.0e+00,1.0e-03,1.0e+00,1.0e-03,9.5e-01,global-SGTGFSGNT,CASSGTGfSGNTIYF,CASSGTGFSGNTIYF,TRBV5-1,TRBJ1-3,CALFNNAGNMLTF,Donor AJD3280:IEL TCRab CD4 TRM,1.000000,-,-,-,-,-,-,-,-,-,-,-

4694,single,1.0e+00,1,1,9.5e-07,1.0e+00,1.0e-03,1.0e+00,1.0e-03,9.5e-01,global-SYPGQTNEK,CASSYpGQTNEKLFF,CASSYPGQTNEKLFF,TRBV2,TRBJ1-4,CAMRVAPRATLGRLYF,Donor AJKQ118:IEL TCRab CD4 FOXP3+ Treg,1.000000,-,-,-,-,-,-,-,-,-,-,-
4694,single,1.0e+00,1,1,9.5e-07,1.0e+00,1.0e-03,1.0e+00,1.0e-03,9.5e-01,global-SYPGQTNEK,CASSYpGQTNEKLFF,CASSYPGQTNEKLFF,TRBV2,TRBJ1-4,CAMRVAPRATLGRLYF,Donor AJKQ118:PB TCRab CD4 Naive/TCM,1.000000,-,-,-,-,-,-,-,-,-,-,-

4714,single,1.0e+00,1,1,3.2e-08,1.0e+00,1.0e-03,3.3e-02,1.0e-03,9.5e-01,global-SETGVGTE,CSASeTGvgTEAFF,CSASETGVGTEAFF,TRBV20-1,TRBJ1-1,CAVSRTSGTYKYIF,Donor AJKQ118:LP TCRab CD4 Mobile TRM,1.000000,-,-,-,-,-,-,-,-,-,-,-
4714,single,1.0e+00,1,1,3.2e-08,1.0e+00,1.0e-03,3.3e-02,1.0e-03,9.5e-01,global-SETGVGTE,CSASeTGvgTEAFF,CSASETGVGTEAFF,TRBV20-1,TRBJ1-1,CAVSRTSGTYKYIF,Donor AJKQ118:LP TCRab CD4 TRM,3.000000,-,-,-,-,-,-,-,-,-,-,-

4753,single,1.0e+00,1,1,2.1e-07,1.0e+00,1.0e-03,2.2e-01,1.0e-03,9.5e-01,global-SKKDLNTE,CASSKkdlNTEAFF,CASSKKDLNTEAFF,TRBV9,TRBJ1-1,CAVPPGGKLIF,Donor AJD3280:IEL TCRab CD4 TRM,1.000000,-,-,-,-,-,-,-,-,-,-,-
4753,single,1.0e+00,1,1,2.1e-07,1.0e+00,1.0e-03,2.2e-01,1.0e-03,9.5e-01,global-SKKDLNTE,CASSKkdlNTEAFF,CASSKKDLNTEAFF,TRBV9,TRBJ1-1,CAVASLFSGGYNKLIF,Donor AJD3280:IEL TCRab CD4 TRM,2.000000,-,-,-,-,-,-,-,-,-,-,-
4753,single,1.0e+00,1,1,2.1e-07,1.0e+00,1.0e-03,2.2e-01,1.0e-03,9.5e-01,global-SKKDLNTE,CASSKkdlNTEAFF,CASSKKDLNTEAFF,TRBV9,TRBJ1-1,CAVPPGGKLIF,Donor AJD3280:LP TCRab CD4 Tph,1.000000,-,-,-,-,-,-,-,-,-,-,-
4753,single,1.0e+00,1,1,2.1e-07,1.0e+00,1.0e-03,2.2e-01,1.0e-03,9.5e-01,global-SKKDLNTE,CASSKkdlNTEAFF,CASSKKDLNTEAFF,TRBV9,TRBJ1-1,CAVASLFSGGYNKLIF,Donor AJD3280:LP TCRab CD4 Tph,1.000000,-,-,-,-,-,-,-,-,-,-,-

4840,single,1.0e+00,1,1,9.5e-07,1.0e+00,1.0e-03,1.0e+00,1.0e-03,9.5e-01,global-AIYMNTE,CSVaiymNTEAFF,CSVAIYMNTEAFF,TRBV29-1,TRBJ1-1,CATDAGAGTALIF,Donor AJD3280:IEL TCRab CD4 FOXP3+ Treg,1.000000,-,-,-,-,-,-,-,-,-,-,-
4840,single,1.0e+00,1,1,9.5e-07,1.0e+00,1.0e-03,1.0e+00,1.0e-03,9.5e-01,global-AIYMNTE,CSVaiymNTEAFF,CSVAIYMNTEAFF,TRBV29-1,TRBJ1-1,CATDAGAGTALIF,Donor AJD3280:LP TCRab CD4 FOXP3+ Treg,1.000000,-,-,-,-,-,-,-,-,-,-,-

4842,single,1.0e+00,1,1,1.7e-08,1.0e+00,1.0e-03,1.8e-02,1.0e-03,9.5e-01,global-SPGPHVYNE,CASSPgphvYNEQFF,CASSPGPHVYNEQFF,TRBV28,TRBJ2-1,CAGVYNNNDMRF,Donor AJKQ118:L TCRab CD4 TRM,1.000000,-,-,-,-,-,-,-,-,-,-,-
4842,single,1.0e+00,1,1,1.7e-08,1.0e+00,1.0e-03,1.8e-02,1.0e-03,9.5e-01,global-SPGPHVYNE,CASSPgphvYNEQFF,CASSPGPHVYNEQFF,TRBV28,TRBJ2-1,CAMRENRDDKIIF,Donor AJKQ118:LP TCRab CD4 TRM,4.000000,-,-,-,-,-,-,-,-,-,-,-

4844,single,1.0e+00,1,1,2.5e-08,1.0e+00,1.0e-03,2.6e-02,1.0e-03,9.5e-01,global-SPDREVYG,CASSPdREvYGYTF,CASSPDREVYGYTF,TRBV5-4,TRBJ1-2,CAASIEDGANSKLTF,Donor AJD3280:IEL TCRab CD4 TRM,1.000000,-,-,-,-,-,-,-,-,-,-,-
4844,single,1.0e+00,1,1,2.5e-08,1.0e+00,1.0e-03,2.6e-02,1.0e-03,9.5e-01,global-SPDREVYG,CASSPdREvYGYTF,CASSPDREVYGYTF,TRBV5-4,TRBJ1-2,CAASIEDGANSKLTF,Donor AJD3280:LP TCRab CD4 TRM,3.000000,-,-,-,-,-,-,-,-,-,-,-

4900,single,1.0e+00,1,1,9.5e-07,1.0e+00,1.0e-03,1.0e+00,1.0e-03,9.5e-01,global-SLAQGTYE,CASSLaQGtYEQYF,CASSLAQGTYEQYF,TRBV5-1,TRBJ2-7,CALSPFSDGQKLLF,Donor AJD3280:L TCRab CD4 TRM,1.000000,-,-,-,-,-,-,-,-,-,-,-
4900,single,1.0e+00,1,1,9.5e-07,1.0e+00,1.0e-03,1.0e+00,1.0e-03,9.5e-01,global-SLAQGTYE,CASSLaQGtYEQYF,CASSLAQGTYEQYF,TRBV5-1,TRBJ2-7,CALSPFSDGQKLLF,Donor AJD3280:LP TCRab CD4 TRM,1.000000,-,-,-,-,-,-,-,-,-,-,-

4918,single,1.0e+00,1,1,9.5e-07,1.0e+00,1.0e-03,1.0e+00,1.0e-03,9.5e-01,global-SPPGPAVFSGANV,CASSPpgpavfSGANVLTF,CASSPPGPAVFSGANVLTF,TRBV18,TRBJ2-6,CADPSGGGADGLTF,Donor AJD3280:L TCRab CD4 TRM,1.000000,-,-,-,-,-,-,-,-,-,-,-
4918,single,1.0e+00,1,1,9.5e-07,1.0e+00,1.0e-03,1.0e+00,1.0e-03,9.5e-01,global-SPPGPAVFSGANV,CASSPpgpavfSGANVLTF,CASSPPGPAVFSGANVLTF,TRBV18,TRBJ2-6,CAARIQAGNARLMF,Donor AJD3280:L TCRab CD4 TRM,1.000000,-,-,-,-,-,-,-,-,-,-,-

4924,single,1.0e+00,1,1,9.5e-07,1.0e+00,1.0e-03,1.0e+00,1.0e-03,9.5e-01,global-RTYRQGDATNEK,CASrtyrQGdaTNEKLFF,CASRTYRQGDATNEKLFF,TRBV6-1,TRBJ1-4,CVVTNYGGSQGNLIF,Donor AJD3280:IEL TCRab CD4 TRM,1.000000,-,-,-,-,-,-,-,-,-,-,-
4924,single,1.0e+00,1,1,9.5e-07,1.0e+00,1.0e-03,1.0e+00,1.0e-03,9.5e-01,global-RTYRQGDATNEK,CASrtyrQGdaTNEKLFF,CASRTYRQGDATNEKLFF,TRBV6-1,TRBJ1-4,CVVTNYGGSQGNLIF,Donor AJD3280:L TCRab CD4 TRM,1.000000,-,-,-,-,-,-,-,-,-,-,-

4956,single,1.0e+00,1,1,4.7e-08,1.0e+00,1.0e-03,4.9e-02,1.0e-03,9.5e-01,global-SSRGPQNE,CASSSRGpqnEAFF,CASSSRGPQNEAFF,TRBV6-5,TRBJ1-1,CAENTPGNQFYF,Donor AJD3280:IEL TCRab CD4 FOXP3+ Treg,1.000000,-,-,-,-,-,-,-,-,-,-,-
4956,single,1.0e+00,1,1,4.7e-08,1.0e+00,1.0e-03,4.9e-02,1.0e-03,9.5e-01,global-SSRGPQNE,CASSSRGpqnEAFF,CASSSRGPQNEAFF,TRBV6-5,TRBJ1-1,CAENTPGNQFYF,Donor AJD3280:LP TCRab CD4 FOXP3+ Treg,3.000000,-,-,-,-,-,-,-,-,-,-,-

4995,single,1.0e+00,1,1,1.6e-07,1.0e+00,1.0e-03,1.6e-01,1.0e-03,9.5e-01,global-SPGTGAWET,CASSPGTGawETQYF,CASSPGTGAWETQYF,TRBV6-6,TRBJ2-5,CIVRFTSGYSTLTF,Donor AJKQ118:IEL TCRab CD4 TRM,1.000000,-,-,-,-,-,-,-,-,-,-,-
4995,single,1.0e+00,1,1,1.6e-07,1.0e+00,1.0e-03,1.6e-01,1.0e-03,9.5e-01,global-SPGTGAWET,CASSPGTGawETQYF,CASSPGTGAWETQYF,TRBV6-6,TRBJ2-5,CIVRFTSGYSTLTF,Donor AJKQ118:L TCRab CD4 TRM,1.000000,-,-,-,-,-,-,-,-,-,-,-
4995,single,1.0e+00,1,1,1.6e-07,1.0e+00,1.0e-03,1.6e-01,1.0e-03,9.5e-01,global-SPGTGAWET,CASSPGTGawETQYF,CASSPGTGAWETQYF,TRBV6-6,TRBJ2-5,CIVRFTSGYSTLTF,Donor AJKQ118:LP TCRab CD4 TRM,2.000000,-,-,-,-,-,-,-,-,-,-,-

5001,single,1.0e+00,1,1,1.1e-07,1.0e+00,1.0e-03,1.1e-01,1.0e-03,9.5e-01,global-SKAAGTSSQA,CASSKaaGTSsqaQFF,CASSKAAGTSSQAQFF,TRBV18,TRBJ2-1,CAENNAGNMLTF,Donor AJG2309:L TCRab CD4 TCM,1.000000,-,-,-,-,-,-,-,-,-,-,-
5001,single,1.0e+00,1,1,1.1e-07,1.0e+00,1.0e-03,1.1e-01,1.0e-03,9.5e-01,global-SKAAGTSSQA,CASSKaaGTSsqaQFF,CASSKAAGTSSQAQFF,TRBV18,TRBJ2-1,CAENNAGNMLTF,Donor AJG2309:PB TCRab CD4 FOXP3+ Treg,2.000000,-,-,-,-,-,-,-,-,-,-,-

5019,single,1.0e+00,1,1,9.5e-07,1.0e+00,1.0e-03,1.0e+00,1.0e-03,9.5e-01,global-SLNAGE,CASSLnaGELFF,CASSLNAGELFF,TRBV11-2,TRBJ2-2,CACNPTGKLIF,Donor AJKQ118:L TCRab CD4 TRM,1.000000,-,-,-,-,-,-,-,-,-,-,-
5019,single,1.0e+00,1,1,9.5e-07,1.0e+00,1.0e-03,1.0e+00,1.0e-03,9.5e-01,global-SLNAGE,CASSLnaGELFF,CASSLNAGELFF,TRBV11-2,TRBJ2-2,CACNPTGKLIF,Donor AJKQ118:LP TCRab CD4 TRM,1.000000,-,-,-,-,-,-,-,-,-,-,-

5068,single,1.0e+00,1,1,9.5e-07,1.0e+00,1.0e-03,1.0e+00,1.0e-03,9.5e-01,global-SSTASAGANV,CASSStasaGANVLTF,CASSSTASAGANVLTF,TRBV5-4,TRBJ2-6,CAARLYNQGGKLIF,Donor AJD3280:LP TCRab CD4 FOXP3+ Treg,1.000000,-,-,-,-,-,-,-,-,-,-,-
5068,single,1.0e+00,1,1,9.5e-07,1.0e+00,1.0e-03,1.0e+00,1.0e-03,9.5e-01,global-SSTASAGANV,CASSStasaGANVLTF,CASSSTASAGANVLTF,TRBV5-4,TRBJ2-6,CAARLYNQGGKLIF,Donor AJD3280:LP TCRab CD4 Tph,1.000000,-,-,-,-,-,-,-,-,-,-,-

5090,single,1.0e+00,1,1,9.5e-07,1.0e+00,1.0e-03,1.0e+00,1.0e-03,9.5e-01,global-SSISTGADT,CASSSisTGaDTQYF,CASSSISTGADTQYF,TRBV7-2,TRBJ2-3,CAETHTGGGNKLTF,Donor AJG2309:L TCRab CD4 FOXP3+ Treg,1.000000,-,-,-,-,-,-,-,-,-,-,-
5090,single,1.0e+00,1,1,9.5e-07,1.0e+00,1.0e-03,1.0e+00,1.0e-03,9.5e-01,global-SSISTGADT,CASSSisTGaDTQYF,CASSSISTGADTQYF,TRBV7-2,TRBJ2-3,CAETHTGGGNKLTF,Donor AJG2309:PB TCRab CD4 Naive/TCM,1.000000,-,-,-,-,-,-,-,-,-,-,-

5164,single,1.0e+00,1,1,1.9e-09,1.0e+00,1.0e-03,2.0e-03,1.0e-03,9.5e-01,global-SLGLAGFFTTDT,CASSLGLAGfftTDTQYF,CASSLGLAGFFTTDTQYF,TRBV5-1,TRBJ2-3,CALSEYSGGGADGLTF,Donor AJKQ118:IEL TCRab CD4 TRM,1.000000,-,-,-,-,-,-,-,-,-,-,-
5164,single,1.0e+00,1,1,1.9e-09,1.0e+00,1.0e-03,2.0e-03,1.0e-03,9.5e-01,global-SLGLAGFFTTDT,CASSLGLAGfftTDTQYF,CASSLGLAGFFTTDTQYF,TRBV5-1,TRBJ2-3,CALSEYSGGGADGLTF,Donor AJKQ118:L TCRab CD4 TRM,8.000000,-,-,-,-,-,-,-,-,-,-,-

5184,single,1.0e+00,1,1,9.5e-07,1.0e+00,1.0e-03,1.0e+00,1.0e-03,9.5e-01,global-SLAASGGRYE,CASSLaaSGGrYEQYF,CASSLAASGGRYEQYF,TRBV7-9,TRBJ2-7,CARTSGYSTLTF,Donor AJG2309:PB TCRab CD4 Naive/TCM,1.000000,-,-,-,-,-,-,-,-,-,-,-
5184,single,1.0e+00,1,1,9.5e-07,1.0e+00,1.0e-03,1.0e+00,1.0e-03,9.5e-01,global-SLAASGGRYE,CASSLaaSGGrYEQYF,CASSLAASGGRYEQYF,TRBV7-9,TRBJ2-7,CAVSDSGGYNKLIF,Donor AJG2309:PB TCRab CD4 Naive/TCM,1.000000,-,-,-,-,-,-,-,-,-,-,-

5190,single,1.0e+00,1,1,1.7e-07,1.0e+00,1.0e-03,1.8e-01,1.0e-03,9.5e-01,global-SKTGRDG,CASSKTGrdGYTF,CASSKTGRDGYTF,TRBV27,TRBJ1-2,CAVNAAGGTYKYIF,Donor AJKQ118:L TCRab CD4 TRM,2.000000,-,-,-,-,-,-,-,-,-,-,-
5190,single,1.0e+00,1,1,1.7e-07,1.0e+00,1.0e-03,1.8e-01,1.0e-03,9.5e-01,global-SKTGRDG,CASSKTGrdGYTF,CASSKTGRDGYTF,TRBV27,TRBJ1-2,CAVNAAGGTYKYIF,Donor AJKQ118:LP TCRab CD4 TRM,1.000000,-,-,-,-,-,-,-,-,-,-,-
5190,single,1.0e+00,1,1,1.7e-07,1.0e+00,1.0e-03,1.8e-01,1.0e-03,9.5e-01,global-SKTGRDG,CASSKTGrdGYTF,CASSKTGRDGYTF,TRBV27,TRBJ1-2,CAVNAAGGTYKYIF,Donor AJKQ118:PB TCRab CD4 FOXP3+ Treg,1.000000,-,-,-,-,-,-,-,-,-,-,-

5207,single,1.0e+00,1,1,9.5e-07,1.0e+00,1.0e-03,1.0e+00,1.0e-03,9.5e-01,global-RTSVRLDT,CSARTSvrlDTQYF,CSARTSVRLDTQYF,TRBV20-1,TRBJ2-3,CAFMKANNARLMF,Donor AJD3280:L TCRab CD4 TRM,1.000000,-,-,-,-,-,-,-,-,-,-,-
5207,single,1.0e+00,1,1,9.5e-07,1.0e+00,1.0e-03,1.0e+00,1.0e-03,9.5e-01,global-RTSVRLDT,CSARTSvrlDTQYF,CSARTSVRLDTQYF,TRBV20-1,TRBJ2-3,CAFMKANNARLMF,Donor AJD3280:LP TCRab CD4 Mobile TRM,1.000000,-,-,-,-,-,-,-,-,-,-,-

5257,single,1.0e+00,1,1,9.5e-10,1.0e+00,1.0e-03,1.0e-03,1.0e-03,9.5e-01,global-SFRQGGTE,CASSfrQGgTEAFF,CASSFRQGGTEAFF,TRBV7-2,TRBJ1-1,CAEIRNYGQNFVF,Donor AJD3280:IEL TCRab CD4 Mobile TRM,1.000000,-,-,-,-,-,-,-,-,-,-,-
5257,single,1.0e+00,1,1,9.5e-10,1.0e+00,1.0e-03,1.0e-03,1.0e-03,9.5e-01,global-SFRQGGTE,CASSfrQGgTEAFF,CASSFRQGGTEAFF,TRBV7-2,TRBJ1-1,CAFTPNFGNEKLTF,Donor AJD3280:IEL TCRab CD4 Mobile TRM,1.000000,-,-,-,-,-,-,-,-,-,-,-
5257,single,1.0e+00,1,1,9.5e-10,1.0e+00,1.0e-03,1.0e-03,1.0e-03,9.5e-01,global-SFRQGGTE,CASSfrQGgTEAFF,CASSFRQGGTEAFF,TRBV7-2,TRBJ1-1,CAEIRNYGQNFVF,Donor AJD3280:IEL TCRab CD4 TRM,13.000000,-,-,-,-,-,-,-,-,-,-,-
5257,single,1.0e+00,1,1,9.5e-10,1.0e+00,1.0e-03,1.0e-03,1.0e-03,9.5e-01,global-SFRQGGTE,CASSfrQGgTEAFF,CASSFRQGGTEAFF,TRBV7-2,TRBJ1-1,CAEIRNYGQNFVF,Donor AJD3280:LP TCRab CD4 Tph,11.000000,-,-,-,-,-,-,-,-,-,-,-

5282,single,1.0e+00,1,1,9.5e-07,1.0e+00,1.0e-03,1.0e+00,1.0e-03,9.5e-01,global-RGQGNNSP,CSARGQGnNSPLHF,CSARGQGNNSPLHF,TRBV20-1,TRBJ1-6,CAMENLVPGSYIPTF,Donor AJKQ118:IEL TCRab CD4 Mobile TRM,1.000000,-,-,-,-,-,-,-,-,-,-,-
5282,single,1.0e+00,1,1,9.5e-07,1.0e+00,1.0e-03,1.0e+00,1.0e-03,9.5e-01,global-RGQGNNSP,CSARGQGnNSPLHF,CSARGQGNNSPLHF,TRBV20-1,TRBJ1-6,CAMENLVPGSYIPTF,Donor AJKQ118:LP TCRab CD4 TRM,1.000000,-,-,-,-,-,-,-,-,-,-,-

5310,single,1.0e+00,1,1,9.5e-07,1.0e+00,1.0e-03,1.0e+00,1.0e-03,9.5e-01,global-SLEQTASNSP,CASSLeqtasNSPLHF,CASSLEQTASNSPLHF,TRBV5-1,TRBJ1-6,CAASKGYGNKLVF,Donor AJD3280:LP TCRab CD4 Poised TCM,1.000000,-,-,-,-,-,-,-,-,-,-,-
5310,single,1.0e+00,1,1,9.5e-07,1.0e+00,1.0e-03,1.0e+00,1.0e-03,9.5e-01,global-SLEQTASNSP,CASSLeqtasNSPLHF,CASSLEQTASNSPLHF,TRBV5-1,TRBJ1-6,CAASKGYGNKLVF,Donor AJD3280:LP TCRab CD4 TRM,1.000000,-,-,-,-,-,-,-,-,-,-,-

5328,single,1.0e+00,1,1,9.5e-07,1.0e+00,1.0e-03,1.0e+00,1.0e-03,9.5e-01,global-SPAGTSGIYQET,CASSPaGTSGiyQETQYF,CASSPAGTSGIYQETQYF,TRBV28,TRBJ2-5,CAVRDVGTGFQKLVF,Donor AJG2309:LP TCRab CD4 FOXP3+ Treg,1.000000,-,-,-,-,-,-,-,-,-,-,-
5328,single,1.0e+00,1,1,9.5e-07,1.0e+00,1.0e-03,1.0e+00,1.0e-03,9.5e-01,global-SPAGTSGIYQET,CASSPaGTSGiyQETQYF,CASSPAGTSGIYQETQYF,TRBV28,TRBJ2-5,CVVNPPRGSASKIIF,Donor AJG2309:LP TCRab CD4 FOXP3+ Treg,1.000000,-,-,-,-,-,-,-,-,-,-,-

5335,single,1.0e+00,1,1,4.1e-08,1.0e+00,1.0e-03,4.3e-02,1.0e-03,9.5e-01,global-SLGQGVQEK,CASSLGQGvqEKLFF,CASSLGQGVQEKLFF,TRBV12-4,TRBJ1-4,CAVNTNAGKSTF,Donor AJD3280:IEL TCRab CD4 TRM,1.000000,-,-,-,-,-,-,-,-,-,-,-
5335,single,1.0e+00,1,1,4.1e-08,1.0e+00,1.0e-03,4.3e-02,1.0e-03,9.5e-01,global-SLGQGVQEK,CASSLGQGvqEKLFF,CASSLGQGVQEKLFF,TRBV12-4,TRBJ1-4,CAVNTNAGKSTF,Donor AJD3280:LP TCRab CD4 TRM,3.000000,-,-,-,-,-,-,-,-,-,-,-

5356,single,1.0e+00,1,1,6.0e-05,1.0e+00,6.3e-02,1.0e+00,1.0e-03,9.5e-01,global-SSLRGFQET,CASSSlRGfQETQYF,CASSSLRGFQETQYF,TRBV7-2,TRBJ2-5,CVVVLMDTGRRALTF,Donor AJG2309:PB TCRab CD4 Naive/TCM,1.000000,-,-,-,-,-,-,-,-,-,-,-
5356,single,1.0e+00,1,1,6.0e-05,1.0e+00,6.3e-02,1.0e+00,1.0e-03,9.5e-01,global-SSLRGFQET,CASSSlRGfQETQYF,CASSSLRGFQETQYF,TRBV5-4,TRBJ2-5,CAMMFSGGYNKLIF,Donor AJG2309:PB TCRab CD4 Naive/TCM,1.000000,-,-,-,-,-,-,-,-,-,-,-

5404,single,1.0e+00,1,1,9.5e-07,1.0e+00,1.0e-03,1.0e+00,1.0e-03,9.5e-01,global-SSESGTE,CASSSeSGTEAFF,CASSSESGTEAFF,TRBV11-3,TRBJ1-1,CVVNPYTGRRALTF,Donor AJD3280:LP TCRab CD4 FOXP3+ Treg,1.000000,-,-,-,-,-,-,-,-,-,-,-
5404,single,1.0e+00,1,1,9.5e-07,1.0e+00,1.0e-03,1.0e+00,1.0e-03,9.5e-01,global-SSESGTE,CASSSeSGTEAFF,CASSSESGTEAFF,TRBV11-3,TRBJ1-1,CVVNPYTGRRALTF,Donor AJD3280:LP TCRab CD4 TRM,1.000000,-,-,-,-,-,-,-,-,-,-,-

5422,single,1.0e+00,1,1,9.5e-07,1.0e+00,1.0e-03,1.0e+00,1.0e-03,9.5e-01,global-SSRQGET,CASSSrQGETQYF,CASSSRQGETQYF,TRBV27,TRBJ2-5,CAVSDRTPGGKLIF,Donor AJD3280:IEL TCRab CD4 TRM,1.000000,-,-,-,-,-,-,-,-,-,-,-
5422,single,1.0e+00,1,1,9.5e-07,1.0e+00,1.0e-03,1.0e+00,1.0e-03,9.5e-01,global-SSRQGET,CASSSrQGETQYF,CASSSRQGETQYF,TRBV27,TRBJ2-5,CAVILNSGGYQKVTF,Donor AJD3280:LP TCRab CD4 TRM,1.000000,-,-,-,-,-,-,-,-,-,-,-

5429,single,1.0e+00,1,1,1.1e-07,1.0e+00,1.0e-03,1.2e-01,1.0e-03,9.5e-01,global-SRHTSSYTDT,CASSRhTSsyTDTQYF,CASSRHTSSYTDTQYF,TRBV7-2,TRBJ2-3,CALRRYSSASKIIF,Donor AJKQ118:L TCRab CD4 TRM,1.000000,-,-,-,-,-,-,-,-,-,-,-
5429,single,1.0e+00,1,1,1.1e-07,1.0e+00,1.0e-03,1.2e-01,1.0e-03,9.5e-01,global-SRHTSSYTDT,CASSRhTSsyTDTQYF,CASSRHTSSYTDTQYF,TRBV7-2,TRBJ2-3,CALRRYSSASKIIF,Donor AJKQ118:LP TCRab CD4 Mobile TRM,2.000000,-,-,-,-,-,-,-,-,-,-,-

5453,single,1.0e+00,1,1,9.5e-07,1.0e+00,1.0e-03,1.0e+00,1.0e-03,9.5e-01,global-SPGLAVVTDT,CASSPGLAvvTDTQYF,CASSPGLAVVTDTQYF,TRBV5-1,TRBJ2-3,CAVGEEGGGYGGSQGNLIF,Donor AJD3280:LP TCRab CD4 Tph,1.000000,-,-,-,-,-,-,-,-,-,-,-
5453,single,1.0e+00,1,1,9.5e-07,1.0e+00,1.0e-03,1.0e+00,1.0e-03,9.5e-01,global-SPGLAVVTDT,CASSPGLAvvTDTQYF,CASSPGLAVVTDTQYF,TRBV5-1,TRBJ2-3,CAVSGQHGSSNTGKLIF,Donor AJD3280:LP TCRab CD4 Tph,1.000000,-,-,-,-,-,-,-,-,-,-,-

5516,single,1.0e+00,1,1,9.5e-07,1.0e+00,1.0e-03,1.0e+00,1.0e-03,9.5e-01,global-SDFRQGAVGE,CATSDfrQGavGELFF,CATSDFRQGAVGELFF,TRBV24-1,TRBJ2-2,CAASANDDYKLSF,Donor AJG2309:PB TCRab CD4 Naive/TCM,1.000000,-,-,-,-,-,-,-,-,-,-,-
5516,single,1.0e+00,1,1,9.5e-07,1.0e+00,1.0e-03,1.0e+00,1.0e-03,9.5e-01,global-SDFRQGAVGE,CATSDfrQGavGELFF,CATSDFRQGAVGELFF,TRBV24-1,TRBJ2-2,CAFMNRGAQKLVF,Donor AJG2309:PB TCRab CD4 Naive/TCM,1.000000,-,-,-,-,-,-,-,-,-,-,-

5564,single,1.0e+00,1,1,2.9e-09,1.0e+00,1.0e-03,3.0e-03,1.0e-03,9.5e-01,global-SRTSASYTGE,CASSRTSasyTGELFF,CASSRTSASYTGELFF,TRBV7-8,TRBJ2-2,CIVRVATSGTYKYIF,Donor AJKQ118:IEL TCRab CD4 TRM,3.000000,-,-,-,-,-,-,-,-,-,-,-
5564,single,1.0e+00,1,1,2.9e-09,1.0e+00,1.0e-03,3.0e-03,1.0e-03,9.5e-01,global-SRTSASYTGE,CASSRTSasyTGELFF,CASSRTSASYTGELFF,TRBV7-8,TRBJ2-2,CIVRVATSGTYKYIF,Donor AJKQ118:LP TCRab CD4 TRM,5.000000,-,-,-,-,-,-,-,-,-,-,-

5601,single,1.0e+00,1,1,1.6e-07,1.0e+00,1.0e-03,1.7e-01,1.0e-03,9.5e-01,global-GTVKGT,CSAGtvkgTQYF,CSAGTVKGTQYF,TRBV20-1,TRBJ2-5,CAVGGGGSQGNLIF,Donor AJKQ118:IEL TCRab CD4 TRM,1.000000,-,-,-,-,-,-,-,-,-,-,-
5601,single,1.0e+00,1,1,1.6e-07,1.0e+00,1.0e-03,1.7e-01,1.0e-03,9.5e-01,global-GTVKGT,CSAGtvkgTQYF,CSAGTVKGTQYF,TRBV20-1,TRBJ2-5,CAVGGGGSQGNLIF,Donor AJKQ118:L TCRab CD4 TRM,1.000000,-,-,-,-,-,-,-,-,-,-,-
5601,single,1.0e+00,1,1,1.6e-07,1.0e+00,1.0e-03,1.7e-01,1.0e-03,9.5e-01,global-GTVKGT,CSAGtvkgTQYF,CSAGTVKGTQYF,TRBV20-1,TRBJ2-5,CAVGGGGSQGNLIF,Donor AJKQ118:LP TCRab CD4 TRM,2.000000,-,-,-,-,-,-,-,-,-,-,-

5612,single,1.0e+00,1,1,1.9e-08,1.0e+00,1.0e-03,2.0e-02,1.0e-03,9.5e-01,global-SLGRDPTGE,CASSLGRdpTGELFF,CASSLGRDPTGELFF,TRBV28,TRBJ2-2,CAASHAGKSTF,Donor AJG2309:L TCRab CD4 TCM,1.000000,-,-,-,-,-,-,-,-,-,-,-
5612,single,1.0e+00,1,1,1.9e-08,1.0e+00,1.0e-03,2.0e-02,1.0e-03,9.5e-01,global-SLGRDPTGE,CASSLGRdpTGELFF,CASSLGRDPTGELFF,TRBV28,TRBJ2-2,CAASHAGKSTF,Donor AJG2309:L TCRab CD4 TRM,4.000000,-,-,-,-,-,-,-,-,-,-,-

5619,single,1.0e+00,1,1,1.0e-07,1.0e+00,1.0e-03,1.1e-01,1.0e-03,9.5e-01,global-SELRINTE,CASSElriNTEAFF,CASSELRINTEAFF,TRBV6-1,TRBJ1-1,CATPAGAGYSTLTF,Donor AJKQ118:IEL TCRab CD4 TRM,1.000000,-,-,-,-,-,-,-,-,-,-,-
5619,single,1.0e+00,1,1,1.0e-07,1.0e+00,1.0e-03,1.1e-01,1.0e-03,9.5e-01,global-SELRINTE,CASSElriNTEAFF,CASSELRINTEAFF,TRBV6-1,TRBJ1-1,CATPAGAGYSTLTF,Donor AJKQ118:L TCRab CD4 TRM,2.000000,-,-,-,-,-,-,-,-,-,-,-

5620,single,1.0e+00,1,1,9.5e-07,1.0e+00,1.0e-03,1.0e+00,1.0e-03,9.5e-01,global-SLAYVGEGRNE,CASSLayvgeGRNEQFF,CASSLAYVGEGRNEQFF,TRBV7-2,TRBJ2-1,CAMTEAGASKIIF,Donor AJG2309:LP TCRab CD4 Mobile TRM,1.000000,-,-,-,-,-,-,-,-,-,-,-
5620,single,1.0e+00,1,1,9.5e-07,1.0e+00,1.0e-03,1.0e+00,1.0e-03,9.5e-01,global-SLAYVGEGRNE,CASSLayvgeGRNEQFF,CASSLAYVGEGRNEQFF,TRBV7-2,TRBJ2-1,CAMTEAGASKIIF,Donor AJG2309:LP TCRab CD4 TRM,1.000000,-,-,-,-,-,-,-,-,-,-,-

5633,single,1.0e+00,1,1,9.5e-10,1.0e+00,1.0e-03,1.0e-03,1.0e-03,9.5e-01,global-SSGQGKQET,CASSSGQGkQETQYF,CASSSGQGKQETQYF,TRBV27,TRBJ2-5,CAINTNAGKSTF,Donor AJKQ118:L TCRab CD4 Naive/TCM,1.000000,-,-,-,-,-,-,-,-,-,-,-
5633,single,1.0e+00,1,1,9.5e-10,1.0e+00,1.0e-03,1.0e-03,1.0e-03,9.5e-01,global-SSGQGKQET,CASSSGQGkQETQYF,CASSSGQGKQETQYF,TRBV27,TRBJ2-5,CAINTNAGKSTF,Donor AJKQ118:L TCRab CD4 TCM,1.000000,-,-,-,-,-,-,-,-,-,-,-
5633,single,1.0e+00,1,1,9.5e-10,1.0e+00,1.0e-03,1.0e-03,1.0e-03,9.5e-01,global-SSGQGKQET,CASSSGQGkQETQYF,CASSSGQGKQETQYF,TRBV27,TRBJ2-5,CAINTNAGKSTF,Donor AJKQ118:L TCRab CD4 TRM,16.000000,-,-,-,-,-,-,-,-,-,-,-
5633,single,1.0e+00,1,1,9.5e-10,1.0e+00,1.0e-03,1.0e-03,1.0e-03,9.5e-01,global-SSGQGKQET,CASSSGQGkQETQYF,CASSSGQGKQETQYF,TRBV27,TRBJ2-5,CAINTNAGKSTF,Donor AJKQ118:LP TCRab CD4 TRM,1.000000,-,-,-,-,-,-,-,-,-,-,-

5646,single,1.0e+00,1,1,1.0e-07,1.0e+00,1.0e-03,1.1e-01,1.0e-03,9.5e-01,global-SYSATGYSGNT,CASSYsaTGySGNTIYF,CASSYSATGYSGNTIYF,TRBV6-6,TRBJ1-3,CAMMTGQAGTALIF,Donor AJD3280:LP TCRab CD4 TRM,1.000000,-,-,-,-,-,-,-,-,-,-,-
5646,single,1.0e+00,1,1,1.0e-07,1.0e+00,1.0e-03,1.1e-01,1.0e-03,9.5e-01,global-SYSATGYSGNT,CASSYsaTGySGNTIYF,CASSYSATGYSGNTIYF,TRBV6-6,TRBJ1-3,CALLYNNAGNMLTF,Donor AJD3280:LP TCRab CD4 TRM,2.000000,-,-,-,-,-,-,-,-,-,-,-

5670,single,1.0e+00,1,1,9.5e-07,1.0e+00,1.0e-03,1.0e+00,1.0e-03,9.5e-01,global-TTPDTG,CSVttpdtGYTF,CSVTTPDTGYTF,TRBV29-1,TRBJ1-2,CALSDRRGGADGLTF,Donor AJKQ118:IEL TCRab CD4 TRM,1.000000,-,-,-,-,-,-,-,-,-,-,-
5670,single,1.0e+00,1,1,9.5e-07,1.0e+00,1.0e-03,1.0e+00,1.0e-03,9.5e-01,global-TTPDTG,CSVttpdtGYTF,CSVTTPDTGYTF,TRBV29-1,TRBJ1-2,CALSDRRGGADGLTF,Donor AJKQ118:L TCRab CD4 Naive/TCM,1.000000,-,-,-,-,-,-,-,-,-,-,-
5670,single,1.0e+00,1,1,9.5e-07,1.0e+00,1.0e-03,1.0e+00,1.0e-03,9.5e-01,global-TTPDTG,CSVttpdtGYTF,CSVTTPDTGYTF,TRBV29-1,TRBJ1-2,CALSDRRGGADGLTF,Donor AJKQ118:LP TCRab CD4 TRM,1.000000,-,-,-,-,-,-,-,-,-,-,-

5720,single,1.0e+00,1,1,9.5e-07,1.0e+00,1.0e-03,1.0e+00,1.0e-03,9.5e-01,global-SREQRALSNE,CATSReqralsNEQFF,CATSREQRALSNEQFF,TRBV15,TRBJ2-1,CAENMGDYKLSF,Donor AJKQ118:L TCRab CD4 TCM,1.000000,-,-,-,-,-,-,-,-,-,-,-
5720,single,1.0e+00,1,1,9.5e-07,1.0e+00,1.0e-03,1.0e+00,1.0e-03,9.5e-01,global-SREQRALSNE,CATSReqralsNEQFF,CATSREQRALSNEQFF,TRBV15,TRBJ2-1,CAVSEFGAGSYQLTF,Donor AJKQ118:PB TCRab CD4 Naive/TCM,1.000000,-,-,-,-,-,-,-,-,-,-,-

5727,single,1.0e+00,1,1,9.5e-07,1.0e+00,1.0e-03,1.0e+00,1.0e-03,9.5e-01,global-RATIGSSGNT,CSARatigsSGNTIYF,CSARATIGSSGNTIYF,TRBV20-1,TRBJ1-3,CAVNERGSARQLTF,Donor AJD3280:LP TCRab CD4 Mobile TRM,1.000000,-,-,-,-,-,-,-,-,-,-,-
5727,single,1.0e+00,1,1,9.5e-07,1.0e+00,1.0e-03,1.0e+00,1.0e-03,9.5e-01,global-RATIGSSGNT,CSARatigsSGNTIYF,CSARATIGSSGNTIYF,TRBV20-1,TRBJ1-3,CAVNERGSARQLTF,Donor AJD3280:LP TCRab CD4 TRM,1.000000,-,-,-,-,-,-,-,-,-,-,-

5734,single,1.0e+00,1,1,1.0e-07,1.0e+00,1.0e-03,1.1e-01,1.0e-03,9.5e-01,global-GGPSTDT,CASGgpSTDTQYF,CASGGPSTDTQYF,TRBV7-9,TRBJ2-3,CALLKRGDQAGTALIF,Donor AJKQ118:IEL TCRab CD4 TRM,2.000000,-,-,-,-,-,-,-,-,-,-,-
5734,single,1.0e+00,1,1,1.0e-07,1.0e+00,1.0e-03,1.1e-01,1.0e-03,9.5e-01,global-GGPSTDT,CASGgpSTDTQYF,CASGGPSTDTQYF,TRBV7-9,TRBJ2-3,CALLKRGDQAGTALIF,Donor AJKQ118:LP TCRab CD4 TRM,1.000000,-,-,-,-,-,-,-,-,-,-,-

5744,single,1.0e+00,1,1,9.5e-07,1.0e+00,1.0e-03,1.0e+00,1.0e-03,9.5e-01,global-SLGGAGTEET,CASSLggaGTeETQYF,CASSLGGAGTEETQYF,TRBV5-4,TRBJ2-5,CAVSEGGSQGNLIF,Donor AJKQ118:L TCRab CD4 TRM,1.000000,-,-,-,-,-,-,-,-,-,-,-
5744,single,1.0e+00,1,1,9.5e-07,1.0e+00,1.0e-03,1.0e+00,1.0e-03,9.5e-01,global-SLGGAGTEET,CASSLggaGTeETQYF,CASSLGGAGTEETQYF,TRBV5-4,TRBJ2-5,CAVSEGGSQGNLIF,Donor AJKQ118:LP TCRab CD4 TRM,1.000000,-,-,-,-,-,-,-,-,-,-,-

5750,single,1.0e+00,1,1,1.1e-07,1.0e+00,1.0e-03,1.2e-01,1.0e-03,9.5e-01,global-SPAGTGSYG,CASSPaGTGsYGYTF,CASSPAGTGSYGYTF,TRBV18,TRBJ1-2,CAERTSNTGKLIF,Donor AJD3280:IEL TCRab CD4 TRM,1.000000,-,-,-,-,-,-,-,-,-,-,-
5750,single,1.0e+00,1,1,1.1e-07,1.0e+00,1.0e-03,1.2e-01,1.0e-03,9.5e-01,global-SPAGTGSYG,CASSPaGTGsYGYTF,CASSPAGTGSYGYTF,TRBV18,TRBJ1-2,CAERTSNTGKLIF,Donor AJD3280:LP TCRab CD4 TRM,2.000000,-,-,-,-,-,-,-,-,-,-,-

5757,single,1.0e+00,1,1,9.5e-07,1.0e+00,1.0e-03,1.0e+00,1.0e-03,9.5e-01,global-HRMLTYE,CSthrmltYEQYF,CSTHRMLTYEQYF,TRBV20-1,TRBJ2-7,CAMSASGGSYIPTF,Donor AJG2309:PB TCRab CD4 FOXP3+ Treg,1.000000,-,-,-,-,-,-,-,-,-,-,-
5757,single,1.0e+00,1,1,9.5e-07,1.0e+00,1.0e-03,1.0e+00,1.0e-03,9.5e-01,global-HRMLTYE,CSthrmltYEQYF,CSTHRMLTYEQYF,TRBV20-1,TRBJ2-7,CAMSASGGSYIPTF,Donor AJG2309:PB TCRab CD4 Naive/TCM,1.000000,-,-,-,-,-,-,-,-,-,-,-

5787,single,1.0e+00,1,1,7.6e-08,1.0e+00,1.0e-03,8.0e-02,1.0e-03,9.5e-01,global-PTPSNTE,CSAptpsNTEAFF,CSAPTPSNTEAFF,TRBV20-1,TRBJ1-1,CAVIKYNNNDMRF,Donor AJKQ118:PB TCRab CD4 FOXP3+ Treg,2.000000,-,-,-,-,-,-,-,-,-,-,-
5787,single,1.0e+00,1,1,7.6e-08,1.0e+00,1.0e-03,8.0e-02,1.0e-03,9.5e-01,global-PTPSNTE,CSAptpsNTEAFF,CSAPTPSNTEAFF,TRBV20-1,TRBJ1-1,CAVSPLQGGKLIF,Donor AJKQ118:PB TCRab CD4 FOXP3+ Treg,1.000000,-,-,-,-,-,-,-,-,-,-,-

5788,single,1.0e+00,1,1,9.5e-07,1.0e+00,1.0e-03,1.0e+00,1.0e-03,9.5e-01,global-SILAGVSTDT,CASSILAGvSTDTQYF,CASSILAGVSTDTQYF,TRBV3-1,TRBJ2-3,CAVEDDYKLSF,Donor AJD3280:LP TCRab CD4 Mobile TRM,1.000000,-,-,-,-,-,-,-,-,-,-,-
5788,single,1.0e+00,1,1,9.5e-07,1.0e+00,1.0e-03,1.0e+00,1.0e-03,9.5e-01,global-SILAGVSTDT,CASSILAGvSTDTQYF,CASSILAGVSTDTQYF,TRBV3-1,TRBJ2-3,CAVEDDYKLSF,Donor AJD3280:LP TCRab CD4 TRM,1.000000,-,-,-,-,-,-,-,-,-,-,-

5805,single,1.0e+00,1,1,9.5e-07,1.0e+00,1.0e-03,1.0e+00,1.0e-03,9.5e-01,global-SIKGKGRANV,CASSIkgkGRANVLTF,CASSIKGKGRANVLTF,TRBV19,TRBJ2-6,CALYSGAGSYQLTF,Donor AJD3280:LP TCRab CD4 FOXP3+ Treg,1.000000,-,-,-,-,-,-,-,-,-,-,-
5805,single,1.0e+00,1,1,9.5e-07,1.0e+00,1.0e-03,1.0e+00,1.0e-03,9.5e-01,global-SIKGKGRANV,CASSIkgkGRANVLTF,CASSIKGKGRANVLTF,TRBV19,TRBJ2-6,CAFRMDTGRRALTF,Donor AJD3280:LP TCRab CD4 FOXP3+ Treg,1.000000,-,-,-,-,-,-,-,-,-,-,-

5835,single,1.0e+00,1,1,9.5e-07,1.0e+00,1.0e-03,1.0e+00,1.0e-03,9.5e-01,global-EAGSTE,CSVEAGsTEAFF,CSVEAGSTEAFF,TRBV29-1,TRBJ1-1,CAASTRATSGSARQLTF,Donor AJD3280:L TCRab CD4 TCM,1.000000,-,-,-,-,-,-,-,-,-,-,-
5835,single,1.0e+00,1,1,9.5e-07,1.0e+00,1.0e-03,1.0e+00,1.0e-03,9.5e-01,global-EAGSTE,CSVEAGsTEAFF,CSVEAGSTEAFF,TRBV29-1,TRBJ1-1,CAASTRATSGSARQLTF,Donor AJD3280:PB TCRab CD4 Naive/TCM,1.000000,-,-,-,-,-,-,-,-,-,-,-

5912,single,1.0e+00,1,1,9.5e-07,1.0e+00,1.0e-03,1.0e+00,1.0e-03,9.5e-01,global-SESFGTGE,CASSEsfgTGELFF,CASSESFGTGELFF,TRBV10-1,TRBJ2-2,CAVIGAFRGSQGNLIF,Donor AJKQ118:LP TCRab CD4 TRM,1.000000,-,-,-,-,-,-,-,-,-,-,-
5912,single,1.0e+00,1,1,9.5e-07,1.0e+00,1.0e-03,1.0e+00,1.0e-03,9.5e-01,global-SESFGTGE,CASSEsfgTGELFF,CASSESFGTGELFF,TRBV10-1,TRBJ2-2,CAVIGAFRGSQGNLIF,Donor AJKQ118:PB TCRab CD4 Naive/TCM,1.000000,-,-,-,-,-,-,-,-,-,-,-

5921,single,1.0e+00,1,1,3.4e-08,1.0e+00,1.0e-03,3.6e-02,1.0e-03,9.5e-01,global-SSQGQSAGANV,CASSSQGqsaGANVLTF,CASSSQGQSAGANVLTF,TRBV27,TRBJ2-6,CAASREGLTGGGNKLTF,Donor AJKQ118:IEL TCRab CD4 TRM,2.000000,-,-,-,-,-,-,-,-,-,-,-
5921,single,1.0e+00,1,1,3.4e-08,1.0e+00,1.0e-03,3.6e-02,1.0e-03,9.5e-01,global-SSQGQSAGANV,CASSSQGqsaGANVLTF,CASSSQGQSAGANVLTF,TRBV27,TRBJ2-6,CAASREGLTGGGNKLTF,Donor AJKQ118:L TCRab CD4 TRM,1.000000,-,-,-,-,-,-,-,-,-,-,-
5921,single,1.0e+00,1,1,3.4e-08,1.0e+00,1.0e-03,3.6e-02,1.0e-03,9.5e-01,global-SSQGQSAGANV,CASSSQGqsaGANVLTF,CASSSQGQSAGANVLTF,TRBV27,TRBJ2-6,CAASREGLTGGGNKLTF,Donor AJKQ118:LP TCRab CD4 TRM,4.000000,-,-,-,-,-,-,-,-,-,-,-
5921,single,1.0e+00,1,1,3.4e-08,1.0e+00,1.0e-03,3.6e-02,1.0e-03,9.5e-01,global-SSQGQSAGANV,CASSSQGqsaGANVLTF,CASSSQGQSAGANVLTF,TRBV27,TRBJ2-6,CAASREGLTGGGNKLTF,Donor AJKQ118:LP TCRab CD4 Tph,1.000000,-,-,-,-,-,-,-,-,-,-,-
5921,single,1.0e+00,1,1,3.4e-08,1.0e+00,1.0e-03,3.6e-02,1.0e-03,9.5e-01,global-SSQGQSAGANV,CASSSQGqsaGANVLTF,CASSSQGQSAGANVLTF,TRBV27,TRBJ2-6,CAASREGLTGGGNKLTF,Donor AJKQ118:PB TCRab CD4 FOXP3+ Treg,1.000000,-,-,-,-,-,-,-,-,-,-,-

5968,single,1.0e+00,1,1,9.5e-07,1.0e+00,1.0e-03,1.0e+00,1.0e-03,9.5e-01,global-SQSSGVSTDT,CASSQsSGvSTDTQYF,CASSQSSGVSTDTQYF,TRBV4-3,TRBJ2-3,CALRDEYGNKLVF,Donor AJD3280:IEL TCRab CD4 Mobile TRM,1.000000,-,-,-,-,-,-,-,-,-,-,-
5968,single,1.0e+00,1,1,9.5e-07,1.0e+00,1.0e-03,1.0e+00,1.0e-03,9.5e-01,global-SQSSGVSTDT,CASSQsSGvSTDTQYF,CASSQSSGVSTDTQYF,TRBV4-3,TRBJ2-3,CALRDEYGNKLVF,Donor AJD3280:IEL TCRab CD4 TRM,1.000000,-,-,-,-,-,-,-,-,-,-,-

5983,single,1.0e+00,1,1,9.5e-08,1.0e+00,1.0e-03,9.9e-02,1.0e-03,9.5e-01,global-SSGVGLAGDE,CASSSgvGLAGdEQYF,CASSSGVGLAGDEQYF,TRBV12-4,TRBJ2-7,CAGSPRMDSSYKLIF,Donor AJG2309:L TCRab CD4 TRM,1.000000,-,-,-,-,-,-,-,-,-,-,-
5983,single,1.0e+00,1,1,9.5e-08,1.0e+00,1.0e-03,9.9e-02,1.0e-03,9.5e-01,global-SSGVGLAGDE,CASSSgvGLAGdEQYF,CASSSGVGLAGDEQYF,TRBV12-4,TRBJ2-7,CAVLVGARLMF,Donor AJG2309:L TCRab CD4 TRM,2.000000,-,-,-,-,-,-,-,-,-,-,-

6114,single,1.0e+00,1,1,9.9e-08,1.0e+00,1.0e-03,1.0e-01,1.0e-03,9.5e-01,global-SLVAENTE,CASSLvaeNTEAFF,CASSLVAENTEAFF,TRBV11-3,TRBJ1-1,CAFMKGNARLMF,Donor AJD3280:IEL TCRab CD4 TRM,1.000000,-,-,-,-,-,-,-,-,-,-,-
6114,single,1.0e+00,1,1,9.9e-08,1.0e+00,1.0e-03,1.0e-01,1.0e-03,9.5e-01,global-SLVAENTE,CASSLvaeNTEAFF,CASSLVAENTEAFF,TRBV11-3,TRBJ1-1,CAFMKGNARLMF,Donor AJD3280:LP TCRab CD4 TRM,2.000000,-,-,-,-,-,-,-,-,-,-,-

6116,single,1.0e+00,1,1,4.0e-08,1.0e+00,1.0e-03,4.2e-02,1.0e-03,9.5e-01,global-RTGLDGNT,CASrTGldGNTIYF,CASRTGLDGNTIYF,TRBV6-1,TRBJ1-3,CVVTRSYNTDKLIF,Donor AJD3280:L TCRab CD4 TRM,2.000000,-,-,-,-,-,-,-,-,-,-,-
6116,single,1.0e+00,1,1,4.0e-08,1.0e+00,1.0e-03,4.2e-02,1.0e-03,9.5e-01,global-RTGLDGNT,CASrTGldGNTIYF,CASRTGLDGNTIYF,TRBV6-1,TRBJ1-3,CVVTRSYNTDKLIF,Donor AJD3280:LP TCRab CD4 TRM,2.000000,-,-,-,-,-,-,-,-,-,-,-

6120,single,1.0e+00,1,1,9.5e-07,1.0e+00,1.0e-03,1.0e+00,1.0e-03,9.5e-01,global-TGDRGYE,CASTgDRGYEQYF,CASTGDRGYEQYF,TRBV5-1,TRBJ2-7,CAMRVIRFGNEKLTF,Donor AJKQ118:IEL TCRab CD4 TRM,1.000000,-,-,-,-,-,-,-,-,-,-,-
6120,single,1.0e+00,1,1,9.5e-07,1.0e+00,1.0e-03,1.0e+00,1.0e-03,9.5e-01,global-TGDRGYE,CASTgDRGYEQYF,CASTGDRGYEQYF,TRBV5-1,TRBJ2-7,CAMRVIRFGNEKLTF,Donor AJKQ118:LP TCRab CD4 TRM,1.000000,-,-,-,-,-,-,-,-,-,-,-

6142,single,1.0e+00,1,1,9.5e-07,1.0e+00,1.0e-03,1.0e+00,1.0e-03,9.5e-01,global-SPFGEISYE,CASSPfgeiSYEQYF,CASSPFGEISYEQYF,TRBV6-2,TRBJ2-7,CLVGPETGANNLFF,Donor AJG2309:L TCRab CD4 TCM,1.000000,-,-,-,-,-,-,-,-,-,-,-
6142,single,1.0e+00,1,1,9.5e-07,1.0e+00,1.0e-03,1.0e+00,1.0e-03,9.5e-01,global-SPFGEISYE,CASSPfgeiSYEQYF,CASSPFGEISYEQYF,TRBV6-2,TRBJ2-7,CLVGPETGANNLFF,Donor AJG2309:PB TCRab CD4 FOXP3+ Treg,1.000000,-,-,-,-,-,-,-,-,-,-,-

6147,single,1.0e+00,1,1,4.6e-08,1.0e+00,1.0e-03,4.8e-02,1.0e-03,9.5e-01,global-GTTDSDT,CASGttdsDTQYF,CASGTTDSDTQYF,TRBV7-9,TRBJ2-3,CAVNRNDYKLSF,Donor AJKQ118:L TCRab CD4 TRM,3.000000,-,-,-,-,-,-,-,-,-,-,-
6147,single,1.0e+00,1,1,4.6e-08,1.0e+00,1.0e-03,4.8e-02,1.0e-03,9.5e-01,global-GTTDSDT,CASGttdsDTQYF,CASGTTDSDTQYF,TRBV7-9,TRBJ2-3,CAVNRNDYKLSF,Donor AJKQ118:LP TCRab CD4 TRM,1.000000,-,-,-,-,-,-,-,-,-,-,-

6237,single,1.0e+00,1,1,9.5e-07,1.0e+00,1.0e-03,1.0e+00,1.0e-03,9.5e-01,global-SVLRGEEK,CAWSvlRGeEKLFF,CAWSVLRGEEKLFF,TRBV30,TRBJ1-4,CAVGGGGQKLLF,Donor AJD3280:LP TCRab CD4 FOXP3+ Treg,1.000000,-,-,-,-,-,-,-,-,-,-,-
6237,single,1.0e+00,1,1,9.5e-07,1.0e+00,1.0e-03,1.0e+00,1.0e-03,9.5e-01,global-SVLRGEEK,CAWSvlRGeEKLFF,CAWSVLRGEEKLFF,TRBV30,TRBJ1-4,CAVRDPRTGRRALTF,Donor AJD3280:LP TCRab CD4 TRM,1.000000,-,-,-,-,-,-,-,-,-,-,-

6251,single,1.0e+00,1,1,9.5e-07,1.0e+00,1.0e-03,1.0e+00,1.0e-03,9.5e-01,global-SLARATGDKNI,CASSLaraTGdKNIQYF,CASSLARATGDKNIQYF,TRBV5-1,TRBJ2-4,CILRDVTHYGGSQGNLIF,Donor AJKQ118:L TCRab CD4 TRM,1.000000,-,-,-,-,-,-,-,-,-,-,-
6251,single,1.0e+00,1,1,9.5e-07,1.0e+00,1.0e-03,1.0e+00,1.0e-03,9.5e-01,global-SLARATGDKNI,CASSLaraTGdKNIQYF,CASSLARATGDKNIQYF,TRBV5-1,TRBJ2-4,CILRDVTHYGGSQGNLIF,Donor AJKQ118:LP TCRab CD4 TRM,1.000000,-,-,-,-,-,-,-,-,-,-,-

6266,single,1.0e+00,1,1,9.7e-08,1.0e+00,1.0e-03,1.0e-01,1.0e-03,9.5e-01,global-SPPSGQET,CASSPpSGQETQYF,CASSPPSGQETQYF,TRBV18,TRBJ2-5,CAVSDDKGAQKLVF,Donor AJD3280:IEL TCRab CD4 TRM,1.000000,-,-,-,-,-,-,-,-,-,-,-
6266,single,1.0e+00,1,1,9.7e-08,1.0e+00,1.0e-03,1.0e-01,1.0e-03,9.5e-01,global-SPPSGQET,CASSPpSGQETQYF,CASSPPSGQETQYF,TRBV18,TRBJ2-5,CAVSDDKGAQKLVF,Donor AJD3280:L TCRab CD4 TRM,2.000000,-,-,-,-,-,-,-,-,-,-,-

6298,single,1.0e+00,1,1,1.2e-07,1.0e+00,1.0e-03,1.2e-01,1.0e-03,9.5e-01,global-SLPRTDSGNT,CASSLprtdSGNTIYF,CASSLPRTDSGNTIYF,TRBV3-1,TRBJ1-3,CPAPGGYNKLIF,Donor AJKQ118:IEL TCRab CD4 TRM,1.000000,-,-,-,-,-,-,-,-,-,-,-
6298,single,1.0e+00,1,1,1.2e-07,1.0e+00,1.0e-03,1.2e-01,1.0e-03,9.5e-01,global-SLPRTDSGNT,CASSLprtdSGNTIYF,CASSLPRTDSGNTIYF,TRBV3-1,TRBJ1-3,CVVSDRRGTASKLTF,Donor AJKQ118:L TCRab CD4 TRM,2.000000,-,-,-,-,-,-,-,-,-,-,-

6307,single,1.0e+00,1,1,1.2e-07,1.0e+00,1.0e-03,1.3e-01,1.0e-03,9.5e-01,global-SVTSGGHSYE,CASSVTSGGhSYEQYF,CASSVTSGGHSYEQYF,TRBV5-1,TRBJ2-7,CAETRFSGGYNKLIF,Donor AJD3280:LP TCRab CD4 Poised TCM,1.000000,-,-,-,-,-,-,-,-,-,-,-
6307,single,1.0e+00,1,1,1.2e-07,1.0e+00,1.0e-03,1.3e-01,1.0e-03,9.5e-01,global-SVTSGGHSYE,CASSVTSGGhSYEQYF,CASSVTSGGHSYEQYF,TRBV5-1,TRBJ2-7,CALSEANTGNQFYF,Donor AJD3280:LP TCRab CD4 TRM,2.000000,-,-,-,-,-,-,-,-,-,-,-

6318,single,1.0e+00,1,1,9.5e-07,1.0e+00,1.0e-03,1.0e+00,1.0e-03,9.5e-01,global-SLEGQGGQP,CASSLeGQGgQPQHF,CASSLEGQGGQPQHF,TRBV5-1,TRBJ1-5,CAVKAQAGSARQLTF,Donor AJKQ118:IEL TCRab CD4 TRM,1.000000,-,-,-,-,-,-,-,-,-,-,-
6318,single,1.0e+00,1,1,9.5e-07,1.0e+00,1.0e-03,1.0e+00,1.0e-03,9.5e-01,global-SLEGQGGQP,CASSLeGQGgQPQHF,CASSLEGQGGQPQHF,TRBV5-1,TRBJ1-5,CAVKAQAGSARQLTF,Donor AJKQ118:LP TCRab CD4 Poised TCM,1.000000,-,-,-,-,-,-,-,-,-,-,-
6318,single,1.0e+00,1,1,9.5e-07,1.0e+00,1.0e-03,1.0e+00,1.0e-03,9.5e-01,global-SLEGQGGQP,CASSLeGQGgQPQHF,CASSLEGQGGQPQHF,TRBV5-1,TRBJ1-5,CAVKAQAGSARQLTF,Donor AJKQ118:LP TCRab CD4 TRM,1.000000,-,-,-,-,-,-,-,-,-,-,-

6344,single,1.0e+00,1,1,1.0e-07,1.0e+00,1.0e-03,1.1e-01,1.0e-03,9.5e-01,global-SVVYT,CASSVvyTQYF,CASSVVYTQYF,TRBV25-1,TRBJ2-3,CAVEGAQKLVF,Donor AJD3280:LP TCRab CD4 TRM,1.000000,-,-,-,-,-,-,-,-,-,-,-
6344,single,1.0e+00,1,1,1.0e-07,1.0e+00,1.0e-03,1.1e-01,1.0e-03,9.5e-01,global-SVVYT,CASSVvyTQYF,CASSVVYTQYF,TRBV25-1,TRBJ2-3,CALSGKNRDDKIIF,Donor AJD3280:LP TCRab CD4 TRM,2.000000,-,-,-,-,-,-,-,-,-,-,-

6363,single,1.0e+00,1,1,1.1e-07,1.0e+00,1.0e-03,1.2e-01,1.0e-03,9.5e-01,global-ANAGKYE,CSAanAGkYEQYF,CSAANAGKYEQYF,TRBV20-1,TRBJ2-7,CANKLVF,Donor AJKQ118:PB TCRab CD4 FOXP3+ Treg,2.000000,-,-,-,-,-,-,-,-,-,-,-
6363,single,1.0e+00,1,1,1.1e-07,1.0e+00,1.0e-03,1.2e-01,1.0e-03,9.5e-01,global-ANAGKYE,CSAanAGkYEQYF,CSAANAGKYEQYF,TRBV20-1,TRBJ2-7,CAVTRRQGAQKLVF,Donor AJKQ118:PB TCRab CD4 FOXP3+ Treg,1.000000,-,-,-,-,-,-,-,-,-,-,-

6424,single,1.0e+00,1,1,9.5e-07,1.0e+00,1.0e-03,1.0e+00,1.0e-03,9.5e-01,global-SFGQGARTG,CASSfGQGartGYTF,CASSFGQGARTGYTF,TRBV25-1,TRBJ1-2,CALLYSTLTF,Donor AJD3280:IEL TCRab CD4 FOXP3+ Treg,1.000000,-,-,-,-,-,-,-,-,-,-,-
6424,single,1.0e+00,1,1,9.5e-07,1.0e+00,1.0e-03,1.0e+00,1.0e-03,9.5e-01,global-SFGQGARTG,CASSfGQGartGYTF,CASSFGQGARTGYTF,TRBV25-1,TRBJ1-2,CALLYSTLTF,Donor AJD3280:LP TCRab CD4 FOXP3+ Treg,1.000000,-,-,-,-,-,-,-,-,-,-,-

6469,single,1.0e+00,1,1,6.0e-05,1.0e+00,6.3e-02,1.0e+00,1.0e-03,9.5e-01,global-SFAGGPGDT,CASSfAGGpgDTQYF,CASSFAGGPGDTQYF,TRBV7-8,TRBJ2-3,CAVISGGSNYKLTF,Donor AJD3280:L TCRab CD4 TRM,1.000000,-,-,-,-,-,-,-,-,-,-,-
6469,single,1.0e+00,1,1,6.0e-05,1.0e+00,6.3e-02,1.0e+00,1.0e-03,9.5e-01,global-SFAGGPGDT,CASSfAGGpgDTQYF,CASSFAGGPGDTQYF,TRBV25-1,TRBJ2-3,CAVILEGSARQLTF,Donor AJD3280:L TCRab CD4 TRM,1.000000,-,-,-,-,-,-,-,-,-,-,-

6476,single,1.0e+00,1,1,9.5e-07,1.0e+00,1.0e-03,1.0e+00,1.0e-03,9.5e-01,global-SRDRAQE,CASSRDRaqEQYF,CASSRDRAQEQYF,TRBV18,TRBJ2-7,CAESLDTGRRALTF,Donor AJKQ118:L TCRab CD4 Naive/TCM,1.000000,-,-,-,-,-,-,-,-,-,-,-
6476,single,1.0e+00,1,1,9.5e-07,1.0e+00,1.0e-03,1.0e+00,1.0e-03,9.5e-01,global-SRDRAQE,CASSRDRaqEQYF,CASSRDRAQEQYF,TRBV18,TRBJ2-7,CAESLDTGRRALTF,Donor AJKQ118:LP TCRab CD4 TRM,1.000000,-,-,-,-,-,-,-,-,-,-,-

6484,single,1.0e+00,1,1,9.5e-07,1.0e+00,1.0e-03,1.0e+00,1.0e-03,9.5e-01,global-SLVSSGRDT,CASSLvsSGRDTQYF,CASSLVSSGRDTQYF,TRBV7-2,TRBJ2-3,CAGQTYNAGNNRKLIW,Donor AJD3280:L TCRab CD4 TRM,1.000000,-,-,-,-,-,-,-,-,-,-,-
6484,single,1.0e+00,1,1,9.5e-07,1.0e+00,1.0e-03,1.0e+00,1.0e-03,9.5e-01,global-SLVSSGRDT,CASSLvsSGRDTQYF,CASSLVSSGRDTQYF,TRBV7-2,TRBJ2-3,CAGQTYNAGNNRKLIW,Donor AJD3280:LP TCRab CD4 TRM,1.000000,-,-,-,-,-,-,-,-,-,-,-

6526,single,1.0e+00,1,1,5.7e-05,1.0e+00,6.0e-02,1.0e+00,1.0e-03,9.5e-01,global-SFYTGE,CASSfyTGELFF,CASSFYTGELFF,TRBV5-6,TRBJ2-2,CAASTVRNQFYF,Donor AJD3280:PB TCRab CD4 Naive/TCM,1.000000,-,-,-,-,-,-,-,-,-,-,-
6526,single,1.0e+00,1,1,5.7e-05,1.0e+00,6.0e-02,1.0e+00,1.0e-03,9.5e-01,global-SFYTGE,CASSfyTGELFF,CASSFYTGELFF,TRBV7-9,TRBJ2-2,CAGAGGSNYKLTF,Donor AJD3280:PB TCRab CD4 Naive/TCM,1.000000,-,-,-,-,-,-,-,-,-,-,-

6535,single,1.0e+00,1,1,1.2e-07,1.0e+00,1.0e-03,1.2e-01,1.0e-03,9.5e-01,global-SLSRFDSP,CASSLsrfdSPLHF,CASSLSRFDSPLHF,TRBV5-6,TRBJ1-6,CVVTSGYSTLTF,Donor AJD3280:IEL TCRab CD4 TRM,1.000000,-,-,-,-,-,-,-,-,-,-,-
6535,single,1.0e+00,1,1,1.2e-07,1.0e+00,1.0e-03,1.2e-01,1.0e-03,9.5e-01,global-SLSRFDSP,CASSLsrfdSPLHF,CASSLSRFDSPLHF,TRBV5-6,TRBJ1-6,CVVTSGYSTLTF,Donor AJD3280:LP TCRab CD4 TRM,2.000000,-,-,-,-,-,-,-,-,-,-,-

6536,single,1.0e+00,1,1,9.5e-07,1.0e+00,1.0e-03,1.0e+00,1.0e-03,9.5e-01,global-SIYTE,CASSIyTEAFF,CASSIYTEAFF,TRBV19,TRBJ1-1,CAAGGDSGGSNYKLTF,Donor AJD3280:L TCRab CD4 TCM,1.000000,-,-,-,-,-,-,-,-,-,-,-
6536,single,1.0e+00,1,1,9.5e-07,1.0e+00,1.0e-03,1.0e+00,1.0e-03,9.5e-01,global-SIYTE,CASSIyTEAFF,CASSIYTEAFF,TRBV19,TRBJ1-1,CAAGGDSGGSNYKLTF,Donor AJD3280:LP TCRab CD4 TRM,1.000000,-,-,-,-,-,-,-,-,-,-,-

6614,single,1.0e+00,1,1,9.5e-07,1.0e+00,1.0e-03,1.0e+00,1.0e-03,9.5e-01,global-TSGQTYG,CASTSGqtYGYTF,CASTSGQTYGYTF,TRBV6-5,TRBJ1-2,CALGSAGNNRKLIW,Donor AJD3280:IEL TCRab CD4 TRM,1.000000,-,-,-,-,-,-,-,-,-,-,-
6614,single,1.0e+00,1,1,9.5e-07,1.0e+00,1.0e-03,1.0e+00,1.0e-03,9.5e-01,global-TSGQTYG,CASTSGqtYGYTF,CASTSGQTYGYTF,TRBV6-5,TRBJ1-2,CALGSAGNNRKLIW,Donor AJD3280:LP TCRab CD4 Tph,1.000000,-,-,-,-,-,-,-,-,-,-,-

6629,single,1.0e+00,1,1,8.6e-09,1.0e+00,1.0e-03,9.0e-03,1.0e-03,9.5e-01,global-TPPGGDE,CASTppGGdEQFF,CASTPPGGDEQFF,TRBV6-1,TRBJ2-1,CAASRDNYGQNFVF,Donor AJKQ118:L TCRab CD4 TRM,1.000000,-,-,-,-,-,-,-,-,-,-,-
6629,single,1.0e+00,1,1,8.6e-09,1.0e+00,1.0e-03,9.0e-03,1.0e-03,9.5e-01,global-TPPGGDE,CASTppGGdEQFF,CASTPPGGDEQFF,TRBV6-1,TRBJ2-1,CAASRDNYGQNFVF,Donor AJKQ118:LP TCRab CD4 TRM,6.000000,-,-,-,-,-,-,-,-,-,-,-
6629,single,1.0e+00,1,1,8.6e-09,1.0e+00,1.0e-03,9.0e-03,1.0e-03,9.5e-01,global-TPPGGDE,CASTppGGdEQFF,CASTPPGGDEQFF,TRBV6-1,TRBJ2-1,CAASRDNYGQNFVF,Donor AJKQ118:PB TCRab CD4 FOXP3+ Treg,1.000000,-,-,-,-,-,-,-,-,-,-,-
6629,single,1.0e+00,1,1,8.6e-09,1.0e+00,1.0e-03,9.0e-03,1.0e-03,9.5e-01,global-TPPGGDE,CASTppGGdEQFF,CASTPPGGDEQFF,TRBV6-1,TRBJ2-1,CAASRDNYGQNFVF,Donor AJKQ118:PB TCRab CD4 Naive/TCM,1.000000,-,-,-,-,-,-,-,-,-,-,-

6681,single,1.0e+00,1,1,4.8e-09,1.0e+00,1.0e-03,5.0e-03,1.0e-03,9.5e-01,global-PTLTNEK,CSAptlTNEKLFF,CSAPTLTNEKLFF,TRBV20-1,TRBJ1-4,CIVRAWAYGSSNTGKLIF,Donor AJKQ118:IEL TCRab CD4 TRM,2.000000,-,-,-,-,-,-,-,-,-,-,-
6681,single,1.0e+00,1,1,4.8e-09,1.0e+00,1.0e-03,5.0e-03,1.0e-03,9.5e-01,global-PTLTNEK,CSAptlTNEKLFF,CSAPTLTNEKLFF,TRBV20-1,TRBJ1-4,CIVRAWAYGSSNTGKLIF,Donor AJKQ118:LP TCRab CD4 TRM,5.000000,-,-,-,-,-,-,-,-,-,-,-

6693,single,1.0e+00,1,1,9.4e-08,1.0e+00,1.0e-03,9.8e-02,1.0e-03,9.5e-01,global-SKLAET,CASSKLAETQYF,CASSKLAETQYF,TRBV7-2,TRBJ2-3,CATTNTGGFKTIF,Donor AJD3280:IEL TCRab CD4 TRM,2.000000,-,-,-,-,-,-,-,-,-,-,-
6693,single,1.0e+00,1,1,9.4e-08,1.0e+00,1.0e-03,9.8e-02,1.0e-03,9.5e-01,global-SKLAET,CASSKLAETQYF,CASSKLAETQYF,TRBV7-2,TRBJ2-3,CATTNTGGFKTIF,Donor AJD3280:LP TCRab CD4 Tph,1.000000,-,-,-,-,-,-,-,-,-,-,-

6695,single,1.0e+00,1,1,9.5e-07,1.0e+00,1.0e-03,1.0e+00,1.0e-03,9.5e-01,global-SMVLRGATE,CASSmvlRGaTEAFF,CASSMVLRGATEAFF,TRBV7-8,TRBJ1-1,CAAHTGTASKLTF,Donor AJKQ118:L TCRab CD4 TRM,1.000000,-,-,-,-,-,-,-,-,-,-,-
6695,single,1.0e+00,1,1,9.5e-07,1.0e+00,1.0e-03,1.0e+00,1.0e-03,9.5e-01,global-SMVLRGATE,CASSmvlRGaTEAFF,CASSMVLRGATEAFF,TRBV7-8,TRBJ1-1,CAAHTGTASKLTF,Donor AJKQ118:LP TCRab CD4 TRM,1.000000,-,-,-,-,-,-,-,-,-,-,-

6717,single,1.0e+00,1,1,9.5e-07,1.0e+00,1.0e-03,1.0e+00,1.0e-03,9.5e-01,global-SPETHLTGE,CASSPethlTGELFF,CASSPETHLTGELFF,TRBV3-1,TRBJ2-2,CALDPRYNFNKFYF,Donor AJG2309:PB TCRab CD4 FOXP3+ Treg,1.000000,-,-,-,-,-,-,-,-,-,-,-
6717,single,1.0e+00,1,1,9.5e-07,1.0e+00,1.0e-03,1.0e+00,1.0e-03,9.5e-01,global-SPETHLTGE,CASSPethlTGELFF,CASSPETHLTGELFF,TRBV3-1,TRBJ2-2,CALDPRYNFNKFYF,Donor AJG2309:PB TCRab CD4 Naive/TCM,1.000000,-,-,-,-,-,-,-,-,-,-,-

6750,single,1.0e+00,1,1,9.5e-07,1.0e+00,1.0e-03,1.0e+00,1.0e-03,9.5e-01,global-SDADGEPWG,CATSDadgepwGYTF,CATSDADGEPWGYTF,TRBV24-1,TRBJ1-2,CAVRGNAGNMLTF,Donor AJG2309:LP TCRab CD4 TRM,1.000000,-,-,-,-,-,-,-,-,-,-,-
6750,single,1.0e+00,1,1,9.5e-07,1.0e+00,1.0e-03,1.0e+00,1.0e-03,9.5e-01,global-SDADGEPWG,CATSDadgepwGYTF,CATSDADGEPWGYTF,TRBV24-1,TRBJ1-2,CVVSAGWDSNYQLIW,Donor AJG2309:LP TCRab CD4 TRM,1.000000,-,-,-,-,-,-,-,-,-,-,-

6810,single,1.0e+00,1,1,9.5e-07,1.0e+00,1.0e-03,1.0e+00,1.0e-03,9.5e-01,global-SLPLRERET,CASSLplRErETQYF,CASSLPLRERETQYF,TRBV11-2,TRBJ2-5,CAVRLNNNARLMF,Donor AJKQ118:L TCRab CD4 TRM,1.000000,-,-,-,-,-,-,-,-,-,-,-
6810,single,1.0e+00,1,1,9.5e-07,1.0e+00,1.0e-03,1.0e+00,1.0e-03,9.5e-01,global-SLPLRERET,CASSLplRErETQYF,CASSLPLRERETQYF,TRBV11-2,TRBJ2-5,CAVRLNNNARLMF,Donor AJKQ118:LP TCRab CD4 TRM,1.000000,-,-,-,-,-,-,-,-,-,-,-

6813,single,1.0e+00,1,1,9.5e-07,1.0e+00,1.0e-03,1.0e+00,1.0e-03,9.5e-01,global-SSAASGGALDT,CASSSaaSGGalDTQYF,CASSSAASGGALDTQYF,TRBV5-1,TRBJ2-3,CAASTTRTGTASKLTF,Donor AJKQ118:IEL TCRab CD4 TRM,1.000000,-,-,-,-,-,-,-,-,-,-,-
6813,single,1.0e+00,1,1,9.5e-07,1.0e+00,1.0e-03,1.0e+00,1.0e-03,9.5e-01,global-SSAASGGALDT,CASSSaaSGGalDTQYF,CASSSAASGGALDTQYF,TRBV5-1,TRBJ2-3,CAASTTRTGTASKLTF,Donor AJKQ118:L TCRab CD4 TCM,1.000000,-,-,-,-,-,-,-,-,-,-,-

6838,single,1.0e+00,1,1,4.0e-08,1.0e+00,1.0e-03,4.2e-02,1.0e-03,9.5e-01,global-TELDRNYG,CASTelDRNYGYTF,CASTELDRNYGYTF,TRBV5-4,TRBJ1-2,CAASTGNQFYF,Donor AJD3280:IEL TCRab CD4 TRM,2.000000,-,-,-,-,-,-,-,-,-,-,-
6838,single,1.0e+00,1,1,4.0e-08,1.0e+00,1.0e-03,4.2e-02,1.0e-03,9.5e-01,global-TELDRNYG,CASTelDRNYGYTF,CASTELDRNYGYTF,TRBV5-4,TRBJ1-2,CAASTGNQFYF,Donor AJD3280:LP TCRab CD4 Tph,2.000000,-,-,-,-,-,-,-,-,-,-,-

6841,single,1.0e+00,1,1,9.5e-07,1.0e+00,1.0e-03,1.0e+00,1.0e-03,9.5e-01,global-GLLHG,CSVGLlhGYTF,CSVGLLHGYTF,TRBV29-1,TRBJ1-2,CAGPTGGGADGLTF,Donor AJD3280:IEL TCRab CD4 FOXP3+ Treg,1.000000,-,-,-,-,-,-,-,-,-,-,-
6841,single,1.0e+00,1,1,9.5e-07,1.0e+00,1.0e-03,1.0e+00,1.0e-03,9.5e-01,global-GLLHG,CSVGLlhGYTF,CSVGLLHGYTF,TRBV29-1,TRBJ1-2,CAGPTGGGADGLTF,Donor AJD3280:LP TCRab CD4 TRM,1.000000,-,-,-,-,-,-,-,-,-,-,-

6842,single,1.0e+00,1,1,9.5e-07,1.0e+00,1.0e-03,1.0e+00,1.0e-03,9.5e-01,global-SQQGEDG,CASSQQGedGYTF,CASSQQGEDGYTF,TRBV4-2,TRBJ1-2,CVVSGGVGTGRRALTF,Donor AJD3280:LP TCRab CD4 FOXP3+ Treg,1.000000,-,-,-,-,-,-,-,-,-,-,-
6842,single,1.0e+00,1,1,9.5e-07,1.0e+00,1.0e-03,1.0e+00,1.0e-03,9.5e-01,global-SQQGEDG,CASSQQGedGYTF,CASSQQGEDGYTF,TRBV4-2,TRBJ1-2,CVVSGGVGTGRRALTF,Donor AJD3280:PB TCRab CD4 FOXP3+ Treg,1.000000,-,-,-,-,-,-,-,-,-,-,-

6857,single,1.0e+00,1,1,9.5e-07,1.0e+00,1.0e-03,1.0e+00,1.0e-03,9.5e-01,global-TAHEGE,CASTahegEQYF,CASTAHEGEQYF,TRBV7-9,TRBJ2-7,CAYRSAFSGGSNYKLTF,Donor AJKQ118:PB TCRab CD4 FOXP3+ Treg,1.000000,-,-,-,-,-,-,-,-,-,-,-
6857,single,1.0e+00,1,1,9.5e-07,1.0e+00,1.0e-03,1.0e+00,1.0e-03,9.5e-01,global-TAHEGE,CASTahegEQYF,CASTAHEGEQYF,TRBV7-9,TRBJ2-7,CAYRSAFSGGSNYKLTF,Donor AJKQ118:PB TCRab CD4 Naive/TCM,1.000000,-,-,-,-,-,-,-,-,-,-,-

6903,single,1.0e+00,1,1,9.5e-07,1.0e+00,1.0e-03,1.0e+00,1.0e-03,9.5e-01,global-RQQGEGNT,CASrqQGeGNTIYF,CASRQQGEGNTIYF,TRBV10-2,TRBJ1-3,CARLTGGGNKLTF,Donor AJD3280:L TCRab CD4 TRM,1.000000,-,-,-,-,-,-,-,-,-,-,-
6903,single,1.0e+00,1,1,9.5e-07,1.0e+00,1.0e-03,1.0e+00,1.0e-03,9.5e-01,global-RQQGEGNT,CASrqQGeGNTIYF,CASRQQGEGNTIYF,TRBV10-2,TRBJ1-3,CARLTGGGNKLTF,Donor AJD3280:LP TCRab CD4 TRM,1.000000,-,-,-,-,-,-,-,-,-,-,-

6908,single,1.0e+00,1,1,9.5e-07,1.0e+00,1.0e-03,1.0e+00,1.0e-03,9.5e-01,global-SDLLGDE,CATSDLlgdEQFF,CATSDLLGDEQFF,TRBV24-1,TRBJ2-1,CVLFGGGSYIPTF,Donor AJG2309:LP TCRab CD4 FOXP3+ Treg,1.000000,-,-,-,-,-,-,-,-,-,-,-
6908,single,1.0e+00,1,1,9.5e-07,1.0e+00,1.0e-03,1.0e+00,1.0e-03,9.5e-01,global-SDLLGDE,CATSDLlgdEQFF,CATSDLLGDEQFF,TRBV24-1,TRBJ2-1,CVLFGGGSYIPTF,Donor AJG2309:LP TCRab CD4 Mobile TRM,1.000000,-,-,-,-,-,-,-,-,-,-,-
6908,single,1.0e+00,1,1,9.5e-07,1.0e+00,1.0e-03,1.0e+00,1.0e-03,9.5e-01,global-SDLLGDE,CATSDLlgdEQFF,CATSDLLGDEQFF,TRBV24-1,TRBJ2-1,CVLFGGGSYIPTF,Donor AJG2309:LP TCRab CD4 Tph,1.000000,-,-,-,-,-,-,-,-,-,-,-

6916,single,1.0e+00,1,1,9.5e-07,1.0e+00,1.0e-03,1.0e+00,1.0e-03,9.5e-01,global-YGTDT,CSVygTDTQYF,CSVYGTDTQYF,TRBV29-1,TRBJ2-3,CGADPPNYGQNFVF,Donor AJD3280:PB TCRab CD4 FOXP3+ Treg,1.000000,-,-,-,-,-,-,-,-,-,-,-
6916,single,1.0e+00,1,1,9.5e-07,1.0e+00,1.0e-03,1.0e+00,1.0e-03,9.5e-01,global-YGTDT,CSVygTDTQYF,CSVYGTDTQYF,TRBV29-1,TRBJ2-3,CGADPPNYGQNFVF,Donor AJD3280:PB TCRab CD4 Naive/TCM,1.000000,-,-,-,-,-,-,-,-,-,-,-

6930,single,1.0e+00,1,1,9.5e-07,1.0e+00,1.0e-03,1.0e+00,1.0e-03,9.5e-01,global-SPSPARGLSYE,CASSPspaRGlSYEQYF,CASSPSPARGLSYEQYF,TRBV6-2,TRBJ2-7,CAVSRGDGGFKTIF,Donor AJD3280:LP TCRab CD4 Mobile TRM,1.000000,-,-,-,-,-,-,-,-,-,-,-
6930,single,1.0e+00,1,1,9.5e-07,1.0e+00,1.0e-03,1.0e+00,1.0e-03,9.5e-01,global-SPSPARGLSYE,CASSPspaRGlSYEQYF,CASSPSPARGLSYEQYF,TRBV6-2,TRBJ2-7,CAVSRGDGGFKTIF,Donor AJD3280:LP TCRab CD4 TRM,1.000000,-,-,-,-,-,-,-,-,-,-,-

6970,single,1.0e+00,1,1,2.9e-09,1.0e+00,1.0e-03,3.0e-03,1.0e-03,9.5e-01,global-SVDGSNQP,CASSVdgSNQPQHF,CASSVDGSNQPQHF,TRBV9,TRBJ1-5,CAVRDPNMIKAAGNKLTF,Donor AJKQ118:L TCRab CD4 TCM,1.000000,-,-,-,-,-,-,-,-,-,-,-
6970,single,1.0e+00,1,1,2.9e-09,1.0e+00,1.0e-03,3.0e-03,1.0e-03,9.5e-01,global-SVDGSNQP,CASSVdgSNQPQHF,CASSVDGSNQPQHF,TRBV9,TRBJ1-5,CAVRDPNMIKAAGNKLTF,Donor AJKQ118:L TCRab CD4 TRM,4.000000,-,-,-,-,-,-,-,-,-,-,-
6970,single,1.0e+00,1,1,2.9e-09,1.0e+00,1.0e-03,3.0e-03,1.0e-03,9.5e-01,global-SVDGSNQP,CASSVdgSNQPQHF,CASSVDGSNQPQHF,TRBV9,TRBJ1-5,CALLAAGAGSYQLTF,Donor AJKQ118:L TCRab CD4 TRM,8.000000,-,-,-,-,-,-,-,-,-,-,-

6997,single,1.0e+00,1,1,1.9e-09,1.0e+00,1.0e-03,2.0e-03,1.0e-03,9.5e-01,global-SIGTGNSP,CASSIGTGNSPLHF,CASSIGTGNSPLHF,TRBV28,TRBJ1-6,CAVKGTGRRALTF,Donor AJKQ118:IEL TCRab CD4 TRM,1.000000,-,-,-,-,-,-,-,-,-,-,-
6997,single,1.0e+00,1,1,1.9e-09,1.0e+00,1.0e-03,2.0e-03,1.0e-03,9.5e-01,global-SIGTGNSP,CASSIGTGNSPLHF,CASSIGTGNSPLHF,TRBV28,TRBJ1-6,CAVKGTGRRALTF,Donor AJKQ118:L TCRab CD4 TRM,3.000000,-,-,-,-,-,-,-,-,-,-,-
6997,single,1.0e+00,1,1,1.9e-09,1.0e+00,1.0e-03,2.0e-03,1.0e-03,9.5e-01,global-SIGTGNSP,CASSIGTGNSPLHF,CASSIGTGNSPLHF,TRBV28,TRBJ1-6,CAVKGTGRRALTF,Donor AJKQ118:LP TCRab CD4 TRM,4.000000,-,-,-,-,-,-,-,-,-,-,-

7003,single,1.0e+00,1,1,9.5e-07,1.0e+00,1.0e-03,1.0e+00,1.0e-03,9.5e-01,global-TRLKGET,CASTrlkgETQYF,CASTRLKGETQYF,TRBV27,TRBJ2-5,CAVWPRVSFNKFYF,Donor AJD3280:LP TCRab CD4 TRM,1.000000,-,-,-,-,-,-,-,-,-,-,-
7003,single,1.0e+00,1,1,9.5e-07,1.0e+00,1.0e-03,1.0e+00,1.0e-03,9.5e-01,global-TRLKGET,CASTrlkgETQYF,CASTRLKGETQYF,TRBV27,TRBJ2-5,CAVSDAGGTSYGKLTF,Donor AJD3280:LP TCRab CD4 TRM,1.000000,-,-,-,-,-,-,-,-,-,-,-

7005,single,1.0e+00,1,1,9.5e-07,1.0e+00,1.0e-03,1.0e+00,1.0e-03,9.5e-01,global-AREQET,CASaREQETQYF,CASAREQETQYF,TRBV2,TRBJ2-5,CAVELSPSGNTGKLIF,Donor AJD3280:L TCRab CD4 TRM,1.000000,-,-,-,-,-,-,-,-,-,-,-
7005,single,1.0e+00,1,1,9.5e-07,1.0e+00,1.0e-03,1.0e+00,1.0e-03,9.5e-01,global-AREQET,CASaREQETQYF,CASAREQETQYF,TRBV2,TRBJ2-5,CALPQGAQKLVF,Donor AJD3280:L TCRab CD4 TRM,1.000000,-,-,-,-,-,-,-,-,-,-,-

7009,single,1.0e+00,1,1,9.5e-07,1.0e+00,1.0e-03,1.0e+00,1.0e-03,9.5e-01,global-SELAGGRFET,CASSELAGGrfETQYF,CASSELAGGRFETQYF,TRBV7-2,TRBJ2-5,CAMTPSQGYQKVTF,Donor AJD3280:LP TCRab CD4 Mobile TRM,1.000000,-,-,-,-,-,-,-,-,-,-,-
7009,single,1.0e+00,1,1,9.5e-07,1.0e+00,1.0e-03,1.0e+00,1.0e-03,9.5e-01,global-SELAGGRFET,CASSELAGGrfETQYF,CASSELAGGRFETQYF,TRBV7-2,TRBJ2-5,CAMTPSQGYQKVTF,Donor AJD3280:LP TCRab CD4 TRM,1.000000,-,-,-,-,-,-,-,-,-,-,-

7065,single,1.0e+00,1,1,3.8e-09,1.0e+00,1.0e-03,4.0e-03,1.0e-03,9.5e-01,global-SPLPKQGNE,CASSPlpkQGNEQFF,CASSPLPKQGNEQFF,TRBV3-1,TRBJ2-1,CAVLSNFGNEKLTF,Donor AJKQ118:L TCRab CD4 Naive/TCM,1.000000,-,-,-,-,-,-,-,-,-,-,-
7065,single,1.0e+00,1,1,3.8e-09,1.0e+00,1.0e-03,4.0e-03,1.0e-03,9.5e-01,global-SPLPKQGNE,CASSPlpkQGNEQFF,CASSPLPKQGNEQFF,TRBV3-1,TRBJ2-1,CAVLSNFGNEKLTF,Donor AJKQ118:L TCRab CD4 TRM,6.000000,-,-,-,-,-,-,-,-,-,-,-

7086,single,1.0e+00,1,1,9.5e-07,1.0e+00,1.0e-03,1.0e+00,1.0e-03,9.5e-01,global-SFKVDTE,CASSfkvdTEAFF,CASSFKVDTEAFF,TRBV19,TRBJ1-1,CALSGNTGGFKTIF,Donor AJD3280:IEL TCRab CD4 FOXP3+ Treg,1.000000,-,-,-,-,-,-,-,-,-,-,-
7086,single,1.0e+00,1,1,9.5e-07,1.0e+00,1.0e-03,1.0e+00,1.0e-03,9.5e-01,global-SFKVDTE,CASSfkvdTEAFF,CASSFKVDTEAFF,TRBV19,TRBJ1-1,CALSGNTGGFKTIF,Donor AJD3280:LP TCRab CD4 Poised TCM,1.000000,-,-,-,-,-,-,-,-,-,-,-

7101,single,1.0e+00,1,1,9.5e-07,1.0e+00,1.0e-03,1.0e+00,1.0e-03,9.5e-01,global-SQSSGLYE,CASSQsSGlYEQYF,CASSQSSGLYEQYF,TRBV16,TRBJ2-7,CAVVFSGGYNKLIF,Donor AJG2309:LP TCRab CD4 TRM,1.000000,-,-,-,-,-,-,-,-,-,-,-
7101,single,1.0e+00,1,1,9.5e-07,1.0e+00,1.0e-03,1.0e+00,1.0e-03,9.5e-01,global-SQSSGLYE,CASSQsSGlYEQYF,CASSQSSGLYEQYF,TRBV16,TRBJ2-7,CAVVNYGGATNKLIF,Donor AJG2309:LP TCRab CD4 TRM,1.000000,-,-,-,-,-,-,-,-,-,-,-

7114,single,1.0e+00,1,1,1.1e-07,1.0e+00,1.0e-03,1.2e-01,1.0e-03,9.5e-01,global-SLRGGVGDNE,CASSLRGgvgdNEQFF,CASSLRGGVGDNEQFF,TRBV7-2,TRBJ2-1,CAVRDPTGRRALTF,Donor AJG2309:L TCRab CD4 FOXP3+ Treg,1.000000,-,-,-,-,-,-,-,-,-,-,-
7114,single,1.0e+00,1,1,1.1e-07,1.0e+00,1.0e-03,1.2e-01,1.0e-03,9.5e-01,global-SLRGGVGDNE,CASSLRGgvgdNEQFF,CASSLRGGVGDNEQFF,TRBV7-2,TRBJ2-1,CAVRDPTGRRALTF,Donor AJG2309:PB TCRab CD4 FOXP3+ Treg,2.000000,-,-,-,-,-,-,-,-,-,-,-

7164,single,1.0e+00,1,1,9.5e-10,1.0e+00,1.0e-03,1.0e-03,1.0e-03,9.5e-01,global-SLGVGTSSDSP,CASSLgvGTSsdSPLHF,CASSLGVGTSSDSPLHF,TRBV5-1,TRBJ1-6,CAVTRMDSSYKLIF,Donor AJKQ118:L TCRab CD4 TCM,2.000000,-,-,-,-,-,-,-,-,-,-,-
7164,single,1.0e+00,1,1,9.5e-10,1.0e+00,1.0e-03,1.0e-03,1.0e-03,9.5e-01,global-SLGVGTSSDSP,CASSLgvGTSsdSPLHF,CASSLGVGTSSDSPLHF,TRBV5-1,TRBJ1-6,CAVTRMDSSYKLIF,Donor AJKQ118:L TCRab CD4 TRM,9.000000,-,-,-,-,-,-,-,-,-,-,-

7170,single,1.0e+00,1,1,9.5e-07,1.0e+00,1.0e-03,1.0e+00,1.0e-03,9.5e-01,global-SPDREIFTE,CAWSpdREifTEAFF,CAWSPDREIFTEAFF,TRBV30,TRBJ1-1,CAVNNSNYQLIW,Donor AJD3280:L TCRab CD4 TRM,1.000000,-,-,-,-,-,-,-,-,-,-,-
7170,single,1.0e+00,1,1,9.5e-07,1.0e+00,1.0e-03,1.0e+00,1.0e-03,9.5e-01,global-SPDREIFTE,CAWSpdREifTEAFF,CAWSPDREIFTEAFF,TRBV30,TRBJ1-1,CAVNNSNYQLIW,Donor AJD3280:LP TCRab CD4 TRM,1.000000,-,-,-,-,-,-,-,-,-,-,-

7217,single,1.0e+00,1,1,1.1e-08,1.0e+00,1.0e-03,1.2e-02,1.0e-03,9.5e-01,global-SQDQGQLNSP,CASSQdQGqlNSPLHF,CASSQDQGQLNSPLHF,TRBV4-1,TRBJ1-6,CALKPGGYQKVTF,Donor AJD3280:IEL TCRab CD4 FOXP3+ Treg,3.000000,-,-,-,-,-,-,-,-,-,-,-
7217,single,1.0e+00,1,1,1.1e-08,1.0e+00,1.0e-03,1.2e-02,1.0e-03,9.5e-01,global-SQDQGQLNSP,CASSQdQGqlNSPLHF,CASSQDQGQLNSPLHF,TRBV4-1,TRBJ1-6,CALKPGGYQKVTF,Donor AJD3280:LP TCRab CD4 FOXP3+ Treg,3.000000,-,-,-,-,-,-,-,-,-,-,-

7224,single,1.0e+00,1,1,9.5e-09,1.0e+00,1.0e-03,1.0e-02,1.0e-03,9.5e-01,global-RYHE,CASryhEQYF,CASRYHEQYF,TRBV2,TRBJ2-7,CALSEGETSYDKVIF,Donor AJKQ118:L TCRab CD4 TCM,2.000000,-,-,-,-,-,-,-,-,-,-,-
7224,single,1.0e+00,1,1,9.5e-09,1.0e+00,1.0e-03,1.0e-02,1.0e-03,9.5e-01,global-RYHE,CASryhEQYF,CASRYHEQYF,TRBV2,TRBJ2-7,CALSEGETSYDKVIF,Donor AJKQ118:L TCRab CD4 TRM,4.000000,-,-,-,-,-,-,-,-,-,-,-

7241,single,1.0e+00,1,1,9.5e-07,1.0e+00,1.0e-03,1.0e+00,1.0e-03,9.5e-01,global-SLTQGALSTDT,CASSLtQGalSTDTQYF,CASSLTQGALSTDTQYF,TRBV12-3,TRBJ2-3,CVVSDNDYKLSF,Donor AJKQ118:L TCRab CD4 Naive/TCM,1.000000,-,-,-,-,-,-,-,-,-,-,-
7241,single,1.0e+00,1,1,9.5e-07,1.0e+00,1.0e-03,1.0e+00,1.0e-03,9.5e-01,global-SLTQGALSTDT,CASSLtQGalSTDTQYF,CASSLTQGALSTDTQYF,TRBV12-3,TRBJ2-3,CVVSDNDYKLSF,Donor AJKQ118:L TCRab CD4 TRM,1.000000,-,-,-,-,-,-,-,-,-,-,-
7241,single,1.0e+00,1,1,9.5e-07,1.0e+00,1.0e-03,1.0e+00,1.0e-03,9.5e-01,global-SLTQGALSTDT,CASSLtQGalSTDTQYF,CASSLTQGALSTDTQYF,TRBV12-3,TRBJ2-3,CVVSDNDYKLSF,Donor AJKQ118:LP TCRab CD4 TRM,1.000000,-,-,-,-,-,-,-,-,-,-,-

7347,single,1.0e+00,1,1,9.5e-07,1.0e+00,1.0e-03,1.0e+00,1.0e-03,9.5e-01,global-GISGQAVDT,CASGiSGqavDTQYF,CASGISGQAVDTQYF,TRBV12-5,TRBJ2-3,CAVRDGAGSYQLTF,Donor AJD3280:IEL TCRab CD4 TRM,1.000000,-,-,-,-,-,-,-,-,-,-,-
7347,single,1.0e+00,1,1,9.5e-07,1.0e+00,1.0e-03,1.0e+00,1.0e-03,9.5e-01,global-GISGQAVDT,CASGiSGqavDTQYF,CASGISGQAVDTQYF,TRBV12-5,TRBJ2-3,CAVRDGAGSYQLTF,Donor AJD3280:LP TCRab CD4 TRM,1.000000,-,-,-,-,-,-,-,-,-,-,-

7387,single,1.0e+00,1,1,9.5e-07,1.0e+00,1.0e-03,1.0e+00,1.0e-03,9.5e-01,global-SPTEGSLET,CASSPtegslETQYF,CASSPTEGSLETQYF,TRBV7-2,TRBJ2-5,CAVSGNTPLVF,Donor AJD3280:L TCRab CD4 TRM,1.000000,-,-,-,-,-,-,-,-,-,-,-
7387,single,1.0e+00,1,1,9.5e-07,1.0e+00,1.0e-03,1.0e+00,1.0e-03,9.5e-01,global-SPTEGSLET,CASSPtegslETQYF,CASSPTEGSLETQYF,TRBV7-2,TRBJ2-5,CAVSGNTPLVF,Donor AJD3280:LP TCRab CD4 Mobile TRM,1.000000,-,-,-,-,-,-,-,-,-,-,-

7460,single,1.0e+00,1,1,9.5e-07,1.0e+00,1.0e-03,1.0e+00,1.0e-03,9.5e-01,global-SLERGWE,CASSLeRGwEQFF,CASSLERGWEQFF,TRBV5-4,TRBJ2-1,CAMSGNRGGADGLTF,Donor AJD3280:IEL TCRab CD4 TRM,1.000000,-,-,-,-,-,-,-,-,-,-,-
7460,single,1.0e+00,1,1,9.5e-07,1.0e+00,1.0e-03,1.0e+00,1.0e-03,9.5e-01,global-SLERGWE,CASSLeRGwEQFF,CASSLERGWEQFF,TRBV5-4,TRBJ2-1,CAMSGNRGGADGLTF,Donor AJD3280:L TCRab CD4 TRM,1.000000,-,-,-,-,-,-,-,-,-,-,-

7486,single,1.0e+00,1,1,2.8e-08,1.0e+00,1.0e-03,2.9e-02,1.0e-03,9.5e-01,global-QGASGIYNE,CSAqgaSGiYNEQFF,CSAQGASGIYNEQFF,TRBV20-1,TRBJ2-1,CAYSKTSYDKVIF,Donor AJG2309:LP TCRab CD4 Mobile TRM,1.000000,-,-,-,-,-,-,-,-,-,-,-
7486,single,1.0e+00,1,1,2.8e-08,1.0e+00,1.0e-03,2.9e-02,1.0e-03,9.5e-01,global-QGASGIYNE,CSAqgaSGiYNEQFF,CSAQGASGIYNEQFF,TRBV20-1,TRBJ2-1,CAYSKTSYDKVIF,Donor AJG2309:LP TCRab CD4 TRM,3.000000,-,-,-,-,-,-,-,-,-,-,-

7545,single,1.0e+00,1,1,1.7e-07,1.0e+00,1.0e-03,1.7e-01,1.0e-03,9.5e-01,global-CPGLLNTYNE,CAScpGLlntYNEQFF,CASCPGLLNTYNEQFF,TRBV6-2,TRBJ2-1,CALRLGDQKLVF,Donor AJD3280:IEL TCRab CD4 TRM,2.000000,-,-,-,-,-,-,-,-,-,-,-
7545,single,1.0e+00,1,1,1.7e-07,1.0e+00,1.0e-03,1.7e-01,1.0e-03,9.5e-01,global-CPGLLNTYNE,CAScpGLlntYNEQFF,CASCPGLLNTYNEQFF,TRBV6-2,TRBJ2-1,CALRLGDQKLVF,Donor AJD3280:LP TCRab CD4 Tph,1.000000,-,-,-,-,-,-,-,-,-,-,-
7545,single,1.0e+00,1,1,1.7e-07,1.0e+00,1.0e-03,1.7e-01,1.0e-03,9.5e-01,global-CPGLLNTYNE,CAScpGLlntYNEQFF,CASCPGLLNTYNEQFF,TRBV6-2,TRBJ2-1,CALRLGDQKLVF,Donor AJD3280:PB TCRab CD4 FOXP3+ Treg,1.000000,-,-,-,-,-,-,-,-,-,-,-

7547,single,1.0e+00,1,1,9.5e-07,1.0e+00,1.0e-03,1.0e+00,1.0e-03,9.5e-01,global-SFLGGPDTGE,CASSflGGpdTGELFF,CASSFLGGPDTGELFF,TRBV5-1,TRBJ2-2,CAVGGTGANNLFF,Donor AJD3280:IEL TCRab CD4 TRM,1.000000,-,-,-,-,-,-,-,-,-,-,-
7547,single,1.0e+00,1,1,9.5e-07,1.0e+00,1.0e-03,1.0e+00,1.0e-03,9.5e-01,global-SFLGGPDTGE,CASSflGGpdTGELFF,CASSFLGGPDTGELFF,TRBV5-1,TRBJ2-2,CAVGGTGANNLFF,Donor AJD3280:LP TCRab CD4 TRM,1.000000,-,-,-,-,-,-,-,-,-,-,-

7597,single,1.0e+00,1,1,9.5e-07,1.0e+00,1.0e-03,1.0e+00,1.0e-03,9.5e-01,global-SRDRNQAIARNTE,CASSRDRnqaiarNTEAFF,CASSRDRNQAIARNTEAFF,TRBV4-1,TRBJ1-1,CALSEQGAQKLVF,Donor AJD3280:IEL TCRab CD4 FOXP3+ Treg,1.000000,-,-,-,-,-,-,-,-,-,-,-
7597,single,1.0e+00,1,1,9.5e-07,1.0e+00,1.0e-03,1.0e+00,1.0e-03,9.5e-01,global-SRDRNQAIARNTE,CASSRDRnqaiarNTEAFF,CASSRDRNQAIARNTEAFF,TRBV4-1,TRBJ1-1,CALSEQGAQKLVF,Donor AJD3280:LP TCRab CD4 FOXP3+ Treg,1.000000,-,-,-,-,-,-,-,-,-,-,-

7624,single,1.0e+00,1,1,9.5e-07,1.0e+00,1.0e-03,1.0e+00,1.0e-03,9.5e-01,global-NPGTADYNE,CASnpGTadYNEQFF,CASNPGTADYNEQFF,TRBV5-1,TRBJ2-1,CAVVDSNYQLIW,Donor AJKQ118:IEL TCRab CD4 TRM,1.000000,-,-,-,-,-,-,-,-,-,-,-
7624,single,1.0e+00,1,1,9.5e-07,1.0e+00,1.0e-03,1.0e+00,1.0e-03,9.5e-01,global-NPGTADYNE,CASnpGTadYNEQFF,CASNPGTADYNEQFF,TRBV5-1,TRBJ2-1,CAVVDSNYQLIW,Donor AJKQ118:LP TCRab CD4 TRM,1.000000,-,-,-,-,-,-,-,-,-,-,-

7628,single,1.0e+00,1,1,9.5e-07,1.0e+00,1.0e-03,1.0e+00,1.0e-03,9.5e-01,global-SPGSSALVE,CASSPgssalvEQYF,CASSPGSSALVEQYF,TRBV5-6,TRBJ2-7,CAESPRRSSASKIIF,Donor AJD3280:IEL TCRab CD4 Mobile TRM,1.000000,-,-,-,-,-,-,-,-,-,-,-
7628,single,1.0e+00,1,1,9.5e-07,1.0e+00,1.0e-03,1.0e+00,1.0e-03,9.5e-01,global-SPGSSALVE,CASSPgssalvEQYF,CASSPGSSALVEQYF,TRBV5-6,TRBJ2-7,CAESPRRSSASKIIF,Donor AJD3280:L TCRab CD4 FOXP3+ Treg,1.000000,-,-,-,-,-,-,-,-,-,-,-

7660,single,1.0e+00,2,1,9.5e-07,1.0e+00,1.0e-03,1.0e+00,1.0e-03,9.5e-01,global-SSRDRGNSP,CASSSrDRGNSPLHF,CASSSRDRGNSPLHF,TRBV7-2,TRBJ1-6,CAESYRNTDKLIF,Donor AJG2309:PB TCRab CD4 Naive/TCM,1.000000,-,-,-,-,-,-,-,-,-,-,-
7660,single,1.0e+00,2,1,9.5e-07,1.0e+00,1.0e-03,1.0e+00,1.0e-03,9.5e-01,global-SSRDRGNSP,CASSSrDRGNSPLHF,CASSSRDRGNSPLHF,TRBV7-2,TRBJ1-6,CIVRVATILSGTASKLTF,Donor AJKQ118:PB TCRab CD4 Naive/TCM,1.000000,-,-,-,-,-,-,-,-,-,-,-

7662,single,1.0e+00,1,1,9.5e-07,1.0e+00,1.0e-03,1.0e+00,1.0e-03,9.5e-01,global-EPASGDLAGADT,CSVEpasgdLAGaDTQYF,CSVEPASGDLAGADTQYF,TRBV29-1,TRBJ2-3,CAFMADFGNEKLTF,Donor AJD3280:IEL TCRab CD4 TRM,1.000000,-,-,-,-,-,-,-,-,-,-,-
7662,single,1.0e+00,1,1,9.5e-07,1.0e+00,1.0e-03,1.0e+00,1.0e-03,9.5e-01,global-EPASGDLAGADT,CSVEpasgdLAGaDTQYF,CSVEPASGDLAGADTQYF,TRBV29-1,TRBJ2-3,CAFMADFGNEKLTF,Donor AJD3280:LP TCRab CD4 TRM,1.000000,-,-,-,-,-,-,-,-,-,-,-
7662,single,1.0e+00,1,1,9.5e-07,1.0e+00,1.0e-03,1.0e+00,1.0e-03,9.5e-01,global-EPASGDLAGADT,CSVEpasgdLAGaDTQYF,CSVEPASGDLAGADTQYF,TRBV29-1,TRBJ2-3,CAFMADFGNEKLTF,Donor AJD3280:PB TCRab CD4 Naive/TCM,1.000000,-,-,-,-,-,-,-,-,-,-,-

7741,single,1.0e+00,1,1,9.5e-07,1.0e+00,1.0e-03,1.0e+00,1.0e-03,9.5e-01,global-SYYGTSNTGE,CASSYyGTSNTGELFF,CASSYYGTSNTGELFF,TRBV27,TRBJ2-2,CAGPNSGGSNYKLTF,Donor AJD3280:L TCRab CD4 TCM,1.000000,-,-,-,-,-,-,-,-,-,-,-
7741,single,1.0e+00,1,1,9.5e-07,1.0e+00,1.0e-03,1.0e+00,1.0e-03,9.5e-01,global-SYYGTSNTGE,CASSYyGTSNTGELFF,CASSYYGTSNTGELFF,TRBV27,TRBJ2-2,CAGPNSGGSNYKLTF,Donor AJD3280:L TCRab CD4 TRM,1.000000,-,-,-,-,-,-,-,-,-,-,-

7785,single,1.0e+00,1,1,9.5e-07,1.0e+00,1.0e-03,1.0e+00,1.0e-03,9.5e-01,global-GLGLTTEET,CASGLGLtteETQYF,CASGLGLTTEETQYF,TRBV12-5,TRBJ2-5,CAVYGQNFVF,Donor AJG2309:LP TCRab CD4 TRM,1.000000,-,-,-,-,-,-,-,-,-,-,-
7785,single,1.0e+00,1,1,9.5e-07,1.0e+00,1.0e-03,1.0e+00,1.0e-03,9.5e-01,global-GLGLTTEET,CASGLGLtteETQYF,CASGLGLTTEETQYF,TRBV12-5,TRBJ2-5,CAETGSGYALNF,Donor AJG2309:LP TCRab CD4 TRM,1.000000,-,-,-,-,-,-,-,-,-,-,-

7800,single,1.0e+00,1,1,9.5e-07,1.0e+00,1.0e-03,1.0e+00,1.0e-03,9.5e-01,global-SLAFPPGT,CASSLafppgTQYF,CASSLAFPPGTQYF,TRBV7-7,TRBJ2-5,CASDSGGGADGLTF,Donor AJD3280:LP TCRab CD4 TRM,1.000000,-,-,-,-,-,-,-,-,-,-,-
7800,single,1.0e+00,1,1,9.5e-07,1.0e+00,1.0e-03,1.0e+00,1.0e-03,9.5e-01,global-SLAFPPGT,CASSLafppgTQYF,CASSLAFPPGTQYF,TRBV7-7,TRBJ2-5,CASDSGGGADGLTF,Donor AJD3280:PB TCRab CD4 Naive/TCM,1.000000,-,-,-,-,-,-,-,-,-,-,-

7801,single,1.0e+00,1,1,9.5e-07,1.0e+00,1.0e-03,1.0e+00,1.0e-03,9.5e-01,global-SSQDSQGET,CASSSqdsQGETQYF,CASSSQDSQGETQYF,TRBV7-6,TRBJ2-5,CAVSKTDKLIF,Donor AJD3280:IEL TCRab CD4 TRM,1.000000,-,-,-,-,-,-,-,-,-,-,-
7801,single,1.0e+00,1,1,9.5e-07,1.0e+00,1.0e-03,1.0e+00,1.0e-03,9.5e-01,global-SSQDSQGET,CASSSqdsQGETQYF,CASSSQDSQGETQYF,TRBV7-6,TRBJ2-5,CAVSKTDKLIF,Donor AJD3280:LP TCRab CD4 TRM,1.000000,-,-,-,-,-,-,-,-,-,-,-

7868,single,1.0e+00,1,1,9.5e-07,1.0e+00,1.0e-03,1.0e+00,1.0e-03,9.5e-01,global-SLAGAIDE,CASSLAGaidEQFF,CASSLAGAIDEQFF,TRBV28,TRBJ2-1,CAVRPNGQKLLF,Donor AJKQ118:L TCRab CD4 Naive/TCM,1.000000,-,-,-,-,-,-,-,-,-,-,-
7868,single,1.0e+00,1,1,9.5e-07,1.0e+00,1.0e-03,1.0e+00,1.0e-03,9.5e-01,global-SLAGAIDE,CASSLAGaidEQFF,CASSLAGAIDEQFF,TRBV28,TRBJ2-1,CAVRPNGQKLLF,Donor AJKQ118:L TCRab CD4 TRM,1.000000,-,-,-,-,-,-,-,-,-,-,-
7868,single,1.0e+00,1,1,9.5e-07,1.0e+00,1.0e-03,1.0e+00,1.0e-03,9.5e-01,global-SLAGAIDE,CASSLAGaidEQFF,CASSLAGAIDEQFF,TRBV28,TRBJ2-1,CAASAKQGAQKLVF,Donor AJKQ118:L TCRab CD4 TRM,1.000000,-,-,-,-,-,-,-,-,-,-,-

7941,single,1.0e+00,1,1,9.5e-07,1.0e+00,1.0e-03,1.0e+00,1.0e-03,9.5e-01,global-RRAGANV,CASrraGANVLTF,CASRRAGANVLTF,TRBV14,TRBJ2-6,CAASGETGGFKTIF,Donor AJKQ118:L TCRab CD4 Naive/TCM,1.000000,-,-,-,-,-,-,-,-,-,-,-
7941,single,1.0e+00,1,1,9.5e-07,1.0e+00,1.0e-03,1.0e+00,1.0e-03,9.5e-01,global-RRAGANV,CASrraGANVLTF,CASRRAGANVLTF,TRBV14,TRBJ2-6,CAASGETGGFKTIF,Donor AJKQ118:L TCRab CD4 TRM,1.000000,-,-,-,-,-,-,-,-,-,-,-

7951,single,1.0e+00,1,1,9.5e-07,1.0e+00,1.0e-03,1.0e+00,1.0e-03,9.5e-01,global-SPNSGE,CASSPnsGELFF,CASSPNSGELFF,TRBV3-1,TRBJ2-2,CAASSYGARLMF,Donor AJKQ118:IEL TCRab CD4 TRM,1.000000,-,-,-,-,-,-,-,-,-,-,-
7951,single,1.0e+00,1,1,9.5e-07,1.0e+00,1.0e-03,1.0e+00,1.0e-03,9.5e-01,global-SPNSGE,CASSPnsGELFF,CASSPNSGELFF,TRBV3-1,TRBJ2-2,CAASSYGARLMF,Donor AJKQ118:LP TCRab CD4 TRM,1.000000,-,-,-,-,-,-,-,-,-,-,-

7954,single,1.0e+00,1,1,9.5e-10,1.0e+00,1.0e-03,1.0e-03,1.0e-03,9.5e-01,global-SDSGQSNQP,CAISdSGqSNQPQHF,CAISDSGQSNQPQHF,TRBV10-3,TRBJ1-5,CALSDPSGGSYIPTF,Donor AJD3280:IEL TCRab CD4 TRM,7.000000,-,-,-,-,-,-,-,-,-,-,-
7954,single,1.0e+00,1,1,9.5e-10,1.0e+00,1.0e-03,1.0e-03,1.0e-03,9.5e-01,global-SDSGQSNQP,CAISdSGqSNQPQHF,CAISDSGQSNQPQHF,TRBV10-3,TRBJ1-5,CALSDPSGGSYIPTF,Donor AJD3280:LP TCRab CD4 Tph,6.000000,-,-,-,-,-,-,-,-,-,-,-

7964,single,1.0e+00,1,1,2.1e-07,1.0e+00,1.0e-03,2.2e-01,1.0e-03,9.5e-01,global-SLNTGGQET,CASSLnTGGQETQYF,CASSLNTGGQETQYF,TRBV5-1,TRBJ2-5,CATESYNTDKLIF,Donor AJG2309:L TCRab CD4 TCM,1.000000,-,-,-,-,-,-,-,-,-,-,-
7964,single,1.0e+00,1,1,2.1e-07,1.0e+00,1.0e-03,2.2e-01,1.0e-03,9.5e-01,global-SLNTGGQET,CASSLnTGGQETQYF,CASSLNTGGQETQYF,TRBV5-1,TRBJ2-5,CATESYNTDKLIF,Donor AJG2309:L TCRab CD4 TRM,2.000000,-,-,-,-,-,-,-,-,-,-,-
7964,single,1.0e+00,1,1,2.1e-07,1.0e+00,1.0e-03,2.2e-01,1.0e-03,9.5e-01,global-SLNTGGQET,CASSLnTGGQETQYF,CASSLNTGGQETQYF,TRBV5-1,TRBJ2-5,CAENTGFQKLVF,Donor AJG2309:PB TCRab CD4 FOXP3+ Treg,1.000000,-,-,-,-,-,-,-,-,-,-,-
7964,single,1.0e+00,1,1,2.1e-07,1.0e+00,1.0e-03,2.2e-01,1.0e-03,9.5e-01,global-SLNTGGQET,CASSLnTGGQETQYF,CASSLNTGGQETQYF,TRBV5-1,TRBJ2-5,CATESYNTDKLIF,Donor AJG2309:PB TCRab CD4 Naive/TCM,1.000000,-,-,-,-,-,-,-,-,-,-,-

7975,single,1.0e+00,1,1,5.4e-08,1.0e+00,1.0e-03,5.7e-02,1.0e-03,9.5e-01,global-LPVSNTGE,CSVlpvsNTGELFF,CSVLPVSNTGELFF,TRBV29-1,TRBJ2-2,CAVTWGGGGADGLTF,Donor AJG2309:L TCRab CD4 TCM,1.000000,-,-,-,-,-,-,-,-,-,-,-
7975,single,1.0e+00,1,1,5.4e-08,1.0e+00,1.0e-03,5.7e-02,1.0e-03,9.5e-01,global-LPVSNTGE,CSVlpvsNTGELFF,CSVLPVSNTGELFF,TRBV29-1,TRBJ2-2,CAVTWGGGGADGLTF,Donor AJG2309:L TCRab CD4 TRM,3.000000,-,-,-,-,-,-,-,-,-,-,-
7975,single,1.0e+00,1,1,5.4e-08,1.0e+00,1.0e-03,5.7e-02,1.0e-03,9.5e-01,global-LPVSNTGE,CSVlpvsNTGELFF,CSVLPVSNTGELFF,TRBV29-1,TRBJ2-2,CAPLPAGNMLTF,Donor AJG2309:PB TCRab CD4 FOXP3+ Treg,1.000000,-,-,-,-,-,-,-,-,-,-,-

7988,single,1.0e+00,1,1,9.5e-07,1.0e+00,1.0e-03,1.0e+00,1.0e-03,9.5e-01,global-SDSLGGRET,CASSDslgGRETQYF,CASSDSLGGRETQYF,TRBV25-1,TRBJ2-5,CAVNAGGTSYGKLTF,Donor AJD3280:IEL TCRab CD4 TRM,1.000000,-,-,-,-,-,-,-,-,-,-,-
7988,single,1.0e+00,1,1,9.5e-07,1.0e+00,1.0e-03,1.0e+00,1.0e-03,9.5e-01,global-SDSLGGRET,CASSDslgGRETQYF,CASSDSLGGRETQYF,TRBV25-1,TRBJ2-5,CAVNAGGTSYGKLTF,Donor AJD3280:LP TCRab CD4 Naive/TCM,1.000000,-,-,-,-,-,-,-,-,-,-,-

8021,single,1.0e+00,1,1,9.5e-07,1.0e+00,1.0e-03,1.0e+00,1.0e-03,9.5e-01,global-SQELGTGVIGET,CASSQelGTGvigETQYF,CASSQELGTGVIGETQYF,TRBV4-2,TRBJ2-5,CVVRSGSSNTGKLIF,Donor AJD3280:IEL TCRab CD4 TRM,1.000000,-,-,-,-,-,-,-,-,-,-,-
8021,single,1.0e+00,1,1,9.5e-07,1.0e+00,1.0e-03,1.0e+00,1.0e-03,9.5e-01,global-SQELGTGVIGET,CASSQelGTGvigETQYF,CASSQELGTGVIGETQYF,TRBV4-2,TRBJ2-5,CVVRSGSSNTGKLIF,Donor AJD3280:LP TCRab CD4 TRM,1.000000,-,-,-,-,-,-,-,-,-,-,-

8035,single,1.0e+00,1,1,3.2e-08,1.0e+00,1.0e-03,3.3e-02,1.0e-03,9.5e-01,global-SRALAGGLSGANV,CASSRaLAGGlSGANVLTF,CASSRALAGGLSGANVLTF,TRBV4-3,TRBJ2-6,CAVKREYGNKLVF,Donor AJD3280:L TCRab CD4 TRM,2.000000,-,-,-,-,-,-,-,-,-,-,-
8035,single,1.0e+00,1,1,3.2e-08,1.0e+00,1.0e-03,3.3e-02,1.0e-03,9.5e-01,global-SRALAGGLSGANV,CASSRaLAGGlSGANVLTF,CASSRALAGGLSGANVLTF,TRBV4-3,TRBJ2-6,CAVKREYGNKLVF,Donor AJD3280:LP TCRab CD4 TRM,2.000000,-,-,-,-,-,-,-,-,-,-,-

8036,single,1.0e+00,1,1,9.5e-07,1.0e+00,1.0e-03,1.0e+00,1.0e-03,9.5e-01,global-SDRGTQGILNTGE,CASSDRGtqgilNTGELFF,CASSDRGTQGILNTGELFF,TRBV4-1,TRBJ2-2,CAMSEEGFNKFYF,Donor AJD3280:L TCRab CD4 TCM,1.000000,-,-,-,-,-,-,-,-,-,-,-
8036,single,1.0e+00,1,1,9.5e-07,1.0e+00,1.0e-03,1.0e+00,1.0e-03,9.5e-01,global-SDRGTQGILNTGE,CASSDRGtqgilNTGELFF,CASSDRGTQGILNTGELFF,TRBV4-1,TRBJ2-2,CAMSEEGFNKFYF,Donor AJD3280:PB TCRab CD4 Naive/TCM,1.000000,-,-,-,-,-,-,-,-,-,-,-

8047,single,1.0e+00,1,1,9.5e-07,1.0e+00,1.0e-03,1.0e+00,1.0e-03,9.5e-01,global-KFNLE,CASkfnlEAFF,CASKFNLEAFF,TRBV6-5,TRBJ1-1,CAVEDSGGSNYKLTF,Donor AJKQ118:L TCRab CD4 TRM,1.000000,-,-,-,-,-,-,-,-,-,-,-
8047,single,1.0e+00,1,1,9.5e-07,1.0e+00,1.0e-03,1.0e+00,1.0e-03,9.5e-01,global-KFNLE,CASkfnlEAFF,CASKFNLEAFF,TRBV6-5,TRBJ1-1,CAVEDSGGSNYKLTF,Donor AJKQ118:PB TCRab CD4 Naive/TCM,1.000000,-,-,-,-,-,-,-,-,-,-,-

8054,single,1.0e+00,1,1,9.5e-07,1.0e+00,1.0e-03,1.0e+00,1.0e-03,9.5e-01,global-SDREPGGNT,CASSDREpgGNTIYF,CASSDREPGGNTIYF,TRBV6-1,TRBJ1-3,CAPMDSNYQLIW,Donor AJD3280:L TCRab CD4 TRM,1.000000,-,-,-,-,-,-,-,-,-,-,-
8054,single,1.0e+00,1,1,9.5e-07,1.0e+00,1.0e-03,1.0e+00,1.0e-03,9.5e-01,global-SDREPGGNT,CASSDREpgGNTIYF,CASSDREPGGNTIYF,TRBV6-1,TRBJ1-3,CAPMDSNYQLIW,Donor AJD3280:LP TCRab CD4 TRM,1.000000,-,-,-,-,-,-,-,-,-,-,-

8055,single,1.0e+00,1,1,4.6e-08,1.0e+00,1.0e-03,4.8e-02,1.0e-03,9.5e-01,global-SKSTGGRSSYE,CASSKsTGGrsSYEQYF,CASSKSTGGRSSYEQYF,TRBV19,TRBJ2-7,CAETFGNQFYF,Donor AJD3280:IEL TCRab CD4 TRM,1.000000,-,-,-,-,-,-,-,-,-,-,-
8055,single,1.0e+00,1,1,4.6e-08,1.0e+00,1.0e-03,4.8e-02,1.0e-03,9.5e-01,global-SKSTGGRSSYE,CASSKsTGGrsSYEQYF,CASSKSTGGRSSYEQYF,TRBV19,TRBJ2-7,CAETFGNQFYF,Donor AJD3280:L TCRab CD4 TRM,2.000000,-,-,-,-,-,-,-,-,-,-,-
8055,single,1.0e+00,1,1,4.6e-08,1.0e+00,1.0e-03,4.8e-02,1.0e-03,9.5e-01,global-SKSTGGRSSYE,CASSKsTGGrsSYEQYF,CASSKSTGGRSSYEQYF,TRBV19,TRBJ2-7,CAETFGNQFYF,Donor AJD3280:LP TCRab CD4 TRM,2.000000,-,-,-,-,-,-,-,-,-,-,-

8063,single,1.0e+00,1,1,9.5e-08,1.0e+00,1.0e-03,9.9e-02,1.0e-03,9.5e-01,global-SSRQNTGE,CASSSrqNTGELFF,CASSSRQNTGELFF,TRBV12-4,TRBJ2-2,CAVPMNYGGSQGNLIF,Donor AJD3280:IEL TCRab CD4 TRM,1.000000,-,-,-,-,-,-,-,-,-,-,-
8063,single,1.0e+00,1,1,9.5e-08,1.0e+00,1.0e-03,9.9e-02,1.0e-03,9.5e-01,global-SSRQNTGE,CASSSrqNTGELFF,CASSSRQNTGELFF,TRBV12-4,TRBJ2-2,CAVPMNYGGSQGNLIF,Donor AJD3280:LP TCRab CD4 TRM,2.000000,-,-,-,-,-,-,-,-,-,-,-

8072,single,1.0e+00,1,1,9.5e-07,1.0e+00,1.0e-03,1.0e+00,1.0e-03,9.5e-01,global-SLVSSYG,CASSLvssYGYTF,CASSLVSSYGYTF,TRBV7-9,TRBJ1-2,CATFNQGGKLIF,Donor AJKQ118:L TCRab CD4 Naive/TCM,1.000000,-,-,-,-,-,-,-,-,-,-,-
8072,single,1.0e+00,1,1,9.5e-07,1.0e+00,1.0e-03,1.0e+00,1.0e-03,9.5e-01,global-SLVSSYG,CASSLvssYGYTF,CASSLVSSYGYTF,TRBV7-9,TRBJ1-2,CAVVSWGKLQF,Donor AJKQ118:L TCRab CD4 TRM,1.000000,-,-,-,-,-,-,-,-,-,-,-

8074,single,1.0e+00,1,1,9.5e-07,1.0e+00,1.0e-03,1.0e+00,1.0e-03,9.5e-01,global-SYKFDE,CASSYkfdEQFF,CASSYKFDEQFF,TRBV6-6,TRBJ2-1,CAMREDYSGNTPLVF,Donor AJG2309:L TCRab CD4 TCM,1.000000,-,-,-,-,-,-,-,-,-,-,-
8074,single,1.0e+00,1,1,9.5e-07,1.0e+00,1.0e-03,1.0e+00,1.0e-03,9.5e-01,global-SYKFDE,CASSYkfdEQFF,CASSYKFDEQFF,TRBV6-6,TRBJ2-1,CAMREDYSGNTPLVF,Donor AJG2309:PB TCRab CD4 FOXP3+ Treg,1.000000,-,-,-,-,-,-,-,-,-,-,-

8092,single,1.0e+00,1,1,1.9e-08,1.0e+00,1.0e-03,2.0e-02,1.0e-03,9.5e-01,global-SETGVLYG,CASSETGvlYGYTF,CASSETGVLYGYTF,TRBV28,TRBJ1-2,CAFHNAGNMLTF,Donor AJKQ118:IEL TCRab CD4 TRM,3.000000,-,-,-,-,-,-,-,-,-,-,-
8092,single,1.0e+00,1,1,1.9e-08,1.0e+00,1.0e-03,2.0e-02,1.0e-03,9.5e-01,global-SETGVLYG,CASSETGvlYGYTF,CASSETGVLYGYTF,TRBV28,TRBJ1-2,CAFHNAGNMLTF,Donor AJKQ118:L TCRab CD4 TRM,2.000000,-,-,-,-,-,-,-,-,-,-,-
8092,single,1.0e+00,1,1,1.9e-08,1.0e+00,1.0e-03,2.0e-02,1.0e-03,9.5e-01,global-SETGVLYG,CASSETGvlYGYTF,CASSETGVLYGYTF,TRBV28,TRBJ1-2,CAFHNAGNMLTF,Donor AJKQ118:LP TCRab CD4 TRM,2.000000,-,-,-,-,-,-,-,-,-,-,-

8100,single,1.0e+00,1,1,9.5e-07,1.0e+00,1.0e-03,1.0e+00,1.0e-03,9.5e-01,global-SWWGKGNT,CASSwwgkGNTIYF,CASSWWGKGNTIYF,TRBV5-6,TRBJ1-3,CAGDSDSWGKLQF,Donor AJD3280:LP TCRab CD4 Poised TCM,1.000000,-,-,-,-,-,-,-,-,-,-,-
8100,single,1.0e+00,1,1,9.5e-07,1.0e+00,1.0e-03,1.0e+00,1.0e-03,9.5e-01,global-SWWGKGNT,CASSwwgkGNTIYF,CASSWWGKGNTIYF,TRBV5-6,TRBJ1-3,CAGDSDSWGKLQF,Donor AJD3280:LP TCRab CD4 TRM,1.000000,-,-,-,-,-,-,-,-,-,-,-

8105,single,1.0e+00,1,1,5.7e-09,1.0e+00,1.0e-03,6.0e-03,1.0e-03,9.5e-01,global-SLGSSGMYQET,CASSLgsSGmyQETQYF,CASSLGSSGMYQETQYF,TRBV5-4,TRBJ2-5,CAAIPDSNYQLIW,Donor AJKQ118:IEL TCRab CD4 TRM,1.000000,-,-,-,-,-,-,-,-,-,-,-
8105,single,1.0e+00,1,1,5.7e-09,1.0e+00,1.0e-03,6.0e-03,1.0e-03,9.5e-01,global-SLGSSGMYQET,CASSLgsSGmyQETQYF,CASSLGSSGMYQETQYF,TRBV5-4,TRBJ2-5,CALNSKAAGNKLTF,Donor AJKQ118:IEL TCRab CD4 TRM,2.000000,-,-,-,-,-,-,-,-,-,-,-
8105,single,1.0e+00,1,1,5.7e-09,1.0e+00,1.0e-03,6.0e-03,1.0e-03,9.5e-01,global-SLGSSGMYQET,CASSLgsSGmyQETQYF,CASSLGSSGMYQETQYF,TRBV5-4,TRBJ2-5,CAAIPDSNYQLIW,Donor AJKQ118:LP TCRab CD4 TRM,5.000000,-,-,-,-,-,-,-,-,-,-,-
8105,single,1.0e+00,1,1,5.7e-09,1.0e+00,1.0e-03,6.0e-03,1.0e-03,9.5e-01,global-SLGSSGMYQET,CASSLgsSGmyQETQYF,CASSLGSSGMYQETQYF,TRBV5-4,TRBJ2-5,CALNSKAAGNKLTF,Donor AJKQ118:LP TCRab CD4 TRM,2.000000,-,-,-,-,-,-,-,-,-,-,-

8114,single,1.0e+00,1,1,9.5e-07,1.0e+00,1.0e-03,1.0e+00,1.0e-03,9.5e-01,global-SEISLSSGANV,CASSEislsSGANVLTF,CASSEISLSSGANVLTF,TRBV2,TRBJ2-6,CAGAAAGNKLTF,Donor AJD3280:L TCRab CD4 TCM,1.000000,-,-,-,-,-,-,-,-,-,-,-
8114,single,1.0e+00,1,1,9.5e-07,1.0e+00,1.0e-03,1.0e+00,1.0e-03,9.5e-01,global-SEISLSSGANV,CASSEislsSGANVLTF,CASSEISLSSGANVLTF,TRBV2,TRBJ2-6,CAGAAAGNKLTF,Donor AJD3280:L TCRab CD4 TRM,1.000000,-,-,-,-,-,-,-,-,-,-,-

8119,single,1.0e+00,1,1,9.5e-07,1.0e+00,1.0e-03,1.0e+00,1.0e-03,9.5e-01,global-SDRGDLYE,CASSDRGdlYEQYF,CASSDRGDLYEQYF,TRBV2,TRBJ2-7,CAASRSGVPTASKLTF,Donor AJD3280:LP TCRab CD4 TRM,1.000000,-,-,-,-,-,-,-,-,-,-,-
8119,single,1.0e+00,1,1,9.5e-07,1.0e+00,1.0e-03,1.0e+00,1.0e-03,9.5e-01,global-SDRGDLYE,CASSDRGdlYEQYF,CASSDRGDLYEQYF,TRBV2,TRBJ2-7,CAERRGSTGGFKTIF,Donor AJD3280:LP TCRab CD4 TRM,1.000000,-,-,-,-,-,-,-,-,-,-,-

8120,single,1.0e+00,1,1,9.5e-07,1.0e+00,1.0e-03,1.0e+00,1.0e-03,9.5e-01,global-SDPGHRNSYG,CASSDpghrnsYGYTF,CASSDPGHRNSYGYTF,TRBV6-1,TRBJ1-2,CSSYGQNFVF,Donor AJD3280:IEL TCRab CD4 FOXP3+ Treg,1.000000,-,-,-,-,-,-,-,-,-,-,-
8120,single,1.0e+00,1,1,9.5e-07,1.0e+00,1.0e-03,1.0e+00,1.0e-03,9.5e-01,global-SDPGHRNSYG,CASSDpghrnsYGYTF,CASSDPGHRNSYGYTF,TRBV6-1,TRBJ1-2,CAERNQGGKLIF,Donor AJD3280:LP TCRab CD4 FOXP3+ Treg,1.000000,-,-,-,-,-,-,-,-,-,-,-

8141,single,1.0e+00,1,1,9.5e-07,1.0e+00,1.0e-03,1.0e+00,1.0e-03,9.5e-01,global-KLGDWGYE,CASklgdwgYEQYF,CASKLGDWGYEQYF,TRBV28,TRBJ2-7,CAVPEYGNKLVF,Donor AJG2309:L TCRab CD4 TRM,1.000000,-,-,-,-,-,-,-,-,-,-,-
8141,single,1.0e+00,1,1,9.5e-07,1.0e+00,1.0e-03,1.0e+00,1.0e-03,9.5e-01,global-KLGDWGYE,CASklgdwgYEQYF,CASKLGDWGYEQYF,TRBV28,TRBJ2-7,CAVPEYGNKLVF,Donor AJG2309:PB TCRab CD4 Naive/TCM,1.000000,-,-,-,-,-,-,-,-,-,-,-

8174,single,1.0e+00,1,1,9.5e-07,1.0e+00,1.0e-03,1.0e+00,1.0e-03,9.5e-01,global-SYSKET,CASSYskETQYF,CASSYSKETQYF,TRBV6-6,TRBJ2-5,CGADHPGNTGKLIF,Donor AJG2309:L TCRab CD4 TRM,1.000000,-,-,-,-,-,-,-,-,-,-,-
8174,single,1.0e+00,1,1,9.5e-07,1.0e+00,1.0e-03,1.0e+00,1.0e-03,9.5e-01,global-SYSKET,CASSYskETQYF,CASSYSKETQYF,TRBV6-6,TRBJ2-5,CGADHPGNTGKLIF,Donor AJG2309:PB TCRab CD4 FOXP3+ Treg,1.000000,-,-,-,-,-,-,-,-,-,-,-

8191,single,1.0e+00,1,1,9.5e-07,1.0e+00,1.0e-03,1.0e+00,1.0e-03,9.5e-01,global-SRRGNTGE,CASSRRGNTGELFF,CASSRRGNTGELFF,TRBV4-3,TRBJ2-2,CAVRDGGAGSYQLTF,Donor AJKQ118:L TCRab CD4 TRM,1.000000,-,-,-,-,-,-,-,-,-,-,-
8191,single,1.0e+00,1,1,9.5e-07,1.0e+00,1.0e-03,1.0e+00,1.0e-03,9.5e-01,global-SRRGNTGE,CASSRRGNTGELFF,CASSRRGNTGELFF,TRBV4-3,TRBJ2-2,CAVRDGGAGSYQLTF,Donor AJKQ118:LP TCRab CD4 TRM,1.000000,-,-,-,-,-,-,-,-,-,-,-

8209,single,1.0e+00,1,1,9.5e-07,1.0e+00,1.0e-03,1.0e+00,1.0e-03,9.5e-01,global-SLTGSFYSNQP,CASSLTGsfySNQPQHF,CASSLTGSFYSNQPQHF,TRBV2,TRBJ1-5,CAVWSYGQNFVF,Donor AJKQ118:IEL TCRab CD4 TRM,1.000000,-,-,-,-,-,-,-,-,-,-,-
8209,single,1.0e+00,1,1,9.5e-07,1.0e+00,1.0e-03,1.0e+00,1.0e-03,9.5e-01,global-SLTGSFYSNQP,CASSLTGsfySNQPQHF,CASSLTGSFYSNQPQHF,TRBV2,TRBJ1-5,CALVANQAGTALIF,Donor AJKQ118:L TCRab CD4 TCM,1.000000,-,-,-,-,-,-,-,-,-,-,-
8209,single,1.0e+00,1,1,9.5e-07,1.0e+00,1.0e-03,1.0e+00,1.0e-03,9.5e-01,global-SLTGSFYSNQP,CASSLTGsfySNQPQHF,CASSLTGSFYSNQPQHF,TRBV2,TRBJ1-5,CALVANQAGTALIF,Donor AJKQ118:L TCRab CD4 TRM,1.000000,-,-,-,-,-,-,-,-,-,-,-

8247,single,1.0e+00,1,1,1.1e-07,1.0e+00,1.0e-03,1.1e-01,1.0e-03,9.5e-01,global-SYPDRANYE,CASSYpDRanYEQYF,CASSYPDRANYEQYF,TRBV6-6,TRBJ2-7,CVVNHSGGYQKVTF,Donor AJG2309:L TCRab CD4 TRM,1.000000,-,-,-,-,-,-,-,-,-,-,-
8247,single,1.0e+00,1,1,1.1e-07,1.0e+00,1.0e-03,1.1e-01,1.0e-03,9.5e-01,global-SYPDRANYE,CASSYpDRanYEQYF,CASSYPDRANYEQYF,TRBV6-6,TRBJ2-7,CVVNHSGGYQKVTF,Donor AJG2309:PB TCRab CD4 Naive/TCM,2.000000,-,-,-,-,-,-,-,-,-,-,-

8257,single,1.0e+00,1,1,1.1e-07,1.0e+00,1.0e-03,1.2e-01,1.0e-03,9.5e-01,global-SKFPSGE,CASSKfpsGELFF,CASSKFPSGELFF,TRBV19,TRBJ2-2,CVVNNSGGSQGNLIF,Donor AJD3280:IEL TCRab CD4 TRM,2.000000,-,-,-,-,-,-,-,-,-,-,-
8257,single,1.0e+00,1,1,1.1e-07,1.0e+00,1.0e-03,1.2e-01,1.0e-03,9.5e-01,global-SKFPSGE,CASSKfpsGELFF,CASSKFPSGELFF,TRBV19,TRBJ2-2,CVVNNSGGSQGNLIF,Donor AJD3280:L TCRab CD4 TCM,1.000000,-,-,-,-,-,-,-,-,-,-,-
8257,single,1.0e+00,1,1,1.1e-07,1.0e+00,1.0e-03,1.2e-01,1.0e-03,9.5e-01,global-SKFPSGE,CASSKfpsGELFF,CASSKFPSGELFF,TRBV19,TRBJ2-2,CVVNNSGGSQGNLIF,Donor AJD3280:L TCRab CD4 TRM,2.000000,-,-,-,-,-,-,-,-,-,-,-
8257,single,1.0e+00,1,1,1.1e-07,1.0e+00,1.0e-03,1.2e-01,1.0e-03,9.5e-01,global-SKFPSGE,CASSKfpsGELFF,CASSKFPSGELFF,TRBV19,TRBJ2-2,CAEKAPNDYKLSF,Donor AJD3280:L TCRab CD4 TRM,1.000000,-,-,-,-,-,-,-,-,-,-,-
8257,single,1.0e+00,1,1,1.1e-07,1.0e+00,1.0e-03,1.2e-01,1.0e-03,9.5e-01,global-SKFPSGE,CASSKfpsGELFF,CASSKFPSGELFF,TRBV19,TRBJ2-2,CVVNNSGGSQGNLIF,Donor AJD3280:LP TCRab CD4 TRM,1.000000,-,-,-,-,-,-,-,-,-,-,-

8298,single,1.0e+00,1,1,9.5e-07,1.0e+00,1.0e-03,1.0e+00,1.0e-03,9.5e-01,global-SPRGINSNQP,CASSPRGinSNQPQHF,CASSPRGINSNQPQHF,TRBV27,TRBJ1-5,CAPQYGSARQLTF,Donor AJG2309:LP TCRab CD4 Naive/TCM,1.000000,-,-,-,-,-,-,-,-,-,-,-
8298,single,1.0e+00,1,1,9.5e-07,1.0e+00,1.0e-03,1.0e+00,1.0e-03,9.5e-01,global-SPRGINSNQP,CASSPRGinSNQPQHF,CASSPRGINSNQPQHF,TRBV27,TRBJ1-5,CAPQYGSARQLTF,Donor AJG2309:LP TCRab CD4 TRM,1.000000,-,-,-,-,-,-,-,-,-,-,-

8306,single,1.0e+00,1,1,9.5e-07,1.0e+00,1.0e-03,1.0e+00,1.0e-03,9.5e-01,global-SFQGGSYNE,CASSfQGgSYNEQFF,CASSFQGGSYNEQFF,TRBV5-5,TRBJ2-1,CACSGGSNYKLTF,Donor AJD3280:IEL TCRab CD4 TRM,1.000000,-,-,-,-,-,-,-,-,-,-,-
8306,single,1.0e+00,1,1,9.5e-07,1.0e+00,1.0e-03,1.0e+00,1.0e-03,9.5e-01,global-SFQGGSYNE,CASSfQGgSYNEQFF,CASSFQGGSYNEQFF,TRBV5-5,TRBJ2-1,CACSGGSNYKLTF,Donor AJD3280:LP TCRab CD4 TRM,1.000000,-,-,-,-,-,-,-,-,-,-,-

8335,single,1.0e+00,1,1,1.7e-07,1.0e+00,1.0e-03,1.7e-01,1.0e-03,9.5e-01,global-SFSGQTSNT,CASSfsgqTSNTIYF,CASSFSGQTSNTIYF,TRBV7-2,TRBJ1-3,CAVRDGAGSYQLTF,Donor AJD3280:IEL TCRab CD4 TRM,1.000000,-,-,-,-,-,-,-,-,-,-,-
8335,single,1.0e+00,1,1,1.7e-07,1.0e+00,1.0e-03,1.7e-01,1.0e-03,9.5e-01,global-SFSGQTSNT,CASSfsgqTSNTIYF,CASSFSGQTSNTIYF,TRBV7-2,TRBJ1-3,CAVRDGAGSYQLTF,Donor AJD3280:LP TCRab CD4 Mobile TRM,2.000000,-,-,-,-,-,-,-,-,-,-,-
8335,single,1.0e+00,1,1,1.7e-07,1.0e+00,1.0e-03,1.7e-01,1.0e-03,9.5e-01,global-SFSGQTSNT,CASSfsgqTSNTIYF,CASSFSGQTSNTIYF,TRBV7-2,TRBJ1-3,CAVRDGAGSYQLTF,Donor AJD3280:LP TCRab CD4 TRM,1.000000,-,-,-,-,-,-,-,-,-,-,-

8348,single,1.0e+00,1,1,1.0e-07,1.0e+00,1.0e-03,1.1e-01,1.0e-03,9.5e-01,global-SANAGGNT,CASSanAGGNTIYF,CASSANAGGNTIYF,TRBV7-2,TRBJ1-3,CVVNRGSGGGADGLTF,Donor AJD3280:L TCRab CD4 TRM,2.000000,-,-,-,-,-,-,-,-,-,-,-
8348,single,1.0e+00,1,1,1.0e-07,1.0e+00,1.0e-03,1.1e-01,1.0e-03,9.5e-01,global-SANAGGNT,CASSanAGGNTIYF,CASSANAGGNTIYF,TRBV7-2,TRBJ1-3,CVVNRGSGGGADGLTF,Donor AJD3280:LP TCRab CD4 Mobile TRM,1.000000,-,-,-,-,-,-,-,-,-,-,-

8353,single,1.0e+00,1,1,9.5e-07,1.0e+00,1.0e-03,1.0e+00,1.0e-03,9.5e-01,global-SELAGNSP,CASSELAGNSPLHF,CASSELAGNSPLHF,TRBV2,TRBJ1-6,CAVSGAAGNKLTF,Donor AJD3280:L TCRab CD4 TCM,1.000000,-,-,-,-,-,-,-,-,-,-,-
8353,single,1.0e+00,1,1,9.5e-07,1.0e+00,1.0e-03,1.0e+00,1.0e-03,9.5e-01,global-SELAGNSP,CASSELAGNSPLHF,CASSELAGNSPLHF,TRBV2,TRBJ1-6,CAVSGAAGNKLTF,Donor AJD3280:PB TCRab CD4 Naive/TCM,1.000000,-,-,-,-,-,-,-,-,-,-,-

8364,single,1.0e+00,1,1,9.5e-07,1.0e+00,1.0e-03,1.0e+00,1.0e-03,9.5e-01,global-SQTASLAGPSEET,CASSQtasLAGpseETQYF,CASSQTASLAGPSEETQYF,TRBV6-2,TRBJ2-5,CIGSYNNNDMRF,Donor AJD3280:IEL TCRab CD4 TRM,1.000000,-,-,-,-,-,-,-,-,-,-,-
8364,single,1.0e+00,1,1,9.5e-07,1.0e+00,1.0e-03,1.0e+00,1.0e-03,9.5e-01,global-SQTASLAGPSEET,CASSQtasLAGpseETQYF,CASSQTASLAGPSEETQYF,TRBV6-2,TRBJ2-5,CAASMTNFGNEKLTF,Donor AJD3280:LP TCRab CD4 Tph,1.000000,-,-,-,-,-,-,-,-,-,-,-

8391,single,1.0e+00,1,1,9.5e-07,1.0e+00,1.0e-03,1.0e+00,1.0e-03,9.5e-01,global-MGGGNTGE,CSAmGGgNTGELFF,CSAMGGGNTGELFF,TRBV20-1,TRBJ2-2,CVVSDRGSTLGRLYF,Donor AJG2309:L TCRab CD4 TRM,1.000000,-,-,-,-,-,-,-,-,-,-,-
8391,single,1.0e+00,1,1,9.5e-07,1.0e+00,1.0e-03,1.0e+00,1.0e-03,9.5e-01,global-MGGGNTGE,CSAmGGgNTGELFF,CSAMGGGNTGELFF,TRBV20-1,TRBJ2-2,CAASKVRGKLIF,Donor AJG2309:L TCRab CD4 TRM,1.000000,-,-,-,-,-,-,-,-,-,-,-

8409,single,1.0e+00,1,1,9.5e-07,1.0e+00,1.0e-03,1.0e+00,1.0e-03,9.5e-01,global-SGSPGRNENYG,CASSgspGRneNYGYTF,CASSGSPGRNENYGYTF,TRBV19,TRBJ1-2,CATDLIGFGNVLHC,Donor AJG2309:LP TCRab CD4 TRM,1.000000,-,-,-,-,-,-,-,-,-,-,-
8409,single,1.0e+00,1,1,9.5e-07,1.0e+00,1.0e-03,1.0e+00,1.0e-03,9.5e-01,global-SGSPGRNENYG,CASSgspGRneNYGYTF,CASSGSPGRNENYGYTF,TRBV19,TRBJ1-2,CVVNIGGVTGKLIF,Donor AJG2309:PB TCRab CD4 FOXP3+ Treg,1.000000,-,-,-,-,-,-,-,-,-,-,-

8414,single,1.0e+00,1,1,1.7e-07,1.0e+00,1.0e-03,1.8e-01,1.0e-03,9.5e-01,global-RSAALYE,CAIrsaalYEQYF,CAIRSAALYEQYF,TRBV10-3,TRBJ2-7,CAVSSNTGNQFYF,Donor AJD3280:IEL TCRab CD4 FOXP3+ Treg,2.000000,-,-,-,-,-,-,-,-,-,-,-
8414,single,1.0e+00,1,1,1.7e-07,1.0e+00,1.0e-03,1.8e-01,1.0e-03,9.5e-01,global-RSAALYE,CAIrsaalYEQYF,CAIRSAALYEQYF,TRBV10-3,TRBJ2-7,CAVSSNTGNQFYF,Donor AJD3280:IEL TCRab CD4 TRM,1.000000,-,-,-,-,-,-,-,-,-,-,-
8414,single,1.0e+00,1,1,1.7e-07,1.0e+00,1.0e-03,1.8e-01,1.0e-03,9.5e-01,global-RSAALYE,CAIrsaalYEQYF,CAIRSAALYEQYF,TRBV10-3,TRBJ2-7,CAVSSNTGNQFYF,Donor AJD3280:LP TCRab CD4 FOXP3+ Treg,1.000000,-,-,-,-,-,-,-,-,-,-,-

8472,single,1.0e+00,1,1,1.0e-07,1.0e+00,1.0e-03,1.1e-01,1.0e-03,9.5e-01,global-SLGRTSGGAGDT,CASSLgrTSGGagDTQYF,CASSLGRTSGGAGDTQYF,TRBV12-3,TRBJ2-3,CAGGAARLTF,Donor AJD3280:IEL TCRab CD4 FOXP3+ Treg,1.000000,-,-,-,-,-,-,-,-,-,-,-
8472,single,1.0e+00,1,1,1.0e-07,1.0e+00,1.0e-03,1.1e-01,1.0e-03,9.5e-01,global-SLGRTSGGAGDT,CASSLgrTSGGagDTQYF,CASSLGRTSGGAGDTQYF,TRBV12-3,TRBJ2-3,CAGGAARLTF,Donor AJD3280:LP TCRab CD4 FOXP3+ Treg,2.000000,-,-,-,-,-,-,-,-,-,-,-

8513,single,1.0e+00,1,1,9.5e-07,1.0e+00,1.0e-03,1.0e+00,1.0e-03,9.5e-01,global-SPTGPLKDE,CASSPTGplkdEQYF,CASSPTGPLKDEQYF,TRBV19,TRBJ2-7,CIVRVRETSGSRLTF,Donor AJD3280:IEL TCRab CD4 TRM,1.000000,-,-,-,-,-,-,-,-,-,-,-
8513,single,1.0e+00,1,1,9.5e-07,1.0e+00,1.0e-03,1.0e+00,1.0e-03,9.5e-01,global-SPTGPLKDE,CASSPTGplkdEQYF,CASSPTGPLKDEQYF,TRBV19,TRBJ2-7,CIVRVRETSGSRLTF,Donor AJD3280:LP TCRab CD4 TRM,1.000000,-,-,-,-,-,-,-,-,-,-,-

8576,single,1.0e+00,1,1,9.2e-08,1.0e+00,1.0e-03,9.6e-02,1.0e-03,9.5e-01,global-SFVGFSGNT,CASSfvgfSGNTIYF,CASSFVGFSGNTIYF,TRBV11-2,TRBJ1-3,CIVRPAQPTGANSKLTF,Donor AJD3280:IEL TCRab CD4 TRM,2.000000,-,-,-,-,-,-,-,-,-,-,-
8576,single,1.0e+00,1,1,9.2e-08,1.0e+00,1.0e-03,9.6e-02,1.0e-03,9.5e-01,global-SFVGFSGNT,CASSfvgfSGNTIYF,CASSFVGFSGNTIYF,TRBV11-2,TRBJ1-3,CATGSQGGSEKLVF,Donor AJD3280:LP TCRab CD4 Tph,1.000000,-,-,-,-,-,-,-,-,-,-,-

8589,single,1.0e+00,1,1,9.5e-07,1.0e+00,1.0e-03,1.0e+00,1.0e-03,9.5e-01,global-SFLRPGTNTGE,CASSflrpGTNTGELFF,CASSFLRPGTNTGELFF,TRBV28,TRBJ2-2,CAVGASTGGFKTIF,Donor AJG2309:L TCRab CD4 TRM,1.000000,-,-,-,-,-,-,-,-,-,-,-
8589,single,1.0e+00,1,1,9.5e-07,1.0e+00,1.0e-03,1.0e+00,1.0e-03,9.5e-01,global-SFLRPGTNTGE,CASSflrpGTNTGELFF,CASSFLRPGTNTGELFF,TRBV28,TRBJ2-2,CAVGASTGGFKTIF,Donor AJG2309:PB TCRab CD4 Naive/TCM,1.000000,-,-,-,-,-,-,-,-,-,-,-

8590,single,1.0e+00,1,1,1.1e-07,1.0e+00,1.0e-03,1.1e-01,1.0e-03,9.5e-01,global-SNPQGAKNI,CSASnpQGAKNIQYF,CSASNPQGAKNIQYF,TRBV20-1,TRBJ2-4,CAVNAEGSQGNLIF,Donor AJD3280:L TCRab CD4 TRM,2.000000,-,-,-,-,-,-,-,-,-,-,-
8590,single,1.0e+00,1,1,1.1e-07,1.0e+00,1.0e-03,1.1e-01,1.0e-03,9.5e-01,global-SNPQGAKNI,CSASnpQGAKNIQYF,CSASNPQGAKNIQYF,TRBV20-1,TRBJ2-4,CAVNAEGSQGNLIF,Donor AJD3280:LP TCRab CD4 Mobile TRM,1.000000,-,-,-,-,-,-,-,-,-,-,-

8653,single,1.0e+00,1,1,9.5e-07,1.0e+00,1.0e-03,1.0e+00,1.0e-03,9.5e-01,global-TLQNEK,CASTLqNEKLFF,CASTLQNEKLFF,TRBV12-4,TRBJ1-4,CAVLRGGSYIPTF,Donor AJD3280:IEL TCRab CD4 FOXP3+ Treg,1.000000,-,-,-,-,-,-,-,-,-,-,-
8653,single,1.0e+00,1,1,9.5e-07,1.0e+00,1.0e-03,1.0e+00,1.0e-03,9.5e-01,global-TLQNEK,CASTLqNEKLFF,CASTLQNEKLFF,TRBV12-4,TRBJ1-4,CAVLRGGSYIPTF,Donor AJD3280:LP TCRab CD4 FOXP3+ Treg,1.000000,-,-,-,-,-,-,-,-,-,-,-

8703,single,1.0e+00,1,1,3.8e-08,1.0e+00,1.0e-03,4.0e-02,1.0e-03,9.5e-01,global-RAQGEAGE,CSARaQGeaGELFF,CSARAQGEAGELFF,TRBV20-1,TRBJ2-2,CGDDMRF,Donor AJKQ118:L TCRab CD4 TRM,2.000000,-,-,-,-,-,-,-,-,-,-,-
8703,single,1.0e+00,1,1,3.8e-08,1.0e+00,1.0e-03,4.0e-02,1.0e-03,9.5e-01,global-RAQGEAGE,CSARaQGeaGELFF,CSARAQGEAGELFF,TRBV20-1,TRBJ2-2,CAVSEGNQFYF,Donor AJKQ118:L TCRab CD4 TRM,2.000000,-,-,-,-,-,-,-,-,-,-,-
8703,single,1.0e+00,1,1,3.8e-08,1.0e+00,1.0e-03,4.0e-02,1.0e-03,9.5e-01,global-RAQGEAGE,CSARaQGeaGELFF,CSARAQGEAGELFF,TRBV20-1,TRBJ2-2,CGDDMRF,Donor AJKQ118:LP TCRab CD4 Mobile TRM,2.000000,-,-,-,-,-,-,-,-,-,-,-

8711,single,1.0e+00,1,1,9.5e-10,1.0e+00,1.0e-03,1.0e-03,1.0e-03,9.5e-01,global-SSVQGGET,CASSSvQGgETQYF,CASSSVQGGETQYF,TRBV5-4,TRBJ2-5,CLVGDGNDMRF,Donor AJD3280:IEL TCRab CD4 TRM,12.000000,-,-,-,-,-,-,-,-,-,-,-
8711,single,1.0e+00,1,1,9.5e-10,1.0e+00,1.0e-03,1.0e-03,1.0e-03,9.5e-01,global-SSVQGGET,CASSSvQGgETQYF,CASSSVQGGETQYF,TRBV5-4,TRBJ2-5,CLVGDGNDMRF,Donor AJD3280:LP TCRab CD4 TRM,2.000000,-,-,-,-,-,-,-,-,-,-,-
8711,single,1.0e+00,1,1,9.5e-10,1.0e+00,1.0e-03,1.0e-03,1.0e-03,9.5e-01,global-SSVQGGET,CASSSvQGgETQYF,CASSSVQGGETQYF,TRBV5-4,TRBJ2-5,CLVGDGNDMRF,Donor AJD3280:LP TCRab CD4 Tph,10.000000,-,-,-,-,-,-,-,-,-,-,-

8716,single,1.0e+00,1,1,9.5e-07,1.0e+00,1.0e-03,1.0e+00,1.0e-03,9.5e-01,global-SIDVGTRGE,CASSIdvgtRGEQFF,CASSIDVGTRGEQFF,TRBV19,TRBJ2-1,CATTPSGSARQLTF,Donor AJG2309:IEL TCRab CD4 Mobile TRM,1.000000,-,-,-,-,-,-,-,-,-,-,-
8716,single,1.0e+00,1,1,9.5e-07,1.0e+00,1.0e-03,1.0e+00,1.0e-03,9.5e-01,global-SIDVGTRGE,CASSIdvgtRGEQFF,CASSIDVGTRGEQFF,TRBV19,TRBJ2-1,CATTPSGSARQLTF,Donor AJG2309:LP TCRab CD4 TRM,1.000000,-,-,-,-,-,-,-,-,-,-,-

8723,single,1.0e+00,1,1,9.5e-07,1.0e+00,1.0e-03,1.0e+00,1.0e-03,9.5e-01,global-SEPPGTYSYE,CASSEppGTySYEQYF,CASSEPPGTYSYEQYF,TRBV6-1,TRBJ2-7,CAVRDLAAGNKLTF,Donor AJD3280:IEL TCRab CD4 Mobile TRM,1.000000,-,-,-,-,-,-,-,-,-,-,-
8723,single,1.0e+00,1,1,9.5e-07,1.0e+00,1.0e-03,1.0e+00,1.0e-03,9.5e-01,global-SEPPGTYSYE,CASSEppGTySYEQYF,CASSEPPGTYSYEQYF,TRBV6-1,TRBJ2-7,CAVRDLAAGNKLTF,Donor AJD3280:IEL TCRab CD4 TRM,1.000000,-,-,-,-,-,-,-,-,-,-,-

8733,single,1.0e+00,1,1,1.2e-08,1.0e+00,1.0e-03,1.3e-02,1.0e-03,9.5e-01,global-VLGAGQP,CSVvlgAGQPQHF,CSVVLGAGQPQHF,TRBV29-1,TRBJ1-5,CAVGLNTNAGKSTF,Donor AJKQ118:L TCRab CD4 TRM,3.000000,-,-,-,-,-,-,-,-,-,-,-
8733,single,1.0e+00,1,1,1.2e-08,1.0e+00,1.0e-03,1.3e-02,1.0e-03,9.5e-01,global-VLGAGQP,CSVvlgAGQPQHF,CSVVLGAGQPQHF,TRBV29-1,TRBJ1-5,CAVGLNTNAGKSTF,Donor AJKQ118:LP TCRab CD4 TRM,2.000000,-,-,-,-,-,-,-,-,-,-,-

8743,single,1.0e+00,1,1,9.5e-07,1.0e+00,1.0e-03,1.0e+00,1.0e-03,9.5e-01,global-SKSEGAYE,CASSKsegaYEQYF,CASSKSEGAYEQYF,TRBV7-2,TRBJ2-7,CLLGGANSGYALNF,Donor AJD3280:LP TCRab CD4 Mobile TRM,1.000000,-,-,-,-,-,-,-,-,-,-,-
8743,single,1.0e+00,1,1,9.5e-07,1.0e+00,1.0e-03,1.0e+00,1.0e-03,9.5e-01,global-SKSEGAYE,CASSKsegaYEQYF,CASSKSEGAYEQYF,TRBV7-2,TRBJ2-7,CLLGGANSGYALNF,Donor AJD3280:LP TCRab CD4 TRM,1.000000,-,-,-,-,-,-,-,-,-,-,-

8770,single,1.0e+00,1,1,1.0e-07,1.0e+00,1.0e-03,1.1e-01,1.0e-03,9.5e-01,global-SQDERARDG,CASSQderardGYTF,CASSQDERARDGYTF,TRBV4-2,TRBJ1-2,CAVNEGPGGSYIPTF,Donor AJD3280:L TCRab CD4 TCM,2.000000,-,-,-,-,-,-,-,-,-,-,-
8770,single,1.0e+00,1,1,1.0e-07,1.0e+00,1.0e-03,1.1e-01,1.0e-03,9.5e-01,global-SQDERARDG,CASSQderardGYTF,CASSQDERARDGYTF,TRBV4-2,TRBJ1-2,CAVNEGPGGSYIPTF,Donor AJD3280:PB TCRab CD4 Naive/TCM,1.000000,-,-,-,-,-,-,-,-,-,-,-

8782,single,1.0e+00,1,1,9.5e-07,1.0e+00,1.0e-03,1.0e+00,1.0e-03,9.5e-01,global-SLISGTEGE,CASSLiSGtegEQFF,CASSLISGTEGEQFF,TRBV7-9,TRBJ2-1,CALTERNQGGKLIF,Donor AJG2309:LP TCRab CD4 Poised TCM,1.000000,-,-,-,-,-,-,-,-,-,-,-
8782,single,1.0e+00,1,1,9.5e-07,1.0e+00,1.0e-03,1.0e+00,1.0e-03,9.5e-01,global-SLISGTEGE,CASSLiSGtegEQFF,CASSLISGTEGEQFF,TRBV7-9,TRBJ2-1,CALTERNQGGKLIF,Donor AJG2309:LP TCRab CD4 TRM,1.000000,-,-,-,-,-,-,-,-,-,-,-

8811,single,1.0e+00,1,1,3.6e-08,1.0e+00,1.0e-03,3.8e-02,1.0e-03,9.5e-01,global-AGTGEQP,CATaGTGeQPQHF,CATAGTGEQPQHF,TRBV2,TRBJ1-5,CVVNDYKLSF,Donor AJKQ118:L TCRab CD4 TRM,3.000000,-,-,-,-,-,-,-,-,-,-,-
8811,single,1.0e+00,1,1,3.6e-08,1.0e+00,1.0e-03,3.8e-02,1.0e-03,9.5e-01,global-AGTGEQP,CATaGTGeQPQHF,CATAGTGEQPQHF,TRBV2,TRBJ1-5,CVVNDYKLSF,Donor AJKQ118:LP TCRab CD4 TRM,1.000000,-,-,-,-,-,-,-,-,-,-,-

8819,single,1.0e+00,1,1,9.5e-07,1.0e+00,1.0e-03,1.0e+00,1.0e-03,9.5e-01,global-TGGLNSP,CATTGGlNSPLHF,CATTGGLNSPLHF,TRBV7-9,TRBJ1-6,CDGTGANSKLTF,Donor AJD3280:L TCRab CD4 TRM,1.000000,-,-,-,-,-,-,-,-,-,-,-
8819,single,1.0e+00,1,1,9.5e-07,1.0e+00,1.0e-03,1.0e+00,1.0e-03,9.5e-01,global-TGGLNSP,CATTGGlNSPLHF,CATTGGLNSPLHF,TRBV7-9,TRBJ1-6,CDGTGANSKLTF,Donor AJD3280:LP TCRab CD4 Poised TCM,1.000000,-,-,-,-,-,-,-,-,-,-,-

8830,single,1.0e+00,1,1,9.5e-10,1.0e+00,1.0e-03,1.0e-03,1.0e-03,9.5e-01,global-SIAGGRQET,CASSIAGGrQETQYF,CASSIAGGRQETQYF,TRBV5-8,TRBJ2-5,CAVEPSRKLIW,Donor AJKQ118:L TCRab CD4 Naive/TCM,1.000000,-,-,-,-,-,-,-,-,-,-,-
8830,single,1.0e+00,1,1,9.5e-10,1.0e+00,1.0e-03,1.0e-03,1.0e-03,9.5e-01,global-SIAGGRQET,CASSIAGGrQETQYF,CASSIAGGRQETQYF,TRBV5-8,TRBJ2-5,CAMSAASNTGKLIF,Donor AJKQ118:L TCRab CD4 TRM,4.000000,-,-,-,-,-,-,-,-,-,-,-
8830,single,1.0e+00,1,1,9.5e-10,1.0e+00,1.0e-03,1.0e-03,1.0e-03,9.5e-01,global-SIAGGRQET,CASSIAGGrQETQYF,CASSIAGGRQETQYF,TRBV5-8,TRBJ2-5,CAVEPSRKLIW,Donor AJKQ118:L TCRab CD4 TRM,9.000000,-,-,-,-,-,-,-,-,-,-,-

8845,single,1.0e+00,1,1,9.5e-07,1.0e+00,1.0e-03,1.0e+00,1.0e-03,9.5e-01,global-SSVSSDRNT,CASSSvssDRnTQYF,CASSSVSSDRNTQYF,TRBV12-4,TRBJ2-3,CAVEDRDTGGFKTIF,Donor AJD3280:LP TCRab CD4 Naive/TCM,1.000000,-,-,-,-,-,-,-,-,-,-,-
8845,single,1.0e+00,1,1,9.5e-07,1.0e+00,1.0e-03,1.0e+00,1.0e-03,9.5e-01,global-SSVSSDRNT,CASSSvssDRnTQYF,CASSSVSSDRNTQYF,TRBV12-4,TRBJ2-3,CAVEDRDTGGFKTIF,Donor AJD3280:PB TCRab CD4 Naive/TCM,1.000000,-,-,-,-,-,-,-,-,-,-,-

8874,single,1.0e+00,1,1,9.5e-07,1.0e+00,1.0e-03,1.0e+00,1.0e-03,9.5e-01,global-SRAPRET,CASSRaprETQYF,CASSRAPRETQYF,TRBV11-1,TRBJ2-5,CAVVTNTGNQFYF,Donor AJD3280:IEL TCRab CD4 TRM,1.000000,-,-,-,-,-,-,-,-,-,-,-
8874,single,1.0e+00,1,1,9.5e-07,1.0e+00,1.0e-03,1.0e+00,1.0e-03,9.5e-01,global-SRAPRET,CASSRaprETQYF,CASSRAPRETQYF,TRBV11-1,TRBJ2-5,CAVVTNTGNQFYF,Donor AJD3280:LP TCRab CD4 Tph,1.000000,-,-,-,-,-,-,-,-,-,-,-

8878,single,1.0e+00,1,1,9.5e-07,1.0e+00,1.0e-03,1.0e+00,1.0e-03,9.5e-01,global-SLREQGTYE,CASSLREqgtYEQYF,CASSLREQGTYEQYF,TRBV13,TRBJ2-7,CIAQDSNYQLIW,Donor AJG2309:LP TCRab CD4 TRM,1.000000,-,-,-,-,-,-,-,-,-,-,-
8878,single,1.0e+00,1,1,9.5e-07,1.0e+00,1.0e-03,1.0e+00,1.0e-03,9.5e-01,global-SLREQGTYE,CASSLREqgtYEQYF,CASSLREQGTYEQYF,TRBV13,TRBJ2-7,CIAQDSNYQLIW,Donor AJG2309:PB TCRab CD4 Naive/TCM,1.000000,-,-,-,-,-,-,-,-,-,-,-

8902,single,1.0e+00,1,1,9.5e-07,1.0e+00,1.0e-03,1.0e+00,1.0e-03,9.5e-01,global-QDRASNYG,CSAqDRasNYGYTF,CSAQDRASNYGYTF,TRBV20-1,TRBJ1-2,CAGLASGYALNF,Donor AJKQ118:IEL TCRab CD4 TRM,1.000000,-,-,-,-,-,-,-,-,-,-,-
8902,single,1.0e+00,1,1,9.5e-07,1.0e+00,1.0e-03,1.0e+00,1.0e-03,9.5e-01,global-QDRASNYG,CSAqDRasNYGYTF,CSAQDRASNYGYTF,TRBV20-1,TRBJ1-2,CAGLASGYALNF,Donor AJKQ118:L TCRab CD4 TRM,1.000000,-,-,-,-,-,-,-,-,-,-,-

8913,single,1.0e+00,1,1,2.2e-08,1.0e+00,1.0e-03,2.3e-02,1.0e-03,9.5e-01,global-SESEGRSYE,CASSEseGRSYEQYF,CASSESEGRSYEQYF,TRBV25-1,TRBJ2-7,CAYRSAHTDKLIF,Donor AJG2309:LP TCRab CD4 TRM,1.000000,-,-,-,-,-,-,-,-,-,-,-
8913,single,1.0e+00,1,1,2.2e-08,1.0e+00,1.0e-03,2.3e-02,1.0e-03,9.5e-01,global-SESEGRSYE,CASSEseGRSYEQYF,CASSESEGRSYEQYF,TRBV25-1,TRBJ2-7,CAYRSAHTDKLIF,Donor AJG2309:PB TCRab CD4 FOXP3+ Treg,3.000000,-,-,-,-,-,-,-,-,-,-,-
8913,single,1.0e+00,1,1,2.2e-08,1.0e+00,1.0e-03,2.3e-02,1.0e-03,9.5e-01,global-SESEGRSYE,CASSEseGRSYEQYF,CASSESEGRSYEQYF,TRBV25-1,TRBJ2-7,CAYRSAHTDKLIF,Donor AJG2309:PB TCRab CD4 Naive/TCM,2.000000,-,-,-,-,-,-,-,-,-,-,-

8969,single,1.0e+00,1,1,9.5e-07,1.0e+00,1.0e-03,1.0e+00,1.0e-03,9.5e-01,global-RDGRGRNYG,CSARdgRGrNYGYTF,CSARDGRGRNYGYTF,TRBV20-1,TRBJ1-2,CAASPLSGGYNKLIF,Donor AJG2309:LP TCRab CD4 Mobile TRM,1.000000,-,-,-,-,-,-,-,-,-,-,-
8969,single,1.0e+00,1,1,9.5e-07,1.0e+00,1.0e-03,1.0e+00,1.0e-03,9.5e-01,global-RDGRGRNYG,CSARdgRGrNYGYTF,CSARDGRGRNYGYTF,TRBV20-1,TRBJ1-2,CAASPLSGGYNKLIF,Donor AJG2309:PB TCRab CD4 Naive/TCM,1.000000,-,-,-,-,-,-,-,-,-,-,-

8992,single,1.0e+00,1,1,9.5e-07,1.0e+00,1.0e-03,1.0e+00,1.0e-03,9.5e-01,global-AVGDRENEK,CASavgdRENEKLFF,CASAVGDRENEKLFF,TRBV5-1,TRBJ1-4,CALRELNSGGYQKVTF,Donor AJD3280:IEL TCRab CD4 FOXP3+ Treg,1.000000,-,-,-,-,-,-,-,-,-,-,-
8992,single,1.0e+00,1,1,9.5e-07,1.0e+00,1.0e-03,1.0e+00,1.0e-03,9.5e-01,global-AVGDRENEK,CASavgdRENEKLFF,CASAVGDRENEKLFF,TRBV5-1,TRBJ1-4,CALRELNSGGYQKVTF,Donor AJD3280:IEL TCRab CD4 TRM,1.000000,-,-,-,-,-,-,-,-,-,-,-

9014,single,1.0e+00,1,1,9.5e-07,1.0e+00,1.0e-03,1.0e+00,1.0e-03,9.5e-01,global-SKNTGGNTE,CASSKnTGGNTEAFF,CASSKNTGGNTEAFF,TRBV19,TRBJ1-1,CAGLNQAGTALIF,Donor AJD3280:L TCRab CD4 TRM,1.000000,-,-,-,-,-,-,-,-,-,-,-
9014,single,1.0e+00,1,1,9.5e-07,1.0e+00,1.0e-03,1.0e+00,1.0e-03,9.5e-01,global-SKNTGGNTE,CASSKnTGGNTEAFF,CASSKNTGGNTEAFF,TRBV19,TRBJ1-1,CVPSDNDMRF,Donor AJD3280:LP TCRab CD4 TRM,1.000000,-,-,-,-,-,-,-,-,-,-,-

9019,single,1.0e+00,1,1,9.5e-07,1.0e+00,1.0e-03,1.0e+00,1.0e-03,9.5e-01,global-SQAAGGRVIGE,CASSQaAGGrviGELFF,CASSQAAGGRVIGELFF,TRBV4-1,TRBJ2-2,CAATLSRHQFYF,Donor AJD3280:L TCRab CD4 TRM,1.000000,-,-,-,-,-,-,-,-,-,-,-
9019,single,1.0e+00,1,1,9.5e-07,1.0e+00,1.0e-03,1.0e+00,1.0e-03,9.5e-01,global-SQAAGGRVIGE,CASSQaAGGrviGELFF,CASSQAAGGRVIGELFF,TRBV4-1,TRBJ2-2,CAATLSRHQFYF,Donor AJD3280:LP TCRab CD4 TRM,1.000000,-,-,-,-,-,-,-,-,-,-,-

9095,single,1.0e+00,1,1,9.5e-07,1.0e+00,1.0e-03,1.0e+00,1.0e-03,9.5e-01,global-RQNQGDRSP,CASrqnQGdrSPLHF,CASRQNQGDRSPLHF,TRBV7-2,TRBJ1-6,CAISPGGSYIPTF,Donor AJD3280:IEL TCRab CD4 TRM,1.000000,-,-,-,-,-,-,-,-,-,-,-
9095,single,1.0e+00,1,1,9.5e-07,1.0e+00,1.0e-03,1.0e+00,1.0e-03,9.5e-01,global-RQNQGDRSP,CASrqnQGdrSPLHF,CASRQNQGDRSPLHF,TRBV7-2,TRBJ1-6,CAISPGGSYIPTF,Donor AJD3280:LP TCRab CD4 TRM,1.000000,-,-,-,-,-,-,-,-,-,-,-

9096,single,1.0e+00,1,1,9.5e-07,1.0e+00,1.0e-03,1.0e+00,1.0e-03,9.5e-01,global-SRFPDSSNE,CSASrfpdssNEQFF,CSASRFPDSSNEQFF,TRBV20-1,TRBJ2-1,CAMSGDNQGGKLIF,Donor AJG2309:LP TCRab CD4 Mobile TRM,1.000000,-,-,-,-,-,-,-,-,-,-,-
9096,single,1.0e+00,1,1,9.5e-07,1.0e+00,1.0e-03,1.0e+00,1.0e-03,9.5e-01,global-SRFPDSSNE,CSASrfpdssNEQFF,CSASRFPDSSNEQFF,TRBV20-1,TRBJ2-1,CAMSGDNQGGKLIF,Donor AJG2309:LP TCRab CD4 TRM,1.000000,-,-,-,-,-,-,-,-,-,-,-

9117,single,1.0e+00,1,1,9.5e-07,1.0e+00,1.0e-03,1.0e+00,1.0e-03,9.5e-01,global-SDTAASGGEK,CATSDtaaSGGEKLFF,CATSDTAASGGEKLFF,TRBV24-1,TRBJ1-4,CAASMADSSYKLIF,Donor AJKQ118:L TCRab CD4 TRM,1.000000,-,-,-,-,-,-,-,-,-,-,-
9117,single,1.0e+00,1,1,9.5e-07,1.0e+00,1.0e-03,1.0e+00,1.0e-03,9.5e-01,global-SDTAASGGEK,CATSDtaaSGGEKLFF,CATSDTAASGGEKLFF,TRBV24-1,TRBJ1-4,CAASMADSSYKLIF,Donor AJKQ118:LP TCRab CD4 TRM,1.000000,-,-,-,-,-,-,-,-,-,-,-

9127,single,1.0e+00,1,1,1.2e-07,1.0e+00,1.0e-03,1.3e-01,1.0e-03,9.5e-01,global-RDGGGLYG,CSARdggGLYGYTF,CSARDGGGLYGYTF,TRBV20-1,TRBJ1-2,CAGQMDSNYQLIW,Donor AJD3280:L TCRab CD4 TRM,2.000000,-,-,-,-,-,-,-,-,-,-,-
9127,single,1.0e+00,1,1,1.2e-07,1.0e+00,1.0e-03,1.3e-01,1.0e-03,9.5e-01,global-RDGGGLYG,CSARdggGLYGYTF,CSARDGGGLYGYTF,TRBV20-1,TRBJ1-2,CAGQMDSNYQLIW,Donor AJD3280:LP TCRab CD4 Mobile TRM,1.000000,-,-,-,-,-,-,-,-,-,-,-

9132,single,1.0e+00,1,1,9.5e-07,1.0e+00,1.0e-03,1.0e+00,1.0e-03,9.5e-01,global-HSWGAKT,CAShswgakTQYF,CASHSWGAKTQYF,TRBV28,TRBJ2-5,CAVGTQGGSEKLVF,Donor AJG2309:LP TCRab CD4 Naive/TCM,1.000000,-,-,-,-,-,-,-,-,-,-,-
9132,single,1.0e+00,1,1,9.5e-07,1.0e+00,1.0e-03,1.0e+00,1.0e-03,9.5e-01,global-HSWGAKT,CAShswgakTQYF,CASHSWGAKTQYF,TRBV28,TRBJ2-5,CAVGTQGGSEKLVF,Donor AJG2309:LP TCRab CD4 TRM,1.000000,-,-,-,-,-,-,-,-,-,-,-

9170,single,1.0e+00,1,1,9.5e-07,1.0e+00,1.0e-03,1.0e+00,1.0e-03,9.5e-01,global-RAAPYG,CSARaapYGYTF,CSARAAPYGYTF,TRBV20-1,TRBJ1-2,CAYVSYTGANSKLTF,Donor AJD3280:LP TCRab CD4 Mobile TRM,1.000000,-,-,-,-,-,-,-,-,-,-,-
9170,single,1.0e+00,1,1,9.5e-07,1.0e+00,1.0e-03,1.0e+00,1.0e-03,9.5e-01,global-RAAPYG,CSARaapYGYTF,CSARAAPYGYTF,TRBV20-1,TRBJ1-2,CAYVSYTGANSKLTF,Donor AJD3280:LP TCRab CD4 TRM,1.000000,-,-,-,-,-,-,-,-,-,-,-

9174,single,1.0e+00,1,1,9.5e-07,1.0e+00,1.0e-03,1.0e+00,1.0e-03,9.5e-01,global-SRDGTSGWRVHNE,CATSRdGTSGwrvhNEQFF,CATSRDGTSGWRVHNEQFF,TRBV15,TRBJ2-1,CALSGSSGGSNYKLTF,Donor AJKQ118:L TCRab CD4 TRM,1.000000,-,-,-,-,-,-,-,-,-,-,-
9174,single,1.0e+00,1,1,9.5e-07,1.0e+00,1.0e-03,1.0e+00,1.0e-03,9.5e-01,global-SRDGTSGWRVHNE,CATSRdGTSGwrvhNEQFF,CATSRDGTSGWRVHNEQFF,TRBV15,TRBJ2-1,CALSGSSGGSNYKLTF,Donor AJKQ118:LP TCRab CD4 TRM,1.000000,-,-,-,-,-,-,-,-,-,-,-

9177,single,1.0e+00,1,1,9.5e-07,1.0e+00,1.0e-03,1.0e+00,1.0e-03,9.5e-01,global-SKGGPYNE,CASSKGGpYNEQFF,CASSKGGPYNEQFF,TRBV19,TRBJ2-1,CAPLVGTYKYIF,Donor AJKQ118:PB TCRab CD4 FOXP3+ Treg,1.000000,-,-,-,-,-,-,-,-,-,-,-
9177,single,1.0e+00,1,1,9.5e-07,1.0e+00,1.0e-03,1.0e+00,1.0e-03,9.5e-01,global-SKGGPYNE,CASSKGGpYNEQFF,CASSKGGPYNEQFF,TRBV19,TRBJ2-1,CVVRGNAGNMLTF,Donor AJKQ118:PB TCRab CD4 Naive/TCM,1.000000,-,-,-,-,-,-,-,-,-,-,-

9228,single,1.0e+00,1,1,1.9e-08,1.0e+00,1.0e-03,2.0e-02,1.0e-03,9.5e-01,global-RDSSSGPNSP,CSARdssSGpNSPLHF,CSARDSSSGPNSPLHF,TRBV20-1,TRBJ1-6,CAYRSQTGANNLFF,Donor AJD3280:IEL TCRab CD4 TRM,1.000000,-,-,-,-,-,-,-,-,-,-,-
9228,single,1.0e+00,1,1,1.9e-08,1.0e+00,1.0e-03,2.0e-02,1.0e-03,9.5e-01,global-RDSSSGPNSP,CSARdssSGpNSPLHF,CSARDSSSGPNSPLHF,TRBV20-1,TRBJ1-6,CAYRSQTGANNLFF,Donor AJD3280:LP TCRab CD4 Mobile TRM,1.000000,-,-,-,-,-,-,-,-,-,-,-
9228,single,1.0e+00,1,1,1.9e-08,1.0e+00,1.0e-03,2.0e-02,1.0e-03,9.5e-01,global-RDSSSGPNSP,CSARdssSGpNSPLHF,CSARDSSSGPNSPLHF,TRBV20-1,TRBJ1-6,CAYRSQTGANNLFF,Donor AJD3280:LP TCRab CD4 TRM,4.000000,-,-,-,-,-,-,-,-,-,-,-

9229,single,1.0e+00,1,1,9.5e-07,1.0e+00,1.0e-03,1.0e+00,1.0e-03,9.5e-01,global-KKTSGGIKET,CASkkTSGGikETQYF,CASKKTSGGIKETQYF,TRBV6-6,TRBJ2-5,CAVQAGNAGNMLTF,Donor AJD3280:LP TCRab CD4 TRM,1.000000,-,-,-,-,-,-,-,-,-,-,-
9229,single,1.0e+00,1,1,9.5e-07,1.0e+00,1.0e-03,1.0e+00,1.0e-03,9.5e-01,global-KKTSGGIKET,CASkkTSGGikETQYF,CASKKTSGGIKETQYF,TRBV6-6,TRBJ2-5,CAGQLSTGGGADGLTF,Donor AJD3280:LP TCRab CD4 TRM,1.000000,-,-,-,-,-,-,-,-,-,-,-

9234,single,1.0e+00,2,1,1.6e-06,1.0e+00,9.0e-03,1.8e-01,1.0e-03,9.5e-01,global-SLPNYE,CASSLpnYEQYF,CASSLPNYEQYF,TRBV11-2,TRBJ2-7,CVDNTNAGKSTF,Donor AJD3280:PB TCRab CD4 FOXP3+ Treg,1.000000,-,-,-,-,-,-,-,-,-,-,-
9234,single,1.0e+00,2,1,1.6e-06,1.0e+00,9.0e-03,1.8e-01,1.0e-03,9.5e-01,global-SLPNYE,CASSLpnYEQYF,CASSLPNYEQYF,TRBV28,TRBJ2-7,CAYRITGNQFYF,Donor AJKQ118:IEL TCRab CD4 TRM,2.000000,-,-,-,-,-,-,-,-,-,-,-
9234,single,1.0e+00,2,1,1.6e-06,1.0e+00,9.0e-03,1.8e-01,1.0e-03,9.5e-01,global-SLPNYE,CASSLpnYEQYF,CASSLPNYEQYF,TRBV28,TRBJ2-7,CAYRITGNQFYF,Donor AJKQ118:LP TCRab CD4 TRM,1.000000,-,-,-,-,-,-,-,-,-,-,-

9252,single,1.0e+00,1,1,9.5e-07,1.0e+00,1.0e-03,1.0e+00,1.0e-03,9.5e-01,global-SGQGPRGE,CASSGQGprgEQFF,CASSGQGPRGEQFF,TRBV6-1,TRBJ2-1,CAVVTIADTDKLIF,Donor AJD3280:IEL TCRab CD4 TRM,1.000000,-,-,-,-,-,-,-,-,-,-,-
9252,single,1.0e+00,1,1,9.5e-07,1.0e+00,1.0e-03,1.0e+00,1.0e-03,9.5e-01,global-SGQGPRGE,CASSGQGprgEQFF,CASSGQGPRGEQFF,TRBV6-1,TRBJ2-1,CAVVTIADTDKLIF,Donor AJD3280:LP TCRab CD4 Tph,1.000000,-,-,-,-,-,-,-,-,-,-,-

9262,single,1.0e+00,1,1,9.5e-07,1.0e+00,1.0e-03,1.0e+00,1.0e-03,9.5e-01,global-SYSRSYE,CASSYsrSYEQYF,CASSYSRSYEQYF,TRBV6-2,TRBJ2-7,CAASKANTDKLIF,Donor AJD3280:L TCRab CD4 TRM,1.000000,-,-,-,-,-,-,-,-,-,-,-
9262,single,1.0e+00,1,1,9.5e-07,1.0e+00,1.0e-03,1.0e+00,1.0e-03,9.5e-01,global-SYSRSYE,CASSYsrSYEQYF,CASSYSRSYEQYF,TRBV6-2,TRBJ2-7,CAASKANTDKLIF,Donor AJD3280:PB TCRab CD4 Naive/TCM,1.000000,-,-,-,-,-,-,-,-,-,-,-

9266,single,1.0e+00,1,1,9.5e-07,1.0e+00,1.0e-03,1.0e+00,1.0e-03,9.5e-01,global-SLGGSWATNEK,CASSLGGswaTNEKLFF,CASSLGGSWATNEKLFF,TRBV7-9,TRBJ1-4,CVVWLNNAGNMLTF,Donor AJG2309:L TCRab CD4 TCM,1.000000,-,-,-,-,-,-,-,-,-,-,-
9266,single,1.0e+00,1,1,9.5e-07,1.0e+00,1.0e-03,1.0e+00,1.0e-03,9.5e-01,global-SLGGSWATNEK,CASSLGGswaTNEKLFF,CASSLGGSWATNEKLFF,TRBV7-9,TRBJ1-4,CVVWLNNAGNMLTF,Donor AJG2309:L TCRab CD4 TRM,1.000000,-,-,-,-,-,-,-,-,-,-,-
9266,single,1.0e+00,1,1,9.5e-07,1.0e+00,1.0e-03,1.0e+00,1.0e-03,9.5e-01,global-SLGGSWATNEK,CASSLGGswaTNEKLFF,CASSLGGSWATNEKLFF,TRBV7-9,TRBJ1-4,CVVWLNNAGNMLTF,Donor AJG2309:PB TCRab CD4 Naive/TCM,1.000000,-,-,-,-,-,-,-,-,-,-,-

9278,single,1.0e+00,1,1,1.1e-08,1.0e+00,1.0e-03,1.1e-02,1.0e-03,9.5e-01,global-SDIGADYNE,CASSDigadYNEQFF,CASSDIGADYNEQFF,TRBV9,TRBJ2-1,CVAFTGGGNKLTF,Donor AJD3280:IEL TCRab CD4 TRM,1.000000,-,-,-,-,-,-,-,-,-,-,-
9278,single,1.0e+00,1,1,1.1e-08,1.0e+00,1.0e-03,1.1e-02,1.0e-03,9.5e-01,global-SDIGADYNE,CASSDigadYNEQFF,CASSDIGADYNEQFF,TRBV9,TRBJ2-1,CVAFTGGGNKLTF,Donor AJD3280:LP TCRab CD4 TRM,6.000000,-,-,-,-,-,-,-,-,-,-,-

9279,single,1.0e+00,1,1,4.6e-08,1.0e+00,1.0e-03,4.8e-02,1.0e-03,9.5e-01,global-SAVPLDNEK,CASSavpldNEKLFF,CASSAVPLDNEKLFF,TRBV7-2,TRBJ1-4,CAVRVYTGGFKTIF,Donor AJG2309:LP TCRab CD4 FOXP3+ Treg,2.000000,-,-,-,-,-,-,-,-,-,-,-
9279,single,1.0e+00,1,1,4.6e-08,1.0e+00,1.0e-03,4.8e-02,1.0e-03,9.5e-01,global-SAVPLDNEK,CASSavpldNEKLFF,CASSAVPLDNEKLFF,TRBV7-2,TRBJ1-4,CAVRVYTGGFKTIF,Donor AJG2309:LP TCRab CD4 Mobile TRM,2.000000,-,-,-,-,-,-,-,-,-,-,-

9284,single,1.0e+00,1,1,2.6e-08,1.0e+00,1.0e-03,2.7e-02,1.0e-03,9.5e-01,global-SSPSTQP,CAWSspstQPQHF,CAWSSPSTQPQHF,TRBV30,TRBJ1-5,CVVSDSTNDYKLSF,Donor AJG2309:L TCRab CD4 TRM,2.000000,-,-,-,-,-,-,-,-,-,-,-
9284,single,1.0e+00,1,1,2.6e-08,1.0e+00,1.0e-03,2.7e-02,1.0e-03,9.5e-01,global-SSPSTQP,CAWSspstQPQHF,CAWSSPSTQPQHF,TRBV30,TRBJ1-5,CVVSDSTNDYKLSF,Donor AJG2309:PB TCRab CD4 FOXP3+ Treg,2.000000,-,-,-,-,-,-,-,-,-,-,-

9301,single,1.0e+00,1,1,9.5e-09,1.0e+00,1.0e-03,1.0e-02,1.0e-03,9.5e-01,global-SGGNTRYG,CASSGGntrYGYTF,CASSGGNTRYGYTF,TRBV6-1,TRBJ1-2,CAVSEQGAQKLVF,Donor AJD3280:IEL TCRab CD4 TRM,1.000000,-,-,-,-,-,-,-,-,-,-,-
9301,single,1.0e+00,1,1,9.5e-09,1.0e+00,1.0e-03,1.0e-02,1.0e-03,9.5e-01,global-SGGNTRYG,CASSGGntrYGYTF,CASSGGNTRYGYTF,TRBV6-1,TRBJ1-2,CAVSEQGAQKLVF,Donor AJD3280:LP TCRab CD4 TRM,5.000000,-,-,-,-,-,-,-,-,-,-,-

9310,single,1.0e+00,1,1,9.5e-07,1.0e+00,1.0e-03,1.0e+00,1.0e-03,9.5e-01,global-SFYGQTDT,CASSfyGQTDTQYF,CASSFYGQTDTQYF,TRBV7-2,TRBJ2-3,CAATLSGGYQKVTF,Donor AJD3280:LP TCRab CD4 Mobile TRM,1.000000,-,-,-,-,-,-,-,-,-,-,-
9310,single,1.0e+00,1,1,9.5e-07,1.0e+00,1.0e-03,1.0e+00,1.0e-03,9.5e-01,global-SFYGQTDT,CASSfyGQTDTQYF,CASSFYGQTDTQYF,TRBV7-2,TRBJ2-3,CIVRVRETSGSRLTF,Donor AJD3280:LP TCRab CD4 TRM,1.000000,-,-,-,-,-,-,-,-,-,-,-

9327,single,1.0e+00,1,1,9.5e-07,1.0e+00,1.0e-03,1.0e+00,1.0e-03,9.5e-01,global-RRGSHTDE,CASrRGshtdEQYF,CASRRGSHTDEQYF,TRBV2,TRBJ2-7,CAVQAVNYGGATNKLIF,Donor AJD3280:L TCRab CD4 TRM,1.000000,-,-,-,-,-,-,-,-,-,-,-
9327,single,1.0e+00,1,1,9.5e-07,1.0e+00,1.0e-03,1.0e+00,1.0e-03,9.5e-01,global-RRGSHTDE,CASrRGshtdEQYF,CASRRGSHTDEQYF,TRBV2,TRBJ2-7,CAGFSGQGNLIF,Donor AJD3280:LP TCRab CD4 TRM,1.000000,-,-,-,-,-,-,-,-,-,-,-

9353,single,1.0e+00,1,1,1.0e-07,1.0e+00,1.0e-03,1.0e-01,1.0e-03,9.5e-01,global-NYRGIGE,CAWnyRGigEAFF,CAWNYRGIGEAFF,TRBV30,TRBJ1-1,CALTEGGTSYGKLTF,Donor AJD3280:IEL TCRab CD4 TRM,1.000000,-,-,-,-,-,-,-,-,-,-,-
9353,single,1.0e+00,1,1,1.0e-07,1.0e+00,1.0e-03,1.0e-01,1.0e-03,9.5e-01,global-NYRGIGE,CAWnyRGigEAFF,CAWNYRGIGEAFF,TRBV30,TRBJ1-1,CAVGRTNAGGTSYGKLTF,Donor AJD3280:IEL TCRab CD4 TRM,2.000000,-,-,-,-,-,-,-,-,-,-,-

9363,single,1.0e+00,1,1,3.8e-09,1.0e+00,1.0e-03,4.0e-03,1.0e-03,9.5e-01,global-SYLGGDSSDE,CASSYlGGdssdEQYF,CASSYLGGDSSDEQYF,TRBV6-2,TRBJ2-7,CAVRDSNYQLIW,Donor AJD3280:IEL TCRab CD4 TRM,1.000000,-,-,-,-,-,-,-,-,-,-,-
9363,single,1.0e+00,1,1,3.8e-09,1.0e+00,1.0e-03,4.0e-03,1.0e-03,9.5e-01,global-SYLGGDSSDE,CASSYlGGdssdEQYF,CASSYLGGDSSDEQYF,TRBV6-2,TRBJ2-7,CAVRDSNYQLIW,Donor AJD3280:L TCRab CD4 Naive/TCM,1.000000,-,-,-,-,-,-,-,-,-,-,-
9363,single,1.0e+00,1,1,3.8e-09,1.0e+00,1.0e-03,4.0e-03,1.0e-03,9.5e-01,global-SYLGGDSSDE,CASSYlGGdssdEQYF,CASSYLGGDSSDEQYF,TRBV6-2,TRBJ2-7,CAVRDSNYQLIW,Donor AJD3280:L TCRab CD4 TRM,8.000000,-,-,-,-,-,-,-,-,-,-,-

9369,single,1.0e+00,1,1,1.1e-08,1.0e+00,1.0e-03,1.1e-02,1.0e-03,9.5e-01,global-TRGTSGIYE,CASTrGTSGiYEQYF,CASTRGTSGIYEQYF,TRBV28,TRBJ2-7,CAARPKTSYDKVIF,Donor AJG2309:L TCRab CD4 TRM,2.000000,-,-,-,-,-,-,-,-,-,-,-
9369,single,1.0e+00,1,1,1.1e-08,1.0e+00,1.0e-03,1.1e-02,1.0e-03,9.5e-01,global-TRGTSGIYE,CASTrGTSGiYEQYF,CASTRGTSGIYEQYF,TRBV28,TRBJ2-7,CAARPKTSYDKVIF,Donor AJG2309:PB TCRab CD4 FOXP3+ Treg,5.000000,-,-,-,-,-,-,-,-,-,-,-
9369,single,1.0e+00,1,1,1.1e-08,1.0e+00,1.0e-03,1.1e-02,1.0e-03,9.5e-01,global-TRGTSGIYE,CASTrGTSGiYEQYF,CASTRGTSGIYEQYF,TRBV28,TRBJ2-7,CAARPKTSYDKVIF,Donor AJG2309:PB TCRab CD4 Naive/TCM,1.000000,-,-,-,-,-,-,-,-,-,-,-

9371,single,1.0e+00,1,1,9.5e-07,1.0e+00,1.0e-03,1.0e+00,1.0e-03,9.5e-01,global-RDFDSNYG,CSARdfdsNYGYTF,CSARDFDSNYGYTF,TRBV20-1,TRBJ1-2,CAVGAGQAGTALIF,Donor AJKQ118:PB TCRab CD4 FOXP3+ Treg,1.000000,-,-,-,-,-,-,-,-,-,-,-
9371,single,1.0e+00,1,1,9.5e-07,1.0e+00,1.0e-03,1.0e+00,1.0e-03,9.5e-01,global-RDFDSNYG,CSARdfdsNYGYTF,CSARDFDSNYGYTF,TRBV20-1,TRBJ1-2,CALSDVAGGYQKVTF,Donor AJKQ118:PB TCRab CD4 FOXP3+ Treg,1.000000,-,-,-,-,-,-,-,-,-,-,-

9387,single,1.0e+00,1,1,8.3e-08,1.0e+00,1.0e-03,8.7e-02,1.0e-03,9.5e-01,global-SVDPLPSDG,CASSVdplpsdGYTF,CASSVDPLPSDGYTF,TRBV9,TRBJ1-2,CACPRGSARQLTF,Donor AJG2309:L TCRab CD4 TRM,1.000000,-,-,-,-,-,-,-,-,-,-,-
9387,single,1.0e+00,1,1,8.3e-08,1.0e+00,1.0e-03,8.7e-02,1.0e-03,9.5e-01,global-SVDPLPSDG,CASSVdplpsdGYTF,CASSVDPLPSDGYTF,TRBV9,TRBJ1-2,CACPRGSARQLTF,Donor AJG2309:LP TCRab CD4 TRM,2.000000,-,-,-,-,-,-,-,-,-,-,-

9404,single,1.0e+00,1,1,9.5e-08,1.0e+00,1.0e-03,9.9e-02,1.0e-03,9.5e-01,global-SLSRDRATDT,CASSLsrDRaTDTQYF,CASSLSRDRATDTQYF,TRBV7-2,TRBJ2-3,CAESRDSSASKIIF,Donor AJD3280:IEL TCRab CD4 FOXP3+ Treg,1.000000,-,-,-,-,-,-,-,-,-,-,-
9404,single,1.0e+00,1,1,9.5e-08,1.0e+00,1.0e-03,9.9e-02,1.0e-03,9.5e-01,global-SLSRDRATDT,CASSLsrDRaTDTQYF,CASSLSRDRATDTQYF,TRBV7-2,TRBJ2-3,CAESRDSSASKIIF,Donor AJD3280:LP TCRab CD4 FOXP3+ Treg,2.000000,-,-,-,-,-,-,-,-,-,-,-

9424,single,1.0e+00,1,1,9.5e-07,1.0e+00,1.0e-03,1.0e+00,1.0e-03,9.5e-01,global-SYSEGATAGTLGNT,CASSYsegataGTlGNTIYF,CASSYSEGATAGTLGNTIYF,TRBV6-5,TRBJ1-3,CAYRSASYGKLTF,Donor AJG2309:PB TCRab CD4 FOXP3+ Treg,1.000000,-,-,-,-,-,-,-,-,-,-,-
9424,single,1.0e+00,1,1,9.5e-07,1.0e+00,1.0e-03,1.0e+00,1.0e-03,9.5e-01,global-SYSEGATAGTLGNT,CASSYsegataGTlGNTIYF,CASSYSEGATAGTLGNTIYF,TRBV6-5,TRBJ1-3,CAYRSASYGKLTF,Donor AJG2309:PB TCRab CD4 Naive/TCM,1.000000,-,-,-,-,-,-,-,-,-,-,-

9447,single,1.0e+00,1,1,3.7e-08,1.0e+00,1.0e-03,3.9e-02,1.0e-03,9.5e-01,global-SPVAGTQET,CASSPvaGTQETQYF,CASSPVAGTQETQYF,TRBV7-2,TRBJ2-5,CAVSPLGSGNTPLVF,Donor AJD3280:IEL TCRab CD4 Mobile TRM,1.000000,-,-,-,-,-,-,-,-,-,-,-
9447,single,1.0e+00,1,1,3.7e-08,1.0e+00,1.0e-03,3.9e-02,1.0e-03,9.5e-01,global-SPVAGTQET,CASSPvaGTQETQYF,CASSPVAGTQETQYF,TRBV7-2,TRBJ2-5,CAVSPLGSGNTPLVF,Donor AJD3280:IEL TCRab CD4 TRM,3.000000,-,-,-,-,-,-,-,-,-,-,-
9447,single,1.0e+00,1,1,3.7e-08,1.0e+00,1.0e-03,3.9e-02,1.0e-03,9.5e-01,global-SPVAGTQET,CASSPvaGTQETQYF,CASSPVAGTQETQYF,TRBV7-2,TRBJ2-5,CAVSPLGSGNTPLVF,Donor AJD3280:LP TCRab CD4 Mobile TRM,1.000000,-,-,-,-,-,-,-,-,-,-,-
9447,single,1.0e+00,1,1,3.7e-08,1.0e+00,1.0e-03,3.9e-02,1.0e-03,9.5e-01,global-SPVAGTQET,CASSPvaGTQETQYF,CASSPVAGTQETQYF,TRBV7-2,TRBJ2-5,CAVSPLGSGNTPLVF,Donor AJD3280:LP TCRab CD4 Tph,2.000000,-,-,-,-,-,-,-,-,-,-,-

9449,single,1.0e+00,1,1,9.5e-07,1.0e+00,1.0e-03,1.0e+00,1.0e-03,9.5e-01,global-VFPATG,CSVvfpaTGLFF,CSVVFPATGLFF,TRBV29-1,TRBJ1-4,CAVEGPGGSQGNLIF,Donor AJKQ118:LP TCRab CD4 TRM,1.000000,-,-,-,-,-,-,-,-,-,-,-
9449,single,1.0e+00,1,1,9.5e-07,1.0e+00,1.0e-03,1.0e+00,1.0e-03,9.5e-01,global-VFPATG,CSVvfpaTGLFF,CSVVFPATGLFF,TRBV29-1,TRBJ1-4,CAGDRAAGNKLTF,Donor AJKQ118:LP TCRab CD4 TRM,1.000000,-,-,-,-,-,-,-,-,-,-,-

9453,single,1.0e+00,1,1,9.5e-07,1.0e+00,1.0e-03,1.0e+00,1.0e-03,9.5e-01,global-SLASAGSVDT,CASSLasAGsvDTQYF,CASSLASAGSVDTQYF,TRBV7-9,TRBJ2-3,CVVKRNNNARLMF,Donor AJD3280:LP TCRab CD4 TRM,1.000000,-,-,-,-,-,-,-,-,-,-,-
9453,single,1.0e+00,1,1,9.5e-07,1.0e+00,1.0e-03,1.0e+00,1.0e-03,9.5e-01,global-SLASAGSVDT,CASSLasAGsvDTQYF,CASSLASAGSVDTQYF,TRBV7-9,TRBJ2-3,CAASARGGGGFKTIF,Donor AJD3280:LP TCRab CD4 TRM,1.000000,-,-,-,-,-,-,-,-,-,-,-

9494,single,1.0e+00,1,1,9.5e-07,1.0e+00,1.0e-03,1.0e+00,1.0e-03,9.5e-01,global-SRARGTDT,CASSRaRGTDTQYF,CASSRARGTDTQYF,TRBV19,TRBJ2-3,CAVQAPQAGTALIF,Donor AJKQ118:PB TCRab CD4 FOXP3+ Treg,1.000000,-,-,-,-,-,-,-,-,-,-,-
9494,single,1.0e+00,1,1,9.5e-07,1.0e+00,1.0e-03,1.0e+00,1.0e-03,9.5e-01,global-SRARGTDT,CASSRaRGTDTQYF,CASSRARGTDTQYF,TRBV19,TRBJ2-3,CALIPPGHDYKLSF,Donor AJKQ118:PB TCRab CD4 Naive/TCM,1.000000,-,-,-,-,-,-,-,-,-,-,-

9495,single,1.0e+00,1,1,9.5e-07,1.0e+00,1.0e-03,1.0e+00,1.0e-03,9.5e-01,global-GTVSNQP,CATGTvSNQPQHF,CATGTVSNQPQHF,TRBV27,TRBJ1-5,CAYRTSGGYQKVTF,Donor AJKQ118:L TCRab CD4 TRM,1.000000,-,-,-,-,-,-,-,-,-,-,-
9495,single,1.0e+00,1,1,9.5e-07,1.0e+00,1.0e-03,1.0e+00,1.0e-03,9.5e-01,global-GTVSNQP,CATGTvSNQPQHF,CATGTVSNQPQHF,TRBV27,TRBJ1-5,CAYRTSGGYQKVTF,Donor AJKQ118:LP TCRab CD4 TRM,1.000000,-,-,-,-,-,-,-,-,-,-,-

9512,single,1.0e+00,1,1,1.3e-07,1.0e+00,1.0e-03,1.3e-01,1.0e-03,9.5e-01,global-SIKGLLGYTDT,CASSIkGLlgyTDTQYF,CASSIKGLLGYTDTQYF,TRBV28,TRBJ2-3,CALSEETYTGANSKLTF,Donor AJG2309:L TCRab CD4 TRM,1.000000,-,-,-,-,-,-,-,-,-,-,-
9512,single,1.0e+00,1,1,1.3e-07,1.0e+00,1.0e-03,1.3e-01,1.0e-03,9.5e-01,global-SIKGLLGYTDT,CASSIkGLlgyTDTQYF,CASSIKGLLGYTDTQYF,TRBV28,TRBJ2-3,CALSEETYTGANSKLTF,Donor AJG2309:LP TCRab CD4 TRM,2.000000,-,-,-,-,-,-,-,-,-,-,-

9589,single,1.0e+00,1,1,9.5e-07,1.0e+00,1.0e-03,1.0e+00,1.0e-03,9.5e-01,global-SKWTGGDEK,CASSKwTGGdEKLFF,CASSKWTGGDEKLFF,TRBV5-4,TRBJ1-4,CAASIPNTDKLIF,Donor AJD3280:L TCRab CD4 TRM,1.000000,-,-,-,-,-,-,-,-,-,-,-
9589,single,1.0e+00,1,1,9.5e-07,1.0e+00,1.0e-03,1.0e+00,1.0e-03,9.5e-01,global-SKWTGGDEK,CASSKwTGGdEKLFF,CASSKWTGGDEKLFF,TRBV5-4,TRBJ1-4,CAASIPNTDKLIF,Donor AJD3280:LP TCRab CD4 TRM,1.000000,-,-,-,-,-,-,-,-,-,-,-

9591,single,1.0e+00,1,1,9.5e-07,1.0e+00,1.0e-03,1.0e+00,1.0e-03,9.5e-01,global-RDRSPATSTDT,CSARDRspatSTDTQYF,CSARDRSPATSTDTQYF,TRBV20-1,TRBJ2-3,CATDPGRRALTF,Donor AJKQ118:L TCRab CD4 TRM,1.000000,-,-,-,-,-,-,-,-,-,-,-
9591,single,1.0e+00,1,1,9.5e-07,1.0e+00,1.0e-03,1.0e+00,1.0e-03,9.5e-01,global-RDRSPATSTDT,CSARDRspatSTDTQYF,CSARDRSPATSTDTQYF,TRBV20-1,TRBJ2-3,CATDPGRRALTF,Donor AJKQ118:PB TCRab CD4 Naive/TCM,1.000000,-,-,-,-,-,-,-,-,-,-,-

9592,single,1.0e+00,1,1,1.4e-07,1.0e+00,1.0e-03,1.5e-01,1.0e-03,9.5e-01,global-SLARGVWDRTYE,CASSLaRGvwdrtYEQYF,CASSLARGVWDRTYEQYF,TRBV7-9,TRBJ2-7,CAVGLGGSQGNLIF,Donor AJKQ118:IEL TCRab CD4 TRM,1.000000,-,-,-,-,-,-,-,-,-,-,-
9592,single,1.0e+00,1,1,1.4e-07,1.0e+00,1.0e-03,1.5e-01,1.0e-03,9.5e-01,global-SLARGVWDRTYE,CASSLaRGvwdrtYEQYF,CASSLARGVWDRTYEQYF,TRBV7-9,TRBJ2-7,CAVGLGGSQGNLIF,Donor AJKQ118:L TCRab CD4 TRM,1.000000,-,-,-,-,-,-,-,-,-,-,-
9592,single,1.0e+00,1,1,1.4e-07,1.0e+00,1.0e-03,1.5e-01,1.0e-03,9.5e-01,global-SLARGVWDRTYE,CASSLaRGvwdrtYEQYF,CASSLARGVWDRTYEQYF,TRBV7-9,TRBJ2-7,CAVGLGGSQGNLIF,Donor AJKQ118:LP TCRab CD4 TRM,2.000000,-,-,-,-,-,-,-,-,-,-,-

9599,single,1.0e+00,1,1,1.1e-07,1.0e+00,1.0e-03,1.1e-01,1.0e-03,9.5e-01,global-SSIGQYSGNT,CASSSiGQySGNTIYF,CASSSIGQYSGNTIYF,TRBV6-5,TRBJ1-3,CAESPSGGYQKVTF,Donor AJG2309:LP TCRab CD4 TRM,1.000000,-,-,-,-,-,-,-,-,-,-,-
9599,single,1.0e+00,1,1,1.1e-07,1.0e+00,1.0e-03,1.1e-01,1.0e-03,9.5e-01,global-SSIGQYSGNT,CASSSiGQySGNTIYF,CASSSIGQYSGNTIYF,TRBV6-5,TRBJ1-3,CAESPSGGYQKVTF,Donor AJG2309:PB TCRab CD4 FOXP3+ Treg,2.000000,-,-,-,-,-,-,-,-,-,-,-

9662,single,1.0e+00,1,1,9.5e-07,1.0e+00,1.0e-03,1.0e+00,1.0e-03,9.5e-01,global-LDRVAYE,CATlDRvaYEQYF,CATLDRVAYEQYF,TRBV10-3,TRBJ2-7,CAVSDSNYQLIW,Donor AJD3280:L TCRab CD4 TRM,1.000000,-,-,-,-,-,-,-,-,-,-,-
9662,single,1.0e+00,1,1,9.5e-07,1.0e+00,1.0e-03,1.0e+00,1.0e-03,9.5e-01,global-LDRVAYE,CATlDRvaYEQYF,CATLDRVAYEQYF,TRBV10-3,TRBJ2-7,CAASKGYSTLTF,Donor AJD3280:L TCRab CD4 TRM,1.000000,-,-,-,-,-,-,-,-,-,-,-

9672,single,1.0e+00,1,1,9.6e-08,1.0e+00,1.0e-03,1.0e-01,1.0e-03,9.5e-01,global-SEGPGGETP,CASSEgpGGetPLHF,CASSEGPGGETPLHF,TRBV9,TRBJ1-6,CAVSATGANSKLTF,Donor AJKQ118:IEL TCRab CD4 TRM,1.000000,-,-,-,-,-,-,-,-,-,-,-
9672,single,1.0e+00,1,1,9.6e-08,1.0e+00,1.0e-03,1.0e-01,1.0e-03,9.5e-01,global-SEGPGGETP,CASSEgpGGetPLHF,CASSEGPGGETPLHF,TRBV9,TRBJ1-6,CAVSATGANSKLTF,Donor AJKQ118:LP TCRab CD4 TRM,2.000000,-,-,-,-,-,-,-,-,-,-,-

9723,single,1.0e+00,1,1,9.5e-07,1.0e+00,1.0e-03,1.0e+00,1.0e-03,9.5e-01,global-SFSDRGE,CASSfsDRGEQYF,CASSFSDRGEQYF,TRBV28,TRBJ2-7,CAVAPNSGYALNF,Donor AJKQ118:L TCRab CD4 Naive/TCM,1.000000,-,-,-,-,-,-,-,-,-,-,-
9723,single,1.0e+00,1,1,9.5e-07,1.0e+00,1.0e-03,1.0e+00,1.0e-03,9.5e-01,global-SFSDRGE,CASSfsDRGEQYF,CASSFSDRGEQYF,TRBV28,TRBJ2-7,CAVAPNSGYALNF,Donor AJKQ118:LP TCRab CD4 Tph,1.000000,-,-,-,-,-,-,-,-,-,-,-

9778,single,1.0e+00,2,1,5.3e-05,1.0e+00,5.6e-02,1.0e+00,1.0e-03,9.5e-01,global-SLTGQGNSP,CASSLtGQGNSPLHF,CASSLTGQGNSPLHF,TRBV5-1,TRBJ1-6,CAAGFTGKLIF,Donor AJD3280:L TCRab CD4 Naive/TCM,1.000000,-,-,-,-,-,-,-,-,-,-,-
9778,single,1.0e+00,2,1,5.3e-05,1.0e+00,5.6e-02,1.0e+00,1.0e-03,9.5e-01,global-SLTGQGNSP,CASSLtGQGNSPLHF,CASSLTGQGNSPLHF,TRBV7-3,TRBJ1-6,CLVGENAGKSTF,Donor AJG2309:PB TCRab CD4 Naive/TCM,1.000000,-,-,-,-,-,-,-,-,-,-,-

9786,single,1.0e+00,1,1,9.5e-07,1.0e+00,1.0e-03,1.0e+00,1.0e-03,9.5e-01,global-SQVAGNTE,CASSQvAGNTEAFF,CASSQVAGNTEAFF,TRBV4-3,TRBJ1-1,CAAYQTGANNLFF,Donor AJD3280:IEL TCRab CD4 TRM,1.000000,-,-,-,-,-,-,-,-,-,-,-
9786,single,1.0e+00,1,1,9.5e-07,1.0e+00,1.0e-03,1.0e+00,1.0e-03,9.5e-01,global-SQVAGNTE,CASSQvAGNTEAFF,CASSQVAGNTEAFF,TRBV4-3,TRBJ1-1,CALVDFSGNTPLVF,Donor AJD3280:IEL TCRab CD4 TRM,1.000000,-,-,-,-,-,-,-,-,-,-,-

9792,single,1.0e+00,1,1,9.5e-07,1.0e+00,1.0e-03,1.0e+00,1.0e-03,9.5e-01,global-SSVLGE,CASSSvlgEAFF,CASSSVLGEAFF,TRBV9,TRBJ1-1,CAEIKAAGNKLTF,Donor AJD3280:IEL TCRab CD4 FOXP3+ Treg,1.000000,-,-,-,-,-,-,-,-,-,-,-
9792,single,1.0e+00,1,1,9.5e-07,1.0e+00,1.0e-03,1.0e+00,1.0e-03,9.5e-01,global-SSVLGE,CASSSvlgEAFF,CASSSVLGEAFF,TRBV9,TRBJ1-1,CAEIKAAGNKLTF,Donor AJD3280:LP TCRab CD4 FOXP3+ Treg,1.000000,-,-,-,-,-,-,-,-,-,-,-

9830,single,1.0e+00,1,1,9.5e-07,1.0e+00,1.0e-03,1.0e+00,1.0e-03,9.5e-01,global-STAGGQP,CAWStAGGQPQHF,CAWSTAGGQPQHF,TRBV30,TRBJ1-5,CIVRVVGNTPLVF,Donor AJKQ118:L TCRab CD4 Naive/TCM,1.000000,-,-,-,-,-,-,-,-,-,-,-
9830,single,1.0e+00,1,1,9.5e-07,1.0e+00,1.0e-03,1.0e+00,1.0e-03,9.5e-01,global-STAGGQP,CAWStAGGQPQHF,CAWSTAGGQPQHF,TRBV30,TRBJ1-5,CAVARQDSNYQLIW,Donor AJKQ118:L TCRab CD4 Naive/TCM,1.000000,-,-,-,-,-,-,-,-,-,-,-
9830,single,1.0e+00,1,1,9.5e-07,1.0e+00,1.0e-03,1.0e+00,1.0e-03,9.5e-01,global-STAGGQP,CAWStAGGQPQHF,CAWSTAGGQPQHF,TRBV30,TRBJ1-5,CIVRVVGNTPLVF,Donor AJKQ118:L TCRab CD4 TRM,1.000000,-,-,-,-,-,-,-,-,-,-,-

9847,single,1.0e+00,1,1,5.2e-08,1.0e+00,1.0e-03,5.4e-02,1.0e-03,9.5e-01,global-SSGTGRNTE,CASSSGTGrNTEAFF,CASSSGTGRNTEAFF,TRBV11-3,TRBJ1-1,CIVRDYTGANSKLTF,Donor AJD3280:IEL TCRab CD4 TRM,2.000000,-,-,-,-,-,-,-,-,-,-,-
9847,single,1.0e+00,1,1,5.2e-08,1.0e+00,1.0e-03,5.4e-02,1.0e-03,9.5e-01,global-SSGTGRNTE,CASSSGTGrNTEAFF,CASSSGTGRNTEAFF,TRBV11-3,TRBJ1-1,CIVRDYTGANSKLTF,Donor AJD3280:LP TCRab CD4 Tph,2.000000,-,-,-,-,-,-,-,-,-,-,-

9854,single,1.0e+00,1,1,9.5e-07,1.0e+00,1.0e-03,1.0e+00,1.0e-03,9.5e-01,global-RGVGTDT,CSARgvgTDTQYF,CSARGVGTDTQYF,TRBV20-1,TRBJ2-3,CARYNFNKFYF,Donor AJKQ118:L TCRab CD4 TRM,1.000000,-,-,-,-,-,-,-,-,-,-,-
9854,single,1.0e+00,1,1,9.5e-07,1.0e+00,1.0e-03,1.0e+00,1.0e-03,9.5e-01,global-RGVGTDT,CSARgvgTDTQYF,CSARGVGTDTQYF,TRBV20-1,TRBJ2-3,CARYNFNKFYF,Donor AJKQ118:LP TCRab CD4 Mobile TRM,1.000000,-,-,-,-,-,-,-,-,-,-,-

9878,single,1.0e+00,1,1,1.5e-08,1.0e+00,1.0e-03,1.6e-02,1.0e-03,9.5e-01,global-RRQETE,CASrrqeTEAFF,CASRRQETEAFF,TRBV19,TRBJ1-1,CVVNGASGSSASKIIF,Donor AJKQ118:IEL TCRab CD4 TRM,3.000000,-,-,-,-,-,-,-,-,-,-,-
9878,single,1.0e+00,1,1,1.5e-08,1.0e+00,1.0e-03,1.6e-02,1.0e-03,9.5e-01,global-RRQETE,CASrrqeTEAFF,CASRRQETEAFF,TRBV19,TRBJ1-1,CVVNGASGSSASKIIF,Donor AJKQ118:L TCRab CD4 TRM,1.000000,-,-,-,-,-,-,-,-,-,-,-
9878,single,1.0e+00,1,1,1.5e-08,1.0e+00,1.0e-03,1.6e-02,1.0e-03,9.5e-01,global-RRQETE,CASrrqeTEAFF,CASRRQETEAFF,TRBV19,TRBJ1-1,CVVNGASGSSASKIIF,Donor AJKQ118:LP TCRab CD4 TRM,3.000000,-,-,-,-,-,-,-,-,-,-,-

9880,single,1.0e+00,1,1,1.0e-07,1.0e+00,1.0e-03,1.0e-01,1.0e-03,9.5e-01,global-SPQVGSYE,CASSPqvgSYEQYF,CASSPQVGSYEQYF,TRBV11-3,TRBJ2-7,CAMSRGGSNYKLTF,Donor AJD3280:IEL TCRab CD4 TRM,1.000000,-,-,-,-,-,-,-,-,-,-,-
9880,single,1.0e+00,1,1,1.0e-07,1.0e+00,1.0e-03,1.0e-01,1.0e-03,9.5e-01,global-SPQVGSYE,CASSPqvgSYEQYF,CASSPQVGSYEQYF,TRBV11-3,TRBJ2-7,CAMSRGGSNYKLTF,Donor AJD3280:LP TCRab CD4 TRM,2.000000,-,-,-,-,-,-,-,-,-,-,-

9917,single,1.0e+00,1,1,9.5e-07,1.0e+00,1.0e-03,1.0e+00,1.0e-03,9.5e-01,global-SLRLLDSPE,CASSLrlldspEAFF,CASSLRLLDSPEAFF,TRBV11-3,TRBJ1-1,CARRNQGGKLIF,Donor AJD3280:IEL TCRab CD4 FOXP3+ Treg,1.000000,-,-,-,-,-,-,-,-,-,-,-
9917,single,1.0e+00,1,1,9.5e-07,1.0e+00,1.0e-03,1.0e+00,1.0e-03,9.5e-01,global-SLRLLDSPE,CASSLrlldspEAFF,CASSLRLLDSPEAFF,TRBV11-3,TRBJ1-1,CARRNQGGKLIF,Donor AJD3280:LP TCRab CD4 FOXP3+ Treg,1.000000,-,-,-,-,-,-,-,-,-,-,-

10031,single,1.0e+00,1,1,2.5e-08,1.0e+00,1.0e-03,2.6e-02,1.0e-03,9.5e-01,global-SRDNGE,CASSRdnGELFF,CASSRDNGELFF,TRBV5-1,TRBJ2-2,CAASRYGGATNKLIF,Donor AJKQ118:L TCRab CD4 TCM,1.000000,-,-,-,-,-,-,-,-,-,-,-
10031,single,1.0e+00,1,1,2.5e-08,1.0e+00,1.0e-03,2.6e-02,1.0e-03,9.5e-01,global-SRDNGE,CASSRdnGELFF,CASSRDNGELFF,TRBV5-1,TRBJ2-2,CAASRYGGATNKLIF,Donor AJKQ118:L TCRab CD4 TRM,3.000000,-,-,-,-,-,-,-,-,-,-,-

10032,single,1.0e+00,1,1,9.5e-07,1.0e+00,1.0e-03,1.0e+00,1.0e-03,9.5e-01,global-SEAGQGE,CASSEaGQGEAFF,CASSEAGQGEAFF,TRBV6-1,TRBJ1-1,CAMSPSGTYKYIF,Donor AJD3280:IEL TCRab CD4 FOXP3+ Treg,1.000000,-,-,-,-,-,-,-,-,-,-,-
10032,single,1.0e+00,1,1,9.5e-07,1.0e+00,1.0e-03,1.0e+00,1.0e-03,9.5e-01,global-SEAGQGE,CASSEaGQGEAFF,CASSEAGQGEAFF,TRBV6-1,TRBJ1-1,CAMSPSGTYKYIF,Donor AJD3280:LP TCRab CD4 FOXP3+ Treg,1.000000,-,-,-,-,-,-,-,-,-,-,-
10032,single,1.0e+00,1,1,9.5e-07,1.0e+00,1.0e-03,1.0e+00,1.0e-03,9.5e-01,global-SEAGQGE,CASSEaGQGEAFF,CASSEAGQGEAFF,TRBV6-1,TRBJ1-1,CAVQARDSGYALNF,Donor AJD3280:LP TCRab CD4 FOXP3+ Treg,1.000000,-,-,-,-,-,-,-,-,-,-,-

10034,single,1.0e+00,1,1,9.6e-08,1.0e+00,1.0e-03,1.0e-01,1.0e-03,9.5e-01,global-SESAGSGRTAST,CAISEsagSGRtasTIYF,CAISESAGSGRTASTIYF,TRBV10-3,TRBJ1-3,CAAINAGNNRKLIW,Donor AJD3280:IEL TCRab CD4 TRM,1.000000,-,-,-,-,-,-,-,-,-,-,-
10034,single,1.0e+00,1,1,9.6e-08,1.0e+00,1.0e-03,1.0e-01,1.0e-03,9.5e-01,global-SESAGSGRTAST,CAISEsagSGRtasTIYF,CAISESAGSGRTASTIYF,TRBV10-3,TRBJ1-3,CAAINAGNNRKLIW,Donor AJD3280:LP TCRab CD4 TRM,2.000000,-,-,-,-,-,-,-,-,-,-,-

10045,single,1.0e+00,1,1,9.5e-07,1.0e+00,1.0e-03,1.0e+00,1.0e-03,9.5e-01,global-TPRAGLNTGE,CASTpraGLNTGELFF,CASTPRAGLNTGELFF,TRBV27,TRBJ2-2,CAALRASGTYKYIF,Donor AJG2309:L TCRab CD4 TRM,1.000000,-,-,-,-,-,-,-,-,-,-,-
10045,single,1.0e+00,1,1,9.5e-07,1.0e+00,1.0e-03,1.0e+00,1.0e-03,9.5e-01,global-TPRAGLNTGE,CASTpraGLNTGELFF,CASTPRAGLNTGELFF,TRBV27,TRBJ2-2,CAALRASGTYKYIF,Donor AJG2309:PB TCRab CD4 FOXP3+ Treg,1.000000,-,-,-,-,-,-,-,-,-,-,-

10194,single,1.0e+00,1,1,9.5e-07,1.0e+00,1.0e-03,1.0e+00,1.0e-03,9.5e-01,global-SEAGDNSP,CASSEAGdNSPLHF,CASSEAGDNSPLHF,TRBV2,TRBJ1-6,CAVSDSEGGQKLLF,Donor AJG2309:L TCRab CD4 TRM,1.000000,-,-,-,-,-,-,-,-,-,-,-
10194,single,1.0e+00,1,1,9.5e-07,1.0e+00,1.0e-03,1.0e+00,1.0e-03,9.5e-01,global-SEAGDNSP,CASSEAGdNSPLHF,CASSEAGDNSPLHF,TRBV2,TRBJ1-6,CAVSDSEGGQKLLF,Donor AJG2309:PB TCRab CD4 Naive/TCM,1.000000,-,-,-,-,-,-,-,-,-,-,-

10219,single,1.0e+00,1,1,9.5e-07,1.0e+00,1.0e-03,1.0e+00,1.0e-03,9.5e-01,global-SLWGHNQET,CASSLwghnQETQYF,CASSLWGHNQETQYF,TRBV7-2,TRBJ2-5,CAVNARDSSYKLIF,Donor AJD3280:LP TCRab CD4 Mobile TRM,1.000000,-,-,-,-,-,-,-,-,-,-,-
10219,single,1.0e+00,1,1,9.5e-07,1.0e+00,1.0e-03,1.0e+00,1.0e-03,9.5e-01,global-SLWGHNQET,CASSLwghnQETQYF,CASSLWGHNQETQYF,TRBV7-2,TRBJ2-5,CAVNARDSSYKLIF,Donor AJD3280:LP TCRab CD4 TRM,1.000000,-,-,-,-,-,-,-,-,-,-,-

10228,single,1.0e+00,1,1,9.5e-07,1.0e+00,1.0e-03,1.0e+00,1.0e-03,9.5e-01,global-SQEKQGTSEK,CASSQekqGTSEKLFF,CASSQEKQGTSEKLFF,TRBV4-2,TRBJ1-4,CAVRDGGGTASKLTF,Donor AJKQ118:PB TCRab CD4 Naive/TCM,1.000000,-,-,-,-,-,-,-,-,-,-,-
10228,single,1.0e+00,1,1,9.5e-07,1.0e+00,1.0e-03,1.0e+00,1.0e-03,9.5e-01,global-SQEKQGTSEK,CASSQekqGTSEKLFF,CASSQEKQGTSEKLFF,TRBV4-2,TRBJ1-4,CAVRPNDGQNFVF,Donor AJKQ118:PB TCRab CD4 Naive/TCM,1.000000,-,-,-,-,-,-,-,-,-,-,-

10240,single,1.0e+00,1,1,1.7e-08,1.0e+00,1.0e-03,1.8e-02,1.0e-03,9.5e-01,global-ATSGGAET,CSAaTSGGaETQYF,CSAATSGGAETQYF,TRBV29-1,TRBJ2-5,CAEKIGNTGNQFYF,Donor AJD3280:IEL TCRab CD4 FOXP3+ Treg,4.000000,-,-,-,-,-,-,-,-,-,-,-
10240,single,1.0e+00,1,1,1.7e-08,1.0e+00,1.0e-03,1.8e-02,1.0e-03,9.5e-01,global-ATSGGAET,CSAaTSGGaETQYF,CSAATSGGAETQYF,TRBV29-1,TRBJ2-5,CAEKIGNTGNQFYF,Donor AJD3280:LP TCRab CD4 FOXP3+ Treg,1.000000,-,-,-,-,-,-,-,-,-,-,-

10243,single,1.0e+00,1,1,9.5e-07,1.0e+00,1.0e-03,1.0e+00,1.0e-03,9.5e-01,global-SLASKPWDS,CASSLaskpwdsQYF,CASSLASKPWDSQYF,TRBV12-4,TRBJ2-5,CAYRSAYDKIIF,Donor AJKQ118:IEL TCRab CD4 TRM,1.000000,-,-,-,-,-,-,-,-,-,-,-
10243,single,1.0e+00,1,1,9.5e-07,1.0e+00,1.0e-03,1.0e+00,1.0e-03,9.5e-01,global-SLASKPWDS,CASSLaskpwdsQYF,CASSLASKPWDSQYF,TRBV12-4,TRBJ2-5,CAYRSAYDKIIF,Donor AJKQ118:LP TCRab CD4 TRM,1.000000,-,-,-,-,-,-,-,-,-,-,-

10244,single,1.0e+00,1,1,9.5e-07,1.0e+00,1.0e-03,1.0e+00,1.0e-03,9.5e-01,global-RDTETSTDT,CSARdtetSTDTQYF,CSARDTETSTDTQYF,TRBV20-1,TRBJ2-3,CALSATLGGNKFYF,Donor AJG2309:L TCRab CD4 TRM,1.000000,-,-,-,-,-,-,-,-,-,-,-
10244,single,1.0e+00,1,1,9.5e-07,1.0e+00,1.0e-03,1.0e+00,1.0e-03,9.5e-01,global-RDTETSTDT,CSARdtetSTDTQYF,CSARDTETSTDTQYF,TRBV20-1,TRBJ2-3,CALSATLGGNKFYF,Donor AJG2309:LP TCRab CD4 Mobile TRM,1.000000,-,-,-,-,-,-,-,-,-,-,-
10244,single,1.0e+00,1,1,9.5e-07,1.0e+00,1.0e-03,1.0e+00,1.0e-03,9.5e-01,global-RDTETSTDT,CSARdtetSTDTQYF,CSARDTETSTDTQYF,TRBV20-1,TRBJ2-3,CALSATLGGNKFYF,Donor AJG2309:LP TCRab CD4 TRM,1.000000,-,-,-,-,-,-,-,-,-,-,-
10244,single,1.0e+00,1,1,9.5e-07,1.0e+00,1.0e-03,1.0e+00,1.0e-03,9.5e-01,global-RDTETSTDT,CSARdtetSTDTQYF,CSARDTETSTDTQYF,TRBV20-1,TRBJ2-3,CALSATLGGNKFYF,Donor AJG2309:PB TCRab CD4 Naive/TCM,1.000000,-,-,-,-,-,-,-,-,-,-,-

10268,single,1.0e+00,1,1,1.8e-08,1.0e+00,1.0e-03,1.9e-02,1.0e-03,9.5e-01,global-SSGVVGNSP,CASSSgvvgNSPLHF,CASSSGVVGNSPLHF,TRBV28,TRBJ1-6,CAASGGRRYGGSQGNLIF,Donor AJKQ118:L TCRab CD4 TRM,4.000000,-,-,-,-,-,-,-,-,-,-,-
10268,single,1.0e+00,1,1,1.8e-08,1.0e+00,1.0e-03,1.9e-02,1.0e-03,9.5e-01,global-SSGVVGNSP,CASSSgvvgNSPLHF,CASSSGVVGNSPLHF,TRBV28,TRBJ1-6,CAASGGRRYGGSQGNLIF,Donor AJKQ118:LP TCRab CD4 TRM,1.000000,-,-,-,-,-,-,-,-,-,-,-

10295,single,1.0e+00,1,1,9.5e-07,1.0e+00,1.0e-03,1.0e+00,1.0e-03,9.5e-01,global-TRMRGQET,CAWtrmRGQETQYF,CAWTRMRGQETQYF,TRBV30,TRBJ2-5,CAGARGGGATNKLIF,Donor AJD3280:IEL TCRab CD4 TRM,1.000000,-,-,-,-,-,-,-,-,-,-,-
10295,single,1.0e+00,1,1,9.5e-07,1.0e+00,1.0e-03,1.0e+00,1.0e-03,9.5e-01,global-TRMRGQET,CAWtrmRGQETQYF,CAWTRMRGQETQYF,TRBV30,TRBJ2-5,CAGARGGGATNKLIF,Donor AJD3280:LP TCRab CD4 TRM,1.000000,-,-,-,-,-,-,-,-,-,-,-
10295,single,1.0e+00,1,1,9.5e-07,1.0e+00,1.0e-03,1.0e+00,1.0e-03,9.5e-01,global-TRMRGQET,CAWtrmRGQETQYF,CAWTRMRGQETQYF,TRBV30,TRBJ2-5,CAGARGGGATNKLIF,Donor AJD3280:PB TCRab CD4 Naive/TCM,1.000000,-,-,-,-,-,-,-,-,-,-,-

10339,single,1.0e+00,1,1,9.5e-07,1.0e+00,1.0e-03,1.0e+00,1.0e-03,9.5e-01,global-RVGLGGET,CSARvGLggETQYF,CSARVGLGGETQYF,TRBV20-1,TRBJ2-5,CAENMGNSGGSNYKLTF,Donor AJD3280:LP TCRab CD4 Poised TCM,1.000000,-,-,-,-,-,-,-,-,-,-,-
10339,single,1.0e+00,1,1,9.5e-07,1.0e+00,1.0e-03,1.0e+00,1.0e-03,9.5e-01,global-RVGLGGET,CSARvGLggETQYF,CSARVGLGGETQYF,TRBV20-1,TRBJ2-5,CAETAGANSKLTF,Donor AJD3280:LP TCRab CD4 TRM,1.000000,-,-,-,-,-,-,-,-,-,-,-

10384,single,1.0e+00,1,1,9.5e-07,1.0e+00,1.0e-03,1.0e+00,1.0e-03,9.5e-01,global-SAYMNTE,CASSaymNTEAFF,CASSAYMNTEAFF,TRBV19,TRBJ1-1,CAASKVPLNRDDKIIF,Donor AJD3280:LP TCRab CD4 TRM,1.000000,-,-,-,-,-,-,-,-,-,-,-
10384,single,1.0e+00,1,1,9.5e-07,1.0e+00,1.0e-03,1.0e+00,1.0e-03,9.5e-01,global-SAYMNTE,CASSaymNTEAFF,CASSAYMNTEAFF,TRBV19,TRBJ1-1,CAVRDGGNAGNMLTF,Donor AJD3280:LP TCRab CD4 TRM,1.000000,-,-,-,-,-,-,-,-,-,-,-

10388,single,1.0e+00,1,1,9.5e-07,1.0e+00,1.0e-03,1.0e+00,1.0e-03,9.5e-01,global-RDLSRSYNE,CSARdlsrSYNEQFF,CSARDLSRSYNEQFF,TRBV20-1,TRBJ2-1,CAVPTDSWGKLQF,Donor AJG2309:LP TCRab CD4 Mobile TRM,1.000000,-,-,-,-,-,-,-,-,-,-,-
10388,single,1.0e+00,1,1,9.5e-07,1.0e+00,1.0e-03,1.0e+00,1.0e-03,9.5e-01,global-RDLSRSYNE,CSARdlsrSYNEQFF,CSARDLSRSYNEQFF,TRBV20-1,TRBJ2-1,CAVPTDSWGKLQF,Donor AJG2309:LP TCRab CD4 TRM,1.000000,-,-,-,-,-,-,-,-,-,-,-

10406,single,1.0e+00,1,1,3.8e-09,1.0e+00,1.0e-03,4.0e-03,1.0e-03,9.5e-01,global-SPTSGNNE,CASSPTSGnNEQFF,CASSPTSGNNEQFF,TRBV5-4,TRBJ2-1,CAVSRSYNNNDMRF,Donor AJKQ118:L TCRab CD4 Naive/TCM,1.000000,-,-,-,-,-,-,-,-,-,-,-
10406,single,1.0e+00,1,1,3.8e-09,1.0e+00,1.0e-03,4.0e-03,1.0e-03,9.5e-01,global-SPTSGNNE,CASSPTSGnNEQFF,CASSPTSGNNEQFF,TRBV5-4,TRBJ2-1,CAVSRSYNNNDMRF,Donor AJKQ118:L TCRab CD4 TRM,8.000000,-,-,-,-,-,-,-,-,-,-,-
10406,single,1.0e+00,1,1,3.8e-09,1.0e+00,1.0e-03,4.0e-03,1.0e-03,9.5e-01,global-SPTSGNNE,CASSPTSGnNEQFF,CASSPTSGNNEQFF,TRBV5-4,TRBJ2-1,CAVSRSYNNNDMRF,Donor AJKQ118:LP TCRab CD4 TRM,2.000000,-,-,-,-,-,-,-,-,-,-,-

10411,single,1.0e+00,1,1,9.5e-07,1.0e+00,1.0e-03,1.0e+00,1.0e-03,9.5e-01,global-RGRTGSAGANV,CASrgrTGsaGANVLTF,CASRGRTGSAGANVLTF,TRBV6-5,TRBJ2-6,CALYTGTASKLTF,Donor AJD3280:IEL TCRab CD4 TRM,1.000000,-,-,-,-,-,-,-,-,-,-,-
10411,single,1.0e+00,1,1,9.5e-07,1.0e+00,1.0e-03,1.0e+00,1.0e-03,9.5e-01,global-RGRTGSAGANV,CASrgrTGsaGANVLTF,CASRGRTGSAGANVLTF,TRBV6-5,TRBJ2-6,CALYTGTASKLTF,Donor AJD3280:LP TCRab CD4 TRM,1.000000,-,-,-,-,-,-,-,-,-,-,-

10415,single,1.0e+00,2,1,6.2e-05,1.0e+00,6.5e-02,1.0e+00,1.0e-03,9.5e-01,global-STGPQET,CASSTGpQETQYF,CASSTGPQETQYF,TRBV3-1,TRBJ2-5,CAVGTTSYDKVIF,Donor AJD3280:LP TCRab CD4 TRM,1.000000,-,-,-,-,-,-,-,-,-,-,-
10415,single,1.0e+00,2,1,6.2e-05,1.0e+00,6.5e-02,1.0e+00,1.0e-03,9.5e-01,global-STGPQET,CASSTGpQETQYF,CASSTGPQETQYF,TRBV14,TRBJ2-5,CAMYDNARLMF,Donor AJKQ118:PB TCRab CD4 Naive/TCM,1.000000,-,-,-,-,-,-,-,-,-,-,-

10433,single,1.0e+00,1,1,9.5e-07,1.0e+00,1.0e-03,1.0e+00,1.0e-03,9.5e-01,global-SQGTGVDQP,CASSQGTGvdQPQHF,CASSQGTGVDQPQHF,TRBV19,TRBJ1-5,CAATRESSASKIIF,Donor AJD3280:IEL TCRab CD4 Mobile TRM,1.000000,-,-,-,-,-,-,-,-,-,-,-
10433,single,1.0e+00,1,1,9.5e-07,1.0e+00,1.0e-03,1.0e+00,1.0e-03,9.5e-01,global-SQGTGVDQP,CASSQGTGvdQPQHF,CASSQGTGVDQPQHF,TRBV19,TRBJ1-5,CAATRESSASKIIF,Donor AJD3280:LP TCRab CD4 Poised TCM,1.000000,-,-,-,-,-,-,-,-,-,-,-

10498,single,1.0e+00,1,1,9.5e-07,1.0e+00,1.0e-03,1.0e+00,1.0e-03,9.5e-01,global-SPPTGATGE,CASSPpTGatgEQYF,CASSPPTGATGEQYF,TRBV18,TRBJ2-7,CALSENAGNNRKLIW,Donor AJKQ118:LP TCRab CD4 TRM,1.000000,-,-,-,-,-,-,-,-,-,-,-
10498,single,1.0e+00,1,1,9.5e-07,1.0e+00,1.0e-03,1.0e+00,1.0e-03,9.5e-01,global-SPPTGATGE,CASSPpTGatgEQYF,CASSPPTGATGEQYF,TRBV18,TRBJ2-7,CALSDNAGNNRKLIW,Donor AJKQ118:PB TCRab CD4 FOXP3+ Treg,1.000000,-,-,-,-,-,-,-,-,-,-,-

10519,single,1.0e+00,1,1,9.5e-07,1.0e+00,1.0e-03,1.0e+00,1.0e-03,9.5e-01,global-SLRLAGGLSSYNE,CASSLrLAGGlsSYNEQFF,CASSLRLAGGLSSYNEQFF,TRBV12-4,TRBJ2-1,CALSGTTSGTYKYIF,Donor AJG2309:LP TCRab CD4 TRM,1.000000,-,-,-,-,-,-,-,-,-,-,-
10519,single,1.0e+00,1,1,9.5e-07,1.0e+00,1.0e-03,1.0e+00,1.0e-03,9.5e-01,global-SLRLAGGLSSYNE,CASSLrLAGGlsSYNEQFF,CASSLRLAGGLSSYNEQFF,TRBV12-4,TRBJ2-1,CALSGTTSGTYKYIF,Donor AJG2309:LP TCRab CD4 Tph,1.000000,-,-,-,-,-,-,-,-,-,-,-

10525,single,1.0e+00,1,1,9.5e-07,1.0e+00,1.0e-03,1.0e+00,1.0e-03,9.5e-01,global-GLDPFSE,CASGLdpfsEQYF,CASGLDPFSEQYF,TRBV6-1,TRBJ2-7,CAGASGYALNF,Donor AJD3280:IEL TCRab CD4 FOXP3+ Treg,1.000000,-,-,-,-,-,-,-,-,-,-,-
10525,single,1.0e+00,1,1,9.5e-07,1.0e+00,1.0e-03,1.0e+00,1.0e-03,9.5e-01,global-GLDPFSE,CASGLdpfsEQYF,CASGLDPFSEQYF,TRBV6-1,TRBJ2-7,CAGASGYALNF,Donor AJD3280:LP TCRab CD4 FOXP3+ Treg,1.000000,-,-,-,-,-,-,-,-,-,-,-

10526,single,1.0e+00,1,1,9.5e-07,1.0e+00,1.0e-03,1.0e+00,1.0e-03,9.5e-01,global-SVQQHSGEK,CASSVqqhSGEKLFF,CASSVQQHSGEKLFF,TRBV3-1,TRBJ1-4,CIVRPSGTYKYIF,Donor AJD3280:IEL TCRab CD4 TRM,1.000000,-,-,-,-,-,-,-,-,-,-,-
10526,single,1.0e+00,1,1,9.5e-07,1.0e+00,1.0e-03,1.0e+00,1.0e-03,9.5e-01,global-SVQQHSGEK,CASSVqqhSGEKLFF,CASSVQQHSGEKLFF,TRBV3-1,TRBJ1-4,CIVRPSGTYKYIF,Donor AJD3280:LP TCRab CD4 TRM,1.000000,-,-,-,-,-,-,-,-,-,-,-

10530,single,1.0e+00,1,1,9.5e-07,1.0e+00,1.0e-03,1.0e+00,1.0e-03,9.5e-01,global-RPDRSDYG,CASrpDRsdYGYTF,CASRPDRSDYGYTF,TRBV6-2,TRBJ1-2,CAVNKIGDYKLSF,Donor AJD3280:IEL TCRab CD4 TRM,1.000000,-,-,-,-,-,-,-,-,-,-,-
10530,single,1.0e+00,1,1,9.5e-07,1.0e+00,1.0e-03,1.0e+00,1.0e-03,9.5e-01,global-RPDRSDYG,CASrpDRsdYGYTF,CASRPDRSDYGYTF,TRBV6-2,TRBJ1-2,CAVNKIGDYKLSF,Donor AJD3280:LP TCRab CD4 Tph,1.000000,-,-,-,-,-,-,-,-,-,-,-

10539,single,1.0e+00,1,1,1.1e-08,1.0e+00,1.0e-03,1.1e-02,1.0e-03,9.5e-01,global-AWGAFTGE,CASawgafTGELFF,CASAWGAFTGELFF,TRBV4-1,TRBJ2-2,CAYRQGAQKLVF,Donor AJKQ118:IEL TCRab CD4 TRM,2.000000,-,-,-,-,-,-,-,-,-,-,-
10539,single,1.0e+00,1,1,1.1e-08,1.0e+00,1.0e-03,1.1e-02,1.0e-03,9.5e-01,global-AWGAFTGE,CASawgafTGELFF,CASAWGAFTGELFF,TRBV4-1,TRBJ2-2,CAYRQGAQKLVF,Donor AJKQ118:L TCRab CD4 TCM,1.000000,-,-,-,-,-,-,-,-,-,-,-
10539,single,1.0e+00,1,1,1.1e-08,1.0e+00,1.0e-03,1.1e-02,1.0e-03,9.5e-01,global-AWGAFTGE,CASawgafTGELFF,CASAWGAFTGELFF,TRBV4-1,TRBJ2-2,CAYRQGAQKLVF,Donor AJKQ118:L TCRab CD4 TRM,4.000000,-,-,-,-,-,-,-,-,-,-,-
10539,single,1.0e+00,1,1,1.1e-08,1.0e+00,1.0e-03,1.1e-02,1.0e-03,9.5e-01,global-AWGAFTGE,CASawgafTGELFF,CASAWGAFTGELFF,TRBV4-1,TRBJ2-2,CAYRQGAQKLVF,Donor AJKQ118:LP TCRab CD4 TRM,2.000000,-,-,-,-,-,-,-,-,-,-,-

10540,single,1.0e+00,1,1,9.5e-07,1.0e+00,1.0e-03,1.0e+00,1.0e-03,9.5e-01,global-SDSMGRTG,CASSDsmGRtGYTF,CASSDSMGRTGYTF,TRBV6-4,TRBJ1-2,CAVTMENSGYALNF,Donor AJD3280:IEL TCRab CD4 FOXP3+ Treg,1.000000,-,-,-,-,-,-,-,-,-,-,-
10540,single,1.0e+00,1,1,9.5e-07,1.0e+00,1.0e-03,1.0e+00,1.0e-03,9.5e-01,global-SDSMGRTG,CASSDsmGRtGYTF,CASSDSMGRTGYTF,TRBV6-4,TRBJ1-2,CAVTMENSGYALNF,Donor AJD3280:LP TCRab CD4 FOXP3+ Treg,1.000000,-,-,-,-,-,-,-,-,-,-,-

10634,single,1.0e+00,1,1,1.9e-08,1.0e+00,1.0e-03,2.0e-02,1.0e-03,9.5e-01,global-SLQGPE,CASSLQGpEAFF,CASSLQGPEAFF,TRBV28,TRBJ1-1,CATAGNSGGYQKVTF,Donor AJKQ118:IEL TCRab CD4 TRM,4.000000,-,-,-,-,-,-,-,-,-,-,-
10634,single,1.0e+00,1,1,1.9e-08,1.0e+00,1.0e-03,2.0e-02,1.0e-03,9.5e-01,global-SLQGPE,CASSLQGpEAFF,CASSLQGPEAFF,TRBV28,TRBJ1-1,CATAGNSGGYQKVTF,Donor AJKQ118:LP TCRab CD4 TRM,1.000000,-,-,-,-,-,-,-,-,-,-,-

10653,single,1.0e+00,1,1,1.5e-07,1.0e+00,1.0e-03,1.5e-01,1.0e-03,9.5e-01,global-SQASGFSSYE,CASSQaSGfsSYEQYF,CASSQASGFSSYEQYF,TRBV14,TRBJ2-7,CAENDYKLSF,Donor AJKQ118:IEL TCRab CD4 TRM,2.000000,-,-,-,-,-,-,-,-,-,-,-
10653,single,1.0e+00,1,1,1.5e-07,1.0e+00,1.0e-03,1.5e-01,1.0e-03,9.5e-01,global-SQASGFSSYE,CASSQaSGfsSYEQYF,CASSQASGFSSYEQYF,TRBV14,TRBJ2-7,CAENDYKLSF,Donor AJKQ118:LP TCRab CD4 TRM,1.000000,-,-,-,-,-,-,-,-,-,-,-
10653,single,1.0e+00,1,1,1.5e-07,1.0e+00,1.0e-03,1.5e-01,1.0e-03,9.5e-01,global-SQASGFSSYE,CASSQaSGfsSYEQYF,CASSQASGFSSYEQYF,TRBV14,TRBJ2-7,CALAPGSNTGKLIF,Donor AJKQ118:LP TCRab CD4 Tph,1.000000,-,-,-,-,-,-,-,-,-,-,-

10679,single,1.0e+00,1,1,9.5e-07,1.0e+00,1.0e-03,1.0e+00,1.0e-03,9.5e-01,global-SPSGLGLNE,CASSPSGlglNEQFF,CASSPSGLGLNEQFF,TRBV3-1,TRBJ2-1,CAYRGYGGATNKLIF,Donor AJKQ118:LP TCRab CD4 TRM,1.000000,-,-,-,-,-,-,-,-,-,-,-
10679,single,1.0e+00,1,1,9.5e-07,1.0e+00,1.0e-03,1.0e+00,1.0e-03,9.5e-01,global-SPSGLGLNE,CASSPSGlglNEQFF,CASSPSGLGLNEQFF,TRBV3-1,TRBJ2-1,CAYRGYGGATNKLIF,Donor AJKQ118:LP TCRab CD4 Tph,1.000000,-,-,-,-,-,-,-,-,-,-,-

10690,single,1.0e+00,1,1,9.5e-07,1.0e+00,1.0e-03,1.0e+00,1.0e-03,9.5e-01,global-SQGWVTE,CASSQgwvTEAFF,CASSQGWVTEAFF,TRBV5-6,TRBJ1-1,CAYRSHMEYGNKLVF,Donor AJKQ118:IEL TCRab CD4 TRM,1.000000,-,-,-,-,-,-,-,-,-,-,-
10690,single,1.0e+00,1,1,9.5e-07,1.0e+00,1.0e-03,1.0e+00,1.0e-03,9.5e-01,global-SQGWVTE,CASSQgwvTEAFF,CASSQGWVTEAFF,TRBV5-6,TRBJ1-1,CAYRSHMEYGNKLVF,Donor AJKQ118:PB TCRab CD4 Naive/TCM,1.000000,-,-,-,-,-,-,-,-,-,-,-

10728,single,1.0e+00,1,1,9.5e-07,1.0e+00,1.0e-03,1.0e+00,1.0e-03,9.5e-01,global-SDVDVWGSNQP,CAWSdvdvwgSNQPQHF,CAWSDVDVWGSNQPQHF,TRBV30,TRBJ1-5,CIVRVAIDDYKLSF,Donor AJD3280:IEL TCRab CD4 Mobile TRM,1.000000,-,-,-,-,-,-,-,-,-,-,-
10728,single,1.0e+00,1,1,9.5e-07,1.0e+00,1.0e-03,1.0e+00,1.0e-03,9.5e-01,global-SDVDVWGSNQP,CAWSdvdvwgSNQPQHF,CAWSDVDVWGSNQPQHF,TRBV30,TRBJ1-5,CIVRVAIDDYKLSF,Donor AJD3280:IEL TCRab CD4 TRM,1.000000,-,-,-,-,-,-,-,-,-,-,-

10748,single,1.0e+00,1,1,9.5e-07,1.0e+00,1.0e-03,1.0e+00,1.0e-03,9.5e-01,global-SYPDRLRG,CASSYpDRlrGYTF,CASSYPDRLRGYTF,TRBV6-2,TRBJ1-2,CAYRSPTPYALNF,Donor AJG2309:PB TCRab CD4 FOXP3+ Treg,1.000000,-,-,-,-,-,-,-,-,-,-,-
10748,single,1.0e+00,1,1,9.5e-07,1.0e+00,1.0e-03,1.0e+00,1.0e-03,9.5e-01,global-SYPDRLRG,CASSYpDRlrGYTF,CASSYPDRLRGYTF,TRBV6-2,TRBJ1-2,CAVSDRNYGGSQGNLIF,Donor AJG2309:PB TCRab CD4 FOXP3+ Treg,1.000000,-,-,-,-,-,-,-,-,-,-,-

10752,single,1.0e+00,1,1,3.1e-08,1.0e+00,1.0e-03,3.2e-02,1.0e-03,9.5e-01,global-SGDGLAGVNE,CASSgdGLAGvNEQFF,CASSGDGLAGVNEQFF,TRBV9,TRBJ2-1,CALSEAFNTGNQFYF,Donor AJKQ118:IEL TCRab CD4 TRM,2.000000,-,-,-,-,-,-,-,-,-,-,-
10752,single,1.0e+00,1,1,3.1e-08,1.0e+00,1.0e-03,3.2e-02,1.0e-03,9.5e-01,global-SGDGLAGVNE,CASSgdGLAGvNEQFF,CASSGDGLAGVNEQFF,TRBV9,TRBJ2-1,CALSEAFNTGNQFYF,Donor AJKQ118:LP TCRab CD4 TRM,2.000000,-,-,-,-,-,-,-,-,-,-,-

10756,single,1.0e+00,1,1,9.5e-09,1.0e+00,1.0e-03,1.0e-02,1.0e-03,9.5e-01,global-SREFNKGT,CASSRefnkgTQYF,CASSREFNKGTQYF,TRBV6-2,TRBJ2-5,CAAVISSGSARQLTF,Donor AJD3280:IEL TCRab CD4 FOXP3+ Treg,4.000000,-,-,-,-,-,-,-,-,-,-,-
10756,single,1.0e+00,1,1,9.5e-09,1.0e+00,1.0e-03,1.0e-02,1.0e-03,9.5e-01,global-SREFNKGT,CASSRefnkgTQYF,CASSREFNKGTQYF,TRBV6-2,TRBJ2-5,CAAVISSGSARQLTF,Donor AJD3280:LP TCRab CD4 FOXP3+ Treg,2.000000,-,-,-,-,-,-,-,-,-,-,-

10826,single,1.0e+00,1,1,9.5e-07,1.0e+00,1.0e-03,1.0e+00,1.0e-03,9.5e-01,global-SPSGPYNE,CSASpSGpYNEQFF,CSASPSGPYNEQFF,TRBV20-1,TRBJ2-1,CGTTPRDTGKLIF,Donor AJG2309:L TCRab CD4 TRM,1.000000,-,-,-,-,-,-,-,-,-,-,-
10826,single,1.0e+00,1,1,9.5e-07,1.0e+00,1.0e-03,1.0e+00,1.0e-03,9.5e-01,global-SPSGPYNE,CSASpSGpYNEQFF,CSASPSGPYNEQFF,TRBV20-1,TRBJ2-1,CGTTPRDTGKLIF,Donor AJG2309:LP TCRab CD4 Mobile TRM,1.000000,-,-,-,-,-,-,-,-,-,-,-
10826,single,1.0e+00,1,1,9.5e-07,1.0e+00,1.0e-03,1.0e+00,1.0e-03,9.5e-01,global-SPSGPYNE,CSASpSGpYNEQFF,CSASPSGPYNEQFF,TRBV20-1,TRBJ2-1,CGTTPRDTGKLIF,Donor AJG2309:LP TCRab CD4 TRM,1.000000,-,-,-,-,-,-,-,-,-,-,-
10826,single,1.0e+00,1,1,9.5e-07,1.0e+00,1.0e-03,1.0e+00,1.0e-03,9.5e-01,global-SPSGPYNE,CSASpSGpYNEQFF,CSASPSGPYNEQFF,TRBV20-1,TRBJ2-1,CGTTPRDTGKLIF,Donor AJG2309:PB TCRab CD4 Naive/TCM,1.000000,-,-,-,-,-,-,-,-,-,-,-

10880,single,1.0e+00,1,1,9.5e-07,1.0e+00,1.0e-03,1.0e+00,1.0e-03,9.5e-01,global-SSQYRGE,CASSSqyRGEAFF,CASSSQYRGEAFF,TRBV7-2,TRBJ1-1,CAASEPGTALIF,Donor AJD3280:IEL TCRab CD4 TRM,1.000000,-,-,-,-,-,-,-,-,-,-,-
10880,single,1.0e+00,1,1,9.5e-07,1.0e+00,1.0e-03,1.0e+00,1.0e-03,9.5e-01,global-SSQYRGE,CASSSqyRGEAFF,CASSSQYRGEAFF,TRBV7-2,TRBJ1-1,CAASEPGTALIF,Donor AJD3280:LP TCRab CD4 Mobile TRM,1.000000,-,-,-,-,-,-,-,-,-,-,-

10885,single,1.0e+00,1,1,9.5e-07,1.0e+00,1.0e-03,1.0e+00,1.0e-03,9.5e-01,global-SSAGRTDSP,CASSSaGRtdSPLHF,CASSSAGRTDSPLHF,TRBV27,TRBJ1-6,CAVAPYSSASKIIF,Donor AJD3280:IEL TCRab CD4 TRM,1.000000,-,-,-,-,-,-,-,-,-,-,-
10885,single,1.0e+00,1,1,9.5e-07,1.0e+00,1.0e-03,1.0e+00,1.0e-03,9.5e-01,global-SSAGRTDSP,CASSSaGRtdSPLHF,CASSSAGRTDSPLHF,TRBV27,TRBJ1-6,CAVAPYSSASKIIF,Donor AJD3280:L TCRab CD4 TCM,1.000000,-,-,-,-,-,-,-,-,-,-,-
10885,single,1.0e+00,1,1,9.5e-07,1.0e+00,1.0e-03,1.0e+00,1.0e-03,9.5e-01,global-SSAGRTDSP,CASSSaGRtdSPLHF,CASSSAGRTDSPLHF,TRBV27,TRBJ1-6,CAVATYSSASKIIF,Donor AJD3280:PB TCRab CD4 Naive/TCM,1.000000,-,-,-,-,-,-,-,-,-,-,-

10890,single,1.0e+00,1,1,3.4e-08,1.0e+00,1.0e-03,3.6e-02,1.0e-03,9.5e-01,global-SDLTGRDE,CASSDlTGrdEQFF,CASSDLTGRDEQFF,TRBV9,TRBJ2-1,CAVDSGGYQKVTF,Donor AJKQ118:IEL TCRab CD4 TRM,1.000000,-,-,-,-,-,-,-,-,-,-,-
10890,single,1.0e+00,1,1,3.4e-08,1.0e+00,1.0e-03,3.6e-02,1.0e-03,9.5e-01,global-SDLTGRDE,CASSDlTGrdEQFF,CASSDLTGRDEQFF,TRBV9,TRBJ2-1,CAVDSGGYQKVTF,Donor AJKQ118:LP TCRab CD4 TRM,3.000000,-,-,-,-,-,-,-,-,-,-,-

10906,single,1.0e+00,1,1,9.5e-07,1.0e+00,1.0e-03,1.0e+00,1.0e-03,9.5e-01,global-SSRLGTGE,CASSSrlgTGELFF,CASSSRLGTGELFF,TRBV7-2,TRBJ2-2,CAAGSGNTGKLIF,Donor AJKQ118:PB TCRab CD4 Naive/TCM,1.000000,-,-,-,-,-,-,-,-,-,-,-
10906,single,1.0e+00,1,1,9.5e-07,1.0e+00,1.0e-03,1.0e+00,1.0e-03,9.5e-01,global-SSRLGTGE,CASSSrlgTGELFF,CASSSRLGTGELFF,TRBV7-2,TRBJ2-2,CAVGSGNTGKLIF,Donor AJKQ118:PB TCRab CD4 Naive/TCM,1.000000,-,-,-,-,-,-,-,-,-,-,-

10911,single,1.0e+00,1,1,9.5e-07,1.0e+00,1.0e-03,1.0e+00,1.0e-03,9.5e-01,global-SLSVNSP,CASSLsvNSPLHF,CASSLSVNSPLHF,TRBV14,TRBJ1-6,CIVRVAYNAGNNRKLIW,Donor AJKQ118:IEL TCRab CD4 FOXP3+ Treg,1.000000,-,-,-,-,-,-,-,-,-,-,-
10911,single,1.0e+00,1,1,9.5e-07,1.0e+00,1.0e-03,1.0e+00,1.0e-03,9.5e-01,global-SLSVNSP,CASSLsvNSPLHF,CASSLSVNSPLHF,TRBV14,TRBJ1-6,CIVRVAYNAGNNRKLIW,Donor AJKQ118:LP TCRab CD4 TRM,1.000000,-,-,-,-,-,-,-,-,-,-,-

10947,single,1.0e+00,1,1,9.5e-07,1.0e+00,1.0e-03,1.0e+00,1.0e-03,9.5e-01,global-KGQGLRENE,CSAkGQGlreNEQFF,CSAKGQGLRENEQFF,TRBV20-1,TRBJ2-1,CVVNSPGGYQKVTF,Donor AJD3280:LP TCRab CD4 Mobile TRM,1.000000,-,-,-,-,-,-,-,-,-,-,-
10947,single,1.0e+00,1,1,9.5e-07,1.0e+00,1.0e-03,1.0e+00,1.0e-03,9.5e-01,global-KGQGLRENE,CSAkGQGlreNEQFF,CSAKGQGLRENEQFF,TRBV20-1,TRBJ2-1,CVVNSPGGYQKVTF,Donor AJD3280:LP TCRab CD4 TRM,1.000000,-,-,-,-,-,-,-,-,-,-,-

10952,single,1.0e+00,1,1,9.5e-07,1.0e+00,1.0e-03,1.0e+00,1.0e-03,9.5e-01,global-SGGAAGGNTGE,CAWSggaAGGNTGELFF,CAWSGGAAGGNTGELFF,TRBV30,TRBJ2-2,CALDEDYKLSF,Donor AJD3280:IEL TCRab CD4 TRM,1.000000,-,-,-,-,-,-,-,-,-,-,-
10952,single,1.0e+00,1,1,9.5e-07,1.0e+00,1.0e-03,1.0e+00,1.0e-03,9.5e-01,global-SGGAAGGNTGE,CAWSggaAGGNTGELFF,CAWSGGAAGGNTGELFF,TRBV30,TRBJ2-2,CITGNQFYF,Donor AJD3280:LP TCRab CD4 TRM,1.000000,-,-,-,-,-,-,-,-,-,-,-
10952,single,1.0e+00,1,1,9.5e-07,1.0e+00,1.0e-03,1.0e+00,1.0e-03,9.5e-01,global-SGGAAGGNTGE,CAWSggaAGGNTGELFF,CAWSGGAAGGNTGELFF,TRBV30,TRBJ2-2,CALDEDYKLSF,Donor AJD3280:LP TCRab CD4 TRM,1.000000,-,-,-,-,-,-,-,-,-,-,-

10991,single,1.0e+00,1,1,1.5e-07,1.0e+00,1.0e-03,1.6e-01,1.0e-03,9.5e-01,global-RIPGRLRDE,CSARipGRlrdEQFF,CSARIPGRLRDEQFF,TRBV20-1,TRBJ2-1,CAPGRTQAGTALIF,Donor AJKQ118:IEL TCRab CD4 Mobile TRM,1.000000,-,-,-,-,-,-,-,-,-,-,-
10991,single,1.0e+00,1,1,1.5e-07,1.0e+00,1.0e-03,1.6e-01,1.0e-03,9.5e-01,global-RIPGRLRDE,CSARipGRlrdEQFF,CSARIPGRLRDEQFF,TRBV20-1,TRBJ2-1,CAPGRTQAGTALIF,Donor AJKQ118:LP TCRab CD4 Mobile TRM,2.000000,-,-,-,-,-,-,-,-,-,-,-
10991,single,1.0e+00,1,1,1.5e-07,1.0e+00,1.0e-03,1.6e-01,1.0e-03,9.5e-01,global-RIPGRLRDE,CSARipGRlrdEQFF,CSARIPGRLRDEQFF,TRBV20-1,TRBJ2-1,CAGSPRNTPLVF,Donor AJKQ118:LP TCRab CD4 Mobile TRM,1.000000,-,-,-,-,-,-,-,-,-,-,-

11001,single,1.0e+00,1,1,9.5e-07,1.0e+00,1.0e-03,1.0e+00,1.0e-03,9.5e-01,global-SLSRTGALAGWVNE,CASSLsrtgaLAGwvNEQFF,CASSLSRTGALAGWVNEQFF,TRBV27,TRBJ2-1,CALSSGGGSQGNLIF,Donor AJG2309:LP TCRab CD4 TRM,1.000000,-,-,-,-,-,-,-,-,-,-,-
11001,single,1.0e+00,1,1,9.5e-07,1.0e+00,1.0e-03,1.0e+00,1.0e-03,9.5e-01,global-SLSRTGALAGWVNE,CASSLsrtgaLAGwvNEQFF,CASSLSRTGALAGWVNEQFF,TRBV27,TRBJ2-1,CALSSGGGSQGNLIF,Donor AJG2309:LP TCRab CD4 Tph,1.000000,-,-,-,-,-,-,-,-,-,-,-

11007,single,1.0e+00,1,1,2.9e-09,1.0e+00,1.0e-03,3.0e-03,1.0e-03,9.5e-01,global-SGGTTPNNE,CASSgGTtpnNEQFF,CASSGGTTPNNEQFF,TRBV9,TRBJ2-1,CAFRGNTPLVF,Donor AJKQ118:L TCRab CD4 TRM,6.000000,-,-,-,-,-,-,-,-,-,-,-
11007,single,1.0e+00,1,1,2.9e-09,1.0e+00,1.0e-03,3.0e-03,1.0e-03,9.5e-01,global-SGGTTPNNE,CASSgGTtpnNEQFF,CASSGGTTPNNEQFF,TRBV9,TRBJ2-1,CAFRGNTPLVF,Donor AJKQ118:LP TCRab CD4 TRM,2.000000,-,-,-,-,-,-,-,-,-,-,-

11071,single,1.0e+00,1,1,5.2e-05,1.0e+00,5.4e-02,1.0e+00,1.0e-03,9.5e-01,global-STTANTGE,CASSttaNTGELFF,CASSTTANTGELFF,TRBV7-6,TRBJ2-2,CGAAENYGGSQGNLIF,Donor AJD3280:L TCRab CD4 TCM,1.000000,-,-,-,-,-,-,-,-,-,-,-
11071,single,1.0e+00,1,1,5.2e-05,1.0e+00,5.4e-02,1.0e+00,1.0e-03,9.5e-01,global-STTANTGE,CASSttaNTGELFF,CASSTTANTGELFF,TRBV14,TRBJ2-2,CAYSGGYNKLIF,Donor AJD3280:PB TCRab CD4 Naive/TCM,1.000000,-,-,-,-,-,-,-,-,-,-,-

11075,single,1.0e+00,1,1,9.5e-07,1.0e+00,1.0e-03,1.0e+00,1.0e-03,9.5e-01,global-SMDISDSP,CASSmdisdSPLHF,CASSMDISDSPLHF,TRBV19,TRBJ1-6,CAVVNTGNQFYF,Donor AJD3280:IEL TCRab CD4 TRM,1.000000,-,-,-,-,-,-,-,-,-,-,-
11075,single,1.0e+00,1,1,9.5e-07,1.0e+00,1.0e-03,1.0e+00,1.0e-03,9.5e-01,global-SMDISDSP,CASSmdisdSPLHF,CASSMDISDSPLHF,TRBV19,TRBJ1-6,CAVVNTGNQFYF,Donor AJD3280:LP TCRab CD4 TRM,1.000000,-,-,-,-,-,-,-,-,-,-,-

11077,single,1.0e+00,1,1,9.5e-07,1.0e+00,1.0e-03,1.0e+00,1.0e-03,9.5e-01,global-SYSGQGYG,CASSYsGQGYGYTF,CASSYSGQGYGYTF,TRBV6-5,TRBJ1-2,CAPPPSYQLTF,Donor AJD3280:IEL TCRab CD4 TRM,1.000000,-,-,-,-,-,-,-,-,-,-,-
11077,single,1.0e+00,1,1,9.5e-07,1.0e+00,1.0e-03,1.0e+00,1.0e-03,9.5e-01,global-SYSGQGYG,CASSYsGQGYGYTF,CASSYSGQGYGYTF,TRBV6-5,TRBJ1-2,CAPPPSYQLTF,Donor AJD3280:LP TCRab CD4 Tph,1.000000,-,-,-,-,-,-,-,-,-,-,-

11090,single,1.0e+00,1,1,9.5e-07,1.0e+00,1.0e-03,1.0e+00,1.0e-03,9.5e-01,global-SQGSPTDT,CASSQgspTDTQYF,CASSQGSPTDTQYF,TRBV5-1,TRBJ2-3,CAVRDMRSTNAGKSTF,Donor AJD3280:LP TCRab CD4 TRM,1.000000,-,-,-,-,-,-,-,-,-,-,-
11090,single,1.0e+00,1,1,9.5e-07,1.0e+00,1.0e-03,1.0e+00,1.0e-03,9.5e-01,global-SQGSPTDT,CASSQgspTDTQYF,CASSQGSPTDTQYF,TRBV5-1,TRBJ2-3,CAVRDMRSTNAGKSTF,Donor AJD3280:PB TCRab CD4 Naive/TCM,1.000000,-,-,-,-,-,-,-,-,-,-,-

11145,single,1.0e+00,1,1,1.1e-08,1.0e+00,1.0e-03,1.2e-02,1.0e-03,9.5e-01,global-SLVQGSMNTE,CASSLvQGsmNTEAFF,CASSLVQGSMNTEAFF,TRBV5-1,TRBJ1-1,CAVGASNQAGTALIF,Donor AJD3280:IEL TCRab CD4 TRM,4.000000,-,-,-,-,-,-,-,-,-,-,-
11145,single,1.0e+00,1,1,1.1e-08,1.0e+00,1.0e-03,1.2e-02,1.0e-03,9.5e-01,global-SLVQGSMNTE,CASSLvQGsmNTEAFF,CASSLVQGSMNTEAFF,TRBV5-1,TRBJ1-1,CAVGASNQAGTALIF,Donor AJD3280:LP TCRab CD4 Tph,2.000000,-,-,-,-,-,-,-,-,-,-,-

11175,single,1.0e+00,1,1,2.3e-08,1.0e+00,1.0e-03,2.4e-02,1.0e-03,9.5e-01,global-ARQGAVET,CSVarQGavETQYF,CSVARQGAVETQYF,TRBV29-1,TRBJ2-5,CAAIDQAGTALIF,Donor AJD3280:IEL TCRab CD4 TRM,1.000000,-,-,-,-,-,-,-,-,-,-,-
11175,single,1.0e+00,1,1,2.3e-08,1.0e+00,1.0e-03,2.4e-02,1.0e-03,9.5e-01,global-ARQGAVET,CSVarQGavETQYF,CSVARQGAVETQYF,TRBV29-1,TRBJ2-5,CAAIDQAGTALIF,Donor AJD3280:LP TCRab CD4 TRM,4.000000,-,-,-,-,-,-,-,-,-,-,-

11206,single,1.0e+00,1,1,1.2e-07,1.0e+00,1.0e-03,1.2e-01,1.0e-03,9.5e-01,global-SSGTGGWSET,CASSSGTGGwsETQYF,CASSSGTGGWSETQYF,TRBV5-1,TRBJ2-5,CVVRTGTASKLTF,Donor AJD3280:IEL TCRab CD4 TRM,1.000000,-,-,-,-,-,-,-,-,-,-,-
11206,single,1.0e+00,1,1,1.2e-07,1.0e+00,1.0e-03,1.2e-01,1.0e-03,9.5e-01,global-SSGTGGWSET,CASSSGTGGwsETQYF,CASSSGTGGWSETQYF,TRBV5-1,TRBJ2-5,CVVRTGTASKLTF,Donor AJD3280:LP TCRab CD4 Tph,2.000000,-,-,-,-,-,-,-,-,-,-,-

11227,single,1.0e+00,1,1,9.5e-10,1.0e+00,1.0e-03,1.0e-03,1.0e-03,9.5e-01,global-SPQSTGAYQP,CASSPqsTGayQPQHF,CASSPQSTGAYQPQHF,TRBV3-1,TRBJ1-5,CVVNDYKLSF,Donor AJKQ118:L TCRab CD4 TCM,2.000000,-,-,-,-,-,-,-,-,-,-,-
11227,single,1.0e+00,1,1,9.5e-10,1.0e+00,1.0e-03,1.0e-03,1.0e-03,9.5e-01,global-SPQSTGAYQP,CASSPqsTGayQPQHF,CASSPQSTGAYQPQHF,TRBV3-1,TRBJ1-5,CVVNDYKLSF,Donor AJKQ118:L TCRab CD4 TRM,9.000000,-,-,-,-,-,-,-,-,-,-,-

11248,single,1.0e+00,1,1,9.5e-07,1.0e+00,1.0e-03,1.0e+00,1.0e-03,9.5e-01,global-SRVADGSYE,CASSRvadgSYEQYF,CASSRVADGSYEQYF,TRBV7-6,TRBJ2-7,CAGAKAGNNRKLIW,Donor AJKQ118:LP TCRab CD4 Naive/TCM,1.000000,-,-,-,-,-,-,-,-,-,-,-
11248,single,1.0e+00,1,1,9.5e-07,1.0e+00,1.0e-03,1.0e+00,1.0e-03,9.5e-01,global-SRVADGSYE,CASSRvadgSYEQYF,CASSRVADGSYEQYF,TRBV7-6,TRBJ2-7,CAGAKAGNNRKLIW,Donor AJKQ118:PB TCRab CD4 Naive/TCM,1.000000,-,-,-,-,-,-,-,-,-,-,-

11257,single,1.0e+00,1,1,1.1e-07,1.0e+00,1.0e-03,1.2e-01,1.0e-03,9.5e-01,global-MQPTYNE,CSAmqptYNEQFF,CSAMQPTYNEQFF,TRBV20-1,TRBJ2-1,CATYTGTASKLTF,Donor AJKQ118:IEL TCRab CD4 Mobile TRM,1.000000,-,-,-,-,-,-,-,-,-,-,-
11257,single,1.0e+00,1,1,1.1e-07,1.0e+00,1.0e-03,1.2e-01,1.0e-03,9.5e-01,global-MQPTYNE,CSAmqptYNEQFF,CSAMQPTYNEQFF,TRBV20-1,TRBJ2-1,CATYTGTASKLTF,Donor AJKQ118:LP TCRab CD4 TRM,2.000000,-,-,-,-,-,-,-,-,-,-,-

11264,single,1.0e+00,1,1,9.5e-07,1.0e+00,1.0e-03,1.0e+00,1.0e-03,9.5e-01,global-SLGPAQSTDT,CASSLgpaqSTDTQYF,CASSLGPAQSTDTQYF,TRBV7-2,TRBJ2-3,CAGSSYGQNFVF,Donor AJG2309:LP TCRab CD4 Mobile TRM,1.000000,-,-,-,-,-,-,-,-,-,-,-
11264,single,1.0e+00,1,1,9.5e-07,1.0e+00,1.0e-03,1.0e+00,1.0e-03,9.5e-01,global-SLGPAQSTDT,CASSLgpaqSTDTQYF,CASSLGPAQSTDTQYF,TRBV7-2,TRBJ2-3,CAGSSYGQNFVF,Donor AJG2309:LP TCRab CD4 TRM,1.000000,-,-,-,-,-,-,-,-,-,-,-

11282,single,1.0e+00,1,1,1.2e-07,1.0e+00,1.0e-03,1.2e-01,1.0e-03,9.5e-01,global-AIGSMET,CAWaigsmETQYF,CAWAIGSMETQYF,TRBV30,TRBJ2-5,CAVVLTTSGTYKYIF,Donor AJD3280:IEL TCRab CD4 TRM,1.000000,-,-,-,-,-,-,-,-,-,-,-
11282,single,1.0e+00,1,1,1.2e-07,1.0e+00,1.0e-03,1.2e-01,1.0e-03,9.5e-01,global-AIGSMET,CAWaigsmETQYF,CAWAIGSMETQYF,TRBV30,TRBJ2-5,CAVVLTTSGTYKYIF,Donor AJD3280:LP TCRab CD4 TRM,2.000000,-,-,-,-,-,-,-,-,-,-,-

11290,single,1.0e+00,1,1,9.5e-07,1.0e+00,1.0e-03,1.0e+00,1.0e-03,9.5e-01,global-SLAQSSGAGE,CASSLaqsSGagEQFF,CASSLAQSSGAGEQFF,TRBV12-3,TRBJ2-1,CAVWMDSSYKLIF,Donor AJG2309:L TCRab CD4 TCM,1.000000,-,-,-,-,-,-,-,-,-,-,-
11290,single,1.0e+00,1,1,9.5e-07,1.0e+00,1.0e-03,1.0e+00,1.0e-03,9.5e-01,global-SLAQSSGAGE,CASSLaqsSGagEQFF,CASSLAQSSGAGEQFF,TRBV12-3,TRBJ2-1,CAVWMDSSYKLIF,Donor AJG2309:PB TCRab CD4 Naive/TCM,1.000000,-,-,-,-,-,-,-,-,-,-,-

11379,single,1.0e+00,1,1,9.5e-07,1.0e+00,1.0e-03,1.0e+00,1.0e-03,9.5e-01,global-SDSDRKYNE,CSASdsDRkYNEQFF,CSASDSDRKYNEQFF,TRBV20-1,TRBJ2-1,CAATRGQFYF,Donor AJD3280:LP TCRab CD4 Mobile TRM,1.000000,-,-,-,-,-,-,-,-,-,-,-
11379,single,1.0e+00,1,1,9.5e-07,1.0e+00,1.0e-03,1.0e+00,1.0e-03,9.5e-01,global-SDSDRKYNE,CSASdsDRkYNEQFF,CSASDSDRKYNEQFF,TRBV20-1,TRBJ2-1,CIVRANQAGTALIF,Donor AJD3280:LP TCRab CD4 TRM,1.000000,-,-,-,-,-,-,-,-,-,-,-

11381,single,1.0e+00,1,1,6.3e-05,1.0e+00,6.6e-02,1.0e+00,1.0e-03,9.5e-01,global-SLPGRSYE,CASSLpGRSYEQYF,CASSLPGRSYEQYF,TRBV7-9,TRBJ2-7,CAYRSAVQGAQKLVF,Donor AJKQ118:PB TCRab CD4 FOXP3+ Treg,1.000000,-,-,-,-,-,-,-,-,-,-,-
11381,single,1.0e+00,1,1,6.3e-05,1.0e+00,6.6e-02,1.0e+00,1.0e-03,9.5e-01,global-SLPGRSYE,CASSLpGRSYEQYF,CASSLPGRSYEQYF,TRBV18,TRBJ2-7,CAFILTGGGNKLTF,Donor AJKQ118:PB TCRab CD4 Naive/TCM,1.000000,-,-,-,-,-,-,-,-,-,-,-

11401,single,1.0e+00,1,1,8.7e-08,1.0e+00,1.0e-03,9.1e-02,1.0e-03,9.5e-01,global-ASGGYG,CASaSGGYGYTF,CASASGGYGYTF,TRBV7-9,TRBJ1-2,CAASTTGGADGLTF,Donor AJKQ118:PB TCRab CD4 FOXP3+ Treg,1.000000,-,-,-,-,-,-,-,-,-,-,-
11401,single,1.0e+00,1,1,8.7e-08,1.0e+00,1.0e-03,9.1e-02,1.0e-03,9.5e-01,global-ASGGYG,CASaSGGYGYTF,CASASGGYGYTF,TRBV7-9,TRBJ1-2,CAYRSVFQGGSEKLVF,Donor AJKQ118:PB TCRab CD4 FOXP3+ Treg,2.000000,-,-,-,-,-,-,-,-,-,-,-

11452,single,1.0e+00,1,1,9.5e-07,1.0e+00,1.0e-03,1.0e+00,1.0e-03,9.5e-01,global-SLMRRNTE,CASSLmrrNTEAFF,CASSLMRRNTEAFF,TRBV7-2,TRBJ1-1,CAASGNKLVF,Donor AJG2309:LP TCRab CD4 Mobile TRM,1.000000,-,-,-,-,-,-,-,-,-,-,-
11452,single,1.0e+00,1,1,9.5e-07,1.0e+00,1.0e-03,1.0e+00,1.0e-03,9.5e-01,global-SLMRRNTE,CASSLmrrNTEAFF,CASSLMRRNTEAFF,TRBV7-2,TRBJ1-1,CAVGGSQGNLIF,Donor AJG2309:LP TCRab CD4 Mobile TRM,1.000000,-,-,-,-,-,-,-,-,-,-,-

11473,single,1.0e+00,1,1,9.5e-07,1.0e+00,1.0e-03,1.0e+00,1.0e-03,9.5e-01,global-SQAESTDT,CASSQaeSTDTQYF,CASSQAESTDTQYF,TRBV4-3,TRBJ2-3,CAVGDTDKLIF,Donor AJKQ118:LP TCRab CD4 TRM,1.000000,-,-,-,-,-,-,-,-,-,-,-
11473,single,1.0e+00,1,1,9.5e-07,1.0e+00,1.0e-03,1.0e+00,1.0e-03,9.5e-01,global-SQAESTDT,CASSQaeSTDTQYF,CASSQAESTDTQYF,TRBV4-3,TRBJ2-3,CALSGDGQKLLF,Donor AJKQ118:LP TCRab CD4 TRM,1.000000,-,-,-,-,-,-,-,-,-,-,-

11497,single,1.0e+00,1,1,9.5e-07,1.0e+00,1.0e-03,1.0e+00,1.0e-03,9.5e-01,global-VGGGGQDNE,CASvgggGQdNEQFF,CASVGGGGQDNEQFF,TRBV28,TRBJ2-1,CIVSGAGSYQLTF,Donor AJD3280:L TCRab CD4 TRM,1.000000,-,-,-,-,-,-,-,-,-,-,-
11497,single,1.0e+00,1,1,9.5e-07,1.0e+00,1.0e-03,1.0e+00,1.0e-03,9.5e-01,global-VGGGGQDNE,CASvgggGQdNEQFF,CASVGGGGQDNEQFF,TRBV28,TRBJ2-1,CIVSGAGSYQLTF,Donor AJD3280:PB TCRab CD4 Naive/TCM,1.000000,-,-,-,-,-,-,-,-,-,-,-

11502,single,1.0e+00,1,1,9.5e-07,1.0e+00,1.0e-03,1.0e+00,1.0e-03,9.5e-01,global-RDQGGNT,CSARdQGGNTIYF,CSARDQGGNTIYF,TRBV20-1,TRBJ1-3,CALGSASKIIF,Donor AJG2309:LP TCRab CD4 TRM,1.000000,-,-,-,-,-,-,-,-,-,-,-
11502,single,1.0e+00,1,1,9.5e-07,1.0e+00,1.0e-03,1.0e+00,1.0e-03,9.5e-01,global-RDQGGNT,CSARdQGGNTIYF,CSARDQGGNTIYF,TRBV20-1,TRBJ1-3,CALGSASKIIF,Donor AJG2309:PB TCRab CD4 Naive/TCM,1.000000,-,-,-,-,-,-,-,-,-,-,-

11533,single,1.0e+00,1,1,9.6e-08,1.0e+00,1.0e-03,1.0e-01,1.0e-03,9.5e-01,global-SPQGLEEET,CASSPQGleeETQYF,CASSPQGLEEETQYF,TRBV4-3,TRBJ2-5,CAVNARRGSTLGRLYF,Donor AJD3280:L TCRab CD4 TCM,2.000000,-,-,-,-,-,-,-,-,-,-,-
11533,single,1.0e+00,1,1,9.6e-08,1.0e+00,1.0e-03,1.0e-01,1.0e-03,9.5e-01,global-SPQGLEEET,CASSPQGleeETQYF,CASSPQGLEEETQYF,TRBV4-3,TRBJ2-5,CAVNARRGSTLGRLYF,Donor AJD3280:LP TCRab CD4 TRM,1.000000,-,-,-,-,-,-,-,-,-,-,-

11557,single,1.0e+00,1,1,9.5e-07,1.0e+00,1.0e-03,1.0e+00,1.0e-03,9.5e-01,global-TGRTSSYE,CSAtgrTSSYEQYF,CSATGRTSSYEQYF,TRBV20-1,TRBJ2-7,CAVESIAGGGNKLTF,Donor AJG2309:L TCRab CD4 TRM,1.000000,-,-,-,-,-,-,-,-,-,-,-
11557,single,1.0e+00,1,1,9.5e-07,1.0e+00,1.0e-03,1.0e+00,1.0e-03,9.5e-01,global-TGRTSSYE,CSAtgrTSSYEQYF,CSATGRTSSYEQYF,TRBV20-1,TRBJ2-7,CAPVIKAAGNKLTF,Donor AJG2309:L TCRab CD4 TRM,1.000000,-,-,-,-,-,-,-,-,-,-,-
11557,single,1.0e+00,1,1,9.5e-07,1.0e+00,1.0e-03,1.0e+00,1.0e-03,9.5e-01,global-TGRTSSYE,CSAtgrTSSYEQYF,CSATGRTSSYEQYF,TRBV20-1,TRBJ2-7,CAPVIKAAGNKLTF,Donor AJG2309:LP TCRab CD4 Mobile TRM,1.000000,-,-,-,-,-,-,-,-,-,-,-

11559,single,1.0e+00,1,1,4.4e-08,1.0e+00,1.0e-03,4.6e-02,1.0e-03,9.5e-01,global-SWGAGRRET,CASSwgaGRrETQYF,CASSWGAGRRETQYF,TRBV6-2,TRBJ2-5,CATDNFGNEKLTF,Donor AJD3280:L TCRab CD4 TRM,2.000000,-,-,-,-,-,-,-,-,-,-,-
11559,single,1.0e+00,1,1,4.4e-08,1.0e+00,1.0e-03,4.6e-02,1.0e-03,9.5e-01,global-SWGAGRRET,CASSwgaGRrETQYF,CASSWGAGRRETQYF,TRBV6-2,TRBJ2-5,CATDNFGNEKLTF,Donor AJD3280:LP TCRab CD4 TRM,2.000000,-,-,-,-,-,-,-,-,-,-,-

11643,single,1.0e+00,1,1,9.5e-07,1.0e+00,1.0e-03,1.0e+00,1.0e-03,9.5e-01,global-SFERGTDT,CASSfeRGTDTQYF,CASSFERGTDTQYF,TRBV5-4,TRBJ2-3,CAMSRTGANNLFF,Donor AJD3280:IEL TCRab CD4 TRM,1.000000,-,-,-,-,-,-,-,-,-,-,-
11643,single,1.0e+00,1,1,9.5e-07,1.0e+00,1.0e-03,1.0e+00,1.0e-03,9.5e-01,global-SFERGTDT,CASSfeRGTDTQYF,CASSFERGTDTQYF,TRBV5-4,TRBJ2-3,CAMSRTGANNLFF,Donor AJD3280:LP TCRab CD4 TRM,1.000000,-,-,-,-,-,-,-,-,-,-,-

11669,single,1.0e+00,1,1,1.9e-07,1.0e+00,1.0e-03,2.0e-01,1.0e-03,9.5e-01,global-SSGAPDE,CSASSGapdEQFF,CSASSGAPDEQFF,TRBV20-1,TRBJ2-1,CIVRVAGYTGTASKLTF,Donor AJKQ118:IEL TCRab CD4 Mobile TRM,1.000000,-,-,-,-,-,-,-,-,-,-,-
11669,single,1.0e+00,1,1,1.9e-07,1.0e+00,1.0e-03,2.0e-01,1.0e-03,9.5e-01,global-SSGAPDE,CSASSGapdEQFF,CSASSGAPDEQFF,TRBV20-1,TRBJ2-1,CIVRVAGYTGTASKLTF,Donor AJKQ118:L TCRab CD4 TRM,1.000000,-,-,-,-,-,-,-,-,-,-,-
11669,single,1.0e+00,1,1,1.9e-07,1.0e+00,1.0e-03,2.0e-01,1.0e-03,9.5e-01,global-SSGAPDE,CSASSGapdEQFF,CSASSGAPDEQFF,TRBV20-1,TRBJ2-1,CIVRVAGYTGTASKLTF,Donor AJKQ118:LP TCRab CD4 Mobile TRM,2.000000,-,-,-,-,-,-,-,-,-,-,-
11669,single,1.0e+00,1,1,1.9e-07,1.0e+00,1.0e-03,2.0e-01,1.0e-03,9.5e-01,global-SSGAPDE,CSASSGapdEQFF,CSASSGAPDEQFF,TRBV20-1,TRBJ2-1,CIVRVAGYTGTASKLTF,Donor AJKQ118:PB TCRab CD4 FOXP3+ Treg,1.000000,-,-,-,-,-,-,-,-,-,-,-

11689,single,1.0e+00,1,1,1.2e-08,1.0e+00,1.0e-03,1.3e-02,1.0e-03,9.5e-01,global-VAGGPYE,CSVvAGGpyEQFF,CSVVAGGPYEQFF,TRBV29-1,TRBJ2-1,CAGPPSGGYQKVTF,Donor AJKQ118:IEL TCRab CD4 TRM,3.000000,-,-,-,-,-,-,-,-,-,-,-
11689,single,1.0e+00,1,1,1.2e-08,1.0e+00,1.0e-03,1.3e-02,1.0e-03,9.5e-01,global-VAGGPYE,CSVvAGGpyEQFF,CSVVAGGPYEQFF,TRBV29-1,TRBJ2-1,CAGPPSGGYQKVTF,Donor AJKQ118:L TCRab CD4 TRM,2.000000,-,-,-,-,-,-,-,-,-,-,-

11696,single,1.0e+00,1,1,1.2e-07,1.0e+00,1.0e-03,1.2e-01,1.0e-03,9.5e-01,global-SLRFSSVSGNT,CASSLrfssvSGNTIYF,CASSLRFSSVSGNTIYF,TRBV7-2,TRBJ1-3,CAVPSPGGGADGLTF,Donor AJG2309:L TCRab CD4 TCM,1.000000,-,-,-,-,-,-,-,-,-,-,-
11696,single,1.0e+00,1,1,1.2e-07,1.0e+00,1.0e-03,1.2e-01,1.0e-03,9.5e-01,global-SLRFSSVSGNT,CASSLrfssvSGNTIYF,CASSLRFSSVSGNTIYF,TRBV7-2,TRBJ1-3,CAVPSPGGGADGLTF,Donor AJG2309:PB TCRab CD4 FOXP3+ Treg,2.000000,-,-,-,-,-,-,-,-,-,-,-

11728,single,1.0e+00,1,1,1.4e-08,1.0e+00,1.0e-03,1.5e-02,1.0e-03,9.5e-01,global-KRDRDINLYNSP,CASkrDRdinlYNSPLHF,CASKRDRDINLYNSPLHF,TRBV18,TRBJ1-6,CVVSEGGNTGKLIF,Donor AJD3280:IEL TCRab CD4 TRM,2.000000,-,-,-,-,-,-,-,-,-,-,-
11728,single,1.0e+00,1,1,1.4e-08,1.0e+00,1.0e-03,1.5e-02,1.0e-03,9.5e-01,global-KRDRDINLYNSP,CASkrDRdinlYNSPLHF,CASKRDRDINLYNSPLHF,TRBV18,TRBJ1-6,CVVSEGGNTGKLIF,Donor AJD3280:LP TCRab CD4 TRM,4.000000,-,-,-,-,-,-,-,-,-,-,-

11749,single,1.0e+00,1,1,9.5e-07,1.0e+00,1.0e-03,1.0e+00,1.0e-03,9.5e-01,global-TPDSLLQET,CSAtpdsllQETQYF,CSATPDSLLQETQYF,TRBV20-1,TRBJ2-5,CAITGNQFYF,Donor AJD3280:IEL TCRab CD4 TRM,1.000000,-,-,-,-,-,-,-,-,-,-,-
11749,single,1.0e+00,1,1,9.5e-07,1.0e+00,1.0e-03,1.0e+00,1.0e-03,9.5e-01,global-TPDSLLQET,CSAtpdsllQETQYF,CSATPDSLLQETQYF,TRBV20-1,TRBJ2-5,CAITGNQFYF,Donor AJD3280:LP TCRab CD4 Mobile TRM,1.000000,-,-,-,-,-,-,-,-,-,-,-

11758,single,1.0e+00,1,1,3.4e-08,1.0e+00,1.0e-03,3.6e-02,1.0e-03,9.5e-01,global-PRLRNVNTE,CSAprlrnvNTEAFF,CSAPRLRNVNTEAFF,TRBV20-1,TRBJ1-1,CAMRGDSNFGNEKLTF,Donor AJKQ118:IEL TCRab CD4 Mobile TRM,1.000000,-,-,-,-,-,-,-,-,-,-,-
11758,single,1.0e+00,1,1,3.4e-08,1.0e+00,1.0e-03,3.6e-02,1.0e-03,9.5e-01,global-PRLRNVNTE,CSAprlrnvNTEAFF,CSAPRLRNVNTEAFF,TRBV20-1,TRBJ1-1,CAMRGDSNFGNEKLTF,Donor AJKQ118:L TCRab CD4 TRM,2.000000,-,-,-,-,-,-,-,-,-,-,-
11758,single,1.0e+00,1,1,3.4e-08,1.0e+00,1.0e-03,3.6e-02,1.0e-03,9.5e-01,global-PRLRNVNTE,CSAprlrnvNTEAFF,CSAPRLRNVNTEAFF,TRBV20-1,TRBJ1-1,CAMRGDSNFGNEKLTF,Donor AJKQ118:LP TCRab CD4 Mobile TRM,1.000000,-,-,-,-,-,-,-,-,-,-,-
11758,single,1.0e+00,1,1,3.4e-08,1.0e+00,1.0e-03,3.6e-02,1.0e-03,9.5e-01,global-PRLRNVNTE,CSAprlrnvNTEAFF,CSAPRLRNVNTEAFF,TRBV20-1,TRBJ1-1,CAMRGDSNFGNEKLTF,Donor AJKQ118:LP TCRab CD4 TRM,3.000000,-,-,-,-,-,-,-,-,-,-,-

11784,single,1.0e+00,1,1,1.1e-08,1.0e+00,1.0e-03,1.1e-02,1.0e-03,9.5e-01,global-TAEETGLRGG,CASTaeeTGlrgGYTF,CASTAEETGLRGGYTF,TRBV12-3,TRBJ1-2,CAVGGFQKLVF,Donor AJG2309:L TCRab CD4 FOXP3+ Treg,1.000000,-,-,-,-,-,-,-,-,-,-,-
11784,single,1.0e+00,1,1,1.1e-08,1.0e+00,1.0e-03,1.1e-02,1.0e-03,9.5e-01,global-TAEETGLRGG,CASTaeeTGlrgGYTF,CASTAEETGLRGGYTF,TRBV12-3,TRBJ1-2,CAVGGFQKLVF,Donor AJG2309:PB TCRab CD4 FOXP3+ Treg,5.000000,-,-,-,-,-,-,-,-,-,-,-

11801,single,1.0e+00,1,1,9.5e-07,1.0e+00,1.0e-03,1.0e+00,1.0e-03,9.5e-01,global-RRSGWQET,CASrrSGwQETQYF,CASRRSGWQETQYF,TRBV6-1,TRBJ2-5,CAVQAQTYSGGYQKVTF,Donor AJD3280:IEL TCRab CD4 TRM,1.000000,-,-,-,-,-,-,-,-,-,-,-
11801,single,1.0e+00,1,1,9.5e-07,1.0e+00,1.0e-03,1.0e+00,1.0e-03,9.5e-01,global-RRSGWQET,CASrrSGwQETQYF,CASRRSGWQETQYF,TRBV6-1,TRBJ2-5,CAVQAQTYSGGYQKVTF,Donor AJD3280:LP TCRab CD4 TRM,1.000000,-,-,-,-,-,-,-,-,-,-,-

11838,single,1.0e+00,1,1,1.1e-07,1.0e+00,1.0e-03,1.1e-01,1.0e-03,9.5e-01,global-SLAVGTRSRAE,CASSLavGTrsraEQFF,CASSLAVGTRSRAEQFF,TRBV5-1,TRBJ2-1,CIVRDANAGKSTF,Donor AJG2309:L TCRab CD4 TCM,1.000000,-,-,-,-,-,-,-,-,-,-,-
11838,single,1.0e+00,1,1,1.1e-07,1.0e+00,1.0e-03,1.1e-01,1.0e-03,9.5e-01,global-SLAVGTRSRAE,CASSLavGTrsraEQFF,CASSLAVGTRSRAEQFF,TRBV5-1,TRBJ2-1,CIVRDANAGKSTF,Donor AJG2309:PB TCRab CD4 Naive/TCM,2.000000,-,-,-,-,-,-,-,-,-,-,-

11851,single,1.0e+00,2,1,5.9e-05,1.0e+00,6.2e-02,1.0e+00,1.0e-03,9.5e-01,global-SFRGTGANV,CASSfRGtGANVLTF,CASSFRGTGANVLTF,TRBV11-3,TRBJ2-6,CAASNSGGGADGLTF,Donor AJD3280:PB TCRab CD4 FOXP3+ Treg,1.000000,-,-,-,-,-,-,-,-,-,-,-
11851,single,1.0e+00,2,1,5.9e-05,1.0e+00,6.2e-02,1.0e+00,1.0e-03,9.5e-01,global-SFRGTGANV,CASSfRGtGANVLTF,CASSFRGTGANVLTF,TRBV7-2,TRBJ2-6,CAVNRRSDGQKLLF,Donor AJG2309:PB TCRab CD4 Naive/TCM,1.000000,-,-,-,-,-,-,-,-,-,-,-

