CASSLPNEKLFF	TRBV11-1	TRBJ1-4	CAVNTNAGKSTF	Donor AJD3280:IEL TCRab CD8ab TRM	1
CASTSRDRGLHEQYF	TRBV11-2	TRBJ2-7	CAAHTNAGKSTF	Donor AJD3280:IEL TCRab CD8ab TRM	1
CASSDRGQGGANVLTF	TRBV11-2	TRBJ2-6	CAVETNAGKSTF	Donor AJD3280:IEL TCRab CD8ab TRM	2
CASSVPNEKLFF	TRBV11-2	TRBJ1-4	CAVSTNAGKSTF	Donor AJD3280:IEL TCRab CD8ab TRM	3
CASSLVIAGTSDTQYF	TRBV11-2	TRBJ2-3	CAVYSGYSTLTF	Donor AJD3280:IEL TCRab CD8ab TRM	1
CASSLPNYEQYF	TRBV11-2	TRBJ2-7	CVDNTNAGKSTF	Donor AJD3280:IEL TCRab CD8ab TRM	1
CASRSGGATLTGANVLTF	TRBV11-2	TRBJ2-6	CVSNTNAGKSTF	Donor AJD3280:IEL TCRab CD8ab TRM	1
CASSLGTAYEQYF	TRBV11-3	TRBJ2-7	CAAGVFNKFYF	Donor AJD3280:IEL TCRab CD8ab TRM	1
CASSLGSSYEQYF	TRBV11-3	TRBJ2-7	CAVGNQGGKLIF	Donor AJD3280:IEL TCRab CD8ab TRM	1
CASSAGTAYEQYF	TRBV11-3	TRBJ2-7	CAVSNFNKFYF	Donor AJD3280:IEL TCRab CD8ab TRM	1
CASRMLQGGNTEAFF	TRBV12-3	TRBJ1-1	CAPEHNNARLMF	Donor AJD3280:IEL TCRab CD8ab TRM	1
CASSSTGSGANVLTF	TRBV12-3	TRBJ2-6	CAPGSNTGKLIF	Donor AJD3280:IEL TCRab CD8ab TRM	1
CASWATGELFF	TRBV12-3	TRBJ2-2	CAVNTNAGKSTF	Donor AJD3280:IEL TCRab CD8ab TRM	1
CASSLGDRGMNTEAFF	TRBV12-3	TRBJ1-1	CAVTTNAGKSTF	Donor AJD3280:IEL TCRab CD8ab TRM	1
CASSRQGLNTGELFF	TRBV12-4	TRBJ2-2	CAPVTNAGKSTF	Donor AJD3280:IEL TCRab CD8ab TRM	1
CASGSLAGGVSYEQYF	TRBV12-5	TRBJ2-7	CAVHTNAGKSTF	Donor AJD3280:IEL TCRab CD8ab TRM	1
CASGLTLLQETQYF	TRBV12-5	TRBJ2-5	CAVPSGSARQLTF	Donor AJD3280:IEL TCRab CD8ab TRM	1
CASSLGARASYGYTF	TRBV13	TRBJ1-2	CAVGMDSSYKLIF	Donor AJD3280:IEL TCRab CD8ab TRM	1
CASSLSRGDGNEKLFF	TRBV13	TRBJ1-4	CAVGMDSSYKLIF	Donor AJD3280:IEL TCRab CD8ab TRM	1
CASSPRNTEAFF	TRBV13	TRBJ1-1	CAVIMDSSYKLIF	Donor AJD3280:IEL TCRab CD8ab TRM	1
CASSPGTAFNYGYTF	TRBV13	TRBJ1-2	CAVNMDSSYKLIF	Donor AJD3280:IEL TCRab CD8ab TRM	1
CASSLGARGTEAFF	TRBV13	TRBJ1-1	CAVNVDSSYKLIF	Donor AJD3280:IEL TCRab CD8ab TRM	1
CASSHLTGGITEQFF	TRBV14	TRBJ2-1	CAVNTNAGKSTF	Donor AJD3280:IEL TCRab CD8ab TRM	2
CATSRVGGGVYEQYF	TRBV15	TRBJ2-7	CASQSNTGKLIF	Donor AJD3280:IEL TCRab CD8ab TRM	1
CATSKEAATNYGYTF	TRBV15	TRBJ1-2	CAVRKDSSYKLIF	Donor AJD3280:IEL TCRab CD8ab TRM	1
CASSPPGGILFF	TRBV19	TRBJ1-4	CAANTNAGKSTF	Donor AJD3280:IEL TCRab CD8ab TRM	1
CASSTGRYEQYF	TRBV19	TRBJ2-7	CAGPYSSASKIIF	Donor AJD3280:IEL TCRab CD8ab TRM	1
CASEETPGQGHYGYTF	TRBV19	TRBJ1-2	CAVRRGYQKVTF	Donor AJD3280:IEL TCRab CD8ab TRM	2
CASRSGVSYEQYF	TRBV19	TRBJ2-7	CVVNTNAGKSTF	Donor AJD3280:IEL TCRab CD8ab TRM	1
CASMRTGELFF	TRBV2	TRBJ2-2	CAVNTNAGKSTF	Donor AJD3280:IEL TCRab CD8ab TRM	1
CASRQTSGGAAGELFF	TRBV2	TRBJ2-2	CAVNTNAGKSTF	Donor AJD3280:IEL TCRab CD8ab TRM	1
CSARLRDANQPQHF	TRBV20-1	TRBJ1-5	CAPSLNTGKLIF	Donor AJD3280:IEL TCRab CD8ab TRM	1
CSARVGGGSYNEQFF	TRBV20-1	TRBJ2-1	CASNTNAGKSTF	Donor AJD3280:IEL TCRab CD8ab TRM	1
CSARAKSDFLSYNEQFF	TRBV20-1	TRBJ2-1	CAVGGYQKVTF	Donor AJD3280:IEL TCRab CD8ab TRM	3
CSARGGFYNEQFF	TRBV20-1	TRBJ2-1	CAVRDRDDKIIF	Donor AJD3280:IEL TCRab CD8ab TRM	2
CASSSGASYEQYF	TRBV25-1	TRBJ2-7	CAFGGSQGNLIF	Donor AJD3280:IEL TCRab CD8ab TRM	2
CASSHGTSSSYEQYF	TRBV27	TRBJ2-7	CAGYMDSNYQLIW	Donor AJD3280:IEL TCRab CD8ab TRM	1
CASSLSTGFSDEQFF	TRBV27	TRBJ2-1	CAVRVPFYGTASKLTF	Donor AJD3280:IEL TCRab CD8ab TRM	1
CASSLSGTGVQPQHF	TRBV28	TRBJ1-5	CAVRALNYGGATNKLIF	Donor AJD3280:IEL TCRab CD8ab TRM	2
CASSQENPAYEQYF	TRBV3-1	TRBJ2-7	CAANTNAGKSTF	Donor AJD3280:IEL TCRab CD8ab TRM	1
CASSQALDTQYF	TRBV3-1	TRBJ2-3	CALPERDSSYKLIF	Donor AJD3280:IEL TCRab CD8ab TRM	1
CASRANTGELFF	TRBV3-1	TRBJ2-2	CAVNTNAGKSTF	Donor AJD3280:IEL TCRab CD8ab TRM	1
CASSQGRSYEQYF	TRBV3-1	TRBJ2-7	CAVNTNAGKSTF	Donor AJD3280:IEL TCRab CD8ab TRM	3
CATRTDTGELFF	TRBV3-1	TRBJ2-2	CAVNTNAGKSTF	Donor AJD3280:IEL TCRab CD8ab TRM	1
CASSQVQAPWGYTF	TRBV3-1	TRBJ1-2	CAVPGNKLTF	Donor AJD3280:IEL TCRab CD8ab TRM	1
CASSQQGAEQYF	TRBV3-1	TRBJ2-7	CAVRPRFSDGQKLLF	Donor AJD3280:IEL TCRab CD8ab TRM	1
CASSLPGSEAFF	TRBV3-1	TRBJ1-1	CAVSLNTGKLIF	Donor AJD3280:IEL TCRab CD8ab TRM	1
CASSLEATSYEQYF	TRBV3-1	TRBJ2-7	CAVTNFNKFYF	Donor AJD3280:IEL TCRab CD8ab TRM	1
CASSQGMTYEQYF	TRBV3-1	TRBJ2-7	CSRSGYNKLIF	Donor AJD3280:IEL TCRab CD8ab TRM	1
CASSQAAGASYEQYF	TRBV4-1	TRBJ2-7	CAVNSAGKSTF	Donor AJD3280:IEL TCRab CD8ab TRM	1
CASSQDPAAYGYTF	TRBV4-1	TRBJ1-2	CAVRDQANAGKSTF	Donor AJD3280:IEL TCRab CD8ab TRM	1
CASSQNRASYEQYF	TRBV4-2	TRBJ2-7	CALNTNAGKSTF	Donor AJD3280:IEL TCRab CD8ab TRM	2
CASSQDRGAYEQYF	TRBV4-2	TRBJ2-7	CAMNRDDKIIF	Donor AJD3280:IEL TCRab CD8ab TRM	1
CASSQDVANYEQYF	TRBV4-2	TRBJ2-7	CASLSGSARQLTF	Donor AJD3280:IEL TCRab CD8ab TRM	1
CASSQDRVSYEQYF	TRBV4-2	TRBJ2-7	CAVGGYQKVTF	Donor AJD3280:IEL TCRab CD8ab TRM	3
CASSQDYPVNEQFF	TRBV4-2	TRBJ2-1	CAVSGVQRQLTF	Donor AJD3280:IEL TCRab CD8ab TRM	1
CASSQDRVAYEQYF	TRBV4-3	TRBJ2-7	CAPNRDDKIIF	Donor AJD3280:IEL TCRab CD8ab TRM	1
CASSQDRAAYGYTF	TRBV4-3	TRBJ1-2	CAVCESNYQLIW	Donor AJD3280:IEL TCRab CD8ab TRM	2
CASSQERATYEQYF	TRBV4-3	TRBJ2-7	CAVNRDDKIIF	Donor AJD3280:IEL TCRab CD8ab TRM	1
CASSQDRTYYEQYF	TRBV4-3	TRBJ2-7	CAVNTNAGKSTF	Donor AJD3280:IEL TCRab CD8ab TRM	1
CASSQDRIAYEQYF	TRBV4-3	TRBJ2-7	CVLCRDDKIIF	Donor AJD3280:IEL TCRab CD8ab TRM	1
CASSLDGVSYEQYF	TRBV5-1	TRBJ2-7	CAVAGNTGKLIF	Donor AJD3280:IEL TCRab CD8ab TRM	1
CASSLDTGQYEQYF	TRBV5-1	TRBJ2-7	CAVANFNKFYF	Donor AJD3280:IEL TCRab CD8ab TRM	1
CASSPGTSHEQYF	TRBV5-1	TRBJ2-7	CAVSDSWGKLQF	Donor AJD3280:IEL TCRab CD8ab TRM	3
CASSSLAGGQLNTGELFF	TRBV5-4	TRBJ2-2	CAANTNAGKSTF	Donor AJD3280:IEL TCRab CD8ab TRM	3
CASSGDSGSREKLFF	TRBV5-4	TRBJ1-4	CAFITNAGKSTF	Donor AJD3280:IEL TCRab CD8ab TRM	1
CASSALGGSANSPLHF	TRBV5-4	TRBJ1-6	CAVFTNAGKSTF	Donor AJD3280:IEL TCRab CD8ab TRM	1
CASFGTSFSGNTIYF	TRBV5-5	TRBJ1-3	CAPVSNTGKLIF	Donor AJD3280:IEL TCRab CD8ab TRM	5
CASDEETGYTEAFF	TRBV6-1	TRBJ1-1	CAVRVDFNKFYF	Donor AJD3280:IEL TCRab CD8ab TRM	1
CAGSGTESYEQYF	TRBV6-2	TRBJ2-7	CSLALYNAGNNRKLIW	Donor AJD3280:IEL TCRab CD8ab TRM	2
CASRGTGEEYYGYTF	TRBV6-5	TRBJ1-2	CAVQGNFNKFYF	Donor AJD3280:IEL TCRab CD8ab TRM	3
CASSLRGGGADTQYF	TRBV7-8	TRBJ2-3	CAVSVEKLIF	Donor AJD3280:IEL TCRab CD8ab TRM	1
CASSFAGELFF	TRBV7-9	TRBJ2-2	CAANTNAGKSTF	Donor AJD3280:IEL TCRab CD8ab TRM	3
CASSFREKLFF	TRBV7-9	TRBJ1-4	CAANTNAGKSTF	Donor AJD3280:IEL TCRab CD8ab TRM	4
CASSINEKLFF	TRBV7-9	TRBJ1-4	CAANTNAGKSTF	Donor AJD3280:IEL TCRab CD8ab TRM	3
CASSLVGEQYF	TRBV7-9	TRBJ2-7	CAANTNAGKSTF	Donor AJD3280:IEL TCRab CD8ab TRM	2
CASSATGEAFF	TRBV7-9	TRBJ1-1	CAASSNTGKLIF	Donor AJD3280:IEL TCRab CD8ab TRM	3
CATPRQGAPGGYTF	TRBV7-9	TRBJ1-2	CAPTHNTGKLIF	Donor AJD3280:IEL TCRab CD8ab TRM	1
CASSDYRGGYEQYF	TRBV7-9	TRBJ2-7	CAPTSNTGKLIF	Donor AJD3280:IEL TCRab CD8ab TRM	2
CASSPPDGSWGYTF	TRBV7-9	TRBJ1-2	CAPTSNTGKLIF	Donor AJD3280:IEL TCRab CD8ab TRM	3
CASSSEGTRGEQYF	TRBV7-9	TRBJ2-7	CAPYTNAGKSTF	Donor AJD3280:IEL TCRab CD8ab TRM	1
CASSSDEKLFF	TRBV7-9	TRBJ1-4	CASNTNAGKSTF	Donor AJD3280:IEL TCRab CD8ab TRM	1
CASSSHTDNEQFF	TRBV7-9	TRBJ2-1	CATNTNAGKSTF	Donor AJD3280:IEL TCRab CD8ab TRM	3
CAGAGTAEAFF	TRBV7-9	TRBJ1-1	CAVEVNAGKSTF	Donor AJD3280:IEL TCRab CD8ab TRM	1
CASTGGQGFSGGELFF	TRBV7-9	TRBJ2-2	CSSNTNAGKSTF	Donor AJD3280:IEL TCRab CD8ab TRM	1
CASSPQGVAYEQYF	TRBV9	TRBJ2-7	CAVAAGNMLTF	Donor AJD3280:IEL TCRab CD8ab TRM	4
CASSADSPSYEQYF	TRBV9	TRBJ2-7	CAVAGNTGKLIF	Donor AJD3280:IEL TCRab CD8ab TRM	2
CASSAQTGYEQYF	TRBV9	TRBJ2-7	CAVAHFNKFYF	Donor AJD3280:IEL TCRab CD8ab TRM	1
CASSVEASSYEQYF	TRBV9	TRBJ2-7	CAVLTNAGKSTF	Donor AJD3280:IEL TCRab CD8ab TRM	1
CASSEQGSSYEQYF	TRBV9	TRBJ2-7	CAVRDRKLTGGGNKLTF	Donor AJD3280:IEL TCRab CD8ab TRM	1
CAISESLNTEAFF	TRBV10-3	TRBJ1-1	CALGGATNKLIF	Donor AJD3280:IEL TCRab CD8ab TRM	2
CAIKNTEEEQYF	TRBV10-3	TRBJ2-7	CAVLNDYKLSF	Donor AJD3280:IEL TCRab CD8ab TRM	2
CASSSSWDVSYEQYF	TRBV11-1	TRBJ2-7	CAVRSSGNTPLVF	Donor AJD3280:IEL TCRab CD8ab TRM	1
CASSPGGPYEQYF	TRBV11-2	TRBJ2-7	CASSSNTGKLIF	Donor AJD3280:IEL TCRab CD8ab TRM	3
CASSPGAGPSYEQYF	TRBV11-2	TRBJ2-7	CAVGTNAGKSTF	Donor AJD3280:IEL TCRab CD8ab TRM	2
CASSQIAGTYYNEQFF	TRBV12-4	TRBJ2-1	CAVRDADSNYQLIW	Donor AJD3280:IEL TCRab CD8ab TRM	1
CASGAGTEYQETQYF	TRBV12-5	TRBJ2-5	CASRNYGGSQGNLIF	Donor AJD3280:IEL TCRab CD8ab TRM	1
CASGLPPVGELFF	TRBV12-5	TRBJ2-2	CAVRDDKIIF	Donor AJD3280:IEL TCRab CD8ab TRM	1
CASSQDSGKSGYTF	TRBV14	TRBJ1-2	CAVPRDSNYQLIW	Donor AJD3280:IEL TCRab CD8ab TRM	1
CASSGGDYYGYTF	TRBV14	TRBJ1-2	CAVRALGFGNVLHC	Donor AJD3280:IEL TCRab CD8ab TRM	1
CASSQTSDYYGYTF	TRBV14	TRBJ1-2	CAVRDASDGQKLLF	Donor AJD3280:IEL TCRab CD8ab TRM	1
CASSGDSYYGYTF	TRBV14	TRBJ1-2	CAVRDIGFGNVLHC	Donor AJD3280:IEL TCRab CD8ab TRM	4
CASSQGRDYYGYTF	TRBV14	TRBJ1-2	CAVRDLGFGNVLHC	Donor AJD3280:IEL TCRab CD8ab TRM	6
CASSQGTEYYGYTF	TRBV14	TRBJ1-2	CAVRDLGFGNVLHC	Donor AJD3280:IEL TCRab CD8ab TRM	1
CASSHSGQYYGYTF	TRBV14	TRBJ1-2	CAVRDLSDGQKLLF	Donor AJD3280:IEL TCRab CD8ab TRM	9
CASSNSDSYDGYTF	TRBV14	TRBJ1-2	CAVRDLSDGQKLLF	Donor AJD3280:IEL TCRab CD8ab TRM	4
CASSQVGQSYPGEQYF	TRBV14	TRBJ2-7	CAVRDLSFGNVLHC	Donor AJD3280:IEL TCRab CD8ab TRM	1
CASSPPGQGRLYGYTF	TRBV14	TRBJ1-2	CAVRSDSNYQLIW	Donor AJD3280:IEL TCRab CD8ab TRM	1
CATRDVTAYGPLHF	TRBV15	TRBJ1-6	CAVRDMNRDDKIIF	Donor AJD3280:IEL TCRab CD8ab TRM	1
CASSNPTGEYSYEQYF	TRBV19	TRBJ2-7	CAVRDVAAGNKLTF	Donor AJD3280:IEL TCRab CD8ab TRM	1
CASSMGGMENYGYTF	TRBV19	TRBJ1-2	CAVRSDRGGGFKTIF	Donor AJD3280:IEL TCRab CD8ab TRM	1
CASSGIQGLNYGYTF	TRBV2	TRBJ1-2	CAGLQTGANNLFF	Donor AJD3280:IEL TCRab CD8ab TRM	1
CASSEVGTGGSNEQFF	TRBV2	TRBJ2-1	CAVRAISSGSARQLTF	Donor AJD3280:IEL TCRab CD8ab TRM	1
CASSNLGTGDHYGYTF	TRBV2	TRBJ1-2	CAVRVLNTGNQFYF	Donor AJD3280:IEL TCRab CD8ab TRM	2
CSALDRESSYEQYF	TRBV20-1	TRBJ2-7	CAVATTDSWGKLQF	Donor AJD3280:IEL TCRab CD8ab TRM	1
CSAGRDYHNEQFF	TRBV20-1	TRBJ2-1	CAVLDSNYQLIW	Donor AJD3280:IEL TCRab CD8ab TRM	1
CSARPSRGVTEAFF	TRBV20-1	TRBJ1-1	CAVLGYSTLTF	Donor AJD3280:IEL TCRab CD8ab TRM	2
CSATPTDQRGYTF	TRBV20-1	TRBJ1-2	CAVNNNNDMRF	Donor AJD3280:IEL TCRab CD8ab TRM	1
CSATSGGAYEQFF	TRBV20-1	TRBJ2-1	CAVNPIKAAGNKLTF	Donor AJD3280:IEL TCRab CD8ab TRM	2
CSATVVAAINSPLHF	TRBV20-1	TRBJ1-6	CAVRDMNTGNQFYF	Donor AJD3280:IEL TCRab CD8ab TRM	1
CTPADTNYGYTF	TRBV20-1	TRBJ1-2	CAVRDNRDDKIIF	Donor AJD3280:IEL TCRab CD8ab TRM	1
CSAREPGDEKLFF	TRBV20-1	TRBJ1-4	CAVRDQSGGYQKVTF	Donor AJD3280:IEL TCRab CD8ab TRM	5
CSARQQGEWSYEQYF	TRBV20-1	TRBJ2-7	CAVRGLSGGSYIPTF	Donor AJD3280:IEL TCRab CD8ab TRM	1
CSARDRGEAENIQYF	TRBV20-1	TRBJ2-4	CAVRLAFSSGSARQLTF	Donor AJD3280:IEL TCRab CD8ab TRM	1
CSARGRQSYEQYF	TRBV20-1	TRBJ2-7	CAVRSLINTGTASKLTF	Donor AJD3280:IEL TCRab CD8ab TRM	1
CSARGRGDGQPQHF	TRBV20-1	TRBJ1-5	CAVSAVGSGTYKYIF	Donor AJD3280:IEL TCRab CD8ab TRM	1
CATSDPRGRDWELFF	TRBV24-1	TRBJ2-2	CAVRDLGAGNNRKLIW	Donor AJD3280:IEL TCRab CD8ab TRM	2
CASSESGDLNNEQFF	TRBV25-1	TRBJ2-1	CAVRDLDNAGNMLTF	Donor AJD3280:IEL TCRab CD8ab TRM	1
CASSEPPGEYSYEQYF	TRBV25-1	TRBJ2-7	CAVRDQTGANNLFF	Donor AJD3280:IEL TCRab CD8ab TRM	5
CASSLSGGSRTDTQYF	TRBV27	TRBJ2-3	CAKGVDSSYKLIF	Donor AJD3280:IEL TCRab CD8ab TRM	1
CASSDSTGKGYTF	TRBV27	TRBJ1-2	CAVGMDSSYKLIF	Donor AJD3280:IEL TCRab CD8ab TRM	1
CASSSTGGRETQYF	TRBV27	TRBJ2-5	CAVGMDSSYKLIF	Donor AJD3280:IEL TCRab CD8ab TRM	1
CASTPGLAGGLGTDTQYF	TRBV27	TRBJ2-3	CAVGMDSSYKLIF	Donor AJD3280:IEL TCRab CD8ab TRM	1
CASKHPANTGELFF	TRBV27	TRBJ2-2	CAVYNAGNNRKLIW	Donor AJD3280:IEL TCRab CD8ab TRM	1
CASSRQNYGYTF	TRBV28	TRBJ1-2	CAALDDYKLSF	Donor AJD3280:IEL TCRab CD8ab TRM	1
CSVPTPGSREQYF	TRBV29-1	TRBJ2-7	CAVRWYGNKLVF	Donor AJD3280:IEL TCRab CD8ab TRM	3
CSVWTGDSSNYGYTF	TRBV29-1	TRBJ1-2	CAVSKGGKLIF	Donor AJD3280:IEL TCRab CD8ab TRM	1
CASSQQGAEQYF	TRBV3-1	TRBJ2-7	CAGPYTGGFKTIF	Donor AJD3280:IEL TCRab CD8ab TRM	1
CASSQEGGSYSNEQFF	TRBV3-1	TRBJ2-1	CAPKILTGGGNKLTF	Donor AJD3280:IEL TCRab CD8ab TRM	1
CASSLGLAGGETQYF	TRBV3-1	TRBJ2-5	CAVRDQNDYKLSF	Donor AJD3280:IEL TCRab CD8ab TRM	1
CASSQQGSEQYF	TRBV3-1	TRBJ2-7	CAVSDTGGFKTIF	Donor AJD3280:IEL TCRab CD8ab TRM	1
CASSQQGSEAFF	TRBV3-1	TRBJ1-1	CAVSQTGGFKTIF	Donor AJD3280:IEL TCRab CD8ab TRM	1
CASSQMGGEQYF	TRBV3-1	TRBJ2-7	CAVTYTGGFKTIF	Donor AJD3280:IEL TCRab CD8ab TRM	2
CAWMPQGEAYGYTF	TRBV30	TRBJ1-2	CAVFSNNARLMF	Donor AJD3280:IEL TCRab CD8ab TRM	1
CAWAGTGYFYGYTF	TRBV30	TRBJ1-2	CAVRDINTGTASKLTF	Donor AJD3280:IEL TCRab CD8ab TRM	2
CASSQGAYGYTF	TRBV4-1	TRBJ1-2	CAVRDQNEGNKLVF	Donor AJD3280:IEL TCRab CD8ab TRM	1
CASSQGQGDTQYF	TRBV4-1	TRBJ2-3	CAVRDYAGNNRKLIW	Donor AJD3280:IEL TCRab CD8ab TRM	1
CASSQGPGNTIYF	TRBV4-1	TRBJ1-3	CVVGHNNARLMF	Donor AJD3280:IEL TCRab CD8ab TRM	1
CASSQETGTGGEKLFF	TRBV4-2	TRBJ1-4	CAGYSGGATNKLIF	Donor AJD3280:IEL TCRab CD8ab TRM	1
CASSQDRVSYEQYF	TRBV4-2	TRBJ2-7	CAVGTNAGKSTF	Donor AJD3280:IEL TCRab CD8ab TRM	1
CASSHALSGEYNEQFF	TRBV4-3	TRBJ2-1	CAVGMDSSYKLIF	Donor AJD3280:IEL TCRab CD8ab TRM	1
CASSPGQVMNTGELFF	TRBV4-3	TRBJ2-2	CAVIGNAGNMLTF	Donor AJD3280:IEL TCRab CD8ab TRM	1
CASSQETSGGYNEQFF	TRBV4-3	TRBJ2-1	CAVVDSNYQLIW	Donor AJD3280:IEL TCRab CD8ab TRM	1
CASSSQFPSYEQYF	TRBV4-3	TRBJ2-7	CAVVIGFGNVLHC	Donor AJD3280:IEL TCRab CD8ab TRM	1
CASSPTAYDTQYF	TRBV5-1	TRBJ2-3	CAVRDDKIIF	Donor AJD3280:IEL TCRab CD8ab TRM	1
CASSLLGAIDTDTQYF	TRBV5-4	TRBJ2-3	CALSGNTGKLIF	Donor AJD3280:IEL TCRab CD8ab TRM	2
CASSVLGGVGNEQYF	TRBV5-4	TRBJ2-7	CAPGSTLGRLYF	Donor AJD3280:IEL TCRab CD8ab TRM	1
CASSLGTENTIYF	TRBV5-4	TRBJ1-3	CAVAWGQLTF	Donor AJD3280:IEL TCRab CD8ab TRM	1
CASSTPGQGINEQYF	TRBV5-4	TRBJ2-7	CAVGDTGNQFYF	Donor AJD3280:IEL TCRab CD8ab TRM	1
CASSPMGGFTEAFF	TRBV5-4	TRBJ1-1	CAVGGTTGKLIF	Donor AJD3280:IEL TCRab CD8ab TRM	2
CASSLMGGVTDTQYF	TRBV5-4	TRBJ2-3	CAVGTNAGKSTF	Donor AJD3280:IEL TCRab CD8ab TRM	1
CASSSLSSYNEQFF	TRBV5-4	TRBJ2-1	CAVRDMDAGNMLTF	Donor AJD3280:IEL TCRab CD8ab TRM	3
CASSDSGEIPDTQYF	TRBV5-4	TRBJ2-3	CAVRELTGGGNKLTF	Donor AJD3280:IEL TCRab CD8ab TRM	3
CASSGMDKGYGYTF	TRBV5-4	TRBJ1-2	CAVSLNNARLMF	Donor AJD3280:IEL TCRab CD8ab TRM	1
CASSNPGGASSYEQYF	TRBV5-4	TRBJ2-7	CAVSLNNARLMF	Donor AJD3280:IEL TCRab CD8ab TRM	1
CASSLLGGISTDTQYF	TRBV5-4	TRBJ2-3	CAVSSNTGKLIF	Donor AJD3280:IEL TCRab CD8ab TRM	1
CASSASGDSYEQYF	TRBV5-5	TRBJ2-7	CATTNGLTGGGNKLTF	Donor AJD3280:IEL TCRab CD8ab TRM	1
CASSWDYEQYF	TRBV5-5	TRBJ2-7	CAVNNYGQNFVF	Donor AJD3280:IEL TCRab CD8ab TRM	1
CASSEPAGEYGYEQYF	TRBV5-5	TRBJ2-7	CAVRDLNQAGTALIF	Donor AJD3280:IEL TCRab CD8ab TRM	1
CASSLSTELPGEKLFF	TRBV5-6	TRBJ1-4	CAVRALGDYKLSF	Donor AJD3280:IEL TCRab CD8ab TRM	1
CASSETGGGGVELF	TRBV6-1	TRBJ2-7	CAVINDYKLSF	Donor AJD3280:IEL TCRab CD8ab TRM	1
CASSDLVDRGGEKLFF	TRBV6-1	TRBJ1-4	CAVMDSNYQLIW	Donor AJD3280:IEL TCRab CD8ab TRM	1
CASSESSNSAMNTEAFF	TRBV6-1	TRBJ1-1	CAVRDIRSARQLTF	Donor AJD3280:IEL TCRab CD8ab TRM	1
CASSEPPGTYSYEQYF	TRBV6-1	TRBJ2-7	CAVRDLAAGNKLTF	Donor AJD3280:IEL TCRab CD8ab TRM	1
CASSTPGEEETQYF	TRBV6-1	TRBJ2-5	CAVYNYGQNFVF	Donor AJD3280:IEL TCRab CD8ab TRM	2
CASSYSEGVYEQYF	TRBV6-2	TRBJ2-7	CAALDSNYQLIW	Donor AJD3280:IEL TCRab CD8ab TRM	1
CASSYSTRDYSYEQYF	TRBV6-2	TRBJ2-7	CAVMNSGGYQKVTF	Donor AJD3280:IEL TCRab CD8ab TRM	1
CASGFQPNYGYTF	TRBV6-2	TRBJ1-2	CAVRDAGNMLTF	Donor AJD3280:IEL TCRab CD8ab TRM	1
CASSYREGAYGYEQYF	TRBV6-2	TRBJ2-7	CAVRDLGGANNLFF	Donor AJD3280:IEL TCRab CD8ab TRM	1
CASSYSPGEYSYEQYF	TRBV6-2	TRBJ2-7	CAVRDLNAGNMLTF	Donor AJD3280:IEL TCRab CD8ab TRM	2
CASSYRTGEYNYGYTF	TRBV6-2	TRBJ1-2	CAVRDLQRDDKIIF	Donor AJD3280:IEL TCRab CD8ab TRM	1
CASNLLPGAYSYEQYF	TRBV6-2	TRBJ2-7	CAVRDMNRDDKIIF	Donor AJD3280:IEL TCRab CD8ab TRM	1
CASSYDTNTGELFF	TRBV6-2	TRBJ2-2	CAVRDSNYQLIW	Donor AJD3280:IEL TCRab CD8ab TRM	3
CASSYGRDKGIYGYTF	TRBV6-2	TRBJ1-2	CAVRPDRGSTLGRLYF	Donor AJD3280:IEL TCRab CD8ab TRM	1
CASSYLVGSGNTIYF	TRBV6-2	TRBJ1-3	CAWEDNQGGKLIF	Donor AJD3280:IEL TCRab CD8ab TRM	1
CASSDSSSGGGTDTQYF	TRBV6-4	TRBJ2-3	CAAMDSSYKLIF	Donor AJD3280:IEL TCRab CD8ab TRM	1
CASSDQAGEWNEQFF	TRBV6-4	TRBJ2-1	CAVRDSNYQLIW	Donor AJD3280:IEL TCRab CD8ab TRM	1
CASSVAGEADTQYF	TRBV6-4	TRBJ2-3	CAVRDVYGGATNKLIF	Donor AJD3280:IEL TCRab CD8ab TRM	1
CASSYTPWGGFENTEAFF	TRBV6-5	TRBJ1-1	CASAMDSNYQLIW	Donor AJD3280:IEL TCRab CD8ab TRM	1
CASTSVAGGYQETQYF	TRBV6-5	TRBJ2-5	CAVRDDYKLSF	Donor AJD3280:IEL TCRab CD8ab TRM	1
CASSYSTVASGNTIYF	TRBV6-6	TRBJ1-3	CAVRDIDDYKLSF	Donor AJD3280:IEL TCRab CD8ab TRM	2
CASRDGTLYPSEQYF	TRBV6-6	TRBJ2-7	CAVRDLDNTDKLIF	Donor AJD3280:IEL TCRab CD8ab TRM	2
CASSGTSGVEITQYF	TRBV7-2	TRBJ2-3	CARAGDSSYKLIF	Donor AJD3280:IEL TCRab CD8ab TRM	1
CASSLGGPYEQYF	TRBV7-2	TRBJ2-7	CASSSNTGKLIF	Donor AJD3280:IEL TCRab CD8ab TRM	1
CASSSSRTEYSYEQYF	TRBV7-2	TRBJ2-7	CAVRDMNRDDKIIF	Donor AJD3280:IEL TCRab CD8ab TRM	1
CASSLDRLAGVADTQYF	TRBV7-2	TRBJ2-3	CAVRRGGKLIF	Donor AJD3280:IEL TCRab CD8ab TRM	1
CASSLSPPDRSSYEQYF	TRBV7-2	TRBJ2-7	CAVRSYGQNFVF	Donor AJD3280:IEL TCRab CD8ab TRM	1
CASSLGSSGGAYEQYF	TRBV7-3	TRBJ2-7	CAVRGSDSNYQLIW	Donor AJD3280:IEL TCRab CD8ab TRM	1
CASSLEGGLGQPQHF	TRBV7-6	TRBJ1-5	CAVRFLIGADKLIF	Donor AJD3280:IEL TCRab CD8ab TRM	1
CASSLVEGYGYTF	TRBV7-8	TRBJ1-2	CAADLLSGGYNKLIF	Donor AJD3280:IEL TCRab CD8ab TRM	1
CASSLGLGDNYGYTF	TRBV7-8	TRBJ1-2	CAELYSGAGSYQLTF	Donor AJD3280:IEL TCRab CD8ab TRM	1
CATQLSKLGQGTEAFF	TRBV7-8	TRBJ1-1	CAVIGYNQGGKLIF	Donor AJD3280:IEL TCRab CD8ab TRM	2
CASSLAVGGYTF	TRBV7-8	TRBJ1-2	CAVPMDSNYQLIW	Donor AJD3280:IEL TCRab CD8ab TRM	2
CASSLASRYAGAGGELFF	TRBV7-8	TRBJ2-2	CAVRALNRDDKIIF	Donor AJD3280:IEL TCRab CD8ab TRM	1
CASSRDQVNYGYTF	TRBV7-9	TRBJ1-2	CALGMDSSYKLIF	Donor AJD3280:IEL TCRab CD8ab TRM	2
CASSSLSSKTGPYGYTF	TRBV7-9	TRBJ1-2	CAPAGGATNKLIF	Donor AJD3280:IEL TCRab CD8ab TRM	1
CASSGRGDEQFF	TRBV7-9	TRBJ2-1	CAVRDDKIIF	Donor AJD3280:IEL TCRab CD8ab TRM	1
CASSSGTEYYGYTF	TRBV7-9	TRBJ1-2	CAVRDIGFGNVLHC	Donor AJD3280:IEL TCRab CD8ab TRM	5
CASSPGGLAFF	TRBV7-9	TRBJ1-1	CVYGGSQGNLIF	Donor AJD3280:IEL TCRab CD8ab TRM	1
CASSEGPLNSPLHF	TRBV9	TRBJ1-6	CAADGSGNTGKLIF	Donor AJD3280:IEL TCRab CD8ab TRM	1
CASSPGTSETQYF	TRBV9	TRBJ2-5	CALFNTNAGKSTF	Donor AJD3280:IEL TCRab CD8ab TRM	1
CASSWRGGLNTGELFF	TRBV9	TRBJ2-2	CASWMDSSYKLIF	Donor AJD3280:IEL TCRab CD8ab TRM	1
CASSGPGQGGYGYTF	TRBV9	TRBJ1-2	CAVSHNNARLMF	Donor AJD3280:IEL TCRab CD8ab TRM	3
CASSGSGQGGYGYTF	TRBV9	TRBJ1-2	CAVSLNNARLMF	Donor AJD3280:IEL TCRab CD8ab TRM	2
CASSGKAGANVLTF	TRBV9	TRBJ2-6	CAVWGHTSGTYKYIF	Donor AJD3280:IEL TCRab CD8ab TRM	1
CAISESSGANYNSPLHF	TRBV10-3	TRBJ1-6	CVVSAANDYKLSF	Donor AJD3280:IEL TCRab CD8ab TRM	1
CAISETYPGQFNSPLHF	TRBV10-3	TRBJ1-6	CVVSASADYKLSF	Donor AJD3280:IEL TCRab CD8ab TRM	2
CAISEGEGKNQPQHF	TRBV10-3	TRBJ1-5	CVVSAVSDGQKLLF	Donor AJD3280:IEL TCRab CD8ab TRM	1
CAISETSTNSYNEQFF	TRBV10-3	TRBJ2-1	CVVSPSNDYKLSF	Donor AJD3280:IEL TCRab CD8ab TRM	7
CASSLSLMGLNSGNTIYF	TRBV11-3	TRBJ1-3	CVVSAGSNYQLIW	Donor AJD3280:IEL TCRab CD8ab TRM	2
CASSSTSGTGGHGNQPQHF	TRBV18	TRBJ1-5	CVVSAMDSSYKLIF	Donor AJD3280:IEL TCRab CD8ab TRM	1
CASSPPGGDGYTF	TRBV19	TRBJ1-2	CVVSGMRPGNTGFQKLVF	Donor AJD3280:IEL TCRab CD8ab TRM	1
CATSDGNTIYF	TRBV24-1	TRBJ1-3	CVGEDGNEKLTF	Donor AJD3280:IEL TCRab CD8ab TRM	1
CASSSGLGGGYTF	TRBV27	TRBJ1-2	CVVRPMNTGFQKLVF	Donor AJD3280:IEL TCRab CD8ab TRM	1
CASSQDPGEFTDTQYF	TRBV3-1	TRBJ2-3	CVVSGYALNF	Donor AJD3280:IEL TCRab CD8ab TRM	1
CASSSGTGGWSETQYF	TRBV5-1	TRBJ2-5	CVVRTGTASKLTF	Donor AJD3280:IEL TCRab CD8ab TRM	1
CASSLAASGGADTVDTQYF	TRBV5-6	TRBJ2-3	CVVSPGLLGTGFQKLVF	Donor AJD3280:IEL TCRab CD8ab TRM	1
CASSDLLFGGGVETQYF	TRBV6-1	TRBJ2-5	CVVSALGSYKYIF	Donor AJD3280:IEL TCRab CD8ab TRM	1
CASSLYGPSTDTQYF	TRBV7-3	TRBJ2-3	CVVYDYKLSF	Donor AJD3280:IEL TCRab CD8ab TRM	1
CASSFSLDPSYEQYF	TRBV7-9	TRBJ2-7	CVVRSGGYNKLIF	Donor AJD3280:IEL TCRab CD8ab TRM	1
CASAPGGTTDTQYF	TRBV10-3	TRBJ2-3	CVVMRGGSQGNLIF	Donor AJD3280:IEL TCRab CD8ab TRM	1
CASSLAKLGKGINEQFF	TRBV11-3	TRBJ2-1	CVVNKRGTYKYIF	Donor AJD3280:IEL TCRab CD8ab TRM	1
CASSLDRLGESYYGYTF	TRBV11-3	TRBJ1-2	CVVRAGTASKLTF	Donor AJD3280:IEL TCRab CD8ab TRM	1
CASSLQGLGRVNYGYTF	TRBV11-3	TRBJ1-2	CVVSAGTASKLTF	Donor AJD3280:IEL TCRab CD8ab TRM	1
CASSQDTIYF	TRBV12-3	TRBJ1-3	CAGDGAGSYQLTF	Donor AJD3280:IEL TCRab CD8ab TRM	1
CASTAGYGYTF	TRBV12-4	TRBJ1-2	CVVMTTDSWGKLQF	Donor AJD3280:IEL TCRab CD8ab TRM	1
CASAGTDTQYF	TRBV12-5	TRBJ2-3	CVVNIRNSGYALNF	Donor AJD3280:IEL TCRab CD8ab TRM	4
CATSSLGQGTPYEQYF	TRBV15	TRBJ2-7	CVRPEGQKLLF	Donor AJD3280:IEL TCRab CD8ab TRM	1
CASSQGAIEAFF	TRBV19	TRBJ1-1	CVVNDWRNNDMRF	Donor AJD3280:IEL TCRab CD8ab TRM	1
CASSEVPGLNTEAFF	TRBV2	TRBJ1-1	CVVNSNSGYALNF	Donor AJD3280:IEL TCRab CD8ab TRM	1
CASSDPGGGLNEQFF	TRBV2	TRBJ2-1	CVVSGDSSYKLIF	Donor AJD3280:IEL TCRab CD8ab TRM	1
CSARDRGTTDTQYF	TRBV20-1	TRBJ2-3	CVVGDYKLSF	Donor AJD3280:IEL TCRab CD8ab TRM	1
CSARDRLATDTQYF	TRBV20-1	TRBJ2-3	CVVGDYKLSF	Donor AJD3280:IEL TCRab CD8ab TRM	6
CSARGRDLPDTQYF	TRBV20-1	TRBJ2-3	CVVGDYKLSF	Donor AJD3280:IEL TCRab CD8ab TRM	10
CSARDWGLAGGPVDTQYF	TRBV20-1	TRBJ2-3	CVVNGEGDNYGQNFVF	Donor AJD3280:IEL TCRab CD8ab TRM	1
CSARVGDLGIETQYF	TRBV20-1	TRBJ2-5	CVVNRDTRLMF	Donor AJD3280:IEL TCRab CD8ab TRM	1
CASSSAAGTSDTQYF	TRBV27	TRBJ2-3	CVVNDYKLSF	Donor AJD3280:IEL TCRab CD8ab TRM	1
CASSAGTLGYEQYF	TRBV27	TRBJ2-7	CVVRTPFHARLMF	Donor AJD3280:IEL TCRab CD8ab TRM	1
CASSLPSGDQETQYF	TRBV28	TRBJ2-5	CVARNSGYSTLTF	Donor AJD3280:IEL TCRab CD8ab TRM	1
CASSFTPDKNTEAFF	TRBV28	TRBJ1-1	CVVNSYSSASKIIF	Donor AJD3280:IEL TCRab CD8ab TRM	1
CSVVGGEQFF	TRBV29-1	TRBJ2-1	CVVPIGFGNVLHC	Donor AJD3280:IEL TCRab CD8ab TRM	2
CASSQVGLAGGQDTDTQYF	TRBV3-1	TRBJ2-3	CVVNRGGSYIPTF	Donor AJD3280:IEL TCRab CD8ab TRM	1
CASSSLYGAGREAFF	TRBV4-1	TRBJ1-1	CVVNGYGGATNKLIF	Donor AJD3280:IEL TCRab CD8ab TRM	1
CASSPPDRAETQYF	TRBV4-1	TRBJ2-5	CVVNMGTNDMRF	Donor AJD3280:IEL TCRab CD8ab TRM	1
CASSQPTGSGQPQHF	TRBV4-1	TRBJ1-5	CVVNRDRGSTLGRLYF	Donor AJD3280:IEL TCRab CD8ab TRM	1
CASSQGASGDTQYF	TRBV4-1	TRBJ2-3	CVVNSSASKIIF	Donor AJD3280:IEL TCRab CD8ab TRM	1
CASSQDQAGGSYEQYF	TRBV4-2	TRBJ2-7	CVVNRRTGGFKTIF	Donor AJD3280:IEL TCRab CD8ab TRM	1
CASSQDTGADTQYF	TRBV4-3	TRBJ2-3	CVVNGRGTYKYIF	Donor AJD3280:IEL TCRab CD8ab TRM	1
CASSPTRTGSNQPQHF	TRBV4-3	TRBJ1-5	CVVNILTGGGNKLTF	Donor AJD3280:IEL TCRab CD8ab TRM	1
CASSQTGTGLYEQYF	TRBV4-3	TRBJ2-7	CVVNSFSGNTGKLIF	Donor AJD3280:IEL TCRab CD8ab TRM	1
CASSQATGLTSGANVLTF	TRBV4-3	TRBJ2-6	CVVSSPGFGNVLHC	Donor AJD3280:IEL TCRab CD8ab TRM	1
CASSLQAEPSTDTQYF	TRBV5-1	TRBJ2-3	CVVPAGSYQLTF	Donor AJD3280:IEL TCRab CD8ab TRM	3
CASSSPQGANVLTF	TRBV5-4	TRBJ2-6	CVVDTTSGTYKYIF	Donor AJD3280:IEL TCRab CD8ab TRM	1
CASSLFLVTGETQYF	TRBV5-6	TRBJ2-5	CVVTLSSSYKLIF	Donor AJD3280:IEL TCRab CD8ab TRM	9
CASSLLFTDTQYF	TRBV5-8	TRBJ2-3	CVVNRGDKIIF	Donor AJD3280:IEL TCRab CD8ab TRM	1
CASSGGLADYNEQFF	TRBV5-8	TRBJ2-1	CVVNTGSKLVF	Donor AJD3280:IEL TCRab CD8ab TRM	1
CASSLFPTGDYGYTF	TRBV5-8	TRBJ1-2	CVVTSTGAGSYQLTF	Donor AJD3280:IEL TCRab CD8ab TRM	1
CASSPDSYVMSYEQYF	TRBV6-2	TRBJ2-7	CVVKYADTGRRALTF	Donor AJD3280:IEL TCRab CD8ab TRM	1
CAINNRGQGTHEQFF	TRBV6-2	TRBJ2-1	CVVNDYKLSF	Donor AJD3280:IEL TCRab CD8ab TRM	1
CASSYTRGSNQPQHF	TRBV6-2	TRBJ1-5	CVVNDYKLSF	Donor AJD3280:IEL TCRab CD8ab TRM	4
CASSYEGLSYNEQFF	TRBV6-5	TRBJ2-1	CVVNGGRLMF	Donor AJD3280:IEL TCRab CD8ab TRM	1
CASSRGQGDGYTF	TRBV7-2	TRBJ1-2	CVVKGGNAGNNRKLIW	Donor AJD3280:IEL TCRab CD8ab TRM	1
CASSPHRGYNSPLHF	TRBV7-2	TRBJ1-6	CVVNDDKIIF	Donor AJD3280:IEL TCRab CD8ab TRM	3
CASSFQRGAEQSQFF	TRBV7-2	TRBJ2-1	CVVNDYKLSF	Donor AJD3280:IEL TCRab CD8ab TRM	2
CASSILRGGDEKLFF	TRBV7-2	TRBJ1-4	CVVNDYKLSF	Donor AJD3280:IEL TCRab CD8ab TRM	3
CASSLDRGYNSPLHF	TRBV7-2	TRBJ1-6	CVVNDYKLSF	Donor AJD3280:IEL TCRab CD8ab TRM	1
CASSLERGAYNEQFF	TRBV7-2	TRBJ2-1	CVVNDYKLSF	Donor AJD3280:IEL TCRab CD8ab TRM	5
CASSLVRGAPGELFF	TRBV7-2	TRBJ2-2	CVVNDYKLSF	Donor AJD3280:IEL TCRab CD8ab TRM	1
CASSPDRSYNSPLHF	TRBV7-2	TRBJ1-6	CVVNDYKLSF	Donor AJD3280:IEL TCRab CD8ab TRM	1
CASSPQRGAYYEQYF	TRBV7-2	TRBJ2-7	CVVNDYKLSF	Donor AJD3280:IEL TCRab CD8ab TRM	10
CASSGLAGVNLMAYF	TRBV7-2	TRBJ2-5	CVVNGPGGSYIPTF	Donor AJD3280:IEL TCRab CD8ab TRM	1
CASSLTGEQPQHF	TRBV7-2	TRBJ1-5	CVVNILSNTGKLIF	Donor AJD3280:IEL TCRab CD8ab TRM	1
CASSLARGSEEKLFF	TRBV7-8	TRBJ1-4	CVLNDYKLSF	Donor AJD3280:IEL TCRab CD8ab TRM	2
CASSALRGSNQPQHF	TRBV7-8	TRBJ1-5	CVVNDYKLSF	Donor AJD3280:IEL TCRab CD8ab TRM	1
CASSLARGSNTEAFF	TRBV7-8	TRBJ1-1	CVVNDYKLSF	Donor AJD3280:IEL TCRab CD8ab TRM	1
CASSVNRAGGNTIYF	TRBV7-8	TRBJ1-3	CVVNDYKLSF	Donor AJD3280:IEL TCRab CD8ab TRM	2
CASSLGDRTENEKLFF	TRBV7-8	TRBJ1-4	CVVRRSGTYKYIF	Donor AJD3280:IEL TCRab CD8ab TRM	1
CASSVGRQTSGANVLTF	TRBV7-9	TRBJ2-6	CVVIFNYGQNFVF	Donor AJD3280:IEL TCRab CD8ab TRM	1
CASSAYSGDTQYF	TRBV9	TRBJ2-3	CVVNRGNYGQNFVF	Donor AJD3280:IEL TCRab CD8ab TRM	2
CASSPGGSDEQYF	TRBV11-2	TRBJ2-7	CAVNADGQKLLF	Donor AJD3280:IEL TCRab CD8ab TRM	1
CASSSGLAGADTQYF	TRBV11-2	TRBJ2-3	CAVNSGGYNKLIF	Donor AJD3280:IEL TCRab CD8ab TRM	1
CASSIRTATYEQYF	TRBV11-3	TRBJ2-7	CAVNDQAGTALIF	Donor AJD3280:IEL TCRab CD8ab TRM	3
CASRRRNQETQYF	TRBV11-3	TRBJ2-5	CAVNTRDSGYALNF	Donor AJD3280:IEL TCRab CD8ab TRM	1
CASGVGQGAVGELFF	TRBV12-5	TRBJ2-2	CAVNNQAGTALIF	Donor AJD3280:IEL TCRab CD8ab TRM	1
CASSWDADGNTEAFF	TRBV13	TRBJ1-1	CAVSSGGGADGLTF	Donor AJD3280:IEL TCRab CD8ab TRM	2
CASSPLPANGYTF	TRBV16	TRBJ1-2	CAVNADGQKLLF	Donor AJD3280:IEL TCRab CD8ab TRM	2
CASSLSVGGRSNYGYTF	TRBV19	TRBJ1-2	CAVKGGNNRLAF	Donor AJD3280:IEL TCRab CD8ab TRM	1
CASLQGPGELFF	TRBV19	TRBJ2-2	CAVNRGGSQGNLIF	Donor AJD3280:IEL TCRab CD8ab TRM	1
CASSNTGELFF	TRBV19	TRBJ2-2	CAVNVPYSSASKIIF	Donor AJD3280:IEL TCRab CD8ab TRM	2
CASSTGTGADTDTQYF	TRBV27	TRBJ2-3	CAAASSNDYKLSF	Donor AJD3280:IEL TCRab CD8ab TRM	1
CASSLPGFGYTF	TRBV27	TRBJ1-2	CAVGPSGNTPLVF	Donor AJD3280:IEL TCRab CD8ab TRM	1
CASSFASFTDTQYF	TRBV27	TRBJ2-3	CAVMEYGNKLVF	Donor AJD3280:IEL TCRab CD8ab TRM	1
CASSFIVGNEQFF	TRBV27	TRBJ2-1	CAVNQPQKLVF	Donor AJD3280:IEL TCRab CD8ab TRM	1
CASSWASSTDTQYF	TRBV27	TRBJ2-3	CAVRTYGNKLVF	Donor AJD3280:IEL TCRab CD8ab TRM	2
CSVDRGTDNEQFF	TRBV29-1	TRBJ2-1	CAVNLLYNTDKLIF	Donor AJD3280:IEL TCRab CD8ab TRM	1
CASSQGDKPYEQYF	TRBV3-1	TRBJ2-7	CAVMYTNAGKSTF	Donor AJD3280:IEL TCRab CD8ab TRM	1
CASSPPQGSNQPQHF	TRBV4-1	TRBJ1-5	CAVNKGRGSTLGRLYF	Donor AJD3280:IEL TCRab CD8ab TRM	1
CASSPSFGGQGMGTEAFF	TRBV4-3	TRBJ1-1	CAVNPANDYKLSF	Donor AJD3280:IEL TCRab CD8ab TRM	1
CASSQEEGRHEQYF	TRBV4-3	TRBJ2-7	CAVTMNTGFQKLVF	Donor AJD3280:IEL TCRab CD8ab TRM	1
CASSASGSGGYADTQYF	TRBV5-1	TRBJ2-3	CAVNAPGGSSASKIIF	Donor AJD3280:IEL TCRab CD8ab TRM	3
CASSEWEGNTEAFF	TRBV6-1	TRBJ1-1	CAVNKARVSGGYNKLIF	Donor AJD3280:IEL TCRab CD8ab TRM	2
CASTDWPNTEAFF	TRBV6-1	TRBJ1-1	CAVPGYSTLTF	Donor AJD3280:IEL TCRab CD8ab TRM	3
CASSYSPGMNTEAFF	TRBV6-5	TRBJ1-1	CAVGNYGQNFVF	Donor AJD3280:IEL TCRab CD8ab TRM	1
CASSPTQETQYF	TRBV6-5	TRBJ2-5	CAVSSGAGSYQLTF	Donor AJD3280:IEL TCRab CD8ab TRM	1
CASGMGLAGVNEQFF	TRBV6-5	TRBJ2-1	CAVTFSMTTDSWGKLQF	Donor AJD3280:IEL TCRab CD8ab TRM	1
CASSYPRGKNTEAFF	TRBV6-6	TRBJ1-1	CASPKFNKFYF	Donor AJD3280:IEL TCRab CD8ab TRM	1
CASSDYTEAFF	TRBV6-6	TRBJ1-1	CAVRGNSGYALNF	Donor AJD3280:IEL TCRab CD8ab TRM	1
CASSFAGGLMNEQFF	TRBV7-3	TRBJ2-1	CASYTGGFKTIF	Donor AJD3280:IEL TCRab CD8ab TRM	3
CASSFGGLAGELFF	TRBV7-3	TRBJ2-2	CAVNTGRRALTF	Donor AJD3280:IEL TCRab CD8ab TRM	1
CASSLIGGGAGEQYF	TRBV7-3	TRBJ2-7	CAVNTGRRALTF	Donor AJD3280:IEL TCRab CD8ab TRM	2
CASSSAGELYF	TRBV7-4	TRBJ2-3	CAVNRGGYQKVTF	Donor AJD3280:IEL TCRab CD8ab TRM	1
CASSSPMEGAGELFF	TRBV7-8	TRBJ2-2	CAVGAYSSASKIIF	Donor AJD3280:IEL TCRab CD8ab TRM	1
CASSPTAQETQYF	TRBV7-9	TRBJ2-5	CAGLNYGGSQGNLIF	Donor AJD3280:IEL TCRab CD8ab TRM	1
CASSLVSQETQYF	TRBV7-9	TRBJ2-5	CAVLNYGGSQGNLIF	Donor AJD3280:IEL TCRab CD8ab TRM	2
CAISDPPSGGLLQTQYF	TRBV10-3	TRBJ2-5	CARADNYGQNFVF	Donor AJD3280:IEL TCRab CD8ab TRM	1
CASRGLAGINEQFF	TRBV11-2	TRBJ2-1	CASGSNTGKLIF	Donor AJD3280:IEL TCRab CD8ab TRM	1
CASSSDRGETQYF	TRBV12-3	TRBJ2-5	CAIASGGSYIPTF	Donor AJD3280:IEL TCRab CD8ab TRM	10
CASSEAPEAFF	TRBV2	TRBJ1-1	CAMSGQSNTGKLIF	Donor AJD3280:IEL TCRab CD8ab TRM	1
CSARGWDGFADTQYF	TRBV20-1	TRBJ2-3	CAMSSLGSTLGRLYF	Donor AJD3280:IEL TCRab CD8ab TRM	1
CASSKQGSNEKLFF	TRBV27	TRBJ1-4	CAALNTGGFKTIF	Donor AJD3280:IEL TCRab CD8ab TRM	2
CSVDKQGYGYTF	TRBV29-1	TRBJ1-2	CATNTNAGKSTF	Donor AJD3280:IEL TCRab CD8ab TRM	1
CASSQEGHAGYNEQFF	TRBV3-1	TRBJ2-1	CAIDGDTGGFKTIF	Donor AJD3280:IEL TCRab CD8ab TRM	1
CASKEGQGRNTIYF	TRBV3-1	TRBJ1-3	CAMSANTDKLIF	Donor AJD3280:IEL TCRab CD8ab TRM	1
CASSSPTAGAREQFF	TRBV3-1	TRBJ2-1	CAMSANTDKLIF	Donor AJD3280:IEL TCRab CD8ab TRM	1
CASSQPGAGYGYTF	TRBV3-1	TRBJ1-2	CAMSDNTDKLIF	Donor AJD3280:IEL TCRab CD8ab TRM	4
CASLGIDYGYTF	TRBV3-1	TRBJ1-2	CAMSGNTDKLIF	Donor AJD3280:IEL TCRab CD8ab TRM	3
CASSTRTGGEGNTIYF	TRBV3-1	TRBJ1-3	CAMSGNTDKLIF	Donor AJD3280:IEL TCRab CD8ab TRM	1
CASRADSGNTIYF	TRBV3-1	TRBJ1-3	CAMSRNTDKLIF	Donor AJD3280:IEL TCRab CD8ab TRM	2
CASLKTGGHGGYTF	TRBV3-1	TRBJ1-2	CAMTANTDKLIF	Donor AJD3280:IEL TCRab CD8ab TRM	1
CAWSPRDQETQYF	TRBV30	TRBJ2-5	CAMSDWDDYKLSF	Donor AJD3280:IEL TCRab CD8ab TRM	1
CASSQVASNTGELFF	TRBV4-1	TRBJ2-2	CAMSSGSARQLTF	Donor AJD3280:IEL TCRab CD8ab TRM	1
CASSRTGGTEAFF	TRBV6-1	TRBJ1-1	CAMRRNSGNTPLVF	Donor AJD3280:IEL TCRab CD8ab TRM	1
CASSELQETQYF	TRBV6-1	TRBJ2-5	CAMSAGSGTYKYIF	Donor AJD3280:IEL TCRab CD8ab TRM	1
CASSWGSEAFF	TRBV7-2	TRBJ1-1	CAMKGGGSQGNLIF	Donor AJD3280:IEL TCRab CD8ab TRM	1
CASSLQEFYGYTF	TRBV7-2	TRBJ1-2	CAMNGGKLIF	Donor AJD3280:IEL TCRab CD8ab TRM	1
CASSLVRGGRETQYF	TRBV7-2	TRBJ2-5	CAVNDYKLSF	Donor AJD3280:IEL TCRab CD8ab TRM	1
CASSPKKGNTEAFF	TRBV7-4	TRBJ1-1	CAMAGMGRAGGTSYGKLTF	Donor AJD3280:IEL TCRab CD8ab TRM	1
CASSLSIEAFF	TRBV7-9	TRBJ1-1	CAMWAQGAQKLVF	Donor AJD3280:IEL TCRab CD8ab TRM	1
CASSVEAGQVPYNEQFF	TRBV9	TRBJ2-1	CAMSDGNYKLTF	Donor AJD3280:IEL TCRab CD8ab TRM	1
CASSVGEGTEAFF	TRBV10-2	TRBJ1-1	CGWNSGYSTLTF	Donor AJD3280:IEL TCRab CD8ab TRM	1
CAISPGIGGSEAFF	TRBV10-3	TRBJ1-1	CAARGWREGTSYGKLTF	Donor AJD3280:IEL TCRab CD8ab TRM	1
CASTYGPGYGYTF	TRBV11-2	TRBJ1-2	CASRGGADGLTF	Donor AJD3280:IEL TCRab CD8ab TRM	1
CASSLSLLGVRNTGELFF	TRBV11-3	TRBJ2-2	CAASKDKLVF	Donor AJD3280:IEL TCRab CD8ab TRM	1
CASSLSRMGGSGLGDTF	TRBV11-3	TRBJ1-2	CAASKGTGGFKTIF	Donor AJD3280:IEL TCRab CD8ab TRM	1
CASSSGTGNAFF	TRBV12-4	TRBJ1-1	CAASEGNVLHC	Donor AJD3280:IEL TCRab CD8ab TRM	1
CASSQGTAGNTIYF	TRBV19	TRBJ1-3	CAAGYGNKLVF	Donor AJD3280:IEL TCRab CD8ab TRM	1
CASRSGGWDTEAFF	TRBV19	TRBJ1-1	CAASIAVNTGFQKLVF	Donor AJD3280:IEL TCRab CD8ab TRM	1
CASSNLRKSYEQYF	TRBV19	TRBJ2-7	CAASPAGKSTF	Donor AJD3280:IEL TCRab CD8ab TRM	1
CASSIPGTTDTQYF	TRBV19	TRBJ2-3	CAASSSGSARQLTF	Donor AJD3280:IEL TCRab CD8ab TRM	1
CASSGGDRGLNSPLHF	TRBV2	TRBJ1-6	CAAPRDGNNRKLIW	Donor AJD3280:IEL TCRab CD8ab TRM	1
CASSAPYIPETQYF	TRBV2	TRBJ2-5	CAAYSFGNVLHC	Donor AJD3280:IEL TCRab CD8ab TRM	1
CSASSPGTLSYEQYF	TRBV20-1	TRBJ2-7	CAAGSLMEYGNKLVF	Donor AJD3280:IEL TCRab CD8ab TRM	1
CSARSGLAGVEQFF	TRBV20-1	TRBJ2-1	CAAPNFGNEKLTF	Donor AJD3280:IEL TCRab CD8ab TRM	1
CASTTGSGNTIYF	TRBV27	TRBJ1-3	CAASSFGGYNKLIF	Donor AJD3280:IEL TCRab CD8ab TRM	1
CATREYRELNTGELFF	TRBV27	TRBJ2-2	CAAYNYGQNFVF	Donor AJD3280:IEL TCRab CD8ab TRM	1
CASSQFSRDTEAFF	TRBV3-1	TRBJ1-1	CAAWKGGSQGNLIF	Donor AJD3280:IEL TCRab CD8ab TRM	1
CAWSSGHSNQPQHF	TRBV30	TRBJ1-5	CAASKRGSGNTGKLIF	Donor AJD3280:IEL TCRab CD8ab TRM	1
CASSQERGKGTEAFF	TRBV4-2	TRBJ1-1	CAASISNFGNEKLTF	Donor AJD3280:IEL TCRab CD8ab TRM	1
CASSQDRLNSGKSGYTF	TRBV4-3	TRBJ1-2	CAASTGADGQKLLF	Donor AJD3280:IEL TCRab CD8ab TRM	2
CASSSVGQGSTDTQYF	TRBV5-1	TRBJ2-3	CAASTQGGSARQLTF	Donor AJD3280:IEL TCRab CD8ab TRM	1
CASSFGFSYNEQFF	TRBV5-6	TRBJ2-1	CAAVLNYGGSQGNLIF	Donor AJD3280:IEL TCRab CD8ab TRM	1
CASSEAQDYEQYF	TRBV6-1	TRBJ2-7	CAAFSSNTGKLIF	Donor AJD3280:IEL TCRab CD8ab TRM	2
CASSYPTGGNSPLHF	TRBV6-2	TRBJ1-6	CAALRSNDYKLSF	Donor AJD3280:IEL TCRab CD8ab TRM	1
CASRGSGFGANVLTF	TRBV6-5	TRBJ2-6	CAALRSNDYKLSF	Donor AJD3280:IEL TCRab CD8ab TRM	1
CASSSTGDGYTF	TRBV6-5	TRBJ1-2	CAATAGSGTYKYIF	Donor AJD3280:IEL TCRab CD8ab TRM	1
CASSLTRVNTEAFF	TRBV7-2	TRBJ1-1	CAAPYNNNDMRF	Donor AJD3280:IEL TCRab CD8ab TRM	1
CASSLTPGGGYEQYF	TRBV7-2	TRBJ2-7	CAASNINKFYF	Donor AJD3280:IEL TCRab CD8ab TRM	2
CASSLAPRRGPQIIHF	TRBV7-9	TRBJ1-6	CAASKGGSYNTDKLIF	Donor AJD3280:IEL TCRab CD8ab TRM	1
CASSARPLDRGEQYF	TRBV9	TRBJ2-7	CAAFNTDKLIF	Donor AJD3280:IEL TCRab CD8ab TRM	2
CASSVGGNTEAFF	TRBV9	TRBJ1-1	CAASPMEYGNKLVF	Donor AJD3280:IEL TCRab CD8ab TRM	3
CASSPPLGQSSYNEQFF	TRBV9	TRBJ2-1	CAASRLTGGGNKLTF	Donor AJD3280:IEL TCRab CD8ab TRM	1
CASTSDRVHGYGYTF	TRBV12-3	TRBJ1-2	CAEKLTGTASKLTF	Donor AJD3280:IEL TCRab CD8ab TRM	1
CASSSLAGPNTIYF	TRBV12-3	TRBJ1-3	CAENIRQAGTALIF	Donor AJD3280:IEL TCRab CD8ab TRM	1
CASSSLAGPNTIYF	TRBV12-3	TRBJ1-3	CAESSLSSSYKLIF	Donor AJD3280:IEL TCRab CD8ab TRM	1
CASSLGGETQYF	TRBV12-4	TRBJ2-5	CAETPNGQKLLF	Donor AJD3280:IEL TCRab CD8ab TRM	1
CASSPRFGTGNSYQHF	TRBV19	TRBJ1-5	CAETSLSSASKIIF	Donor AJD3280:IEL TCRab CD8ab TRM	9
CSVETRQTGRPYEQYF	TRBV29-1	TRBJ2-7	CAEIPWAQGGKLIF	Donor AJD3280:IEL TCRab CD8ab TRM	1
CASSQGAGREQYF	TRBV3-1	TRBJ2-7	CAVTSGTYKYIF	Donor AJD3280:IEL TCRab CD8ab TRM	1
CASSPGQGARSYGYTF	TRBV4-1	TRBJ1-2	CAAPDSWGKLQF	Donor AJD3280:IEL TCRab CD8ab TRM	1
CASISGGLGYNEQFF	TRBV5-4	TRBJ2-1	CAESRSNSGYALNF	Donor AJD3280:IEL TCRab CD8ab TRM	1
CASSLWDRVHQPQHF	TRBV5-6	TRBJ1-5	CAEPSRSNDYKLSF	Donor AJD3280:IEL TCRab CD8ab TRM	1
CASSPRTASNTEAFF	TRBV6-1	TRBJ1-1	CAEKRSGYALNF	Donor AJD3280:IEL TCRab CD8ab TRM	1
CASSYGQGGNYGYTF	TRBV6-5	TRBJ1-2	CAENDRSGGSYIPTF	Donor AJD3280:IEL TCRab CD8ab TRM	1
CASSLDRATSYEQYF	TRBV7-2	TRBJ2-7	CAEDSGNTPLVF	Donor AJD3280:IEL TCRab CD8ab TRM	1
CASSFRQGGTEAFF	TRBV7-2	TRBJ1-1	CAEIRNYGQNFVF	Donor AJD3280:IEL TCRab CD8ab TRM	21
CASSPGGGRGANVLTF	TRBV7-2	TRBJ2-6	CAETGSGSARQLTF	Donor AJD3280:IEL TCRab CD8ab TRM	1
CASSSLDEQYF	TRBV7-6	TRBJ2-7	CAENSGGSNYKLTF	Donor AJD3280:IEL TCRab CD8ab TRM	1
CASSPEDWYEQYF	TRBV7-6	TRBJ2-7	CAETSNTGKLIF	Donor AJD3280:IEL TCRab CD8ab TRM	1
CASSSGVDTQYF	TRBV7-9	TRBJ2-3	CAEPGMDSSYKLIF	Donor AJD3280:IEL TCRab CD8ab TRM	1
CAIKSATGESSTDTQYF	TRBV10-3	TRBJ2-3	CAMGAWSSASKIIF	Donor AJD3280:IEL TCRab CD8ab TRM	2
CASSSSGGVFTGELFF	TRBV11-2	TRBJ2-2	CAMRDTTGGFKTIF	Donor AJD3280:IEL TCRab CD8ab TRM	2
CASSLGSNTEAFF	TRBV11-3	TRBJ1-1	CAMREGANTGGFKTIF	Donor AJD3280:IEL TCRab CD8ab TRM	1
CASSGRGQVFYEQYF	TRBV13	TRBJ2-7	CAMREESGNTPLVF	Donor AJD3280:IEL TCRab CD8ab TRM	1
CASSFGVAFGKTQYF	TRBV13	TRBJ2-5	CAMRENTGNQFYF	Donor AJD3280:IEL TCRab CD8ab TRM	2
CATSDARYYEQYF	TRBV15	TRBJ2-7	CAMREDNQGGKLIF	Donor AJD3280:IEL TCRab CD8ab TRM	2
CATSRDLGGRETQYF	TRBV15	TRBJ2-5	CAMREFAGGTSYGKLTF	Donor AJD3280:IEL TCRab CD8ab TRM	1
CATSRERFYGYTF	TRBV15	TRBJ1-2	CAMRENTGNQFYF	Donor AJD3280:IEL TCRab CD8ab TRM	1
CASSIAGQGGNQPQHF	TRBV19	TRBJ1-5	CAMRDRRTDSWGKLQF	Donor AJD3280:IEL TCRab CD8ab TRM	3
CASSTGTATGELFF	TRBV19	TRBJ2-2	CAMRERSTDSWGKLQF	Donor AJD3280:IEL TCRab CD8ab TRM	1
CASMLVSSSTDTQYF	TRBV19	TRBJ2-3	CAMRGAYSSASKIIF	Donor AJD3280:IEL TCRab CD8ab TRM	2
CASSIGRTEAFF	TRBV19	TRBJ1-1	CAMRTMDSNYQLIW	Donor AJD3280:IEL TCRab CD8ab TRM	1
CASSAGQGLYEQYF	TRBV19	TRBJ2-7	CAMSISYTGNQFYF	Donor AJD3280:IEL TCRab CD8ab TRM	1
CASSGIREDGNTIYF	TRBV2	TRBJ1-3	CAMRADDTGRRALTF	Donor AJD3280:IEL TCRab CD8ab TRM	1
CASSRELNYGYTF	TRBV2	TRBJ1-2	CAMRDETDSWGKLQF	Donor AJD3280:IEL TCRab CD8ab TRM	1
CASTGGVYEQYF	TRBV2	TRBJ2-7	CAMREFSGNTPLVF	Donor AJD3280:IEL TCRab CD8ab TRM	1
CASTFSGGSSYNEQFF	TRBV2	TRBJ2-1	CAMRELTSGTYKYIF	Donor AJD3280:IEL TCRab CD8ab TRM	1
CSARATSVAYEQYF	TRBV20-1	TRBJ2-7	CAMRDHQAGTALIF	Donor AJD3280:IEL TCRab CD8ab TRM	1
CSARESWSLDQPQHF	TRBV20-1	TRBJ1-5	CAMREANAGGTSYGKLTF	Donor AJD3280:IEL TCRab CD8ab TRM	1
CSARRTSAYEQYF	TRBV20-1	TRBJ2-7	CAMREQDSSYKLIF	Donor AJD3280:IEL TCRab CD8ab TRM	1
CSAWDRTNYGYTF	TRBV20-1	TRBJ1-2	CAMRESSFTDKLIF	Donor AJD3280:IEL TCRab CD8ab TRM	1
CSARPTLYEQYF	TRBV20-1	TRBJ2-7	CAMRETGTSYGKLTF	Donor AJD3280:IEL TCRab CD8ab TRM	1
CSATDDNYGYTF	TRBV20-1	TRBJ1-2	CAMREWMDSSYKLIF	Donor AJD3280:IEL TCRab CD8ab TRM	1
CSARGLGDVRYEQYF	TRBV20-1	TRBJ2-7	CAMRGFNKFYF	Donor AJD3280:IEL TCRab CD8ab TRM	1
CSAHRITGGLPYEQYF	TRBV20-1	TRBJ2-7	CAMRVNNAGNMLTF	Donor AJD3280:IEL TCRab CD8ab TRM	1
CATSDSTWGTQYF	TRBV24-1	TRBJ2-3	CAMREFTGGGNKLTF	Donor AJD3280:IEL TCRab CD8ab TRM	2
CASGGTGGFPQHF	TRBV25-1	TRBJ1-5	CAMRGTGGGADGLTF	Donor AJD3280:IEL TCRab CD8ab TRM	1
CASRRRNTEAFF	TRBV27	TRBJ1-1	CAMRENQNQGGKLIF	Donor AJD3280:IEL TCRab CD8ab TRM	1
CASSPGPEGNYYGYTF	TRBV27	TRBJ1-2	CAMREQETSGSRLTF	Donor AJD3280:IEL TCRab CD8ab TRM	1
CASGTRGSPLHF	TRBV27	TRBJ1-6	CAMRGFKTIF	Donor AJD3280:IEL TCRab CD8ab TRM	1
CASSLQGSYEQYF	TRBV28	TRBJ2-7	CAMREGFGNVLHC	Donor AJD3280:IEL TCRab CD8ab TRM	14
CSVLEGGGGRVFYEQYF	TRBV29-1	TRBJ2-7	CAMRELTGNQFYF	Donor AJD3280:IEL TCRab CD8ab TRM	1
CASSQTGSANYGYTF	TRBV3-1	TRBJ1-2	CAMRGRDSSYKLIF	Donor AJD3280:IEL TCRab CD8ab TRM	1
CAWSLTRQGGYGYTF	TRBV30	TRBJ1-2	CAMRGFPRGSTLGRLYF	Donor AJD3280:IEL TCRab CD8ab TRM	1
CASSQAFTGGVTEAFF	TRBV4-1	TRBJ1-1	CAMRDPRGGSYIPTF	Donor AJD3280:IEL TCRab CD8ab TRM	1
CASSQELQGTGNQPQHF	TRBV4-1	TRBJ1-5	CAMSAGSGSARQLTF	Donor AJD3280:IEL TCRab CD8ab TRM	1
CASSLLSGGEADTQYF	TRBV4-2	TRBJ2-3	CAMREGLDTGRRALTF	Donor AJD3280:IEL TCRab CD8ab TRM	3
CASSQVISGLTEAFF	TRBV4-2	TRBJ1-1	CAMSPLRGGSEKLVF	Donor AJD3280:IEL TCRab CD8ab TRM	1
CASSHQWGARETQYF	TRBV4-3	TRBJ2-5	CAMREDTGNQFYF	Donor AJD3280:IEL TCRab CD8ab TRM	1
CASSPTGTGVEKLFF	TRBV5-1	TRBJ1-4	CAIRRQAGTALIF	Donor AJD3280:IEL TCRab CD8ab TRM	1
CASSEGETQYF	TRBV5-1	TRBJ2-5	CAMRGRWNNARLMF	Donor AJD3280:IEL TCRab CD8ab TRM	1
CASSLEPAGFTDTQYF	TRBV5-5	TRBJ2-3	CAMREGRMDSSYKLIF	Donor AJD3280:IEL TCRab CD8ab TRM	3
CASSPGTGDYGYTF	TRBV5-8	TRBJ1-2	CAMREHTGNQFYF	Donor AJD3280:IEL TCRab CD8ab TRM	1
CASSLGGISYNEQFF	TRBV6-2	TRBJ2-1	CAMREPARRTAGNKLTF	Donor AJD3280:IEL TCRab CD8ab TRM	1
CASSYRTGLTEAFF	TRBV6-5	TRBJ1-1	CAMREGRNNRLAF	Donor AJD3280:IEL TCRab CD8ab TRM	2
CASSYSVWVTDTEAFF	TRBV6-5	TRBJ1-1	CAMREVLTQGGSEKLVF	Donor AJD3280:IEL TCRab CD8ab TRM	1
CASSVTQWGSYEQYF	TRBV6-6	TRBJ2-7	CAMRERSQAGTALIF	Donor AJD3280:IEL TCRab CD8ab TRM	1
CASSSPSPDKYQETQYF	TRBV7-3	TRBJ2-5	CAMREFNFNKFYF	Donor AJD3280:IEL TCRab CD8ab TRM	1
CASSPTQGGVNTEAFF	TRBV7-6	TRBJ1-1	CAMREYNNNDMRF	Donor AJD3280:IEL TCRab CD8ab TRM	1
CASSTGPNTEAFF	TRBV7-7	TRBJ1-1	CAMREGRDDKIIF	Donor AJD3280:IEL TCRab CD8ab TRM	1
CASSLGPGVGNEQYF	TRBV7-7	TRBJ2-7	CAMREGRGDSNYQLIW	Donor AJD3280:IEL TCRab CD8ab TRM	1
CASSLGPGADNEQFF	TRBV7-7	TRBJ2-1	CAMRGYRDDKIIF	Donor AJD3280:IEL TCRab CD8ab TRM	1
CASSPTRGQNGYTF	TRBV7-8	TRBJ1-2	CAMREALYNAGNNRKLIW	Donor AJD3280:IEL TCRab CD8ab TRM	1
CASSPTSVFGEQYF	TRBV7-9	TRBJ2-7	CAIEGNQFYF	Donor AJD3280:IEL TCRab CD8ab TRM	2
CASTVGAGSGELFF	TRBV7-9	TRBJ2-2	CAMREGGKLSF	Donor AJD3280:IEL TCRab CD8ab TRM	1
CASRGSHGYTF	TRBV7-9	TRBJ1-2	CAMRGDSNYQLIW	Donor AJD3280:IEL TCRab CD8ab TRM	1
CASSLSLAQYF	TRBV7-9	TRBJ2-7	CAMSSMEYGNKLVF	Donor AJD3280:IEL TCRab CD8ab TRM	1
CASSNNPEGAISYGYTF	TRBV9	TRBJ1-2	CAIRLYDKVIF	Donor AJD3280:IEL TCRab CD8ab TRM	1
CASSVGSGFPSFF	TRBV9	TRBJ1-1	CAMILHTGNQFYF	Donor AJD3280:IEL TCRab CD8ab TRM	2
CASSVDGANEKLFF	TRBV9	TRBJ1-4	CAMREAYSGAGSYQLTF	Donor AJD3280:IEL TCRab CD8ab TRM	2
CASSVHSYNEQFF	TRBV9	TRBJ2-1	CAMREDTGNQFYF	Donor AJD3280:IEL TCRab CD8ab TRM	1
CASSVDATNEKLFF	TRBV9	TRBJ1-4	CAMREGESGAGSYQLTF	Donor AJD3280:IEL TCRab CD8ab TRM	1
CASSPRDSLGNTEAFF	TRBV9	TRBJ1-1	CAMREGRIKAAGNKLTF	Donor AJD3280:IEL TCRab CD8ab TRM	1
CASSEAGGTSGNTIYF	TRBV9	TRBJ1-3	CAMREHNNNDMRF	Donor AJD3280:IEL TCRab CD8ab TRM	1
CASTLGDTDTQYF	TRBV9	TRBJ2-3	CAMRELTGNQFYF	Donor AJD3280:IEL TCRab CD8ab TRM	1
CASSLGVGSNQPQHF	TRBV11-2	TRBJ1-5	CALSPQGAQKLVF	Donor AJD3280:IEL TCRab CD8ab TRM	1
CASSKSLEQFF	TRBV19	TRBJ2-1	CALKGDDKIIF	Donor AJD3280:IEL TCRab CD8ab TRM	1
CASSFGQGARTGYTF	TRBV25-1	TRBJ1-2	CALLYSTLTF	Donor AJD3280:IEL TCRab CD8ab TRM	2
CASSQGGWEQYF	TRBV3-1	TRBJ2-7	CALSVPNDYKLSF	Donor AJD3280:IEL TCRab CD8ab TRM	1
CASSHTGANTEAFF	TRBV3-1	TRBJ1-1	CALTLNSGYSTLTF	Donor AJD3280:IEL TCRab CD8ab TRM	1
CASSLVGETFEGDQPQHF	TRBV7-2	TRBJ1-5	CALKTYGQNFVF	Donor AJD3280:IEL TCRab CD8ab TRM	1
CASSLELAGGPNEQFF	TRBV7-8	TRBJ2-1	CALKEDSNYQLIW	Donor AJD3280:IEL TCRab CD8ab TRM	4
CASSTGTGLYEQYF	TRBV11-2	TRBJ2-7	CATDAASNYQLIW	Donor AJD3280:IEL TCRab CD8ab TRM	2
CASSSHRQGPSGNTIYF	TRBV11-2	TRBJ1-3	CATDERFSSGSARQLTF	Donor AJD3280:IEL TCRab CD8ab TRM	1
CASILQGGNQPQHF	TRBV12-3	TRBJ1-5	CATGFNTDKLIF	Donor AJD3280:IEL TCRab CD8ab TRM	1
CASSPSGSNEKLFF	TRBV12-4	TRBJ1-4	CATDEEAGTALIF	Donor AJD3280:IEL TCRab CD8ab TRM	1
CASSSAGSNEKLFF	TRBV12-4	TRBJ1-4	CATDEEAGTALIF	Donor AJD3280:IEL TCRab CD8ab TRM	1
CASSPRVGETQYF	TRBV12-4	TRBJ2-5	CATGSYNQGGKLIF	Donor AJD3280:IEL TCRab CD8ab TRM	1
CASTSSAGGSYEQYF	TRBV13	TRBJ2-7	CATDKNSGYALNF	Donor AJD3280:IEL TCRab CD8ab TRM	1
CATSRDIGGTEAFF	TRBV15	TRBJ1-1	CATEGNYGQNFVF	Donor AJD3280:IEL TCRab CD8ab TRM	1
CASSIGGLAGYNEQFF	TRBV19	TRBJ2-1	CATAGGAGSYQLTF	Donor AJD3280:IEL TCRab CD8ab TRM	1
CASSQGFTDTQYF	TRBV19	TRBJ2-3	CATDAWPYSGAGSYQLTF	Donor AJD3280:IEL TCRab CD8ab TRM	1
CASSEGADYGYTF	TRBV2	TRBJ1-2	CATDAWGNNRLAF	Donor AJD3280:IEL TCRab CD8ab TRM	1
CASSGGYGDEKLFF	TRBV2	TRBJ1-4	CATPRSGGSYIPTF	Donor AJD3280:IEL TCRab CD8ab TRM	1
CASMPGLGNTIYF	TRBV27	TRBJ1-3	CATDVGGSNYKLTF	Donor AJD3280:IEL TCRab CD8ab TRM	1
CASSYTSGGWTEAFF	TRBV27	TRBJ1-1	CATPNNNAGNMLTF	Donor AJD3280:IEL TCRab CD8ab TRM	1
CASSRDRGLWTEAFF	TRBV27	TRBJ1-1	CATSGDRGSTLGRLYF	Donor AJD3280:IEL TCRab CD8ab TRM	1
CSVELNTGELFF	TRBV29-1	TRBJ2-2	CATDATSGTYKYIF	Donor AJD3280:IEL TCRab CD8ab TRM	1
CASSHGGEKLFF	TRBV3-1	TRBJ1-4	CARYRGDSSYKLIF	Donor AJD3280:IEL TCRab CD8ab TRM	1
CAWSVGITGEAFF	TRBV30	TRBJ1-1	CATDAGAGKSTF	Donor AJD3280:IEL TCRab CD8ab TRM	1
CASSNLPTGNDEQFF	TRBV4-1	TRBJ2-1	CATEMNTGFQKLVF	Donor AJD3280:IEL TCRab CD8ab TRM	1
CASSQERGNQPQHF	TRBV4-2	TRBJ1-5	CATEPDSNYQLIW	Donor AJD3280:IEL TCRab CD8ab TRM	1
CASSQTGATEAFF	TRBV4-3	TRBJ1-1	CATDRKAGNMLTF	Donor AJD3280:IEL TCRab CD8ab TRM	1
CASSLVQASSYNEQFF	TRBV5-1	TRBJ2-1	CATDGSGAGSYQLTF	Donor AJD3280:IEL TCRab CD8ab TRM	1
CASSFSRGKETQYF	TRBV5-6	TRBJ2-5	CATGRILRSGAGSYQLTF	Donor AJD3280:IEL TCRab CD8ab TRM	1
CASSLRMAETQYF	TRBV5-6	TRBJ2-5	CATPEMDSSYKLIF	Donor AJD3280:IEL TCRab CD8ab TRM	2
CASSLDQAYEQYF	TRBV5-6	TRBJ2-7	CATVPWNARLMF	Donor AJD3280:IEL TCRab CD8ab TRM	1
CASILGSLLTAKNIQYF	TRBV6-1	TRBJ2-4	CHPTRSGSARQLTF	Donor AJD3280:IEL TCRab CD8ab TRM	1
CASSRDTTMGDTQYF	TRBV6-2	TRBJ2-3	CAPNNYGGSQGNLIF	Donor AJD3280:IEL TCRab CD8ab TRM	1
CASSYAPYNEQFF	TRBV6-2	TRBJ2-1	CATLRGTGNQFYF	Donor AJD3280:IEL TCRab CD8ab TRM	3
CASSLAPPGLAAYEQYF	TRBV6-5	TRBJ2-7	CATDALGGQGGGSNYKLTF	Donor AJD3280:IEL TCRab CD8ab TRM	1
CASSKLAETQYF	TRBV7-2	TRBJ2-3	CATTNTGGFKTIF	Donor AJD3280:IEL TCRab CD8ab TRM	1
CASSSRTGDRTDTQYF	TRBV7-2	TRBJ2-3	CATVTSGTYKYIF	Donor AJD3280:IEL TCRab CD8ab TRM	1
CASSPPRGLGTGVDTGELFF	TRBV7-3	TRBJ2-2	CANAGGTSYGKLTF	Donor AJD3280:IEL TCRab CD8ab TRM	1
CASSFAGGLNTEAFF	TRBV7-3	TRBJ1-1	CATDSNSGYALNF	Donor AJD3280:IEL TCRab CD8ab TRM	1
CASSLVPGAGGVSTDTQYF	TRBV7-3	TRBJ2-3	CATEANSGYALNF	Donor AJD3280:IEL TCRab CD8ab TRM	1
CASSLGPSSYNEQFF	TRBV7-7	TRBJ2-1	CATDRGGSSNTGKLIF	Donor AJD3280:IEL TCRab CD8ab TRM	2
CASSETSGDADTQYF	TRBV7-8	TRBJ2-3	CAGDDKIIF	Donor AJD3280:IEL TCRab CD8ab TRM	1
CASSSLGGQEKLFF	TRBV7-8	TRBJ1-4	CAHSGGSNYKLTF	Donor AJD3280:IEL TCRab CD8ab TRM	1
CASSFLGNYGYTF	TRBV7-8	TRBJ1-2	CATDGGNDYKLSF	Donor AJD3280:IEL TCRab CD8ab TRM	1
CASNLLAGGNEQFF	TRBV7-8	TRBJ2-1	CATDLYGNNRLAF	Donor AJD3280:IEL TCRab CD8ab TRM	1
CASSERGGGTYGYTF	TRBV7-8	TRBJ1-2	CATGAPPLGTDKLIF	Donor AJD3280:IEL TCRab CD8ab TRM	1
CASSVTSGGQGNTQYF	TRBV7-9	TRBJ2-3	CATGARLMF	Donor AJD3280:IEL TCRab CD8ab TRM	3
CASSGRVVDTQYF	TRBV9	TRBJ2-3	CATDVHDKIIF	Donor AJD3280:IEL TCRab CD8ab TRM	1
CAISEGGGAWYEQYF	TRBV10-3	TRBJ2-7	CALGAQKLVF	Donor AJD3280:IEL TCRab CD8ab TRM	1
CAISEGGAASYEQYF	TRBV10-3	TRBJ2-7	CALNTGGFKTIF	Donor AJD3280:IEL TCRab CD8ab TRM	1
CAISEGGASSYEQYF	TRBV10-3	TRBJ2-7	CALNTGGFKTIF	Donor AJD3280:IEL TCRab CD8ab TRM	2
CAISESLSSYEQYF	TRBV10-3	TRBJ2-7	CALSELGGGTSYGKLTF	Donor AJD3280:IEL TCRab CD8ab TRM	1
CAISDPSGGPSTDTQYF	TRBV10-3	TRBJ2-3	CALSGERSGTYKYIF	Donor AJD3280:IEL TCRab CD8ab TRM	1
CAISEPIQGAVYEQYF	TRBV10-3	TRBJ2-7	CALTHRGSGGSNYKLTF	Donor AJD3280:IEL TCRab CD8ab TRM	2
CASSLSASGRYNEQFF	TRBV11-2	TRBJ2-1	CALSEAYDYKLSF	Donor AJD3280:IEL TCRab CD8ab TRM	1
CASSTYDRVLGWPQHF	TRBV12-4	TRBJ1-5	CALIRNSGNTPLVF	Donor AJD3280:IEL TCRab CD8ab TRM	2
CASCQGPRAFF	TRBV12-4	TRBJ1-1	CALSIIMEYGNKLVF	Donor AJD3280:IEL TCRab CD8ab TRM	1
CASSERGGQETQYF	TRBV13	TRBJ2-5	CALIGSYKLSF	Donor AJD3280:IEL TCRab CD8ab TRM	1
CASSLAQKDLATNEKLFF	TRBV13	TRBJ1-4	CALSGNQAGTALIF	Donor AJD3280:IEL TCRab CD8ab TRM	5
CASSPGYGYEQYF	TRBV18	TRBJ2-7	CALSGSNTGNQFYF	Donor AJD3280:IEL TCRab CD8ab TRM	1
CASKEELNTEAFF	TRBV19	TRBJ1-1	CALKEDYGQNFVF	Donor AJD3280:IEL TCRab CD8ab TRM	1
CASILGTANYGYTF	TRBV2	TRBJ1-2	CALSEAVIQGAQKLVF	Donor AJD3280:IEL TCRab CD8ab TRM	1
CASTSRVAVGEQYF	TRBV2	TRBJ2-7	CALSEGETSGSRLTF	Donor AJD3280:IEL TCRab CD8ab TRM	1
CSAIYRQGTALEAFF	TRBV20-1	TRBJ1-1	CALRPTSGTYKYIF	Donor AJD3280:IEL TCRab CD8ab TRM	2
CSAQHQGTSWEQYF	TRBV20-1	TRBJ2-7	CALRQGTGGFKTIF	Donor AJD3280:IEL TCRab CD8ab TRM	1
CSARESNGLKKLFF	TRBV20-1	TRBJ1-4	CALSDDPFQGAQKLVF	Donor AJD3280:IEL TCRab CD8ab TRM	1
CSAAPQGLIAEQYF	TRBV20-1	TRBJ2-7	CALSDPRYSSASKIIF	Donor AJD3280:IEL TCRab CD8ab TRM	1
CSARVWNSNQPQHF	TRBV20-1	TRBJ1-5	CALSEETSYDKVIF	Donor AJD3280:IEL TCRab CD8ab TRM	2
CSAREIGFADTQYF	TRBV20-1	TRBJ2-3	CALTSGTYKYIF	Donor AJD3280:IEL TCRab CD8ab TRM	1
CASSARGGEAFF	TRBV27	TRBJ1-1	CALGGFKTIF	Donor AJD3280:IEL TCRab CD8ab TRM	1
CASRWTGGGYEQYF	TRBV27	TRBJ2-7	CALSEIAGTASKLTF	Donor AJD3280:IEL TCRab CD8ab TRM	1
CSVERGNTDTQYF	TRBV29-1	TRBJ2-3	CALSEAGGSQGNLIF	Donor AJD3280:IEL TCRab CD8ab TRM	1
CASSQDFTGELFF	TRBV3-1	TRBJ2-2	CALPSYNQGGKLIF	Donor AJD3280:IEL TCRab CD8ab TRM	9
CASSPLAPGTQYF	TRBV4-1	TRBJ2-3	CALRDRDDKIIF	Donor AJD3280:IEL TCRab CD8ab TRM	1
CASSHGMTGAENTEAFF	TRBV4-2	TRBJ1-1	CALSPMNTGNQFYF	Donor AJD3280:IEL TCRab CD8ab TRM	1
CASSLSSGGTNTEAFF	TRBV5-6	TRBJ1-1	CALSEAGGNRDDKIIF	Donor AJD3280:IEL TCRab CD8ab TRM	1
CASSAGGGQPQHF	TRBV6-1	TRBJ1-5	CALNPLGADKLIF	Donor AJD3280:IEL TCRab CD8ab TRM	1
CASGRLAGERGGEQYF	TRBV6-1	TRBJ2-7	CALSDLMDTGRRALTF	Donor AJD3280:IEL TCRab CD8ab TRM	1
CASSPRTSGGNEQFF	TRBV6-2	TRBJ2-1	CALNTGGFKTIF	Donor AJD3280:IEL TCRab CD8ab TRM	1
CASSDSYSYNEQFF	TRBV6-2	TRBJ2-1	CALSAFKAAGNKLTF	Donor AJD3280:IEL TCRab CD8ab TRM	1
CASSIIAGGLSYEQYF	TRBV6-2	TRBJ2-7	CALSEARIQGAQKLVF	Donor AJD3280:IEL TCRab CD8ab TRM	1
CASSLGGGRVEAFF	TRBV7-2	TRBJ1-1	CALSEAVNAGNMLTF	Donor AJD3280:IEL TCRab CD8ab TRM	1
CASSLAGVTRTEAFF	TRBV7-2	TRBJ1-1	CALSEGLSGGSYIPTF	Donor AJD3280:IEL TCRab CD8ab TRM	1
CASSLVGDIAFSGNTIYF	TRBV7-2	TRBJ1-3	CALSERGGATNKLIF	Donor AJD3280:IEL TCRab CD8ab TRM	5
CASSVGGGYTEAFF	TRBV7-3	TRBJ1-1	CALSEAENAGNMLTF	Donor AJD3280:IEL TCRab CD8ab TRM	1
CASSAGGGHTEAFF	TRBV7-3	TRBJ1-1	CALSESENAGNMLTF	Donor AJD3280:IEL TCRab CD8ab TRM	6
CASSFAGGYNEQFF	TRBV7-3	TRBJ2-1	CALSSNTGNQFYF	Donor AJD3280:IEL TCRab CD8ab TRM	4
CASSLGPSISNEQFF	TRBV7-7	TRBJ2-1	CALPTGANSKLTF	Donor AJD3280:IEL TCRab CD8ab TRM	1
CASSSRTDLGGKLFF	TRBV7-8	TRBJ1-4	CALITNTGGFKTIF	Donor AJD3280:IEL TCRab CD8ab TRM	1
CASSLGDKATNEKLFF	TRBV7-8	TRBJ1-4	CALSEYDFGNEKLTF	Donor AJD3280:IEL TCRab CD8ab TRM	1
CASSPTGLAGANTGELFF	TRBV7-9	TRBJ2-2	CALSPIEKLVF	Donor AJD3280:IEL TCRab CD8ab TRM	1
CASSVALTSVDTQYF	TRBV9	TRBJ2-3	CALMDSNYQLIW	Donor AJD3280:IEL TCRab CD8ab TRM	1
CASSVGLSEQFF	TRBV9	TRBJ2-1	CALSEGGSYIPTF	Donor AJD3280:IEL TCRab CD8ab TRM	1
CASRIGQLYNEQFF	TRBV19	TRBJ2-1	CAVDGIGNQGGKLIF	Donor AJD3280:IEL TCRab CD8ab TRM	1
CSASSESGTSLYEQYF	TRBV20-1	TRBJ2-7	CAVELYDYKLSF	Donor AJD3280:IEL TCRab CD8ab TRM	2
CASSLGQGANYGYTF	TRBV5-4	TRBJ1-2	CAVMDSNYQLIW	Donor AJD3280:IEL TCRab CD8ab TRM	1
CASTGTANYGYTF	TRBV5-6	TRBJ1-2	CAVPCNTNAGKSTF	Donor AJD3280:IEL TCRab CD8ab TRM	2
CASSPRRGPGELFF	TRBV5-8	TRBJ2-2	CASLNYGGSQGNLIF	Donor AJD3280:IEL TCRab CD8ab TRM	1
CASSWGETQYF	TRBV7-2	TRBJ2-5	CAVEDSSNTGKLIF	Donor AJD3280:IEL TCRab CD8ab TRM	1
CASSFHRDIDNEQFF	TRBV7-2	TRBJ2-1	CAVEGYSSASKIIF	Donor AJD3280:IEL TCRab CD8ab TRM	1
CASSFAGGMADEQFF	TRBV7-3	TRBJ2-1	CAVEDFRTGGFKTIF	Donor AJD3280:IEL TCRab CD8ab TRM	1
CASSLTGGGTGELFF	TRBV7-3	TRBJ2-2	CAVESSGGSYIPTF	Donor AJD3280:IEL TCRab CD8ab TRM	1
CASSTSYTEAFF	TRBV7-8	TRBJ1-1	CAVEVFPRGFKTIF	Donor AJD3280:IEL TCRab CD8ab TRM	1
CASSNPGQTLSTGELFF	TRBV7-9	TRBJ2-2	CAVLYSGAGSYQLTF	Donor AJD3280:IEL TCRab CD8ab TRM	1
CASSFSSYEQYF	TRBV11-2	TRBJ2-7	CAVQHTGARLMF	Donor AJD3280:IEL TCRab CD8ab TRM	1
CASSKKNFEPQHF	TRBV19	TRBJ1-5	CAVQVKRAGNNRKLIW	Donor AJD3280:IEL TCRab CD8ab TRM	10
CASRPLLPGQGSYEQYF	TRBV27	TRBJ2-7	CAVQDFGNEKLTF	Donor AJD3280:IEL TCRab CD8ab TRM	1
CASSSRGNQPQHF	TRBV27	TRBJ1-5	CAVRSNDYKLSF	Donor AJD3280:IEL TCRab CD8ab TRM	1
CSVEELAGYNEQFF	TRBV29-1	TRBJ2-1	CAVQAELWSSGNQFYF	Donor AJD3280:IEL TCRab CD8ab TRM	1
CASSQDWAGDPPQHF	TRBV4-2	TRBJ1-5	CAVRNQGGKLIF	Donor AJD3280:IEL TCRab CD8ab TRM	1
CASSPSAPGTYSGNTIYF	TRBV4-3	TRBJ1-3	CAVQARGNQFYF	Donor AJD3280:IEL TCRab CD8ab TRM	1
CASSSGGALYEQYF	TRBV5-4	TRBJ2-7	CAPGGSQGNLIF	Donor AJD3280:IEL TCRab CD8ab TRM	1
CASSFAGGSYEQYF	TRBV5-5	TRBJ2-7	CAVPLHNNAGNMLTF	Donor AJD3280:IEL TCRab CD8ab TRM	1
CASRLTGGTEAFF	TRBV5-8	TRBJ1-1	CAVQAGSNSGYALNF	Donor AJD3280:IEL TCRab CD8ab TRM	1
CASSWAAPEQYF	TRBV6-2	TRBJ2-7	CAVQAAGDDYKLSF	Donor AJD3280:IEL TCRab CD8ab TRM	1
CASSFSPIRGTGELFF	TRBV6-5	TRBJ2-2	CAVQGVKTSYDKVIF	Donor AJD3280:IEL TCRab CD8ab TRM	1
CASSLSGGGTDTQYF	TRBV7-4	TRBJ2-3	CAVQAPSGNTPLVF	Donor AJD3280:IEL TCRab CD8ab TRM	1
CASSLIRGNGELFF	TRBV11-1	TRBJ2-2	CAGGGATNKLIF	Donor AJD3280:IEL TCRab CD8ab TRM	1
CASSGQPAWKFKV	TRBV11-2	TRBJ1-2	CAVRPVGTGTASKLTF	Donor AJD3280:IEL TCRab CD8ab TRM	4
CASSLGRTSGGAGDTQYF	TRBV12-3	TRBJ2-3	CAGGAARLTF	Donor AJD3280:IEL TCRab CD8ab TRM	1
CASSLLAAYEQYF	TRBV13	TRBJ2-7	CAVDQGAQKLVF	Donor AJD3280:IEL TCRab CD8ab TRM	1
CASSKQGRQETQYF	TRBV13	TRBJ2-5	CAVGDYKLSF	Donor AJD3280:IEL TCRab CD8ab TRM	1
CASTAGRRNTEAFF	TRBV13	TRBJ1-1	CAYSGAGSYQLTF	Donor AJD3280:IEL TCRab CD8ab TRM	1
CATSRVRLTGTDTQYF	TRBV15	TRBJ2-3	CASSPIKAAGNKLTF	Donor AJD3280:IEL TCRab CD8ab TRM	1
CASSPDRGYTEAFF	TRBV19	TRBJ1-1	CAVKRNYQLIW	Donor AJD3280:IEL TCRab CD8ab TRM	1
CASSIHRDSFEKLFF	TRBV19	TRBJ1-4	CAVRPGNQFYF	Donor AJD3280:IEL TCRab CD8ab TRM	1
CASTHGGLETQYF	TRBV19	TRBJ2-5	CAVSDSGTYKYIF	Donor AJD3280:IEL TCRab CD8ab TRM	1
CASSEGGHGTGTYEQYF	TRBV2	TRBJ2-7	CAGGETGGGADGLTF	Donor AJD3280:IEL TCRab CD8ab TRM	1
CASSLYRGSPYHEQFF	TRBV27	TRBJ2-1	CAQEKNRDDKIIF	Donor AJD3280:IEL TCRab CD8ab TRM	1
CASSHPTSGGAKNIQYF	TRBV3-1	TRBJ2-4	CAVLTAGNNRKLIW	Donor AJD3280:IEL TCRab CD8ab TRM	1
CAWTGFRGGKLFF	TRBV30	TRBJ1-4	CAVSDNYGQNFVF	Donor AJD3280:IEL TCRab CD8ab TRM	1
CASSQRVGYEQYF	TRBV4-3	TRBJ2-7	CAAFYNQGGKLIF	Donor AJD3280:IEL TCRab CD8ab TRM	1
CASSLGQSSYNEQFF	TRBV5-1	TRBJ2-1	CVRGDSGGSNYKLTF	Donor AJD3280:IEL TCRab CD8ab TRM	2
CASSWRTGWAAFF	TRBV5-8	TRBJ1-1	CAVKRRGATNKLIF	Donor AJD3280:IEL TCRab CD8ab TRM	1
CASSLVGSTEAFF	TRBV5-8	TRBJ1-1	CAVRPNQAGTALIF	Donor AJD3280:IEL TCRab CD8ab TRM	1
CASSDRTGGTYYEQYF	TRBV5-8	TRBJ2-7	CAVTQGGSEKLVF	Donor AJD3280:IEL TCRab CD8ab TRM	1
CASSDGGIYGYTF	TRBV6-4	TRBJ1-2	CAVMVYSGAGSYQLTF	Donor AJD3280:IEL TCRab CD8ab TRM	1
CASSLAGTGITEAFF	TRBV7-2	TRBJ1-1	CAAPDNSGTYKYIF	Donor AJD3280:IEL TCRab CD8ab TRM	1
CASSLSGGSEKLFF	TRBV7-6	TRBJ1-4	CAVMRNGNNRLAF	Donor AJD3280:IEL TCRab CD8ab TRM	1
CASSVNGYEQYF	TRBV9	TRBJ2-7	CAVSNTNAGKSTF	Donor AJD3280:IEL TCRab CD8ab TRM	2
CASSVELNYEQYF	TRBV9	TRBJ2-7	CAVTNFGNEKLTF	Donor AJD3280:IEL TCRab CD8ab TRM	1
CAISDGTGGFGNTIYF	TRBV10-3	TRBJ1-3	CAVPNSGYALNF	Donor AJD3280:IEL TCRab CD8ab TRM	1
CASSLGVGELFF	TRBV12-3	TRBJ2-2	CAVEANDMRF	Donor AJD3280:IEL TCRab CD8ab TRM	3
CASSPWGHTDTQYF	TRBV12-4	TRBJ2-3	CAVEGNAGNMLTF	Donor AJD3280:IEL TCRab CD8ab TRM	1
CASSRTGLDTQYF	TRBV12-4	TRBJ2-3	CAVEQGC	Donor AJD3280:IEL TCRab CD8ab TRM	1
CASGLGLAGDTANTGELFF	TRBV12-5	TRBJ2-2	CAVERLYNTDKLIF	Donor AJD3280:IEL TCRab CD8ab TRM	1
CATRGHSYEQYF	TRBV19	TRBJ2-7	CAVEYNQGGKLIF	Donor AJD3280:IEL TCRab CD8ab TRM	1
CASSRQRVSSYEQYF	TRBV2	TRBJ2-7	CAVDSWGKLQF	Donor AJD3280:IEL TCRab CD8ab TRM	3
CASSLNRASSYEQYF	TRBV2	TRBJ2-7	CAVGVGTNAGKSTF	Donor AJD3280:IEL TCRab CD8ab TRM	1
CSARQDRDYNEQFF	TRBV20-1	TRBJ2-1	CAAGGGYQKVTF	Donor AJD3280:IEL TCRab CD8ab TRM	1
CSARAYGYTF	TRBV20-1	TRBJ1-2	CASTDNTDKLIF	Donor AJD3280:IEL TCRab CD8ab TRM	1
CSVQGANYNEQFF	TRBV29-1	TRBJ2-1	CAVVRALISNQFYF	Donor AJD3280:IEL TCRab CD8ab TRM	1
CASSELTGGDEKLFF	TRBV3-1	TRBJ1-4	CAVDPGTGGFKTIF	Donor AJD3280:IEL TCRab CD8ab TRM	1
CASSQDAGGYYEQYF	TRBV3-1	TRBJ2-7	CAVRGNTGGFKTIF	Donor AJD3280:IEL TCRab CD8ab TRM	1
CASSLGTTNTGELFF	TRBV5-8	TRBJ2-2	CAVDDRGSTLGRLYF	Donor AJD3280:IEL TCRab CD8ab TRM	1
CASSTGTTNTGELFF	TRBV5-8	TRBJ2-2	CAVDDRGSTLGRLYF	Donor AJD3280:IEL TCRab CD8ab TRM	1
CASSTGTVNTGELFF	TRBV5-8	TRBJ2-2	CAVDDRGSTLGRLYF	Donor AJD3280:IEL TCRab CD8ab TRM	5
CASSYFLGANEQYF	TRBV6-5	TRBJ2-7	CAVLRTGTASKLTF	Donor AJD3280:IEL TCRab CD8ab TRM	3
CASSSLSSYEQYF	TRBV6-6	TRBJ2-7	CAASSNDYKLSF	Donor AJD3280:IEL TCRab CD8ab TRM	1
CASSLDRATSYEQYF	TRBV7-2	TRBJ2-7	CAAGGGYQKVTF	Donor AJD3280:IEL TCRab CD8ab TRM	2
CASSLDRASSYEQYF	TRBV7-2	TRBJ2-7	CAVGGGYQKVTF	Donor AJD3280:IEL TCRab CD8ab TRM	1
CAISGVNEQFF	TRBV10-3	TRBJ2-1	CAASKGSSNTGKLIF	Donor AJD3280:IEL TCRab CD8ab TRM	1
CASSLEVGELFF	TRBV11-3	TRBJ2-2	CAASKWNQFYF	Donor AJD3280:IEL TCRab CD8ab TRM	1
CASSWQSTDTQYF	TRBV12-3	TRBJ2-3	CAASISGSRLTF	Donor AJD3280:IEL TCRab CD8ab TRM	1
CASSMGGEETQYF	TRBV19	TRBJ2-5	CAAREVNAGNMLTF	Donor AJD3280:IEL TCRab CD8ab TRM	1
CASSMGWPTNTEAFF	TRBV19	TRBJ1-1	CAARMNYGGSQGNLIF	Donor AJD3280:IEL TCRab CD8ab TRM	1
CASSQAGSFYNEQFF	TRBV3-1	TRBJ2-1	CAAQLDTGGGNKLTF	Donor AJD3280:IEL TCRab CD8ab TRM	1
CASSSLAADTQYF	TRBV3-1	TRBJ2-3	CAASLSSNTGKLIF	Donor AJD3280:IEL TCRab CD8ab TRM	1
CASSPGSANYGYTF	TRBV3-1	TRBJ1-2	CAASNPTGANNLFF	Donor AJD3280:IEL TCRab CD8ab TRM	1
CASSGSRLAGFMNTEAFF	TRBV5-5	TRBJ1-1	CAASMTKNQGAQKLVF	Donor AJD3280:IEL TCRab CD8ab TRM	1
CASGLVLFHEQYF	TRBV6-1	TRBJ2-7	CAASMGAGGTSYGKLTF	Donor AJD3280:IEL TCRab CD8ab TRM	2
CASSYPGDTQYF	TRBV6-6	TRBJ2-3	CAASPGYSTLTF	Donor AJD3280:IEL TCRab CD8ab TRM	7
CASSKRTSGGYNEQFF	TRBV7-2	TRBJ2-1	CAASIDFGNEKLTF	Donor AJD3280:IEL TCRab CD8ab TRM	1
CASSLGGPGNTEAFF	TRBV7-2	TRBJ1-1	CAASWTGYALNF	Donor AJD3280:IEL TCRab CD8ab TRM	1
CASSLRKQPLFQGGNEKLFF	TRBV7-7	TRBJ1-4	CAAHALKAAGNKLTF	Donor AJD3280:IEL TCRab CD8ab TRM	1
CASSGDGESEAFF	TRBV9	TRBJ1-1	CAASIEGNTPLVF	Donor AJD3280:IEL TCRab CD8ab TRM	1
CAISEYIGTGEAFF	TRBV10-3	TRBJ1-1	CAPLGSGGGADGLTF	Donor AJD3280:IEL TCRab CD8ab TRM	1
CASSIDRSYTEAFF	TRBV19	TRBJ1-1	CAFKSNYQLIW	Donor AJD3280:IEL TCRab CD8ab TRM	1
CSASIAGRGNTIYF	TRBV20-1	TRBJ1-3	CAAANQAGTALIF	Donor AJD3280:IEL TCRab CD8ab TRM	1
CASSLTSGREQYF	TRBV27	TRBJ2-7	CAFRGDSNYQLIW	Donor AJD3280:IEL TCRab CD8ab TRM	1
CASSLTSGNTIYF	TRBV27	TRBJ1-3	CAFRSDSNYQLIW	Donor AJD3280:IEL TCRab CD8ab TRM	1
CASRLATNTGELFF	TRBV27	TRBJ2-2	CARTMDSNYQLIW	Donor AJD3280:IEL TCRab CD8ab TRM	1
CASSQEHLAGYNEQFF	TRBV3-1	TRBJ2-1	CAHGADSWGKLQF	Donor AJD3280:IEL TCRab CD8ab TRM	1
CASSAGAIAGYEQYF	TRBV7-9	TRBJ2-7	CAFKSSNDYKLSF	Donor AJD3280:IEL TCRab CD8ab TRM	1
CASSVGFGTVNTEAFF	TRBV9	TRBJ1-1	CAPASGAGSYQLTF	Donor AJD3280:IEL TCRab CD8ab TRM	2
CAISEDLQGVNYGYTF	TRBV10-3	TRBJ1-2	CAGPGAGGTSYGKLTF	Donor AJD3280:IEL TCRab CD8ab TRM	1
CASGSTGLRGYTF	TRBV12-5	TRBJ1-2	CAGIDNAGNQFYF	Donor AJD3280:IEL TCRab CD8ab TRM	2
CASSQLPATGELFF	TRBV14	TRBJ2-2	CAGQGGGSNYKLTF	Donor AJD3280:IEL TCRab CD8ab TRM	1
CATSTALGYAEAFF	TRBV15	TRBJ1-1	CAGLFSGGYNKLIF	Donor AJD3280:IEL TCRab CD8ab TRM	1
CATSRALGGTEAFF	TRBV15	TRBJ1-1	CAGLSLRNYGQNFVF	Donor AJD3280:IEL TCRab CD8ab TRM	1
CASSRGAYTEAFF	TRBV27	TRBJ1-1	CAGTDNYGQNFVF	Donor AJD3280:IEL TCRab CD8ab TRM	1
CSVGLLHGYTF	TRBV29-1	TRBJ1-2	CAGPTGGGADGLTF	Donor AJD3280:IEL TCRab CD8ab TRM	1
CASNLAGGPTDTQYF	TRBV3-1	TRBJ2-3	CAGYSGAGSYQLTF	Donor AJD3280:IEL TCRab CD8ab TRM	1
CAWSAGTGAYEQYF	TRBV30	TRBJ2-7	CAGPGSARQLTF	Donor AJD3280:IEL TCRab CD8ab TRM	1
CASSIGRGSGNQPQHF	TRBV4-1	TRBJ1-5	CACPNQAGTALIF	Donor AJD3280:IEL TCRab CD8ab TRM	1
CASSQRLNTEAFF	TRBV4-2	TRBJ1-1	CAGGTYSGAGSYQLTF	Donor AJD3280:IEL TCRab CD8ab TRM	1
CASSQVGLAGGPGTDTQYF	TRBV4-2	TRBJ2-3	CAGGVDSSYKLIF	Donor AJD3280:IEL TCRab CD8ab TRM	1
CASSNGMGWYTEAFF	TRBV5-1	TRBJ1-1	CAGGTGNQFYF	Donor AJD3280:IEL TCRab CD8ab TRM	1
CASSPTSGVTEAFF	TRBV5-1	TRBJ1-1	CAGPPTDSWGKLQF	Donor AJD3280:IEL TCRab CD8ab TRM	2
CASTLGQSSYNEQFF	TRBV5-1	TRBJ2-1	CLVANAGGTSYGKLTF	Donor AJD3280:IEL TCRab CD8ab TRM	1
CASSESGTLGQPQHF	TRBV6-4	TRBJ1-5	CATNNARLMF	Donor AJD3280:IEL TCRab CD8ab TRM	1
CASSYGVGGTEAFF	TRBV6-5	TRBJ1-1	CAGGDNYGQNFVF	Donor AJD3280:IEL TCRab CD8ab TRM	1
CASSHIWTTSYNEQFF	TRBV6-5	TRBJ2-1	CAGITGGSYIPTF	Donor AJD3280:IEL TCRab CD8ab TRM	1
CASSYSRGTEAFF	TRBV6-5	TRBJ1-1	CASNFNKFYF	Donor AJD3280:IEL TCRab CD8ab TRM	1
CASSYFGGQGSYEQYF	TRBV6-6	TRBJ2-7	CAGGGVYSGGGADGLTF	Donor AJD3280:IEL TCRab CD8ab TRM	2
CASSYSQQGADNTEAFF	TRBV6-6	TRBJ1-1	CAGRLTGGGNKLTF	Donor AJD3280:IEL TCRab CD8ab TRM	1
CASSPEAAWNEQFF	TRBV7-3	TRBJ2-1	CAGFSGQGNLIF	Donor AJD3280:IEL TCRab CD8ab TRM	1
CASSFSGGLNTEAFF	TRBV7-3	TRBJ1-1	CAGPTGAGSYQLTF	Donor AJD3280:IEL TCRab CD8ab TRM	1
CASSISYLGAGETQYF	TRBV7-7	TRBJ2-5	CAGPGVNTDKLIF	Donor AJD3280:IEL TCRab CD8ab TRM	1
CASSLGAGFYNEQFF	TRBV7-7	TRBJ2-1	CAGPKVKGDDKIIF	Donor AJD3280:IEL TCRab CD8ab TRM	1
CASSRAGFGQPQHF	TRBV7-8	TRBJ1-5	CAGPDNFNKFYF	Donor AJD3280:IEL TCRab CD8ab TRM	1
CASSLAGQGWYEQYF	TRBV7-8	TRBJ2-7	CAGSTGGGSEKLVF	Donor AJD3280:IEL TCRab CD8ab TRM	1
CASSVGGINTDTQYF	TRBV9	TRBJ2-3	CADNFNKFYF	Donor AJD3280:IEL TCRab CD8ab TRM	1
CASSTGWDSNNYGYTF	TRBV11-2	TRBJ1-2	CIARYSNTDKLIF	Donor AJD3280:IEL TCRab CD8ab TRM	4
CASRSLAGGRDTQYF	TRBV11-2	TRBJ2-3	CIAVRNNNARLMF	Donor AJD3280:IEL TCRab CD8ab TRM	1
CASSWPGQGVHEQYF	TRBV11-2	TRBJ2-7	CIGLPSNTDKLIF	Donor AJD3280:IEL TCRab CD8ab TRM	2
CASSRPGQLSGNTIYF	TRBV11-2	TRBJ1-3	CIGVRSNTGKLIF	Donor AJD3280:IEL TCRab CD8ab TRM	1
CASSSISGGPTYEQYF	TRBV11-2	TRBJ2-7	CIVRDGNNARLMF	Donor AJD3280:IEL TCRab CD8ab TRM	1
CASSPGGSDEQYF	TRBV11-2	TRBJ2-7	CIVRRINNARLMF	Donor AJD3280:IEL TCRab CD8ab TRM	2
CASSPVGGIYGYTF	TRBV11-2	TRBJ1-2	CIVRVSNAGNMLTF	Donor AJD3280:IEL TCRab CD8ab TRM	2
CASSGMGYEQFF	TRBV11-2	TRBJ2-1	CIVTPSNTGKLIF	Donor AJD3280:IEL TCRab CD8ab TRM	1
CASSSGEGGSNEQFF	TRBV11-3	TRBJ2-1	CIVRSYGGATNKLIF	Donor AJD3280:IEL TCRab CD8ab TRM	1
CASTSPLLPSGGAFYNEQFF	TRBV12-3	TRBJ2-1	CIVVRSNTGKLIF	Donor AJD3280:IEL TCRab CD8ab TRM	3
CASSPMTGPNYEQYF	TRBV12-4	TRBJ2-7	CIAALGNTGKLIF	Donor AJD3280:IEL TCRab CD8ab TRM	1
CASSPDRGRDIQYF	TRBV12-4	TRBJ2-4	CIVRVDYKLSF	Donor AJD3280:IEL TCRab CD8ab TRM	1
CASSPHADTQYF	TRBV12-4	TRBJ2-3	CIVRYSNSGYALNF	Donor AJD3280:IEL TCRab CD8ab TRM	1
CASSQNSPGQVNTDTQYF	TRBV18	TRBJ2-3	CIVRPDAQGGSEKLVF	Donor AJD3280:IEL TCRab CD8ab TRM	1
CASSGLPSWLANEKLFF	TRBV19	TRBJ1-4	CIATTSGTYKYIF	Donor AJD3280:IEL TCRab CD8ab TRM	1
CASTTDSYNLGNTIYF	TRBV19	TRBJ1-3	CIVRVHLMGGSEKLVF	Donor AJD3280:IEL TCRab CD8ab TRM	1
CASSELTVSSTDTQYF	TRBV2	TRBJ2-3	CIVRAGSYDKVIF	Donor AJD3280:IEL TCRab CD8ab TRM	2
CSARDLLDIYEKLFF	TRBV20-1	TRBJ1-4	CIVGNYGQNFVF	Donor AJD3280:IEL TCRab CD8ab TRM	6
CASSLSGGYEQYF	TRBV27	TRBJ2-7	CIVRPRSGTYKYIF	Donor AJD3280:IEL TCRab CD8ab TRM	1
CSVDGGNSYEQYF	TRBV29-1	TRBJ2-7	CIAVRSNTGKLIF	Donor AJD3280:IEL TCRab CD8ab TRM	2
CAWSRTSGGAGTGELFF	TRBV30	TRBJ2-2	CIVRASFPASKLTF	Donor AJD3280:IEL TCRab CD8ab TRM	1
CASSQEEGGSYEQYF	TRBV4-2	TRBJ2-7	CIVRAHYGGSQGNLIF	Donor AJD3280:IEL TCRab CD8ab TRM	1
CASSPWTAGEQYF	TRBV5-1	TRBJ2-7	CIVRERYSGGSNYKLTF	Donor AJD3280:IEL TCRab CD8ab TRM	1
CASSGTGFSGNTIYF	TRBV5-1	TRBJ1-3	CIVTYYALNF	Donor AJD3280:IEL TCRab CD8ab TRM	2
CASSSGLAGVHEQFF	TRBV5-6	TRBJ2-1	CIVRVPGYALNF	Donor AJD3280:IEL TCRab CD8ab TRM	1
CASSPGTSGGANPYNEQFF	TRBV6-5	TRBJ2-1	CIVENQAGTALIF	Donor AJD3280:IEL TCRab CD8ab TRM	1
CASSLGRTGYEKLFF	TRBV7-2	TRBJ1-4	CIVSRPDYKLSF	Donor AJD3280:IEL TCRab CD8ab TRM	1
CASSFAGGLENEQFF	TRBV7-3	TRBJ2-1	CIGPNSGYALNF	Donor AJD3280:IEL TCRab CD8ab TRM	1
CASSLQGEQNIQYF	TRBV7-6	TRBJ2-4	CIVRVLYNARLMF	Donor AJD3280:IEL TCRab CD8ab TRM	1
CASSVGGDNNEQFF	TRBV9	TRBJ2-1	CIVRDNGGATNKLIF	Donor AJD3280:IEL TCRab CD8ab TRM	1
CASSITKRQGNTGELFF	TRBV9	TRBJ2-2	CIVRVSGGGADGLTF	Donor AJD3280:IEL TCRab CD8ab TRM	1
CASSLGRGPYNEQFF	TRBV13	TRBJ2-1	CILPNSGGSNYKLTF	Donor AJD3280:IEL TCRab CD8ab TRM	1
CASKVAGGSYNEQFF	TRBV19	TRBJ2-1	CILRDPFSGYSTLTF	Donor AJD3280:IEL TCRab CD8ab TRM	1
CASRPLTNNYGYTF	TRBV27	TRBJ1-2	CILREITSGTYKYIF	Donor AJD3280:IEL TCRab CD8ab TRM	1
CSVPGLAGEDTQYF	TRBV29-1	TRBJ2-3	CIPNYGQNFVF	Donor AJD3280:IEL TCRab CD8ab TRM	1
CASSQEPGPYNEQFF	TRBV3-1	TRBJ2-1	CILDNAGNMLTF	Donor AJD3280:IEL TCRab CD8ab TRM	4
CASSQVLGTEAFF	TRBV4-3	TRBJ1-1	CILRVFTGNQFYF	Donor AJD3280:IEL TCRab CD8ab TRM	1
CASSSGGLFGYTF	TRBV5-6	TRBJ1-2	CMVSGGSNYKLTF	Donor AJD3280:IEL TCRab CD8ab TRM	1
CASSYSPRGEAFF	TRBV6-2	TRBJ1-1	CILSLIKAAGNKLTF	Donor AJD3280:IEL TCRab CD8ab TRM	1
CASSPGPSYEQYF	TRBV7-2	TRBJ2-7	CILRTPAGGTSYGKLTF	Donor AJD3280:IEL TCRab CD8ab TRM	1
CASSLMGGYGDTQYF	TRBV7-3	TRBJ2-3	CILSFTGNQFYF	Donor AJD3280:IEL TCRab CD8ab TRM	1
CASSDQGYGYTF	TRBV9	TRBJ1-2	CILLTGTASKLTF	Donor AJD3280:IEL TCRab CD8ab TRM	1
CAISATGRNTGELFF	TRBV10-3	TRBJ2-2	CAGYFTGNQFYF	Donor AJD3280:IEL TCRab CD8ab TRM	1
CASSYYLGGVSTDTQYF	TRBV12-4	TRBJ2-3	CAGADNYGQNFVF	Donor AJD3280:IEL TCRab CD8ab TRM	1
CASSLLSYEQYF	TRBV12-4	TRBJ2-7	CAGEGNYGQNFVF	Donor AJD3280:IEL TCRab CD8ab TRM	3
CATSGGPNEKLFF	TRBV15	TRBJ1-4	CAGDSGGSNYKLTF	Donor AJD3280:IEL TCRab CD8ab TRM	1
CASSTGFNEKLFF	TRBV19	TRBJ1-4	CAGPIQGAQKLVF	Donor AJD3280:IEL TCRab CD8ab TRM	1
CSVRWDRGHGEQYF	TRBV20-1	TRBJ2-7	CAGASGGTSYGKLTF	Donor AJD3280:IEL TCRab CD8ab TRM	1
CATSDLGVGEQFF	TRBV24-1	TRBJ2-1	CAGAKNTGNQFYF	Donor AJD3280:IEL TCRab CD8ab TRM	1
CASSEYLGYSEAFF	TRBV25-1	TRBJ1-1	CAGAGGYGQNFVF	Donor AJD3280:IEL TCRab CD8ab TRM	1
CASSSAPLSGNTIYF	TRBV27	TRBJ1-3	CAGVRLRRTDKLIF	Donor AJD3280:IEL TCRab CD8ab TRM	1
CSVGQGGYEQYF	TRBV29-1	TRBJ2-7	CAGAGLGTGNQFYF	Donor AJD3280:IEL TCRab CD8ab TRM	1
CSVSSGTQYF	TRBV29-1	TRBJ2-5	CAGWSGNTPLVF	Donor AJD3280:IEL TCRab CD8ab TRM	1
CASSQGDRGPRGYTF	TRBV3-1	TRBJ1-2	CAGARGGQGFSFIF	Donor AJD3280:IEL TCRab CD8ab TRM	1
CAWSVQNTEAFF	TRBV30	TRBJ1-1	CAQRGNEKLTF	Donor AJD3280:IEL TCRab CD8ab TRM	1
CAIPGVANTGELFF	TRBV5-4	TRBJ2-2	CAGARAGGYNKLIF	Donor AJD3280:IEL TCRab CD8ab TRM	1
CASSLASLWGETQYF	TRBV5-6	TRBJ2-5	CAGRHSGNTPLVF	Donor AJD3280:IEL TCRab CD8ab TRM	1
CASSTGGIDNQPQHF	TRBV6-6	TRBJ1-5	CAGGYGFNKFYF	Donor AJD3280:IEL TCRab CD8ab TRM	1
CASSTGLAGVNTGELFF	TRBV6-6	TRBJ2-2	CAGIGGTSYGKLTF	Donor AJD3280:IEL TCRab CD8ab TRM	1
CASSLWGDQPQHF	TRBV7-2	TRBJ1-5	CAGGPLNNAGNMLTF	Donor AJD3280:IEL TCRab CD8ab TRM	1
CASSLVGTGYGYTF	TRBV7-9	TRBJ1-2	CAAYGGATNKLIF	Donor AJD3280:IEL TCRab CD8ab TRM	1
CASSPPGAFYGYTF	TRBV7-9	TRBJ1-2	CAGAGNAGNMLTF	Donor AJD3280:IEL TCRab CD8ab TRM	1
CASSLLGEAFF	TRBV7-9	TRBJ1-1	CAGEGRGSNYKLTF	Donor AJD3280:IEL TCRab CD8ab TRM	1
CASSLEGWGTAAYEQYF	TRBV7-9	TRBJ2-7	CAGPRDNYGQNFVF	Donor AJD3280:IEL TCRab CD8ab TRM	1
CASSFRGTEAFF	TRBV7-9	TRBJ1-1	CAGRGATNKLIF	Donor AJD3280:IEL TCRab CD8ab TRM	1
CATSPLRADPYGYTF	TRBV9	TRBJ1-2	CAGPNSGNTGKLIF	Donor AJD3280:IEL TCRab CD8ab TRM	2
CASSELGGTAFF	TRBV10-2	TRBJ1-1	CAGLNSGGGADGLTF	Donor AJD3280:IEL TCRab CD8ab TRM	1
CAISGRGPSNTGELFF	TRBV10-3	TRBJ2-2	CAARIQGAQKLVF	Donor AJD3280:IEL TCRab CD8ab TRM	1
CAISEDLQGVNYGYTF	TRBV10-3	TRBJ1-2	CAASAPSGTYKYIF	Donor AJD3280:IEL TCRab CD8ab TRM	1
CASSLNRAEQYF	TRBV11-2	TRBJ2-7	CAAKWELTF	Donor AJD3280:IEL TCRab CD8ab TRM	1
CASRMTGNQPQHF	TRBV12-3	TRBJ1-5	CAASRYSGNTPLVF	Donor AJD3280:IEL TCRab CD8ab TRM	1
CASSLAGQAYEQYF	TRBV12-4	TRBJ2-7	CAASPGYGNKLVF	Donor AJD3280:IEL TCRab CD8ab TRM	1
CATRRTGDNSPLHF	TRBV15	TRBJ1-6	CALTEGGTSYGKLTF	Donor AJD3280:IEL TCRab CD8ab TRM	1
CASSLRDIPYEQYF	TRBV18	TRBJ2-7	CAASAIGNQFYF	Donor AJD3280:IEL TCRab CD8ab TRM	1
CASTPIQRGWTGELFF	TRBV19	TRBJ2-2	CAAANEKLTF	Donor AJD3280:IEL TCRab CD8ab TRM	1
CSAPRVQGPNQPQHF	TRBV20-1	TRBJ1-5	CAASARGGNQFYF	Donor AJD3280:IEL TCRab CD8ab TRM	1
CSARPVAVSYEQYF	TRBV20-1	TRBJ2-7	CAASPGTDKLIF	Donor AJD3280:IEL TCRab CD8ab TRM	1
CSARGTSGGRNEQFF	TRBV20-1	TRBJ2-1	CAAYNNARLMF	Donor AJD3280:IEL TCRab CD8ab TRM	1
CASSKRTGWETQYF	TRBV25-1	TRBJ2-5	CAASAGANNLFF	Donor AJD3280:IEL TCRab CD8ab TRM	2
CASSAAGRETQYF	TRBV25-1	TRBJ2-5	CAASGVQGAQKLVF	Donor AJD3280:IEL TCRab CD8ab TRM	1
CASQTGRADTQYF	TRBV27	TRBJ2-3	CAANDGTYKYIF	Donor AJD3280:IEL TCRab CD8ab TRM	3
CASSLSFNNYNEQFF	TRBV27	TRBJ2-1	CAARVTGTGNQFYF	Donor AJD3280:IEL TCRab CD8ab TRM	1
CASSPRTDTQYF	TRBV27	TRBJ2-3	CAASGSRGNNDMRF	Donor AJD3280:IEL TCRab CD8ab TRM	1
CASSQALNTEAFF	TRBV3-1	TRBJ1-1	CAASALGNQFYF	Donor AJD3280:IEL TCRab CD8ab TRM	1
CASSQKLNLEAFF	TRBV3-1	TRBJ1-1	CAASALGNQFYF	Donor AJD3280:IEL TCRab CD8ab TRM	1
CASSQDLSAGLAGGADTQYF	TRBV3-1	TRBJ2-3	CAAWGTDKLIF	Donor AJD3280:IEL TCRab CD8ab TRM	1
CASSPEDRGAPYEQYF	TRBV3-1	TRBJ2-7	CAAWSNSNYQLIW	Donor AJD3280:IEL TCRab CD8ab TRM	2
CAWSYRTKGGYTF	TRBV30	TRBJ1-2	CAAIGSGGSNYKLTF	Donor AJD3280:IEL TCRab CD8ab TRM	1
CASSQKPQGLGYEQYF	TRBV4-1	TRBJ2-7	CAADNFGNEKLTF	Donor AJD3280:IEL TCRab CD8ab TRM	2
CASEDNSNEKLFF	TRBV4-1	TRBJ1-4	CAARSAGNKLTF	Donor AJD3280:IEL TCRab CD8ab TRM	1
CASSQVVSYEQYF	TRBV4-1	TRBJ2-7	CAASVAGANNLFF	Donor AJD3280:IEL TCRab CD8ab TRM	2
CASSQEILNHRGNYGYTF	TRBV4-3	TRBJ1-2	CAAFNNNARLMF	Donor AJD3280:IEL TCRab CD8ab TRM	1
CASSQDRLNSGKSGYTF	TRBV4-3	TRBJ1-2	CAAHNNNARLMF	Donor AJD3280:IEL TCRab CD8ab TRM	1
CASSQELGSANEKLFF	TRBV4-3	TRBJ1-4	CAALRNNNARLMF	Donor AJD3280:IEL TCRab CD8ab TRM	7
CASSQEVGSTNEKLFF	TRBV4-3	TRBJ1-4	CAALRNNNARLMF	Donor AJD3280:IEL TCRab CD8ab TRM	2
CASSQDQGYGYTF	TRBV4-3	TRBJ1-2	CAASAQDSNYQLIW	Donor AJD3280:IEL TCRab CD8ab TRM	1
CASSLVGAGTSYNEQFF	TRBV5-1	TRBJ2-1	CAARYSSGSARQLTF	Donor AJD3280:IEL TCRab CD8ab TRM	1
CARSLVQKNEQFF	TRBV5-1	TRBJ2-1	CAASAFPGSARQLTF	Donor AJD3280:IEL TCRab CD8ab TRM	1
CASSLGTPIEAFF	TRBV5-1	TRBJ1-1	CAASAGPAGTASKLTF	Donor AJD3280:IEL TCRab CD8ab TRM	1
CASTAIGQGAASQETQYF	TRBV5-4	TRBJ2-5	CAAKTSGSRLTF	Donor AJD3280:IEL TCRab CD8ab TRM	1
CASSLPADTEAFF	TRBV5-4	TRBJ1-1	CAGNNAGNMLTF	Donor AJD3280:IEL TCRab CD8ab TRM	1
CASSWGLGTEAFF	TRBV5-5	TRBJ1-1	CAASALGNQFYF	Donor AJD3280:IEL TCRab CD8ab TRM	1
CASSLGVSLYEQYF	TRBV5-6	TRBJ2-7	CAALNTGNQFYF	Donor AJD3280:IEL TCRab CD8ab TRM	3
CASSLWTGSYNEQFF	TRBV5-6	TRBJ2-1	CAATDRGSTLGRLYF	Donor AJD3280:IEL TCRab CD8ab TRM	1
CASSSQYRGEAFF	TRBV7-2	TRBJ1-1	CAASEPGTALIF	Donor AJD3280:IEL TCRab CD8ab TRM	1
CASSFGGTGELFF	TRBV7-3	TRBJ2-2	CAATASGYALNF	Donor AJD3280:IEL TCRab CD8ab TRM	1
CASSPGISYNEQFF	TRBV7-9	TRBJ2-1	CAATSQGGSEKLVF	Donor AJD3280:IEL TCRab CD8ab TRM	1
CASSGSGTGHHGYTF	TRBV9	TRBJ1-2	CAARSPGSGGGADGLTF	Donor AJD3280:IEL TCRab CD8ab TRM	1
CASSPRLAGVDEQFF	TRBV9	TRBJ2-1	CAGYSGGSNYKLTF	Donor AJD3280:IEL TCRab CD8ab TRM	1
CASSHTGPNQPQHF	TRBV11-2	TRBJ1-5	CAVRDIAGAGSYQLTF	Donor AJD3280:IEL TCRab CD8ab TRM	1
CASSLGAGGPYNEQFF	TRBV12-3	TRBJ2-1	CAVRDKENYGGSQGNLIF	Donor AJD3280:IEL TCRab CD8ab TRM	1
CASSPTAIQETQYF	TRBV18	TRBJ2-5	CAVRPSNFGNEKLTF	Donor AJD3280:IEL TCRab CD8ab TRM	1
CSALEVGQLGVGKQYF	TRBV20-1	TRBJ2-3	CAVINFNKFYF	Donor AJD3280:IEL TCRab CD8ab TRM	1
CSAPLGGGQPQHF	TRBV20-1	TRBJ1-5	CAVRGNNQGGKLIF	Donor AJD3280:IEL TCRab CD8ab TRM	1
CSANPYGQETQYF	TRBV20-1	TRBJ2-5	CAVRWLNYGGATNKLIF	Donor AJD3280:IEL TCRab CD8ab TRM	1
CSAKDRGGSYNEQFF	TRBV20-1	TRBJ2-1	CAVSAASFTSGTYKYIF	Donor AJD3280:IEL TCRab CD8ab TRM	1
CSARDLLDIYEKLFF	TRBV20-1	TRBJ1-4	CAVSPTNFGNEKLTF	Donor AJD3280:IEL TCRab CD8ab TRM	2
CSAKGVTESYNEQFF	TRBV20-1	TRBJ2-1	CAVSQVASGTYKYIF	Donor AJD3280:IEL TCRab CD8ab TRM	1
CASSEGLSYEQYF	TRBV25-1	TRBJ2-7	CAVSPTSNDYKLSF	Donor AJD3280:IEL TCRab CD8ab TRM	1
CASSLSSGQAYEQYF	TRBV27	TRBJ2-7	CAVRDIITNDYKLSF	Donor AJD3280:IEL TCRab CD8ab TRM	3
CSVVGGEQFF	TRBV29-1	TRBJ2-1	CAGSGNTPLVF	Donor AJD3280:IEL TCRab CD8ab TRM	1
CSVVYETQYF	TRBV29-1	TRBJ2-5	CAVRGNTPLVF	Donor AJD3280:IEL TCRab CD8ab TRM	2
CASSQDMRVNLNNEQFF	TRBV3-1	TRBJ2-1	CAVRAITGGGNKLTF	Donor AJD3280:IEL TCRab CD8ab TRM	1
CASSQDQGERTYEQYF	TRBV4-1	TRBJ2-7	CAVMTGANNLFF	Donor AJD3280:IEL TCRab CD8ab TRM	1
CASSRDRNFLLNTEAFF	TRBV4-1	TRBJ1-1	CAVRDRGNAGNNRKLIW	Donor AJD3280:IEL TCRab CD8ab TRM	1
CASSLAVERETQYF	TRBV5-5	TRBJ2-5	CAVRDYGPSGSARQLTF	Donor AJD3280:IEL TCRab CD8ab TRM	1
CASSLPTGGREKLFF	TRBV5-8	TRBJ1-4	CAVRDMDTGRRALTF	Donor AJD3280:IEL TCRab CD8ab TRM	1
CASSEVLSTSGADTQYF	TRBV6-1	TRBJ2-3	CAVRDEGFQKLVF	Donor AJD3280:IEL TCRab CD8ab TRM	1
CASSLPGNNEQFF	TRBV6-2	TRBJ2-1	CAVREFTNYQLIW	Donor AJD3280:IEL TCRab CD8ab TRM	1
CASSDVNTGELFF	TRBV6-4	TRBJ2-2	CAVRDIAISGGYNKLIF	Donor AJD3280:IEL TCRab CD8ab TRM	1
CASSQLLESETQYF	TRBV7-6	TRBJ2-5	CAGTPLNDYKLSF	Donor AJD3280:IEL TCRab CD8ab TRM	1
CASSSNEGTEAFF	TRBV7-7	TRBJ1-1	CAVSPSPLIF	Donor AJD3280:IEL TCRab CD8ab TRM	1
CASSLTGGSYNEQFF	TRBV7-8	TRBJ2-1	CAVRDSNQAGTALIF	Donor AJD3280:IEL TCRab CD8ab TRM	1
CASSIKTDIAYEQYF	TRBV7-9	TRBJ2-7	CAVRVYNTDKLIF	Donor AJD3280:IEL TCRab CD8ab TRM	1
CASSLAGMGSYEQYF	TRBV7-9	TRBJ2-7	CVLYNFNKFYF	Donor AJD3280:IEL TCRab CD8ab TRM	1
CASSVDSTGTSEDGYTF	TRBV9	TRBJ1-2	CAVRDIGGGGFKTIF	Donor AJD3280:IEL TCRab CD8ab TRM	1
CASSTGAGGSQEQFF	TRBV9	TRBJ2-1	CAVRDYNNDMRF	Donor AJD3280:IEL TCRab CD8ab TRM	2
CASSLGAGANEQFF	TRBV11-3	TRBJ2-1	CGTGYNTDKLIF	Donor AJD3280:IEL TCRab CD8ab TRM	1
CASGWTGVPYEQYF	TRBV12-5	TRBJ2-7	CGTETDSGGGADGLTF	Donor AJD3280:IEL TCRab CD8ab TRM	1
CATSRDGGWPGTQHF	TRBV15	TRBJ1-5	CGTESDNQGGKLIF	Donor AJD3280:IEL TCRab CD8ab TRM	1
CASSIAGFSYEQYF	TRBV19	TRBJ2-7	CGPVPDGSSNTGKLIF	Donor AJD3280:IEL TCRab CD8ab TRM	1
CASSIRGPGGYTF	TRBV19	TRBJ1-2	CGTAPNFGNEKLTF	Donor AJD3280:IEL TCRab CD8ab TRM	1
CASTSSSYNSPLHF	TRBV19	TRBJ1-6	CGTSDNYGQNFVF	Donor AJD3280:IEL TCRab CD8ab TRM	1
CSARLWGLAGVLQETQYF	TRBV20-1	TRBJ2-5	CGTEIEGTGNQFYF	Donor AJD3280:IEL TCRab CD8ab TRM	1
CSARPEAGENTEAFF	TRBV20-1	TRBJ1-1	CGTVDNYGQNFVF	Donor AJD3280:IEL TCRab CD8ab TRM	1
CASSQEASGAYGYTF	TRBV3-1	TRBJ1-2	CGTNSNTGKLIF	Donor AJD3280:IEL TCRab CD8ab TRM	30
CASSLASASYEQYF	TRBV5-5	TRBJ2-7	CGTERDTGFQKLVF	Donor AJD3280:IEL TCRab CD8ab TRM	1
CASSYAPTGYSTDTQYF	TRBV6-6	TRBJ2-3	CGTEPGGGADGLTF	Donor AJD3280:IEL TCRab CD8ab TRM	1
CASSQDISYEQYF	TRBV7-9	TRBJ2-7	CGTEMIKNTGFQKLVF	Donor AJD3280:IEL TCRab CD8ab TRM	2
CASSIAGGDYEQYF	TRBV19	TRBJ2-7	CGAVSFGNVLHC	Donor AJD3280:IEL TCRab CD8ab TRM	1
CAISESMGTGELFF	TRBV10-3	TRBJ2-2	CAGVTDKLIF	Donor AJD3280:IEL TCRab CD8ab TRM	1
CASTSSGGPSSYEQYF	TRBV12-4	TRBJ2-7	CAGQLNTDKLIF	Donor AJD3280:IEL TCRab CD8ab TRM	1
CASSGPGRGFSTDTQYF	TRBV13	TRBJ2-3	CAGLTFNDYKLSF	Donor AJD3280:IEL TCRab CD8ab TRM	1
CASSLNRQYPGANVLTF	TRBV18	TRBJ2-6	CAGQLVEEYGNKLVF	Donor AJD3280:IEL TCRab CD8ab TRM	1
CASSPGPHGYTF	TRBV19	TRBJ1-2	CAGTPENNNARLMF	Donor AJD3280:IEL TCRab CD8ab TRM	1
CASSKSVGVYNEQFF	TRBV2	TRBJ2-1	CAGTSGTYKYIF	Donor AJD3280:IEL TCRab CD8ab TRM	1
CSARGGGLAADTQYF	TRBV20-1	TRBJ2-3	CAGPPFSGGGADGLTF	Donor AJD3280:IEL TCRab CD8ab TRM	1
CSARDLLDIYEKLFF	TRBV20-1	TRBJ1-4	CAGPTGRGAQKLVF	Donor AJD3280:IEL TCRab CD8ab TRM	3
CASSYTATNEKLFF	TRBV4-1	TRBJ1-4	CAGFQGAQKLVF	Donor AJD3280:IEL TCRab CD8ab TRM	1
CASSQYLGYEQYF	TRBV4-3	TRBJ2-7	CAGASYGQNFVF	Donor AJD3280:IEL TCRab CD8ab TRM	1
CASSFLGGADGYTF	TRBV5-1	TRBJ1-2	CAGFGAGGTSYGKLTF	Donor AJD3280:IEL TCRab CD8ab TRM	1
CASSAGGGQPQHF	TRBV6-1	TRBJ1-5	CAGPPFSGGGADGLTF	Donor AJD3280:IEL TCRab CD8ab TRM	1
CASSYSGGEETQYF	TRBV6-2	TRBJ2-5	CAGLGGMYSGAGSYQLTF	Donor AJD3280:IEL TCRab CD8ab TRM	1
CASSYSRAGTIPYNEQFF	TRBV6-2	TRBJ2-1	CAGRTGTYKYIF	Donor AJD3280:IEL TCRab CD8ab TRM	1
CASSLLVAPPRAFF	TRBV7-2	TRBJ1-1	CAGQRDSNYQLIW	Donor AJD3280:IEL TCRab CD8ab TRM	1
CASSPGPGTRGGHTEAFF	TRBV7-3	TRBJ1-1	CAGRTGANNLFF	Donor AJD3280:IEL TCRab CD8ab TRM	1
CASSPYSSYNSPLHF	TRBV7-6	TRBJ1-6	CAGDIQGAQKLVF	Donor AJD3280:IEL TCRab CD8ab TRM	1
CASSGAGGANYYYEQYF	TRBV7-9	TRBJ2-7	CAERTDKLIF	Donor AJD3280:IEL TCRab CD8ab TRM	1
CASSFGGTDLTGELFF	TRBV7-9	TRBJ2-2	CAGTTGETSYDKVIF	Donor AJD3280:IEL TCRab CD8ab TRM	1
CATSSTRGLDYGYTF	TRBV15	TRBJ1-2	CAVERRSGGSNYKLTF	Donor AJD3280:IEL TCRab CD8ab TRM	1
CASSPGETLTYEQYF	TRBV18	TRBJ2-7	CAVGGKTGGGADGLTF	Donor AJD3280:IEL TCRab CD8ab TRM	1
CSASSPGTLSYEQYF	TRBV20-1	TRBJ2-7	CADYSGGGADGLTF	Donor AJD3280:IEL TCRab CD8ab TRM	1
CASSLGVRTDTQYF	TRBV27	TRBJ2-3	CAVAGFGNEKLTF	Donor AJD3280:IEL TCRab CD8ab TRM	1
CSVLTGTGVSYEQYF	TRBV29-1	TRBJ2-7	CAVESYSGAGSYQLTF	Donor AJD3280:IEL TCRab CD8ab TRM	1
CASMEVAYNEQFF	TRBV6-2	TRBJ2-1	CAVLTSGTYKYIF	Donor AJD3280:IEL TCRab CD8ab TRM	1
CASNRSYPRNLFF	TRBV7-2	TRBJ1-4	CAVVSYQTGANNLFF	Donor AJD3280:IEL TCRab CD8ab TRM	1
CASSLAGGPTDTQYF	TRBV7-6	TRBJ2-3	CAVRPSADSWGKLQF	Donor AJD3280:IEL TCRab CD8ab TRM	1
CASSASGLQPQHF	TRBV7-9	TRBJ1-5	CAVRHGGSQGNLIF	Donor AJD3280:IEL TCRab CD8ab TRM	2
CASSFDILVDEQYF	TRBV11-2	TRBJ2-7	CACSNARLMF	Donor AJD3280:IEL TCRab CD8ab TRM	1
CASSTGSRPEAFF	TRBV11-2	TRBJ1-1	CAFMKFDKIIF	Donor AJD3280:IEL TCRab CD8ab TRM	1
CASSLLQGSNYEQYF	TRBV11-2	TRBJ2-7	CAFMKRGATNKLIF	Donor AJD3280:IEL TCRab CD8ab TRM	1
CASSLKWGLASHEQFF	TRBV11-2	TRBJ2-1	CAFNQFYF	Donor AJD3280:IEL TCRab CD8ab TRM	3
CASGGVGHEQYF	TRBV12-4	TRBJ2-7	CAFMKDWGTGANSKLTF	Donor AJD3280:IEL TCRab CD8ab TRM	1
CASSLVGGYGYTF	TRBV13	TRBJ1-2	CAFMKRDFGNEKLTF	Donor AJD3280:IEL TCRab CD8ab TRM	1
CASSSRGTYEQYF	TRBV13	TRBJ2-7	CAFPTGNQFYF	Donor AJD3280:IEL TCRab CD8ab TRM	1
CASSIAIWRREVNQPQHF	TRBV19	TRBJ1-5	CAFEGNEKLTF	Donor AJD3280:IEL TCRab CD8ab TRM	2
CASSIDSSSYNEQFF	TRBV19	TRBJ2-1	CAFSQNTGNTPLVF	Donor AJD3280:IEL TCRab CD8ab TRM	1
CASSIEPDRLNTEAFF	TRBV19	TRBJ1-1	CASYGGATNKLIF	Donor AJD3280:IEL TCRab CD8ab TRM	2
CASSSGGASSYEQYF	TRBV2	TRBJ2-7	CAFIPSYGKLTF	Donor AJD3280:IEL TCRab CD8ab TRM	1
CSAPAWGSYNEQFF	TRBV20-1	TRBJ2-1	CAFMKPFDGHGGSQGNLIF	Donor AJD3280:IEL TCRab CD8ab TRM	2
CASTRPLGPTNYGYTF	TRBV27	TRBJ1-2	CALIQGAQKLVF	Donor AJD3280:IEL TCRab CD8ab TRM	1
CASSPDTYEQYF	TRBV3-1	TRBJ2-7	CASHSNSGYALNF	Donor AJD3280:IEL TCRab CD8ab TRM	4
CASSLGNTEAFF	TRBV5-1	TRBJ1-1	CAFMKMIGGSQGNLIF	Donor AJD3280:IEL TCRab CD8ab TRM	2
CASSLAGGSYNEQFF	TRBV5-1	TRBJ2-1	CAFTSPSNSGYALNF	Donor AJD3280:IEL TCRab CD8ab TRM	1
CASSSDRSVAYEQYF	TRBV5-6	TRBJ2-7	CAFMTARLMF	Donor AJD3280:IEL TCRab CD8ab TRM	1
CASNTGQSTDTQYF	TRBV6-1	TRBJ2-3	CAFNGPSGTYKYIF	Donor AJD3280:IEL TCRab CD8ab TRM	1
CASSLFLTSYNEQFF	TRBV7-3	TRBJ2-1	CALRETSGSRLTF	Donor AJD3280:IEL TCRab CD8ab TRM	1
CASSPTGSPYEQYF	TRBV7-3	TRBJ2-7	CAYPTGANSKLTF	Donor AJD3280:IEL TCRab CD8ab TRM	1
CASSNGGNSYNEQFF	TRBV7-6	TRBJ2-1	CAFMTGEGAQKLVF	Donor AJD3280:IEL TCRab CD8ab TRM	1
CASSPGPNPGNTIYF	TRBV7-7	TRBJ1-3	CAFAEAQGGKLIF	Donor AJD3280:IEL TCRab CD8ab TRM	1
CASSLDPSYGYTF	TRBV7-9	TRBJ1-2	CAFMGAGGTSYGKLTF	Donor AJD3280:IEL TCRab CD8ab TRM	1
CASSLVTSRTYEQYF	TRBV7-9	TRBJ2-7	CAFPNSGGGADGLTF	Donor AJD3280:IEL TCRab CD8ab TRM	2
CASSSADVGTPYYNEQFF	TRBV7-9	TRBJ2-1	CASRSGAGSYQLTF	Donor AJD3280:IEL TCRab CD8ab TRM	1
CAISESTPQGPTGTAEAFF	TRBV10-3	TRBJ1-1	CAYRIIRWSFGNEKLTF	Donor AJD3280:IEL TCRab CD8ab TRM	2
CASSPGTATDTQYF	TRBV12-3	TRBJ2-3	CAYSLNRDDKIIF	Donor AJD3280:IEL TCRab CD8ab TRM	2
CASSLRGIYEQYF	TRBV13	TRBJ2-7	CALARNAGNMLTF	Donor AJD3280:IEL TCRab CD8ab TRM	1
CASRFVNTEAFF	TRBV19	TRBJ1-1	CASPGTSGTYKYIF	Donor AJD3280:IEL TCRab CD8ab TRM	1
CASSTGQPRQPQHF	TRBV19	TRBJ1-5	CAYKFTPLVF	Donor AJD3280:IEL TCRab CD8ab TRM	1
CASSDTGWGEAFF	TRBV2	TRBJ1-1	CAARNQGGKLIF	Donor AJD3280:IEL TCRab CD8ab TRM	1
CASSEAVVIDYTF	TRBV2	TRBJ1-2	CASETSGSRLTF	Donor AJD3280:IEL TCRab CD8ab TRM	2
CASSEGGRGLYEQYF	TRBV2	TRBJ2-7	CAYRSPNARLMF	Donor AJD3280:IEL TCRab CD8ab TRM	3
CASSRNTF	TRBV2	TRBJ1-2	CAYTWNTGTASKLTF	Donor AJD3280:IEL TCRab CD8ab TRM	1
CASSLSGGSNNQPQHF	TRBV27	TRBJ1-5	CAYRSAYPRGADGLTF	Donor AJD3280:IEL TCRab CD8ab TRM	1
CASSVVVDLSEAFF	TRBV28	TRBJ1-1	CAYRSAGTYKYIF	Donor AJD3280:IEL TCRab CD8ab TRM	1
CASSQFWTGGPYEQYF	TRBV4-2	TRBJ2-7	CAYNFNKFYF	Donor AJD3280:IEL TCRab CD8ab TRM	8
CASSELAGGYNEQFF	TRBV6-1	TRBJ2-1	CAVEGQGFSFIF	Donor AJD3280:IEL TCRab CD8ab TRM	2
CASSRTGRGGEQYF	TRBV6-5	TRBJ2-7	CAYQQDFGNEKLTF	Donor AJD3280:IEL TCRab CD8ab TRM	1
CASSYSPRGDKNIQYF	TRBV6-5	TRBJ2-4	CAYRTSFFGNEKLTF	Donor AJD3280:IEL TCRab CD8ab TRM	1
CASSTWTATAQHF	TRBV7-2	TRBJ1-5	CALDTGNQFYF	Donor AJD3280:IEL TCRab CD8ab TRM	1
CASSDWTSYEQYF	TRBV7-2	TRBJ2-7	CAYETGNQFYF	Donor AJD3280:IEL TCRab CD8ab TRM	3
CASSLVQGASYEQYF	TRBV7-2	TRBJ2-7	CAYLNQFYF	Donor AJD3280:IEL TCRab CD8ab TRM	1
CASSGGGAWNEQFF	TRBV7-3	TRBJ2-1	CARYSWGKLQF	Donor AJD3280:IEL TCRab CD8ab TRM	1
CASTLRDRTHNEQFF	TRBV7-8	TRBJ2-1	CAYRRRDSSYKLIF	Donor AJD3280:IEL TCRab CD8ab TRM	1
CASSSSDRVAGNSPLHF	TRBV7-9	TRBJ1-6	CAYSGSARQLTF	Donor AJD3280:IEL TCRab CD8ab TRM	1
CASSAWDRSSYNSPLHF	TRBV9	TRBJ1-6	CALDTGRRALTF	Donor AJD3280:IEL TCRab CD8ab TRM	1
CASSSQGTNEKLFF	TRBV12-4	TRBJ1-4	CAVEDGGFGNVLHC	Donor AJD3280:IEL TCRab CD8ab TRM	1
CASGDSFYGYTF	TRBV14	TRBJ1-2	CAVDSGYVRLMF	Donor AJD3280:IEL TCRab CD8ab TRM	1
CASSTWAAYEQYF	TRBV27	TRBJ2-7	CAVDSVDKLIF	Donor AJD3280:IEL TCRab CD8ab TRM	1
CASSKRTALDTQYF	TRBV3-1	TRBJ2-3	CAVDPNTGGFKTIF	Donor AJD3280:IEL TCRab CD8ab TRM	1
CASSPLPRAVDYGYTF	TRBV3-1	TRBJ1-2	CAVDQYSNTDKLIF	Donor AJD3280:IEL TCRab CD8ab TRM	2
CASSRTGPNTEAFF	TRBV4-1	TRBJ1-1	CAVDMDTNAGKSTF	Donor AJD3280:IEL TCRab CD8ab TRM	1
CASSSWSNSYEQYF	TRBV5-6	TRBJ2-7	CAVDNTGNQFYF	Donor AJD3280:IEL TCRab CD8ab TRM	2
CASSYRTGFVEQFF	TRBV6-5	TRBJ2-1	CAVLHPATSGTYKYIF	Donor AJD3280:IEL TCRab CD8ab TRM	1
CASSSDSMGLGTTEAFF	TRBV6-5	TRBJ1-1	CAVPALNAGNMLTF	Donor AJD3280:IEL TCRab CD8ab TRM	1
CASSSPGSYEQYF	TRBV7-9	TRBJ2-7	CAVDEGADGLTF	Donor AJD3280:IEL TCRab CD8ab TRM	1
CASSPVLGSYEQYF	TRBV7-9	TRBJ2-7	CAVVTGGGADGLTF	Donor AJD3280:IEL TCRab CD8ab TRM	1
CASSVEGTSYEQYF	TRBV9	TRBJ2-7	CAVDMRGGSEKLVF	Donor AJD3280:IEL TCRab CD8ab TRM	1
CASSPRLAGVDEQFF	TRBV9	TRBJ2-1	CAVGWSNYKLTF	Donor AJD3280:IEL TCRab CD8ab TRM	1
CAISEGGAGTWVSYEQYF	TRBV10-3	TRBJ2-7	CLVAVSYSSASKIIF	Donor AJD3280:IEL TCRab CD8ab TRM	4
CASSLIPYEQYF	TRBV11-2	TRBJ2-7	CLAASSNTGKLIF	Donor AJD3280:IEL TCRab CD8ab TRM	1
CASSLVAYEQYF	TRBV11-2	TRBJ2-7	CLLLSSNTGKLIF	Donor AJD3280:IEL TCRab CD8ab TRM	1
CASSLVPYEQYF	TRBV11-2	TRBJ2-7	CLRSSSNTGKLIF	Donor AJD3280:IEL TCRab CD8ab TRM	4
CASSSGLAYEQYF	TRBV11-2	TRBJ2-7	CLVTPSNTGKLIF	Donor AJD3280:IEL TCRab CD8ab TRM	1
CASSSLGGLDYEQYF	TRBV11-2	TRBJ2-7	CLVVASNTGKLIF	Donor AJD3280:IEL TCRab CD8ab TRM	1
CASSSSGEQYF	TRBV11-2	TRBJ2-7	CLVVASNTGKLIF	Donor AJD3280:IEL TCRab CD8ab TRM	1
CASSSLPDTQYF	TRBV11-2	TRBJ2-3	CLVVPSNTGKLIF	Donor AJD3280:IEL TCRab CD8ab TRM	1
CASSSPSAGPSYEQYF	TRBV11-2	TRBJ2-7	CLVVPSNTGKLIF	Donor AJD3280:IEL TCRab CD8ab TRM	7
CASSSTGGIQYF	TRBV11-2	TRBJ2-4	CLVVPSNTGKLIF	Donor AJD3280:IEL TCRab CD8ab TRM	1
CASSIPTSGIAEAFF	TRBV19	TRBJ1-1	CPRAGNNRKLIW	Donor AJD3280:IEL TCRab CD8ab TRM	1
CASSGTGGSDGYTF	TRBV2	TRBJ1-2	CLVGNTGFQKLVF	Donor AJD3280:IEL TCRab CD8ab TRM	4
CSARAPLAGYTDTQYF	TRBV20-1	TRBJ2-3	CLVGGNQGGKLIF	Donor AJD3280:IEL TCRab CD8ab TRM	1
CASSPRRGEKYF	TRBV27	TRBJ2-7	CLVGDGVGNARLMF	Donor AJD3280:IEL TCRab CD8ab TRM	1
CASSQDMRVNLNNEQFF	TRBV3-1	TRBJ2-1	CLVGDMDNQGGKLIF	Donor AJD3280:IEL TCRab CD8ab TRM	1
CAWTPPGTGDNEQFF	TRBV30	TRBJ2-1	CLVGDARDDKIIF	Donor AJD3280:IEL TCRab CD8ab TRM	1
CASSQDPTGGLGGYTF	TRBV4-2	TRBJ1-2	CLVDYQAGTALIF	Donor AJD3280:IEL TCRab CD8ab TRM	1
CASSHRGLGSTNEKLFF	TRBV4-3	TRBJ1-4	CLVAPSNDYKLSF	Donor AJD3280:IEL TCRab CD8ab TRM	1
CASSQDRGNYEQYF	TRBV4-3	TRBJ2-7	CLVVKGYQKVTF	Donor AJD3280:IEL TCRab CD8ab TRM	1
CASSQDRGTYEQYF	TRBV4-3	TRBJ2-7	CLVVTGFQKLVF	Donor AJD3280:IEL TCRab CD8ab TRM	11
CASSSVQGGETQYF	TRBV5-4	TRBJ2-5	CLVGDGNDMRF	Donor AJD3280:IEL TCRab CD8ab TRM	16
CASSKGTVNYGYTF	TRBV5-4	TRBJ1-2	CLVGEATDKLIF	Donor AJD3280:IEL TCRab CD8ab TRM	1
CASSLLQTGANVLTF	TRBV5-4	TRBJ2-6	CLVGEWTGANNLFF	Donor AJD3280:IEL TCRab CD8ab TRM	1
CASSQAPGGPFYGYTF	TRBV5-6	TRBJ1-2	CLVGDRFYGQNFVF	Donor AJD3280:IEL TCRab CD8ab TRM	1
CASSLAWAGRTEAFF	TRBV5-8	TRBJ1-1	CLVGDEAGGFKTIF	Donor AJD3280:IEL TCRab CD8ab TRM	1
CASSYLIGGKNTGELFF	TRBV6-2	TRBJ2-2	CLVGGGYGGATNKLIF	Donor AJD3280:IEL TCRab CD8ab TRM	1
CASTYSRGTEAFF	TRBV6-5	TRBJ1-1	CLVDNTGGFKTIF	Donor AJD3280:IEL TCRab CD8ab TRM	1
CASSPRTGASDRNYGYTF	TRBV6-5	TRBJ1-2	CLVGDRTGTASKLTF	Donor AJD3280:IEL TCRab CD8ab TRM	2
CASSLGLAGLFSTDTQYF	TRBV7-2	TRBJ2-3	CLVVASNTGKLIF	Donor AJD3280:IEL TCRab CD8ab TRM	1
CASSLGGGAEDEQYF	TRBV7-7	TRBJ2-7	CLVAYLGNAGKSTF	Donor AJD3280:IEL TCRab CD8ab TRM	1
CASSLWASGGAYNEQFF	TRBV7-8	TRBJ2-1	CHRGGEGAGNMLTF	Donor AJD3280:IEL TCRab CD8ab TRM	1
CASSLDISPYSNQPQHF	TRBV11-3	TRBJ1-5	CAVLGGSQGNLIF	Donor AJD3280:IEL TCRab CD8ab TRM	1
CASSLQDRVPNEQFF	TRBV12-3	TRBJ2-1	CAVPFGNTDKLIF	Donor AJD3280:IEL TCRab CD8ab TRM	1
CASSLGDGNEQFF	TRBV5-5	TRBJ2-1	CAVPMNYGGSQGNLIF	Donor AJD3280:IEL TCRab CD8ab TRM	1
CASSPTGTGELFF	TRBV7-4	TRBJ2-2	CAVNRRGTGNQFYF	Donor AJD3280:IEL TCRab CD8ab TRM	1
CASSLELWTPFTF	TRBV7-8	TRBJ1-2	CAGFMDSNYQLIW	Donor AJD3280:IEL TCRab CD8ab TRM	1
CASGDRTYSPLHF	TRBV7-8	TRBJ1-6	CAVPGVQGAQKLVF	Donor AJD3280:IEL TCRab CD8ab TRM	1
CAIRPQDRGDDTQYF	TRBV10-3	TRBJ2-3	CAESKGFQKLVF	Donor AJD3280:IEL TCRab CD8ab TRM	1
CAISGGLYNEQFF	TRBV10-3	TRBJ2-1	CAETGSARQLTF	Donor AJD3280:IEL TCRab CD8ab TRM	1
CASSLGAGTMNTEAFF	TRBV11-3	TRBJ1-1	CAERAYNTDKLIF	Donor AJD3280:IEL TCRab CD8ab TRM	1
CASVSRGGEQFF	TRBV12-5	TRBJ2-1	CAEYSSASKIIF	Donor AJD3280:IEL TCRab CD8ab TRM	1
CASSQDRGSGNTIYF	TRBV14	TRBJ1-3	CAEKSFGNEKLTF	Donor AJD3280:IEL TCRab CD8ab TRM	1
CATSSRQGSYEQYF	TRBV15	TRBJ2-7	CAESSTGGYQKVTF	Donor AJD3280:IEL TCRab CD8ab TRM	2
CSARTRMGEQFF	TRBV20-1	TRBJ2-1	CAEMIGGYQKVTF	Donor AJD3280:IEL TCRab CD8ab TRM	2
CSARGDAEYSNQPQHF	TRBV20-1	TRBJ1-5	CAEMNSGYSTLTF	Donor AJD3280:IEL TCRab CD8ab TRM	2
CSARIANSNQPQHF	TRBV20-1	TRBJ1-5	CAEMPSGYSTLTF	Donor AJD3280:IEL TCRab CD8ab TRM	1
CSASGGGDEQFF	TRBV20-1	TRBJ2-1	CAERIGGFKTIF	Donor AJD3280:IEL TCRab CD8ab TRM	1
CSARKLEGADTEAFF	TRBV20-1	TRBJ1-1	CARRPLGGYNKLIF	Donor AJD3280:IEL TCRab CD8ab TRM	1
CSVVVLVLGGDGYGYTF	TRBV29-1	TRBJ1-2	CAESINDYKLSF	Donor AJD3280:IEL TCRab CD8ab TRM	1
CASSNPTGGIYGYTF	TRBV3-1	TRBJ1-2	CAESMRNTDKLIF	Donor AJD3280:IEL TCRab CD8ab TRM	1
CASSLAGGSYEQYF	TRBV5-1	TRBJ2-7	CAEMNSGYSTLTF	Donor AJD3280:IEL TCRab CD8ab TRM	2
CASSTGTTLEQYF	TRBV5-4	TRBJ2-7	CAESIRGANNLFF	Donor AJD3280:IEL TCRab CD8ab TRM	1
CASSAGGRGTEAFF	TRBV5-6	TRBJ1-1	CAESIDTGGFKTIF	Donor AJD3280:IEL TCRab CD8ab TRM	1
CASTGTANYGYTF	TRBV5-6	TRBJ1-2	CAVGGNSGYALNF	Donor AJD3280:IEL TCRab CD8ab TRM	2
CASSPRTSGGNEQFF	TRBV6-2	TRBJ2-1	CAESSPGKLIF	Donor AJD3280:IEL TCRab CD8ab TRM	1
CASSYFLGANEQYF	TRBV6-5	TRBJ2-7	CAESFNAGNNRKLIW	Donor AJD3280:IEL TCRab CD8ab TRM	3
CASSYSTVASGNTIYF	TRBV6-6	TRBJ1-3	CDSDKLIF	Donor AJD3280:IEL TCRab CD8ab TRM	2
CASSPLRQGNTEAFF	TRBV7-2	TRBJ1-1	CAVDNYGQNFVF	Donor AJD3280:IEL TCRab CD8ab TRM	2
CASSFAGGLSNEQFF	TRBV7-3	TRBJ2-1	CAVPRRSGYALNF	Donor AJD3280:IEL TCRab CD8ab TRM	1
CASSLGGGGNTGELFF	TRBV11-2	TRBJ2-2	CAPSDNYGQNFVF	Donor AJD3280:IEL TCRab CD8ab TRM	1
CASSTGGTANTEAFF	TRBV18	TRBJ1-1	CALISGNTPLVF	Donor AJD3280:IEL TCRab CD8ab TRM	3
CASSIGRSTNEKLFF	TRBV19	TRBJ1-4	CALHASGGSYIPTF	Donor AJD3280:IEL TCRab CD8ab TRM	1
CSARDISGGAHVGEQFF	TRBV20-1	TRBJ2-1	CALPGGSYIPTF	Donor AJD3280:IEL TCRab CD8ab TRM	1
CASTLGGGQETQYF	TRBV3-1	TRBJ2-5	CALGGQGSSNTGKLIF	Donor AJD3280:IEL TCRab CD8ab TRM	1
CASNTGGSAGELFF	TRBV3-1	TRBJ2-2	CARQTSGGGADGLTF	Donor AJD3280:IEL TCRab CD8ab TRM	1
CAWSGGAAGGNTGELFF	TRBV30	TRBJ2-2	CALDEDYKLSF	Donor AJD3280:IEL TCRab CD8ab TRM	1
CASSQDDRGRQPQHF	TRBV4-1	TRBJ1-5	CALPPNDYKLSF	Donor AJD3280:IEL TCRab CD8ab TRM	1
CASSLGAGEQYF	TRBV5-1	TRBJ2-7	CALASGTYKYIF	Donor AJD3280:IEL TCRab CD8ab TRM	1
CASSGTGFSGNTIYF	TRBV5-1	TRBJ1-3	CALFNNAGNMLTF	Donor AJD3280:IEL TCRab CD8ab TRM	2
CASSTGTAEAFF	TRBV5-6	TRBJ1-1	CALTGYNTDKLIF	Donor AJD3280:IEL TCRab CD8ab TRM	1
CASSLNFDSPLHF	TRBV7-2	TRBJ1-6	CAFTPFSGGYNKLIF	Donor AJD3280:IEL TCRab CD8ab TRM	1
CASSPLPGQGAGEQYF	TRBV7-2	TRBJ2-7	CALGGTYKYIF	Donor AJD3280:IEL TCRab CD8ab TRM	2
CASSLGGNVDSPLHF	TRBV7-2	TRBJ1-6	CAPMDSSYKLIF	Donor AJD3280:IEL TCRab CD8ab TRM	1
CASSLGGTENTEAFF	TRBV7-2	TRBJ1-1	CARPGYSSASKIIF	Donor AJD3280:IEL TCRab CD8ab TRM	1
CASSLAGLSNTGELFF	TRBV7-3	TRBJ2-2	CALDGTYSSASKIIF	Donor AJD3280:IEL TCRab CD8ab TRM	1
CASSLSGGVIGSNTEAFF	TRBV7-3	TRBJ1-1	CALGNYGGSQGNLIF	Donor AJD3280:IEL TCRab CD8ab TRM	1
CASSQHSYEQYF	TRBV11-2	TRBJ2-7	CAVNNNAGNMLTF	Donor AJD3280:IEL TCRab CD8ab TRM	1
CASSGGGWADGNTIYF	TRBV11-2	TRBJ1-3	CAVTPYNNARLMF	Donor AJD3280:IEL TCRab CD8ab TRM	6
CASSFQLGNEQFF	TRBV12-4	TRBJ2-1	CAVNGPALIF	Donor AJD3280:IEL TCRab CD8ab TRM	1
CASSQLEYTQYF	TRBV3-1	TRBJ2-3	CAVNGGARLMF	Donor AJD3280:IEL TCRab CD8ab TRM	3
CASSPGVGTEAFF	TRBV4-1	TRBJ1-1	CAVNGGSSNTGKLIF	Donor AJD3280:IEL TCRab CD8ab TRM	1
CASSQKRGGSYNEQFF	TRBV4-2	TRBJ2-1	CAVTRTPGGGNKLTF	Donor AJD3280:IEL TCRab CD8ab TRM	1
CASSQVLSNEQFF	TRBV4-3	TRBJ2-1	CAVSLNNNARLMF	Donor AJD3280:IEL TCRab CD8ab TRM	5
CASSLTGDWTDTQYF	TRBV5-4	TRBJ2-3	CAALNNAGNMLTF	Donor AJD3280:IEL TCRab CD8ab TRM	1
CASSQDRAETQYF	TRBV5-4	TRBJ2-5	CADAGGTSYGKLTF	Donor AJD3280:IEL TCRab CD8ab TRM	3
CASSLIQGLAEAFF	TRBV5-6	TRBJ1-1	CAVNADFNKFYF	Donor AJD3280:IEL TCRab CD8ab TRM	1
CASSEGGGNTEAFF	TRBV6-1	TRBJ1-1	CAVNDVEEYGNKLVF	Donor AJD3280:IEL TCRab CD8ab TRM	1
CASSYSGLAGAYNEQFF	TRBV6-5	TRBJ2-1	CAVIQESNFGNEKLTF	Donor AJD3280:IEL TCRab CD8ab TRM	1
CASSSLATDTQYF	TRBV7-7	TRBJ2-3	CAVNPTGGGNKLTF	Donor AJD3280:IEL TCRab CD8ab TRM	1
CASSPTGLAYEQYF	TRBV7-9	TRBJ2-7	CAVNFGNEKLTF	Donor AJD3280:IEL TCRab CD8ab TRM	1
CASSVTPYEQYF	TRBV11-2	TRBJ2-7	CVVSPMNTGFQKLVF	Donor AJD3280:IEL TCRab CD8ab TRM	2
CASNEGAQPQHF	TRBV19	TRBJ1-5	CVVSQYNFNKFYF	Donor AJD3280:IEL TCRab CD8ab TRM	1
CASSEWAGNTIYF	TRBV2	TRBJ1-3	CVVSYTGNQFYF	Donor AJD3280:IEL TCRab CD8ab TRM	1
CSAELAGGPNNEQFF	TRBV20-1	TRBJ2-1	CVVTPSGGYQKVTF	Donor AJD3280:IEL TCRab CD8ab TRM	1
CASSLSTGNTEAFF	TRBV4-1	TRBJ1-1	CVVSDRSNDMRF	Donor AJD3280:IEL TCRab CD8ab TRM	2
CASRPGLQETQYF	TRBV6-2	TRBJ2-5	CVVTYTGKLIF	Donor AJD3280:IEL TCRab CD8ab TRM	1
CASSPGAATYYEQYF	TRBV6-5	TRBJ2-7	CVVSDQSGYSTLTF	Donor AJD3280:IEL TCRab CD8ab TRM	1
CASSLGGQLFF	TRBV11-2	TRBJ1-4	CAVAPNNAGNMLTF	Donor AJD3280:IEL TCRab CD8ab TRM	1
CASSLVGGQFF	TRBV12-3	TRBJ2-1	CAVGENTGTASKLTF	Donor AJD3280:IEL TCRab CD8ab TRM	2
CASSPGTRNTGELFF	TRBV13	TRBJ2-2	CAVAPGGATNKLIF	Donor AJD3280:IEL TCRab CD8ab TRM	1
CATRLSPGEKLFF	TRBV15	TRBJ1-4	CAVGGSNTDKLIF	Donor AJD3280:IEL TCRab CD8ab TRM	2
CATSRDETRGKNIQYF	TRBV15	TRBJ2-4	CAVGHYGQNFVF	Donor AJD3280:IEL TCRab CD8ab TRM	1
CASSPPQGLEAFF	TRBV18	TRBJ1-1	CAVVSGANNLFF	Donor AJD3280:IEL TCRab CD8ab TRM	1
CASSVQRFYEQYF	TRBV2	TRBJ2-7	CAVGAVSYNTDKLIF	Donor AJD3280:IEL TCRab CD8ab TRM	1
CATSDPQTGEETQYF	TRBV24-1	TRBJ2-5	CAVGPLDSWGKLQF	Donor AJD3280:IEL TCRab CD8ab TRM	1
CASSLSERGGWFF	TRBV27	TRBJ2-1	CAVGGSNDYKLSF	Donor AJD3280:IEL TCRab CD8ab TRM	1
CASSLYPGLSWETQYF	TRBV27	TRBJ2-5	CAVGPPEGGNQFYF	Donor AJD3280:IEL TCRab CD8ab TRM	3
CASSPTVYEQYF	TRBV27	TRBJ2-7	CAVVEDNYGQNFVF	Donor AJD3280:IEL TCRab CD8ab TRM	1
CSVFGGGRNEQFF	TRBV29-1	TRBJ2-1	CAVGAANYGQNFVF	Donor AJD3280:IEL TCRab CD8ab TRM	1
CASSQGYDYEQYF	TRBV3-1	TRBJ2-7	CAVGGSQGNLIF	Donor AJD3280:IEL TCRab CD8ab TRM	1
CAWSGQGKETQYF	TRBV30	TRBJ2-5	CAVANTGFQKLVF	Donor AJD3280:IEL TCRab CD8ab TRM	1
CASSLVQGSMNTEAFF	TRBV5-1	TRBJ1-1	CAVGASNQAGTALIF	Donor AJD3280:IEL TCRab CD8ab TRM	3
CASSPGLAVVTDTQYF	TRBV5-1	TRBJ2-3	CAVGEEGGGYGGSQGNLIF	Donor AJD3280:IEL TCRab CD8ab TRM	1
CASSLESSLDEQFF	TRBV5-1	TRBJ2-1	CAVGPYGNNRLAF	Donor AJD3280:IEL TCRab CD8ab TRM	1
CASSSRQANTGELFF	TRBV5-4	TRBJ2-2	CAVGGVTGTASKLTF	Donor AJD3280:IEL TCRab CD8ab TRM	1
CASSFKAFQETQYF	TRBV5-6	TRBJ2-5	CAVGATGGFKTIF	Donor AJD3280:IEL TCRab CD8ab TRM	1
CASSVPGGLEAFF	TRBV5-6	TRBJ1-1	CCKAAGNKLTF	Donor AJD3280:IEL TCRab CD8ab TRM	1
CASTQTENYGYTF	TRBV6-1	TRBJ1-2	CAVSTSGTYKYIF	Donor AJD3280:IEL TCRab CD8ab TRM	1
CASSPQGDEKLFF	TRBV6-2	TRBJ1-4	CAVGPLQFYF	Donor AJD3280:IEL TCRab CD8ab TRM	2
CASTADDYEQYF	TRBV6-2	TRBJ2-7	CAVWYGSNYKLTF	Donor AJD3280:IEL TCRab CD8ab TRM	2
CASRGLAGYEQYF	TRBV6-5	TRBJ2-7	CAVGYTGTASKLTF	Donor AJD3280:IEL TCRab CD8ab TRM	1
CASSLGAADTQYF	TRBV7-2	TRBJ2-3	CAVSSYSNSGYALNF	Donor AJD3280:IEL TCRab CD8ab TRM	1
CASSLGWGNEQFF	TRBV7-8	TRBJ2-1	CAVGGSTSGTYKYIF	Donor AJD3280:IEL TCRab CD8ab TRM	1
CASSVGGNTEAFF	TRBV9	TRBJ1-1	CAVGAKSNTGKLIF	Donor AJD3280:IEL TCRab CD8ab TRM	1
CASSLDNTEAFF	TRBV11-3	TRBJ1-1	CAVKAGGGNKLTF	Donor AJD3280:IEL TCRab CD8ab TRM	1
CASSQAFGISGGGWSEQYF	TRBV14	TRBJ2-7	CAVLNYGGSQGNLIF	Donor AJD3280:IEL TCRab CD8ab TRM	1
CASSQGGGLSYEQYF	TRBV4-2	TRBJ2-7	CAVSDEGSGSRLTF	Donor AJD3280:IEL TCRab CD8ab TRM	1
CASTPGEAKNIQYF	TRBV5-1	TRBJ2-4	CASLGNNNDMRF	Donor AJD3280:IEL TCRab CD8ab TRM	1
CASRMNRDRFTDTQYF	TRBV5-1	TRBJ2-3	CAVGNGQKLLF	Donor AJD3280:IEL TCRab CD8ab TRM	1
CASSLDRGSTTEAFF	TRBV5-4	TRBJ1-1	CAVSEGSSASKIIF	Donor AJD3280:IEL TCRab CD8ab TRM	1
CASSPDEGPTYNEQFF	TRBV5-4	TRBJ2-1	CAVSVGSGGGADGLTF	Donor AJD3280:IEL TCRab CD8ab TRM	1
CASSWTSRYEQYF	TRBV6-1	TRBJ2-7	CAVSDRTGTASKLTF	Donor AJD3280:IEL TCRab CD8ab TRM	1
CASSYPTGGNSPLHF	TRBV6-2	TRBJ1-6	CAVRNDYKLSF	Donor AJD3280:IEL TCRab CD8ab TRM	1
CASSTGFGNEQFF	TRBV6-2	TRBJ2-1	CAVSAYQAGTALIF	Donor AJD3280:IEL TCRab CD8ab TRM	1
CASSYSGGYGYTF	TRBV6-5	TRBJ1-2	CAVRTGNQFYF	Donor AJD3280:IEL TCRab CD8ab TRM	1
CASSLCQEEGETSPLHF	TRBV7-2	TRBJ1-6	CAVAHSWGKLQF	Donor AJD3280:IEL TCRab CD8ab TRM	1
CASSSTETQYF	TRBV7-2	TRBJ2-5	CAVSSYSSASKIIF	Donor AJD3280:IEL TCRab CD8ab TRM	1
CASSLGAFGQGDETQYF	TRBV7-3	TRBJ2-5	CAVIYNQGGKLIF	Donor AJD3280:IEL TCRab CD8ab TRM	2
CASSLQVSGGATSYEQYF	TRBV7-8	TRBJ2-7	CARTGGGNKLTF	Donor AJD3280:IEL TCRab CD8ab TRM	1
CASSQALGGGSLSETQYF	TRBV7-8	TRBJ2-5	CAVSEGSSASKIIF	Donor AJD3280:IEL TCRab CD8ab TRM	1
CASMGEETQYF	TRBV7-9	TRBJ2-5	CAVGRTNFGNEKLTF	Donor AJD3280:IEL TCRab CD8ab TRM	1
CASSSDGGDYGYTF	TRBV9	TRBJ1-2	CAVSERGQKLLF	Donor AJD3280:IEL TCRab CD8ab TRM	1
CAITTEDSSYEQYF	TRBV10-3	TRBJ2-7	CAVSDITGGFKTIF	Donor AJD3280:IEL TCRab CD8ab TRM	1
CAISVDWYLSNEQFF	TRBV10-3	TRBJ2-1	CAVSDRDAGGTSYGKLTF	Donor AJD3280:IEL TCRab CD8ab TRM	1
CASSSYSYEQYF	TRBV11-2	TRBJ2-7	CALGVDKLIF	Donor AJD3280:IEL TCRab CD8ab TRM	1
CASRDSSSPLHF	TRBV12-3	TRBJ1-6	CAVMINDYKLSF	Donor AJD3280:IEL TCRab CD8ab TRM	1
CASSRTGANTEAFF	TRBV14	TRBJ1-1	CAVAGFQKLVF	Donor AJD3280:IEL TCRab CD8ab TRM	1
CATKKRMNTEAFF	TRBV15	TRBJ1-1	CAALTQGGSEKLVF	Donor AJD3280:IEL TCRab CD8ab TRM	1
CATSRVLLDTEAFF	TRBV15	TRBJ1-1	CAVMYNYGQNFVF	Donor AJD3280:IEL TCRab CD8ab TRM	1
CATRTLSAGGLQETQYF	TRBV15	TRBJ2-5	CAVSVGGSYIPTF	Donor AJD3280:IEL TCRab CD8ab TRM	1
CASSEDGLTEAFF	TRBV2	TRBJ1-1	CAVLNSGGYNKLIF	Donor AJD3280:IEL TCRab CD8ab TRM	1
CSAPLSGANVLTF	TRBV20-1	TRBJ2-6	CAVIIQGAQKLVF	Donor AJD3280:IEL TCRab CD8ab TRM	1
CASSGGLRNTEAFF	TRBV27	TRBJ1-1	CAVSDLGDSSYKLIF	Donor AJD3280:IEL TCRab CD8ab TRM	2
CASSSGVEQYF	TRBV27	TRBJ2-7	CAVSERNFNKFYF	Donor AJD3280:IEL TCRab CD8ab TRM	1
CSVYGSKFGYTF	TRBV29-1	TRBJ1-2	CAVSNYRDDKIIF	Donor AJD3280:IEL TCRab CD8ab TRM	1
CAWSVNLWGNEQYF	TRBV30	TRBJ2-7	CAVKRAVGTYKYIF	Donor AJD3280:IEL TCRab CD8ab TRM	4
CASSEAQNTQYF	TRBV6-1	TRBJ2-3	CAVRAQKLVF	Donor AJD3280:IEL TCRab CD8ab TRM	2
CASIDTRGGDTGELFF	TRBV6-2	TRBJ2-2	CAVRDLRSASKIIF	Donor AJD3280:IEL TCRab CD8ab TRM	3
CASYEGYEAFF	TRBV6-5	TRBJ1-1	CAVSPRDFNKFYF	Donor AJD3280:IEL TCRab CD8ab TRM	1
CASSLVSRAGGPPLHF	TRBV7-2	TRBJ1-6	CAVSDLRNTGNQFYF	Donor AJD3280:IEL TCRab CD8ab TRM	1
CASSLSPPDRSSYEQYF	TRBV7-2	TRBJ2-7	CAVTGAAGNKLTF	Donor AJD3280:IEL TCRab CD8ab TRM	1
CASSRQGAGHTEAFF	TRBV7-6	TRBJ1-1	CAVSCSGGGADGLTF	Donor AJD3280:IEL TCRab CD8ab TRM	1
CASMSLAEETQYF	TRBV7-7	TRBJ2-5	CAVCPQGGSEKLVF	Donor AJD3280:IEL TCRab CD8ab TRM	1
CASSQRVSGNTIYF	TRBV7-8	TRBJ1-3	CAVSVIGNEKLTF	Donor AJD3280:IEL TCRab CD8ab TRM	1
CASRGPGLAGTRGTQYF	TRBV7-9	TRBJ2-3	CAASGGSNYKLTF	Donor AJD3280:IEL TCRab CD8ab TRM	1
CASSPTDTRLQGNEQFF	TRBV7-9	TRBJ2-1	CAVKPGTASKLTF	Donor AJD3280:IEL TCRab CD8ab TRM	1
CASSSEGQPQHF	TRBV7-9	TRBJ1-5	CAVRGAQKLVF	Donor AJD3280:IEL TCRab CD8ab TRM	1
CAISDSGQSNQPQHF	TRBV10-3	TRBJ1-5	CALSDPSGGSYIPTF	Donor AJD3280:IEL TCRab CD8ab TRM	1
CASSLERDSYGYTF	TRBV11-2	TRBJ1-2	CALRGSNTGKLIF	Donor AJD3280:IEL TCRab CD8ab TRM	1
CASSLDSLGAVNTEAFF	TRBV11-3	TRBJ1-1	CALYGGSQGNLIF	Donor AJD3280:IEL TCRab CD8ab TRM	1
CASGQPGPGGETQYF	TRBV12-5	TRBJ2-5	CALLNNAGNMLTF	Donor AJD3280:IEL TCRab CD8ab TRM	1
CAVLAAGELFF	TRBV2	TRBJ2-2	CALSIIRKDGSQGNLIF	Donor AJD3280:IEL TCRab CD8ab TRM	1
CASSLTGSGELFF	TRBV27	TRBJ2-2	CALSDLRWTGNQFYF	Donor AJD3280:IEL TCRab CD8ab TRM	1
CSVVDYEQYF	TRBV29-1	TRBJ2-7	CASYSGNTPLVF	Donor AJD3280:IEL TCRab CD8ab TRM	1
CASSQDGRGGGSGNTIYF	TRBV3-1	TRBJ1-3	CALSDNYQLIW	Donor AJD3280:IEL TCRab CD8ab TRM	2
CASSQLMGETEAFF	TRBV4-1	TRBJ1-1	CALSEVWTGTYKYIF	Donor AJD3280:IEL TCRab CD8ab TRM	1
CASSQGLGGDTQYF	TRBV5-1	TRBJ2-3	CALSDHSGGSQGNLIF	Donor AJD3280:IEL TCRab CD8ab TRM	1
CASSLGFGQGGTEAFF	TRBV5-1	TRBJ1-1	CALSDPLDSGAGSYQLTF	Donor AJD3280:IEL TCRab CD8ab TRM	1
CASSYHQRDGYTF	TRBV6-2	TRBJ1-2	CALSPSNDYKLSF	Donor AJD3280:IEL TCRab CD8ab TRM	1
CASSRGDRTTEAFF	TRBV6-5	TRBJ1-1	CALSDPGGGNKLTF	Donor AJD3280:IEL TCRab CD8ab TRM	1
CQAHSPTGELFF	TRBV6-5	TRBJ2-2	CALSDREAGTALIF	Donor AJD3280:IEL TCRab CD8ab TRM	1
CASYSSYNEQFF	TRBV6-5	TRBJ2-1	CALSDYASGSRLTF	Donor AJD3280:IEL TCRab CD8ab TRM	1
CASSPLRQGNTEAFF	TRBV7-2	TRBJ1-1	CALSDPSGGSYIPTF	Donor AJD3280:IEL TCRab CD8ab TRM	1
CASSTDRGRVTEAFF	TRBV7-9	TRBJ1-1	CALSQYSSASKIIF	Donor AJD3280:IEL TCRab CD8ab TRM	1
CASSSPSGTGSREAFF	TRBV7-9	TRBJ1-1	CALSVNPPGNQFYF	Donor AJD3280:IEL TCRab CD8ab TRM	2
CASSLEGWGTGSYEQYF	TRBV7-9	TRBJ2-7	CAPANDYKLSF	Donor AJD3280:IEL TCRab CD8ab TRM	1
CATSRATGSSSGANVLTF	TRBV15	TRBJ2-6	CAVLDSNYQLIW	Donor AJD3280:L TCRab CD8ab MAIT	1
CATSSAGEADTQYF	TRBV15	TRBJ2-3	CAVLDSNYQLIW	Donor AJD3280:L TCRab CD8ab MAIT	1
CASSPDGVSGANVLTF	TRBV19	TRBJ2-6	CAAMDSNYQLIW	Donor AJD3280:L TCRab CD8ab MAIT	1
CASSIDAGSGANVLTF	TRBV19	TRBJ2-6	CAASDSNYQLIW	Donor AJD3280:L TCRab CD8ab MAIT	2
CSASEAGGIYEQYF	TRBV20-1	TRBJ2-7	CAFMDSNYQLIW	Donor AJD3280:L TCRab CD8ab MAIT	1
CSARSDKDYEQYF	TRBV20-1	TRBJ2-7	CAVDDSNYQLIW	Donor AJD3280:L TCRab CD8ab MAIT	1
CSARGGRDYEQYF	TRBV20-1	TRBJ2-7	CAVEDSNYQLIW	Donor AJD3280:L TCRab CD8ab MAIT	1
CSAKSGGAIETQYF	TRBV20-1	TRBJ2-5	CAVMDSNYQLIW	Donor AJD3280:L TCRab CD8ab MAIT	1
CSARGQGPGETQYF	TRBV20-1	TRBJ2-5	CAVMDSNYQLIW	Donor AJD3280:L TCRab CD8ab MAIT	1
CSARLAGGQETQYF	TRBV20-1	TRBJ2-5	CAVMDSNYQLIW	Donor AJD3280:L TCRab CD8ab MAIT	1
CSGRGDRDYEQYF	TRBV20-1	TRBJ2-7	CAVRDSNYQLIW	Donor AJD3280:L TCRab CD8ab MAIT	1
CSARARDYEQYF	TRBV20-1	TRBJ2-7	CAVSDSNYQLIW	Donor AJD3280:L TCRab CD8ab MAIT	1
CSAREARETETQYF	TRBV20-1	TRBJ2-5	CAVTDSNYQLIW	Donor AJD3280:L TCRab CD8ab MAIT	1
CSARGEGHTEAFF	TRBV20-1	TRBJ1-1	CAVVDSNYQLIW	Donor AJD3280:L TCRab CD8ab MAIT	2
CSAKRGLETEAFF	TRBV20-1	TRBJ1-1	CAYMDSNYQLIW	Donor AJD3280:L TCRab CD8ab MAIT	1
CSARGSRDYEQYF	TRBV20-1	TRBJ2-7	CVPMDSNYQLIW	Donor AJD3280:L TCRab CD8ab MAIT	1
CATSDETGETTGELFF	TRBV24-1	TRBJ2-2	CAVRDRDYQLIW	Donor AJD3280:L TCRab CD8ab MAIT	1
CASSQAGGPADTQYF	TRBV3-1	TRBJ2-3	CAVRDSNYQLIW	Donor AJD3280:L TCRab CD8ab MAIT	1
CASSQGEGDLDTQYF	TRBV3-1	TRBJ2-3	CAVWDSNYQLIW	Donor AJD3280:L TCRab CD8ab MAIT	1
CAWSSDPGGGSPLHF	TRBV30	TRBJ1-6	CAVKDSNYQLIW	Donor AJD3280:L TCRab CD8ab MAIT	1
CASSQGGGGASDTQYF	TRBV4-2	TRBJ2-3	CAVEDSNYQLIW	Donor AJD3280:L TCRab CD8ab MAIT	1
CASSQGTGETDTQYF	TRBV4-2	TRBJ2-3	CAVTDSNYQLIW	Donor AJD3280:L TCRab CD8ab MAIT	1
CASSQDPPGSGNTIYF	TRBV4-3	TRBJ1-3	CAVKDSSYKLIF	Donor AJD3280:L TCRab CD8ab MAIT	1
CASSQGTTSSGANVLTF	TRBV4-3	TRBJ2-6	CAVMDSNYQLIW	Donor AJD3280:L TCRab CD8ab MAIT	1
CASSPGLAGGPGTDTQYF	TRBV4-3	TRBJ2-3	CAVRDSNYQLIW	Donor AJD3280:L TCRab CD8ab MAIT	1
CASSPSHEPGELFF	TRBV4-3	TRBJ2-2	CAVRDSNYQLIW	Donor AJD3280:L TCRab CD8ab MAIT	1
CASSQAPSGGGTDTQYF	TRBV4-3	TRBJ2-3	CAVRDSNYQLIW	Donor AJD3280:L TCRab CD8ab MAIT	1
CASSVQGGSYNEQFF	TRBV6-1	TRBJ2-1	CAFMDSNYQLIW	Donor AJD3280:L TCRab CD8ab MAIT	1
CASSSTGENSPLHF	TRBV6-1	TRBJ1-6	CAIMDSNYQLIW	Donor AJD3280:L TCRab CD8ab MAIT	1
CASSDREPGGNTIYF	TRBV6-1	TRBJ1-3	CAPMDSNYQLIW	Donor AJD3280:L TCRab CD8ab MAIT	1
CASSEAGRESATQYF	TRBV6-1	TRBJ2-5	CAVKDSNYQLIW	Donor AJD3280:L TCRab CD8ab MAIT	3
CASSDHTGDNEKLFF	TRBV6-1	TRBJ1-4	CAVMDSNYQLIW	Donor AJD3280:L TCRab CD8ab MAIT	1
CASSDLVDRGGEKLFF	TRBV6-1	TRBJ1-4	CAVMDSNYQLIW	Donor AJD3280:L TCRab CD8ab MAIT	1
CASSEAAGASYEQYF	TRBV6-1	TRBJ2-7	CAVMDSNYQLIW	Donor AJD3280:L TCRab CD8ab MAIT	1
CASSEASGGAETQYF	TRBV6-1	TRBJ2-5	CAVMDSSYKLIF	Donor AJD3280:L TCRab CD8ab MAIT	1
CASSELAGGQETQYF	TRBV6-1	TRBJ2-5	CAVMDSSYKLIF	Donor AJD3280:L TCRab CD8ab MAIT	1
CASSETSGGPDEQYF	TRBV6-1	TRBJ2-7	CAVMDSSYKLIF	Donor AJD3280:L TCRab CD8ab MAIT	1
CASSQLLAGGPTDTQYF	TRBV6-1	TRBJ2-3	CAVMDSSYKLIF	Donor AJD3280:L TCRab CD8ab MAIT	1
CASSEQAGGQETQYF	TRBV6-1	TRBJ2-5	CAVRDEDYKLSF	Donor AJD3280:L TCRab CD8ab MAIT	1
CASSAVSGEYYEQYF	TRBV6-1	TRBJ2-7	CAVRDGAYQLIW	Donor AJD3280:L TCRab CD8ab MAIT	1
CASSELAGGQETQYF	TRBV6-1	TRBJ2-5	CAVRDNDYKLSF	Donor AJD3280:L TCRab CD8ab MAIT	1
CASSEAGAGSDTQYF	TRBV6-1	TRBJ2-3	CAVRDSNYQLIW	Donor AJD3280:L TCRab CD8ab MAIT	2
CASSEEAGGPNEQFF	TRBV6-1	TRBJ2-1	CAVRDSNYQLIW	Donor AJD3280:L TCRab CD8ab MAIT	1
CASSEISGGADTQYF	TRBV6-1	TRBJ2-3	CAVRDSNYQLIW	Donor AJD3280:L TCRab CD8ab MAIT	1
CASSEPGDSSYEQYF	TRBV6-1	TRBJ2-7	CAVRDSNYQLIW	Donor AJD3280:L TCRab CD8ab MAIT	1
CASSPRDTETQYF	TRBV6-2	TRBJ2-5	CAAMDSNYQLIW	Donor AJD3280:L TCRab CD8ab MAIT	1
CASSTGTAADEQYF	TRBV6-2	TRBJ2-7	CAPMDSNYQLIW	Donor AJD3280:L TCRab CD8ab MAIT	1
CASSYDVTGVYEQYF	TRBV6-2	TRBJ2-7	CAVIDSNYQLIW	Donor AJD3280:L TCRab CD8ab MAIT	1
CASSSTSGGAETQYF	TRBV6-2	TRBJ2-5	CAVKDSNYQLIW	Donor AJD3280:L TCRab CD8ab MAIT	2
CASSYSADSWNQPQHF	TRBV6-2	TRBJ1-5	CAVLDSNYQLIW	Donor AJD3280:L TCRab CD8ab MAIT	1
CASSTGTGGADTQYF	TRBV6-2	TRBJ2-3	CAVMDSNYQLIW	Donor AJD3280:L TCRab CD8ab MAIT	1
CASSYSESIDEQFF	TRBV6-2	TRBJ2-1	CAVMDSNYQLIW	Donor AJD3280:L TCRab CD8ab MAIT	2
CASSYSGGSYNEQFF	TRBV6-2	TRBJ2-1	CAVMDSNYQLIW	Donor AJD3280:L TCRab CD8ab MAIT	1
CASSYSDNYGYTF	TRBV6-2	TRBJ1-2	CAVMDSSYKLIF	Donor AJD3280:L TCRab CD8ab MAIT	1
CASSPGTGVSEQYF	TRBV6-2	TRBJ2-7	CAVRDHNTNAGKSTF	Donor AJD3280:L TCRab CD8ab MAIT	1
CASSHRENTEAFF	TRBV6-2	TRBJ1-1	CAVRDSNYQLIW	Donor AJD3280:L TCRab CD8ab MAIT	2
CASSYAQASYEQYF	TRBV6-2	TRBJ2-7	CAVRDSNYQLIW	Donor AJD3280:L TCRab CD8ab MAIT	2
CASSYDTNTGELFF	TRBV6-2	TRBJ2-2	CAVRDSNYQLIW	Donor AJD3280:L TCRab CD8ab MAIT	1
CASSYLGGDSSDEQYF	TRBV6-2	TRBJ2-7	CAVRDSNYQLIW	Donor AJD3280:L TCRab CD8ab MAIT	8
CASSEGGSTDTQYF	TRBV6-4	TRBJ2-3	CAALDSNYQLIW	Donor AJD3280:L TCRab CD8ab MAIT	1
CASSAGESETQYF	TRBV6-4	TRBJ2-5	CAGMDSNYQLIW	Donor AJD3280:L TCRab CD8ab MAIT	1
CASSDSVGSTDTQYF	TRBV6-4	TRBJ2-3	CAGMDSNYQLIW	Donor AJD3280:L TCRab CD8ab MAIT	1
CASSVQGGSSTDTQYF	TRBV6-4	TRBJ2-3	CAVLDSNYQLIW	Donor AJD3280:L TCRab CD8ab MAIT	1
CASSDEPGGTDTQYF	TRBV6-4	TRBJ2-3	CAVLPGDYKLSF	Donor AJD3280:L TCRab CD8ab MAIT	1
CASSDGGGTDTQYF	TRBV6-4	TRBJ2-3	CAVMDSNYQLIW	Donor AJD3280:L TCRab CD8ab MAIT	1
CASSTSGGTDTQYF	TRBV6-4	TRBJ2-3	CAVMDSNYQLIW	Donor AJD3280:L TCRab CD8ab MAIT	3
CASSDGSGANVLTF	TRBV6-4	TRBJ2-6	CAVRDEDYKLSF	Donor AJD3280:L TCRab CD8ab MAIT	2
CASAPTYTGELFF	TRBV6-4	TRBJ2-2	CAVRDGDYKLSF	Donor AJD3280:L TCRab CD8ab MAIT	1
CASSDGSGGANEQFF	TRBV6-4	TRBJ2-1	CAVRDGDYKLSF	Donor AJD3280:L TCRab CD8ab MAIT	1
CASSVSENTEAFF	TRBV6-4	TRBJ1-1	CAVRDGDYKLSF	Donor AJD3280:L TCRab CD8ab MAIT	1
CASGVTGTDTQYF	TRBV6-4	TRBJ2-3	CAVRDGDYQLIW	Donor AJD3280:L TCRab CD8ab MAIT	3
CASSDSGEHEQFF	TRBV6-4	TRBJ2-1	CAVRDSNYQLIW	Donor AJD3280:L TCRab CD8ab MAIT	1
CASSGHSGEGYNEQFF	TRBV6-4	TRBJ2-1	CAVRDSNYQLIW	Donor AJD3280:L TCRab CD8ab MAIT	1
CASSEGAGDAYEQYF	TRBV6-4	TRBJ2-7	CAVRDTDYKLSF	Donor AJD3280:L TCRab CD8ab MAIT	1
CASSDSEEGTSKYF	TRBV6-4	TRBJ2-3	CAVVDSSYKLIF	Donor AJD3280:L TCRab CD8ab MAIT	1
CASSKTTGEGQLYGYTF	TRBV6-5	TRBJ1-2	CAAMDSNYQLIW	Donor AJD3280:L TCRab CD8ab MAIT	1
CASRLFPSRRRREKLFF	TRBV6-5	TRBJ1-4	CALMDSNYQLIW	Donor AJD3280:L TCRab CD8ab MAIT	1
CASSQTSGGPETQYF	TRBV6-5	TRBJ2-5	CAVMDSNYQLIW	Donor AJD3280:L TCRab CD8ab MAIT	4
CSARDTVSSYEQYF	TRBV20-1	TRBJ2-7	CAVALNSGNTPLVF	Donor AJD3280:L TCRab CD8ab Naive/TCM	1
CASSQGGRAYEQYF	TRBV4-1	TRBJ2-7	CAVRDRDTDKLIF	Donor AJD3280:L TCRab CD8ab Naive/TCM	1
CASSARTGPGYTF	TRBV9	TRBJ1-2	CAVAYSGAGSYQLTF	Donor AJD3280:L TCRab CD8ab Naive/TCM	1
CASSGETQYF	TRBV18	TRBJ2-5	CAVGDFNKFYF	Donor AJD3280:L TCRab CD8ab Naive/TCM	1
CSARDGAATYEQYF	TRBV20-1	TRBJ2-7	CAVEGGFGNVLHC	Donor AJD3280:L TCRab CD8ab Naive/TCM	1
CSAGPGTSGASEQFF	TRBV20-1	TRBJ2-1	CAVRAYNTDKLIF	Donor AJD3280:L TCRab CD8ab Naive/TCM	1
CSAPTGIMEETQYF	TRBV20-1	TRBJ2-5	CAVRRGNTDKLIF	Donor AJD3280:L TCRab CD8ab Naive/TCM	1
CSARARGEDEQYF	TRBV20-1	TRBJ2-7	CAVRSGGSYIPTF	Donor AJD3280:L TCRab CD8ab Naive/TCM	1
CASSQTLSYEQYF	TRBV3-1	TRBJ2-7	CAVRDRGGGNYQLIW	Donor AJD3280:L TCRab CD8ab Naive/TCM	1
CASSVRDRVHEQYF	TRBV3-1	TRBJ2-7	CAVRDWNDYKLSF	Donor AJD3280:L TCRab CD8ab Naive/TCM	1
CASSQDTTGAIQETQYF	TRBV4-1	TRBJ2-5	CAVNDSWGKLQF	Donor AJD3280:L TCRab CD8ab Naive/TCM	1
CASSLGGVGTDTQYF	TRBV5-1	TRBJ2-3	CAVRALLNYGQNFVF	Donor AJD3280:L TCRab CD8ab Naive/TCM	1
CASSPLGQGGQPQHF	TRBV7-8	TRBJ1-5	CAVSRQAGTALIF	Donor AJD3280:L TCRab CD8ab Naive/TCM	1
CASSTGQGDEKLFF	TRBV7-9	TRBJ1-4	CASGPGGYNKLIF	Donor AJD3280:L TCRab CD8ab Naive/TCM	1
CASSSASGLVQETQYF	TRBV7-9	TRBJ2-5	CAVSGGYQKVTF	Donor AJD3280:L TCRab CD8ab Naive/TCM	1
CASSPGQAGTDTQYF	TRBV9	TRBJ2-3	CAVRPTNNAGNMLTF	Donor AJD3280:L TCRab CD8ab Naive/TCM	1
CASTQGSNQPQHF	TRBV12-4	TRBJ1-5	CVVSASNAGNMLTF	Donor AJD3280:L TCRab CD8ab Naive/TCM	1
CATSSDPHRGGNQPQHF	TRBV15	TRBJ1-5	CVVSLLTDSWGKLQF	Donor AJD3280:L TCRab CD8ab Naive/TCM	1
CASSSRQELAKNIQYF	TRBV27	TRBJ2-4	CVVNTGGFKTIF	Donor AJD3280:L TCRab CD8ab Naive/TCM	1
CASSSAMNTEAFF	TRBV27	TRBJ1-1	CVVPMEYGNKLVF	Donor AJD3280:L TCRab CD8ab Naive/TCM	1
CASSSTSGGAKYEQYF	TRBV27	TRBJ2-7	CVVSAIRPRAGNMLTF	Donor AJD3280:L TCRab CD8ab Naive/TCM	1
CASSVGAAGAYEQYF	TRBV9	TRBJ2-7	CVVSNTGGNKLTF	Donor AJD3280:L TCRab CD8ab Naive/TCM	1
CASSEQKGLITEAFF	TRBV9	TRBJ1-1	CVVSRPASGGSYIPTF	Donor AJD3280:L TCRab CD8ab Naive/TCM	1
CAISESPTGDGYTF	TRBV10-3	TRBJ1-2	CVVNVGRALTF	Donor AJD3280:L TCRab CD8ab Naive/TCM	1
CSAADRHTGELFF	TRBV20-1	TRBJ2-2	CVVADSSYKLIF	Donor AJD3280:L TCRab CD8ab Naive/TCM	1
CSAAGTVVGGELFF	TRBV20-1	TRBJ2-2	CVVSFILTSGTYKYIF	Donor AJD3280:L TCRab CD8ab Naive/TCM	1
CATTSNTGELFF	TRBV24-1	TRBJ2-2	CVVNSPGGYNKLIF	Donor AJD3280:L TCRab CD8ab Naive/TCM	1
CSGGPRGARGYTF	TRBV29-1	TRBJ1-2	CVAFYKVIF	Donor AJD3280:L TCRab CD8ab Naive/TCM	1
CSVRQDTAQYF	TRBV29-1	TRBJ2-5	CVVNIRGFIIQGAQKLVF	Donor AJD3280:L TCRab CD8ab Naive/TCM	1
CASSQAPSGGGNEQFF	TRBV4-3	TRBJ2-1	CVVNRGDDKIIF	Donor AJD3280:L TCRab CD8ab Naive/TCM	1
CASSSGSGNSPLHF	TRBV5-1	TRBJ1-6	CVVNNNNRKLIW	Donor AJD3280:L TCRab CD8ab Naive/TCM	1
CASGQDREGQETQYF	TRBV5-4	TRBJ2-5	CVVNDSSASKIIF	Donor AJD3280:L TCRab CD8ab Naive/TCM	1
CAIQGTNEQFF	TRBV6-2	TRBJ2-1	CVVETTSGTYKYIF	Donor AJD3280:L TCRab CD8ab Naive/TCM	1
CASSYELGGGQETQYF	TRBV6-2	TRBJ2-5	CVVNKRADSWGKLQF	Donor AJD3280:L TCRab CD8ab Naive/TCM	1
CAGAAGGSYEQYF	TRBV7-9	TRBJ2-7	CVVISGSARQLTF	Donor AJD3280:L TCRab CD8ab Naive/TCM	1
CASGRPNTGELFF	TRBV7-9	TRBJ2-2	CVVNKGDYGGSQGNLIF	Donor AJD3280:L TCRab CD8ab Naive/TCM	1
CASSLVWAGTGGLDTQYF	TRBV7-9	TRBJ2-3	CVVNSNSGYALNF	Donor AJD3280:L TCRab CD8ab Naive/TCM	1
CASSVVGLATYNEQFF	TRBV9	TRBJ2-1	CVVNEGANNLFF	Donor AJD3280:L TCRab CD8ab Naive/TCM	1
CATTQGKMNTEAFF	TRBV10-3	TRBJ1-1	CAVTNDYKLSF	Donor AJD3280:L TCRab CD8ab Naive/TCM	1
CASSSRDRGIDEQYF	TRBV11-3	TRBJ2-7	CAVNPGQNFVF	Donor AJD3280:L TCRab CD8ab Naive/TCM	1
CASGLVQGANTGELFF	TRBV12-5	TRBJ2-2	CAVRVGGFKTIF	Donor AJD3280:L TCRab CD8ab Naive/TCM	1
CASSSKRLAGVTDTQYF	TRBV13	TRBJ2-3	CAVGPMDSSYKLIF	Donor AJD3280:L TCRab CD8ab Naive/TCM	1
CASSEWGAETQYF	TRBV14	TRBJ2-5	CAVNSGGYQKVTF	Donor AJD3280:L TCRab CD8ab Naive/TCM	1
CASSDGTGGSEQYF	TRBV2	TRBJ2-7	CAAVISNFGNEKLTF	Donor AJD3280:L TCRab CD8ab Naive/TCM	1
CASSEEVSYNEQFF	TRBV2	TRBJ2-1	CAVNDNYGQNFVF	Donor AJD3280:L TCRab CD8ab Naive/TCM	1
CSASPEGGSSPLHF	TRBV20-1	TRBJ1-6	CAGNTGRRALTF	Donor AJD3280:L TCRab CD8ab Naive/TCM	1
CASSEYEGGANEQFF	TRBV25-1	TRBJ2-1	CAVKLGGTSYGKLTF	Donor AJD3280:L TCRab CD8ab Naive/TCM	1
CASRGRNQPQHF	TRBV27	TRBJ1-5	CAVRGSQGNLIF	Donor AJD3280:L TCRab CD8ab Naive/TCM	1
CASSLPPDKYEETQYF	TRBV28	TRBJ2-5	CAVKPWNAGGTSYGKLTF	Donor AJD3280:L TCRab CD8ab Naive/TCM	1
CSVEDGRVYGYTF	TRBV29-1	TRBJ1-2	CAVNSRNSGNTPLVF	Donor AJD3280:L TCRab CD8ab Naive/TCM	1
CAWSVSTGPEKLFF	TRBV30	TRBJ1-4	CAVNGYSSASKIIF	Donor AJD3280:L TCRab CD8ab Naive/TCM	1
CASSQGTGTSSYNEQFF	TRBV4-3	TRBJ2-1	CAVNKGEGAQKLVF	Donor AJD3280:L TCRab CD8ab Naive/TCM	1
CASSQETGTYEQYF	TRBV4-3	TRBJ2-7	CAVTMEYGNKLVF	Donor AJD3280:L TCRab CD8ab Naive/TCM	1
CASSLGAGYEQYF	TRBV5-1	TRBJ2-7	CAARGRDDKIIF	Donor AJD3280:L TCRab CD8ab Naive/TCM	1
CASSLGPLAGPVQETQYF	TRBV5-4	TRBJ2-5	CAVTTNAGKSTF	Donor AJD3280:L TCRab CD8ab Naive/TCM	1
CASSAVTRSYNSPLHF	TRBV6-1	TRBJ1-6	CAVNRDGNNRLAF	Donor AJD3280:L TCRab CD8ab Naive/TCM	1
CASSEFRDSSTEAFF	TRBV6-1	TRBJ1-1	CAVSGYGQNFVF	Donor AJD3280:L TCRab CD8ab Naive/TCM	1
CASSFPGQNTEAFF	TRBV6-2	TRBJ1-1	CAVNSNTGNQFYF	Donor AJD3280:L TCRab CD8ab Naive/TCM	1
CASSYSQQGNEQFF	TRBV6-5	TRBJ2-1	CAVALSGGYNKLIF	Donor AJD3280:L TCRab CD8ab Naive/TCM	1
CASSLGGLEETQYF	TRBV7-2	TRBJ2-5	CAVINFQGAQKLVF	Donor AJD3280:L TCRab CD8ab Naive/TCM	1
CASSLIAGPSYEQYF	TRBV7-3	TRBJ2-7	CAVKIFGGFKTIF	Donor AJD3280:L TCRab CD8ab Naive/TCM	1
CASTNLGPLSYEQYF	TRBV7-9	TRBJ2-7	CAVIASYNTDKLIF	Donor AJD3280:L TCRab CD8ab Naive/TCM	1
CASSITWGLIGELFF	TRBV7-9	TRBJ2-2	CAVKGTGGSEKLVF	Donor AJD3280:L TCRab CD8ab Naive/TCM	1
CASSPPAGAGELFF	TRBV9	TRBJ2-2	CAASSGSARQLTF	Donor AJD3280:L TCRab CD8ab Naive/TCM	1
CASSVGGGLGYGYTF	TRBV9	TRBJ1-2	CASPTGGYNKLIF	Donor AJD3280:L TCRab CD8ab Naive/TCM	1
CASSVEGQGYTEAFF	TRBV9	TRBJ1-1	CAVNRGGTYKYIF	Donor AJD3280:L TCRab CD8ab Naive/TCM	1
CSARDPTGVGGELFF	TRBV20-1	TRBJ2-2	CAISPGYGQNFVF	Donor AJD3280:L TCRab CD8ab Naive/TCM	1
CSARWVSNNNEQFF	TRBV20-1	TRBJ2-1	CAMTAGGTSYGKLTF	Donor AJD3280:L TCRab CD8ab Naive/TCM	1
CSATEGARNTEAFF	TRBV20-1	TRBJ1-1	CAMTTDSWGKLQF	Donor AJD3280:L TCRab CD8ab Naive/TCM	1
CSVDPGSGNTIYF	TRBV29-1	TRBJ1-3	CAMINTNAGKSTF	Donor AJD3280:L TCRab CD8ab Naive/TCM	1
CAWTQNTQGIEQFF	TRBV30	TRBJ2-1	CAMSAHSGYALNF	Donor AJD3280:L TCRab CD8ab Naive/TCM	1
CASSNGPSIRETQYF	TRBV6-5	TRBJ2-5	CAIGNTGNQFYF	Donor AJD3280:L TCRab CD8ab Naive/TCM	1
CASSTGLAGASYNEQFF	TRBV6-5	TRBJ2-1	CAMRAGANNLFF	Donor AJD3280:L TCRab CD8ab Naive/TCM	1
CASSLSITDSYEGSTGELFF	TRBV7-6	TRBJ2-2	CAMSVGTGNQFYF	Donor AJD3280:L TCRab CD8ab Naive/TCM	1
CASSRRQNTEAFF	TRBV7-8	TRBJ1-1	CAMIHYLASGGSYIPTF	Donor AJD3280:L TCRab CD8ab Naive/TCM	1
CASSLGRGETQYF	TRBV13	TRBJ2-5	CAAKTGSNYKLTF	Donor AJD3280:L TCRab CD8ab Naive/TCM	1
CASSPSSNQPQHF	TRBV19	TRBJ1-5	CAASIPPYNTDKLIF	Donor AJD3280:L TCRab CD8ab Naive/TCM	1
CASSIGLAGTGELFF	TRBV19	TRBJ2-2	CAASLFSDGQKLLF	Donor AJD3280:L TCRab CD8ab Naive/TCM	1
CSARVGAGGGTDTQYF	TRBV20-1	TRBJ2-3	CAALGGADGLTF	Donor AJD3280:L TCRab CD8ab Naive/TCM	1
CSGVVREGEKLFF	TRBV20-1	TRBJ1-4	CAAPDRGSTLGRLYF	Donor AJD3280:L TCRab CD8ab Naive/TCM	1
CSATLPGGHQPQHF	TRBV20-1	TRBJ1-5	CAVTPGLNNDMRF	Donor AJD3280:L TCRab CD8ab Naive/TCM	1
CATSQGGVSYEQYF	TRBV27	TRBJ2-7	CAAVGNTGFQKLVF	Donor AJD3280:L TCRab CD8ab Naive/TCM	1
CSFTWAGGEQYF	TRBV29-1	TRBJ2-7	CAASTTGGGADGLTF	Donor AJD3280:L TCRab CD8ab Naive/TCM	1
CAWSRQGDEQYF	TRBV30	TRBJ2-7	CAGSGTYKYIF	Donor AJD3280:L TCRab CD8ab Naive/TCM	1
CASSQEVVADTQYF	TRBV4-1	TRBJ2-3	CAASQSGGYNKLIF	Donor AJD3280:L TCRab CD8ab Naive/TCM	1
CASSQPTDRAHNEQFF	TRBV4-1	TRBJ2-1	CAASRDGQKLLF	Donor AJD3280:L TCRab CD8ab Naive/TCM	1
CASSQDDPLYSNQPQHF	TRBV4-1	TRBJ1-5	CAHKTNFGNEKLTF	Donor AJD3280:L TCRab CD8ab Naive/TCM	1
CASSQESGSSYEQYF	TRBV4-2	TRBJ2-7	CAASRDGGTSYGKLTF	Donor AJD3280:L TCRab CD8ab Naive/TCM	1
CASSSPDYGANVLTF	TRBV5-1	TRBJ2-6	CAARPSGGYQKVTF	Donor AJD3280:L TCRab CD8ab Naive/TCM	1
CASSFRNTEAFF	TRBV5-8	TRBJ1-1	CAAPDYGGSQGNLIF	Donor AJD3280:L TCRab CD8ab Naive/TCM	1
CASSLYREIDTQYF	TRBV7-2	TRBJ2-3	CAATDSGYSTLTF	Donor AJD3280:L TCRab CD8ab Naive/TCM	1
CASQGSADYGYTF	TRBV13	TRBJ1-2	CAENKGYGQNFVF	Donor AJD3280:L TCRab CD8ab Naive/TCM	1
CASSLEGSSEAFF	TRBV13	TRBJ1-1	CAENSLNRDDKIIF	Donor AJD3280:L TCRab CD8ab Naive/TCM	1
CAIQGRGADTEAFF	TRBV2	TRBJ1-1	CAENLSGGSYIPTF	Donor AJD3280:L TCRab CD8ab Naive/TCM	1
CASSLGDTQYF	TRBV27	TRBJ2-3	CAENMVGDYKLSF	Donor AJD3280:L TCRab CD8ab Naive/TCM	1
CASSQGIVYEQYF	TRBV4-1	TRBJ2-7	CAENINGQKLLF	Donor AJD3280:L TCRab CD8ab Naive/TCM	1
CASSPGQDGDTQYF	TRBV5-4	TRBJ2-3	CAENPNSGYALNF	Donor AJD3280:L TCRab CD8ab Naive/TCM	1
CASSLEIFGGSGYTF	TRBV5-4	TRBJ1-2	CAERTDEKLTF	Donor AJD3280:L TCRab CD8ab Naive/TCM	1
CASTPSIPGELFF	TRBV6-5	TRBJ2-2	CAENLSGGGADGLTF	Donor AJD3280:L TCRab CD8ab Naive/TCM	1
CASSLWDRDNEQFF	TRBV7-9	TRBJ2-1	CAESFANNNDMRF	Donor AJD3280:L TCRab CD8ab Naive/TCM	1
CASSVSGTDTQYF	TRBV9	TRBJ2-3	CAERGVSGGYNKLIF	Donor AJD3280:L TCRab CD8ab Naive/TCM	1
CASSLGGPEAFF	TRBV12-3	TRBJ1-1	CAMREKNSGGSNYKLTF	Donor AJD3280:L TCRab CD8ab Naive/TCM	1
CASSLSYTDTQYF	TRBV27	TRBJ2-3	CAMREGFSGTYKYIF	Donor AJD3280:L TCRab CD8ab Naive/TCM	1
CSVESKGSTYEQYF	TRBV29-1	TRBJ2-7	CAMREGRDDKIIF	Donor AJD3280:L TCRab CD8ab Naive/TCM	1
CSVEDLLRGTQYF	TRBV29-1	TRBJ2-5	CAMREIRHNNAGNMLTF	Donor AJD3280:L TCRab CD8ab Naive/TCM	1
CASSQDRVMFGGYTF	TRBV4-3	TRBJ1-2	CAMRAPIGQNFVF	Donor AJD3280:L TCRab CD8ab Naive/TCM	1
CASSLSGSGEQFF	TRBV5-1	TRBJ2-1	CAMRGYANAGKSTF	Donor AJD3280:L TCRab CD8ab Naive/TCM	1
CASSFGVTETQYF	TRBV6-2	TRBJ2-5	CAMREGRIKAAGNKLTF	Donor AJD3280:L TCRab CD8ab Naive/TCM	1
CASDPVGDSSYNEQFF	TRBV6-5	TRBJ2-1	CAMREAYNTDKLIF	Donor AJD3280:L TCRab CD8ab Naive/TCM	1
CASSYSTAQVHGYTF	TRBV6-5	TRBJ1-2	CAMREGPGNQFYF	Donor AJD3280:L TCRab CD8ab Naive/TCM	1
CASSYSSFGAGGPGETQYF	TRBV6-5	TRBJ2-5	CAMRGPPYNNNDMRF	Donor AJD3280:L TCRab CD8ab Naive/TCM	1
CASSYSTPRGLPSGANVLTF	TRBV6-5	TRBJ2-6	CAMSTFSGNTGKLIF	Donor AJD3280:L TCRab CD8ab Naive/TCM	1
CASSLGGLAGVTDTQYF	TRBV7-2	TRBJ2-3	CAMREGQYNFNKFYF	Donor AJD3280:L TCRab CD8ab Naive/TCM	1
CASSVVEGGVDTQYF	TRBV9	TRBJ2-3	CAMRGYSSASKIIF	Donor AJD3280:L TCRab CD8ab Naive/TCM	1
CASSSGNTIYF	TRBV11-1	TRBJ1-3	CALSLISGGGADGLTF	Donor AJD3280:L TCRab CD8ab Naive/TCM	1
CASSFHGVVHTEAFF	TRBV12-4	TRBJ1-1	CALGGMNSGGYQKVTF	Donor AJD3280:L TCRab CD8ab Naive/TCM	1
CASAKRDSRYEQYF	TRBV6-2	TRBJ2-7	CALKRGYSGYSTLTF	Donor AJD3280:L TCRab CD8ab Naive/TCM	1
CASSLAGSTNEKLFF	TRBV7-2	TRBJ1-4	CALSGPGGYNKLIF	Donor AJD3280:L TCRab CD8ab Naive/TCM	1
CASSLALDSPSDGYTF	TRBV7-6	TRBJ1-2	CALKETSGSRLTF	Donor AJD3280:L TCRab CD8ab Naive/TCM	1
CASSPSPGINEQYF	TRBV9	TRBJ2-7	CALSAPGTYKYIF	Donor AJD3280:L TCRab CD8ab Naive/TCM	1
CASSLGHSGAQYF	TRBV11-2	TRBJ2-5	CAPNNDMRF	Donor AJD3280:L TCRab CD8ab Naive/TCM	1
CASSSDGFGNQPQHF	TRBV12-4	TRBJ1-5	CATAPTMNYGGSQGNLIF	Donor AJD3280:L TCRab CD8ab Naive/TCM	1
CASSLALAGRTEAFF	TRBV12-4	TRBJ1-1	CATSDNYGQNFVF	Donor AJD3280:L TCRab CD8ab Naive/TCM	1
CASGLTLVRDTQYF	TRBV12-5	TRBJ2-3	CATNTPLVF	Donor AJD3280:L TCRab CD8ab Naive/TCM	1
CASSLGFANSPLHF	TRBV13	TRBJ1-6	CAASPNTGKLIF	Donor AJD3280:L TCRab CD8ab Naive/TCM	1
CASSENAGGSTDTQYF	TRBV2	TRBJ2-3	CAPHSEKLVF	Donor AJD3280:L TCRab CD8ab Naive/TCM	1
CSAGWGLGETQYF	TRBV20-1	TRBJ2-5	CATDAGDNARLMF	Donor AJD3280:L TCRab CD8ab Naive/TCM	2
CSATMGSTDTQYF	TRBV20-1	TRBJ2-3	CATDANSGNTPLVF	Donor AJD3280:L TCRab CD8ab Naive/TCM	1
CASRDRGGSPLHF	TRBV27	TRBJ1-6	CATDANTGNQFYF	Donor AJD3280:L TCRab CD8ab Naive/TCM	1
CASSLFGADTQYF	TRBV27	TRBJ2-3	CATDAQPRGADGLTF	Donor AJD3280:L TCRab CD8ab Naive/TCM	1
CASSFLLAGGPYTQYF	TRBV27	TRBJ2-3	CATDFSIQGAQKLVF	Donor AJD3280:L TCRab CD8ab Naive/TCM	1
CASSFGRDYEQYF	TRBV27	TRBJ2-7	CATDTQAGYSTLTF	Donor AJD3280:L TCRab CD8ab Naive/TCM	1
CASSRGSRTASVYGYTF	TRBV4-1	TRBJ1-2	CATDGEIKAAGNKLTF	Donor AJD3280:L TCRab CD8ab Naive/TCM	1
CASSLLQGPRGPTGELFF	TRBV5-1	TRBJ2-2	CATDAEETSGSRLTF	Donor AJD3280:L TCRab CD8ab Naive/TCM	1
CASSLGGSYGYTF	TRBV5-6	TRBJ1-2	CATDAVQGAQKLVF	Donor AJD3280:L TCRab CD8ab Naive/TCM	1
CASKILGYNEQFF	TRBV6-2	TRBJ2-1	CATVPKRDSSYKLIF	Donor AJD3280:L TCRab CD8ab Naive/TCM	1
CASSYGTNTGELFF	TRBV6-5	TRBJ2-2	CATEGADNYGQNFVF	Donor AJD3280:L TCRab CD8ab Naive/TCM	1
CASSLVWGTGGGTDTQYF	TRBV7-6	TRBJ2-3	CATVPTQGGSEKLVF	Donor AJD3280:L TCRab CD8ab Naive/TCM	1
CASSLPPTGTKGNTIYF	TRBV7-8	TRBJ1-3	CATAPRMDSSYKLIF	Donor AJD3280:L TCRab CD8ab Naive/TCM	1
CASSLATVRTDTQYF	TRBV7-8	TRBJ2-3	CATDALTGGFKTIF	Donor AJD3280:L TCRab CD8ab Naive/TCM	1
CASSLEGRAHEQYF	TRBV7-8	TRBJ2-7	CATDAWGAQKLVF	Donor AJD3280:L TCRab CD8ab Naive/TCM	1
CASSLVVSSYEQYF	TRBV7-9	TRBJ2-7	CATDPSGNQFYF	Donor AJD3280:L TCRab CD8ab Naive/TCM	1
CASSVGGLVSPLHF	TRBV9	TRBJ1-6	CATRNAGNMLTF	Donor AJD3280:L TCRab CD8ab Naive/TCM	1
CASSLDEGTGRFTGELFF	TRBV11-2	TRBJ2-2	CALSAMKTSYDKVIF	Donor AJD3280:L TCRab CD8ab Naive/TCM	1
CASSFGTGAEQYF	TRBV12-3	TRBJ2-7	CALSEPSRGNNRLAF	Donor AJD3280:L TCRab CD8ab Naive/TCM	1
CASSQAGIHGYTF	TRBV14	TRBJ1-2	CALSGYGGATNKLIF	Donor AJD3280:L TCRab CD8ab Naive/TCM	1
CATSRGRGTDTQYF	TRBV15	TRBJ2-3	CALSEADTGNQFYF	Donor AJD3280:L TCRab CD8ab Naive/TCM	1
CATGSYNEQFF	TRBV15	TRBJ2-1	CALSEVPQGGSEKLVF	Donor AJD3280:L TCRab CD8ab Naive/TCM	1
CASSEVTSTDTQYF	TRBV19	TRBJ2-3	CALSEANQAGTALIF	Donor AJD3280:L TCRab CD8ab Naive/TCM	1
CASSILGALNEQFF	TRBV19	TRBJ2-1	CALSEAPGSGANNLFF	Donor AJD3280:L TCRab CD8ab Naive/TCM	1
CASSWVADEQFF	TRBV19	TRBJ2-1	CALSEGLMDSSYKLIF	Donor AJD3280:L TCRab CD8ab Naive/TCM	1
CASSWGTGTYEQYF	TRBV19	TRBJ2-7	CALSPTQGGSEKLVF	Donor AJD3280:L TCRab CD8ab Naive/TCM	1
CSTDSHSSYEQYF	TRBV20-1	TRBJ2-7	CALIYQVRGTYKYIF	Donor AJD3280:L TCRab CD8ab Naive/TCM	1
CSVGGQDKQETQYF	TRBV20-1	TRBJ2-5	CALSRYNTDKLIF	Donor AJD3280:L TCRab CD8ab Naive/TCM	1
CATSDPSAGSQETQYF	TRBV24-1	TRBJ2-5	CALTMNRDDKIIF	Donor AJD3280:L TCRab CD8ab Naive/TCM	1
CASRDRANVGYTF	TRBV25-1	TRBJ1-2	CALSEATFSSNTGKLIF	Donor AJD3280:L TCRab CD8ab Naive/TCM	1
CASRGQGRETQYF	TRBV28	TRBJ2-5	CALSDAYSGAGSYQLTF	Donor AJD3280:L TCRab CD8ab Naive/TCM	1
CASSLGSGDTSYEQYF	TRBV5-6	TRBJ2-7	CALSSKLIKAAGNKLTF	Donor AJD3280:L TCRab CD8ab Naive/TCM	1
CASSLTETNTGELFF	TRBV7-6	TRBJ2-2	CALSEPGGTSYGKLTF	Donor AJD3280:L TCRab CD8ab Naive/TCM	1
CASSEYQGEVGTQYF	TRBV7-9	TRBJ2-5	CALSPRTSGTYKYIF	Donor AJD3280:L TCRab CD8ab Naive/TCM	1
CASSVGGQGKGNTIYF	TRBV9	TRBJ1-3	CALGGDNTDKLIF	Donor AJD3280:L TCRab CD8ab Naive/TCM	1
CASRRLAGGPETTDTQYF	TRBV9	TRBJ2-3	CALRAGTASKLTF	Donor AJD3280:L TCRab CD8ab Naive/TCM	1
CSARTSGVHNEQFF	TRBV20-1	TRBJ2-1	CAVEPTGGGNKLTF	Donor AJD3280:L TCRab CD8ab Naive/TCM	1
CASSRPGTVGSTNEKLFF	TRBV3-1	TRBJ1-4	CAVEDPRDDKIIF	Donor AJD3280:L TCRab CD8ab Naive/TCM	1
CASSQERRPADTQYF	TRBV4-1	TRBJ2-3	CAVTHNTDKLIF	Donor AJD3280:L TCRab CD8ab Naive/TCM	1
CASSSQLAGGDQETQYF	TRBV5-5	TRBJ2-5	CAVWHSGYALNF	Donor AJD3280:L TCRab CD8ab Naive/TCM	1
CASSLVRTGDQPQHF	TRBV6-2	TRBJ1-5	CAVEVAVDKFYF	Donor AJD3280:L TCRab CD8ab Naive/TCM	1
CASSLRRGDSYNEQFF	TRBV7-8	TRBJ2-1	CAHSGSARQLTF	Donor AJD3280:L TCRab CD8ab Naive/TCM	1
CASSLGKWEFF	TRBV12-4	TRBJ2-1	CAVHRPDDKIIF	Donor AJD3280:L TCRab CD8ab Naive/TCM	1
CASTPLALDGYTF	TRBV12-4	TRBJ1-2	CAVQAGAGNNRKLIW	Donor AJD3280:L TCRab CD8ab Naive/TCM	1
CASSLSGTGTYEQDF	TRBV13	TRBJ2-7	CAVHTNAGKSTF	Donor AJD3280:L TCRab CD8ab Naive/TCM	1
CSAPSGSPSTDTQYF	TRBV20-1	TRBJ2-3	CAVQANAGNMLTF	Donor AJD3280:L TCRab CD8ab Naive/TCM	1
CASSVGKGLGTEAFF	TRBV9	TRBJ1-1	CAVQAVNYGGATNKLIF	Donor AJD3280:L TCRab CD8ab Naive/TCM	1
CAISETPGNYGYTF	TRBV10-3	TRBJ1-2	CAVLQAGTALIF	Donor AJD3280:L TCRab CD8ab Naive/TCM	1
CASSLQGSGQPQHF	TRBV19	TRBJ1-5	CAPFYQTGANNLFF	Donor AJD3280:L TCRab CD8ab Naive/TCM	1
CASSIALAGGRGANVLTF	TRBV19	TRBJ2-6	CAVLSDGQKLLF	Donor AJD3280:L TCRab CD8ab Naive/TCM	1
CASSIGRTYSNQPQHF	TRBV19	TRBJ1-5	CAVNPPGNTPLVF	Donor AJD3280:L TCRab CD8ab Naive/TCM	1
CASSTVGLYEQYF	TRBV19	TRBJ2-7	CAVSPYTGANSKLTF	Donor AJD3280:L TCRab CD8ab Naive/TCM	1
CASREPQNTEAFF	TRBV2	TRBJ1-1	CAVGGGGTSYGKLTF	Donor AJD3280:L TCRab CD8ab Naive/TCM	1
CSAPQTEAFF	TRBV20-1	TRBJ1-1	CAVNSLTTDSWGKLQF	Donor AJD3280:L TCRab CD8ab Naive/TCM	1
CASSLTGFMSYEQYF	TRBV27	TRBJ2-7	CAVTGRGSGSRLTF	Donor AJD3280:L TCRab CD8ab Naive/TCM	1
CAWSLDGNTEAFF	TRBV30	TRBJ1-1	CAVTGDSNYQLIW	Donor AJD3280:L TCRab CD8ab Naive/TCM	1
CASSYSTGNTIYF	TRBV6-2	TRBJ1-3	CAVGTETSGSRLTF	Donor AJD3280:L TCRab CD8ab Naive/TCM	1
CASSRYRGGAETQYF	TRBV6-5	TRBJ2-5	CAVEDQLSDSWGKLQF	Donor AJD3280:L TCRab CD8ab Naive/TCM	1
CASRIAGGLKETQYF	TRBV6-6	TRBJ2-5	CAVRPRETSGSRLTF	Donor AJD3280:L TCRab CD8ab Naive/TCM	1
CASSPGGLTEAFF	TRBV6-6	TRBJ1-1	CAVRQISGGSYIPTF	Donor AJD3280:L TCRab CD8ab Naive/TCM	1
CASSSGTPSGNTIYF	TRBV7-9	TRBJ1-3	CAYNRVSNYKLTF	Donor AJD3280:L TCRab CD8ab Naive/TCM	1
CASSVAGLAEEQYF	TRBV9	TRBJ2-7	CAVTLGRQAGTALIF	Donor AJD3280:L TCRab CD8ab Naive/TCM	1
CAINSVGGAWNEQFF	TRBV10-3	TRBJ2-1	CAVEYTGTASKLTF	Donor AJD3280:L TCRab CD8ab Naive/TCM	1
CATSRVRGAEDTQYF	TRBV15	TRBJ2-3	CAGGRGMDDMRF	Donor AJD3280:L TCRab CD8ab Naive/TCM	1
CASSTKTGGYSGELFF	TRBV7-2	TRBJ2-2	CAVGDYNQGGKLIF	Donor AJD3280:L TCRab CD8ab Naive/TCM	1
CASSLLGSEAFF	TRBV7-8	TRBJ1-1	CAVSPLRGYQKVTF	Donor AJD3280:L TCRab CD8ab Naive/TCM	1
CASSEMEGQETQYF	TRBV10-2	TRBJ2-5	CAAIDMNYGGSQGNLIF	Donor AJD3280:L TCRab CD8ab Naive/TCM	1
CASSLGSSSYNEQFF	TRBV19	TRBJ2-1	CAASFVKAAGNKLTF	Donor AJD3280:L TCRab CD8ab Naive/TCM	1
CASSPAGAGGYEQYF	TRBV19	TRBJ2-7	CAASRGNTGKLIF	Donor AJD3280:L TCRab CD8ab Naive/TCM	1
CASSPRTGLNTEAFF	TRBV27	TRBJ1-1	CAARGLEDDKIIF	Donor AJD3280:L TCRab CD8ab Naive/TCM	1
CASSLRGQGHGYTF	TRBV7-2	TRBJ1-2	CAASMKETSGSRLTF	Donor AJD3280:L TCRab CD8ab Naive/TCM	1
CASSSQLAGGPYEQYF	TRBV7-9	TRBJ2-7	CAASFHYGQNFVF	Donor AJD3280:L TCRab CD8ab Naive/TCM	1
CASSQVSQETQYF	TRBV14	TRBJ2-5	CAFIGSTGNQFYF	Donor AJD3280:L TCRab CD8ab Naive/TCM	2
CASSLGAMGQEGYGYTF	TRBV5-4	TRBJ1-2	CAFNSWGKLQF	Donor AJD3280:L TCRab CD8ab Naive/TCM	1
CASSLGTGTEAFF	TRBV9	TRBJ1-1	CAFKASGGSYIPTF	Donor AJD3280:L TCRab CD8ab Naive/TCM	1
CASSRRARDTQYF	TRBV27	TRBJ2-3	CARLHFGNEKLTF	Donor AJD3280:L TCRab CD8ab Naive/TCM	1
CASSLQGAGYGYTF	TRBV28	TRBJ1-2	CAGKGGSYIPTF	Donor AJD3280:L TCRab CD8ab Naive/TCM	1
CASSFNRVDHYGYTF	TRBV5-1	TRBJ1-2	CAGDYGGATNKLIF	Donor AJD3280:L TCRab CD8ab Naive/TCM	1
CASSLGGGRYEQYF	TRBV5-6	TRBJ2-7	CAGPGGNKLVF	Donor AJD3280:L TCRab CD8ab Naive/TCM	1
CASSYSERGISTDTQYF	TRBV6-5	TRBJ2-3	CAGGIGGYNKLIF	Donor AJD3280:L TCRab CD8ab Naive/TCM	1
CASSLFQLDYEQYF	TRBV7-6	TRBJ2-7	CAGGGTGGFKTIF	Donor AJD3280:L TCRab CD8ab Naive/TCM	1
CASSPGGQGSYEQYF	TRBV18	TRBJ2-7	CIVRVARDDKIIF	Donor AJD3280:L TCRab CD8ab Naive/TCM	1
CASSTGLAGVSYEQYF	TRBV27	TRBJ2-7	CIVGRLVF	Donor AJD3280:L TCRab CD8ab Naive/TCM	1
CASSFRGPGAYEQYF	TRBV28	TRBJ2-7	CIVRLLREYGNKLVF	Donor AJD3280:L TCRab CD8ab Naive/TCM	1
CAWNERGRNTEAFF	TRBV30	TRBJ1-1	CIVRIPFKAAGNKLTF	Donor AJD3280:L TCRab CD8ab Naive/TCM	1
CASSFQGADTQYF	TRBV5-4	TRBJ2-3	CIVRVPAGGTSYGKLTF	Donor AJD3280:L TCRab CD8ab Naive/TCM	1
CASTGPNTEAFF	TRBV5-8	TRBJ1-1	CMRGNARLMF	Donor AJD3280:L TCRab CD8ab Naive/TCM	1
CASSVEGGGSYEQYF	TRBV9	TRBJ2-7	CIAPMDSNYQLIW	Donor AJD3280:L TCRab CD8ab Naive/TCM	1
CSAGGSSGANVLTF	TRBV20-1	TRBJ2-6	CILYLNAGNMLTF	Donor AJD3280:L TCRab CD8ab Naive/TCM	1
CASSQESAGVYNEQFF	TRBV4-3	TRBJ2-1	CILRHPMDSSYKLIF	Donor AJD3280:L TCRab CD8ab Naive/TCM	1
CASSLRTGLAYEQYF	TRBV7-9	TRBJ2-7	CILRDVTGSSNTGKLIF	Donor AJD3280:L TCRab CD8ab Naive/TCM	1
CASSFTLAGNNEQFF	TRBV11-2	TRBJ2-1	CAGDHAGGTSYGKLTF	Donor AJD3280:L TCRab CD8ab Naive/TCM	1
CSARGREPYTDTQYF	TRBV20-1	TRBJ2-3	CAGFGNQFYF	Donor AJD3280:L TCRab CD8ab Naive/TCM	1
CASSLRGGTRQETQYF	TRBV27	TRBJ2-5	CARTSYDKVIF	Donor AJD3280:L TCRab CD8ab Naive/TCM	1
CASSQTEDYGYTF	TRBV4-2	TRBJ1-2	CAGPSGTSYGKLTF	Donor AJD3280:L TCRab CD8ab Naive/TCM	1
CASSRRGGLTEAFF	TRBV6-2	TRBJ1-1	CAGPSADFGNEKLTF	Donor AJD3280:L TCRab CD8ab Naive/TCM	1
CASSSLEGYNEQFF	TRBV6-2	TRBJ2-1	CAGVMEYGNKLVF	Donor AJD3280:L TCRab CD8ab Naive/TCM	1
CASSLPDYLQETQYF	TRBV7-9	TRBJ2-5	CAGAKPETGRRALTF	Donor AJD3280:L TCRab CD8ab Naive/TCM	1
CASSLPRQGYYGYTF	TRBV7-9	TRBJ1-2	CAGEGSNDYKLSF	Donor AJD3280:L TCRab CD8ab Naive/TCM	1
CASSGQGPNYEQYF	TRBV9	TRBJ2-7	CAGATGTYKYIF	Donor AJD3280:L TCRab CD8ab Naive/TCM	1
CASSLDPNGLGETQYF	TRBV11-2	TRBJ2-5	CAASDQGGSEKLVF	Donor AJD3280:L TCRab CD8ab Naive/TCM	1
CASSSPGTSGGAREDTQYF	TRBV19	TRBJ2-3	CAASARGGTSYGKLTF	Donor AJD3280:L TCRab CD8ab Naive/TCM	1
CASCIAVENSPLHF	TRBV19	TRBJ1-6	CAPYVLHC	Donor AJD3280:L TCRab CD8ab Naive/TCM	1
CSVQGGSYNEQFF	TRBV29-1	TRBJ2-1	CAASNNARLMF	Donor AJD3280:L TCRab CD8ab Naive/TCM	1
CASSGERGTLYNEQFF	TRBV3-1	TRBJ2-1	CAAYNNDYKLSF	Donor AJD3280:L TCRab CD8ab Naive/TCM	1
CASSQEQLVTYNEQFF	TRBV4-1	TRBJ2-1	CAASGYARLMF	Donor AJD3280:L TCRab CD8ab Naive/TCM	1
CASSPYRGTGYEQYF	TRBV4-3	TRBJ2-7	CAASEKNSGGSNYKLTF	Donor AJD3280:L TCRab CD8ab Naive/TCM	1
CASSLPSYGYTF	TRBV5-6	TRBJ1-2	CAASSYSGGGADGLTF	Donor AJD3280:L TCRab CD8ab Naive/TCM	1
CASTSGQGYTF	TRBV6-6	TRBJ1-2	CAADSGGGADGLTF	Donor AJD3280:L TCRab CD8ab Naive/TCM	1
CASSFLAGGVYEQYF	TRBV7-8	TRBJ2-7	CAAGGDGGSQGNLIF	Donor AJD3280:L TCRab CD8ab Naive/TCM	1
CASSIRGGGNLAKNIQYF	TRBV7-8	TRBJ2-4	CAASEGRGADGLTF	Donor AJD3280:L TCRab CD8ab Naive/TCM	1
CASSTLAGEEETQYF	TRBV7-8	TRBJ2-5	CAEVQDSSYKLIF	Donor AJD3280:L TCRab CD8ab Naive/TCM	1
CAISEIADSTDTQYF	TRBV10-3	TRBJ2-3	CAVRDGTGANNLFF	Donor AJD3280:L TCRab CD8ab Naive/TCM	1
CASSPGQDHTEAFF	TRBV12-3	TRBJ1-1	CAVRDPLSSASKIIF	Donor AJD3280:L TCRab CD8ab Naive/TCM	1
CASSMGGNTIYF	TRBV13	TRBJ1-3	CAVRDEGKNRDDKIIF	Donor AJD3280:L TCRab CD8ab Naive/TCM	1
CASSQDGGAYYEQYF	TRBV14	TRBJ2-7	CAVSGYGQNFVF	Donor AJD3280:L TCRab CD8ab Naive/TCM	1
CASGQGPSSGNTIYF	TRBV19	TRBJ1-3	CAVRDLGVDNYGQNFVF	Donor AJD3280:L TCRab CD8ab Naive/TCM	1
CASRDPGGGYTF	TRBV2	TRBJ1-2	CAVRDGRYGGSQGNLIF	Donor AJD3280:L TCRab CD8ab Naive/TCM	1
CSARELTSGGALLFNEQFF	TRBV20-1	TRBJ2-1	CAPQNRDDKIIF	Donor AJD3280:L TCRab CD8ab Naive/TCM	1
CSARDGYEQYF	TRBV20-1	TRBJ2-7	CAVRALNDMRF	Donor AJD3280:L TCRab CD8ab Naive/TCM	1
CASSLAGGPNEQFF	TRBV27	TRBJ2-1	CAVRDGNNARLMF	Donor AJD3280:L TCRab CD8ab Naive/TCM	1
CSPQAAAPLRNEQFF	TRBV29-1	TRBJ2-1	CAVRDGGKLIF	Donor AJD3280:L TCRab CD8ab Naive/TCM	1
CASSQGGANVLTF	TRBV3-1	TRBJ2-6	CAVIFTDKLIF	Donor AJD3280:L TCRab CD8ab Naive/TCM	1
CASRETGDTEAFF	TRBV5-1	TRBJ1-1	CAVRDMATPSGTYKYIF	Donor AJD3280:L TCRab CD8ab Naive/TCM	1
CASILGTSSYEQYF	TRBV5-5	TRBJ2-7	CAVRDGAGGSYIPTF	Donor AJD3280:L TCRab CD8ab Naive/TCM	1
CASSYPKGTDYNEQFF	TRBV6-2	TRBJ2-1	CAVRDALGGYNKLIF	Donor AJD3280:L TCRab CD8ab Naive/TCM	1
CASTSRLGGQNTEAFF	TRBV6-2	TRBJ1-1	CAVSYHNTDKLIF	Donor AJD3280:L TCRab CD8ab Naive/TCM	1
CASRLGQGNTEAFF	TRBV6-5	TRBJ1-1	CAVRDYSNARLMF	Donor AJD3280:L TCRab CD8ab Naive/TCM	1
CASSSLAEQFF	TRBV7-9	TRBJ2-1	CAVRDEGFGNVLHC	Donor AJD3280:L TCRab CD8ab Naive/TCM	1
CASTGGDQETQYF	TRBV9	TRBJ2-5	CAVRAPRSGNTPLVF	Donor AJD3280:L TCRab CD8ab Naive/TCM	1
CASTPGRGGDEQFF	TRBV9	TRBJ2-1	CAVRKVNAGKSTF	Donor AJD3280:L TCRab CD8ab Naive/TCM	1
CAITGGDSPLHF	TRBV10-3	TRBJ1-6	CGTRKNRDDKIIF	Donor AJD3280:L TCRab CD8ab Naive/TCM	1
CASSLGQGAVTEAFF	TRBV7-6	TRBJ1-1	CGTVMNRDDKIIF	Donor AJD3280:L TCRab CD8ab Naive/TCM	1
CASSLVLRTELQETQYF	TRBV7-9	TRBJ2-5	CGTERRSTGNQFYF	Donor AJD3280:L TCRab CD8ab Naive/TCM	1
CASSSVLAGGRETQYF	TRBV12-4	TRBJ2-5	CAGVPLYSGGGADGLTF	Donor AJD3280:L TCRab CD8ab Naive/TCM	1
CASSIDSLALHF	TRBV19	TRBJ1-6	CAGGKTSGSRLTF	Donor AJD3280:L TCRab CD8ab Naive/TCM	1
CASRLQGGSSGGYTF	TRBV19	TRBJ1-2	CAGVSSYNTDKLIF	Donor AJD3280:L TCRab CD8ab Naive/TCM	1
CASSPGYEQYF	TRBV2	TRBJ2-7	CAGQSYGGATNKLIF	Donor AJD3280:L TCRab CD8ab Naive/TCM	1
CASSLSIRLAGDTGELFF	TRBV27	TRBJ2-2	CAGQETGYALNF	Donor AJD3280:L TCRab CD8ab Naive/TCM	1
CASSPGQGNSPLHF	TRBV4-2	TRBJ1-6	CEGAGSYQLTF	Donor AJD3280:L TCRab CD8ab Naive/TCM	1
CASSPHGLAANTGELFF	TRBV5-8	TRBJ2-2	CAVSWEYGNKLVF	Donor AJD3280:L TCRab CD8ab Naive/TCM	1
CASSYRRTPNEQFF	TRBV6-2	TRBJ2-1	CAGSGTSGSRLTF	Donor AJD3280:L TCRab CD8ab Naive/TCM	1
CASSTKLTSGGYEQYF	TRBV7-9	TRBJ2-7	CAGPRETSGSRLTF	Donor AJD3280:L TCRab CD8ab Naive/TCM	1
CAISDVGRGLDSYEQYF	TRBV10-3	TRBJ2-7	CVFGGTSYGKLTF	Donor AJD3280:L TCRab CD8ab Naive/TCM	1
CASSTAGGYEQYF	TRBV19	TRBJ2-7	CAGVNYGGSQGNLIF	Donor AJD3280:L TCRab CD8ab Naive/TCM	1
CASSLGGEQETQYF	TRBV7-6	TRBJ2-5	CAESGNTGKLIF	Donor AJD3280:L TCRab CD8ab Naive/TCM	1
CASSGDRPHYGYTF	TRBV19	TRBJ1-2	CAFLRNTGTASKLTF	Donor AJD3280:L TCRab CD8ab Naive/TCM	1
CASSEEVVSGGAGDTQYF	TRBV2	TRBJ2-3	CAFMKPINTGNQFYF	Donor AJD3280:L TCRab CD8ab Naive/TCM	1
CSARVGDETQYF	TRBV20-1	TRBJ2-5	CAFTGTASKLTF	Donor AJD3280:L TCRab CD8ab Naive/TCM	1
CASSQERARGEKLFF	TRBV4-1	TRBJ1-4	CACLHGSSNTGKLIF	Donor AJD3280:L TCRab CD8ab Naive/TCM	1
CASSLTGRGETQYF	TRBV5-1	TRBJ2-5	CAFMKHANQGAQKLVF	Donor AJD3280:L TCRab CD8ab Naive/TCM	1
CASSEGQGNQPQHF	TRBV6-1	TRBJ1-5	CAFMKHSLTGNQFYF	Donor AJD3280:L TCRab CD8ab Naive/TCM	1
CASSYVDLSGAEAFF	TRBV6-2	TRBJ1-1	CAFIDFGNEKLTF	Donor AJD3280:L TCRab CD8ab Naive/TCM	1
CASSLALIAGPLYEQYF	TRBV7-2	TRBJ2-7	CATQYSGAGSYQLTF	Donor AJD3280:L TCRab CD8ab Naive/TCM	1
CASSALAGADIPSSYNEQFF	TRBV7-9	TRBJ2-1	CACISGAGSYQLTF	Donor AJD3280:L TCRab CD8ab Naive/TCM	1
CATSNPQGDEAFF	TRBV15	TRBJ1-1	CAYAAGSARQLTF	Donor AJD3280:L TCRab CD8ab Naive/TCM	1
CSASDRGPVNEKLFF	TRBV20-1	TRBJ1-4	CALFGNEKLTF	Donor AJD3280:L TCRab CD8ab Naive/TCM	1
CSAKSRLAGDEQFF	TRBV20-1	TRBJ2-1	CASFGNEKLTF	Donor AJD3280:L TCRab CD8ab Naive/TCM	1
CASSLSQKYGYTF	TRBV27	TRBJ1-2	CAVPGGTSYGKLTF	Donor AJD3280:L TCRab CD8ab Naive/TCM	1
CASSRVTGTGTDTQYF	TRBV6-2	TRBJ2-3	CAYKRDDMRF	Donor AJD3280:L TCRab CD8ab Naive/TCM	1
CASSPREGISYNEQFF	TRBV7-9	TRBJ2-1	CAYETSGSRLTF	Donor AJD3280:L TCRab CD8ab Naive/TCM	1
CASSLAGFMGETQYF	TRBV7-9	TRBJ2-5	CAYRAGNTGKLIF	Donor AJD3280:L TCRab CD8ab Naive/TCM	1
CASSVAQDPGQGEAFF	TRBV9	TRBJ1-1	CAYRRAGNQFYF	Donor AJD3280:L TCRab CD8ab Naive/TCM	1
CASSVGLDYGYTF	TRBV9	TRBJ1-2	CAVDPPGEVTGNQFYF	Donor AJD3280:L TCRab CD8ab Naive/TCM	1
CASSPPGGPGGYTF	TRBV11-2	TRBJ1-2	CLVGDMNNDMRF	Donor AJD3280:L TCRab CD8ab Naive/TCM	1
CASRVDSTNYGYTF	TRBV2	TRBJ1-2	CLVGLGDGQKLLF	Donor AJD3280:L TCRab CD8ab Naive/TCM	1
CSAPHPRPTYNEQFF	TRBV20-1	TRBJ2-1	CLVVAGNTPLVF	Donor AJD3280:L TCRab CD8ab Naive/TCM	1
CASSQGLIERSGTEAFF	TRBV4-3	TRBJ1-1	CLVGDGVSGSARQLTF	Donor AJD3280:L TCRab CD8ab Naive/TCM	1
CASSLIGLESTDTQYF	TRBV5-1	TRBJ2-3	CLVVDTGSSNTGKLIF	Donor AJD3280:L TCRab CD8ab Naive/TCM	1
CASSLGDYNEQFF	TRBV5-6	TRBJ2-1	CLVGGPSGGYNKLIF	Donor AJD3280:L TCRab CD8ab Naive/TCM	1
CASSSDENRDVYEQYF	TRBV5-6	TRBJ2-7	CLVGVNYGGSQGNLIF	Donor AJD3280:L TCRab CD8ab Naive/TCM	1
CASTPTVSGYGYTF	TRBV6-2	TRBJ1-2	CLVVTNQAGTALIF	Donor AJD3280:L TCRab CD8ab Naive/TCM	1
CASSPQGTGEFEQFF	TRBV7-2	TRBJ2-1	CLVGDRGFKTIF	Donor AJD3280:L TCRab CD8ab Naive/TCM	1
CASSPRDRGGEQYF	TRBV7-8	TRBJ2-7	CLVGDYKLSF	Donor AJD3280:L TCRab CD8ab Naive/TCM	1
CASSGPGQGAAGGEQFF	TRBV7-9	TRBJ2-1	CLVGDGGGGSYIPTF	Donor AJD3280:L TCRab CD8ab Naive/TCM	1
CASSRGGSAEQYF	TRBV7-9	TRBJ2-7	CLVGDSGNTPLVF	Donor AJD3280:L TCRab CD8ab Naive/TCM	1
CASTMGLAGSSKTGELFF	TRBV19	TRBJ2-2	CAASLYTTDKLIF	Donor AJD3280:L TCRab CD8ab Naive/TCM	1
CASSEPRGTQYF	TRBV9	TRBJ2-5	CAGIDLFGNVLHC	Donor AJD3280:L TCRab CD8ab Naive/TCM	1
CASSFTKTDTQYF	TRBV12-4	TRBJ2-3	CAELKGEYNDMRF	Donor AJD3280:L TCRab CD8ab Naive/TCM	1
CATSRDRGHQETQYF	TRBV15	TRBJ2-5	CAEIGYNNNDMRF	Donor AJD3280:L TCRab CD8ab Naive/TCM	1
CATSDTNSNQPQHF	TRBV24-1	TRBJ1-5	CAESLLDDKIIF	Donor AJD3280:L TCRab CD8ab Naive/TCM	1
CASSGQTYEQYF	TRBV7-2	TRBJ2-7	CAESMRGGATNKLIF	Donor AJD3280:L TCRab CD8ab Naive/TCM	1
CASSVGQGAYEQYF	TRBV7-6	TRBJ2-7	CAEMDFTGGGNKLTF	Donor AJD3280:L TCRab CD8ab Naive/TCM	1
CASSVEGLAGGLGETQYF	TRBV9	TRBJ2-5	CAETGRDTGRRALTF	Donor AJD3280:L TCRab CD8ab Naive/TCM	1
CASSMGGRGGYSNQPQHF	TRBV19	TRBJ1-5	CALDGPRFSDGQKLLF	Donor AJD3280:L TCRab CD8ab Naive/TCM	1
CASSDNRLGDEQFF	TRBV25-1	TRBJ2-1	CALDPWGTDKLIF	Donor AJD3280:L TCRab CD8ab Naive/TCM	1
CASTRRGGQGGGGARNEQFF	TRBV3-1	TRBJ2-1	CAPEYSSASKIIF	Donor AJD3280:L TCRab CD8ab Naive/TCM	1
CASSDDRVFSGNTIYF	TRBV5-8	TRBJ1-3	CALVPYSSASKIIF	Donor AJD3280:L TCRab CD8ab Naive/TCM	1
CASTGAVNTEAFF	TRBV19	TRBJ1-1	CAVNPYLNTGGFKTIF	Donor AJD3280:L TCRab CD8ab Naive/TCM	1
CSASGTGAANSPLHF	TRBV20-1	TRBJ1-6	CAARESGGYNKLIF	Donor AJD3280:L TCRab CD8ab Naive/TCM	1
CASSLALNWGYTF	TRBV27	TRBJ1-2	CAVSGEDNNDMRF	Donor AJD3280:L TCRab CD8ab Naive/TCM	1
CASSEAGTGPYEQYF	TRBV3-1	TRBJ2-7	CAGASGAGSYQLTF	Donor AJD3280:L TCRab CD8ab Naive/TCM	1
CASSQENLGQLTGNTIYF	TRBV4-1	TRBJ1-3	CAVNADSGNTPLVF	Donor AJD3280:L TCRab CD8ab Naive/TCM	1
CASSRDDRGNTDTQYF	TRBV6-6	TRBJ2-3	CAVRVIKAAGNKLTF	Donor AJD3280:L TCRab CD8ab Naive/TCM	1
CASSLAIGAPQETQYF	TRBV7-9	TRBJ2-5	CAVIPRSNDYKLSF	Donor AJD3280:L TCRab CD8ab Naive/TCM	1
CASSTRRSGGDTEAFF	TRBV9	TRBJ1-1	CAVNRYNTDKLIF	Donor AJD3280:L TCRab CD8ab Naive/TCM	1
CASSRTSGGAWNEQFF	TRBV2	TRBJ2-1	CVVSDRVSNQFYF	Donor AJD3280:L TCRab CD8ab Naive/TCM	1
CASSFGGGTYEQYF	TRBV7-6	TRBJ2-7	CVVSDRGNSGGGADGLTF	Donor AJD3280:L TCRab CD8ab Naive/TCM	1
CSANQMTGPDLYGYTF	TRBV20-1	TRBJ1-2	CAVAGSYQLTF	Donor AJD3280:L TCRab CD8ab Naive/TCM	1
CASSLGEGLGEQYF	TRBV27	TRBJ2-7	CAVASPILYSTLTF	Donor AJD3280:L TCRab CD8ab Naive/TCM	1
CSVEARTSFNEQFF	TRBV29-1	TRBJ2-1	CAVGAVADSWGKLQF	Donor AJD3280:L TCRab CD8ab Naive/TCM	1
CASSQEASGGNQPQHF	TRBV4-1	TRBJ1-5	CAVDDYKLSF	Donor AJD3280:L TCRab CD8ab Naive/TCM	1
CASSQEGTSGGLGELFF	TRBV4-2	TRBJ2-2	CAVVMTTDSWGKLQF	Donor AJD3280:L TCRab CD8ab Naive/TCM	1
CASSLGQVNTEAFF	TRBV5-1	TRBJ1-1	CAVGGYGGATNKLIF	Donor AJD3280:L TCRab CD8ab Naive/TCM	1
CASSLVGGSQPQHF	TRBV5-5	TRBJ1-5	CAVGANNNNDMRF	Donor AJD3280:L TCRab CD8ab Naive/TCM	1
CASSYMTGGVPDTQYF	TRBV5-6	TRBJ2-3	CAVGPNAGGTSYGKLTF	Donor AJD3280:L TCRab CD8ab Naive/TCM	1
CASSEEEGTGELFF	TRBV6-1	TRBJ2-2	CAVAAFGNEKLTF	Donor AJD3280:L TCRab CD8ab Naive/TCM	1
CASSYPRDTEAFF	TRBV6-2	TRBJ1-1	CAAVPGGSYIPTF	Donor AJD3280:L TCRab CD8ab Naive/TCM	1
CASSPGPSMNTEAFF	TRBV13	TRBJ1-1	CAVSFGNEKLTF	Donor AJD3280:L TCRab CD8ab Naive/TCM	1
CASSGGANGYTF	TRBV19	TRBJ1-2	CAVIPTDSWGKLQF	Donor AJD3280:L TCRab CD8ab Naive/TCM	1
CASKQGAGWEKLFF	TRBV27	TRBJ1-4	CAVSIIQGAQKLVF	Donor AJD3280:L TCRab CD8ab Naive/TCM	1
CSVAGGGYNEQFF	TRBV29-1	TRBJ2-1	CAVRGTGTASKLTF	Donor AJD3280:L TCRab CD8ab Naive/TCM	1
CASSQGRTAEYEQYF	TRBV4-3	TRBJ2-7	CAVSEGGGYQKVTF	Donor AJD3280:L TCRab CD8ab Naive/TCM	1
CASSYIGPTEAFF	TRBV6-2	TRBJ1-1	CAVIKGSSNYQLIW	Donor AJD3280:L TCRab CD8ab Naive/TCM	1
CAISESPDRAYEQYF	TRBV10-3	TRBJ2-7	CAVSINPNTGNQFYF	Donor AJD3280:L TCRab CD8ab Naive/TCM	1
CASSLVRGADEQYF	TRBV12-4	TRBJ2-7	CAVSSNDYKLSF	Donor AJD3280:L TCRab CD8ab Naive/TCM	1
CASSFPRGGSNYEQYF	TRBV5-1	TRBJ2-7	CAVSGGSNYKLTF	Donor AJD3280:L TCRab CD8ab Naive/TCM	1
CASSLTSVLYNEQFF	TRBV6-2	TRBJ2-1	CAVRFTGNQFYF	Donor AJD3280:L TCRab CD8ab Naive/TCM	1
CASSPSGAPSSYEQYF	TRBV9	TRBJ2-7	CAVSDDTNAGKSTF	Donor AJD3280:L TCRab CD8ab Naive/TCM	1
CASRGRTASFRNTGELFF	TRBV12-4	TRBJ2-2	CALTSNYQLIW	Donor AJD3280:L TCRab CD8ab Naive/TCM	1
CASSLGGSNQPQHF	TRBV13	TRBJ1-5	CALSAKAGGTSYGKLTF	Donor AJD3280:L TCRab CD8ab Naive/TCM	1
CSAKGGGISSSYNSPLHF	TRBV20-1	TRBJ1-6	CALTRNSGNTPLVF	Donor AJD3280:L TCRab CD8ab Naive/TCM	1
CATSDSQGSDTQYF	TRBV24-1	TRBJ2-3	CAPRTNYGQNFVF	Donor AJD3280:L TCRab CD8ab Naive/TCM	1
CASSPGTSPYNEQFF	TRBV5-6	TRBJ2-1	CAPREQAGTALIF	Donor AJD3280:L TCRab CD8ab Naive/TCM	1
CASSWGGDNEQFF	TRBV7-2	TRBJ2-1	CALFGGTSYGKLTF	Donor AJD3280:L TCRab CD8ab Naive/TCM	1
CASSGSEEDGDYGYTF	TRBV9	TRBJ1-2	CALSDLDFGNEKLTF	Donor AJD3280:L TCRab CD8ab Naive/TCM	1
CASRGGGGNNEQFF	TRBV10-2	TRBJ2-1	CAVRDQLPAGKSTF	Donor AJD3280:L TCRab CD8ab TRM	1
CASSSTGSGANVLTF	TRBV12-3	TRBJ2-6	CAPGSNTGKLIF	Donor AJD3280:L TCRab CD8ab TRM	1
CASSIGTSGAYEQYF	TRBV27	TRBJ2-7	CAVFSDSNYQLIW	Donor AJD3280:L TCRab CD8ab TRM	1
CASSQDVAGGPSEQFF	TRBV4-2	TRBJ2-1	CAPHGGKLIF	Donor AJD3280:L TCRab CD8ab TRM	1
CASSPTPSAEAFF	TRBV7-2	TRBJ1-1	CAVKAAGNKLTF	Donor AJD3280:L TCRab CD8ab TRM	1
CASSLAVLSSGNTIYF	TRBV7-8	TRBJ1-3	CAVRKDSGNTPLVF	Donor AJD3280:L TCRab CD8ab TRM	1
CAIKGTGEVDEQYF	TRBV10-3	TRBJ2-7	CAVFDSNYQLIW	Donor AJD3280:L TCRab CD8ab TRM	1
CASSPASAETQYF	TRBV12-4	TRBJ2-5	CAASNARLMF	Donor AJD3280:L TCRab CD8ab TRM	1
CASSPNYRGLGYGYTF	TRBV12-4	TRBJ1-2	CAPGRGQNFVF	Donor AJD3280:L TCRab CD8ab TRM	2
CASSFKAGSAYEQYF	TRBV12-4	TRBJ2-7	CAVRETTSGTYKYIF	Donor AJD3280:L TCRab CD8ab TRM	1
CASSLDLNPLYGYTF	TRBV14	TRBJ1-2	CAVRVRGQNFVF	Donor AJD3280:L TCRab CD8ab TRM	1
CATSRGRDGPEEKLFF	TRBV15	TRBJ1-4	CAGMDSNYQLIW	Donor AJD3280:L TCRab CD8ab TRM	1
CATSMTGGPTDTQYF	TRBV15	TRBJ2-3	CAVRDSNYQLIW	Donor AJD3280:L TCRab CD8ab TRM	1
CATSTPAAGDTGELFF	TRBV15	TRBJ2-2	CAVSDSNYQLIW	Donor AJD3280:L TCRab CD8ab TRM	1
CASSPPELGYNEQFF	TRBV19	TRBJ2-1	CAVMDSNYQLIW	Donor AJD3280:L TCRab CD8ab TRM	1
CATGTSPGSGANVLTF	TRBV19	TRBJ2-6	CAVMDSSYKLIF	Donor AJD3280:L TCRab CD8ab TRM	2
CSATLAGDYNEQFF	TRBV20-1	TRBJ2-1	CAALNSNYQLIW	Donor AJD3280:L TCRab CD8ab TRM	1
CSARDLFTGAESYEQYF	TRBV20-1	TRBJ2-7	CAAMDSNYQLIW	Donor AJD3280:L TCRab CD8ab TRM	1
CSAREDDRGSSPLHF	TRBV20-1	TRBJ1-6	CAAMDSNYQLIW	Donor AJD3280:L TCRab CD8ab TRM	1
CSARDDYEQYF	TRBV20-1	TRBJ2-7	CAGMDSNYQLIW	Donor AJD3280:L TCRab CD8ab TRM	1
CSARDGASQETQYF	TRBV20-1	TRBJ2-5	CAPMDSNYQLIW	Donor AJD3280:L TCRab CD8ab TRM	1
CSASGREASPLHF	TRBV20-1	TRBJ1-6	CAPMDSNYQLIW	Donor AJD3280:L TCRab CD8ab TRM	1
CSANRGDSTEAFF	TRBV20-1	TRBJ1-1	CAVLDSNYQLIW	Donor AJD3280:L TCRab CD8ab TRM	1
CSARRGGAGETQYF	TRBV20-1	TRBJ2-5	CAVMDSNYQLIW	Donor AJD3280:L TCRab CD8ab TRM	1
CSASSGGAMETQYF	TRBV20-1	TRBJ2-5	CAVMDSNYQLIW	Donor AJD3280:L TCRab CD8ab TRM	2
CSASPPSEGYNEQFF	TRBV20-1	TRBJ2-1	CAVRDSNYQLIW	Donor AJD3280:L TCRab CD8ab TRM	1
CSGRGDRDYEQYF	TRBV20-1	TRBJ2-7	CAVRDSNYQLIW	Donor AJD3280:L TCRab CD8ab TRM	1
CSARGSRDYEQYF	TRBV20-1	TRBJ2-7	CVPMDSNYQLIW	Donor AJD3280:L TCRab CD8ab TRM	1
CASRMGQNQPQHF	TRBV27	TRBJ1-5	CAGMDSNYQLIW	Donor AJD3280:L TCRab CD8ab TRM	1
CASGKTEYNEQFF	TRBV27	TRBJ2-1	CAVIDSNYQLIW	Donor AJD3280:L TCRab CD8ab TRM	1
CASSQGSGETDTQYF	TRBV3-1	TRBJ2-3	CAAMDSNYQLIW	Donor AJD3280:L TCRab CD8ab TRM	1
CAWSVTGQGDISPLHF	TRBV30	TRBJ1-6	CAAMDSNYQLIW	Donor AJD3280:L TCRab CD8ab TRM	1
CASSQERGQGADTQYF	TRBV4-2	TRBJ2-3	CAVMDSNYQLIW	Donor AJD3280:L TCRab CD8ab TRM	1
CASSQGQVSGANVLTF	TRBV4-2	TRBJ2-6	CAVMDSNYQLIW	Donor AJD3280:L TCRab CD8ab TRM	1
CASSQGPPGGGAEETQYF	TRBV4-2	TRBJ2-5	CAVRDGDYKLSF	Donor AJD3280:L TCRab CD8ab TRM	1
CASSQEGGFSYEQYF	TRBV4-2	TRBJ2-7	CAVRDPSDSNYQLIW	Donor AJD3280:L TCRab CD8ab TRM	1
CASSQDGGQGADTQYF	TRBV4-2	TRBJ2-3	CAVRDSNYQLIW	Donor AJD3280:L TCRab CD8ab TRM	1
CASSQEASGGATDTQYF	TRBV4-2	TRBJ2-3	CAVTDSNYQLIW	Donor AJD3280:L TCRab CD8ab TRM	1
CASSQDKSSGANVLTF	TRBV4-3	TRBJ2-6	CAAMDSNYQLIW	Donor AJD3280:L TCRab CD8ab TRM	1
CASSQRTGDYNEQFF	TRBV4-3	TRBJ2-1	CATSDSNYQLIW	Donor AJD3280:L TCRab CD8ab TRM	1
CASSHYRGDSSYEQYF	TRBV4-3	TRBJ2-7	CAVKDSNYQLIW	Donor AJD3280:L TCRab CD8ab TRM	2
CASSQAPSGGGTDTQYF	TRBV4-3	TRBJ2-3	CAVRDSNYQLIW	Donor AJD3280:L TCRab CD8ab TRM	1
CASSQEQGNSNQPQHF	TRBV4-3	TRBJ1-5	CAVRSSGSARQLTF	Donor AJD3280:L TCRab CD8ab TRM	1
CASSDRDTGELFF	TRBV6-1	TRBJ2-2	CAVEDSNYQLIW	Donor AJD3280:L TCRab CD8ab TRM	1
CASSDSSGGAYNEQFF	TRBV6-1	TRBJ2-1	CAVLDSNYQLIW	Donor AJD3280:L TCRab CD8ab TRM	1
CASSVQGGGNTEAFF	TRBV6-1	TRBJ1-1	CAVLDSNYQLIW	Donor AJD3280:L TCRab CD8ab TRM	1
CASSEAENTEAFF	TRBV6-1	TRBJ1-1	CAVLDSSYKLIF	Donor AJD3280:L TCRab CD8ab TRM	1
CASSEAAGASYEQYF	TRBV6-1	TRBJ2-7	CAVMDSNYQLIW	Donor AJD3280:L TCRab CD8ab TRM	1
CASSEAQGAFYEQYF	TRBV6-1	TRBJ2-7	CAVMDSNYQLIW	Donor AJD3280:L TCRab CD8ab TRM	1
CASSEASGGAETQYF	TRBV6-1	TRBJ2-5	CAVMDSSYKLIF	Donor AJD3280:L TCRab CD8ab TRM	1
CASSELAGGQETQYF	TRBV6-1	TRBJ2-5	CAVMDSSYKLIF	Donor AJD3280:L TCRab CD8ab TRM	1
CASSEGTGFEKLFF	TRBV6-1	TRBJ1-4	CAVRDRNYQLIW	Donor AJD3280:L TCRab CD8ab TRM	1
CASSEAGAGSDTQYF	TRBV6-1	TRBJ2-3	CAVRDSNYQLIW	Donor AJD3280:L TCRab CD8ab TRM	1
CASSEEAGGPNEQFF	TRBV6-1	TRBJ2-1	CAVRDSNYQLIW	Donor AJD3280:L TCRab CD8ab TRM	1
CASSEGDSSYEQYF	TRBV6-1	TRBJ2-7	CAVRDSNYQLIW	Donor AJD3280:L TCRab CD8ab TRM	1
CASSEISGGADTQYF	TRBV6-1	TRBJ2-3	CAVRDSNYQLIW	Donor AJD3280:L TCRab CD8ab TRM	1
CASSDSDGETQYF	TRBV6-1	TRBJ2-5	CAVRVYNFNKFYF	Donor AJD3280:L TCRab CD8ab TRM	1
CASSESGGNSYEQYF	TRBV6-1	TRBJ2-7	CAVSDSNYQLIW	Donor AJD3280:L TCRab CD8ab TRM	2
CASSLVASGANVLTF	TRBV6-2	TRBJ2-6	CAALDSNYQLIW	Donor AJD3280:L TCRab CD8ab TRM	1
CASSYSSEGETQYF	TRBV6-2	TRBJ2-5	CAAQDSNYQLIW	Donor AJD3280:L TCRab CD8ab TRM	1
CASSADSAGVTGELFF	TRBV6-2	TRBJ2-2	CAVIDSNYQLIW	Donor AJD3280:L TCRab CD8ab TRM	1
CASSYDVTGVYEQYF	TRBV6-2	TRBJ2-7	CAVIDSNYQLIW	Donor AJD3280:L TCRab CD8ab TRM	1
CASSYDLAGAHTQYF	TRBV6-2	TRBJ2-3	CAVMDSNYQLIW	Donor AJD3280:L TCRab CD8ab TRM	1
CASSYSESIDEQFF	TRBV6-2	TRBJ2-1	CAVMDSNYQLIW	Donor AJD3280:L TCRab CD8ab TRM	3
CASSGSDVDTQYF	TRBV6-2	TRBJ2-3	CAVMDSSYKLIF	Donor AJD3280:L TCRab CD8ab TRM	1
CASSYSDTGELFF	TRBV6-2	TRBJ2-2	CAVMDSSYKLIF	Donor AJD3280:L TCRab CD8ab TRM	1
CASSYGTSGYEQYF	TRBV6-2	TRBJ2-7	CAVRDGDYKLSF	Donor AJD3280:L TCRab CD8ab TRM	1
CASSHRENTEAFF	TRBV6-2	TRBJ1-1	CAVRDSNYQLIW	Donor AJD3280:L TCRab CD8ab TRM	1
CASSYDTNTGELFF	TRBV6-2	TRBJ2-2	CAVRDSNYQLIW	Donor AJD3280:L TCRab CD8ab TRM	2
CASSYLGGDSSDEQYF	TRBV6-2	TRBJ2-7	CAVRDSNYQLIW	Donor AJD3280:L TCRab CD8ab TRM	8
CASSHRENTEAFF	TRBV6-2	TRBJ1-1	CAVRGNAGNMLTF	Donor AJD3280:L TCRab CD8ab TRM	1
CASSYSDRDEQYF	TRBV6-2	TRBJ2-7	CVLMDSNYQLIW	Donor AJD3280:L TCRab CD8ab TRM	1
CASSESSGGSTDTQYF	TRBV6-4	TRBJ2-3	CAAMDSNYQLIW	Donor AJD3280:L TCRab CD8ab TRM	1
CASSDSRSGANVLTF	TRBV6-4	TRBJ2-6	CAARDSNYQLIW	Donor AJD3280:L TCRab CD8ab TRM	1
CASSDSVGSTDTQYF	TRBV6-4	TRBJ2-3	CAGMDSNYQLIW	Donor AJD3280:L TCRab CD8ab TRM	13
CASSDSGGDSAEQFF	TRBV6-4	TRBJ2-1	CAVILKNSGYSTLTF	Donor AJD3280:L TCRab CD8ab TRM	1
CASSTGEGTEAFF	TRBV6-4	TRBJ1-1	CAVKDSNYQLIW	Donor AJD3280:L TCRab CD8ab TRM	1
CASSDSTSGETDTQYF	TRBV6-4	TRBJ2-3	CAVLDSNYQLIW	Donor AJD3280:L TCRab CD8ab TRM	1
CASSDSQGTDTQYF	TRBV6-4	TRBJ2-3	CAVMDSNYQLIW	Donor AJD3280:L TCRab CD8ab TRM	1
CASSDSRGSTDTQYF	TRBV6-4	TRBJ2-3	CAVMDSNYQLIW	Donor AJD3280:L TCRab CD8ab TRM	1
CASSTSDQGSGANVLTF	TRBV6-4	TRBJ2-6	CAVMDSNYQLIW	Donor AJD3280:L TCRab CD8ab TRM	1
CASSTSGGTDTQYF	TRBV6-4	TRBJ2-3	CAVMDSNYQLIW	Donor AJD3280:L TCRab CD8ab TRM	6
CASSELAGGSTDTQYF	TRBV6-4	TRBJ2-3	CAVMDSSYKLIF	Donor AJD3280:L TCRab CD8ab TRM	1
CASSVGETGELFF	TRBV6-4	TRBJ2-2	CAVMDSSYKLIF	Donor AJD3280:L TCRab CD8ab TRM	1
CASSDGSGANVLTF	TRBV6-4	TRBJ2-6	CAVRDEDYKLSF	Donor AJD3280:L TCRab CD8ab TRM	1
CASSESGGAGEQFF	TRBV6-4	TRBJ2-1	CAVRDGDYKLSF	Donor AJD3280:L TCRab CD8ab TRM	1
CASSGHSGEGYNEQFF	TRBV6-4	TRBJ2-1	CAVRDSNYQLIW	Donor AJD3280:L TCRab CD8ab TRM	2
CASSGTGDTGELFF	TRBV6-4	TRBJ2-2	CAVRDSNYQLIW	Donor AJD3280:L TCRab CD8ab TRM	1
CASSDSQGATGELFF	TRBV6-4	TRBJ2-2	CAVTDSNYQLIW	Donor AJD3280:L TCRab CD8ab TRM	1
CASSEASGGATDTQYF	TRBV6-4	TRBJ2-3	CVPMDSSYKLIF	Donor AJD3280:L TCRab CD8ab TRM	1
CASSYSPGQGLDEQYF	TRBV6-5	TRBJ2-7	CAGMDSNYQLIW	Donor AJD3280:L TCRab CD8ab TRM	1
CASSYSPDRAGPLHF	TRBV6-5	TRBJ1-6	CAGMDSSYKLIF	Donor AJD3280:L TCRab CD8ab TRM	1
CASSQTSGGPETQYF	TRBV6-5	TRBJ2-5	CAVMDSNYQLIW	Donor AJD3280:L TCRab CD8ab TRM	1
CASSRHPNQPQHF	TRBV6-6	TRBJ1-5	CAAMDSNYQLIW	Donor AJD3280:L TCRab CD8ab TRM	1
CASSLSSGGRQETQYF	TRBV6-6	TRBJ2-5	CAVRDTNNARLMF	Donor AJD3280:L TCRab CD8ab TRM	1
CASSLVLGWDGYTF	TRBV7-3	TRBJ1-2	CALAAGNKLTF	Donor AJD3280:L TCRab CD8ab TRM	1
CASSPPGGVDSPLHF	TRBV9	TRBJ1-6	CAVRDRLTGGGNKLTF	Donor AJD3280:L TCRab CD8ab TRM	1
CASRVPWTGELFF	TRBV19	TRBJ2-2	CVVSGSTSGTYKYIF	Donor AJD3280:L TCRab CD8ab TRM	1
CSATGQLNNQPQHF	TRBV20-1	TRBJ1-5	CVVSVANNARLMF	Donor AJD3280:L TCRab CD8ab TRM	1
CASMDGAGGNEQFF	TRBV25-1	TRBJ2-1	CVVSDRGSTLGRLYF	Donor AJD3280:L TCRab CD8ab TRM	1
CASSQDRQGADIQYF	TRBV4-3	TRBJ2-4	CVVSGWPGRNCSDLWEGNHLISEFQSWVEIPNTANHFCMGICYSVNSGYSTLTF	Donor AJD3280:L TCRab CD8ab TRM	1
CASRRGPGLNTEAFF	TRBV5-1	TRBJ1-1	CVVHASGGSYIPTF	Donor AJD3280:L TCRab CD8ab TRM	1
CASGEPGRSEAFF	TRBV6-1	TRBJ1-1	CVVRNGQKLLF	Donor AJD3280:L TCRab CD8ab TRM	1
CASSLGSYEQYF	TRBV7-9	TRBJ2-7	CVVPASENTDKLIF	Donor AJD3280:L TCRab CD8ab TRM	1
CASSPGQGHTDTQYF	TRBV11-2	TRBJ2-3	CVVIYSSASKIIF	Donor AJD3280:L TCRab CD8ab TRM	1
CASRYAGQPQHF	TRBV12-3	TRBJ1-5	CVFQYSSASKIIF	Donor AJD3280:L TCRab CD8ab TRM	1
CASSIGTDGYTF	TRBV12-4	TRBJ1-2	CVVNKASKIIF	Donor AJD3280:L TCRab CD8ab TRM	1
CASSTQTATGELFF	TRBV19	TRBJ2-2	CVPRANNARLMF	Donor AJD3280:L TCRab CD8ab TRM	1
CASSEGKVIPGELFF	TRBV2	TRBJ2-2	CVVNGRDSSYKLIF	Donor AJD3280:L TCRab CD8ab TRM	1
CSARDFGPGNTIYF	TRBV20-1	TRBJ1-3	CVAQRGDSSYKLIF	Donor AJD3280:L TCRab CD8ab TRM	1
CSARDRGTTDTQYF	TRBV20-1	TRBJ2-3	CVVGDYKLSF	Donor AJD3280:L TCRab CD8ab TRM	1
CATSAGGRELNEQFF	TRBV24-1	TRBJ2-1	CVVNRAAGNKLTF	Donor AJD3280:L TCRab CD8ab TRM	1
CASSPGQGRTEAFF	TRBV4-1	TRBJ1-1	CVVLDRGSTLGRLYF	Donor AJD3280:L TCRab CD8ab TRM	1
CASSQVFNTEAFF	TRBV4-1	TRBJ1-1	CVVNQRGSQGNLIF	Donor AJD3280:L TCRab CD8ab TRM	1
CASSQGLDQPQHF	TRBV4-3	TRBJ1-5	CVVNGGNTGFQKLVF	Donor AJD3280:L TCRab CD8ab TRM	1
CASSLDRDGSPLHF	TRBV5-4	TRBJ1-6	CVVNQNGGFKTIF	Donor AJD3280:L TCRab CD8ab TRM	1
CASSNTAPQQGNYGYTF	TRBV6-5	TRBJ1-2	CVVNRGSSASKIIF	Donor AJD3280:L TCRab CD8ab TRM	1
CASSYGRNYGYTF	TRBV6-5	TRBJ1-2	CVVTAGGFKTIF	Donor AJD3280:L TCRab CD8ab TRM	1
CASSANAGGNTIYF	TRBV7-2	TRBJ1-3	CVVNRGSGGGADGLTF	Donor AJD3280:L TCRab CD8ab TRM	2
CASSPEIEAFF	TRBV7-9	TRBJ1-1	CVVNKDDKIIF	Donor AJD3280:L TCRab CD8ab TRM	1
CASSLIAGASDTGELFF	TRBV9	TRBJ2-2	CVVEPLRDYKLSF	Donor AJD3280:L TCRab CD8ab TRM	1
CASSRLPSGQGNQPQHF	TRBV19	TRBJ1-5	CAVFSTGGGNKLTF	Donor AJD3280:L TCRab CD8ab TRM	1
CSARSSRGQGGYTF	TRBV20-1	TRBJ1-2	CAVGSSASKIIF	Donor AJD3280:L TCRab CD8ab TRM	1
CSARALNDSPLHF	TRBV20-1	TRBJ1-6	CAVISSGSARQLTF	Donor AJD3280:L TCRab CD8ab TRM	1
CSARAWDGVAFF	TRBV20-1	TRBJ1-1	CAVREDGANSKLTF	Donor AJD3280:L TCRab CD8ab TRM	1
CSAREGGTVADEQYF	TRBV20-1	TRBJ2-7	CAVRNQGGKLIF	Donor AJD3280:L TCRab CD8ab TRM	1
CASSPWASGGKETQYF	TRBV27	TRBJ2-5	CAVKERYSGGGADGLTF	Donor AJD3280:L TCRab CD8ab TRM	1
CASSFSAQGQPQHF	TRBV27	TRBJ1-5	CAVTGRRALTF	Donor AJD3280:L TCRab CD8ab TRM	1
CAWSPDREIFTEAFF	TRBV30	TRBJ1-1	CAVNNSNYQLIW	Donor AJD3280:L TCRab CD8ab TRM	5
CASSGTRGYTF	TRBV4-3	TRBJ1-2	CAVRQIDYKLSF	Donor AJD3280:L TCRab CD8ab TRM	1
CASSSDFDEQYF	TRBV5-4	TRBJ2-7	CAVNMWAGGTSYGKLTF	Donor AJD3280:L TCRab CD8ab TRM	1
CASSPILAGGPYEQFF	TRBV6-2	TRBJ2-1	CAPLGDDYKLSF	Donor AJD3280:L TCRab CD8ab TRM	2
CASVSGQGGSPLHF	TRBV6-2	TRBJ1-6	CAVRGTGRRALTF	Donor AJD3280:L TCRab CD8ab TRM	1
CASSYSVSGRKDGYTF	TRBV6-5	TRBJ1-2	CAVNKATGGGNKLTF	Donor AJD3280:L TCRab CD8ab TRM	1
CADTPLGRVSETQYF	TRBV7-2	TRBJ2-5	CAVKEGSNYKLTF	Donor AJD3280:L TCRab CD8ab TRM	1
CASSLVSSGATDTQYF	TRBV7-2	TRBJ2-3	CAVKGDSWGKLQF	Donor AJD3280:L TCRab CD8ab TRM	1
CASSSQGAGSYNEQFF	TRBV7-2	TRBJ2-1	CAVKVGSYIPTF	Donor AJD3280:L TCRab CD8ab TRM	1
CASSSNTGELFF	TRBV7-8	TRBJ2-2	CAVNAGNNRKLIW	Donor AJD3280:L TCRab CD8ab TRM	1
CASTTTGMPNEKLFF	TRBV7-9	TRBJ1-4	CAVNEGRTGGFKTIF	Donor AJD3280:L TCRab CD8ab TRM	1
CASSVEAGEIATDTQYF	TRBV9	TRBJ2-3	CAVADGGGYQKVTF	Donor AJD3280:L TCRab CD8ab TRM	1
CASSLRVDRYSNQPQHF	TRBV27	TRBJ1-5	CAMRAYTGGFKTIF	Donor AJD3280:L TCRab CD8ab TRM	1
CSVEGQGNGESYEQYF	TRBV29-1	TRBJ2-7	CAMRGYGQNFVF	Donor AJD3280:L TCRab CD8ab TRM	1
CASSQYYSGGAYEQYF	TRBV4-1	TRBJ2-7	CAMSDATGYSTLTF	Donor AJD3280:L TCRab CD8ab TRM	1
CASSFGPVGYTF	TRBV5-1	TRBJ1-2	CAMRTIQGAQKLVF	Donor AJD3280:L TCRab CD8ab TRM	1
CASSLGDRVIYGYTF	TRBV5-1	TRBJ1-2	CAMSYSGNQFYF	Donor AJD3280:L TCRab CD8ab TRM	1
CASSWRTGGNTIYF	TRBV6-6	TRBJ1-3	CAMKEETSGSRLTF	Donor AJD3280:L TCRab CD8ab TRM	1
CASSPTLTGELFF	TRBV7-9	TRBJ2-2	CAMSQNTGNQFYF	Donor AJD3280:L TCRab CD8ab TRM	1
CASSSGDTQYF	TRBV7-9	TRBJ2-3	CAPWEKAAGNKLTF	Donor AJD3280:L TCRab CD8ab TRM	1
CAISVTGGNTGELFF	TRBV10-3	TRBJ2-2	CAASINNARLMF	Donor AJD3280:L TCRab CD8ab TRM	1
CAINSGQGRETQYF	TRBV10-3	TRBJ2-5	CAASNGGGGADGLTF	Donor AJD3280:L TCRab CD8ab TRM	1
CAISDGGDTQYF	TRBV10-3	TRBJ2-3	CAATFRTGANNLFF	Donor AJD3280:L TCRab CD8ab TRM	1
CAISESPGNTIYF	TRBV10-3	TRBJ1-3	CAPNNAGNMLTF	Donor AJD3280:L TCRab CD8ab TRM	1
CASSPWGGPGANVLTF	TRBV12-4	TRBJ2-6	CAALGTNAGKSTF	Donor AJD3280:L TCRab CD8ab TRM	1
CASSRPGQGRELFF	TRBV12-4	TRBJ2-2	CAASRTGANSKLTF	Donor AJD3280:L TCRab CD8ab TRM	1
CASGSGTGVGTF	TRBV12-5	TRBJ1-2	CAAGQGTYKYIF	Donor AJD3280:L TCRab CD8ab TRM	1
CATSSGWGAYGYTF	TRBV15	TRBJ1-2	CAASTRGSGGGADGLTF	Donor AJD3280:L TCRab CD8ab TRM	1
CASSQLGKTGIETQYF	TRBV18	TRBJ2-5	CAASIGFGNVLHC	Donor AJD3280:L TCRab CD8ab TRM	1
CASSWTRVKETQYF	TRBV2	TRBJ2-5	CAAGPADDSGSRLTF	Donor AJD3280:L TCRab CD8ab TRM	1
CATSDPATLGNEQFF	TRBV24-1	TRBJ2-1	CAAPLSGSARQLTF	Donor AJD3280:L TCRab CD8ab TRM	1
CSVGPEATNEKLFF	TRBV29-1	TRBJ1-4	CAASIEPNLLKLIF	Donor AJD3280:L TCRab CD8ab TRM	1
CASSQGTGTYEQYF	TRBV3-1	TRBJ2-7	CASATGGYQKVTF	Donor AJD3280:L TCRab CD8ab TRM	1
CASSQDERGAYNEQFF	TRBV4-2	TRBJ2-1	CAATNGNKLVF	Donor AJD3280:L TCRab CD8ab TRM	1
CASSLVGGTDSPLHF	TRBV5-1	TRBJ1-6	CAARASDPGSARQLTF	Donor AJD3280:L TCRab CD8ab TRM	1
CASSLDMDQPQHF	TRBV5-4	TRBJ1-5	CAASIRGYGNKLVF	Donor AJD3280:L TCRab CD8ab TRM	1
CASSEYGGSINQPQHF	TRBV6-1	TRBJ1-5	CAAKTSNDYKLSF	Donor AJD3280:L TCRab CD8ab TRM	1
CASSSTGGDEQFF	TRBV6-4	TRBJ2-1	CAAFDSWGKLQF	Donor AJD3280:L TCRab CD8ab TRM	1
CASSDSWGGGSPLHF	TRBV6-4	TRBJ1-6	CAASTGGGADGLTF	Donor AJD3280:L TCRab CD8ab TRM	1
CASSYQNEQFF	TRBV7-9	TRBJ2-1	CAASPGFGNVLHC	Donor AJD3280:L TCRab CD8ab TRM	1
CAIKPGQGSNSPLHF	TRBV10-3	TRBJ1-6	CAENIPPGRRALTF	Donor AJD3280:L TCRab CD8ab TRM	1
CASSLPTSGGADEQFF	TRBV12-3	TRBJ2-1	CAENRPEDYKLSF	Donor AJD3280:L TCRab CD8ab TRM	1
CASSVPWDRSAPQHF	TRBV19	TRBJ1-5	CADRMEYGNKLVF	Donor AJD3280:L TCRab CD8ab TRM	1
CASWTGANYGYTF	TRBV19	TRBJ1-2	CAERTAGNKLTF	Donor AJD3280:L TCRab CD8ab TRM	1
CASTTGDGTEAFF	TRBV2	TRBJ1-1	CAENENSGAGSYQLTF	Donor AJD3280:L TCRab CD8ab TRM	1
CASTPTNTGELFF	TRBV27	TRBJ2-2	CAEIPDNYGQNFVF	Donor AJD3280:L TCRab CD8ab TRM	1
CASSLDDLTDTQYF	TRBV5-1	TRBJ2-3	CAENKRNAGNMLTF	Donor AJD3280:L TCRab CD8ab TRM	3
CASSGRTRGSTDTQYF	TRBV5-5	TRBJ2-3	CAENPNFGNEKLTF	Donor AJD3280:L TCRab CD8ab TRM	1
CASTSYNSPLHF	TRBV5-8	TRBJ1-6	CAENIIQGAQKLVF	Donor AJD3280:L TCRab CD8ab TRM	1
CASSELGASSYNSPLHF	TRBV6-1	TRBJ1-6	CAEKDSGYSTLTF	Donor AJD3280:L TCRab CD8ab TRM	1
CASSDPGAGTGELFF	TRBV6-6	TRBJ2-2	CAESGMDSSYKLIF	Donor AJD3280:L TCRab CD8ab TRM	1
CASSFRQGGTEAFF	TRBV7-2	TRBJ1-1	CAEIRNYGQNFVF	Donor AJD3280:L TCRab CD8ab TRM	1
CASSLVRDYGYTF	TRBV7-2	TRBJ1-2	CAEKRNGNKLVF	Donor AJD3280:L TCRab CD8ab TRM	1
CASSSTRDNTGELFF	TRBV7-3	TRBJ2-2	CAENEDNFNKFYF	Donor AJD3280:L TCRab CD8ab TRM	2
CASSLNRNTGELFF	TRBV7-3	TRBJ2-2	CAERSHNNNDMRF	Donor AJD3280:L TCRab CD8ab TRM	1
CASSLEGGTEAFF	TRBV7-9	TRBJ1-1	CADMDSSYKLIF	Donor AJD3280:L TCRab CD8ab TRM	2
CASSLAAGGRSYNEQFF	TRBV7-9	TRBJ2-1	CAENRFGSFGNEKLTF	Donor AJD3280:L TCRab CD8ab TRM	1
CASSRQGMNTEAFF	TRBV19	TRBJ1-1	CAMRSTGTASKLTF	Donor AJD3280:L TCRab CD8ab TRM	1
CSARGALGGEQYF	TRBV20-1	TRBJ2-7	CAMREFGDNFNKFYF	Donor AJD3280:L TCRab CD8ab TRM	1
CASSPTGGFLETQYF	TRBV27	TRBJ2-5	CAMREGRWAGGTSYGKLTF	Donor AJD3280:L TCRab CD8ab TRM	1
CASSLQLGPNTEAFF	TRBV27	TRBJ1-1	CAMRERGYQKVTF	Donor AJD3280:L TCRab CD8ab TRM	1
CASSLQGSYEQYF	TRBV28	TRBJ2-7	CAMREGFGNVLHC	Donor AJD3280:L TCRab CD8ab TRM	1
CAWSDLNEQYF	TRBV30	TRBJ2-7	CAMRPTTSGTYKYIF	Donor AJD3280:L TCRab CD8ab TRM	1
CASSQVGNQRAFF	TRBV4-3	TRBJ1-1	CAMREAQGGSEKLVF	Donor AJD3280:L TCRab CD8ab TRM	1
CATARGADTDTQYF	TRBV5-1	TRBJ2-3	CAMREGAWVFNQGAQKLVF	Donor AJD3280:L TCRab CD8ab TRM	1
CASSPGTSGPYEQYF	TRBV5-4	TRBJ2-7	CAMRDLYGGATNKLIF	Donor AJD3280:L TCRab CD8ab TRM	1
CASSLTTGENYEQYF	TRBV7-8	TRBJ2-7	CAMREDSGNQFYF	Donor AJD3280:L TCRab CD8ab TRM	1
CASSLAAGPSGNTIYF	TRBV7-9	TRBJ1-3	CAMRRPSGGYNKLIF	Donor AJD3280:L TCRab CD8ab TRM	4
CASSPGAGEKFTYEQYF	TRBV7-9	TRBJ2-7	CASLTGNQFYF	Donor AJD3280:L TCRab CD8ab TRM	2
CASSLVPGRNEQFF	TRBV11-2	TRBJ2-1	CAINTNAGKSTF	Donor AJD3280:L TCRab CD8ab TRM	1
CSASQQTQYF	TRBV29-1	TRBJ2-5	CALRNSGNTPLVF	Donor AJD3280:L TCRab CD8ab TRM	1
CAWSRPGRISGANVLTF	TRBV30	TRBJ2-6	CALALYQGAQKLVF	Donor AJD3280:L TCRab CD8ab TRM	1
CATQKEETQYF	TRBV7-9	TRBJ2-5	CALSGSQGFQKLVF	Donor AJD3280:L TCRab CD8ab TRM	1
CASRQQGEGNTIYF	TRBV10-2	TRBJ1-3	CARLTGGGNKLTF	Donor AJD3280:L TCRab CD8ab TRM	1
CASTEGNEQFF	TRBV11-2	TRBJ2-1	CATNTGGFKTIF	Donor AJD3280:L TCRab CD8ab TRM	1
CASSQSPSTSGETQYF	TRBV14	TRBJ2-5	CATVPTGGFKTIF	Donor AJD3280:L TCRab CD8ab TRM	1
CASSIGYLGTDTQYF	TRBV19	TRBJ2-3	CATDSLNRDDKIIF	Donor AJD3280:L TCRab CD8ab TRM	1
CSAPDRVGGNTIYF	TRBV20-1	TRBJ1-3	CATDATGTASKLTF	Donor AJD3280:L TCRab CD8ab TRM	1
CSADKRLYGYTF	TRBV20-1	TRBJ1-2	CATDTGAQKLVF	Donor AJD3280:L TCRab CD8ab TRM	1
CSGSAGGQETQYF	TRBV29-1	TRBJ2-5	CATDPLRSGSRLTF	Donor AJD3280:L TCRab CD8ab TRM	1
CASSPERGGGTDTQYF	TRBV3-1	TRBJ2-3	CAFGTGRRALTF	Donor AJD3280:L TCRab CD8ab TRM	1
CASSQDVAQGFFYEQYF	TRBV3-1	TRBJ2-7	CATRSNDYKLSF	Donor AJD3280:L TCRab CD8ab TRM	1
CASSPGWDPAADTQYF	TRBV4-1	TRBJ2-3	CATDGAPTSYDKVIF	Donor AJD3280:L TCRab CD8ab TRM	1
CASSQEGGIYNEQFF	TRBV4-3	TRBJ2-1	CATAPFNNAGNMLTF	Donor AJD3280:L TCRab CD8ab TRM	1
CASSSDPWGGANVLTF	TRBV5-1	TRBJ2-6	CATGFNSGYSTLTF	Donor AJD3280:L TCRab CD8ab TRM	1
CASSLRVEPYNSPLHF	TRBV6-6	TRBJ1-6	CATDGVSGTYKYIF	Donor AJD3280:L TCRab CD8ab TRM	1
CASSPTRDKQYF	TRBV7-2	TRBJ2-5	CATASGTYKYIF	Donor AJD3280:L TCRab CD8ab TRM	1
CASSFKQGTGAEKLFF	TRBV7-2	TRBJ1-4	CATISGTYKYIF	Donor AJD3280:L TCRab CD8ab TRM	1
CASSFNGNTEAFF	TRBV7-3	TRBJ1-1	CAHKSGAGSYQLTF	Donor AJD3280:L TCRab CD8ab TRM	1
CASSPGTAREKLFF	TRBV7-8	TRBJ1-4	CATDRNYGGATNKLIF	Donor AJD3280:L TCRab CD8ab TRM	1
CASSMLGGGYNEQFF	TRBV7-9	TRBJ2-1	CATPQGAQKLVF	Donor AJD3280:L TCRab CD8ab TRM	1
CASSAAGKGTQYF	TRBV9	TRBJ2-5	CATGFNSGYSTLTF	Donor AJD3280:L TCRab CD8ab TRM	1
CASSLSGELFF	TRBV12-4	TRBJ2-2	CALSEEGQGGSEKLVF	Donor AJD3280:L TCRab CD8ab TRM	1
CASGLFGAGANVLTF	TRBV12-5	TRBJ2-6	CALSGLGTGNQFYF	Donor AJD3280:L TCRab CD8ab TRM	1
CASSERGPNYGYTF	TRBV2	TRBJ1-2	CALNSNYQLIW	Donor AJD3280:L TCRab CD8ab TRM	1
CASRGGFSTDTQYF	TRBV2	TRBJ2-3	CALSEAGGANSKLTF	Donor AJD3280:L TCRab CD8ab TRM	1
CSAIFSGNNEQFF	TRBV20-1	TRBJ2-1	CALSAPSGSARQLTF	Donor AJD3280:L TCRab CD8ab TRM	1
CSAKTGGGREKLFF	TRBV20-1	TRBJ1-4	CALSERRGAQKLVF	Donor AJD3280:L TCRab CD8ab TRM	1
CASSFGRSNEQFF	TRBV27	TRBJ2-1	CALSDHRDDKIIF	Donor AJD3280:L TCRab CD8ab TRM	1
CSVTYTNTGELFF	TRBV29-1	TRBJ2-2	CALSEAGTGFQKLVF	Donor AJD3280:L TCRab CD8ab TRM	1
CASSQDQAGGVGYTF	TRBV3-1	TRBJ1-2	CALSEAGTYNNNDMRF	Donor AJD3280:L TCRab CD8ab TRM	1
CASSQEVHPGPEAFF	TRBV4-3	TRBJ1-1	CALSEAGGYGGATNKLIF	Donor AJD3280:L TCRab CD8ab TRM	1
CASSLGSGQGIYGYTF	TRBV5-1	TRBJ1-2	CALSENSNARLMF	Donor AJD3280:L TCRab CD8ab TRM	1
CASSSAYGTMNLEQYF	TRBV5-1	TRBJ2-7	CALSPNNAGNMLTF	Donor AJD3280:L TCRab CD8ab TRM	1
CASSYDAGSVSMVNTEAFF	TRBV6-2	TRBJ1-1	CALKLGFQKLVF	Donor AJD3280:L TCRab CD8ab TRM	1
CASRHRRGSTGELFF	TRBV6-2	TRBJ2-2	CALSEAGGSRLTF	Donor AJD3280:L TCRab CD8ab TRM	1
CASSLGVANSPLHF	TRBV7-3	TRBJ1-6	CALSEEVGYQKVTF	Donor AJD3280:L TCRab CD8ab TRM	1
CASSLGGPPAEAFF	TRBV7-6	TRBJ1-1	CALSEAEETSGSRLTF	Donor AJD3280:L TCRab CD8ab TRM	1
CASSLGTGYEQYF	TRBV7-7	TRBJ2-7	CALSEAGAGGTSYGKLTF	Donor AJD3280:L TCRab CD8ab TRM	1
CASRGGQGENTEAFF	TRBV7-9	TRBJ1-1	CALRPLIQGAQKLVF	Donor AJD3280:L TCRab CD8ab TRM	1
CASSVSSYNSPLHF	TRBV9	TRBJ1-6	CALSETQGGSEKLVF	Donor AJD3280:L TCRab CD8ab TRM	1
CAISEPSGVTNYGYTF	TRBV10-3	TRBJ1-2	CAVANTGFQKLVF	Donor AJD3280:L TCRab CD8ab TRM	1
CASSPEPADTQYF	TRBV18	TRBJ2-3	CAVDASGGSYIPTF	Donor AJD3280:L TCRab CD8ab TRM	1
CASSIPPDRGTGELFF	TRBV19	TRBJ2-2	CAVEVNNARLMF	Donor AJD3280:L TCRab CD8ab TRM	1
CASSPGQGKAEAFF	TRBV19	TRBJ1-1	CAVGGSSDGQKLLF	Donor AJD3280:L TCRab CD8ab TRM	1
CSAEGGFGDYEQYF	TRBV20-1	TRBJ2-7	CAVVDLFSGGYNKLIF	Donor AJD3280:L TCRab CD8ab TRM	1
CASSLSGQSNQPQHF	TRBV27	TRBJ1-5	CAVEPNTGFQKLVF	Donor AJD3280:L TCRab CD8ab TRM	1
CASSQDLAGGPDTQYF	TRBV4-3	TRBJ2-3	CAVEPPNTGGFKTIF	Donor AJD3280:L TCRab CD8ab TRM	1
CASSQDRAGAGLEQYF	TRBV4-3	TRBJ2-7	CAVGDRMDTGFQKLVF	Donor AJD3280:L TCRab CD8ab TRM	1
CASSLDGGAHGELFF	TRBV5-1	TRBJ2-2	CAKKFYF	Donor AJD3280:L TCRab CD8ab TRM	1
CASSVGPSTEAFF	TRBV9	TRBJ1-1	CAVEDPPYNYGQNFVF	Donor AJD3280:L TCRab CD8ab TRM	1
CASSLLDEQYF	TRBV12-3	TRBJ2-7	CAVIDSGYALNF	Donor AJD3280:L TCRab CD8ab TRM	1
CATSRSLGGDYNEQFF	TRBV15	TRBJ2-1	CAARMNYGGATNKLIF	Donor AJD3280:L TCRab CD8ab TRM	2
CASSTPGLKETQYF	TRBV19	TRBJ2-5	CAVQIISSGSARQLTF	Donor AJD3280:L TCRab CD8ab TRM	1
CASTSGDSTYEQYF	TRBV2	TRBJ2-7	CAAATNRDDKIIF	Donor AJD3280:L TCRab CD8ab TRM	1
CSVVWRNPGTEAFF	TRBV29-1	TRBJ1-1	CAVQGMAGNQFYF	Donor AJD3280:L TCRab CD8ab TRM	1
CSVSAGGGGEKLFF	TRBV29-1	TRBJ1-4	CAVRSGYSSASKIIF	Donor AJD3280:L TCRab CD8ab TRM	1
CAWSTGTNQPQHF	TRBV30	TRBJ1-5	CAVQDHQGAQKLVF	Donor AJD3280:L TCRab CD8ab TRM	1
CASSQVHTAFSYEQYF	TRBV4-3	TRBJ2-7	CAVLTSHNQGGKLIF	Donor AJD3280:L TCRab CD8ab TRM	1
CASSEHGPPYEQYF	TRBV6-1	TRBJ2-7	CAAIGFGNVLHC	Donor AJD3280:L TCRab CD8ab TRM	1
CASDSTGDQPQHF	TRBV6-1	TRBJ1-5	CAVQGMSGGSNYKLTF	Donor AJD3280:L TCRab CD8ab TRM	1
CASSPTRSRYGYTF	TRBV6-5	TRBJ1-2	CAVQADMLTF	Donor AJD3280:L TCRab CD8ab TRM	1
CASSVGKGLGTEAFF	TRBV9	TRBJ1-1	CAVQAVNYGGATNKLIF	Donor AJD3280:L TCRab CD8ab TRM	2
CASSLQPGNTEAFF	TRBV11-3	TRBJ1-1	CAVLTQGGSEKLVF	Donor AJD3280:L TCRab CD8ab TRM	1
CASSPQRGTSTDTQYF	TRBV18	TRBJ2-3	CAVRDSSASKIIF	Donor AJD3280:L TCRab CD8ab TRM	1
CASRTADRADTEAFF	TRBV19	TRBJ1-1	CAVGTSYGKLTF	Donor AJD3280:L TCRab CD8ab TRM	1
CSARDVRGTSGNSPLHF	TRBV20-1	TRBJ1-6	CAVKVSNNARLMF	Donor AJD3280:L TCRab CD8ab TRM	1
CASSADSNSPLHF	TRBV3-1	TRBJ1-6	CAVTVGTGANNLFF	Donor AJD3280:L TCRab CD8ab TRM	1
CASSYWDTGELFF	TRBV4-2	TRBJ2-2	CAGRGGGADGLTF	Donor AJD3280:L TCRab CD8ab TRM	1
CASSQEGSEGRQETQYF	TRBV4-2	TRBJ2-5	CALPGGPGNTGKLIF	Donor AJD3280:L TCRab CD8ab TRM	1
CASSQDRTSVATGELFF	TRBV4-3	TRBJ2-2	CAVIPNSGGYQKVTF	Donor AJD3280:L TCRab CD8ab TRM	1
CASSPWAGGYEQYF	TRBV4-3	TRBJ2-7	CAVRETSGSRLTF	Donor AJD3280:L TCRab CD8ab TRM	1
CASSLAGGNYGYTF	TRBV5-8	TRBJ1-2	CAVRSTGNQFYF	Donor AJD3280:L TCRab CD8ab TRM	1
CASSGSGQRPSSYNEQFF	TRBV6-1	TRBJ2-1	CAPNYGGATNKLIF	Donor AJD3280:L TCRab CD8ab TRM	1
CASSPRQVSNSPLHF	TRBV7-2	TRBJ1-6	CAVDNYGQNFVF	Donor AJD3280:L TCRab CD8ab TRM	1
CASSGYLRGGTDTQYF	TRBV7-2	TRBJ2-3	CAVGTGGYNKLIF	Donor AJD3280:L TCRab CD8ab TRM	1
CASGTGKNQPQHF	TRBV7-2	TRBJ1-5	CAVLWGDSWGKLQF	Donor AJD3280:L TCRab CD8ab TRM	2
CASSPTGPTDTQYF	TRBV7-2	TRBJ2-3	CAVRPRSSASKIIF	Donor AJD3280:L TCRab CD8ab TRM	1
CASSSGTSGTDTQYF	TRBV7-3	TRBJ2-3	CAVVPGNQFYF	Donor AJD3280:L TCRab CD8ab TRM	1
CASSSQDSPNYGYTF	TRBV9	TRBJ1-2	CAVNNAGNMLTF	Donor AJD3280:L TCRab CD8ab TRM	1
CASSLRTAGWDGYTF	TRBV9	TRBJ1-2	CAVRRGRDDKIIF	Donor AJD3280:L TCRab CD8ab TRM	1
CASSIFAEAFF	TRBV19	TRBJ1-1	CAANYGGSQGNLIF	Donor AJD3280:L TCRab CD8ab TRM	1
CASSIGSALNPYGYTF	TRBV19	TRBJ1-2	CALLNSGGSNYKLTF	Donor AJD3280:L TCRab CD8ab TRM	1
CASSSYGTSTDTQYF	TRBV19	TRBJ2-3	CAVATNFGNEKLTF	Donor AJD3280:L TCRab CD8ab TRM	1
CASRGTGVVGYTF	TRBV19	TRBJ1-2	CAVGRWGGSQGNLIF	Donor AJD3280:L TCRab CD8ab TRM	1
CASKGDRPNTIYF	TRBV19	TRBJ1-3	CAVKRDGGSQGNLIF	Donor AJD3280:L TCRab CD8ab TRM	2
CASSTPGRGSYEQYF	TRBV19	TRBJ2-7	CAVLNYGGSQGNLIF	Donor AJD3280:L TCRab CD8ab TRM	1
CAWRSQGATEAFF	TRBV30	TRBJ1-1	CAVERGYDMRF	Donor AJD3280:L TCRab CD8ab TRM	1
CASSLSWVAGGPLRDNEQFF	TRBV4-3	TRBJ2-1	CAVGGPSGGYNKLIF	Donor AJD3280:L TCRab CD8ab TRM	1
CASSLMGLNTGELFF	TRBV5-1	TRBJ2-2	CAVTETSGSRLTF	Donor AJD3280:L TCRab CD8ab TRM	1
CASSLGGFRELFF	TRBV5-4	TRBJ2-2	CAVEGTTGANSKLTF	Donor AJD3280:L TCRab CD8ab TRM	1
CASSFTTMGNTQYF	TRBV5-4	TRBJ2-3	CAVGNSNSGYALNF	Donor AJD3280:L TCRab CD8ab TRM	1
CASSEPASPSNYGYTF	TRBV6-1	TRBJ1-2	CAVALYGGSQGNLIF	Donor AJD3280:L TCRab CD8ab TRM	2
CASSLGLAGADTQYF	TRBV6-2	TRBJ2-3	CAPHSGGGADGLTF	Donor AJD3280:L TCRab CD8ab TRM	1
CASSLAAGFYEQYF	TRBV7-2	TRBJ2-7	CAVLNSGGSNYKLTF	Donor AJD3280:L TCRab CD8ab TRM	1
CASSSTFTGELFF	TRBV7-6	TRBJ2-2	CAVNQAGTALIF	Donor AJD3280:L TCRab CD8ab TRM	1
CASRKAGGILSTDTQYF	TRBV7-8	TRBJ2-3	CAVVRSGNQFYF	Donor AJD3280:L TCRab CD8ab TRM	1
CATLDRVAYEQYF	TRBV10-3	TRBJ2-7	CAASKGYSTLTF	Donor AJD3280:L TCRab CD8ab TRM	2
CATSDISLGTQYF	TRBV15	TRBJ2-5	CAASIDSGGSNYKLTF	Donor AJD3280:L TCRab CD8ab TRM	1
CASSHKRDRETFNYGYTF	TRBV2	TRBJ1-2	CAAKYRDDKIIF	Donor AJD3280:L TCRab CD8ab TRM	1
CASSSGGGFTGELFF	TRBV27	TRBJ2-2	CAANGNNARLMF	Donor AJD3280:L TCRab CD8ab TRM	1
CAWTGGLAREQFF	TRBV30	TRBJ2-1	CAASKDSWGKLQF	Donor AJD3280:L TCRab CD8ab TRM	1
CASSQDQEYTEAFF	TRBV4-3	TRBJ1-1	CAASVRDNYGQNFVF	Donor AJD3280:L TCRab CD8ab TRM	1
CASSLDIGGSGANVLTF	TRBV5-1	TRBJ2-6	CAAMDNNARLMF	Donor AJD3280:L TCRab CD8ab TRM	1
CASKGRPNYGYTF	TRBV5-1	TRBJ1-2	CAASKKGGSEKLVF	Donor AJD3280:L TCRab CD8ab TRM	1
CASSTTGGDTGELFF	TRBV6-2	TRBJ2-2	CAASTGGGGADGLTF	Donor AJD3280:L TCRab CD8ab TRM	1
CASSYSGGAGTDTQYF	TRBV6-5	TRBJ2-3	CAASAYSGAGSYQLTF	Donor AJD3280:L TCRab CD8ab TRM	1
CASSLLFTDTQYF	TRBV7-2	TRBJ2-3	CAASKGNKLVF	Donor AJD3280:L TCRab CD8ab TRM	1
CASSFAQVGYGYTF	TRBV7-8	TRBJ1-2	CAASSNSGGSNYKLTF	Donor AJD3280:L TCRab CD8ab TRM	2
CASSLQGRTEAFF	TRBV7-9	TRBJ1-1	CAASLYGSGNTGKLIF	Donor AJD3280:L TCRab CD8ab TRM	1
CASSGGAGADYGYTF	TRBV9	TRBJ1-2	CAARFGGNQFYF	Donor AJD3280:L TCRab CD8ab TRM	2
CASSQDWSVDTQYF	TRBV4-1	TRBJ2-3	CALRNYGGSQGNLIF	Donor AJD3280:L TCRab CD8ab TRM	1
CASSSSGETQYF	TRBV6-2	TRBJ2-5	CAFSSGSARQLTF	Donor AJD3280:L TCRab CD8ab TRM	1
CASSFSRGAFF	TRBV11-2	TRBJ1-1	CAGPNNAGKSTF	Donor AJD3280:L TCRab CD8ab TRM	1
CASSSRPDTQYF	TRBV11-3	TRBJ2-3	CAGPPPSNTGKLIF	Donor AJD3280:L TCRab CD8ab TRM	1
CSAPTPGTGLSTNEKLFF	TRBV20-1	TRBJ1-4	CAGNYGGSQGNLIF	Donor AJD3280:L TCRab CD8ab TRM	1
CASSQYDHGGGELFF	TRBV4-1	TRBJ2-2	CARGQGGKLIF	Donor AJD3280:L TCRab CD8ab TRM	1
CASSPWGEETQYF	TRBV18	TRBJ2-5	CIVRVAKRGTYKYIF	Donor AJD3280:L TCRab CD8ab TRM	1
CASSPDRAGVPLHF	TRBV18	TRBJ1-6	CIVRVRTYKYIF	Donor AJD3280:L TCRab CD8ab TRM	1
CASSTGANVETQYF	TRBV19	TRBJ2-5	CIVRVANPGQAGTALIF	Donor AJD3280:L TCRab CD8ab TRM	1
CSASRTEQYF	TRBV20-1	TRBJ2-7	CIVRARGNTGNQFYF	Donor AJD3280:L TCRab CD8ab TRM	1
CSATPTDTQYF	TRBV20-1	TRBJ2-3	CIVRVTNSGYALNF	Donor AJD3280:L TCRab CD8ab TRM	1
CASSLEGQNYGYTF	TRBV3-1	TRBJ1-2	CIVRSYSGNTPLVF	Donor AJD3280:L TCRab CD8ab TRM	1
CASSTNQGDQPQHF	TRBV3-1	TRBJ1-5	CIVRVANGGDKIIF	Donor AJD3280:L TCRab CD8ab TRM	1
CASSSTPGVMDTEAFF	TRBV5-1	TRBJ1-1	CIVRVDGSGNTGKLIF	Donor AJD3280:L TCRab CD8ab TRM	1
CASSLKARMNTEAFF	TRBV5-1	TRBJ1-1	CIVRVGGDYKLSF	Donor AJD3280:L TCRab CD8ab TRM	1
CASSESRGYGYTF	TRBV6-1	TRBJ1-2	CIVRAFGNEKLTF	Donor AJD3280:L TCRab CD8ab TRM	1
CASSEGTTGNTEAFF	TRBV6-1	TRBJ1-1	CIVRVANSGNTPLVF	Donor AJD3280:L TCRab CD8ab TRM	1
CASSYSRYWTPYGYTF	TRBV6-6	TRBJ1-2	CIVRSYSGNTPLVF	Donor AJD3280:L TCRab CD8ab TRM	1
CASSLAAGGIYEQYF	TRBV7-2	TRBJ2-7	CIVRVAIGGSNYKLTF	Donor AJD3280:L TCRab CD8ab TRM	1
CAIQRPSTLDYGYTF	TRBV7-9	TRBJ1-2	CIVRELNDYKLSF	Donor AJD3280:L TCRab CD8ab TRM	1
CASSLSGGESSYEQYF	TRBV11-3	TRBJ2-7	CILRGQNTGNQFYF	Donor AJD3280:L TCRab CD8ab TRM	1
CASSQFALAGGTYEQYF	TRBV4-1	TRBJ2-7	CILRESRGNQFYF	Donor AJD3280:L TCRab CD8ab TRM	1
CASSYYPSGNTEAFF	TRBV6-6	TRBJ1-1	CILRGPNTGTASKLTF	Donor AJD3280:L TCRab CD8ab TRM	2
CASSLVFGTKNIQYF	TRBV7-8	TRBJ2-4	CILSLYNFNKFYF	Donor AJD3280:L TCRab CD8ab TRM	1
CASRSRDRVYNEQFF	TRBV11-3	TRBJ2-1	CAGAGTYKYIF	Donor AJD3280:L TCRab CD8ab TRM	1
CASRPRVTEAFF	TRBV2	TRBJ1-1	CAGDFKLWGGFKTIF	Donor AJD3280:L TCRab CD8ab TRM	1
CSATKYRTGSYSTYEQYF	TRBV20-1	TRBJ2-7	CAGAEGAETSGSRLTF	Donor AJD3280:L TCRab CD8ab TRM	1
CASSSTGGKNIQYF	TRBV5-8	TRBJ2-4	CAGEEDSNYQLIW	Donor AJD3280:L TCRab CD8ab TRM	1
CASRKWDYNTDTQYF	TRBV6-2	TRBJ2-3	CAGDAGGTSYGKLTF	Donor AJD3280:L TCRab CD8ab TRM	1
CASSYSTKWLAGTPYEQYF	TRBV6-2	TRBJ2-7	CAGEGSGNTPLVF	Donor AJD3280:L TCRab CD8ab TRM	1
CASRALGQGLYEQYF	TRBV6-2	TRBJ2-7	CAVHAQGGSEKLVF	Donor AJD3280:L TCRab CD8ab TRM	1
CASKASGGAASDTQYF	TRBV6-5	TRBJ2-3	CAGARHGGSQGNLIF	Donor AJD3280:L TCRab CD8ab TRM	1
CASSRYYSGGQETQYF	TRBV6-6	TRBJ2-5	CAGEGVQGAQKLVF	Donor AJD3280:L TCRab CD8ab TRM	1
CASRRPGDGYTF	TRBV7-9	TRBJ1-2	CAGPMDSNYQLIW	Donor AJD3280:L TCRab CD8ab TRM	1
CASSRTGSNSPLHF	TRBV11-2	TRBJ1-6	CAASDGNQFYF	Donor AJD3280:L TCRab CD8ab TRM	1
CASSLGVNTEAFF	TRBV11-3	TRBJ1-1	CAASGHNNARLMF	Donor AJD3280:L TCRab CD8ab TRM	1
CASSLFRGNEKLFF	TRBV12-3	TRBJ1-4	CAAPWATGNQFYF	Donor AJD3280:L TCRab CD8ab TRM	1
CASSLEGLGYTF	TRBV12-4	TRBJ1-2	CAARWRSGSRLTF	Donor AJD3280:L TCRab CD8ab TRM	1
CASSLGTDTYNEQFF	TRBV12-4	TRBJ2-1	CAASVYAGNMLTF	Donor AJD3280:L TCRab CD8ab TRM	1
CASSQDTPVGSSYNEQFF	TRBV14	TRBJ2-1	CAAPIYFGNEKLTF	Donor AJD3280:L TCRab CD8ab TRM	1
CASSPVTDGSASPLHF	TRBV18	TRBJ1-6	CAAKTQGGSEKLVF	Donor AJD3280:L TCRab CD8ab TRM	1
CASSPFGGGNQPQHF	TRBV18	TRBJ1-5	CAASGGMDSGTYKYIF	Donor AJD3280:L TCRab CD8ab TRM	1
CASSPRLLGTDTQYF	TRBV18	TRBJ2-3	CAATNTGNQFYF	Donor AJD3280:L TCRab CD8ab TRM	1
CASSIFAPGQGAYGYTF	TRBV19	TRBJ1-2	CAATPETSGSRLTF	Donor AJD3280:L TCRab CD8ab TRM	1
CSVRMNTEAFF	TRBV29-1	TRBJ1-1	CAATDRSGGSNYKLTF	Donor AJD3280:L TCRab CD8ab TRM	1
CAWRKGIPPYNEQFF	TRBV30	TRBJ2-1	CAGYGQNFVF	Donor AJD3280:L TCRab CD8ab TRM	1
CASSQDGTLGNTIYF	TRBV4-2	TRBJ1-3	CAASAAGNQFYF	Donor AJD3280:L TCRab CD8ab TRM	1
CASSQDFRGGAETQYF	TRBV4-2	TRBJ2-5	CAASEAGGYQKVTF	Donor AJD3280:L TCRab CD8ab TRM	1
CASSRGYSGTEAFF	TRBV4-2	TRBJ1-1	CAASTGKLIF	Donor AJD3280:L TCRab CD8ab TRM	1
CASSQELGSANEKLFF	TRBV4-3	TRBJ1-4	CAALRNNNARLMF	Donor AJD3280:L TCRab CD8ab TRM	1
CASSQEGYRTGLFSSGANVLTF	TRBV4-3	TRBJ2-6	CAASEGNFGNEKLTF	Donor AJD3280:L TCRab CD8ab TRM	1
CASSYPSDTYNEQFF	TRBV6-2	TRBJ2-1	CAAMNYAGNMLTF	Donor AJD3280:L TCRab CD8ab TRM	1
CASSYGALYQETQYF	TRBV6-2	TRBJ2-5	CAASEGGATNKLIF	Donor AJD3280:L TCRab CD8ab TRM	1
CASSHLPGQGMGTEAFF	TRBV6-2	TRBJ1-1	CAATTSAGGTSYGKLTF	Donor AJD3280:L TCRab CD8ab TRM	1
CASSYSRYWTPYGYTF	TRBV6-6	TRBJ1-2	CAALGLIQGAQKLVF	Donor AJD3280:L TCRab CD8ab TRM	1
CASSLYGFNQPQHF	TRBV7-2	TRBJ1-5	CAASGAGNTGKLIF	Donor AJD3280:L TCRab CD8ab TRM	1
CASSQQGSNQPQHF	TRBV7-2	TRBJ1-5	CAASRLGNEKLTF	Donor AJD3280:L TCRab CD8ab TRM	1
CASSRRQGGGTDTQYF	TRBV7-9	TRBJ2-3	CAVGGSEKLVF	Donor AJD3280:L TCRab CD8ab TRM	1
CASSVGVGEQFF	TRBV9	TRBJ2-1	CAAAYGGSQGNLIF	Donor AJD3280:L TCRab CD8ab TRM	1
CASGLVQGGYAEAFF	TRBV12-5	TRBJ1-1	CAVSSLSGGYNKLIF	Donor AJD3280:L TCRab CD8ab TRM	1
CASMGSRTDTQYF	TRBV19	TRBJ2-3	CAVRDIYSGGGADGLTF	Donor AJD3280:L TCRab CD8ab TRM	1
CASSRTGPFTDTQYF	TRBV19	TRBJ2-3	CAVRVSGGSYIPTF	Donor AJD3280:L TCRab CD8ab TRM	1
CSARQSYGGSYEQYF	TRBV20-1	TRBJ2-7	CAVRDSLGFGNVLHC	Donor AJD3280:L TCRab CD8ab TRM	1
CASSHPTENTGELFF	TRBV3-1	TRBJ2-2	CAVRDSGAGSYQLTF	Donor AJD3280:L TCRab CD8ab TRM	1
CASSQDGGTGANVLTF	TRBV4-3	TRBJ2-6	CAASPDRALTF	Donor AJD3280:L TCRab CD8ab TRM	1
CASSPGGPTDTQYF	TRBV5-1	TRBJ2-3	CAVRDMRVTNAGKSTF	Donor AJD3280:L TCRab CD8ab TRM	1
CASSDVPSGGVNTQYF	TRBV7-2	TRBJ2-3	CAVDSNYQLIW	Donor AJD3280:L TCRab CD8ab TRM	1
CASSLDAGSGNTIYF	TRBV7-2	TRBJ1-3	CAVRRYNAGNMLTF	Donor AJD3280:L TCRab CD8ab TRM	1
CASSQKYRWTGANVWNSPLHF	TRBV7-6	TRBJ1-6	CAVRDMDRGNTPLVF	Donor AJD3280:L TCRab CD8ab TRM	1
CASSLGDRDDEQYF	TRBV7-6	TRBJ2-7	CAVSPAYMTTDSWGKLQF	Donor AJD3280:L TCRab CD8ab TRM	1
CASSSSSTDTQYF	TRBV7-9	TRBJ2-3	CAVRDRGDSSYKLIF	Donor AJD3280:L TCRab CD8ab TRM	1
CASSLRTVDEAFF	TRBV9	TRBJ1-1	CAVRDRGGNTPLVF	Donor AJD3280:L TCRab CD8ab TRM	1
CASSEWTSGGTTDTQYF	TRBV25-1	TRBJ2-3	CGTADFGNEKLTF	Donor AJD3280:L TCRab CD8ab TRM	4
CASSLDVATDTQYF	TRBV5-4	TRBJ2-3	CGTDLSIGAGSYQLTF	Donor AJD3280:L TCRab CD8ab TRM	1
CASSSRTGLTYSNQPQHF	TRBV6-6	TRBJ1-5	CGTPRGQFYF	Donor AJD3280:L TCRab CD8ab TRM	1
CASSNQFSTGTYGYTF	TRBV7-8	TRBJ1-2	CGTLASGGGADGLTF	Donor AJD3280:L TCRab CD8ab TRM	1
CASSLFRGTYNEQFF	TRBV7-9	TRBJ2-1	CGTENYGGSQGNLIF	Donor AJD3280:L TCRab CD8ab TRM	1
CASSFTGRKSYNEQFF	TRBV11-1	TRBJ2-1	CAGLNTGGFKTIF	Donor AJD3280:L TCRab CD8ab TRM	1
CASSLAGNEQFF	TRBV12-4	TRBJ2-1	CAGRGNYGQNFVF	Donor AJD3280:L TCRab CD8ab TRM	1
CASGEDRAPQPQHF	TRBV12-5	TRBJ1-5	CAGQLRRDDKIIF	Donor AJD3280:L TCRab CD8ab TRM	1
CASSSNSYEQYF	TRBV19	TRBJ2-7	CAGRDSGGSNYKLTF	Donor AJD3280:L TCRab CD8ab TRM	1
CASSEGRGLGEQYF	TRBV2	TRBJ2-7	CAGHPKEYGNKLVF	Donor AJD3280:L TCRab CD8ab TRM	1
CSVEASGGGYEQYF	TRBV29-1	TRBJ2-7	CAGQRGTYKYIF	Donor AJD3280:L TCRab CD8ab TRM	1
CASSFGTTNEKLFF	TRBV5-1	TRBJ1-4	CAGLDFSGNTPLVF	Donor AJD3280:L TCRab CD8ab TRM	3
CASSDAGTGSYGYTF	TRBV6-1	TRBJ1-2	CAGLNYGGSQGNLIF	Donor AJD3280:L TCRab CD8ab TRM	1
CASSEPASPSNYGYTF	TRBV6-1	TRBJ1-2	CAGRSGGGADGLTF	Donor AJD3280:L TCRab CD8ab TRM	1
CASSYPLGSLYSYNEQFF	TRBV6-2	TRBJ2-1	CAGQGRGSTLGRLYF	Donor AJD3280:L TCRab CD8ab TRM	1
CASSCRDRAYEQYF	TRBV6-6	TRBJ2-7	CAGRTDYKLSF	Donor AJD3280:L TCRab CD8ab TRM	1
CASSGTGANEQFF	TRBV9	TRBJ2-1	CAGRSNFGNEKLTF	Donor AJD3280:L TCRab CD8ab TRM	1
CAISERGKGPADTQYF	TRBV10-3	TRBJ2-3	CAEETSGSRLTF	Donor AJD3280:L TCRab CD8ab TRM	1
CASSIPGLANVLTF	TRBV19	TRBJ2-6	CAVDTSGTYKYIF	Donor AJD3280:L TCRab CD8ab TRM	2
CASSVVYTQYF	TRBV25-1	TRBJ2-3	CAVEGAQKLVF	Donor AJD3280:L TCRab CD8ab TRM	1
CATPPMAGASEAFF	TRBV6-1	TRBJ1-1	CAVFGRRGSTLGRLYF	Donor AJD3280:L TCRab CD8ab TRM	1
CASSVAPGGDTQYF	TRBV9	TRBJ2-3	CAAWSRNTGKLIF	Donor AJD3280:L TCRab CD8ab TRM	1
CASSLVVGSFYEQYF	TRBV11-2	TRBJ2-7	CAFTGERAGSYQLTF	Donor AJD3280:L TCRab CD8ab TRM	1
CASSFETTGRNTGELFF	TRBV12-4	TRBJ2-2	CAFMKRPSIMNYGGSQGNLIF	Donor AJD3280:L TCRab CD8ab TRM	1
CASSLLRGRPGELFF	TRBV13	TRBJ2-2	CAFMKSVGNAGNMLTF	Donor AJD3280:L TCRab CD8ab TRM	1
CASSILRGPEAFF	TRBV19	TRBJ1-1	CAFHVDSGGSNYKLTF	Donor AJD3280:L TCRab CD8ab TRM	1
CSARDRVQGPYEQYF	TRBV20-1	TRBJ2-7	CAFMENAGNMLTF	Donor AJD3280:L TCRab CD8ab TRM	1
CSARDLHRYTPWLFGYTF	TRBV20-1	TRBJ1-2	CAFMKGYSGAGSYQLTF	Donor AJD3280:L TCRab CD8ab TRM	1
CAWSSVYSEAFF	TRBV30	TRBJ1-1	CAFGRGGSEKLVF	Donor AJD3280:L TCRab CD8ab TRM	1
CASSQYGSGTAEAFF	TRBV4-3	TRBJ1-1	CAFMKHENFGNEKLTF	Donor AJD3280:L TCRab CD8ab TRM	1
CASSLGGGPTDTQYF	TRBV7-6	TRBJ2-3	CAFMIYNQGGKLIF	Donor AJD3280:L TCRab CD8ab TRM	1
CASSLDPSYGYTF	TRBV7-9	TRBJ1-2	CAFMGAGGTSYGKLTF	Donor AJD3280:L TCRab CD8ab TRM	5
CASSSGVSNYGYTF	TRBV7-9	TRBJ1-2	CAFMKLSNFGNEKLTF	Donor AJD3280:L TCRab CD8ab TRM	1
CASSPGLAETDTQYF	TRBV7-9	TRBJ2-3	CAFVSGGGADGLTF	Donor AJD3280:L TCRab CD8ab TRM	2
CASSLIPLTAVNTEAFF	TRBV11-3	TRBJ1-1	CAYDTDKLIF	Donor AJD3280:L TCRab CD8ab TRM	1
CASSFGTGGYNEQFF	TRBV12-3	TRBJ2-1	CAYRSALGTYKYIF	Donor AJD3280:L TCRab CD8ab TRM	1
CASSLRASGGAGSTGELFF	TRBV12-4	TRBJ2-2	CAYRSRFSGSNYKLTF	Donor AJD3280:L TCRab CD8ab TRM	3
CASSLEGSTSRTDTQYF	TRBV13	TRBJ2-3	CAYRSAEYGNKLVF	Donor AJD3280:L TCRab CD8ab TRM	1
CASEGTEAFF	TRBV2	TRBJ1-1	CAYSEETSGSRLTF	Donor AJD3280:L TCRab CD8ab TRM	1
CATKDLSYNEQFF	TRBV27	TRBJ2-1	CAYTTDYDLIF	Donor AJD3280:L TCRab CD8ab TRM	1
CASSQATLAGGMTEQYF	TRBV4-1	TRBJ2-7	CAADGGSQGNLIF	Donor AJD3280:L TCRab CD8ab TRM	1
CASSHVRGQGNNGYTF	TRBV4-3	TRBJ1-2	CAYRSGGGAGGTSYGKLTF	Donor AJD3280:L TCRab CD8ab TRM	1
CASTLRDRTHNEQFF	TRBV7-8	TRBJ2-1	CAYRRRDSSYKLIF	Donor AJD3280:L TCRab CD8ab TRM	1
CASSLVLDYGYTF	TRBV7-8	TRBJ1-2	CAYRTPFGNEKLTF	Donor AJD3280:L TCRab CD8ab TRM	1
CASSLKTEAFF	TRBV7-9	TRBJ1-1	CAYRSAFNQGGSEKLVF	Donor AJD3280:L TCRab CD8ab TRM	1
CASSVEIGSGASPLHF	TRBV9	TRBJ1-6	CAYRGADSNYQLIW	Donor AJD3280:L TCRab CD8ab TRM	1
CASSVGGSLTYEQYF	TRBV9	TRBJ2-7	CAYRSDGGATNKLIF	Donor AJD3280:L TCRab CD8ab TRM	1
CASSVARRGYNEQFF	TRBV9	TRBJ2-1	CAYSWGGTASKLTF	Donor AJD3280:L TCRab CD8ab TRM	1
CSARDRATYEQYF	TRBV20-1	TRBJ2-7	CAANNNARLMF	Donor AJD3280:L TCRab CD8ab TRM	1
CATSDSGTPNTQYF	TRBV24-1	TRBJ2-3	CAGGLQQGTSGSRLTF	Donor AJD3280:L TCRab CD8ab TRM	1
CASSFLSSRNEKLFF	TRBV27	TRBJ1-4	CAVDMRGGSRLTF	Donor AJD3280:L TCRab CD8ab TRM	1
CASRTVNQPQHF	TRBV6-2	TRBJ1-5	CAVTNDMRF	Donor AJD3280:L TCRab CD8ab TRM	1
CASSLVGQGEGYGYTF	TRBV11-2	TRBJ1-2	CLVGDMGNYGGSQGNLIF	Donor AJD3280:L TCRab CD8ab TRM	1
CASSLVGTGLVTEAFF	TRBV12-3	TRBJ1-1	CLVGGYNTDKLIF	Donor AJD3280:L TCRab CD8ab TRM	1
CAWSARTGYAEAFF	TRBV30	TRBJ1-1	CLVGEGGRRALTF	Donor AJD3280:L TCRab CD8ab TRM	1
CASSQTGQNNEQFF	TRBV4-1	TRBJ2-1	CLVGRRNYGQNFVF	Donor AJD3280:L TCRab CD8ab TRM	1
CASSSDRLNQPQHF	TRBV5-6	TRBJ1-5	CLVGVLAAGNKLTF	Donor AJD3280:L TCRab CD8ab TRM	1
CAGAWDGTGELFF	TRBV6-1	TRBJ2-2	CLANFNKFYF	Donor AJD3280:L TCRab CD8ab TRM	1
CASSEASGGAETQYF	TRBV6-1	TRBJ2-5	CLVGRYSSASKIIF	Donor AJD3280:L TCRab CD8ab TRM	1
CASSLAPSGTAYNEQFF	TRBV7-2	TRBJ2-1	CLVLSGAGSYQLTF	Donor AJD3280:L TCRab CD8ab TRM	1
CASSVEGSGGFEKLFF	TRBV9	TRBJ1-4	CLVVPPTGFQKLVF	Donor AJD3280:L TCRab CD8ab TRM	1
CASSYRGYYGYTF	TRBV11-2	TRBJ1-2	CAVRGSGNQFYF	Donor AJD3280:L TCRab CD8ab TRM	1
CASSPNGLRTDTQYF	TRBV11-3	TRBJ2-3	CAARPRGSDGQKLLF	Donor AJD3280:L TCRab CD8ab TRM	1
CASSPDRGANTEAFF	TRBV14	TRBJ1-1	CAVRHIGFGNVLHC	Donor AJD3280:L TCRab CD8ab TRM	1
CASISIGDPAGAYGYTF	TRBV19	TRBJ1-2	CAVTGNQFYF	Donor AJD3280:L TCRab CD8ab TRM	2
CASLGQGANEQYF	TRBV2	TRBJ2-7	CAVNYGGSQGNLIF	Donor AJD3280:L TCRab CD8ab TRM	1
CACQGGNNYGYTF	TRBV2	TRBJ1-2	CAVPTSPNFGNEKLTF	Donor AJD3280:L TCRab CD8ab TRM	1
CASSFPGGMDSNNSPLHF	TRBV12-3	TRBJ1-6	CAEKAAGGSYIPTF	Donor AJD3280:L TCRab CD8ab TRM	1
CATSRATLDYGYTF	TRBV15	TRBJ1-2	CAESIGGKLIF	Donor AJD3280:L TCRab CD8ab TRM	1
CASSIPGINYGYTF	TRBV19	TRBJ1-2	CAERAAAGNKLTF	Donor AJD3280:L TCRab CD8ab TRM	1
CASSQGQGGEQYF	TRBV3-1	TRBJ2-7	CADFTGGGNKLTF	Donor AJD3280:L TCRab CD8ab TRM	1
CASSTGLAAWETQYF	TRBV5-1	TRBJ2-5	CAESINNAGNMLTF	Donor AJD3280:L TCRab CD8ab TRM	1
CASSHRENTEAFF	TRBV6-2	TRBJ1-1	CAENPNNARLMF	Donor AJD3280:L TCRab CD8ab TRM	1
CATGLAGGRTGELFF	TRBV6-5	TRBJ2-2	CAETLTGGGNKLTF	Donor AJD3280:L TCRab CD8ab TRM	1
CAWSGGAAGGNTGELFF	TRBV30	TRBJ2-2	CALDEDYKLSF	Donor AJD3280:L TCRab CD8ab TRM	2
CASSQDSPRSYGNTIYF	TRBV4-1	TRBJ1-3	CALRNRDDKIIF	Donor AJD3280:L TCRab CD8ab TRM	1
CAGAGNSYEQYF	TRBV11-2	TRBJ2-7	CAVNARNDYKLSF	Donor AJD3280:L TCRab CD8ab TRM	1
CATSPRQGYLYEQYF	TRBV15	TRBJ2-7	CAVAPFGNEKLTF	Donor AJD3280:L TCRab CD8ab TRM	1
CATSRDFRTGDYGYTF	TRBV15	TRBJ1-2	CAVKGSGGYQKVTF	Donor AJD3280:L TCRab CD8ab TRM	1
CASSPDADSEAFF	TRBV18	TRBJ1-1	CAVNSYNAGNNRKLIW	Donor AJD3280:L TCRab CD8ab TRM	1
CSATGNTGELFF	TRBV20-1	TRBJ2-2	CAVRAGRRALTF	Donor AJD3280:L TCRab CD8ab TRM	1
CASSHFGGGRAKNIQYF	TRBV3-1	TRBJ2-4	CAVNTETGNQFYF	Donor AJD3280:L TCRab CD8ab TRM	1
CASSPQGLEEETQYF	TRBV4-3	TRBJ2-5	CAVNARRGSTLGRLYF	Donor AJD3280:L TCRab CD8ab TRM	1
CASSPEGLAGGREQFF	TRBV5-4	TRBJ2-1	CAVNALTGGGNKLTF	Donor AJD3280:L TCRab CD8ab TRM	1
CASSLQGSYEQYF	TRBV5-6	TRBJ2-7	CAVNAFPGGYNKLIF	Donor AJD3280:L TCRab CD8ab TRM	1
CASSEDRGSTDTQYF	TRBV6-1	TRBJ2-3	CAVNARSSASKIIF	Donor AJD3280:L TCRab CD8ab TRM	1
CATSRAGTPDRTDTQYF	TRBV15	TRBJ2-3	CVVSEGYNTDKLIF	Donor AJD3280:L TCRab CD8ab TRM	1
CATGTSPGSGANVLTF	TRBV19	TRBJ2-6	CVVRDTGRRALTF	Donor AJD3280:L TCRab CD8ab TRM	1
CASSGEAGEQYF	TRBV2	TRBJ2-7	CVVSDLLSGNTGKLIF	Donor AJD3280:L TCRab CD8ab TRM	1
CSAGTSGAEQYF	TRBV20-1	TRBJ2-7	CVVSAGTYKYIF	Donor AJD3280:L TCRab CD8ab TRM	1
CSARSWGGSGAQETQYF	TRBV20-1	TRBJ2-5	CVVSGDGQKLLF	Donor AJD3280:L TCRab CD8ab TRM	1
CASSQSRLAGSYNEQFF	TRBV3-1	TRBJ2-1	CVVRGPFSGGYNKLIF	Donor AJD3280:L TCRab CD8ab TRM	1
CASSTSGGTDTQYF	TRBV6-4	TRBJ2-3	CVVIYNYGQNFVF	Donor AJD3280:L TCRab CD8ab TRM	12
CASSLAGESNYGYTF	TRBV7-2	TRBJ1-2	CVARFGGYQKVTF	Donor AJD3280:L TCRab CD8ab TRM	1
CASSLSSGGHSYNEQFF	TRBV7-3	TRBJ2-1	CVVTLRGNTDKLIF	Donor AJD3280:L TCRab CD8ab TRM	1
CASSLEADAYEQYF	TRBV7-8	TRBJ2-7	CVVSTGGFKTIF	Donor AJD3280:L TCRab CD8ab TRM	1
CASTSSDRQSSSYEQYF	TRBV12-4	TRBJ2-7	CATYLGGSTLGRLYF	Donor AJD3280:L TCRab CD8ab TRM	1
CASSAQGGSHTEAFF	TRBV12-4	TRBJ1-1	CAVGPFTGGGNKLTF	Donor AJD3280:L TCRab CD8ab TRM	1
CASMGIGGGQETQYF	TRBV19	TRBJ2-5	CAVGLTGTASKLTF	Donor AJD3280:L TCRab CD8ab TRM	1
CATSRDRGYEQYF	TRBV24-1	TRBJ2-7	CAVGPYNTDKLIF	Donor AJD3280:L TCRab CD8ab TRM	1
CASSPTLNTEAFF	TRBV3-1	TRBJ1-1	CAVGGTGGFKTIF	Donor AJD3280:L TCRab CD8ab TRM	2
CASSLLRPGTDTQYF	TRBV5-1	TRBJ2-3	CAVGANAGGTSYGKLTF	Donor AJD3280:L TCRab CD8ab TRM	1
CASSLRREGEAFF	TRBV5-1	TRBJ1-1	CAVGAPISYGNKLVF	Donor AJD3280:L TCRab CD8ab TRM	1
CASSSDFDEQYF	TRBV5-4	TRBJ2-7	CAVGFYNFNKFYF	Donor AJD3280:L TCRab CD8ab TRM	4
CASSLQGGNYNEQFF	TRBV5-8	TRBJ2-1	CAVALYNQGGKLIF	Donor AJD3280:L TCRab CD8ab TRM	1
CASSYSTGNQPQHF	TRBV6-2	TRBJ1-5	CAGNNNAGNMLTF	Donor AJD3280:L TCRab CD8ab TRM	1
CASSYPLSEGSVTYGYTF	TRBV6-6	TRBJ1-2	CAVGGRDDKIIF	Donor AJD3280:L TCRab CD8ab TRM	1
CASSLERQGGNSPLHF	TRBV7-2	TRBJ1-6	CAVGEDNNARLMF	Donor AJD3280:L TCRab CD8ab TRM	1
CASSLARGSNSPLHF	TRBV7-2	TRBJ1-6	CAVGENTGGFKTIF	Donor AJD3280:L TCRab CD8ab TRM	1
CASSPRQFSTDTQYF	TRBV7-2	TRBJ2-3	CAVGSDNFNKFYF	Donor AJD3280:L TCRab CD8ab TRM	1
CASSEGPQAGELFF	TRBV7-3	TRBJ2-2	CAVGVPRGSQGNLIF	Donor AJD3280:L TCRab CD8ab TRM	1
CASSQTGTSLYGYTF	TRBV7-8	TRBJ1-2	CAVGNYGQNFVF	Donor AJD3280:L TCRab CD8ab TRM	1
CASSLQPNQPQHF	TRBV7-9	TRBJ1-5	CAVGAGDGQNFVF	Donor AJD3280:L TCRab CD8ab TRM	1
CAISESATTEFTEAFF	TRBV10-3	TRBJ1-1	CAVRAPLNPKLVF	Donor AJD3280:L TCRab CD8ab TRM	1
CATEEAGMNTEAFF	TRBV10-3	TRBJ1-1	CAVSDRGTGRRALTF	Donor AJD3280:L TCRab CD8ab TRM	1
CAISDPGGYTF	TRBV10-3	TRBJ1-2	CAVTTTGGGNKLTF	Donor AJD3280:L TCRab CD8ab TRM	1
CASSLLRATSTDTQYF	TRBV11-3	TRBJ2-3	CAVSYSSASKIIF	Donor AJD3280:L TCRab CD8ab TRM	1
CASSPGYGLPLYNEQFF	TRBV14	TRBJ2-1	CAATYNQGGKLIF	Donor AJD3280:L TCRab CD8ab TRM	1
CATSSLRQPSYGYTF	TRBV15	TRBJ1-2	CAVSGPAGNEKLTF	Donor AJD3280:L TCRab CD8ab TRM	1
CASRTGVYSYNEQFF	TRBV19	TRBJ2-1	CAVSDLDSGGSNYKLTF	Donor AJD3280:L TCRab CD8ab TRM	1
CASNDRDRGSTEAFF	TRBV2	TRBJ1-1	CAVRRAQGGATNKLIF	Donor AJD3280:L TCRab CD8ab TRM	1
CASSGDYPSTDTQYF	TRBV2	TRBJ2-3	CAVSGRNFGNEKLTF	Donor AJD3280:L TCRab CD8ab TRM	1
CSASNPQGAKNIQYF	TRBV20-1	TRBJ2-4	CAVNAEGSQGNLIF	Donor AJD3280:L TCRab CD8ab TRM	1
CSALTRIAGGADTQYF	TRBV20-1	TRBJ2-3	CAVSSQETSGSRLTF	Donor AJD3280:L TCRab CD8ab TRM	1
CSAAKGYEQYF	TRBV29-1	TRBJ2-7	CAVSDPGGNQFYF	Donor AJD3280:L TCRab CD8ab TRM	1
CASGLAGGPGETQYF	TRBV3-1	TRBJ2-5	CAVRRAQGGATNKLIF	Donor AJD3280:L TCRab CD8ab TRM	1
CASSYPTGGNSPLHF	TRBV6-2	TRBJ1-6	CAVRNDYKLSF	Donor AJD3280:L TCRab CD8ab TRM	2
CASSMLPHRGLGSPLHF	TRBV6-2	TRBJ1-6	CSAGGQKLLF	Donor AJD3280:L TCRab CD8ab TRM	1
CASSLRGTGSNQPQHF	TRBV7-2	TRBJ1-5	CAVIDVSSNTGKLIF	Donor AJD3280:L TCRab CD8ab TRM	1
CASSLSDPFSGGDSYNEQFF	TRBV7-9	TRBJ2-1	CAVIDFGNEKLTF	Donor AJD3280:L TCRab CD8ab TRM	1
CASSLGDRGELADTQYF	TRBV7-9	TRBJ2-3	CAVQGAQKLVF	Donor AJD3280:L TCRab CD8ab TRM	2
CASSLNREGTEAFF	TRBV7-9	TRBJ1-1	CAVRPTFSDGQKLLF	Donor AJD3280:L TCRab CD8ab TRM	1
CASSVEAGGEETQYF	TRBV9	TRBJ2-5	CAVSDSSYKLIF	Donor AJD3280:L TCRab CD8ab TRM	1
CASSAGLAGGNEQFF	TRBV9	TRBJ2-1	CAVSVNRDDKIIF	Donor AJD3280:L TCRab CD8ab TRM	1
CASSLGVQISYNEQFF	TRBV11-2	TRBJ2-1	CAVTSSGGNMLTF	Donor AJD3280:L TCRab CD8ab TRM	1
CASSGPGKETQYF	TRBV12-3	TRBJ2-5	CAVSRNNNARLMF	Donor AJD3280:L TCRab CD8ab TRM	1
CASATGNNEQFF	TRBV12-3	TRBJ2-1	CAVWGQNFVF	Donor AJD3280:L TCRab CD8ab TRM	1
CASRRGQGEQFF	TRBV12-4	TRBJ2-1	CAVRLYSSASKIIF	Donor AJD3280:L TCRab CD8ab TRM	1
CSASGWETQYF	TRBV20-1	TRBJ2-5	CAVSFSGGYNKLIF	Donor AJD3280:L TCRab CD8ab TRM	1
CASSFISGTDGYTF	TRBV27	TRBJ1-2	CAVSSLTQGGSEKLVF	Donor AJD3280:L TCRab CD8ab TRM	1
CASILSDRGLQPQHF	TRBV28	TRBJ1-5	CAVTVSGGYNKLIF	Donor AJD3280:L TCRab CD8ab TRM	1
CASSQIRGEGTDTQYF	TRBV4-2	TRBJ2-3	CAAFSPNTDKLIF	Donor AJD3280:L TCRab CD8ab TRM	1
CASSQVAADSDTQYF	TRBV4-2	TRBJ2-3	CAVSEGSGGYQKVTF	Donor AJD3280:L TCRab CD8ab TRM	1
CASSPSSARGKTQYF	TRBV4-3	TRBJ2-5	CAVSGENTDKLIF	Donor AJD3280:L TCRab CD8ab TRM	1
CASSLDQGGVYEQYF	TRBV5-1	TRBJ2-7	CAVSPPAGNNRKLIW	Donor AJD3280:L TCRab CD8ab TRM	1
CASSLPGAQPQHF	TRBV6-1	TRBJ1-5	CAVSDPGGFKTIF	Donor AJD3280:L TCRab CD8ab TRM	1
CASSYPTAGQDGYTF	TRBV6-2	TRBJ1-2	CAVRSSYKLIF	Donor AJD3280:L TCRab CD8ab TRM	1
CASSYGRGLAVDNEQFF	TRBV6-2	TRBJ2-1	CAVSDHFSDGQKLLF	Donor AJD3280:L TCRab CD8ab TRM	1
CASSAGQGEGPYEQYF	TRBV6-2	TRBJ2-7	CAVSEPDTGRRALTF	Donor AJD3280:L TCRab CD8ab TRM	1
CASKIAGRFQETQYF	TRBV6-6	TRBJ2-5	CAVSASSGSYQLTF	Donor AJD3280:L TCRab CD8ab TRM	1
CASSLGDRRNTEAFF	TRBV7-2	TRBJ1-1	CAVSPTGFQKLVF	Donor AJD3280:L TCRab CD8ab TRM	1
CASSLGDRRGTEAFF	TRBV7-2	TRBJ1-1	CAVTPTGFQKLVF	Donor AJD3280:L TCRab CD8ab TRM	1
CASSLGGGEEDTQYF	TRBV7-8	TRBJ2-3	CAATRYNQGGKLIF	Donor AJD3280:L TCRab CD8ab TRM	1
CASSAQANTEAFF	TRBV7-9	TRBJ1-1	CAVRPPEGAQKLVF	Donor AJD3280:L TCRab CD8ab TRM	1
CASSQDTTDTQYF	TRBV7-9	TRBJ2-3	CAVSASGGYNKLIF	Donor AJD3280:L TCRab CD8ab TRM	1
CATRSGTSLWETQYF	TRBV7-9	TRBJ2-5	CAVSDHTLTQGGSEKLVF	Donor AJD3280:L TCRab CD8ab TRM	1
CASSLGTGGNQPQHF	TRBV7-9	TRBJ1-5	CAVSGPPGGSARQLTF	Donor AJD3280:L TCRab CD8ab TRM	1
CAISEGRNSGANVLTF	TRBV10-3	TRBJ2-6	CALFLNNNDMRF	Donor AJD3280:L TCRab CD8ab TRM	1
CAISDREYGYTF	TRBV10-3	TRBJ1-2	CALSVEEGAQKLVF	Donor AJD3280:L TCRab CD8ab TRM	1
CASSPHQFGGNYNEQFF	TRBV11-3	TRBJ2-1	CALTPDTGRRALTF	Donor AJD3280:L TCRab CD8ab TRM	1
CASSLQFAVGQETQYF	TRBV11-3	TRBJ2-5	CAPGGDMRF	Donor AJD3280:L TCRab CD8ab TRM	1
CASSPLADPYNEQFF	TRBV12-4	TRBJ2-1	CALSESRGSTLGRLYF	Donor AJD3280:L TCRab CD8ab TRM	1
CASGLTGYGYTF	TRBV12-5	TRBJ1-2	CALSGLDSNYQLIW	Donor AJD3280:L TCRab CD8ab TRM	1
CASSQESRSSPLHF	TRBV14	TRBJ1-6	CALSDAGGTSYGKLTF	Donor AJD3280:L TCRab CD8ab TRM	1
CASSSAANTGELFF	TRBV18	TRBJ2-2	CALYSGAGSYQLTF	Donor AJD3280:L TCRab CD8ab TRM	1
CASSIGSGGRPDTQYF	TRBV19	TRBJ2-3	CALRLSPGNTPLVF	Donor AJD3280:L TCRab CD8ab TRM	1
CASKDRGFTNQPQHF	TRBV2	TRBJ1-5	CALIPFSGGYNKLIF	Donor AJD3280:L TCRab CD8ab TRM	1
CASSQDLWQPQHF	TRBV3-1	TRBJ1-5	CALVVGAAGNKLTF	Donor AJD3280:L TCRab CD8ab TRM	1
CAWSGETFLPYGYTF	TRBV30	TRBJ1-2	CALSANTGGFKTIF	Donor AJD3280:L TCRab CD8ab TRM	1
CAWIRGTPYNEQFF	TRBV30	TRBJ2-1	CALSTGTYKYIF	Donor AJD3280:L TCRab CD8ab TRM	1
CASSTRQGAYEQYF	TRBV4-3	TRBJ2-7	CALKAAGNKLTF	Donor AJD3280:L TCRab CD8ab TRM	1
CASSLEGGIEQPQHF	TRBV5-1	TRBJ1-5	CALSHTGRRALTF	Donor AJD3280:L TCRab CD8ab TRM	1
CASSEDRVVGELFF	TRBV5-6	TRBJ2-2	CALTWGTGRRALTF	Donor AJD3280:L TCRab CD8ab TRM	1
CASRGQGGGYTF	TRBV6-1	TRBJ1-2	CALSFMDSSYKLIF	Donor AJD3280:L TCRab CD8ab TRM	1
CATRPTGANYGYTF	TRBV6-1	TRBJ1-2	CALSFMDSSYKLIF	Donor AJD3280:L TCRab CD8ab TRM	1
CASRDRRFTGYTF	TRBV6-5	TRBJ1-2	CALSEVGSGGSNYKLTF	Donor AJD3280:L TCRab CD8ab TRM	1
CASSQGPNEQYF	TRBV6-5	TRBJ2-7	CCTNAGKSTF	Donor AJD3280:L TCRab CD8ab TRM	1
CASFSGNTIYF	TRBV6-6	TRBJ1-3	CALTNFGNEKLTF	Donor AJD3280:L TCRab CD8ab TRM	1
CASSLLGGEQYF	TRBV7-2	TRBJ2-7	CALSDPGYGGSQGNLIF	Donor AJD3280:L TCRab CD8ab TRM	1
CASSRGQGRITEAFF	TRBV7-8	TRBJ1-1	CAPGGDYKLSF	Donor AJD3280:L TCRab CD8ab TRM	1
CASSFSAGEDEQYF	TRBV7-9	TRBJ2-7	CALAGQNAGKSTF	Donor AJD3280:L TCRab CD8ab TRM	1
CASSSEGGLETQYF	TRBV7-9	TRBJ2-5	CGTGRRALTF	Donor AJD3280:L TCRab CD8ab TRM	1
CASSYSRDSSYEQYF	TRBV6-2	TRBJ2-7	CAVRGGFSDGQKLLF	Donor AJD3280:L TCRab CD8ab Teff	1
CASSQIYGYTF	TRBV3-1	TRBJ1-2	CAVRDSNYQLIW	Donor AJD3280:L TCRab CD8ab Teff	1
CASSQDQGSSYNEQFF	TRBV4-1	TRBJ2-1	CAFLNDYKLSF	Donor AJD3280:L TCRab CD8ab Teff	1
CASSEGQTTSYEQYF	TRBV5-4	TRBJ2-7	CAVPLSGGYNKLIF	Donor AJD3280:L TCRab CD8ab Teff	2
CASSDSVGSTDTQYF	TRBV6-4	TRBJ2-3	CAGMDSNYQLIW	Donor AJD3280:L TCRab CD8ab Teff	1
CASSPPGGVDSPLHF	TRBV9	TRBJ1-6	CAVRDRLTGGGNKLTF	Donor AJD3280:L TCRab CD8ab Teff	1
CASSFSLPTSGGYNEQFF	TRBV7-9	TRBJ2-1	CVVRSGGYNKLIF	Donor AJD3280:L TCRab CD8ab Teff	2
CASSSDDRGSSGNTIYF	TRBV12-4	TRBJ1-3	CVVGTNFGNEKLTF	Donor AJD3280:L TCRab CD8ab Teff	1
CASSQEGLAGGPKNIQYF	TRBV13	TRBJ2-4	CVAWGGSYIPTF	Donor AJD3280:L TCRab CD8ab Teff	1
CASSMGRNTEAFF	TRBV19	TRBJ1-1	CVVNGWSTLTF	Donor AJD3280:L TCRab CD8ab Teff	1
CASSVGRNTEAFF	TRBV19	TRBJ1-1	CVVNGYSTLTF	Donor AJD3280:L TCRab CD8ab Teff	2
CASSEGKVIPGELFF	TRBV2	TRBJ2-2	CVVNGRDSSYKLIF	Donor AJD3280:L TCRab CD8ab Teff	1
CASSHPGEPAYEQYF	TRBV2	TRBJ2-7	CVVNQGGKLIF	Donor AJD3280:L TCRab CD8ab Teff	1
CASSDPGGGLNEQFF	TRBV2	TRBJ2-1	CVVSGDSSYKLIF	Donor AJD3280:L TCRab CD8ab Teff	3
CASSQEGGGGYEQYF	TRBV4-2	TRBJ2-7	CVVPLSGGSYIPTF	Donor AJD3280:L TCRab CD8ab Teff	1
CASSYSTREAHTDTQYF	TRBV6-2	TRBJ2-3	CVVLRASGTYKYIF	Donor AJD3280:L TCRab CD8ab Teff	1
CASSYSLAGGTDTQYF	TRBV6-2	TRBJ2-3	CVVVGADGLTF	Donor AJD3280:L TCRab CD8ab Teff	1
CASSEGTGSNGYTF	TRBV2	TRBJ1-2	CAVGTLSGGGFKTIF	Donor AJD3280:L TCRab CD8ab Teff	1
CSLSGTDYNEQFF	TRBV29-1	TRBJ2-1	CAAVMEYGNKLVF	Donor AJD3280:L TCRab CD8ab Teff	1
CASSQTGSSGNTIYF	TRBV4-1	TRBJ1-3	CAVNNSNYQLIW	Donor AJD3280:L TCRab CD8ab Teff	1
CASSQGTGARTEQFF	TRBV4-3	TRBJ2-1	CAVNEDSGAGSYQLTF	Donor AJD3280:L TCRab CD8ab Teff	2
CASSSDFDEQYF	TRBV5-4	TRBJ2-7	CAVNMWAGGTSYGKLTF	Donor AJD3280:L TCRab CD8ab Teff	1
CASSQDRVYNEQFF	TRBV6-2	TRBJ2-1	CAPLGYALNF	Donor AJD3280:L TCRab CD8ab Teff	1
CASSLGQGAQPQHF	TRBV7-9	TRBJ1-5	CAALNGGFKTIF	Donor AJD3280:L TCRab CD8ab Teff	1
CAISESHIILAGTRFYEQYF	TRBV10-3	TRBJ2-7	CAALIYLYADGLTF	Donor AJD3280:L TCRab CD8ab Teff	3
CASSSTGGDEQFF	TRBV6-4	TRBJ2-1	CAAFDSWGKLQF	Donor AJD3280:L TCRab CD8ab Teff	4
CASSRGGSDTEAFF	TRBV7-2	TRBJ1-1	CAASLAKISNFGNEKLTF	Donor AJD3280:L TCRab CD8ab Teff	1
CASRDGQYYGYTF	TRBV7-9	TRBJ1-2	CAASLAKISNFGNEKLTF	Donor AJD3280:L TCRab CD8ab Teff	3
CASSLGIEQYF	TRBV7-9	TRBJ2-7	CAASPFSNFGNEKLTF	Donor AJD3280:L TCRab CD8ab Teff	2
CASSAPRIQYF	TRBV2	TRBJ2-4	CAETQTMNRDDKIIF	Donor AJD3280:L TCRab CD8ab Teff	1
CASSLDDLTDTQYF	TRBV5-1	TRBJ2-3	CAENKRNAGNMLTF	Donor AJD3280:L TCRab CD8ab Teff	4
CAISESSGGAGDTQYF	TRBV10-3	TRBJ2-3	CAMRAKGRRALTF	Donor AJD3280:L TCRab CD8ab Teff	1
CASSLQGTGSRNEQFF	TRBV27	TRBJ2-1	CAMRPNSGGYQKVTF	Donor AJD3280:L TCRab CD8ab Teff	2
CSVEGGRSGANVLTF	TRBV29-1	TRBJ2-6	CAQRRAVNTNAGKSTF	Donor AJD3280:L TCRab CD8ab Teff	1
CASSPSGQGAEKLFF	TRBV5-1	TRBJ1-4	CAMRSYGGATNKLIF	Donor AJD3280:L TCRab CD8ab Teff	2
CASSERAVSSYNSPLHF	TRBV6-1	TRBJ1-6	CAMREDFNKFYF	Donor AJD3280:L TCRab CD8ab Teff	1
CASSLAAGPSGNTIYF	TRBV7-9	TRBJ1-3	CAMRRPSGGYNKLIF	Donor AJD3280:L TCRab CD8ab Teff	1
CAISRDRGFDNEQFF	TRBV10-3	TRBJ2-1	CATDAWGAQKLVF	Donor AJD3280:L TCRab CD8ab Teff	1
CSARALRGGDIKQYF	TRBV20-1	TRBJ2-7	CATDRGSTLGRLYF	Donor AJD3280:L TCRab CD8ab Teff	3
CSADKRLYGYTF	TRBV20-1	TRBJ1-2	CATDTGAQKLVF	Donor AJD3280:L TCRab CD8ab Teff	10
CASSQDVAQGFFYEQYF	TRBV3-1	TRBJ2-7	CATRSNDYKLSF	Donor AJD3280:L TCRab CD8ab Teff	1
CASSLEATVDTEAFF	TRBV5-5	TRBJ1-1	CATNGGSQGNLIF	Donor AJD3280:L TCRab CD8ab Teff	2
CASSPGANVLTF	TRBV11-3	TRBJ2-6	CALSERGSNFGNEKLTF	Donor AJD3280:L TCRab CD8ab Teff	1
CASKEELNTEAFF	TRBV19	TRBJ1-1	CALKEDYGQNFVF	Donor AJD3280:L TCRab CD8ab Teff	4
CASSQGDRDYPSTDTQYF	TRBV4-3	TRBJ2-3	CALIRGGGADGLTF	Donor AJD3280:L TCRab CD8ab Teff	1
CASSLDDLTDTQYF	TRBV5-1	TRBJ2-3	CALSAGGTSYGKLTF	Donor AJD3280:L TCRab CD8ab Teff	5
CASSPELMRSTDTQYF	TRBV5-6	TRBJ2-3	CALDAAGKSTF	Donor AJD3280:L TCRab CD8ab Teff	1
CATMTVGTDTQYF	TRBV10-3	TRBJ2-3	CASRNNNARLMF	Donor AJD3280:L TCRab CD8ab Teff	1
CASSQDQTGSTEAFF	TRBV4-1	TRBJ1-1	CAVVKAGNMLTF	Donor AJD3280:L TCRab CD8ab Teff	1
CAISEGQAGYTQYF	TRBV10-3	TRBJ2-3	CAVQITSGTYKYIF	Donor AJD3280:L TCRab CD8ab Teff	1
CASSVGKGLGTEAFF	TRBV9	TRBJ1-1	CAVQAVNYGGATNKLIF	Donor AJD3280:L TCRab CD8ab Teff	1
CASSLNGQGLYGYTF	TRBV11-1	TRBJ1-2	CAVTHYGGATNKLIF	Donor AJD3280:L TCRab CD8ab Teff	1
CATTEHTTDTQYF	TRBV12-4	TRBJ2-3	CAVGMEYGNKLVF	Donor AJD3280:L TCRab CD8ab Teff	1
CSAREVAGSSYNEQFF	TRBV20-1	TRBJ2-1	CAVQGTYNFNKFYF	Donor AJD3280:L TCRab CD8ab Teff	1
CASSLTGNYGYTF	TRBV7-9	TRBJ1-2	CAPWAGSARQLTF	Donor AJD3280:L TCRab CD8ab Teff	1
CASSQDHVYGYTF	TRBV3-1	TRBJ1-2	CAAGSWGKLQF	Donor AJD3280:L TCRab CD8ab Teff	1
CASSQDVAQGFFYEQYF	TRBV3-1	TRBJ2-7	CAASTYNFNKFYF	Donor AJD3280:L TCRab CD8ab Teff	2
CASSFGENTEAFF	TRBV7-9	TRBJ1-1	CAAKVKSGSRLTF	Donor AJD3280:L TCRab CD8ab Teff	1
CASRAHGVHNQPQHF	TRBV19	TRBJ1-5	CAGPWGNKLVF	Donor AJD3280:L TCRab CD8ab Teff	1
CASSRAQVEPQHF	TRBV4-1	TRBJ1-5	CAGPTGTASKLTF	Donor AJD3280:L TCRab CD8ab Teff	1
CASSQDGSSGAGEQYF	TRBV4-2	TRBJ2-7	CAGYPSTGGNNRLAF	Donor AJD3280:L TCRab CD8ab Teff	1
CASSNGGPLTEAFF	TRBV6-5	TRBJ1-1	CAGRTGANNLFF	Donor AJD3280:L TCRab CD8ab Teff	1
CASSWGGGPPFFNEQFF	TRBV5-6	TRBJ2-1	CIVRVIIQGAQKLVF	Donor AJD3280:L TCRab CD8ab Teff	1
CASSVGGDNNEQFF	TRBV9	TRBJ2-1	CIVRDNGGATNKLIF	Donor AJD3280:L TCRab CD8ab Teff	1
CASSQDMAVWSADTQYF	TRBV4-1	TRBJ2-3	CILPNEKLTF	Donor AJD3280:L TCRab CD8ab Teff	1
CASSLRGPMNTEAFF	TRBV18	TRBJ1-1	CARGGTSYGKLTF	Donor AJD3280:L TCRab CD8ab Teff	1
CASSQIYGYTF	TRBV3-1	TRBJ1-2	CAATDSWGKLQF	Donor AJD3280:L TCRab CD8ab Teff	2
CASSLYLLADPQETQYF	TRBV7-8	TRBJ2-5	CAGANLHGGSQGNLIF	Donor AJD3280:L TCRab CD8ab Teff	1
CSARSPRYSPLHF	TRBV20-1	TRBJ1-6	CAASATKTSGSRLTF	Donor AJD3280:L TCRab CD8ab Teff	1
CASSRGYSGTEAFF	TRBV4-2	TRBJ1-1	CAASTGKLIF	Donor AJD3280:L TCRab CD8ab Teff	3
CASSQEGYRTGLFSSGANVLTF	TRBV4-3	TRBJ2-6	CAASEGNFGNEKLTF	Donor AJD3280:L TCRab CD8ab Teff	1
CASSGWKDPIYEQYF	TRBV6-1	TRBJ2-7	CAARGSGNTPLVF	Donor AJD3280:L TCRab CD8ab Teff	2
CASSYSRYWTPYGYTF	TRBV6-6	TRBJ1-2	CAALGLIQGAQKLVF	Donor AJD3280:L TCRab CD8ab Teff	11
CASSFKQGTGAEKLFF	TRBV7-2	TRBJ1-4	CAASTGKLIF	Donor AJD3280:L TCRab CD8ab Teff	1
CASRDVSGGELNEQFF	TRBV7-9	TRBJ2-1	CAVRDIANSGYALNF	Donor AJD3280:L TCRab CD8ab Teff	13
CASSNQFSTGTYGYTF	TRBV7-8	TRBJ1-2	CGTLASGGGADGLTF	Donor AJD3280:L TCRab CD8ab Teff	1
CASSVAPGQNYGYTF	TRBV9	TRBJ1-2	CGTEGPGAGSYQLTF	Donor AJD3280:L TCRab CD8ab Teff	1
CAISSAGTGFSYEQYF	TRBV10-3	TRBJ2-7	CGADMKMDSNYQLIW	Donor AJD3280:L TCRab CD8ab Teff	1
CASSRRDSPFEQYF	TRBV16	TRBJ2-7	CAGRQSNYKLTF	Donor AJD3280:L TCRab CD8ab Teff	1
CASSTGLAGGPGSYNEQFF	TRBV3-1	TRBJ2-1	CAGPNYGQNFVF	Donor AJD3280:L TCRab CD8ab Teff	1
CAISERLAGGHTGELFF	TRBV10-3	TRBJ2-2	CAFIYSTQGGSEKLVF	Donor AJD3280:L TCRab CD8ab Teff	1
CASRTPNLAGGPREQYF	TRBV12-3	TRBJ2-7	CAFMKHSSVMGRIQGAQKLVF	Donor AJD3280:L TCRab CD8ab Teff	2
CASSFETTGRNTGELFF	TRBV12-4	TRBJ2-2	CAFMKRPSIMNYGGSQGNLIF	Donor AJD3280:L TCRab CD8ab Teff	3
CASSFPGQYEQYF	TRBV13	TRBJ2-7	CAFIQGAQKLVF	Donor AJD3280:L TCRab CD8ab Teff	1
CSANFIAGAILSGDTQYF	TRBV20-1	TRBJ2-3	CASLQEGGSEKLVF	Donor AJD3280:L TCRab CD8ab Teff	1
CASSPFPLVSQFF	TRBV27	TRBJ2-1	CAFTSWPYYGGSQGNLIF	Donor AJD3280:L TCRab CD8ab Teff	1
CASSYSWTGVGSNEQFF	TRBV6-5	TRBJ2-1	CAFMKHSSVMGRIQGAQKLVF	Donor AJD3280:L TCRab CD8ab Teff	1
CASSHLRRTGELFF	TRBV4-2	TRBJ2-2	CAYRSARDSNYQLIW	Donor AJD3280:L TCRab CD8ab Teff	1
CATEGALSYNEQFF	TRBV7-9	TRBJ2-1	CAYRSLSLNF	Donor AJD3280:L TCRab CD8ab Teff	1
CASSSPSAGPSYEQYF	TRBV11-2	TRBJ2-7	CLVVPSNTGKLIF	Donor AJD3280:L TCRab CD8ab Teff	1
CASSTGQRNTEAFF	TRBV2	TRBJ1-1	CLVGGGTGGFKTIF	Donor AJD3280:L TCRab CD8ab Teff	1
CSAGRPKYRGTFQETQYF	TRBV20-1	TRBJ2-5	CLVGPTGGGNKLTF	Donor AJD3280:L TCRab CD8ab Teff	1
CSVDGNSRERNTEAFF	TRBV29-1	TRBJ1-1	CLADRGSTLGRLYF	Donor AJD3280:L TCRab CD8ab Teff	1
CASSLWWTNEKLFF	TRBV5-6	TRBJ1-4	CLVDLGGGADGLTF	Donor AJD3280:L TCRab CD8ab Teff	6
CASSLGLAGGTYNEQFF	TRBV6-2	TRBJ2-1	CLVGDRMDSSYKLIF	Donor AJD3280:L TCRab CD8ab Teff	1
CASSFGAGALDEQFF	TRBV12-4	TRBJ2-1	CAAAHYNTDKLIF	Donor AJD3280:L TCRab CD8ab Teff	3
CASSLAEEAFF	TRBV11-1	TRBJ1-1	CAESGSNYQLIW	Donor AJD3280:L TCRab CD8ab Teff	1
CASSLNRNGETQYF	TRBV12-4	TRBJ2-5	CAEWYRDDKIIF	Donor AJD3280:L TCRab CD8ab Teff	1
CSARDETGNGYTF	TRBV20-1	TRBJ1-2	CADDNNARLMF	Donor AJD3280:L TCRab CD8ab Teff	1
CSASAGGLAVYNEQFF	TRBV20-1	TRBJ2-1	CAEITSGTYKYIF	Donor AJD3280:L TCRab CD8ab Teff	1
CATSEGGTSMETQYF	TRBV24-1	TRBJ2-5	CAESITTGRRALTF	Donor AJD3280:L TCRab CD8ab Teff	4
CASSEWGTGRSGANVLTF	TRBV25-1	TRBJ2-6	CAEALTSGTYKYIF	Donor AJD3280:L TCRab CD8ab Teff	3
CASSSIGGSSYNEQFF	TRBV7-3	TRBJ2-1	CAESSNNDMRF	Donor AJD3280:L TCRab CD8ab Teff	1
CSARSPRYSPLHF	TRBV20-1	TRBJ1-6	CALERGDKIIF	Donor AJD3280:L TCRab CD8ab Teff	8
CASSPGQSYGYTF	TRBV5-4	TRBJ1-2	CARGSGGYNKLIF	Donor AJD3280:L TCRab CD8ab Teff	1
CASSQLLSGGSYNEQFF	TRBV3-1	TRBJ2-1	CAVKEGGKLIF	Donor AJD3280:L TCRab CD8ab Teff	1
CASSEVFQDGYTF	TRBV6-1	TRBJ1-2	CAVKNTDKLIF	Donor AJD3280:L TCRab CD8ab Teff	1
CASSGRWAMNTEAFF	TRBV6-1	TRBJ1-1	CAVNDAPDKLIF	Donor AJD3280:L TCRab CD8ab Teff	1
CASSPALASYGYTF	TRBV7-6	TRBJ1-2	CAVKDTDKLIF	Donor AJD3280:L TCRab CD8ab Teff	1
CASSLTDWGYEQFF	TRBV7-9	TRBJ2-1	CAAPYNQGGKLIF	Donor AJD3280:L TCRab CD8ab Teff	1
CASASPSGTGGLNEQFF	TRBV18	TRBJ2-1	CVLMNTCFQKLVF	Donor AJD3280:L TCRab CD8ab Teff	1
CASASPSGTGGLNEQFF	TRBV18	TRBJ2-1	CVLMNTGFQKLVF	Donor AJD3280:L TCRab CD8ab Teff	2
CASSPDRGYQNTIYF	TRBV7-8	TRBJ1-3	CVVTPISDGQKLLF	Donor AJD3280:L TCRab CD8ab Teff	1
CASSQSDVNNEKLFF	TRBV7-9	TRBJ1-4	CVVSLSGGYNKLIF	Donor AJD3280:L TCRab CD8ab Teff	1
CASSPGQGRRAFF	TRBV9	TRBJ1-1	CVVSDRGYGGSQGNLIF	Donor AJD3280:L TCRab CD8ab Teff	1
CASSIGIGGYEQYF	TRBV19	TRBJ2-7	CAVGVQYGGSQGNLIF	Donor AJD3280:L TCRab CD8ab Teff	1
CASSPTLNTEAFF	TRBV3-1	TRBJ1-1	CAVGGTGGFKTIF	Donor AJD3280:L TCRab CD8ab Teff	1
CASSQADPGRGGYTF	TRBV4-2	TRBJ1-2	CAVGGGNFNKFYF	Donor AJD3280:L TCRab CD8ab Teff	12
CASSPQTSRLAGTDTQYF	TRBV5-1	TRBJ2-3	CAVGPDGQKLLF	Donor AJD3280:L TCRab CD8ab Teff	3
CASSSDFDEQYF	TRBV5-4	TRBJ2-7	CAVGFYNFNKFYF	Donor AJD3280:L TCRab CD8ab Teff	2
CASSGWKDPIYEQYF	TRBV6-1	TRBJ2-7	CAVGANAGGTSYGKLTF	Donor AJD3280:L TCRab CD8ab Teff	1
CASVPTLRDRAYEQYF	TRBV6-2	TRBJ2-7	CAVALSGYSTLTF	Donor AJD3280:L TCRab CD8ab Teff	1
CASSIRGGVIAPLHF	TRBV19	TRBJ1-6	CAVSLLWGSQGNLIF	Donor AJD3280:L TCRab CD8ab Teff	2
CASSQDRRLAEAFF	TRBV4-1	TRBJ1-1	CAVCDPFAGGTSYGKLTF	Donor AJD3280:L TCRab CD8ab Teff	1
CASSYPTSGGETQYF	TRBV6-2	TRBJ2-5	CAVQQGYALNF	Donor AJD3280:L TCRab CD8ab Teff	1
CASSYPTGGNSPLHF	TRBV6-2	TRBJ1-6	CAVRNDYKLSF	Donor AJD3280:L TCRab CD8ab Teff	18
CASSLGQGETQYF	TRBV7-8	TRBJ2-5	CAVGPGGSYKLIF	Donor AJD3280:L TCRab CD8ab Teff	1
CATSRDRGGAETQYF	TRBV15	TRBJ2-5	CAVRIIMNYGGSQGNLIF	Donor AJD3280:L TCRab CD8ab Teff	1
CSVGGGGTFHEQYF	TRBV29-1	TRBJ2-7	CAAKAGGSEKLVF	Donor AJD3280:L TCRab CD8ab Teff	2
CASSYPTARGDTQYF	TRBV6-2	TRBJ2-3	CAVLSGYALNF	Donor AJD3280:L TCRab CD8ab Teff	1
CASSYPTSGYNEQFF	TRBV6-2	TRBJ2-1	CAVRSNYQLIW	Donor AJD3280:L TCRab CD8ab Teff	1
CASKIAGRFQETQYF	TRBV6-6	TRBJ2-5	CAVSASSGSYQLTF	Donor AJD3280:L TCRab CD8ab Teff	2
CASSVNSGANVLTF	TRBV9	TRBJ2-6	CAVRVYGGSQGNLIF	Donor AJD3280:L TCRab CD8ab Teff	1
CASKDRGFTNQPQHF	TRBV2	TRBJ1-5	CALIPFSGGYNKLIF	Donor AJD3280:L TCRab CD8ab Teff	6
CASSLVATEAFF	TRBV5-1	TRBJ1-1	CALSRISSGSARQLTF	Donor AJD3280:L TCRab CD8ab Teff	1
CASKETGKVAGANVLTF	TRBV3-1	TRBJ2-6	CAVRSGSGNTGKLIF	Donor AJD3280:LP TCRab CD8ab TCM	1
CASSDDINGDEKLFF	TRBV25-1	TRBJ1-4	CVVNGLGSGYSTLTF	Donor AJD3280:LP TCRab CD8ab TCM	1
CASSYGDTQYF	TRBV6-2	TRBJ2-3	CAVGAGSYQLTF	Donor AJD3280:LP TCRab CD8ab TCM	1
CASSPPGLAGAKETQYF	TRBV7-8	TRBJ2-5	CAVNTPTNAGKSTF	Donor AJD3280:LP TCRab CD8ab TCM	1
CASSPGQGDYNEQFF	TRBV27	TRBJ2-1	CAAPGGFNKFYF	Donor AJD3280:LP TCRab CD8ab TCM	1
CASSLVGQDDYGYTF	TRBV7-9	TRBJ1-2	CAAKRPPYNDYKLSF	Donor AJD3280:LP TCRab CD8ab TCM	1
CASSLLPGVITDTQYF	TRBV4-2	TRBJ2-3	CAENPSGNTPLVF	Donor AJD3280:LP TCRab CD8ab TCM	1
CASSLQGANTEAFF	TRBV7-9	TRBJ1-1	CAMRRSGYSTLTF	Donor AJD3280:LP TCRab CD8ab TCM	1
CASSLELAGGPNEQFF	TRBV7-8	TRBJ2-1	CALKEDSNYQLIW	Donor AJD3280:LP TCRab CD8ab TCM	1
CASSLSPLLTAKYSYEQYF	TRBV3-1	TRBJ2-7	CALSEALASSGNTGKLIF	Donor AJD3280:LP TCRab CD8ab TCM	1
CASSLDDLTDTQYF	TRBV5-1	TRBJ2-3	CALSAGGTSYGKLTF	Donor AJD3280:LP TCRab CD8ab TCM	1
CASSAARNQVHYNEQFF	TRBV9	TRBJ2-1	CALSESTSGTYKYIF	Donor AJD3280:LP TCRab CD8ab TCM	1
CASNSGQGFMNTEAFF	TRBV12-3	TRBJ1-1	CAVDNNAGNMLTF	Donor AJD3280:LP TCRab CD8ab TCM	1
CASSISGGPSNEQFF	TRBV3-1	TRBJ2-1	CAVEGKSSGDKLTF	Donor AJD3280:LP TCRab CD8ab TCM	1
CASSFGQSYEQYF	TRBV27	TRBJ2-7	CAVGYSGGYQKVTF	Donor AJD3280:LP TCRab CD8ab TCM	1
CASSLGVQGWQETQYF	TRBV11-2	TRBJ2-5	CAVYSGGGADGLTF	Donor AJD3280:LP TCRab CD8ab TCM	1
CASWDPSSYEQYF	TRBV7-8	TRBJ2-7	CAAPNYGGSQGNLIF	Donor AJD3280:LP TCRab CD8ab TCM	1
CASSQGYEQYF	TRBV27	TRBJ2-7	CARNTGNQFYF	Donor AJD3280:LP TCRab CD8ab TCM	1
CASSTGTSGGAGDTQYF	TRBV6-2	TRBJ2-3	CAGRGSGTYKYIF	Donor AJD3280:LP TCRab CD8ab TCM	1
CASSGQGRNTIYF	TRBV9	TRBJ1-3	CILSPYSGAGSYQLTF	Donor AJD3280:LP TCRab CD8ab TCM	1
CASSLVTNSIGYTF	TRBV7-9	TRBJ1-2	CAASDTGNQFYF	Donor AJD3280:LP TCRab CD8ab TCM	1
CASSQDRGAAYEQYF	TRBV4-3	TRBJ2-7	CAVRSRGNTPLVF	Donor AJD3280:LP TCRab CD8ab TCM	1
CASSLSGWGTEAFF	TRBV5-6	TRBJ1-1	CARPSARQLTF	Donor AJD3280:LP TCRab CD8ab TCM	1
CASSVGGTTEKLFF	TRBV9	TRBJ1-4	CGTEVRGGGADGLTF	Donor AJD3280:LP TCRab CD8ab TCM	1
CASKGTVREYQETQYF	TRBV6-2	TRBJ2-5	CAFMKAQNYGQNFVF	Donor AJD3280:LP TCRab CD8ab TCM	1
CASSQVGMNGVWEQYF	TRBV4-3	TRBJ2-7	CAVNAQDTGRRALTF	Donor AJD3280:LP TCRab CD8ab TCM	1
CASSLLGLTGYNEQFF	TRBV7-2	TRBJ2-1	CAVMTGGKLIF	Donor AJD3280:LP TCRab CD8ab TCM	1
CASSSRAGQYEQYF	TRBV7-9	TRBJ2-7	CAVSPSTGSNFNKFYF	Donor AJD3280:LP TCRab CD8ab TCM	1
CASSRYREGTSNQPQHF	TRBV5-6	TRBJ1-5	CAVSLSGNTPLVF	Donor AJD3280:LP TCRab CD8ab TCM	1
CASRADPNTEAFF	TRBV6-6	TRBJ1-1	CAVSSQAGTALIF	Donor AJD3280:LP TCRab CD8ab TEM	1
CASSATGEAFF	TRBV7-9	TRBJ1-1	CAASSNTGKLIF	Donor AJD3280:LP TCRab CD8ab TEM	1
CASSLSQGKGNTEAFF	TRBV7-9	TRBJ1-1	CAVRDVGFQKLVF	Donor AJD3280:LP TCRab CD8ab TEM	1
CASSQETGTGGEKLFF	TRBV4-2	TRBJ1-4	CAGYSGGATNKLIF	Donor AJD3280:LP TCRab CD8ab TEM	1
CASSYSMPSGGYNEQFF	TRBV6-2	TRBJ2-1	CAVRARFSGGYNKLIF	Donor AJD3280:LP TCRab CD8ab TEM	1
CASSTGQPYGYTF	TRBV12-4	TRBJ1-2	CVVSAATDSWGKLQF	Donor AJD3280:LP TCRab CD8ab TEM	1
CASSEGKVIPGELFF	TRBV2	TRBJ2-2	CVVNGRDSSYKLIF	Donor AJD3280:LP TCRab CD8ab TEM	1
CASSQGTGARTEQFF	TRBV4-3	TRBJ2-1	CAVNEDSGAGSYQLTF	Donor AJD3280:LP TCRab CD8ab TEM	1
CSARKRESGTKTPEQYF	TRBV20-1	TRBJ2-7	CAASIRNTGKLIF	Donor AJD3280:LP TCRab CD8ab TEM	1
CSALTVDTQYF	TRBV20-1	TRBJ2-3	CAATGGGGADGLTF	Donor AJD3280:LP TCRab CD8ab TEM	1
CASRDGQYYGYTF	TRBV7-9	TRBJ1-2	CAASLAKISNFGNEKLTF	Donor AJD3280:LP TCRab CD8ab TEM	2
CASNHRGQGTDTQYF	TRBV2	TRBJ2-3	CARNSGGGADGLTF	Donor AJD3280:LP TCRab CD8ab TEM	1
CASSQAQRGDNEQFF	TRBV4-2	TRBJ2-1	CAENGNNFNKFYF	Donor AJD3280:LP TCRab CD8ab TEM	1
CASSEYYGANQPQHF	TRBV6-1	TRBJ1-5	CAMREGEGGSYIPTF	Donor AJD3280:LP TCRab CD8ab TEM	1
CASSGLGLRETQYF	TRBV9	TRBJ2-5	CAMREAQGAQKLVF	Donor AJD3280:LP TCRab CD8ab TEM	1
CASSPAGGSNQPQHF	TRBV18	TRBJ1-5	CALSGIDRPSNFNDYKLSF	Donor AJD3280:LP TCRab CD8ab TEM	1
CASTDPGNRGIRNTEAFF	TRBV6-1	TRBJ1-1	CALLNQAGTALIF	Donor AJD3280:LP TCRab CD8ab TEM	1
CASSSGQGYNSPLHF	TRBV7-2	TRBJ1-6	CALSRGFGNEKLTF	Donor AJD3280:LP TCRab CD8ab TEM	1
CASNPGQGFYEQFF	TRBV19	TRBJ2-1	CATVDLAQKLVF	Donor AJD3280:LP TCRab CD8ab TEM	1
CASSIERGRDPFREQYF	TRBV19	TRBJ2-7	CATVHVDYKLSF	Donor AJD3280:LP TCRab CD8ab TEM	1
CASSQDGGREEAFF	TRBV4-2	TRBJ1-1	CATDDSIDTGRRALTF	Donor AJD3280:LP TCRab CD8ab TEM	1
CASSYAPYNEQFF	TRBV6-2	TRBJ2-1	CATLRGTGNQFYF	Donor AJD3280:LP TCRab CD8ab TEM	1
CASSPTSGRDTQYF	TRBV6-6	TRBJ2-3	CADSGGSNYKLTF	Donor AJD3280:LP TCRab CD8ab TEM	1
CASSLAQKDLATNEKLFF	TRBV13	TRBJ1-4	CALSGNQAGTALIF	Donor AJD3280:LP TCRab CD8ab TEM	1
CASSDSRNTEAFF	TRBV25-1	TRBJ1-1	CALSEPRPTGNQFYF	Donor AJD3280:LP TCRab CD8ab TEM	1
CASSLQGHGKETQYF	TRBV27	TRBJ2-5	CALSEAEWYSGGYQKVTF	Donor AJD3280:LP TCRab CD8ab TEM	1
CASSQVGGGKNIQYF	TRBV3-1	TRBJ2-4	CALSLYNNNDMRF	Donor AJD3280:LP TCRab CD8ab TEM	1
CASSPLAGGPDTQYF	TRBV4-3	TRBJ2-3	CALKRRSNFGNEKLTF	Donor AJD3280:LP TCRab CD8ab TEM	1
CASSPGTGASYEQYF	TRBV7-6	TRBJ2-7	CALSPMKTSYDKVIF	Donor AJD3280:LP TCRab CD8ab TEM	1
CATSTTWDNQETQYF	TRBV15	TRBJ2-5	CAVQAERGSTLGRLYF	Donor AJD3280:LP TCRab CD8ab TEM	1
CASRDGYGYTF	TRBV6-1	TRBJ1-2	CAVFGRPGTYKYIF	Donor AJD3280:LP TCRab CD8ab TEM	1
CASSVGKGLGTEAFF	TRBV9	TRBJ1-1	CAVQAVNYGGATNKLIF	Donor AJD3280:LP TCRab CD8ab TEM	1
CASSGQPAWKFKV	TRBV11-2	TRBJ1-2	CAVRPVGTGTASKLTF	Donor AJD3280:LP TCRab CD8ab TEM	1
CASSPQRGTSTDTQYF	TRBV18	TRBJ2-3	CAVRDSSASKIIF	Donor AJD3280:LP TCRab CD8ab TEM	1
CASSPRADINYGYTF	TRBV19	TRBJ1-2	CAATDSWGKLQF	Donor AJD3280:LP TCRab CD8ab TEM	1
CASSPDRGYTEAFF	TRBV19	TRBJ1-1	CAVKRNYQLIW	Donor AJD3280:LP TCRab CD8ab TEM	1
CASSLSLGATQYF	TRBV19	TRBJ2-3	CAVTNNAGNMLTF	Donor AJD3280:LP TCRab CD8ab TEM	1
CSAIYRGGQNEQFF	TRBV20-1	TRBJ2-1	CAVRPVGTGTASKLTF	Donor AJD3280:LP TCRab CD8ab TEM	1
CASSYSSPFGSPLHF	TRBV6-5	TRBJ1-6	CAVLYNFNKFYF	Donor AJD3280:LP TCRab CD8ab TEM	1
CASTQYGGETEAFF	TRBV6-5	TRBJ1-1	CAGLTQGGSEKLVF	Donor AJD3280:LP TCRab CD8ab TEM	1
CASSIFWTGVDEQYF	TRBV19	TRBJ2-7	CAATLKGSQGNLIF	Donor AJD3280:LP TCRab CD8ab TEM	1
CASSLKGDTGELFF	TRBV7-2	TRBJ2-2	CAASDDKIIF	Donor AJD3280:LP TCRab CD8ab TEM	1
CASSGRDRDYGYTF	TRBV9	TRBJ1-2	CAASLSLSGGSYIPTF	Donor AJD3280:LP TCRab CD8ab TEM	1
CASSQNLRTPLHF	TRBV11-3	TRBJ1-6	CAFWSNNDMRF	Donor AJD3280:LP TCRab CD8ab TEM	1
CASSAPGQGPADEQFF	TRBV19	TRBJ2-1	CIVRVRETSGSRLTF	Donor AJD3280:LP TCRab CD8ab TEM	1
CASSPVTDTQYF	TRBV2	TRBJ2-3	CIAGRPGTYKYIF	Donor AJD3280:LP TCRab CD8ab TEM	1
CASSRWTDYGYTF	TRBV3-1	TRBJ1-2	CIVRVEETGTASKLTF	Donor AJD3280:LP TCRab CD8ab TEM	1
CASSDPIGNEKLFF	TRBV6-1	TRBJ1-4	CIVRGSNFGNEKLTF	Donor AJD3280:LP TCRab CD8ab TEM	1
CASSLGTGVDNSPLHF	TRBV7-6	TRBJ1-6	CIVRVATGGANSKLTF	Donor AJD3280:LP TCRab CD8ab TEM	1
CASSRFTAADPGETQYF	TRBV18	TRBJ2-5	CILRDSTGNQFYF	Donor AJD3280:LP TCRab CD8ab TEM	1
CSADKRLYGYTF	TRBV20-1	TRBJ1-2	CILSGNAGNMLTF	Donor AJD3280:LP TCRab CD8ab TEM	1
CSVELLIGGANTEAFF	TRBV29-1	TRBJ1-1	CAGGETSGSRLTF	Donor AJD3280:LP TCRab CD8ab TEM	1
CSARKEGGRQETQYF	TRBV20-1	TRBJ2-5	CAALRNNNARLMF	Donor AJD3280:LP TCRab CD8ab TEM	1
CATSAGQLGTDTQYF	TRBV24-1	TRBJ2-3	CGTASDSWGKLQF	Donor AJD3280:LP TCRab CD8ab TEM	1
CAWSVRYNEKLFF	TRBV30	TRBJ1-4	CGTAPNAGNNRKLIW	Donor AJD3280:LP TCRab CD8ab TEM	1
CASSLRWGPVEEQFF	TRBV11-2	TRBJ2-1	CARNAGNMLTF	Donor AJD3280:LP TCRab CD8ab TEM	1
CASSPRGRDGYTF	TRBV18	TRBJ1-2	CLVGVGIQGAQKLVF	Donor AJD3280:LP TCRab CD8ab TEM	1
CASSSVQGGETQYF	TRBV5-4	TRBJ2-5	CLVGDGNDMRF	Donor AJD3280:LP TCRab CD8ab TEM	1
CAWSGGAAGGNTGELFF	TRBV30	TRBJ2-2	CALDEDYKLSF	Donor AJD3280:LP TCRab CD8ab TEM	2
CASSSPGRSSYNSPLHF	TRBV6-2	TRBJ1-6	CAVKGGYQKVTF	Donor AJD3280:LP TCRab CD8ab TEM	1
CASSSRLGLNEQFF	TRBV27	TRBJ2-1	CVVSQGGGADGLTF	Donor AJD3280:LP TCRab CD8ab TEM	1
CASSEPSPGQGVNTGELFF	TRBV2	TRBJ2-2	CAVGALYTDKLIF	Donor AJD3280:LP TCRab CD8ab TEM	1
CSASSESGTSLYEQYF	TRBV20-1	TRBJ2-7	CAVPWGSSASKIIF	Donor AJD3280:LP TCRab CD8ab TEM	1
CASSLMHSTDTQYF	TRBV12-3	TRBJ2-3	CALSPSANSKLTF	Donor AJD3280:LP TCRab CD8ab TEM	1
CASSENTYEQYF	TRBV2	TRBJ2-7	CALSEANFGNEKLTF	Donor AJD3280:LP TCRab CD8ab TEM	1
CASGTGGHEKLFF	TRBV27	TRBJ1-4	CALTRRPDSSYKLIF	Donor AJD3280:LP TCRab CD8ab TEM	1
CASSQDVEQRGAPLYRKQFF	TRBV4-1	TRBJ2-1	CALSEAPRNKLTF	Donor AJD3280:LP TCRab CD8ab TEM	1
CASSLSGGAINEQFF	TRBV7-2	TRBJ2-1	CALSDLGDTGRRALTF	Donor AJD3280:LP TCRab CD8ab TEM	1
CASRAGGVTEAFF	TRBV10-2	TRBJ1-1	CAGDNYGQNFVF	Donor AJD3280:LP TCRab CD8ab TRM	1
CASSQQGAEQYF	TRBV3-1	TRBJ2-7	CAVRPRFSDGQKLLF	Donor AJD3280:LP TCRab CD8ab TRM	1
CASSQAGGASYEQYF	TRBV4-1	TRBJ2-7	CAVNTNAGKSTF	Donor AJD3280:LP TCRab CD8ab TRM	1
CASSQNRASYEQYF	TRBV4-2	TRBJ2-7	CALNTNAGKSTF	Donor AJD3280:LP TCRab CD8ab TRM	2
CASSPGTSHEQYF	TRBV5-1	TRBJ2-7	CAVSDSWGKLQF	Donor AJD3280:LP TCRab CD8ab TRM	1
CASRGTGEEYYGYTF	TRBV6-5	TRBJ1-2	CAVQGNFNKFYF	Donor AJD3280:LP TCRab CD8ab TRM	1
CASRPPSFDGYTF	TRBV7-8	TRBJ1-2	CAANTNAGKSTF	Donor AJD3280:LP TCRab CD8ab TRM	1
CASSFAGELFF	TRBV7-9	TRBJ2-2	CAANTNAGKSTF	Donor AJD3280:LP TCRab CD8ab TRM	1
CAISESLNTEAFF	TRBV10-3	TRBJ1-1	CALGGATNKLIF	Donor AJD3280:LP TCRab CD8ab TRM	1
CASSWGGGGPYEQYF	TRBV11-2	TRBJ2-7	CAVNTNAGKSTF	Donor AJD3280:LP TCRab CD8ab TRM	1
CASGAGTEYQETQYF	TRBV12-5	TRBJ2-5	CASRNYGGSQGNLIF	Donor AJD3280:LP TCRab CD8ab TRM	1
CASSQGRDYYGYTF	TRBV14	TRBJ1-2	CAVRDLGFGNVLHC	Donor AJD3280:LP TCRab CD8ab TRM	1
CASRLTGSSYEQYF	TRBV28	TRBJ2-7	CAVNSGYALNF	Donor AJD3280:LP TCRab CD8ab TRM	1
CASSLAQTGYQPQHF	TRBV28	TRBJ1-5	CAVRDLGFGNVLHC	Donor AJD3280:LP TCRab CD8ab TRM	1
CASSEPPGTYSYEQYF	TRBV6-1	TRBJ2-7	CAVRDLAAGNKLTF	Donor AJD3280:LP TCRab CD8ab TRM	1
CASSSGTEYYGYTF	TRBV7-9	TRBJ1-2	CAVRDIGFGNVLHC	Donor AJD3280:LP TCRab CD8ab TRM	1
CASSLGTAASNYGYTF	TRBV7-9	TRBJ1-2	CAVRDRQAAGNKLTF	Donor AJD3280:LP TCRab CD8ab TRM	1
CASSGGGGGDAYGYTF	TRBV9	TRBJ1-2	CAVAHNNARLMF	Donor AJD3280:LP TCRab CD8ab TRM	1
CASSLGSHTEAFF	TRBV28	TRBJ1-1	CVVSPRDTGRRALTF	Donor AJD3280:LP TCRab CD8ab TRM	1
CASSEFLVDYGYTF	TRBV6-1	TRBJ1-2	CVVSVGYSGGGADGLTF	Donor AJD3280:LP TCRab CD8ab TRM	1
CASSPSGGYNEQFF	TRBV7-8	TRBJ2-1	CVVSSSGTYKYIF	Donor AJD3280:LP TCRab CD8ab TRM	1
CAISEERGQNSPLHF	TRBV10-3	TRBJ1-6	CVVNDYKLSF	Donor AJD3280:LP TCRab CD8ab TRM	1
CASSPHRGMMGETQYF	TRBV12-4	TRBJ2-5	CVVIPSNDYKLSF	Donor AJD3280:LP TCRab CD8ab TRM	1
CASSLGLASEQYF	TRBV12-4	TRBJ2-7	CVVNEGRNYGGSQGNLIF	Donor AJD3280:LP TCRab CD8ab TRM	1
CASSKFPSGELFF	TRBV19	TRBJ2-2	CVVNNSGGSQGNLIF	Donor AJD3280:LP TCRab CD8ab TRM	2
CSARVGDLGIETQYF	TRBV20-1	TRBJ2-5	CVVNRDTRLMF	Donor AJD3280:LP TCRab CD8ab TRM	1
CASSQTGTGLYEQYF	TRBV4-3	TRBJ2-7	CVVNSFSGNTGKLIF	Donor AJD3280:LP TCRab CD8ab TRM	1
CASSEAPGGFYEQYF	TRBV6-1	TRBJ2-7	CVVISGGYNKLIF	Donor AJD3280:LP TCRab CD8ab TRM	1
CASSEWPSDEQYF	TRBV6-1	TRBJ2-7	CVVNPSGNTGKLIF	Donor AJD3280:LP TCRab CD8ab TRM	1
CASSTGQDYEQYF	TRBV7-7	TRBJ2-7	CVAVGFGNVLHC	Donor AJD3280:LP TCRab CD8ab TRM	1
CASSALRGSNQPQHF	TRBV7-8	TRBJ1-5	CVVNDYKLSF	Donor AJD3280:LP TCRab CD8ab TRM	1
CASSLEGSSNQPQHF	TRBV7-9	TRBJ1-5	CVVKSGRGSTLGRLYF	Donor AJD3280:LP TCRab CD8ab TRM	1
CASSGLPGTGELFF	TRBV11-3	TRBJ2-2	CAVNLAGKSTF	Donor AJD3280:LP TCRab CD8ab TRM	1
CASSIGWSEQYF	TRBV19	TRBJ2-7	CAVRLKDAGGTSYGKLTF	Donor AJD3280:LP TCRab CD8ab TRM	1
CSASWGQGAAEAFF	TRBV20-1	TRBJ1-1	CAVPGNQFYF	Donor AJD3280:LP TCRab CD8ab TRM	1
CASSMGIGAEQYF	TRBV6-5	TRBJ2-7	CAVPYGNKLVF	Donor AJD3280:LP TCRab CD8ab TRM	1
CASSQPGAGYGYTF	TRBV3-1	TRBJ1-2	CAMSDNTDKLIF	Donor AJD3280:LP TCRab CD8ab TRM	1
CASSPGTSYEQYF	TRBV4-1	TRBJ2-7	CAMSNILTGGGNKLTF	Donor AJD3280:LP TCRab CD8ab TRM	1
CASRAPTRRTEAYGYTF	TRBV6-2	TRBJ1-2	CAMSALGYSTLTF	Donor AJD3280:LP TCRab CD8ab TRM	1
CSVAGRIYNEQFF	TRBV29-1	TRBJ2-1	CAARGGYSGGGADGLTF	Donor AJD3280:LP TCRab CD8ab TRM	1
CASSQGGGTEAFF	TRBV3-1	TRBJ1-1	CAASGGGTSYGKLTF	Donor AJD3280:LP TCRab CD8ab TRM	1
CASSQDRLNSGKSGYTF	TRBV4-3	TRBJ1-2	CAASTGADGQKLLF	Donor AJD3280:LP TCRab CD8ab TRM	1
CASSERTGSYEQYF	TRBV6-1	TRBJ2-7	CAALTPQGAQKLVF	Donor AJD3280:LP TCRab CD8ab TRM	1
CASSPSPGGYEQFF	TRBV7-9	TRBJ2-1	CAAKGGADGLTF	Donor AJD3280:LP TCRab CD8ab TRM	1
CASSARPLDRGEQYF	TRBV9	TRBJ2-7	CAAFNTDKLIF	Donor AJD3280:LP TCRab CD8ab TRM	1
CASSPTGGQDTQYF	TRBV12-4	TRBJ2-3	CAENIPEPAGNKLTF	Donor AJD3280:LP TCRab CD8ab TRM	1
CASSPRFGTGNSYQHF	TRBV19	TRBJ1-5	CAETSLSSASKIIF	Donor AJD3280:LP TCRab CD8ab TRM	2
CATQEGLQPQHF	TRBV19	TRBJ1-5	CAGAPAAGNKLTF	Donor AJD3280:LP TCRab CD8ab TRM	1
CASSQPGGAAETQYF	TRBV3-1	TRBJ2-5	CADPGWGGKLIF	Donor AJD3280:LP TCRab CD8ab TRM	1
CASSFRQGGTEAFF	TRBV7-2	TRBJ1-1	CAEIRNYGQNFVF	Donor AJD3280:LP TCRab CD8ab TRM	1
CATSDARYYEQYF	TRBV15	TRBJ2-7	CAMREDNQGGKLIF	Donor AJD3280:LP TCRab CD8ab TRM	1
CSARDQAGVYYEQYF	TRBV20-1	TRBJ2-7	CAMRELTGNQFYF	Donor AJD3280:LP TCRab CD8ab TRM	1
CATSDSTWGTQYF	TRBV24-1	TRBJ2-3	CAMREFTGGGNKLTF	Donor AJD3280:LP TCRab CD8ab TRM	1
CATSDLRSGEQFF	TRBV24-1	TRBJ2-1	CAMREYNNNDMRF	Donor AJD3280:LP TCRab CD8ab TRM	1
CASSQIGTGHTEAFF	TRBV4-2	TRBJ1-1	CAMRWNNAGNMLTF	Donor AJD3280:LP TCRab CD8ab TRM	1
CASSFSPTGNEQFF	TRBV7-2	TRBJ2-1	CAMRESRIYNQGGKLIF	Donor AJD3280:LP TCRab CD8ab TRM	1
CASSVGSGFPSFF	TRBV9	TRBJ1-1	CAMILHTGNQFYF	Donor AJD3280:LP TCRab CD8ab TRM	1
CASSYDIAGEQETQYF	TRBV6-2	TRBJ2-5	CALGIGFGNVLHC	Donor AJD3280:LP TCRab CD8ab TRM	1
CASSLELAGGPNEQFF	TRBV7-8	TRBJ2-1	CALKEDSNYQLIW	Donor AJD3280:LP TCRab CD8ab TRM	2
CASSEADIWGGARNEKLFF	TRBV2	TRBJ1-4	CATLDGATNKLIF	Donor AJD3280:LP TCRab CD8ab TRM	1
CASSYAPYNEQFF	TRBV6-2	TRBJ2-1	CATLRGTGNQFYF	Donor AJD3280:LP TCRab CD8ab TRM	1
CAISEGGASSYEQYF	TRBV10-3	TRBJ2-7	CALNTGGFKTIF	Donor AJD3280:LP TCRab CD8ab TRM	2
CASSLAQKDLATNEKLFF	TRBV13	TRBJ1-4	CALSGNQAGTALIF	Donor AJD3280:LP TCRab CD8ab TRM	2
CASGPQVSTGELFF	TRBV27	TRBJ2-2	CALIGFGNVLHC	Donor AJD3280:LP TCRab CD8ab TRM	1
CASSYSVTIGNSPLHF	TRBV6-5	TRBJ1-6	CALSEARDSNYQLIW	Donor AJD3280:LP TCRab CD8ab TRM	1
CASSAGGGHTEAFF	TRBV7-3	TRBJ1-1	CALSESENAGNMLTF	Donor AJD3280:LP TCRab CD8ab TRM	1
CASSFVASGNSPLHF	TRBV7-9	TRBJ1-6	CALRSIIQGAQKLVF	Donor AJD3280:LP TCRab CD8ab TRM	1
CASSPTGLAGANTGELFF	TRBV7-9	TRBJ2-2	CALSPIEKLVF	Donor AJD3280:LP TCRab CD8ab TRM	1
CASSSGPTNEKLFF	TRBV11-2	TRBJ1-4	CAVDPNSGGYQKVTF	Donor AJD3280:LP TCRab CD8ab TRM	1
CASSQEGRGGRNIQYF	TRBV4-3	TRBJ2-4	CAVLFQGAQKLVF	Donor AJD3280:LP TCRab CD8ab TRM	1
CASSLSPGNTEAFF	TRBV7-3	TRBJ1-1	CAVQASRGSSNTGKLIF	Donor AJD3280:LP TCRab CD8ab TRM	1
CASTKGSGQGRPFF	TRBV12-4	TRBJ1-1	CAVISSGSARQLTF	Donor AJD3280:LP TCRab CD8ab TRM	1
CASSPDRGYTEAFF	TRBV19	TRBJ1-1	CAVKRNYQLIW	Donor AJD3280:LP TCRab CD8ab TRM	1
CASSEADIWGGARNEKLFF	TRBV2	TRBJ1-4	CALYTGTASKLTF	Donor AJD3280:LP TCRab CD8ab TRM	1
CASSIRTGLQPQHF	TRBV27	TRBJ1-5	CAVRSTSGTYKYIF	Donor AJD3280:LP TCRab CD8ab TRM	2
CASSQDRGRDTQYF	TRBV4-3	TRBJ2-3	CAAMDSNYQLIW	Donor AJD3280:LP TCRab CD8ab TRM	1
CASSWTSRYEQYF	TRBV6-1	TRBJ2-7	CAVMTDSWGKLQF	Donor AJD3280:LP TCRab CD8ab TRM	1
CASSYSGPGLARSGELFF	TRBV6-2	TRBJ2-2	CAEDGGSQGNLIF	Donor AJD3280:LP TCRab CD8ab TRM	1
CASSTGTVNTGELFF	TRBV5-8	TRBJ2-2	CAVDDRGSTLGRLYF	Donor AJD3280:LP TCRab CD8ab TRM	2
CASSQRLNTEAFF	TRBV4-2	TRBJ1-1	CAGGTYSGAGSYQLTF	Donor AJD3280:LP TCRab CD8ab TRM	1
CASSSAGSSVYGYTF	TRBV11-2	TRBJ1-2	CIVRYFNTDKLIF	Donor AJD3280:LP TCRab CD8ab TRM	1
CASRAYNEQFF	TRBV19	TRBJ2-1	CIVRVEETSGSRLTF	Donor AJD3280:LP TCRab CD8ab TRM	1
CSARDLLDIYEKLFF	TRBV20-1	TRBJ1-4	CIVGNYGQNFVF	Donor AJD3280:LP TCRab CD8ab TRM	1
CAWSDVDVWGSNQPQHF	TRBV30	TRBJ1-5	CIVRVAIDDYKLSF	Donor AJD3280:LP TCRab CD8ab TRM	1
CASSPTGTGYEQYF	TRBV4-1	TRBJ2-7	CILRDKRVETSGSRLTF	Donor AJD3280:LP TCRab CD8ab TRM	1
CASTDRPTEAFF	TRBV19	TRBJ1-1	CAGALGTDSWGKLQF	Donor AJD3280:LP TCRab CD8ab TRM	1
CASLEGIGGQPQHF	TRBV2	TRBJ1-5	CAGAGRGSTLGRLYF	Donor AJD3280:LP TCRab CD8ab TRM	1
CASSEAGSYNSPLHF	TRBV2	TRBJ1-6	CAGARLRNQGGKLIF	Donor AJD3280:LP TCRab CD8ab TRM	1
CASSLWGDQPQHF	TRBV7-2	TRBJ1-5	CAGGPLNNAGNMLTF	Donor AJD3280:LP TCRab CD8ab TRM	1
CAISESTQGAYFPKSHYGYTF	TRBV10-3	TRBJ1-2	CAASEWGGGADGLTF	Donor AJD3280:LP TCRab CD8ab TRM	1
CSARGRLAGYNEQFF	TRBV20-1	TRBJ2-1	CAAINNARLMF	Donor AJD3280:LP TCRab CD8ab TRM	1
CSARGTSGGRNEQFF	TRBV20-1	TRBJ2-1	CAAYNNARLMF	Donor AJD3280:LP TCRab CD8ab TRM	1
CSVDRGRRAFF	TRBV29-1	TRBJ2-1	CAASAEETSGSRLTF	Donor AJD3280:LP TCRab CD8ab TRM	1
CASSHWQRPYEQYF	TRBV3-1	TRBJ2-7	CAASAMGNQFYF	Donor AJD3280:LP TCRab CD8ab TRM	1
CASSQDLSAGLAGGADTQYF	TRBV3-1	TRBJ2-3	CAAWGTDKLIF	Donor AJD3280:LP TCRab CD8ab TRM	1
CASSQDRLNSGKSGYTF	TRBV4-3	TRBJ1-2	CAAHNNNARLMF	Donor AJD3280:LP TCRab CD8ab TRM	1
CASSQELGSANEKLFF	TRBV4-3	TRBJ1-4	CAALRNNNARLMF	Donor AJD3280:LP TCRab CD8ab TRM	1
CASSQGQGPTEAFF	TRBV5-1	TRBJ1-1	CAAPRTGGTSYGKLTF	Donor AJD3280:LP TCRab CD8ab TRM	1
CASSQTGGVDTQYF	TRBV5-4	TRBJ2-3	CAASAQTGANNLFF	Donor AJD3280:LP TCRab CD8ab TRM	1
CASSETGAGELFF	TRBV5-4	TRBJ2-2	CAASGLSNTGNQFYF	Donor AJD3280:LP TCRab CD8ab TRM	1
CASSIQTSYNEQFF	TRBV19	TRBJ2-1	CAVSPDTGRRALTF	Donor AJD3280:LP TCRab CD8ab TRM	2
CASSLDRDYHQPQHF	TRBV2	TRBJ1-5	CAVRAITGGGNKLTF	Donor AJD3280:LP TCRab CD8ab TRM	1
CSAKDRGGSYNEQFF	TRBV20-1	TRBJ2-1	CAVSAASFTSGTYKYIF	Donor AJD3280:LP TCRab CD8ab TRM	2
CSAVGGARGYTF	TRBV29-1	TRBJ1-2	CAVTTNTPLVF	Donor AJD3280:LP TCRab CD8ab TRM	1
CASSVFGGPNQETQYF	TRBV9	TRBJ2-5	CAVRDMPGGGNKLTF	Donor AJD3280:LP TCRab CD8ab TRM	1
CASSGGGNTEAFF	TRBV9	TRBJ1-1	CAVRDWIDYKLSF	Donor AJD3280:LP TCRab CD8ab TRM	1
CASSLGAGANEQFF	TRBV11-3	TRBJ2-1	CGTGYNTDKLIF	Donor AJD3280:LP TCRab CD8ab TRM	1
CASSIAGFSYEQYF	TRBV19	TRBJ2-7	CGPVPDGSSNTGKLIF	Donor AJD3280:LP TCRab CD8ab TRM	1
CASSLSRGWGYTF	TRBV28	TRBJ1-2	CGTEPALRDDKIIF	Donor AJD3280:LP TCRab CD8ab TRM	3
CASSQEASGAYGYTF	TRBV3-1	TRBJ1-2	CGTNSNTGKLIF	Donor AJD3280:LP TCRab CD8ab TRM	2
CASSLGGQGNTEAFF	TRBV5-1	TRBJ1-1	CAGLHYGGSQGNLIF	Donor AJD3280:LP TCRab CD8ab TRM	1
CASSLGRGEQYF	TRBV7-9	TRBJ2-7	CAGRSNTGNQFYF	Donor AJD3280:LP TCRab CD8ab TRM	1
CASSLGYGVETEAFF	TRBV11-2	TRBJ1-1	CAFRMDSSYKLIF	Donor AJD3280:LP TCRab CD8ab TRM	1
CASEWGGNQPQHF	TRBV19	TRBJ1-5	CAFMKFMDSNYQLIW	Donor AJD3280:LP TCRab CD8ab TRM	1
CSAPAWGSYNEQFF	TRBV20-1	TRBJ2-1	CAFMKPFDGHGGSQGNLIF	Donor AJD3280:LP TCRab CD8ab TRM	1
CASRLPQEYEQYF	TRBV28	TRBJ2-7	CAFPRFSDGQKLLF	Donor AJD3280:LP TCRab CD8ab TRM	1
CASSPDTYEQYF	TRBV3-1	TRBJ2-7	CASHSNSGYALNF	Donor AJD3280:LP TCRab CD8ab TRM	2
CASSQESGGPTDTQYF	TRBV4-3	TRBJ2-3	CAFMKRGSNYKLTF	Donor AJD3280:LP TCRab CD8ab TRM	1
CAISESTPQGPTGTAEAFF	TRBV10-3	TRBJ1-1	CAYRIIRWSFGNEKLTF	Donor AJD3280:LP TCRab CD8ab TRM	1
CASSRNTF	TRBV2	TRBJ1-2	CAYTWNTGTASKLTF	Donor AJD3280:LP TCRab CD8ab TRM	2
CASSQFWTGGPYEQYF	TRBV4-2	TRBJ2-7	CAYNFNKFYF	Donor AJD3280:LP TCRab CD8ab TRM	1
CASSLGGTYEQYF	TRBV5-1	TRBJ2-7	CAYRSGRHSGNTPLVF	Donor AJD3280:LP TCRab CD8ab TRM	1
CASSHGAVYGYTF	TRBV9	TRBJ1-2	CAAAGTSYGKLTF	Donor AJD3280:LP TCRab CD8ab TRM	1
CASSVEGTSYEQYF	TRBV9	TRBJ2-7	CAVDMRGGSEKLVF	Donor AJD3280:LP TCRab CD8ab TRM	1
CASSFQGTFSNTIYF	TRBV12-3	TRBJ1-3	CLVPEGSGNTGKLIF	Donor AJD3280:LP TCRab CD8ab TRM	1
CASSQDRGTYEQYF	TRBV4-3	TRBJ2-7	CLVVTGFQKLVF	Donor AJD3280:LP TCRab CD8ab TRM	2
CASSSVQGGETQYF	TRBV5-4	TRBJ2-5	CLVGDGNDMRF	Donor AJD3280:LP TCRab CD8ab TRM	7
CASSTGQGGDLYLGNTIYF	TRBV7-8	TRBJ1-3	CLVGDPSGGGADGLTF	Donor AJD3280:LP TCRab CD8ab TRM	1
CASSETHAGGLTDTQYF	TRBV12-4	TRBJ2-3	CAVRGGNQFYF	Donor AJD3280:LP TCRab CD8ab TRM	1
CASSPRAGVLSGANVLTF	TRBV18	TRBJ2-6	CAVKGGGADGLTF	Donor AJD3280:LP TCRab CD8ab TRM	1
CASNEAAGAGTDTQYF	TRBV12-4	TRBJ2-3	CAESIGVTGGGNKLTF	Donor AJD3280:LP TCRab CD8ab TRM	1
CASSPPDYEQYF	TRBV2	TRBJ2-7	CAGGSFKTIF	Donor AJD3280:LP TCRab CD8ab TRM	1
CASSLAGQNSPLHF	TRBV7-2	TRBJ1-6	CADGSGFQKLVF	Donor AJD3280:LP TCRab CD8ab TRM	1
CASSSVVNTEAFF	TRBV5-1	TRBJ1-1	CAVTPPYNQGGKLIF	Donor AJD3280:LP TCRab CD8ab TRM	1
CASSSTQDTGELFF	TRBV7-9	TRBJ2-2	CAVGRGSTLGRLYF	Donor AJD3280:LP TCRab CD8ab TRM	1
CASSGTGSSYEQYF	TRBV12-3	TRBJ2-7	CVVSDNFNKFYF	Donor AJD3280:LP TCRab CD8ab TRM	1
CASSVYRGRWDEAFF	TRBV19	TRBJ1-1	CVVRIDQTGANNLFF	Donor AJD3280:LP TCRab CD8ab TRM	1
CASSIQTSYNEQFF	TRBV19	TRBJ2-1	CVVSFTGGGNKLTF	Donor AJD3280:LP TCRab CD8ab TRM	1
CASSQPGGAAETQYF	TRBV3-1	TRBJ2-5	CVVSYGQNFVF	Donor AJD3280:LP TCRab CD8ab TRM	1
CASSWGETQYF	TRBV7-2	TRBJ2-5	CVVSYGGNTPLVF	Donor AJD3280:LP TCRab CD8ab TRM	1
CSASFNTRDSHYGYTF	TRBV20-1	TRBJ1-2	CAVGMDSSYKLIF	Donor AJD3280:LP TCRab CD8ab TRM	1
CASSLTRGGYNEQFF	TRBV7-3	TRBJ2-1	CAVGAQSNYQLIW	Donor AJD3280:LP TCRab CD8ab TRM	1
CASSLRGIYEQYF	TRBV13	TRBJ2-7	CAVSFNAGGTSYGKLTF	Donor AJD3280:LP TCRab CD8ab TRM	1
CAISDQHSYNEQFF	TRBV10-3	TRBJ2-1	CAVRDLRSASKIIF	Donor AJD3280:LP TCRab CD8ab TRM	1
CASSLDPGGGNYGYTF	TRBV11-2	TRBJ1-2	CAVSGGTPLVF	Donor AJD3280:LP TCRab CD8ab TRM	1
CSVSGTGKSRLFF	TRBV29-1	TRBJ1-4	CAVKGRGGGSQGNLIF	Donor AJD3280:LP TCRab CD8ab TRM	1
CASSLSSLGQGGSTDTQYF	TRBV11-3	TRBJ2-3	CALQSSYGKLTF	Donor AJD3280:LP TCRab CD8ab TRM	2
CATSDLAETQYF	TRBV24-1	TRBJ2-5	CALNPGNQFYF	Donor AJD3280:LP TCRab CD8ab TRM	1
CASSLGIGANTEAFF	TRBV7-9	TRBJ1-1	CALSDPPTDKLIF	Donor AJD3280:LP TCRab CD8ab TRM	1
CAISDDRGHRNYGYTF	TRBV10-3	TRBJ1-2	CAGMDSNYQLIW	Donor AJD3280:PB TCRab CD8ab Naive/TCM	1
CASIGGTLVRGNEKLFF	TRBV12-3	TRBJ1-4	CAVRDNKAAGNKLTF	Donor AJD3280:PB TCRab CD8ab Naive/TCM	1
CASGRGYGNEQFF	TRBV12-4	TRBJ2-1	CAAYPGATNKLIF	Donor AJD3280:PB TCRab CD8ab Naive/TCM	1
CASSPQGGQQPQHF	TRBV12-4	TRBJ1-5	CAVRDSGGSYIPTF	Donor AJD3280:PB TCRab CD8ab Naive/TCM	1
CASSSTPDRGQVGELFF	TRBV12-4	TRBJ2-2	CAVRRNSGNTPLVF	Donor AJD3280:PB TCRab CD8ab Naive/TCM	1
CASGPRTSAYEQYF	TRBV12-5	TRBJ2-7	CAGFSGNTGKLIF	Donor AJD3280:PB TCRab CD8ab Naive/TCM	1
CASSSQDPANYGYTF	TRBV13	TRBJ1-2	CAGISSGSARQLTF	Donor AJD3280:PB TCRab CD8ab Naive/TCM	1
CASSHSGLGTQYF	TRBV14	TRBJ2-5	CAVRDHDYGQNFVF	Donor AJD3280:PB TCRab CD8ab Naive/TCM	1
CASSQEGGVPEAFF	TRBV14	TRBJ1-1	CAVRGYQKVTF	Donor AJD3280:PB TCRab CD8ab Naive/TCM	1
CATTGPDRAYNEQFF	TRBV19	TRBJ2-1	CAVRDRRNSGYALNF	Donor AJD3280:PB TCRab CD8ab Naive/TCM	1
CASSLMAGGEHTQYF	TRBV27	TRBJ2-3	CAVRVPLGGGATNKLIF	Donor AJD3280:PB TCRab CD8ab Naive/TCM	1
CAWSVRGGVHTEAFF	TRBV30	TRBJ1-1	CAVQSGGYNKLIF	Donor AJD3280:PB TCRab CD8ab Naive/TCM	1
CASSDENIQYF	TRBV5-6	TRBJ2-4	CAVSGNQGGKLIF	Donor AJD3280:PB TCRab CD8ab Naive/TCM	1
CASSPSGGDTQYF	TRBV7-3	TRBJ2-3	CAAFMDSNYQLIW	Donor AJD3280:PB TCRab CD8ab Naive/TCM	1
CASSLDGDPYEQYF	TRBV7-9	TRBJ2-7	CAVRLIF	Donor AJD3280:PB TCRab CD8ab Naive/TCM	1
CASGGNEQFF	TRBV7-9	TRBJ2-1	CPSGGEGQKLLF	Donor AJD3280:PB TCRab CD8ab Naive/TCM	1
CASSPQSGSMNTEAFF	TRBV9	TRBJ1-1	CAVRDGQAGTALIF	Donor AJD3280:PB TCRab CD8ab Naive/TCM	1
CASSLAGGGVQDTQYF	TRBV11-1	TRBJ2-3	CAVVQGGKLIF	Donor AJD3280:PB TCRab CD8ab Naive/TCM	1
CASSLDQQWGRSGNTIYF	TRBV11-2	TRBJ1-3	CAPRMDSSYKLIF	Donor AJD3280:PB TCRab CD8ab Naive/TCM	1
CASSFAGKYNEQFF	TRBV11-3	TRBJ2-1	CAEYNTDKLIF	Donor AJD3280:PB TCRab CD8ab Naive/TCM	1
CASSPGAGKNTGELFF	TRBV11-3	TRBJ2-2	CALNTNAGKSTF	Donor AJD3280:PB TCRab CD8ab Naive/TCM	1
CASSPGTGGGTGELFF	TRBV12-4	TRBJ2-2	CAPESNTGKLIF	Donor AJD3280:PB TCRab CD8ab Naive/TCM	1
CASSLRTSGAETQYF	TRBV14	TRBJ2-5	CAVLSDQTGANNLFF	Donor AJD3280:PB TCRab CD8ab Naive/TCM	1
CASSNGHGTGFGNTIYF	TRBV19	TRBJ1-3	CAPEDKIIF	Donor AJD3280:PB TCRab CD8ab Naive/TCM	1
CSARNGGSGNTIYF	TRBV20-1	TRBJ1-3	CAVGDYQLIW	Donor AJD3280:PB TCRab CD8ab Naive/TCM	1
CSASVIGSVEQFF	TRBV20-1	TRBJ2-1	CAVRDHKAAGNKLTF	Donor AJD3280:PB TCRab CD8ab Naive/TCM	1
CASSSLHTAGTSGPLGGANVLTF	TRBV27	TRBJ2-6	CAVPLGAGSYQLTF	Donor AJD3280:PB TCRab CD8ab Naive/TCM	1
CSVEHGGSDTQYF	TRBV29-1	TRBJ2-3	CVPSGGYQKVTF	Donor AJD3280:PB TCRab CD8ab Naive/TCM	1
CASSRDRQITDTQYF	TRBV3-1	TRBJ2-3	CAGRMNTGFQKLVF	Donor AJD3280:PB TCRab CD8ab Naive/TCM	1
CASSQVTGYEQYF	TRBV3-1	TRBJ2-7	CAVRDNTDKLIF	Donor AJD3280:PB TCRab CD8ab Naive/TCM	1
CASSQEFAGGTYEQYF	TRBV4-2	TRBJ2-7	CAHPSSNYQLIW	Donor AJD3280:PB TCRab CD8ab Naive/TCM	1
CASSLRQGGVYEQYF	TRBV4-3	TRBJ2-7	CAVKTDSWGKLQF	Donor AJD3280:PB TCRab CD8ab Naive/TCM	1
CASSQDSNTDTQYF	TRBV4-3	TRBJ2-3	CAVRDAYSGAGSYQLTF	Donor AJD3280:PB TCRab CD8ab Naive/TCM	1
CASSQGGETQYF	TRBV5-6	TRBJ2-5	CAVRQYYGQNFVF	Donor AJD3280:PB TCRab CD8ab Naive/TCM	1
CASSEDIGYEQYF	TRBV6-1	TRBJ2-7	CAPGNSGYALNF	Donor AJD3280:PB TCRab CD8ab Naive/TCM	1
CASSALAGGVHNEQFF	TRBV6-1	TRBJ2-1	CAVRDNYGQNFVF	Donor AJD3280:PB TCRab CD8ab Naive/TCM	1
CASSETASYEQYF	TRBV6-1	TRBJ2-7	CAVREAGGGADGLTF	Donor AJD3280:PB TCRab CD8ab Naive/TCM	1
CASSQTGVFYEQYF	TRBV6-2	TRBJ2-7	CAQGRGGANNLFF	Donor AJD3280:PB TCRab CD8ab Naive/TCM	1
CASSRRTESYEQYF	TRBV6-2	TRBJ2-7	CAVKADYKLSF	Donor AJD3280:PB TCRab CD8ab Naive/TCM	1
CASSERVGRGDTQYF	TRBV6-4	TRBJ2-3	CAVLNRDDKIIF	Donor AJD3280:PB TCRab CD8ab Naive/TCM	1
CASSSTVPTEQYF	TRBV7-8	TRBJ2-7	CAVSMTTDSWGKLQF	Donor AJD3280:PB TCRab CD8ab Naive/TCM	1
CASNKEDRPTYEQYF	TRBV7-9	TRBJ2-7	CAVRVGTNAGKSTF	Donor AJD3280:PB TCRab CD8ab Naive/TCM	1
CASSVGEGQEAFF	TRBV9	TRBJ1-1	CAVRDDGGKLIF	Donor AJD3280:PB TCRab CD8ab Naive/TCM	1
CASSPATVYSVF	TRBV12-4	TRBJ2-1	CVVNSNSGNTPLVF	Donor AJD3280:PB TCRab CD8ab Naive/TCM	1
CSVEGIANTGELFF	TRBV29-1	TRBJ2-2	CVVGGGYKYIF	Donor AJD3280:PB TCRab CD8ab Naive/TCM	1
CASSQDRGVGEAFF	TRBV3-1	TRBJ1-1	CVVSAWTGTASKLTF	Donor AJD3280:PB TCRab CD8ab Naive/TCM	1
CASSESRQASGNTIYF	TRBV6-5	TRBJ1-3	CVVIFISNFGNEKLTF	Donor AJD3280:PB TCRab CD8ab Naive/TCM	1
CASSYGTSGTQYF	TRBV6-5	TRBJ2-5	CVVSETNFGNEKLTF	Donor AJD3280:PB TCRab CD8ab Naive/TCM	1
CASDRGYYEQYF	TRBV7-9	TRBJ2-7	CVVSARANFGNEKLTF	Donor AJD3280:PB TCRab CD8ab Naive/TCM	1
CASSFGHLGEAFF	TRBV7-9	TRBJ1-1	CVVSASGNNNDMRF	Donor AJD3280:PB TCRab CD8ab Naive/TCM	1
CASSLSAQNTEKLFF	TRBV7-9	TRBJ1-4	CVVSPFSGGYNKLIF	Donor AJD3280:PB TCRab CD8ab Naive/TCM	1
CASSVGDRAYNEQFF	TRBV9	TRBJ2-1	CVVSDGGSQGNLIF	Donor AJD3280:PB TCRab CD8ab Naive/TCM	1
CAISDPGTYEQYF	TRBV10-3	TRBJ2-7	CVVGGSQGNLIF	Donor AJD3280:PB TCRab CD8ab Naive/TCM	1
CASSLGYGEKKLFF	TRBV11-2	TRBJ1-4	CVVFGDNQGGKLIF	Donor AJD3280:PB TCRab CD8ab Naive/TCM	1
CASRTGASGVLAEQYF	TRBV12-3	TRBJ2-7	CVVNIRTGGFKTIF	Donor AJD3280:PB TCRab CD8ab Naive/TCM	1
CASSRNLLSRDINTEAFF	TRBV14	TRBJ1-1	CVVLDTGRRALTF	Donor AJD3280:PB TCRab CD8ab Naive/TCM	1
CASSDGLLGNQPQHF	TRBV2	TRBJ1-5	CVVDEAGSGNTGKLIF	Donor AJD3280:PB TCRab CD8ab Naive/TCM	1
CASSPGIGRFTLHF	TRBV2	TRBJ1-6	CVVNTIRGSQGNLIF	Donor AJD3280:PB TCRab CD8ab Naive/TCM	1
CSARVLRGENNEQFF	TRBV20-1	TRBJ2-1	CVVNGVTGGGNKLTF	Donor AJD3280:PB TCRab CD8ab Naive/TCM	1
CSATGIYGYTF	TRBV20-1	TRBJ1-2	CVVSAYGSGNTGKLIF	Donor AJD3280:PB TCRab CD8ab Naive/TCM	1
CASSEYSRPGTGELFF	TRBV25-1	TRBJ2-2	CVVNTDNAGNMLTF	Donor AJD3280:PB TCRab CD8ab Naive/TCM	1
CASSRFSPTGSNYGYTF	TRBV27	TRBJ1-2	CVVNTGTASKLTF	Donor AJD3280:PB TCRab CD8ab Naive/TCM	1
CASSTRGYEQYF	TRBV27	TRBJ2-7	CVVPTGGGNKLTF	Donor AJD3280:PB TCRab CD8ab Naive/TCM	1
CSVDGTSNSGANVLTF	TRBV29-1	TRBJ2-6	CVVNQPFGNEKLTF	Donor AJD3280:PB TCRab CD8ab Naive/TCM	1
CSVGNEKLFF	TRBV29-1	TRBJ1-4	CVVYNNDMRF	Donor AJD3280:PB TCRab CD8ab Naive/TCM	1
CASSHGTGNTIYF	TRBV3-1	TRBJ1-3	CVVNTNAGKSTF	Donor AJD3280:PB TCRab CD8ab Naive/TCM	1
CASSQVNPFVGSPYEQYF	TRBV3-1	TRBJ2-7	CVVPKGRADGLTF	Donor AJD3280:PB TCRab CD8ab Naive/TCM	1
CASSPGGSYEQYF	TRBV4-1	TRBJ2-7	CVGNTNAGKSTF	Donor AJD3280:PB TCRab CD8ab Naive/TCM	1
CASSPVFGGIDGYTF	TRBV4-3	TRBJ1-2	CVVNQAGTALIF	Donor AJD3280:PB TCRab CD8ab Naive/TCM	1
CASSLGVDAYEQYF	TRBV5-1	TRBJ2-7	CVVDGGSQGNLIF	Donor AJD3280:PB TCRab CD8ab Naive/TCM	1
CASSLSRDRGEYEQYF	TRBV5-1	TRBJ2-7	CVVIVSGTYKYIF	Donor AJD3280:PB TCRab CD8ab Naive/TCM	1
CASSLGRGGSYNEQFF	TRBV5-1	TRBJ2-1	CVVNEGGSYIPTF	Donor AJD3280:PB TCRab CD8ab Naive/TCM	1
CASSFEQGLRGYTF	TRBV5-1	TRBJ1-2	CVVNPDGQKLLF	Donor AJD3280:PB TCRab CD8ab Naive/TCM	1
CASSFRDRSYEQYF	TRBV5-4	TRBJ2-7	CVGAGGGSQGNLIF	Donor AJD3280:PB TCRab CD8ab Naive/TCM	1
CASSVGQTYEQYF	TRBV5-4	TRBJ2-7	CVVSPNSGNTPLVF	Donor AJD3280:PB TCRab CD8ab Naive/TCM	1
CASSSTGSQLNEQFF	TRBV5-5	TRBJ2-1	CVVNAYDMRF	Donor AJD3280:PB TCRab CD8ab Naive/TCM	1
CASSLVDREQYF	TRBV5-5	TRBJ2-7	CVVNDIMTGADGLTF	Donor AJD3280:PB TCRab CD8ab Naive/TCM	1
CASSLAGPGSPLHF	TRBV5-6	TRBJ1-6	CVVMVLAGTALIF	Donor AJD3280:PB TCRab CD8ab Naive/TCM	1
CASSSRGLSYEQYF	TRBV5-6	TRBJ2-7	CVVNKAGNMLTF	Donor AJD3280:PB TCRab CD8ab Naive/TCM	1
CASSLRAAGQDGYTF	TRBV5-6	TRBJ1-2	CVVRRNKLIF	Donor AJD3280:PB TCRab CD8ab Naive/TCM	1
CASSSMRQVWEGQFF	TRBV5-8	TRBJ2-1	CVVKATHGGSQGNLIF	Donor AJD3280:PB TCRab CD8ab Naive/TCM	1
CASSNPGTRSYEQYF	TRBV6-1	TRBJ2-7	CVVNGNSGYALNF	Donor AJD3280:PB TCRab CD8ab Naive/TCM	1
CASSRPGGSYEQYF	TRBV6-2	TRBJ2-7	CVVDRGSTLGRLYF	Donor AJD3280:PB TCRab CD8ab Naive/TCM	1
CASSYQAGQAGEQFF	TRBV6-5	TRBJ2-1	CVVNGDNYGQNFVF	Donor AJD3280:PB TCRab CD8ab Naive/TCM	1
CASSPRTSGSYEQYF	TRBV6-5	TRBJ2-7	CVVNKAAGNKLTF	Donor AJD3280:PB TCRab CD8ab Naive/TCM	1
CASSLGGPADTQYF	TRBV7-2	TRBJ2-3	CVVNKGIYNQGGKLIF	Donor AJD3280:PB TCRab CD8ab Naive/TCM	1
CASSQTYEQYF	TRBV7-8	TRBJ2-7	CVSGGDSSYKLIF	Donor AJD3280:PB TCRab CD8ab Naive/TCM	1
CASILSSADPITDTQYF	TRBV7-8	TRBJ2-3	CVVDSYSSASKIIF	Donor AJD3280:PB TCRab CD8ab Naive/TCM	1
CASSPLTGPARGEQYF	TRBV9	TRBJ2-7	CVPEPPSGGSYIPTF	Donor AJD3280:PB TCRab CD8ab Naive/TCM	1
CASSPTGTVLYGYTF	TRBV9	TRBJ1-2	CVVNGGGNQFYF	Donor AJD3280:PB TCRab CD8ab Naive/TCM	1
CASSLGLAGGGEQFF	TRBV9	TRBJ2-1	CVVNGNAGNMLTF	Donor AJD3280:PB TCRab CD8ab Naive/TCM	1
CASSESGGGNYEQYF	TRBV9	TRBJ2-7	CVVNLGAGKLVF	Donor AJD3280:PB TCRab CD8ab Naive/TCM	1
CASSVGGKRLRDEQFF	TRBV9	TRBJ2-1	CVVNMKGSQGNLIF	Donor AJD3280:PB TCRab CD8ab Naive/TCM	1
CASSVEGQGWPNTGELFF	TRBV9	TRBJ2-2	CVVNMRGGADGLTF	Donor AJD3280:PB TCRab CD8ab Naive/TCM	1
CASSVVGGALNNEQFF	TRBV9	TRBJ2-1	CVVNQSGGYQKVTF	Donor AJD3280:PB TCRab CD8ab Naive/TCM	1
CASADGRLAGDQETQYF	TRBV9	TRBJ2-5	CVVRESSASKIIF	Donor AJD3280:PB TCRab CD8ab Naive/TCM	1
CASSSRTGPHEQYF	TRBV11-3	TRBJ2-7	CAVEANDYKLSF	Donor AJD3280:PB TCRab CD8ab Naive/TCM	1
CASSADRGPEQYF	TRBV13	TRBJ2-7	CAAPETSGSRLTF	Donor AJD3280:PB TCRab CD8ab Naive/TCM	1
CASSIAVTTGELFF	TRBV19	TRBJ2-2	CAVNPLMAGANNLFF	Donor AJD3280:PB TCRab CD8ab Naive/TCM	1
CASSPGIGDYGYTF	TRBV19	TRBJ1-2	CAVPSYGGSGTYKYIF	Donor AJD3280:PB TCRab CD8ab Naive/TCM	1
CASSDLSRLEKKAFF	TRBV2	TRBJ1-1	CAVNEGGSQGNLIF	Donor AJD3280:PB TCRab CD8ab Naive/TCM	1
CATSDSSDSEGYTF	TRBV24-1	TRBJ1-2	CAVNIGGADGLTF	Donor AJD3280:PB TCRab CD8ab Naive/TCM	1
CSVERGRGYTF	TRBV29-1	TRBJ1-2	CAVNAPSVDKVIF	Donor AJD3280:PB TCRab CD8ab Naive/TCM	1
CAWSVPHLAGGYNEQFF	TRBV30	TRBJ2-1	CAAPYSSASKIIF	Donor AJD3280:PB TCRab CD8ab Naive/TCM	1
CAWAHIQPGELFF	TRBV30	TRBJ2-2	CAVTPPGMRF	Donor AJD3280:PB TCRab CD8ab Naive/TCM	1
CASSTRLSSYNEQFF	TRBV4-3	TRBJ2-1	CAGGGGSQGNLIF	Donor AJD3280:PB TCRab CD8ab Naive/TCM	1
CASSQDPPRTGYEKLFF	TRBV4-3	TRBJ1-4	CAVNSSGYSGGGADGLTF	Donor AJD3280:PB TCRab CD8ab Naive/TCM	1
CASSLSSGTYNEQFF	TRBV5-1	TRBJ2-1	CALRSYNTDKLIF	Donor AJD3280:PB TCRab CD8ab Naive/TCM	1
CASSFSSNEQFF	TRBV5-6	TRBJ2-1	CAPTGSSNTGKLIF	Donor AJD3280:PB TCRab CD8ab Naive/TCM	1
CASSLPGSPEAFF	TRBV5-6	TRBJ1-1	CAVFMNSGNTPLVF	Donor AJD3280:PB TCRab CD8ab Naive/TCM	1
CASRGLQTGPNYGYTF	TRBV6-1	TRBJ1-2	CAFSNTGKLIF	Donor AJD3280:PB TCRab CD8ab Naive/TCM	1
CASSYGYQPQHF	TRBV6-2	TRBJ1-5	CAPAPTSGSRLTF	Donor AJD3280:PB TCRab CD8ab Naive/TCM	1
CASSPDRDRDYQPQHF	TRBV6-2	TRBJ1-5	CAVNGNAGGTSYGKLTF	Donor AJD3280:PB TCRab CD8ab Naive/TCM	1
CASSHLAGGLNEQFF	TRBV7-3	TRBJ2-1	CAVKGGAGSYQLTF	Donor AJD3280:PB TCRab CD8ab Naive/TCM	1
CASSLEGSTYEQYF	TRBV7-6	TRBJ2-7	CAVNNWRDGQKLLF	Donor AJD3280:PB TCRab CD8ab Naive/TCM	1
CASSQQGWFETQYF	TRBV7-9	TRBJ2-5	CAELLYGQNFVF	Donor AJD3280:PB TCRab CD8ab Naive/TCM	1
CASSPSPTDTQYF	TRBV7-9	TRBJ2-3	CAVKHENSGYALNF	Donor AJD3280:PB TCRab CD8ab Naive/TCM	1
CASTYGLHLNTGELFF	TRBV7-9	TRBJ2-2	CAVNQAGTALIF	Donor AJD3280:PB TCRab CD8ab Naive/TCM	1
CASSPREDSSYEQYF	TRBV9	TRBJ2-7	CAVIRGSYIPTF	Donor AJD3280:PB TCRab CD8ab Naive/TCM	1
CASSVGDAAKLFF	TRBV9	TRBJ1-4	CAVKNFGNEKLTF	Donor AJD3280:PB TCRab CD8ab Naive/TCM	1
CAISGVGTTNNEQFF	TRBV10-3	TRBJ2-1	CAMSKKTSYDKVIF	Donor AJD3280:PB TCRab CD8ab Naive/TCM	1
CAISDGDNGNSPLHF	TRBV10-3	TRBJ1-6	CAMTDNYGQNFVF	Donor AJD3280:PB TCRab CD8ab Naive/TCM	1
CASSLGLEETQYF	TRBV12-4	TRBJ2-5	CASSGFQKLVF	Donor AJD3280:PB TCRab CD8ab Naive/TCM	1
CASSPIGLESSYNEQFF	TRBV18	TRBJ2-1	CAKAIGNQFYF	Donor AJD3280:PB TCRab CD8ab Naive/TCM	1
CASSPGGAGTASYEQYF	TRBV19	TRBJ2-7	CAMRPGYSSASKIIF	Donor AJD3280:PB TCRab CD8ab Naive/TCM	1
CSARGLASTYEQYF	TRBV20-1	TRBJ2-7	CAMRRNTGNQFYF	Donor AJD3280:PB TCRab CD8ab Naive/TCM	1
CASSQAGTSGVHGTQYF	TRBV3-1	TRBJ2-3	CAMFRTGANNLFF	Donor AJD3280:PB TCRab CD8ab Naive/TCM	1
CASSLEQRREQYF	TRBV4-3	TRBJ2-7	CAMIPLGYNTDKLIF	Donor AJD3280:PB TCRab CD8ab Naive/TCM	1
CASSSRGSDDYGYTF	TRBV6-2	TRBJ1-2	CAKAGGFGNVLHC	Donor AJD3280:PB TCRab CD8ab Naive/TCM	1
CASSGSPYEQYF	TRBV6-2	TRBJ2-7	CAMRKNDMRF	Donor AJD3280:PB TCRab CD8ab Naive/TCM	1
CASSLATPTSGTGELFF	TRBV7-9	TRBJ2-2	CARLTGNQFYF	Donor AJD3280:PB TCRab CD8ab Naive/TCM	1
CASSVDGGAGNEQFF	TRBV9	TRBJ2-1	CVPSGGYQKVTF	Donor AJD3280:PB TCRab CD8ab Naive/TCM	3
CAISLTSGAYEQYF	TRBV10-3	TRBJ2-7	CAASRSGGGADGLTF	Donor AJD3280:PB TCRab CD8ab Naive/TCM	1
CASSPQGVSLYNEQFF	TRBV12-4	TRBJ2-1	CAALANAGGTSYGKLTF	Donor AJD3280:PB TCRab CD8ab Naive/TCM	1
CASSQGAYEQYF	TRBV14	TRBJ2-7	CAASFTGGGNKLTF	Donor AJD3280:PB TCRab CD8ab Naive/TCM	1
CASRRVDSYEQYF	TRBV2	TRBJ2-7	CAAPGGGGADGLTF	Donor AJD3280:PB TCRab CD8ab Naive/TCM	1
CAIGAGGMDGELFF	TRBV24-1	TRBJ2-2	CAASTGNTGKLIF	Donor AJD3280:PB TCRab CD8ab Naive/TCM	1
CSVPLLAGETQYF	TRBV29-1	TRBJ2-5	CAALKTSYDKVIF	Donor AJD3280:PB TCRab CD8ab Naive/TCM	1
CASSGDGDYGYTF	TRBV6-2	TRBJ1-2	CAATFSGYSTLTF	Donor AJD3280:PB TCRab CD8ab Naive/TCM	1
CASSYSGPYEQYF	TRBV6-2	TRBJ2-7	CAAYSGGGADGLTF	Donor AJD3280:PB TCRab CD8ab Naive/TCM	1
CASGPMGPTEQYF	TRBV6-5	TRBJ2-7	CAATGTASKLTF	Donor AJD3280:PB TCRab CD8ab Naive/TCM	1
CASSYGTGGFYEQYF	TRBV6-5	TRBJ2-7	CAHPGGGAGNNRKLIW	Donor AJD3280:PB TCRab CD8ab Naive/TCM	1
CASSLSSARTDTQYF	TRBV7-3	TRBJ2-3	CAASHREGAQKLVF	Donor AJD3280:PB TCRab CD8ab Naive/TCM	1
CASSFQGEAEAFF	TRBV7-8	TRBJ1-1	CAAVDFNKFYF	Donor AJD3280:PB TCRab CD8ab Naive/TCM	1
CASFSTPYNEQFF	TRBV7-9	TRBJ2-1	CAASEFSDGQKLLF	Donor AJD3280:PB TCRab CD8ab Naive/TCM	1
CASLTTGSRTYEQYF	TRBV7-9	TRBJ2-7	CAASPRLDSTLTF	Donor AJD3280:PB TCRab CD8ab Naive/TCM	1
CASSVDRGGSNTEAFF	TRBV9	TRBJ1-1	CAAPIDRGSTLGRLYF	Donor AJD3280:PB TCRab CD8ab Naive/TCM	1
CASAEGAGGGNEQFF	TRBV9	TRBJ2-1	CAARPGYALNF	Donor AJD3280:PB TCRab CD8ab Naive/TCM	1
CASSLTGNSPLHF	TRBV11-3	TRBJ1-6	CAENSRAQKLVF	Donor AJD3280:PB TCRab CD8ab Naive/TCM	1
CASSMGSWGPYEQYF	TRBV19	TRBJ2-7	CAEKRRDKIIF	Donor AJD3280:PB TCRab CD8ab Naive/TCM	1
CASTKGGAVEQFF	TRBV19	TRBJ2-1	CAENRDDKIIF	Donor AJD3280:PB TCRab CD8ab Naive/TCM	1
CASSAIAGTDTQYF	TRBV2	TRBJ2-3	CAEIPPPESSFGNVLHC	Donor AJD3280:PB TCRab CD8ab Naive/TCM	1
CSAPGTSGGGLRETQYF	TRBV20-1	TRBJ2-5	CADEGGAGGTSYGKLTF	Donor AJD3280:PB TCRab CD8ab Naive/TCM	1
CASSLWGQFGELFF	TRBV27	TRBJ2-2	CAENRSDSWGKLQF	Donor AJD3280:PB TCRab CD8ab Naive/TCM	1
CASSLYVQAEAFF	TRBV27	TRBJ1-1	CAENTGNQFYF	Donor AJD3280:PB TCRab CD8ab Naive/TCM	1
CASSLKRAYEQYF	TRBV27	TRBJ2-7	CAETAPFGNEKLTF	Donor AJD3280:PB TCRab CD8ab Naive/TCM	1
CASSPGTGTLMNTEAFF	TRBV4-3	TRBJ1-1	CAEIKAGNTPLVF	Donor AJD3280:PB TCRab CD8ab Naive/TCM	1
CASTSPGTDTQYF	TRBV5-4	TRBJ2-3	CADATSPLSGNTPLVF	Donor AJD3280:PB TCRab CD8ab Naive/TCM	1
CASSLELVQETQYF	TRBV5-4	TRBJ2-5	CAEIPRSQGNLIF	Donor AJD3280:PB TCRab CD8ab Naive/TCM	1
CASSRRDINTEAFF	TRBV5-6	TRBJ1-1	CAELNFGNEKLTF	Donor AJD3280:PB TCRab CD8ab Naive/TCM	1
CASSEVAGGSYEQYF	TRBV6-1	TRBJ2-7	CAENYGQNFVF	Donor AJD3280:PB TCRab CD8ab Naive/TCM	1
CASSADRGNEQFF	TRBV7-6	TRBJ2-1	CAENSPIGSGGYQKVTF	Donor AJD3280:PB TCRab CD8ab Naive/TCM	1
CASSSGLAGPGDEQYF	TRBV7-7	TRBJ2-7	CAENTGGFKTIF	Donor AJD3280:PB TCRab CD8ab Naive/TCM	1
CASSSSGTEALDGYTF	TRBV7-9	TRBJ1-2	CAEKYNFNKFYF	Donor AJD3280:PB TCRab CD8ab Naive/TCM	1
CASSPRHLDTQYF	TRBV7-9	TRBJ2-3	CAENKSGNQFYF	Donor AJD3280:PB TCRab CD8ab Naive/TCM	1
CASSQLAGADNEQFF	TRBV7-9	TRBJ2-1	CAENTRNAGNMLTF	Donor AJD3280:PB TCRab CD8ab Naive/TCM	1
CAISGTAATNEKLFF	TRBV10-3	TRBJ1-4	CAMREGRAGGTSYGKLTF	Donor AJD3280:PB TCRab CD8ab Naive/TCM	1
CASSPLSGGAYEQYF	TRBV12-3	TRBJ2-7	CAMTRNDYKLSF	Donor AJD3280:PB TCRab CD8ab Naive/TCM	1
CASILTGGGYNEQFF	TRBV12-4	TRBJ2-1	CAMREGRITGGGNKLTF	Donor AJD3280:PB TCRab CD8ab Naive/TCM	1
CASSSTDRVDGYTF	TRBV12-4	TRBJ1-2	CAMREPNAGNNRKLIW	Donor AJD3280:PB TCRab CD8ab Naive/TCM	1
CASGLVLGGVTEAFF	TRBV12-5	TRBJ1-1	CAMREPYNAGGTSYGKLTF	Donor AJD3280:PB TCRab CD8ab Naive/TCM	1
CASGFGSEQYF	TRBV12-5	TRBJ2-7	CAMSYSGGSNYKLTF	Donor AJD3280:PB TCRab CD8ab Naive/TCM	1
CASSPRTGRSYEQYF	TRBV18	TRBJ2-7	CAMRDYYTDKLIF	Donor AJD3280:PB TCRab CD8ab Naive/TCM	1
CASMMTGEANQPQHF	TRBV19	TRBJ1-5	CAMRELYSSASKIIF	Donor AJD3280:PB TCRab CD8ab Naive/TCM	1
CASSILRSGTGWAGELFF	TRBV19	TRBJ2-2	CAMSARGSQGNLIF	Donor AJD3280:PB TCRab CD8ab Naive/TCM	1
CASSPGTGTYEQYF	TRBV19	TRBJ2-7	CAMSSNNAGNMLTF	Donor AJD3280:PB TCRab CD8ab Naive/TCM	1
CASSERGRLYNEQFF	TRBV2	TRBJ2-1	CAMRERRLDISGNTGKLIF	Donor AJD3280:PB TCRab CD8ab Naive/TCM	1
CASSGGLAGIETQYF	TRBV2	TRBJ2-5	CAMREVNRDDKIIF	Donor AJD3280:PB TCRab CD8ab Naive/TCM	1
CASSELTGDTEAFF	TRBV25-1	TRBJ1-1	CAMREGGGRDDKIIF	Donor AJD3280:PB TCRab CD8ab Naive/TCM	1
CASSLGVDTQYF	TRBV27	TRBJ2-3	CAMREGPKKTSYDKVIF	Donor AJD3280:PB TCRab CD8ab Naive/TCM	1
CASSYTTGGGYTF	TRBV27	TRBJ1-2	CAMRESSGTYKYIF	Donor AJD3280:PB TCRab CD8ab Naive/TCM	1
CSVGDRRSTDTQYF	TRBV29-1	TRBJ2-3	CAMMGFNFNKFYF	Donor AJD3280:PB TCRab CD8ab Naive/TCM	1
CSVEGQRNTEAFF	TRBV29-1	TRBJ1-1	CAMRDRRNNARLMF	Donor AJD3280:PB TCRab CD8ab Naive/TCM	1
CSVEGLTSYEQYF	TRBV29-1	TRBJ2-7	CAMRGMAGNQFYF	Donor AJD3280:PB TCRab CD8ab Naive/TCM	1
CAWTAGASWETQYF	TRBV30	TRBJ2-5	CAMREGGGANSKLTF	Donor AJD3280:PB TCRab CD8ab Naive/TCM	1
CASSQDLGQGRYNEQFF	TRBV4-1	TRBJ2-1	CAMREAPFSDGQKLLF	Donor AJD3280:PB TCRab CD8ab Naive/TCM	1
CASSLSGTDNTGELFF	TRBV4-2	TRBJ2-2	CAMREPGSGGYQKVTF	Donor AJD3280:PB TCRab CD8ab Naive/TCM	1
CASSLIRGRDTEAFF	TRBV5-1	TRBJ1-1	CAMREGINDYKLSF	Donor AJD3280:PB TCRab CD8ab Naive/TCM	1
CASSFPTAVGTGELFF	TRBV5-6	TRBJ2-2	CAMREGWTSGTYKYIF	Donor AJD3280:PB TCRab CD8ab Naive/TCM	1
CASSFTGQGTEQFF	TRBV5-8	TRBJ2-1	CAMRETTDSWGKLQF	Donor AJD3280:PB TCRab CD8ab Naive/TCM	1
CASSSIPGREGEQFF	TRBV6-5	TRBJ2-1	CAMREGRGAGGTSYGKLTF	Donor AJD3280:PB TCRab CD8ab Naive/TCM	1
CASTLRGVINQPQHF	TRBV6-5	TRBJ1-5	CAMRGRGGSNYKLTF	Donor AJD3280:PB TCRab CD8ab Naive/TCM	1
CASRHGAGYLTEAFF	TRBV6-5	TRBJ1-1	CAMTNYGGSQGNLIF	Donor AJD3280:PB TCRab CD8ab Naive/TCM	1
CASSYSGGYQPQHF	TRBV6-6	TRBJ1-5	CAMREGTGNQFYF	Donor AJD3280:PB TCRab CD8ab Naive/TCM	1
CASSLDYFSSGNTIYF	TRBV7-2	TRBJ1-3	CAMREGLTGGSYIPTF	Donor AJD3280:PB TCRab CD8ab Naive/TCM	1
CASSLEGAWNQPQHF	TRBV7-2	TRBJ1-5	CAMREGSDTDKLIF	Donor AJD3280:PB TCRab CD8ab Naive/TCM	1
CASMTRGGGTTDTQYF	TRBV7-2	TRBJ2-3	CAMREVNSGAGSYQLTF	Donor AJD3280:PB TCRab CD8ab Naive/TCM	1
CASSLARDREYTNQPQHF	TRBV7-2	TRBJ1-5	CAMRVPNYGGSQGNLIF	Donor AJD3280:PB TCRab CD8ab Naive/TCM	1
CASSLAYVTGSSGNTIYF	TRBV7-2	TRBJ1-3	CAMSDSWGKLQF	Donor AJD3280:PB TCRab CD8ab Naive/TCM	1
CASSLPEAKNIQYF	TRBV7-9	TRBJ2-4	CAMREGRGGGFKTIF	Donor AJD3280:PB TCRab CD8ab Naive/TCM	1
CASRVGASTDTQYF	TRBV7-9	TRBJ2-3	CAMREGSSGTYKYIF	Donor AJD3280:PB TCRab CD8ab Naive/TCM	1
CASSFSGGGDQPQHF	TRBV7-9	TRBJ1-5	CAMREGTGANSKLTF	Donor AJD3280:PB TCRab CD8ab Naive/TCM	1
CASSSPRVPDRRLNIQYF	TRBV7-9	TRBJ2-4	CAMREGTGANSKLTF	Donor AJD3280:PB TCRab CD8ab Naive/TCM	1
CASSVGGNEQFF	TRBV9	TRBJ2-1	CAMKRGTSYGKLTF	Donor AJD3280:PB TCRab CD8ab Naive/TCM	1
CASSASGTEAFF	TRBV9	TRBJ1-1	CAMREGNTTSNTGNQFYF	Donor AJD3280:PB TCRab CD8ab Naive/TCM	1
CASSVRGTVAIEGYTF	TRBV9	TRBJ1-2	CAMREGPPTGNQFYF	Donor AJD3280:PB TCRab CD8ab Naive/TCM	1
CASSVGQNYGYTF	TRBV9	TRBJ1-2	CAMRGEGANNLFF	Donor AJD3280:PB TCRab CD8ab Naive/TCM	1
CASSVGGAQTEAFF	TRBV9	TRBJ1-1	CAMRGNQGGKLIF	Donor AJD3280:PB TCRab CD8ab Naive/TCM	1
CASGKQGEDYGYTF	TRBV9	TRBJ1-2	CAMRNPGGYNKLIF	Donor AJD3280:PB TCRab CD8ab Naive/TCM	1
CASSVADSLSYEQYF	TRBV9	TRBJ2-7	CAMRVNTGTASKLTF	Donor AJD3280:PB TCRab CD8ab Naive/TCM	1
CASSPVSGGVYNEQFF	TRBV18	TRBJ2-1	CALYAGGTSYGKLTF	Donor AJD3280:PB TCRab CD8ab Naive/TCM	1
CSAISDLLGETQYF	TRBV20-1	TRBJ2-5	CALSGSWYSGGYQKVTF	Donor AJD3280:PB TCRab CD8ab Naive/TCM	1
CASSGAGAYYEQYF	TRBV5-6	TRBJ2-7	CALSEETSGSRLTF	Donor AJD3280:PB TCRab CD8ab Naive/TCM	1
CASSLASGLATEAFF	TRBV5-6	TRBJ1-1	CAPGGYSGNTPLVF	Donor AJD3280:PB TCRab CD8ab Naive/TCM	1
CASSSVPPGTQYF	TRBV6-2	TRBJ2-3	CALSGQGTGFQKLVF	Donor AJD3280:PB TCRab CD8ab Naive/TCM	1
CASSYSSPHYEQYF	TRBV6-2	TRBJ2-7	CALSRSGNTGKLIF	Donor AJD3280:PB TCRab CD8ab Naive/TCM	1
CASKKKPQGGTDTQYF	TRBV6-5	TRBJ2-3	CALSGVGTGFQKLVF	Donor AJD3280:PB TCRab CD8ab Naive/TCM	3
CASSPGTRFVDTQYF	TRBV11-1	TRBJ2-3	CATDGNDMRF	Donor AJD3280:PB TCRab CD8ab Naive/TCM	1
CASSRGTGTFYEQYF	TRBV11-2	TRBJ2-7	CATDAWGTGNQFYF	Donor AJD3280:PB TCRab CD8ab Naive/TCM	1
CASSLVWQGNTEAFF	TRBV11-3	TRBJ1-1	CATWNAGNMLTF	Donor AJD3280:PB TCRab CD8ab Naive/TCM	1
CASSLPSGGPQETQYF	TRBV12-3	TRBJ2-5	CATQATGNQFYF	Donor AJD3280:PB TCRab CD8ab Naive/TCM	1
CASSLTSPDTQYF	TRBV12-4	TRBJ2-3	CATDGGGKLIF	Donor AJD3280:PB TCRab CD8ab Naive/TCM	1
CASGLDMTGTNEKLFF	TRBV12-5	TRBJ1-4	CAIGDFNKFYF	Donor AJD3280:PB TCRab CD8ab Naive/TCM	1
CASSFATSGGELFF	TRBV13	TRBJ2-2	CATDGNNDMRF	Donor AJD3280:PB TCRab CD8ab Naive/TCM	1
CASSEPLSGYTF	TRBV19	TRBJ1-2	CATATGTDSWGKLQF	Donor AJD3280:PB TCRab CD8ab Naive/TCM	1
CASSTGEPPWAFF	TRBV2	TRBJ1-1	CATDAADSSYKLIF	Donor AJD3280:PB TCRab CD8ab Naive/TCM	1
CASSPGPGNTEAFF	TRBV27	TRBJ1-1	CATLTSNAGGTSYGKLTF	Donor AJD3280:PB TCRab CD8ab Naive/TCM	1
CSVEDRQGLYNEQFF	TRBV29-1	TRBJ2-1	CATARAGGTSYGKLTF	Donor AJD3280:PB TCRab CD8ab Naive/TCM	1
CSVVMGDGGYTF	TRBV29-1	TRBJ1-2	CATDAGGGKLIF	Donor AJD3280:PB TCRab CD8ab Naive/TCM	1
CAAARGMGTYEQYF	TRBV3-1	TRBJ2-7	CAAFSGGYQKVTF	Donor AJD3280:PB TCRab CD8ab Naive/TCM	1
CASSQEASGVYNEQFF	TRBV4-2	TRBJ2-1	CATGSAGGTSYGKLTF	Donor AJD3280:PB TCRab CD8ab Naive/TCM	1
CASSPGLGNEQFF	TRBV5-4	TRBJ2-1	CATDATMDSNYQLIW	Donor AJD3280:PB TCRab CD8ab Naive/TCM	1
CASSQDRVGGYTF	TRBV5-4	TRBJ1-2	CATENGGSQGNLIF	Donor AJD3280:PB TCRab CD8ab Naive/TCM	1
CASTLPGQGPGELFF	TRBV6-2	TRBJ2-2	CATDARTGANNLFF	Donor AJD3280:PB TCRab CD8ab Naive/TCM	1
CASSLVRMTGGDKDTQYF	TRBV7-2	TRBJ2-3	CATEVDSSYKLIF	Donor AJD3280:PB TCRab CD8ab Naive/TCM	1
CASSLGGLGNEQFF	TRBV7-3	TRBJ2-1	CATDDAGGTSYGKLTF	Donor AJD3280:PB TCRab CD8ab Naive/TCM	1
CASSPPGVADYNEQFF	TRBV7-8	TRBJ2-1	CATDRREYGNKLVF	Donor AJD3280:PB TCRab CD8ab Naive/TCM	1
CASSSPGSSGNTIYF	TRBV7-9	TRBJ1-3	CATEDGQKLLF	Donor AJD3280:PB TCRab CD8ab Naive/TCM	1
CASSGDGGAYEQYF	TRBV9	TRBJ2-7	CATALADSWGKLQF	Donor AJD3280:PB TCRab CD8ab Naive/TCM	1
CASSAQTSTDTQYF	TRBV9	TRBJ2-3	CATALNTNAGKSTF	Donor AJD3280:PB TCRab CD8ab Naive/TCM	1
CASSTGTAYEQYF	TRBV9	TRBJ2-7	CATVPNSGNTPLVF	Donor AJD3280:PB TCRab CD8ab Naive/TCM	1
CAISELGRYEQYF	TRBV10-3	TRBJ2-7	CALSEPQGGSARQLTF	Donor AJD3280:PB TCRab CD8ab Naive/TCM	1
CASSLGSAGDETQYF	TRBV11-1	TRBJ2-5	CALSEIGGSNYKLTF	Donor AJD3280:PB TCRab CD8ab Naive/TCM	1
CASSSRDRGEKLFF	TRBV13	TRBJ1-4	CALLTSGTYKYIF	Donor AJD3280:PB TCRab CD8ab Naive/TCM	1
CATQPGGVAEAFF	TRBV19	TRBJ1-1	CALSGYWGKLQF	Donor AJD3280:PB TCRab CD8ab Naive/TCM	1
CASGVWTVNTGELFF	TRBV2	TRBJ2-2	CALSERGFNKFYF	Donor AJD3280:PB TCRab CD8ab Naive/TCM	1
CSARTRGAYEQYF	TRBV20-1	TRBJ2-7	CALSDLPRGSGYALNF	Donor AJD3280:PB TCRab CD8ab Naive/TCM	1
CSARFRGGTQYF	TRBV20-1	TRBJ2-3	CALSEITQGGSEKLVF	Donor AJD3280:PB TCRab CD8ab Naive/TCM	1
CASRTGTEELFF	TRBV27	TRBJ2-2	CALSEAQGNTGKLIF	Donor AJD3280:PB TCRab CD8ab Naive/TCM	1
CAWSLGGALVDEQFF	TRBV30	TRBJ2-1	CALSAPYIKNQFYF	Donor AJD3280:PB TCRab CD8ab Naive/TCM	1
CASSPTTGQGAYEQYF	TRBV4-1	TRBJ2-7	CALSAPSGGSQGNLIF	Donor AJD3280:PB TCRab CD8ab Naive/TCM	1
CASSQVTESSYNSPLHF	TRBV4-2	TRBJ1-6	CALSEALYGGSQGNLIF	Donor AJD3280:PB TCRab CD8ab Naive/TCM	1
CASSPINSPLHF	TRBV5-6	TRBJ1-6	CALATGANSKLTF	Donor AJD3280:PB TCRab CD8ab Naive/TCM	1
CASTNNPGNQPQHF	TRBV6-1	TRBJ1-5	CALSEAPDSSYKLIF	Donor AJD3280:PB TCRab CD8ab Naive/TCM	1
CASSSHMTGPDFGEQFF	TRBV7-2	TRBJ2-1	CALSAHYNTDKLIF	Donor AJD3280:PB TCRab CD8ab Naive/TCM	1
CASSLDSSSGNTIYF	TRBV7-9	TRBJ1-3	CALSEAGYSSASKIIF	Donor AJD3280:PB TCRab CD8ab Naive/TCM	1
CASSLELGGGSYTF	TRBV11-2	TRBJ1-2	CAVEDQRSNYQLIW	Donor AJD3280:PB TCRab CD8ab Naive/TCM	1
CASSPSSVPNEKLFF	TRBV14	TRBJ1-4	CAVEVGNQGGKLIF	Donor AJD3280:PB TCRab CD8ab Naive/TCM	1
CATTAGDGTITDTQYF	TRBV15	TRBJ2-3	CPGSGNTGKLIF	Donor AJD3280:PB TCRab CD8ab Naive/TCM	1
CAWRGRDEQFF	TRBV30	TRBJ2-1	CAVEEGGGSYIPTF	Donor AJD3280:PB TCRab CD8ab Naive/TCM	1
CAWSGTNETQYF	TRBV30	TRBJ2-5	CAVNGGTALIF	Donor AJD3280:PB TCRab CD8ab Naive/TCM	1
CASSFGAGGGQETQYV	TRBV7-2	TRBJ2-5	CAVEDLGTSGTYKYIF	Donor AJD3280:PB TCRab CD8ab Naive/TCM	1
CASSSHSGGALDTQYF	TRBV12-4	TRBJ2-3	CAVQAEDYKLSF	Donor AJD3280:PB TCRab CD8ab Naive/TCM	1
CASSLSGALNEQYF	TRBV12-4	TRBJ2-7	CAVQPIYNQGGKLIF	Donor AJD3280:PB TCRab CD8ab Naive/TCM	1
CSATDRVSGPQHF	TRBV20-1	TRBJ1-5	CAVPGNNNDMRF	Donor AJD3280:PB TCRab CD8ab Naive/TCM	1
CSASGMGSSTDSNQPQHF	TRBV20-1	TRBJ1-5	CAVQAPGYALNF	Donor AJD3280:PB TCRab CD8ab Naive/TCM	1
CASSLSAFNTEAFF	TRBV27	TRBJ1-1	CAVRGNQGGKLIF	Donor AJD3280:PB TCRab CD8ab Naive/TCM	1
CSVEVSGGQETQYF	TRBV29-1	TRBJ2-5	CAVSWGGYQKVTF	Donor AJD3280:PB TCRab CD8ab Naive/TCM	1
CASSQDPGGGYNEQFF	TRBV4-2	TRBJ2-1	CAVQESTNAGNMLTF	Donor AJD3280:PB TCRab CD8ab Naive/TCM	1
CASMTVQVYEQYF	TRBV6-2	TRBJ2-7	CAVPNAGKSTF	Donor AJD3280:PB TCRab CD8ab Naive/TCM	1
CASSSTPPAYEQYF	TRBV6-2	TRBJ2-7	CAVRTDTGGFKTIF	Donor AJD3280:PB TCRab CD8ab Naive/TCM	1
CASSLVGAGNTGELFF	TRBV7-2	TRBJ2-2	CAVRNQGGKLIF	Donor AJD3280:PB TCRab CD8ab Naive/TCM	1
CASSGAGVYTDTQYF	TRBV7-9	TRBJ2-3	CAVTGSQGNLIF	Donor AJD3280:PB TCRab CD8ab Naive/TCM	1
CASSLISGQGRGTDTQYF	TRBV7-9	TRBJ2-3	CAVTQGGSEKLVF	Donor AJD3280:PB TCRab CD8ab Naive/TCM	1
CAISKTGYEAYEQYF	TRBV10-3	TRBJ2-7	CAVDAGGTSYGKLTF	Donor AJD3280:PB TCRab CD8ab Naive/TCM	1
CAISESQGPYNSPLHF	TRBV10-3	TRBJ1-6	CAVEGLGGGKLIF	Donor AJD3280:PB TCRab CD8ab Naive/TCM	1
CASSHRVAGELFF	TRBV13	TRBJ2-2	CAVSYNAGNMLTF	Donor AJD3280:PB TCRab CD8ab Naive/TCM	1
CASSPGRGSQPQHF	TRBV18	TRBJ1-5	CAVPDNYGQNFVF	Donor AJD3280:PB TCRab CD8ab Naive/TCM	1
CASRLAVGASGANVLTF	TRBV19	TRBJ2-6	CAVIRTDKLIF	Donor AJD3280:PB TCRab CD8ab Naive/TCM	1
CASSFLAGATSSYNEQFF	TRBV27	TRBJ2-1	CALEREYGNKLVF	Donor AJD3280:PB TCRab CD8ab Naive/TCM	1
CSVEQGANTGELFF	TRBV29-1	TRBJ2-2	CAVETSGSRLTF	Donor AJD3280:PB TCRab CD8ab Naive/TCM	1
CSVPGQGAPEQYF	TRBV29-1	TRBJ2-7	CAVRLDSSYKLIF	Donor AJD3280:PB TCRab CD8ab Naive/TCM	1
CASSQERTSSYNEQFF	TRBV4-3	TRBJ2-1	CAVDNAGNMLTF	Donor AJD3280:PB TCRab CD8ab Naive/TCM	1
CASSQDLRGYEQYF	TRBV4-3	TRBJ2-7	CAVTGANSKLTF	Donor AJD3280:PB TCRab CD8ab Naive/TCM	1
CASSLAGVDTEAFF	TRBV5-1	TRBJ1-1	CAVKGKGRDDKIIF	Donor AJD3280:PB TCRab CD8ab Naive/TCM	1
CASRRPQETQYF	TRBV5-1	TRBJ2-5	CAVRPLESGGGADGLTF	Donor AJD3280:PB TCRab CD8ab Naive/TCM	1
CASSLGAAARYQPQHF	TRBV5-6	TRBJ1-5	CAVTPGANSKLTF	Donor AJD3280:PB TCRab CD8ab Naive/TCM	1
CASSEGGSPNQPQHF	TRBV6-1	TRBJ1-5	CAVDNNNDMRF	Donor AJD3280:PB TCRab CD8ab Naive/TCM	1
CASSLQGSVTEAFF	TRBV7-3	TRBJ1-1	CAVGNYGGATNKLIF	Donor AJD3280:PB TCRab CD8ab Naive/TCM	1
CASSLVSTPDYEQYF	TRBV7-6	TRBJ2-7	CALRHRSGGSNYKLTF	Donor AJD3280:PB TCRab CD8ab Naive/TCM	1
CASSLTDSNEKLFF	TRBV7-9	TRBJ1-4	CAVEDGFGNVLHC	Donor AJD3280:PB TCRab CD8ab Naive/TCM	1
CASSVEGGTGELFF	TRBV9	TRBJ2-2	CAVGDNAGNMLTF	Donor AJD3280:PB TCRab CD8ab Naive/TCM	1
CASSVPLAGGSGELFF	TRBV9	TRBJ2-2	CAVRRPGSGNTGKLIF	Donor AJD3280:PB TCRab CD8ab Naive/TCM	1
CASSLGGGTQYF	TRBV11-3	TRBJ2-5	CAVELRRDDKIIF	Donor AJD3280:PB TCRab CD8ab Naive/TCM	1
CASSPFAGGALQEQYF	TRBV13	TRBJ2-7	CAVEHGTGANSKLTF	Donor AJD3280:PB TCRab CD8ab Naive/TCM	1
CASRQTATGREKLFF	TRBV6-1	TRBJ1-4	CADDLAGNQFYF	Donor AJD3280:PB TCRab CD8ab Naive/TCM	1
CASSLASYNEQFF	TRBV19	TRBJ2-1	CAAPGNTGKLIF	Donor AJD3280:PB TCRab CD8ab Naive/TCM	1
CASGSGGGPDTQYF	TRBV3-1	TRBJ2-3	CAARRIHGNKLVF	Donor AJD3280:PB TCRab CD8ab Naive/TCM	1
CASRVSGGRDTQYF	TRBV5-6	TRBJ2-3	CAASTGPGAGSYQLTF	Donor AJD3280:PB TCRab CD8ab Naive/TCM	1
CASSPTRNTEAFF	TRBV7-3	TRBJ1-1	CAASMNGNTGKLIF	Donor AJD3280:PB TCRab CD8ab Naive/TCM	1
CASTNRDRGLSGYGYTF	TRBV19	TRBJ1-2	CAFPDSGSARQLTF	Donor AJD3280:PB TCRab CD8ab Naive/TCM	1
CAISGLAGGQETQYF	TRBV10-3	TRBJ2-5	CAGGSGTYKYIF	Donor AJD3280:PB TCRab CD8ab Naive/TCM	1
CAISEFTGDYGYTF	TRBV10-3	TRBJ1-2	CAGRNYGQNFVF	Donor AJD3280:PB TCRab CD8ab Naive/TCM	1
CASTLDGTFSYEQYF	TRBV11-2	TRBJ2-7	CAGRGIQGAQKLVF	Donor AJD3280:PB TCRab CD8ab Naive/TCM	1
CATSRETAGANVLTF	TRBV15	TRBJ2-6	CAGPVIVDSSYKLIF	Donor AJD3280:PB TCRab CD8ab Naive/TCM	1
CATRGGVNEQFF	TRBV15	TRBJ2-1	CAGRGTTDSWGKLQF	Donor AJD3280:PB TCRab CD8ab Naive/TCM	1
CASSIDTLKGGSSYNEQFF	TRBV19	TRBJ2-1	CAATVNSGGSNYKLTF	Donor AJD3280:PB TCRab CD8ab Naive/TCM	1
CASHDRGLLSAFF	TRBV19	TRBJ1-1	CAVKNRDDKIIF	Donor AJD3280:PB TCRab CD8ab Naive/TCM	1
CASSIARSYEQYF	TRBV27	TRBJ2-7	CAGDFNDYKLSF	Donor AJD3280:PB TCRab CD8ab Naive/TCM	1
CASSFRSSYEQYF	TRBV27	TRBJ2-7	CAGLVDSSYKLIF	Donor AJD3280:PB TCRab CD8ab Naive/TCM	1
CASSLHTLTGDTQYF	TRBV27	TRBJ2-3	CALPNQVGTALIF	Donor AJD3280:PB TCRab CD8ab Naive/TCM	1
CSVNPRNNEQFF	TRBV29-1	TRBJ2-1	CAGGKNDYKLSF	Donor AJD3280:PB TCRab CD8ab Naive/TCM	1
CASSWGGVGDQPQHF	TRBV5-4	TRBJ1-5	CAGGWEYGNKLVF	Donor AJD3280:PB TCRab CD8ab Naive/TCM	1
CASSVGQGIAYEQFF	TRBV5-6	TRBJ2-1	CAGPSGGYNKLIF	Donor AJD3280:PB TCRab CD8ab Naive/TCM	1
CASSLFPAGGNEQFF	TRBV7-9	TRBJ2-1	CAGGGGDSWGKLQF	Donor AJD3280:PB TCRab CD8ab Naive/TCM	1
CASSLENTEAFF	TRBV13	TRBJ1-1	CIVRNFNKFYF	Donor AJD3280:PB TCRab CD8ab Naive/TCM	1
CASSIGGNYGYTF	TRBV19	TRBJ1-2	CIVRLPNTNAGKSTF	Donor AJD3280:PB TCRab CD8ab Naive/TCM	1
CASSEWTNGEKLFF	TRBV2	TRBJ1-4	CIVSDASGGSYIPTF	Donor AJD3280:PB TCRab CD8ab Naive/TCM	1
CATSEALFNEQFF	TRBV24-1	TRBJ2-1	CIVRVNTDKLIF	Donor AJD3280:PB TCRab CD8ab Naive/TCM	1
CASSPTGIQPQHF	TRBV27	TRBJ1-5	CIVRDGSGTYKYIF	Donor AJD3280:PB TCRab CD8ab Naive/TCM	1
CASSLRDRGETQYF	TRBV27	TRBJ2-5	CIVTGFQKLVF	Donor AJD3280:PB TCRab CD8ab Naive/TCM	1
CASRVYGGDEAFF	TRBV4-2	TRBJ1-1	CIVRVNTNAGKSTF	Donor AJD3280:PB TCRab CD8ab Naive/TCM	1
CASSSGLDLTSYEQYF	TRBV7-9	TRBJ2-7	CIAAPHNFNKFYF	Donor AJD3280:PB TCRab CD8ab Naive/TCM	1
CASSVAPLTGYNEQFF	TRBV9	TRBJ2-1	CIAQTDNYGQNFVF	Donor AJD3280:PB TCRab CD8ab Naive/TCM	1
CASSEGQLNYGYTF	TRBV11-1	TRBJ1-2	CILRDPRSGTYKYIF	Donor AJD3280:PB TCRab CD8ab Naive/TCM	1
CASSLGLAVYNEQFF	TRBV12-4	TRBJ2-1	CILRAPNNAGNMLTF	Donor AJD3280:PB TCRab CD8ab Naive/TCM	1
CASSPGAPSYNEQFF	TRBV11-1	TRBJ2-1	CAGDNAGNMLTF	Donor AJD3280:PB TCRab CD8ab Naive/TCM	1
CASSPPRGQGGDTQYF	TRBV12-3	TRBJ2-3	CAGAGGNTGKLIF	Donor AJD3280:PB TCRab CD8ab Naive/TCM	1
CASSQVSSPWETQYF	TRBV14	TRBJ2-5	CAGVAEYGNKLVF	Donor AJD3280:PB TCRab CD8ab Naive/TCM	1
CASSPPNPGTVYGYTF	TRBV19	TRBJ1-2	CAGEDYGGATNKLIF	Donor AJD3280:PB TCRab CD8ab Naive/TCM	1
CSASNGQGSGNTIYF	TRBV20-1	TRBJ1-3	CAGWDNAGNMLTF	Donor AJD3280:PB TCRab CD8ab Naive/TCM	1
CSVEGPGGLDYGYTF	TRBV29-1	TRBJ1-2	CAGGPTNAGKSTF	Donor AJD3280:PB TCRab CD8ab Naive/TCM	1
CSVDGGVYPYEQYF	TRBV29-1	TRBJ2-7	CAGPPYRVNRKLTF	Donor AJD3280:PB TCRab CD8ab Naive/TCM	1
CASSQVGWTGTYEQYF	TRBV4-1	TRBJ2-7	CAGLLNAGGTSYGKLTF	Donor AJD3280:PB TCRab CD8ab Naive/TCM	1
CASSLEGFAGGLQETQYF	TRBV5-1	TRBJ2-5	CAGEPRDNFNKFYF	Donor AJD3280:PB TCRab CD8ab Naive/TCM	1
CASSLGTHPNTEAFF	TRBV5-6	TRBJ1-1	CAGAQANQGGKLIF	Donor AJD3280:PB TCRab CD8ab Naive/TCM	1
CASRGTGELFF	TRBV7-2	TRBJ2-2	CAGLEVSGTYKYIF	Donor AJD3280:PB TCRab CD8ab Naive/TCM	1
CASSLGGHTEAFF	TRBV7-8	TRBJ1-1	CAGALADSWGKLQF	Donor AJD3280:PB TCRab CD8ab Naive/TCM	1
CASSSTLGPGELFF	TRBV7-9	TRBJ2-2	CAAGSGGGADGLTF	Donor AJD3280:PB TCRab CD8ab Naive/TCM	1
CASSPGWGAEAFF	TRBV7-9	TRBJ1-1	CVTKGGTGANSKLTF	Donor AJD3280:PB TCRab CD8ab Naive/TCM	1
CASSLGVQRGAENIQYF	TRBV11-2	TRBJ2-4	CAAPTLSGSARQLTF	Donor AJD3280:PB TCRab CD8ab Naive/TCM	1
CASSLGQGGNQPQHF	TRBV12-3	TRBJ1-5	CAASDDGANNLFF	Donor AJD3280:PB TCRab CD8ab Naive/TCM	1
CASSQPGAYNEQFF	TRBV14	TRBJ2-1	CAASHTTSGTYKYIF	Donor AJD3280:PB TCRab CD8ab Naive/TCM	1
CASSKQGTGEGYTF	TRBV19	TRBJ1-2	CAASVYNTDKLIF	Donor AJD3280:PB TCRab CD8ab Naive/TCM	1
CASRNRSGRSDEQFF	TRBV2	TRBJ2-1	CAASLSGNTPLVF	Donor AJD3280:PB TCRab CD8ab Naive/TCM	1
CSARDPLGSSSYEQYF	TRBV20-1	TRBJ2-7	CAASGGGTYKYIF	Donor AJD3280:PB TCRab CD8ab Naive/TCM	1
CASSLSGVFTEAFF	TRBV27	TRBJ1-1	CAASGGDDKIIF	Donor AJD3280:PB TCRab CD8ab Naive/TCM	1
CASSFNPRAAAGELFF	TRBV27	TRBJ2-2	CAVKETSGSRLTF	Donor AJD3280:PB TCRab CD8ab Naive/TCM	1
CSVLDSYSSYEQYF	TRBV29-1	TRBJ2-7	CAASETGANSKLTF	Donor AJD3280:PB TCRab CD8ab Naive/TCM	1
CAWSDGISYEQYF	TRBV30	TRBJ2-7	CAATQGAQKLVF	Donor AJD3280:PB TCRab CD8ab Naive/TCM	1
CASSQDLSGQAANLYGYTF	TRBV4-2	TRBJ1-2	CAAFTGTASKLTF	Donor AJD3280:PB TCRab CD8ab Naive/TCM	1
CASSQGTLNTEAFF	TRBV4-3	TRBJ1-1	CAASVPWDYKLSF	Donor AJD3280:PB TCRab CD8ab Naive/TCM	1
CASSEGTVRLLNTEAFF	TRBV5-4	TRBJ1-1	CAASSAGGSQGNLIF	Donor AJD3280:PB TCRab CD8ab Naive/TCM	1
CASSLALEYYGYTF	TRBV5-5	TRBJ1-2	CAASPTGTASKLTF	Donor AJD3280:PB TCRab CD8ab Naive/TCM	1
CASRSWGGGGETQYF	TRBV5-6	TRBJ2-5	CAASEVHAGNNRKLIW	Donor AJD3280:PB TCRab CD8ab Naive/TCM	1
CASSYSGNSPLHF	TRBV6-5	TRBJ1-6	CAARPLNFGNEKLTF	Donor AJD3280:PB TCRab CD8ab Naive/TCM	1
CASSLGLGGETQYF	TRBV7-2	TRBJ2-5	CAANSGYALNF	Donor AJD3280:PB TCRab CD8ab Naive/TCM	1
CASSPPGRNTEAFF	TRBV9	TRBJ1-1	CAASAGQAGTALIF	Donor AJD3280:PB TCRab CD8ab Naive/TCM	1
CASRGTGSNEKLFF	TRBV11-2	TRBJ1-4	CAVIDNTDKLIF	Donor AJD3280:PB TCRab CD8ab Naive/TCM	1
CASSTPCYRTSNQPQHF	TRBV11-3	TRBJ1-5	CAVRVPLVF	Donor AJD3280:PB TCRab CD8ab Naive/TCM	1
CASTLTQYGYTF	TRBV12-3	TRBJ1-2	CAVRDQRGSQGNLIF	Donor AJD3280:PB TCRab CD8ab Naive/TCM	1
CASSMEGTGWPQHF	TRBV19	TRBJ1-5	CAVRASYNQGGKLIF	Donor AJD3280:PB TCRab CD8ab Naive/TCM	1
CASSEGRGAGNQPQHF	TRBV2	TRBJ1-5	CAVRAYNTDKLIF	Donor AJD3280:PB TCRab CD8ab Naive/TCM	1
CASRGEGFSNQPQHF	TRBV2	TRBJ1-5	CAVWFGGSQGNLIF	Donor AJD3280:PB TCRab CD8ab Naive/TCM	1
CSAKESSGGDYNEQFF	TRBV20-1	TRBJ2-1	CAVRDPGLYNFNKFYF	Donor AJD3280:PB TCRab CD8ab Naive/TCM	1
CSAGTGAYEQYF	TRBV20-1	TRBJ2-7	CAVRGPGRDSGGYQKVTF	Donor AJD3280:PB TCRab CD8ab Naive/TCM	1
CSAREGPGRYEQYF	TRBV20-1	TRBJ2-7	CAVSLSGGSYIPTF	Donor AJD3280:PB TCRab CD8ab Naive/TCM	1
CATSDSGETQYF	TRBV24-1	TRBJ2-5	CAVRDMSTNAGKSTF	Donor AJD3280:PB TCRab CD8ab Naive/TCM	1
CASSWDSYQPQHF	TRBV27	TRBJ1-5	CAVRDISNTGGFKTIF	Donor AJD3280:PB TCRab CD8ab Naive/TCM	1
CASSVQESAGELFF	TRBV27	TRBJ2-2	CAVRDTNAGKSTF	Donor AJD3280:PB TCRab CD8ab Naive/TCM	1
CASSGAGSGAVEETQYF	TRBV27	TRBJ2-5	CAVSRSGSARQLTF	Donor AJD3280:PB TCRab CD8ab Naive/TCM	1
CASMATIYSGNTIYF	TRBV27	TRBJ1-3	CAVSSMNTGFQKLVF	Donor AJD3280:PB TCRab CD8ab Naive/TCM	1
CSVGIAGGSYNEQFF	TRBV29-1	TRBJ2-1	CAVSPRDDYKLSF	Donor AJD3280:PB TCRab CD8ab Naive/TCM	1
CAWSTTGGDTGELFF	TRBV30	TRBJ2-2	CAVRDRYSSASKIIF	Donor AJD3280:PB TCRab CD8ab Naive/TCM	1
CASSQEQGLLESEAFF	TRBV4-2	TRBJ1-1	CAESRNKLVF	Donor AJD3280:PB TCRab CD8ab Naive/TCM	1
CASSQGWEAHNEQFF	TRBV4-3	TRBJ2-1	CAVRDMGSSGSARQLTF	Donor AJD3280:PB TCRab CD8ab Naive/TCM	1
CASSQETGGGFEQYF	TRBV4-3	TRBJ2-7	CAVRQGNTDKLIF	Donor AJD3280:PB TCRab CD8ab Naive/TCM	1
CASSLRPTYEQYF	TRBV5-1	TRBJ2-7	CAVRGVDSGAGSYQLTF	Donor AJD3280:PB TCRab CD8ab Naive/TCM	1
CASSLGGDHTDTQYF	TRBV5-4	TRBJ2-3	CAVRDGIGFGNVLHC	Donor AJD3280:PB TCRab CD8ab Naive/TCM	1
CASSLGDRAMNTEAFF	TRBV5-5	TRBJ1-1	CAVRDGGQAGTALIF	Donor AJD3280:PB TCRab CD8ab Naive/TCM	1
CASSLGAGAEAFF	TRBV5-6	TRBJ1-1	CAVTPSGGSYIPTF	Donor AJD3280:PB TCRab CD8ab Naive/TCM	1
CASSYSAGELFF	TRBV6-5	TRBJ2-2	CAVRDNAGNMLTF	Donor AJD3280:PB TCRab CD8ab Naive/TCM	1
CASRRQTGDQETQYF	TRBV6-5	TRBJ2-5	CAVRDRGGSYIPTF	Donor AJD3280:PB TCRab CD8ab Naive/TCM	1
CASSWLAGGDNEQFF	TRBV7-3	TRBJ2-1	CAVRDRNSGGYQKVTF	Donor AJD3280:PB TCRab CD8ab Naive/TCM	2
CASSFLDADYNEQFF	TRBV7-6	TRBJ2-1	CAVRDKRYSSASKIIF	Donor AJD3280:PB TCRab CD8ab Naive/TCM	1
CASRPTGNPNTGELFF	TRBV7-6	TRBJ2-2	CAVRDLSGGYNKLIF	Donor AJD3280:PB TCRab CD8ab Naive/TCM	1
CASSLVAAGAKYDTQYF	TRBV7-6	TRBJ2-3	CAVRVGNNAGNMLTF	Donor AJD3280:PB TCRab CD8ab Naive/TCM	1
CASSLETGELFF	TRBV7-9	TRBJ2-2	CAVRPNDYKLSF	Donor AJD3280:PB TCRab CD8ab Naive/TCM	1
CASSPGGGPVDTQYF	TRBV9	TRBJ2-3	CAVGLSSGSARQLTF	Donor AJD3280:PB TCRab CD8ab Naive/TCM	1
CASSGDGGNQPQHF	TRBV9	TRBJ1-5	CAVNFEGNNDMRF	Donor AJD3280:PB TCRab CD8ab Naive/TCM	1
CASSTEGYTEAFF	TRBV9	TRBJ1-1	CAVRDIGFQKLVF	Donor AJD3280:PB TCRab CD8ab Naive/TCM	1
CASSVDLDRGYEQYF	TRBV9	TRBJ2-7	CAVRDRGGSQGNLIF	Donor AJD3280:PB TCRab CD8ab Naive/TCM	1
CASSATGEIFLDTQYF	TRBV9	TRBJ2-3	CAVRDSSGGSYIPTF	Donor AJD3280:PB TCRab CD8ab Naive/TCM	1
CASSVGDTGERNEQYF	TRBV9	TRBJ2-7	CAVSQNTGGFKTIF	Donor AJD3280:PB TCRab CD8ab Naive/TCM	1
CAISERGQGANEQFF	TRBV10-3	TRBJ2-1	CGTDGTGTASKLTF	Donor AJD3280:PB TCRab CD8ab Naive/TCM	1
CASSFPPVETQYF	TRBV12-4	TRBJ2-5	CGTEQNDYKLSF	Donor AJD3280:PB TCRab CD8ab Naive/TCM	1
CASSFRPPRGGETDTQYF	TRBV12-4	TRBJ2-3	CGTETSGAGSYQLTF	Donor AJD3280:PB TCRab CD8ab Naive/TCM	1
CASSFGFYEQYF	TRBV12-4	TRBJ2-7	CGTEYVAGNNRKLIW	Donor AJD3280:PB TCRab CD8ab Naive/TCM	1
CASSIGVGIGNTIYF	TRBV19	TRBJ1-3	CGTDMNRDDKIIF	Donor AJD3280:PB TCRab CD8ab Naive/TCM	1
CASSLANSPLHF	TRBV27	TRBJ1-6	CGTFSGGSNYKLTF	Donor AJD3280:PB TCRab CD8ab Naive/TCM	1
CASSQELVQGRYSPLHF	TRBV4-1	TRBJ1-6	CGTDQDRGSSNTGKLIF	Donor AJD3280:PB TCRab CD8ab Naive/TCM	1
CASKFQPGSTYEQYF	TRBV5-1	TRBJ2-7	CGTETVGSGGSNYKLTF	Donor AJD3280:PB TCRab CD8ab Naive/TCM	1
CASSYSQENTGELFF	TRBV6-5	TRBJ2-2	CGTELIIQGAQKLVF	Donor AJD3280:PB TCRab CD8ab Naive/TCM	1
CASSLVRSRGDTQYF	TRBV11-2	TRBJ2-3	CAGPNRGSQGNLIF	Donor AJD3280:PB TCRab CD8ab Naive/TCM	1
CASSLEYGGRETQYF	TRBV11-2	TRBJ2-5	CAGTNTGNQFYF	Donor AJD3280:PB TCRab CD8ab Naive/TCM	1
CASSFTVAEAFF	TRBV12-4	TRBJ1-1	CAGLNTNAGKSTF	Donor AJD3280:PB TCRab CD8ab Naive/TCM	1
CASSPVIHEQYF	TRBV12-4	TRBJ2-7	CAGQPFGNEKLTF	Donor AJD3280:PB TCRab CD8ab Naive/TCM	1
CASSEGTDVQYF	TRBV13	TRBJ2-3	CAGQLRGAGSYQLTF	Donor AJD3280:PB TCRab CD8ab Naive/TCM	1
CASSAGTLNGYTF	TRBV19	TRBJ1-2	CAGGSGNTGKLIF	Donor AJD3280:PB TCRab CD8ab Naive/TCM	1
CAASSARGQGAFF	TRBV25-1	TRBJ1-1	CAGRNSNSGYALNF	Donor AJD3280:PB TCRab CD8ab Naive/TCM	1
CASSPLGGQPQHF	TRBV27	TRBJ1-5	CAGQPGFGNVLHC	Donor AJD3280:PB TCRab CD8ab Naive/TCM	1
CAWSPRVPYEQYF	TRBV30	TRBJ2-7	CAGSGGGADGLTF	Donor AJD3280:PB TCRab CD8ab Naive/TCM	1
CASSQDGLAYGYTF	TRBV4-3	TRBJ1-2	CAGPRTSGTYKYIF	Donor AJD3280:PB TCRab CD8ab Naive/TCM	1
CASSFNSYNEQFF	TRBV5-1	TRBJ2-1	CAGYLQTGANNLFF	Donor AJD3280:PB TCRab CD8ab Naive/TCM	1
CASTGRPYGYTF	TRBV5-6	TRBJ1-2	CAGQGGNQGGKLIF	Donor AJD3280:PB TCRab CD8ab Naive/TCM	1
CASSGQGTNTGELFF	TRBV5-6	TRBJ2-2	CAGQRSDSWGKLQF	Donor AJD3280:PB TCRab CD8ab Naive/TCM	1
CASSSGLAGYNEQFF	TRBV5-6	TRBJ2-1	CATGTASKLTF	Donor AJD3280:PB TCRab CD8ab Naive/TCM	1
CATTGTGFGEQFF	TRBV6-1	TRBJ2-1	CAGQTTSGTYKYIF	Donor AJD3280:PB TCRab CD8ab Naive/TCM	1
CASSLRSAGPYNEQFF	TRBV6-2	TRBJ2-1	CAGQGGTNAGKSTF	Donor AJD3280:PB TCRab CD8ab Naive/TCM	1
CASSPLGTGGLVPYF	TRBV7-8	TRBJ2-5	CADDQGGKLIF	Donor AJD3280:PB TCRab CD8ab Naive/TCM	1
CASSFGYGGGNYGYTF	TRBV12-4	TRBJ1-2	CAFMKTGNQFYF	Donor AJD3280:PB TCRab CD8ab Naive/TCM	1
CASSFGLAPSTDTQYF	TRBV12-4	TRBJ2-3	CAFMPSGARLMF	Donor AJD3280:PB TCRab CD8ab Naive/TCM	1
CASSQGGDTEAFF	TRBV12-4	TRBJ1-1	CAFMTPWGTYKYIF	Donor AJD3280:PB TCRab CD8ab Naive/TCM	1
CAGASGGGLNTQYF	TRBV13	TRBJ2-3	CACLDSNYQLIW	Donor AJD3280:PB TCRab CD8ab Naive/TCM	1
CASSGDREGLSDTQYF	TRBV2	TRBJ2-3	CAFKSGAGTALIF	Donor AJD3280:PB TCRab CD8ab Naive/TCM	1
CSANGGGQLAYEQYF	TRBV20-1	TRBJ2-7	CAFFKGADGLTF	Donor AJD3280:PB TCRab CD8ab Naive/TCM	1
CSALGNTEAFF	TRBV20-1	TRBJ1-1	CAFMLTYSGAGSYQLTF	Donor AJD3280:PB TCRab CD8ab Naive/TCM	1
CAWSVQGGDHEQYF	TRBV30	TRBJ2-7	CAFLHRTQGGSEKLVF	Donor AJD3280:PB TCRab CD8ab Naive/TCM	1
CASSQVKGNEQFF	TRBV4-1	TRBJ2-1	CAFLYGGATNKLIF	Donor AJD3280:PB TCRab CD8ab Naive/TCM	1
CASSLVGDVGADTQYF	TRBV5-1	TRBJ2-3	CAFAPAFNDMRF	Donor AJD3280:PB TCRab CD8ab Naive/TCM	1
CASSSGTGGTDTQYF	TRBV5-1	TRBJ2-3	CAFGGPDSNYQLIW	Donor AJD3280:PB TCRab CD8ab Naive/TCM	1
CASSLGPRTGSTDTQYF	TRBV5-6	TRBJ2-3	CAFMGTPNTGNQFYF	Donor AJD3280:PB TCRab CD8ab Naive/TCM	1
CASSEAHPGLTEAFF	TRBV6-1	TRBJ1-1	CAFTEGYNAGNMLTF	Donor AJD3280:PB TCRab CD8ab Naive/TCM	1
CASSEEGTRVYGYTF	TRBV6-1	TRBJ1-2	CAYPRDDKIIF	Donor AJD3280:PB TCRab CD8ab Naive/TCM	1
CASSLQNDNEQFF	TRBV6-2	TRBJ2-1	CAFMIPPGNMLTF	Donor AJD3280:PB TCRab CD8ab Naive/TCM	1
CASSYPEEGWPEAFF	TRBV6-2	TRBJ1-1	CAFQSAQGGSEKLVF	Donor AJD3280:PB TCRab CD8ab Naive/TCM	1
CASSLLAGGPGELFF	TRBV6-5	TRBJ2-2	CAFMKPPDMRF	Donor AJD3280:PB TCRab CD8ab Naive/TCM	1
CASSYVRQGALNTEAFF	TRBV6-6	TRBJ1-1	CAFMKPLKAAGNKLTF	Donor AJD3280:PB TCRab CD8ab Naive/TCM	1
CASSLLTGTGGNTIYF	TRBV7-2	TRBJ1-3	CAFMKPIGGGGSNYKLTF	Donor AJD3280:PB TCRab CD8ab Naive/TCM	1
CASSLSRGDNEQFF	TRBV7-3	TRBJ2-1	CAFMKGSGAGSYQLTF	Donor AJD3280:PB TCRab CD8ab Naive/TCM	1
CASSLGQGPGNTIYF	TRBV7-6	TRBJ1-3	CAFMKQRTGNQFYF	Donor AJD3280:PB TCRab CD8ab Naive/TCM	1
CASSLAGSNEQFF	TRBV7-6	TRBJ2-1	CAFMSSHNFGNEKLTF	Donor AJD3280:PB TCRab CD8ab Naive/TCM	1
CASSLAGNEQFF	TRBV7-9	TRBJ2-1	CAFMNYNQGGKLIF	Donor AJD3280:PB TCRab CD8ab Naive/TCM	1
CASTGLGQDLTSGYNEQFF	TRBV9	TRBJ2-1	CAFMKHKGGADGLTF	Donor AJD3280:PB TCRab CD8ab Naive/TCM	1
CASSVGGQLFEQYF	TRBV9	TRBJ2-7	CALGDARLMF	Donor AJD3280:PB TCRab CD8ab Naive/TCM	1
CAISDPRDRAQYF	TRBV10-3	TRBJ2-7	CASFGNEKLTF	Donor AJD3280:PB TCRab CD8ab Naive/TCM	1
CASSPRTSGYEQYF	TRBV13	TRBJ2-7	CASKSAQGGSEKLVF	Donor AJD3280:PB TCRab CD8ab Naive/TCM	1
CASSRGSTGYTF	TRBV13	TRBJ1-2	CAYRGAGNTPLVF	Donor AJD3280:PB TCRab CD8ab Naive/TCM	1
CATSRDREESYEQYF	TRBV15	TRBJ2-7	CAYRSGATDKLIF	Donor AJD3280:PB TCRab CD8ab Naive/TCM	1
CASSMLGYTEAFF	TRBV19	TRBJ1-1	CAYRSARAAGNKLTF	Donor AJD3280:PB TCRab CD8ab Naive/TCM	1
CASSVGQGYTGELFF	TRBV2	TRBJ2-2	CAYRSLPLNTNAGKSTF	Donor AJD3280:PB TCRab CD8ab Naive/TCM	1
CSASLSGETQYF	TRBV20-1	TRBJ2-5	CASNNNARLMF	Donor AJD3280:PB TCRab CD8ab Naive/TCM	1
CSARDPLGYNEQFF	TRBV20-1	TRBJ2-1	CASNPNARLMF	Donor AJD3280:PB TCRab CD8ab Naive/TCM	1
CSAFTSGGAETQYF	TRBV20-1	TRBJ2-5	CGTYGYGQNFVF	Donor AJD3280:PB TCRab CD8ab Naive/TCM	1
CASSYNPAGFGEQYF	TRBV27	TRBJ2-7	CAYRANAGGTSYGKLTF	Donor AJD3280:PB TCRab CD8ab Naive/TCM	1
CASSFFPKGENTIYF	TRBV28	TRBJ1-3	CAYHAGANSKLTF	Donor AJD3280:PB TCRab CD8ab Naive/TCM	1
CSVNALTVGLDYGYTF	TRBV29-1	TRBJ1-2	CAYRSASNFGNEKLTF	Donor AJD3280:PB TCRab CD8ab Naive/TCM	1
CASSQRIDRFFNYGYTF	TRBV3-1	TRBJ1-2	CAYRPGTASKLTF	Donor AJD3280:PB TCRab CD8ab Naive/TCM	1
CASSSVAGRSTEAFF	TRBV5-4	TRBJ1-1	CAYRRGNNDMRF	Donor AJD3280:PB TCRab CD8ab Naive/TCM	1
CASSLRGGSDTQYF	TRBV5-4	TRBJ2-3	CAYRSLIMTTDSWGKLQF	Donor AJD3280:PB TCRab CD8ab Naive/TCM	1
CASSFLAAIGGVTGTDTQYF	TRBV5-6	TRBJ2-3	CAYKITGTASKLTF	Donor AJD3280:PB TCRab CD8ab Naive/TCM	1
CASRSPGQGITDTQYF	TRBV6-2	TRBJ2-3	CAYRRGNKLVF	Donor AJD3280:PB TCRab CD8ab Naive/TCM	1
CASSLTVRGRTDTQYF	TRBV6-2	TRBJ2-3	CAYRSALNYGGSQGNLIF	Donor AJD3280:PB TCRab CD8ab Naive/TCM	1
CASSLTPMNTEAFF	TRBV6-5	TRBJ1-1	CAWASNYQLIW	Donor AJD3280:PB TCRab CD8ab Naive/TCM	1
CASSPTGYSNQPQHF	TRBV6-5	TRBJ1-5	CAYRQGGGNKLTF	Donor AJD3280:PB TCRab CD8ab Naive/TCM	1
CASSYSIGGGGEAFF	TRBV6-5	TRBJ1-1	CAYRSADSGAGSYQLTF	Donor AJD3280:PB TCRab CD8ab Naive/TCM	1
CASSDDQETQYF	TRBV6-5	TRBJ2-5	CAYTGTASKLTF	Donor AJD3280:PB TCRab CD8ab Naive/TCM	1
CASSPLGTANEKLFF	TRBV6-6	TRBJ1-4	CAYKDTDKLIF	Donor AJD3280:PB TCRab CD8ab Naive/TCM	1
CASSRFHAVNTEAFF	TRBV7-2	TRBJ1-1	CALPGANNLFF	Donor AJD3280:PB TCRab CD8ab Naive/TCM	1
CASSPYRGSNQPQHF	TRBV7-6	TRBJ1-5	CACHVGGSNYKLTF	Donor AJD3280:PB TCRab CD8ab Naive/TCM	1
CASSSGGGRENIQYF	TRBV7-8	TRBJ2-4	CAYRSPLGTGFQKLVF	Donor AJD3280:PB TCRab CD8ab Naive/TCM	1
CASSSPEGHFKGEQFF	TRBV7-9	TRBJ2-1	CAYRTLTGANSKLTF	Donor AJD3280:PB TCRab CD8ab Naive/TCM	1
CASAPVAAAYEQYF	TRBV7-9	TRBJ2-7	CAYTYGNKLVF	Donor AJD3280:PB TCRab CD8ab Naive/TCM	1
CASSPARGVPGELFF	TRBV9	TRBJ2-2	CAYIGGSQGNLIF	Donor AJD3280:PB TCRab CD8ab Naive/TCM	1
CASSPTGGFTGNTEAFF	TRBV9	TRBJ1-1	CAYRSATQFNTPLVF	Donor AJD3280:PB TCRab CD8ab Naive/TCM	1
CASSLIDTQYF	TRBV12-3	TRBJ2-3	CAVDKGDYKLSF	Donor AJD3280:PB TCRab CD8ab Naive/TCM	1
CASSPWTGLYEQYF	TRBV7-9	TRBJ2-7	CAVDSLTSGTYKYIF	Donor AJD3280:PB TCRab CD8ab Naive/TCM	1
CASSPSLAGVRDTQYF	TRBV9	TRBJ2-3	CAVDSGAGSYQLTF	Donor AJD3280:PB TCRab CD8ab Naive/TCM	1
CASSFPSGVPDTQYF	TRBV11-1	TRBJ2-3	CLVGENYGGSQGNLIF	Donor AJD3280:PB TCRab CD8ab Naive/TCM	1
CASSWAGLADEQYF	TRBV11-2	TRBJ2-7	CLVGDDYKLSF	Donor AJD3280:PB TCRab CD8ab Naive/TCM	1
CASSLVGQGEGYGYTF	TRBV11-2	TRBJ1-2	CLVGDMGNYGGSQGNLIF	Donor AJD3280:PB TCRab CD8ab Naive/TCM	1
CASSSQGGGSEAFF	TRBV11-3	TRBJ1-1	CAETPNYGGATNKLIF	Donor AJD3280:PB TCRab CD8ab Naive/TCM	1
CASSSGQGVTMGYGYTF	TRBV12-3	TRBJ1-2	CLVTSFRARLMF	Donor AJD3280:PB TCRab CD8ab Naive/TCM	1
CASSQHPWDRGANTGELFF	TRBV12-4	TRBJ2-2	CLVDSGGYQKVTF	Donor AJD3280:PB TCRab CD8ab Naive/TCM	1
CASSTGGSNQPQHF	TRBV12-4	TRBJ1-5	CLVGPNAGNNRKLIW	Donor AJD3280:PB TCRab CD8ab Naive/TCM	1
CASSLSLDRDPIYEQYF	TRBV13	TRBJ2-7	CLVGDIGSGNTGKLIF	Donor AJD3280:PB TCRab CD8ab Naive/TCM	1
CASSLRGGSSYSNQPQHF	TRBV13	TRBJ1-5	CLVTLGNQFYF	Donor AJD3280:PB TCRab CD8ab Naive/TCM	1
CASSPDHLGNTGELFF	TRBV18	TRBJ2-2	CLVGDTGGVYNFNKFYF	Donor AJD3280:PB TCRab CD8ab Naive/TCM	1
CASGDLLEQYF	TRBV27	TRBJ2-7	CLVGDPLYSSASKIIF	Donor AJD3280:PB TCRab CD8ab Naive/TCM	1
CASSFGQAGMNTEAFF	TRBV27	TRBJ1-1	CLVGDSSPIYNQGGKLIF	Donor AJD3280:PB TCRab CD8ab Naive/TCM	1
CASSTQGLGTDTQYF	TRBV28	TRBJ2-3	CLVGDLSGGYNKLIF	Donor AJD3280:PB TCRab CD8ab Naive/TCM	1
CSVEGQEPLV	TRBV29-1	TRBJ1-2	CLGDYKLSF	Donor AJD3280:PB TCRab CD8ab Naive/TCM	1
CAWSVGRGSTYEQYF	TRBV30	TRBJ2-7	CLVGGSHTRLMF	Donor AJD3280:PB TCRab CD8ab Naive/TCM	1
CASSQGVDTQYF	TRBV4-2	TRBJ2-3	CAELHGGSQGNLIF	Donor AJD3280:PB TCRab CD8ab Naive/TCM	1
CASSYLTGDDTQYF	TRBV6-6	TRBJ2-3	CLCMDTGRRALTF	Donor AJD3280:PB TCRab CD8ab Naive/TCM	1
CASSYLDSPGETQYF	TRBV6-6	TRBJ2-5	CLVASSYQKVTF	Donor AJD3280:PB TCRab CD8ab Naive/TCM	1
CASSLAGTGGTQETQYF	TRBV7-2	TRBJ2-5	CLRNNNARLMF	Donor AJD3280:PB TCRab CD8ab Naive/TCM	1
CASSPNSGGTSYNEQFF	TRBV7-6	TRBJ2-1	CLVGEGTGGFKTIF	Donor AJD3280:PB TCRab CD8ab Naive/TCM	1
CASSLSGGGPSANDEQFF	TRBV7-6	TRBJ2-1	CLVGMNYGGATNKLIF	Donor AJD3280:PB TCRab CD8ab Naive/TCM	1
CASSYGTSGHNEQFF	TRBV7-7	TRBJ2-1	CLVGDMGNTGGFKTIF	Donor AJD3280:PB TCRab CD8ab Naive/TCM	2
CASSPTQNTEAFF	TRBV19	TRBJ1-1	CLLGPTGANSKLTF	Donor AJD3280:PB TCRab CD8ab Naive/TCM	1
CASSQGRDTEAFF	TRBV4-1	TRBJ1-1	CLPDSCNYGGSQGNLIF	Donor AJD3280:PB TCRab CD8ab Naive/TCM	1
CASGGQGFVGELFF	TRBV12-4	TRBJ2-2	CAGGTSGSRLTF	Donor AJD3280:PB TCRab CD8ab Naive/TCM	1
CASRPYNWTDTQYF	TRBV12-4	TRBJ2-3	CAVRAQKLVF	Donor AJD3280:PB TCRab CD8ab Naive/TCM	1
CASSTNSPLHF	TRBV2	TRBJ1-6	CAVVKLTF	Donor AJD3280:PB TCRab CD8ab Naive/TCM	1
CASSQSGFSNTEAFF	TRBV4-1	TRBJ1-1	CAVPNAGGTSYGKLTF	Donor AJD3280:PB TCRab CD8ab Naive/TCM	1
CASSPQGASGYTF	TRBV6-1	TRBJ1-2	CAVRSGGGGADGLTF	Donor AJD3280:PB TCRab CD8ab Naive/TCM	1
CASSYGGWNEQFF	TRBV6-5	TRBJ2-1	CAVYTGNQFYF	Donor AJD3280:PB TCRab CD8ab Naive/TCM	1
CASSRIGTVTDTQYF	TRBV7-6	TRBJ2-3	CAVRFGRDDKIIF	Donor AJD3280:PB TCRab CD8ab Naive/TCM	1
CASSPRGIYEQYF	TRBV7-9	TRBJ2-7	CAVRSPMDSNYQLIW	Donor AJD3280:PB TCRab CD8ab Naive/TCM	1
CSARPMSGTEAFF	TRBV20-1	TRBJ1-1	CADLEPGKLIF	Donor AJD3280:PB TCRab CD8ab Naive/TCM	1
CSAKDRENEQFF	TRBV20-1	TRBJ2-1	CAESIVGSGGYQKVTF	Donor AJD3280:PB TCRab CD8ab Naive/TCM	1
CASSQGTSGGDEQYF	TRBV4-1	TRBJ2-7	CAERWTDGQKLLF	Donor AJD3280:PB TCRab CD8ab Naive/TCM	1
CASSQDSSGALTYNEQFF	TRBV4-2	TRBJ2-1	CAEKKPSNSGYALNF	Donor AJD3280:PB TCRab CD8ab Naive/TCM	1
CASSPESGEQYF	TRBV4-2	TRBJ2-7	CAESMDSSYKLIF	Donor AJD3280:PB TCRab CD8ab Naive/TCM	1
CASSLAAGENYGYTF	TRBV5-4	TRBJ1-2	CAALPGTYKYIF	Donor AJD3280:PB TCRab CD8ab Naive/TCM	1
CASSPGIYEQYF	TRBV5-5	TRBJ2-7	CAEGGPDTGRRALTF	Donor AJD3280:PB TCRab CD8ab Naive/TCM	1
CASSEGGEQYF	TRBV6-1	TRBJ2-7	CAETPHSGNTPLVF	Donor AJD3280:PB TCRab CD8ab Naive/TCM	1
CASSGAGVYGYTF	TRBV6-1	TRBJ1-2	CAETPNSGNTPLVF	Donor AJD3280:PB TCRab CD8ab Naive/TCM	1
CASGGTYEQYF	TRBV6-2	TRBJ2-7	CAEPGDGGKLIF	Donor AJD3280:PB TCRab CD8ab Naive/TCM	1
CASSRPTSSYPNEQFF	TRBV6-2	TRBJ2-1	CAEYGGSYIPTF	Donor AJD3280:PB TCRab CD8ab Naive/TCM	1
CASNRGGMQETQYF	TRBV9	TRBJ2-5	CAESPGTGKLIF	Donor AJD3280:PB TCRab CD8ab Naive/TCM	1
CATSSYPPGEAFF	TRBV15	TRBJ1-1	CAPATGGFKTIF	Donor AJD3280:PB TCRab CD8ab Naive/TCM	1
CASSLVVGQGTEQYF	TRBV7-9	TRBJ2-7	CALPGGNRDDKIIF	Donor AJD3280:PB TCRab CD8ab Naive/TCM	1
CAISDASGGFSYEQYF	TRBV10-3	TRBJ2-7	CAGGMDSSYKLIF	Donor AJD3280:PB TCRab CD8ab Naive/TCM	1
CAISDTYEQYF	TRBV10-3	TRBJ2-7	CAVNAGTYKYIF	Donor AJD3280:PB TCRab CD8ab Naive/TCM	1
CASSLRGGGEQFF	TRBV11-2	TRBJ2-1	CAVESYGGSQGNLIF	Donor AJD3280:PB TCRab CD8ab Naive/TCM	1
CASSLRADTANYGYTF	TRBV11-2	TRBJ1-2	CAVRGNEKLTF	Donor AJD3280:PB TCRab CD8ab Naive/TCM	1
CASSGPGAFQPQHF	TRBV19	TRBJ1-5	CAVIPLGGNTGKLIF	Donor AJD3280:PB TCRab CD8ab Naive/TCM	1
CASSIGQGGYSNQPQHF	TRBV19	TRBJ1-5	CAVNAKKAAGNKLTF	Donor AJD3280:PB TCRab CD8ab Naive/TCM	1
CSVEYAGGTDTQYF	TRBV29-1	TRBJ2-3	CAVKEVFGNEKLTF	Donor AJD3280:PB TCRab CD8ab Naive/TCM	1
CASSQGGFSMNTEAFF	TRBV4-2	TRBJ1-1	CAVNAGSGGYNKLIF	Donor AJD3280:PB TCRab CD8ab Naive/TCM	1
CASSQDPGQGPTDTQYF	TRBV4-3	TRBJ2-3	CAVNGEDSSYKLIF	Donor AJD3280:PB TCRab CD8ab Naive/TCM	1
CASESQGFPYEQYF	TRBV6-1	TRBJ2-7	CAVNGDSSYKLIF	Donor AJD3280:PB TCRab CD8ab Naive/TCM	1
CASSWTLKTEAFF	TRBV6-2	TRBJ1-1	CAVSPIKAAGNKLTF	Donor AJD3280:PB TCRab CD8ab Naive/TCM	1
CASSPGTGLESYEQYF	TRBV7-2	TRBJ2-7	CAVNEGGKLIF	Donor AJD3280:PB TCRab CD8ab Naive/TCM	1
CASGEGGGEETQYF	TRBV7-3	TRBJ2-5	CAVMVTGAGSYQLTF	Donor AJD3280:PB TCRab CD8ab Naive/TCM	1
CASSFDSVYGYTF	TRBV7-8	TRBJ1-2	CAVNGGNQFYF	Donor AJD3280:PB TCRab CD8ab Naive/TCM	1
CASSERDRVYYGYTF	TRBV9	TRBJ1-2	CAVNALDNDMRF	Donor AJD3280:PB TCRab CD8ab Naive/TCM	1
CASSPILTGAPNSPLHF	TRBV28	TRBJ1-6	CVVSRFTGTASKLTF	Donor AJD3280:PB TCRab CD8ab Naive/TCM	1
CASSLFGGEGETQYF	TRBV5-5	TRBJ2-5	CVVSEGGSYIPTF	Donor AJD3280:PB TCRab CD8ab Naive/TCM	1
CASSLALRGPNTGELFF	TRBV5-8	TRBJ2-2	CVASDGSSNTGKLIF	Donor AJD3280:PB TCRab CD8ab Naive/TCM	1
CASSWDSNQPQHF	TRBV7-8	TRBJ1-5	CVVSEDTGNQFYF	Donor AJD3280:PB TCRab CD8ab Naive/TCM	1
CASSPGTGGAPSYEQYF	TRBV9	TRBJ2-7	CVVSSYNFNKFYF	Donor AJD3280:PB TCRab CD8ab Naive/TCM	1
CASSLAASYEQYF	TRBV11-3	TRBJ2-7	CAVVGGYQKVTF	Donor AJD3280:PB TCRab CD8ab Naive/TCM	1
CASSGQDHIDTQYF	TRBV12-3	TRBJ2-3	CAVGGTYKYIF	Donor AJD3280:PB TCRab CD8ab Naive/TCM	1
CASSLGSLKELFF	TRBV12-3	TRBJ2-2	CAVGLSNDYKLSF	Donor AJD3280:PB TCRab CD8ab Naive/TCM	1
CASLLLSYNEQFF	TRBV12-4	TRBJ2-1	CAVGGTGGGADGLTF	Donor AJD3280:PB TCRab CD8ab Naive/TCM	1
CASSLGSGGAETQYF	TRBV13	TRBJ2-5	CAVGANSGYALNF	Donor AJD3280:PB TCRab CD8ab Naive/TCM	1
CASRPQRGSTVGLTEAFF	TRBV2	TRBJ1-1	CAVGSNDYKLSF	Donor AJD3280:PB TCRab CD8ab Naive/TCM	1
CASSDAIYEQFF	TRBV2	TRBJ2-1	CAVVDDMRF	Donor AJD3280:PB TCRab CD8ab Naive/TCM	1
CSARARTSGGPAADTQYF	TRBV20-1	TRBJ2-3	CAVDLTTDSWGKLQF	Donor AJD3280:PB TCRab CD8ab Naive/TCM	1
CSVLSEPYEQYF	TRBV29-1	TRBJ2-7	CAVGGFTGNQFYF	Donor AJD3280:PB TCRab CD8ab Naive/TCM	1
CSVFNTEAFF	TRBV29-1	TRBJ1-1	CAVVTHNTDKLIF	Donor AJD3280:PB TCRab CD8ab Naive/TCM	1
CASSQAGFGQPQHF	TRBV4-3	TRBJ1-5	CAVGAENTDKLIF	Donor AJD3280:PB TCRab CD8ab Naive/TCM	1
CASSSPGVNTEAFF	TRBV5-4	TRBJ1-1	CAVGPNAGNNRKLIW	Donor AJD3280:PB TCRab CD8ab Naive/TCM	1
CASGGSTDTQYF	TRBV5-4	TRBJ2-3	CAVSGGYNKLIF	Donor AJD3280:PB TCRab CD8ab Naive/TCM	1
CASSEALRGGQETQYF	TRBV6-1	TRBJ2-5	CAVGHILTGGGNKLTF	Donor AJD3280:PB TCRab CD8ab Naive/TCM	1
CATSGSSIPLNYGYTF	TRBV6-6	TRBJ1-2	CAVAYNNNDMRF	Donor AJD3280:PB TCRab CD8ab Naive/TCM	1
CASTPLAGGLDTQYF	TRBV6-6	TRBJ2-3	CAVLNTGNQFYF	Donor AJD3280:PB TCRab CD8ab Naive/TCM	1
CASRRSSYNEQFF	TRBV12-4	TRBJ2-1	CAVSDHDNAGNMLTF	Donor AJD3280:PB TCRab CD8ab Naive/TCM	1
CAWSPPNTGELFF	TRBV30	TRBJ2-2	CAVSDHRGGNQFYF	Donor AJD3280:PB TCRab CD8ab Naive/TCM	1
CASSSIRIGRWTEQFF	TRBV5-8	TRBJ2-1	CAVSFRDDKIIF	Donor AJD3280:PB TCRab CD8ab Naive/TCM	1
CASSLQTDTQYF	TRBV7-8	TRBJ2-3	CAVMGETSYDKVIF	Donor AJD3280:PB TCRab CD8ab Naive/TCM	1
CASRDVTGELFF	TRBV11-3	TRBJ2-2	CAVSDEVDSNYQLIW	Donor AJD3280:PB TCRab CD8ab Naive/TCM	1
CASSHGQDPFQWQFF	TRBV14	TRBJ2-1	CAATTTAAGNKLTF	Donor AJD3280:PB TCRab CD8ab Naive/TCM	1
CSARERTGKETQYF	TRBV20-1	TRBJ2-5	CAVSDPIGDKLTF	Donor AJD3280:PB TCRab CD8ab Naive/TCM	1
CSVGFTPSGELFF	TRBV29-1	TRBJ2-2	CAVSDPQAGTALIF	Donor AJD3280:PB TCRab CD8ab Naive/TCM	1
CASSEVPGQNTGELFF	TRBV6-1	TRBJ2-2	CAVSNAGNMLTF	Donor AJD3280:PB TCRab CD8ab Naive/TCM	1
CASSYTGQVNSPLHF	TRBV6-5	TRBJ1-6	CAVSDPGNAGGTSYGKLTF	Donor AJD3280:PB TCRab CD8ab Naive/TCM	1
CASSYDLETQYF	TRBV6-6	TRBJ2-5	CAVADDYKLSF	Donor AJD3280:PB TCRab CD8ab Naive/TCM	1
CASSWTGSGGYEQYF	TRBV7-2	TRBJ2-7	CAVSPLIYNQGGKLIF	Donor AJD3280:PB TCRab CD8ab Naive/TCM	1
CAISAGTLSTSNQPQHF	TRBV10-3	TRBJ1-5	CALRTPRRNRDDKIIF	Donor AJD3280:PB TCRab CD8ab Naive/TCM	1
CASSVSDGANYGYTF	TRBV11-1	TRBJ1-2	CALKNQGGKLIF	Donor AJD3280:PB TCRab CD8ab Naive/TCM	1
CASSDGLAGGLWETQYF	TRBV12-4	TRBJ2-5	CALSDKGGSEKLVF	Donor AJD3280:PB TCRab CD8ab Naive/TCM	1
CASGLSGQGRETQYF	TRBV12-5	TRBJ2-5	CALIFNSGGYQKVTF	Donor AJD3280:PB TCRab CD8ab Naive/TCM	1
CASSLPPAMNTEAFF	TRBV13	TRBJ1-1	CALSDRNNFNKFYF	Donor AJD3280:PB TCRab CD8ab Naive/TCM	1
CSASDIRLGTDTQYF	TRBV20-1	TRBJ2-3	CAPDKAAGNKLTF	Donor AJD3280:PB TCRab CD8ab Naive/TCM	1
CASSQGNNEQYF	TRBV5-4	TRBJ2-7	CALRSAGGTSYGKLTF	Donor AJD3280:PB TCRab CD8ab Naive/TCM	1
CASSDRGLWIYEQYF	TRBV6-1	TRBJ2-7	CALSANYGGSQGNLIF	Donor AJD3280:PB TCRab CD8ab Naive/TCM	1
CASSYPWTSGGPGVYEQYF	TRBV6-2	TRBJ2-7	CALSDQWRGSTLGRLYF	Donor AJD3280:PB TCRab CD8ab Naive/TCM	1
CASSLGDSLYEQYF	TRBV7-8	TRBJ2-7	CCCSARQLTF	Donor AJD3280:PB TCRab CD8ab Naive/TCM	1
CASSPRIGRSGNTIYF	TRBV27	TRBJ1-3	CAVRGSNDYKLSF	Donor AJD3280:PB TCRab CD8ab TEM	1
CASSVEGGEQYF	TRBV5-1	TRBJ2-7	CAVRDVYNFNKFYF	Donor AJD3280:PB TCRab CD8ab TEM	1
CAIPYRTGGGYTF	TRBV7-9	TRBJ1-2	CAVGTGGGNKLTF	Donor AJD3280:PB TCRab CD8ab TEM	1
CASSVEGVSGNTIYF	TRBV9	TRBJ1-3	CAGSDGQKLLF	Donor AJD3280:PB TCRab CD8ab TEM	1
CASSISGGAINEQFF	TRBV12-4	TRBJ2-1	CVVSVGGSYIPTF	Donor AJD3280:PB TCRab CD8ab TEM	1
CASSFETGGNTGELFF	TRBV6-6	TRBJ2-2	CVVMDSSYKLIF	Donor AJD3280:PB TCRab CD8ab TEM	1
CSLSGTDYNEQFF	TRBV29-1	TRBJ2-1	CAAVMEYGNKLVF	Donor AJD3280:PB TCRab CD8ab TEM	1
CASSNTGELFF	TRBV5-1	TRBJ2-2	CAVNGGGGNKLTF	Donor AJD3280:PB TCRab CD8ab TEM	1
CASSGGPGQGRDTQYF	TRBV7-6	TRBJ2-3	CAMSSSGGSYIPTF	Donor AJD3280:PB TCRab CD8ab TEM	1
CASSPDMVETQYF	TRBV5-4	TRBJ2-5	CAASRGESNYQLIW	Donor AJD3280:PB TCRab CD8ab TEM	1
CASSFWDPEAEAFF	TRBV7-9	TRBJ1-1	CAATPDNYGQNFVF	Donor AJD3280:PB TCRab CD8ab TEM	1
CATGISGGADTQYF	TRBV12-4	TRBJ2-3	CAENIVVGAALIF	Donor AJD3280:PB TCRab CD8ab TEM	1
CASSLAAGPSGNTIYF	TRBV7-9	TRBJ1-3	CAMRRPSGGYNKLIF	Donor AJD3280:PB TCRab CD8ab TEM	1
CASSPSGGGTGELFF	TRBV5-1	TRBJ2-2	CALSGLSSFKTIF	Donor AJD3280:PB TCRab CD8ab TEM	1
CAWSVSAGYEQYF	TRBV30	TRBJ2-7	CATDSHSGGYQKVTF	Donor AJD3280:PB TCRab CD8ab TEM	1
CASSLTGSGVQETQYF	TRBV3-1	TRBJ2-5	CALSERADKIIF	Donor AJD3280:PB TCRab CD8ab TEM	1
CASSFGQSWRYQETQYF	TRBV7-9	TRBJ2-5	CALTLLTGANSKLTF	Donor AJD3280:PB TCRab CD8ab TEM	1
CASSLAAGPNTGELFF	TRBV7-2	TRBJ2-2	CAVRQVSGYSTLTF	Donor AJD3280:PB TCRab CD8ab TEM	1
CASSSGTSGTDTQYF	TRBV7-3	TRBJ2-3	CAVVPGNQFYF	Donor AJD3280:PB TCRab CD8ab TEM	1
CASSWPNASGGARGDTQYF	TRBV5-1	TRBJ2-3	CAVEALNTDKLIF	Donor AJD3280:PB TCRab CD8ab TEM	1
CASSLLEGQPNNEQFF	TRBV9	TRBJ2-1	CAVGEYGNKLVF	Donor AJD3280:PB TCRab CD8ab TEM	1
CASSPTRNTEAFF	TRBV7-3	TRBJ1-1	CAASMNGNTGKLIF	Donor AJD3280:PB TCRab CD8ab TEM	1
CASSQERGQPYNEQFF	TRBV4-2	TRBJ2-1	CIVSWNSGYALNF	Donor AJD3280:PB TCRab CD8ab TEM	1
CASSLRSGKDTQYF	TRBV7-2	TRBJ2-3	CIVRVENNAGNMLTF	Donor AJD3280:PB TCRab CD8ab TEM	1
CASSQGAGVLNEQFF	TRBV11-2	TRBJ2-1	CILSSLHDYKLSF	Donor AJD3280:PB TCRab CD8ab TEM	1
CASSQTGGAGSNQPQHF	TRBV3-1	TRBJ1-5	CILRPYNNNDMRF	Donor AJD3280:PB TCRab CD8ab TEM	1
CASSRYYSGGQETQYF	TRBV6-6	TRBJ2-5	CAGEGVQGAQKLVF	Donor AJD3280:PB TCRab CD8ab TEM	1
CASRLRTSGGLQETQYF	TRBV6-5	TRBJ2-5	CAAHLKIYNFNKFYF	Donor AJD3280:PB TCRab CD8ab TEM	1
CASSVGADRPENSPLHF	TRBV2	TRBJ1-6	CAVRDIPTDKLIF	Donor AJD3280:PB TCRab CD8ab TEM	1
CASSRDRGASDEQYF	TRBV4-1	TRBJ2-7	CAVSSQTDSWGKLQF	Donor AJD3280:PB TCRab CD8ab TEM	1
CASSLGTSGADTQYF	TRBV5-1	TRBJ2-3	CAVRDRAGGGNKLTF	Donor AJD3280:PB TCRab CD8ab TEM	1
CASSQLTYEQYF	TRBV7-2	TRBJ2-7	CAVRDQDNYGQNFVF	Donor AJD3280:PB TCRab CD8ab TEM	1
CASSRTSGQETQYF	TRBV7-9	TRBJ2-5	CAVRDSVNTDKLIF	Donor AJD3280:PB TCRab CD8ab TEM	1
CASSELDYNYGYTF	TRBV25-1	TRBJ1-2	CGTHDQTGANNLFF	Donor AJD3280:PB TCRab CD8ab TEM	1
CASSVAPQDASYNEQFF	TRBV9	TRBJ2-1	CGTEIKGSQGNLIF	Donor AJD3280:PB TCRab CD8ab TEM	1
CATSRAGTGGYEQYF	TRBV15	TRBJ2-7	CGADIGNARLMF	Donor AJD3280:PB TCRab CD8ab TEM	1
CASSQRTGGRNYGYTF	TRBV4-2	TRBJ1-2	CASSTQGGSEKLVF	Donor AJD3280:PB TCRab CD8ab TEM	1
CASSFDMNTEAFF	TRBV27	TRBJ1-1	CAYRGADSSYKLIF	Donor AJD3280:PB TCRab CD8ab TEM	1
CASSYAGVAEAFF	TRBV6-5	TRBJ1-1	CAYRTWDDKIIF	Donor AJD3280:PB TCRab CD8ab TEM	1
CASSSGTSASDTQYF	TRBV7-9	TRBJ2-3	CAYRSAHNTDKLIF	Donor AJD3280:PB TCRab CD8ab TEM	1
CASSVDNVRDYGYTF	TRBV9	TRBJ1-2	CAYEKYGGSQGNLIF	Donor AJD3280:PB TCRab CD8ab TEM	1
CASSQDHGGRGSYEQYF	TRBV4-2	TRBJ2-7	CLVGDVMNYGGSQGNLIF	Donor AJD3280:PB TCRab CD8ab TEM	1
CASSQDSGGPVGYTQYF	TRBV4-3	TRBJ2-3	CLVGGGTGFQKLVF	Donor AJD3280:PB TCRab CD8ab TEM	1
CASSTGQGGDLYLGNTIYF	TRBV7-8	TRBJ1-3	CLVGDPSGGGADGLTF	Donor AJD3280:PB TCRab CD8ab TEM	1
CASSYSGAEAFF	TRBV19	TRBJ1-1	CAVTLNSGYSTLTF	Donor AJD3280:PB TCRab CD8ab TEM	1
CASTLGLAGGTPTSTDTQYF	TRBV6-2	TRBJ2-3	CVVRGTGRRALTF	Donor AJD3280:PB TCRab CD8ab TEM	1
CASSFARGYGYTF	TRBV7-3	TRBJ1-2	CAVALPNFGNEKLTF	Donor AJD3280:PB TCRab CD8ab TEM	1
CASSLEEGYEQYF	TRBV7-8	TRBJ2-7	CAVGAWENSGGSNYKLTF	Donor AJD3280:PB TCRab CD8ab TEM	1
CASSYPTGGNSPLHF	TRBV6-2	TRBJ1-6	CAVRNDYKLSF	Donor AJD3280:PB TCRab CD8ab TEM	1
CASSLTAGGNNEQFF	TRBV7-3	TRBJ2-1	CAVRPRGNYQLIW	Donor AJD3280:PB TCRab CD8ab TEM	1
CASFGGGYEQYF	TRBV28	TRBJ2-7	CAVRDEDYGQNFVF	Donor AJD3280:PB TCRab CD8ab Teff	2
CASSLGELFF	TRBV12-3	TRBJ2-2	CAVRTTGGGNKLTF	Donor AJD3280:PB TCRab CD8ab Teff	1
CASSEGQTTSYEQYF	TRBV5-4	TRBJ2-7	CAVPLSGGYNKLIF	Donor AJD3280:PB TCRab CD8ab Teff	1
CASSEGPAGVDTQYF	TRBV6-1	TRBJ2-3	CAVRDSNYQLIW	Donor AJD3280:PB TCRab CD8ab Teff	1
CASSTSGGTDTQYF	TRBV6-4	TRBJ2-3	CAVMDSNYQLIW	Donor AJD3280:PB TCRab CD8ab Teff	1
CATRRTGGESDTQYF	TRBV7-8	TRBJ2-3	CAVRPGSARQLTF	Donor AJD3280:PB TCRab CD8ab Teff	2
CASSTTGAGYGYTF	TRBV9	TRBJ1-2	CAVMNTGFQKLVF	Donor AJD3280:PB TCRab CD8ab Teff	1
CASSPPGGVDSPLHF	TRBV9	TRBJ1-6	CAVRDRLTGGGNKLTF	Donor AJD3280:PB TCRab CD8ab Teff	3
CASSLTLYGYTF	TRBV12-4	TRBJ1-2	CVVSPSLNTDKLIF	Donor AJD3280:PB TCRab CD8ab Teff	1
CASSEIFTDTQYF	TRBV12-4	TRBJ2-3	CVVSSNQAGTALIF	Donor AJD3280:PB TCRab CD8ab Teff	1
CASRSDRGGVTEAFF	TRBV6-1	TRBJ1-1	CVVTPRADTDKLIF	Donor AJD3280:PB TCRab CD8ab Teff	1
CASSRGGSETYEQYF	TRBV6-5	TRBJ2-7	CVVRGTTDSWGKLQF	Donor AJD3280:PB TCRab CD8ab Teff	1
CASSFSLDPSYEQYF	TRBV7-9	TRBJ2-7	CVVRSGGYNKLIF	Donor AJD3280:PB TCRab CD8ab Teff	1
CASSEGKVIPGELFF	TRBV2	TRBJ2-2	CVVNGRDSSYKLIF	Donor AJD3280:PB TCRab CD8ab Teff	1
CASRGENTDTQYF	TRBV2	TRBJ2-3	CVVRGYGQNFVF	Donor AJD3280:PB TCRab CD8ab Teff	1
CASSDPGGGLNEQFF	TRBV2	TRBJ2-1	CVVSGDSSYKLIF	Donor AJD3280:PB TCRab CD8ab Teff	7
CATGKTSYEQYF	TRBV27	TRBJ2-7	CVFLRASKIIF	Donor AJD3280:PB TCRab CD8ab Teff	1
CASSLLQGNTIYF	TRBV28	TRBJ1-3	CVVSPYGGSQGNLIF	Donor AJD3280:PB TCRab CD8ab Teff	1
CASSQDPQVNTEAFF	TRBV4-3	TRBJ1-1	CVVNDDYGQNFVF	Donor AJD3280:PB TCRab CD8ab Teff	1
CASSLVRDTEAFF	TRBV12-4	TRBJ1-1	CAVTFMNRDDKIIF	Donor AJD3280:PB TCRab CD8ab Teff	1
CAAREPTNEKLFF	TRBV19	TRBJ1-4	CAVSYLSSTLGRLYF	Donor AJD3280:PB TCRab CD8ab Teff	3
CSALKQGFVGVAQYF	TRBV20-1	TRBJ2-5	CAAHNARLMF	Donor AJD3280:PB TCRab CD8ab Teff	1
CSVTGTDYNEQFF	TRBV29-1	TRBJ2-1	CAVVYEYGNKLVF	Donor AJD3280:PB TCRab CD8ab Teff	1
CASSQVVGGGYAYEQYF	TRBV3-1	TRBJ2-7	CAVRGGQKLLF	Donor AJD3280:PB TCRab CD8ab Teff	1
CASSHIRGVYNEQFF	TRBV5-1	TRBJ2-1	CAVNNARLMF	Donor AJD3280:PB TCRab CD8ab Teff	1
CASSLNSYEQYF	TRBV5-1	TRBJ2-7	CAVVKGEYGNKLVF	Donor AJD3280:PB TCRab CD8ab Teff	1
CASSSDFDEQYF	TRBV5-4	TRBJ2-7	CAVNMWAGGTSYGKLTF	Donor AJD3280:PB TCRab CD8ab Teff	3
CASSLNRWVAGVIADTQYF	TRBV7-3	TRBJ2-3	CAVKDQAGTALIF	Donor AJD3280:PB TCRab CD8ab Teff	1
CASSPSSKRIPYEQYF	TRBV7-8	TRBJ2-7	CAFERGFKTIF	Donor AJD3280:PB TCRab CD8ab Teff	1
CASGSVIYGYTF	TRBV19	TRBJ1-2	CAMKNSGGSNYKLTF	Donor AJD3280:PB TCRab CD8ab Teff	1
CASSSSGGNEQFF	TRBV6-2	TRBJ2-1	CAMTLSGYALNF	Donor AJD3280:PB TCRab CD8ab Teff	1
CASSLGTTGETQYF	TRBV12-3	TRBJ2-5	CAAFSGGYNKLIF	Donor AJD3280:PB TCRab CD8ab Teff	1
CASSLWDRGSPLHF	TRBV12-4	TRBJ1-6	CAPDNAGGTSYGKLTF	Donor AJD3280:PB TCRab CD8ab Teff	1
CASSSTGGDEQFF	TRBV6-4	TRBJ2-1	CAAFDSWGKLQF	Donor AJD3280:PB TCRab CD8ab Teff	4
CASSLTPGGGYEQYF	TRBV7-2	TRBJ2-7	CAASNINKFYF	Donor AJD3280:PB TCRab CD8ab Teff	1
CASRDGQYYGYTF	TRBV7-9	TRBJ1-2	CAASLAKISNFGNEKLTF	Donor AJD3280:PB TCRab CD8ab Teff	2
CASSLDDLTDTQYF	TRBV5-1	TRBJ2-3	CAENKRNAGNMLTF	Donor AJD3280:PB TCRab CD8ab Teff	10
CASSLYRYYGYTF	TRBV12-4	TRBJ1-2	CAMRGGAAGNKLTF	Donor AJD3280:PB TCRab CD8ab Teff	1
CSAREGGWAADTQYF	TRBV20-1	TRBJ2-3	CAMRENSGNTGKLIF	Donor AJD3280:PB TCRab CD8ab Teff	1
CASSLEPHIEAFF	TRBV5-1	TRBJ1-1	CAMRGFYGGSQGNLIF	Donor AJD3280:PB TCRab CD8ab Teff	1
CASSTGTSGDFGTDTQYF	TRBV9	TRBJ2-3	CAMVNDYKLSF	Donor AJD3280:PB TCRab CD8ab Teff	1
CASSLALGGAMGYGYTF	TRBV5-1	TRBJ1-2	CALYNAGGTSYGKLTF	Donor AJD3280:PB TCRab CD8ab Teff	2
CASSITGATNEKLFF	TRBV7-8	TRBJ1-4	CALRFSGGYNKLIF	Donor AJD3280:PB TCRab CD8ab Teff	1
CASSLFGRGTEAFF	TRBV12-3	TRBJ1-1	CATEPLYSGGSNYKLTF	Donor AJD3280:PB TCRab CD8ab Teff	1
CSARALRGGDIKQYF	TRBV20-1	TRBJ2-7	CATDRGSTLGRLYF	Donor AJD3280:PB TCRab CD8ab Teff	1
CSADKRLYGYTF	TRBV20-1	TRBJ1-2	CATDTGAQKLVF	Donor AJD3280:PB TCRab CD8ab Teff	8
CASSQDVAQGFFYEQYF	TRBV3-1	TRBJ2-7	CATRSNDYKLSF	Donor AJD3280:PB TCRab CD8ab Teff	2
CASSQGFENTEAFF	TRBV4-1	TRBJ1-1	CATDRNAGNMLTF	Donor AJD3280:PB TCRab CD8ab Teff	3
CASSLTEAIGQPQHF	TRBV5-5	TRBJ1-5	CAGNGGSQGNLIF	Donor AJD3280:PB TCRab CD8ab Teff	1
CASSPGANVLTF	TRBV11-3	TRBJ2-6	CALSERGSNFGNEKLTF	Donor AJD3280:PB TCRab CD8ab Teff	1
CASGLSPGTLTYEQFF	TRBV12-5	TRBJ2-1	CALSTETSYDKVIF	Donor AJD3280:PB TCRab CD8ab Teff	1
CASSQPGTGGISGTEAFF	TRBV14	TRBJ1-1	CALSDLSWGKLQF	Donor AJD3280:PB TCRab CD8ab Teff	1
CASSQWTDYGYTF	TRBV16	TRBJ1-2	CALSEANAGKSTF	Donor AJD3280:PB TCRab CD8ab Teff	1
CASKEELNTEAFF	TRBV19	TRBJ1-1	CALKEDYGQNFVF	Donor AJD3280:PB TCRab CD8ab Teff	1
CSAKGQSSYEQYF	TRBV20-1	TRBJ2-7	CALSEARSGGYNKLIF	Donor AJD3280:PB TCRab CD8ab Teff	1
CSVEDHGGLATEAFF	TRBV29-1	TRBJ1-1	CALSGMDSSYKLIF	Donor AJD3280:PB TCRab CD8ab Teff	1
CASSQDHNYGYTF	TRBV3-1	TRBJ1-2	CALSGSNFGNEKLTF	Donor AJD3280:PB TCRab CD8ab Teff	1
CASSQGDRDYPSTDTQYF	TRBV4-3	TRBJ2-3	CALIRGGGADGLTF	Donor AJD3280:PB TCRab CD8ab Teff	2
CASSLDDLTDTQYF	TRBV5-1	TRBJ2-3	CALSAGGTSYGKLTF	Donor AJD3280:PB TCRab CD8ab Teff	6
CASSLGDRAYNEQFF	TRBV5-6	TRBJ2-1	CALSEGSNFGNEKLTF	Donor AJD3280:PB TCRab CD8ab Teff	1
CASSQTLQEAFF	TRBV6-2	TRBJ1-1	CALSHYGGSQGNLIF	Donor AJD3280:PB TCRab CD8ab Teff	1
CASSAAGKGTQYF	TRBV9	TRBJ2-5	CALITIKAAGNKLTF	Donor AJD3280:PB TCRab CD8ab Teff	1
CASSLYGGTDTQYF	TRBV5-1	TRBJ2-3	CAVPSGNTPLVF	Donor AJD3280:PB TCRab CD8ab Teff	1
CASSLGLAGGPNTGELFF	TRBV5-5	TRBJ2-2	CAVVTSGTYKYIF	Donor AJD3280:PB TCRab CD8ab Teff	1
CASSSPMEGAGELFF	TRBV7-8	TRBJ2-2	CAVHMNTGFQKLVF	Donor AJD3280:PB TCRab CD8ab Teff	1
CSVVSGVYEQYF	TRBV29-1	TRBJ2-7	CAVQVAGGGADGLTF	Donor AJD3280:PB TCRab CD8ab Teff	1
CASSLVRWGRGGDNEQFF	TRBV7-2	TRBJ2-1	CAVHGSGTYKYIF	Donor AJD3280:PB TCRab CD8ab Teff	1
CASSVGERGYGYTF	TRBV9	TRBJ1-2	CAVRRRTQGAQKLVF	Donor AJD3280:PB TCRab CD8ab Teff	1
CASSLNGQGLYGYTF	TRBV11-1	TRBJ1-2	CAVTHYGGATNKLIF	Donor AJD3280:PB TCRab CD8ab Teff	1
CATTEHTTDTQYF	TRBV12-4	TRBJ2-3	CAVGMEYGNKLVF	Donor AJD3280:PB TCRab CD8ab Teff	2
CASSLTGRQPLHF	TRBV12-4	TRBJ1-6	CAVSGNAGNMLTF	Donor AJD3280:PB TCRab CD8ab Teff	1
CSVERGDYTEAFF	TRBV29-1	TRBJ1-1	CAVRPAETSGSRLTF	Donor AJD3280:PB TCRab CD8ab Teff	1
CASSQDLAQPQHF	TRBV4-2	TRBJ1-5	CALLSGGGADGLTF	Donor AJD3280:PB TCRab CD8ab Teff	1
CASSLVVTGGFNEQFF	TRBV7-6	TRBJ2-1	CAPTGANNLFF	Donor AJD3280:PB TCRab CD8ab Teff	1
CASSFRQSYEQYF	TRBV7-9	TRBJ2-7	CAVSPDSNYQLIW	Donor AJD3280:PB TCRab CD8ab Teff	1
CSVGLAGGAQFF	TRBV29-1	TRBJ2-1	CAPGPGPNTGFQKLVF	Donor AJD3280:PB TCRab CD8ab Teff	1
CASSLGRNEQFF	TRBV5-1	TRBJ2-1	CAAPDSNYQLIW	Donor AJD3280:PB TCRab CD8ab Teff	1
CASRPPSGQNSPLHF	TRBV6-4	TRBJ1-6	CAAASNSGGSNYKLTF	Donor AJD3280:PB TCRab CD8ab Teff	1
CASSLNSQMNTEAFF	TRBV4-3	TRBJ1-1	CAGLNSWGKLQF	Donor AJD3280:PB TCRab CD8ab Teff	1
CASSLEGQASSYEQYF	TRBV5-1	TRBJ2-7	CAGSGAGSYQLTF	Donor AJD3280:PB TCRab CD8ab Teff	1
CASSLRSLVSSYNEQFF	TRBV4-3	TRBJ2-1	CIVPNAGGTSYGKLTF	Donor AJD3280:PB TCRab CD8ab Teff	1
CASSSRDRPYEQYF	TRBV6-2	TRBJ2-7	CIVRVAPHGSSNTGKLIF	Donor AJD3280:PB TCRab CD8ab Teff	1
CASSVGPPGLGQETQYF	TRBV7-3	TRBJ2-5	CIVRGRGQNFVF	Donor AJD3280:PB TCRab CD8ab Teff	1
CASSVGGDNNEQFF	TRBV9	TRBJ2-1	CIVRDNGGATNKLIF	Donor AJD3280:PB TCRab CD8ab Teff	1
CASSWGLAGYTGELFF	TRBV13	TRBJ2-2	CILSGDGGIGATNKLIF	Donor AJD3280:PB TCRab CD8ab Teff	1
CASSPGTRGDETQYF	TRBV27	TRBJ2-5	CVFDQTGANNLFF	Donor AJD3280:PB TCRab CD8ab Teff	1
CASSPGQVGGYTF	TRBV19	TRBJ1-2	CAELGHNAGNMLTF	Donor AJD3280:PB TCRab CD8ab Teff	1
CASSQIYGYTF	TRBV3-1	TRBJ1-2	CAATDSWGKLQF	Donor AJD3280:PB TCRab CD8ab Teff	1
CAIPGVANTGELFF	TRBV5-4	TRBJ2-2	CAGARAGGYNKLIF	Donor AJD3280:PB TCRab CD8ab Teff	1
CASSLYLLADPQETQYF	TRBV7-8	TRBJ2-5	CAGANLHGGSQGNLIF	Donor AJD3280:PB TCRab CD8ab Teff	1
CASSPSWGSGEKLFF	TRBV9	TRBJ1-4	CAGDSMEGGSEKLVF	Donor AJD3280:PB TCRab CD8ab Teff	1
CASSGWKDPIYEQYF	TRBV6-1	TRBJ2-7	CAARGSGNTPLVF	Donor AJD3280:PB TCRab CD8ab Teff	2
CASSYSRYWTPYGYTF	TRBV6-6	TRBJ1-2	CAALGLIQGAQKLVF	Donor AJD3280:PB TCRab CD8ab Teff	6
CASSQLAGGPTDTQYF	TRBV7-2	TRBJ2-3	CAAKGQTGANNLFF	Donor AJD3280:PB TCRab CD8ab Teff	1
CASSSTDNSNQPQHF	TRBV12-4	TRBJ1-5	CAVLTYNFNKFYF	Donor AJD3280:PB TCRab CD8ab Teff	1
CASSPSTGSHEQYF	TRBV12-4	TRBJ2-7	CAVRGHGNANDYKLSF	Donor AJD3280:PB TCRab CD8ab Teff	3
CASFGGGYEQYF	TRBV28	TRBJ2-7	CAVRPVGAGRRALTF	Donor AJD3280:PB TCRab CD8ab Teff	1
CASSSGQDSTDTQYF	TRBV5-1	TRBJ2-3	CAVRSLNSNSGYALNF	Donor AJD3280:PB TCRab CD8ab Teff	1
CASSQGPWDSSYEQYF	TRBV5-6	TRBJ2-7	CAVRDGRGFGNVLHC	Donor AJD3280:PB TCRab CD8ab Teff	1
CASRDVSGGELNEQFF	TRBV7-9	TRBJ2-1	CAVRDIANSGYALNF	Donor AJD3280:PB TCRab CD8ab Teff	5
CATSAGQLGTDTQYF	TRBV24-1	TRBJ2-3	CGTASDSWGKLQF	Donor AJD3280:PB TCRab CD8ab Teff	1
CASSWDKSYGYTF	TRBV5-1	TRBJ1-2	CGTESGGSNYKLTF	Donor AJD3280:PB TCRab CD8ab Teff	3
CAISSAGTGFSYEQYF	TRBV10-3	TRBJ2-7	CGADMKMDSNYQLIW	Donor AJD3280:PB TCRab CD8ab Teff	1
CASSLGPPLNTEAFF	TRBV27	TRBJ1-1	CAGPTRYNNNDMRF	Donor AJD3280:PB TCRab CD8ab Teff	1
CASWYFGSYEQYF	TRBV6-2	TRBJ2-7	CAGQRSTSGTYKYIF	Donor AJD3280:PB TCRab CD8ab Teff	1
CASGPGGYEQYF	TRBV9	TRBJ2-7	CAGLTNFGNEKLTF	Donor AJD3280:PB TCRab CD8ab Teff	1
CASSLKWGLASHEQFF	TRBV11-2	TRBJ2-1	CAFNQFYF	Donor AJD3280:PB TCRab CD8ab Teff	2
CASRTPNLAGGPREQYF	TRBV12-3	TRBJ2-7	CAFMKHSSVMGRIQGAQKLVF	Donor AJD3280:PB TCRab CD8ab Teff	1
CASSFETTGRNTGELFF	TRBV12-4	TRBJ2-2	CAFMKRPSIMNYGGSQGNLIF	Donor AJD3280:PB TCRab CD8ab Teff	2
CASSSPGKACTGELFF	TRBV5-1	TRBJ2-2	CAFYNQGGKLIF	Donor AJD3280:PB TCRab CD8ab Teff	1
CASSPDWTSSSDTQYF	TRBV7-8	TRBJ2-3	CAFTSDTYKYIF	Donor AJD3280:PB TCRab CD8ab Teff	1
CASSLDPSYGYTF	TRBV7-9	TRBJ1-2	CAFMGAGGTSYGKLTF	Donor AJD3280:PB TCRab CD8ab Teff	1
CASSQGLAVNNEQFF	TRBV4-3	TRBJ2-1	CAWNNNARLMF	Donor AJD3280:PB TCRab CD8ab Teff	3
CASSVWGYEQYF	TRBV2	TRBJ2-7	CAVDEGDDKIIF	Donor AJD3280:PB TCRab CD8ab Teff	1
CASSLVGQGEGYGYTF	TRBV11-2	TRBJ1-2	CLVGDMGNYGGSQGNLIF	Donor AJD3280:PB TCRab CD8ab Teff	3
CASSGRVNLDTDTQYF	TRBV13	TRBJ2-3	CLVGVHSGYALNF	Donor AJD3280:PB TCRab CD8ab Teff	1
CASSTGQRNTEAFF	TRBV2	TRBJ1-1	CLVGGGTGGFKTIF	Donor AJD3280:PB TCRab CD8ab Teff	1
CSAGRPKYRGTFQETQYF	TRBV20-1	TRBJ2-5	CLVGPTGGGNKLTF	Donor AJD3280:PB TCRab CD8ab Teff	1
CASSLATGGDYGYTF	TRBV25-1	TRBJ1-2	CLVGDLGGGGNKLTF	Donor AJD3280:PB TCRab CD8ab Teff	1
CASSLDSYGYTF	TRBV5-1	TRBJ1-2	CLVGAIGGFKTIF	Donor AJD3280:PB TCRab CD8ab Teff	1
CASSLWWTNEKLFF	TRBV5-6	TRBJ1-4	CLVDLGGGADGLTF	Donor AJD3280:PB TCRab CD8ab Teff	2
CASSLGLAGGTYNEQFF	TRBV6-2	TRBJ2-1	CLVGDRMDSSYKLIF	Donor AJD3280:PB TCRab CD8ab Teff	1
CASGVTGNGGYTF	TRBV7-9	TRBJ1-2	CLVGDRVYSGGGADGLTF	Donor AJD3280:PB TCRab CD8ab Teff	1
CASSPPEETQYF	TRBV7-9	TRBJ2-5	CLVGEGGGSGYSTLTF	Donor AJD3280:PB TCRab CD8ab Teff	1
CASSFGAGALDEQFF	TRBV12-4	TRBJ2-1	CAAAHYNTDKLIF	Donor AJD3280:PB TCRab CD8ab Teff	2
CASSLNRNGETQYF	TRBV12-4	TRBJ2-5	CAEWYRDDKIIF	Donor AJD3280:PB TCRab CD8ab Teff	1
CATSEGGTSMETQYF	TRBV24-1	TRBJ2-5	CAESITTGRRALTF	Donor AJD3280:PB TCRab CD8ab Teff	2
CASSGGLAAWETQYF	TRBV5-1	TRBJ2-5	CAESINNAGNMLTF	Donor AJD3280:PB TCRab CD8ab Teff	1
CSARSPRYSPLHF	TRBV20-1	TRBJ1-6	CALERGDKIIF	Donor AJD3280:PB TCRab CD8ab Teff	1
CAITGEDLVHGYTF	TRBV10-3	TRBJ1-2	CAVKNTDKLIF	Donor AJD3280:PB TCRab CD8ab Teff	1
CASSLPLGGGGNTGELFF	TRBV11-2	TRBJ2-2	CAAGAAGNKLTF	Donor AJD3280:PB TCRab CD8ab Teff	1
CASSIERGRDPFREQYF	TRBV19	TRBJ2-7	CAVNALGGSQGNLIF	Donor AJD3280:PB TCRab CD8ab Teff	1
CASSLWFSGGGNTEAFF	TRBV27	TRBJ1-1	CALYNTDKLIF	Donor AJD3280:PB TCRab CD8ab Teff	1
CASSRVAGSSYNEQFF	TRBV27	TRBJ2-1	CAVNPMNSGGYQKVTF	Donor AJD3280:PB TCRab CD8ab Teff	1
CASSQGTSSGNEQFF	TRBV3-1	TRBJ2-1	CAVGNTGKLIF	Donor AJD3280:PB TCRab CD8ab Teff	1
CASSQLLSGGSYNEQFF	TRBV3-1	TRBJ2-1	CAVKEGGKLIF	Donor AJD3280:PB TCRab CD8ab Teff	1
CASSYPMGLAGGNTFSDTQYF	TRBV6-2	TRBJ2-3	CAVKDTDKLIF	Donor AJD3280:PB TCRab CD8ab Teff	1
CASSYPQIRQGMMSEAFF	TRBV6-2	TRBJ1-1	CAVKFYGATNKLIF	Donor AJD3280:PB TCRab CD8ab Teff	1
CASASPSGTGGLNEQFF	TRBV18	TRBJ2-1	CVLMNTGFQKLVF	Donor AJD3280:PB TCRab CD8ab Teff	4
CASSVGQNYGYTF	TRBV9	TRBJ1-2	CVVSDRNHGGSQGNLIF	Donor AJD3280:PB TCRab CD8ab Teff	1
CSARDDQETQYF	TRBV20-1	TRBJ2-5	CAVRNNRLAF	Donor AJD3280:PB TCRab CD8ab Teff	1
CASSGGPGDNEQFF	TRBV25-1	TRBJ2-1	CAVGANYYNTDKLIF	Donor AJD3280:PB TCRab CD8ab Teff	1
CASSSGQAYEQYF	TRBV27	TRBJ2-7	CAVRNNRLAF	Donor AJD3280:PB TCRab CD8ab Teff	1
CASSQADPGRGGYTF	TRBV4-2	TRBJ1-2	CAVGGGNFNKFYF	Donor AJD3280:PB TCRab CD8ab Teff	7
CASSLIVRDPAFF	TRBV7-2	TRBJ1-1	CAVGPGVNRDDKIIF	Donor AJD3280:PB TCRab CD8ab Teff	1
CASSFMSPEAFF	TRBV7-9	TRBJ1-1	CAVAIMDSNYQLIW	Donor AJD3280:PB TCRab CD8ab Teff	2
CASSLKVGLNTEAFF	TRBV7-9	TRBJ1-1	CAVGAGDDKIIF	Donor AJD3280:PB TCRab CD8ab Teff	1
CASSGTRTEGANVLTF	TRBV9	TRBJ2-6	CAVGANARLMF	Donor AJD3280:PB TCRab CD8ab Teff	1
CASSQDRRLAEAFF	TRBV4-1	TRBJ1-1	CAVCDPFAGGTSYGKLTF	Donor AJD3280:PB TCRab CD8ab Teff	1
CASSYPTSGGETQYF	TRBV6-2	TRBJ2-5	CAVQQGYALNF	Donor AJD3280:PB TCRab CD8ab Teff	1
CASSYPTGGNSPLHF	TRBV6-2	TRBJ1-6	CAVRNDYKLSF	Donor AJD3280:PB TCRab CD8ab Teff	18
CASSYSILATGELFF	TRBV6-6	TRBJ2-2	CAVRAANQFYF	Donor AJD3280:PB TCRab CD8ab Teff	1
CASSLKVGLNTEAFF	TRBV7-9	TRBJ1-1	CAVTPGNNRKLIW	Donor AJD3280:PB TCRab CD8ab Teff	2
CASSSDMSSYNEQFF	TRBV12-3	TRBJ2-1	CAVSDPGGTASKLTF	Donor AJD3280:PB TCRab CD8ab Teff	2
CASSLRGPEAFF	TRBV12-4	TRBJ1-1	CAVSGNTGRRALTF	Donor AJD3280:PB TCRab CD8ab Teff	1
CSAGTSGALQYF	TRBV20-1	TRBJ2-4	CAVSVRWGGSNYKLTF	Donor AJD3280:PB TCRab CD8ab Teff	1
CASSFDGSSYNEQFF	TRBV27	TRBJ2-1	CAVSGNTGRRALTF	Donor AJD3280:PB TCRab CD8ab Teff	1
CASRPKGLDILQETQYF	TRBV5-5	TRBJ2-5	CAVSGLTQGGSEKLVF	Donor AJD3280:PB TCRab CD8ab Teff	1
CASSYSTSGKETQYF	TRBV6-2	TRBJ2-5	CAVRRDYKLSF	Donor AJD3280:PB TCRab CD8ab Teff	1
CASSYPTSGYNEQFF	TRBV6-2	TRBJ2-1	CAVRSNYQLIW	Donor AJD3280:PB TCRab CD8ab Teff	4
CASSYPTAGQDGYTF	TRBV6-2	TRBJ1-2	CAVRSSYKLIF	Donor AJD3280:PB TCRab CD8ab Teff	1
CASSLEGQLDYGYTF	TRBV12-4	TRBJ1-2	CALGASGGSYIPTF	Donor AJD3280:PB TCRab CD8ab Teff	1
CASKDRGFTNQPQHF	TRBV2	TRBJ1-5	CALIPFSGGYNKLIF	Donor AJD3280:PB TCRab CD8ab Teff	5
CASSLPRSGYEQYF	TRBV5-5	TRBJ2-7	CALSAEGYNFNKFYF	Donor AJD3280:PB TCRab CD8ab Teff	1
CAISDLGSQGARETQYF	TRBV10-3	TRBJ2-5	CAVNNNARLMF	Donor AJG2309:IEL TCRab CD8ab TRM	1
CASSSGLAGGWPGELFF	TRBV12-4	TRBJ2-2	CAVGIEGGSARQLTF	Donor AJG2309:IEL TCRab CD8ab TRM	1
CASSQEIGGLTDTQYF	TRBV14	TRBJ2-3	CAVRAAGNNRKLIW	Donor AJG2309:IEL TCRab CD8ab TRM	1
CATSDFSSAYQETQYF	TRBV24-1	TRBJ2-5	CAVGSGNTPLVF	Donor AJG2309:IEL TCRab CD8ab TRM	2
CATSDFGQGRDTQYF	TRBV24-1	TRBJ2-3	CAVPYNTDKLIF	Donor AJG2309:IEL TCRab CD8ab TRM	1
CATSDSIEGYQETQYF	TRBV24-1	TRBJ2-5	CAVTGGNTPLVF	Donor AJG2309:IEL TCRab CD8ab TRM	1
CASSSKDGLAGGIGELFF	TRBV3-1	TRBJ2-2	CAGIYSTLTF	Donor AJG2309:IEL TCRab CD8ab TRM	1
CASSLSGTSGPEQYF	TRBV3-1	TRBJ2-7	CAPKAAGNKLTF	Donor AJG2309:IEL TCRab CD8ab TRM	1
CASSFSDSYEQYF	TRBV5-1	TRBJ2-7	CASLNQGGKLIF	Donor AJG2309:IEL TCRab CD8ab TRM	1
CASSQATGHYEQYF	TRBV5-1	TRBJ2-7	CAVGQTGANNLFF	Donor AJG2309:IEL TCRab CD8ab TRM	1
CASSLGLAGVSYEQYF	TRBV5-1	TRBJ2-7	CAVMDSSYKLIF	Donor AJG2309:IEL TCRab CD8ab TRM	1
CASSLDGREAFF	TRBV5-1	TRBJ1-1	CAVRDGQKLLF	Donor AJG2309:IEL TCRab CD8ab TRM	1
CASSLDGLSNQPQHF	TRBV5-5	TRBJ1-5	CAVNTGFQKLVF	Donor AJG2309:IEL TCRab CD8ab TRM	3
CASSPGGGAYNEQFF	TRBV6-2	TRBJ2-1	CAVKSDSSYKLIF	Donor AJG2309:IEL TCRab CD8ab TRM	1
CASSYGPSAGANVLTF	TRBV6-2	TRBJ2-6	CAVRDNYGQNFVF	Donor AJG2309:IEL TCRab CD8ab TRM	1
CASSYSDSPQAFF	TRBV6-6	TRBJ1-1	CAVSGNTPLVF	Donor AJG2309:IEL TCRab CD8ab TRM	1
CASSLVTADYGYTF	TRBV7-6	TRBJ1-2	CAVKDTGRRALTF	Donor AJG2309:IEL TCRab CD8ab TRM	1
CASSSGQGATSDTEAFF	TRBV7-8	TRBJ1-1	CAVYQSDSWGKFQF	Donor AJG2309:IEL TCRab CD8ab TRM	1
CASSPVKGEQFF	TRBV7-9	TRBJ2-1	CAVYNQGGKLIF	Donor AJG2309:IEL TCRab CD8ab TRM	1
CASSVGGSGEHNEQFF	TRBV9	TRBJ2-1	CAVRDNYGQNFVF	Donor AJG2309:IEL TCRab CD8ab TRM	1
CASSAQGIAGDRTDTQYF	TRBV9	TRBJ2-3	CAVRTSGTYKYIF	Donor AJG2309:IEL TCRab CD8ab TRM	1
CASRGSGANVLTF	TRBV9	TRBJ2-6	CAVRVDTDKLIF	Donor AJG2309:IEL TCRab CD8ab TRM	1
CAISVGTGETDTQYF	TRBV10-3	TRBJ2-3	CAALDSNYQLIW	Donor AJG2309:IEL TCRab CD8ab TRM	1
CAISEGSRYEQYF	TRBV10-3	TRBJ2-7	CAASGGSYIPTF	Donor AJG2309:IEL TCRab CD8ab TRM	1
CASSRDLTATEAFF	TRBV14	TRBJ1-1	CAGGYMNTGFQKLVF	Donor AJG2309:IEL TCRab CD8ab TRM	2
CSAIRGTSGSVGAYEQYF	TRBV20-1	TRBJ2-7	CAPWDYGQNFVF	Donor AJG2309:IEL TCRab CD8ab TRM	1
CASSYHRQANYGYTF	TRBV27	TRBJ1-2	CAVSPDNYGQNFVF	Donor AJG2309:IEL TCRab CD8ab TRM	1
CASRSTGILHQPQHF	TRBV28	TRBJ1-5	CAAVLGDSWGKFQF	Donor AJG2309:IEL TCRab CD8ab TRM	1
CASSRPGQGIYEQYF	TRBV28	TRBJ2-7	CAVPTDSWGKFQF	Donor AJG2309:IEL TCRab CD8ab TRM	1
CASSLGLRREGRTFFNNEQFF	TRBV28	TRBJ2-1	CAVRANQAGTALIF	Donor AJG2309:IEL TCRab CD8ab TRM	1
CASSFRGHEQYF	TRBV28	TRBJ2-7	CAVRDETGANNLFF	Donor AJG2309:IEL TCRab CD8ab TRM	1
CASSQEVGQGGNEQFF	TRBV4-1	TRBJ2-1	CAVKTTDSWGKFQF	Donor AJG2309:IEL TCRab CD8ab TRM	1
CASSQDKGHEQYF	TRBV4-3	TRBJ2-7	CAAINYGQNFVF	Donor AJG2309:IEL TCRab CD8ab TRM	1
CASSPNRGGLRSEAFF	TRBV5-1	TRBJ1-1	CAAQYSGAGSYQLTF	Donor AJG2309:IEL TCRab CD8ab TRM	1
CASSSFGEGVEETQYF	TRBV5-6	TRBJ2-5	CAVRDYWTGANNLFF	Donor AJG2309:IEL TCRab CD8ab TRM	5
CASRTSTGRGPTGELFF	TRBV6-2	TRBJ2-2	CAVRANQAGTALIF	Donor AJG2309:IEL TCRab CD8ab TRM	1
CASSYGPSAGANVLTF	TRBV6-2	TRBJ2-6	CAVRDNYGQNFVF	Donor AJG2309:IEL TCRab CD8ab TRM	2
CASSPQTVMGASNEQFF	TRBV7-2	TRBJ2-1	CAVRGSTSGTYKYIF	Donor AJG2309:IEL TCRab CD8ab TRM	1
CASSQMGMNTEAFF	TRBV7-6	TRBJ1-1	CAVNNQGGKLIF	Donor AJG2309:IEL TCRab CD8ab TRM	1
CASSLGQGQETQYF	TRBV9	TRBJ2-5	CAVREYDQGGKLIF	Donor AJG2309:IEL TCRab CD8ab TRM	1
CAIKTSPEDFSSPLHF	TRBV10-3	TRBJ1-6	CVVSASFGGSQGNLIF	Donor AJG2309:IEL TCRab CD8ab TRM	1
CASSQSHDRRLGDEQFF	TRBV14	TRBJ2-1	CVVSGYYKDSTLTF	Donor AJG2309:IEL TCRab CD8ab TRM	1
CASTKRDRTDTQYF	TRBV9	TRBJ2-3	CVVSWGPGGSYIPTF	Donor AJG2309:IEL TCRab CD8ab TRM	1
CAISSPASGSGFEQYF	TRBV10-3	TRBJ2-7	CVVLSGGSYIPTF	Donor AJG2309:IEL TCRab CD8ab TRM	1
CASSALWQGSYEQYF	TRBV12-4	TRBJ2-7	CVVTPGVSNFGNEKLTF	Donor AJG2309:IEL TCRab CD8ab TRM	1
CASSPALETAGYGYTF	TRBV14	TRBJ1-2	CVVRGGSYIPTF	Donor AJG2309:IEL TCRab CD8ab TRM	1
CATSTGEETQYF	TRBV15	TRBJ2-5	CVAQRVDDYKLSF	Donor AJG2309:IEL TCRab CD8ab TRM	1
CASSLDRVQTEAFF	TRBV18	TRBJ1-1	CVDGPSGGSYIPTF	Donor AJG2309:IEL TCRab CD8ab TRM	1
CASSPTGGGDEQFF	TRBV18	TRBJ2-1	CVVNWGRLMF	Donor AJG2309:IEL TCRab CD8ab TRM	1
CASTKGELINSPLHF	TRBV19	TRBJ1-6	CVVGTGGGNKLTF	Donor AJG2309:IEL TCRab CD8ab TRM	1
CASSLHDTPRYEQYF	TRBV19	TRBJ2-7	CVVNGNAGNMLTF	Donor AJG2309:IEL TCRab CD8ab TRM	1
CASSATASLNNSPLHF	TRBV2	TRBJ1-6	CVVNKGTGGFKTIF	Donor AJG2309:IEL TCRab CD8ab TRM	1
CASRYTRGSYGYTF	TRBV27	TRBJ1-2	CVSLDNYGQNFVF	Donor AJG2309:IEL TCRab CD8ab TRM	2
CASSRTSGDTDTQYF	TRBV27	TRBJ2-3	CVVNMGSGYALNF	Donor AJG2309:IEL TCRab CD8ab TRM	1
CASSSGQGVFGYTF	TRBV27	TRBJ1-2	CVVTLNTGGFKTIF	Donor AJG2309:IEL TCRab CD8ab TRM	1
CASSPRTGSSYNEQFF	TRBV28	TRBJ2-1	CVGGFGNVLHC	Donor AJG2309:IEL TCRab CD8ab TRM	1
CASSPSSGGLTYEQYF	TRBV28	TRBJ2-7	CVGLDSNTGNQFYF	Donor AJG2309:IEL TCRab CD8ab TRM	1
CASSFPGGGTEAFF	TRBV28	TRBJ1-1	CVVNTYDSIQGAQKLVF	Donor AJG2309:IEL TCRab CD8ab TRM	1
CASSHDPSGANVLTF	TRBV4-1	TRBJ2-6	CVVNGYGQNFVF	Donor AJG2309:IEL TCRab CD8ab TRM	1
CASSQEQGDFTGELFF	TRBV4-2	TRBJ2-2	CVVPRRGAGSYQLTF	Donor AJG2309:IEL TCRab CD8ab TRM	2
CASSQASAGQGYYEQYF	TRBV4-3	TRBJ2-7	CVVNDYNTDKLIF	Donor AJG2309:IEL TCRab CD8ab TRM	1
CASSTEHYGYTF	TRBV5-5	TRBJ1-2	CVPAHASGGSYIPTF	Donor AJG2309:IEL TCRab CD8ab TRM	1
CASSYWASGRNIQYF	TRBV6-2	TRBJ2-4	CVVNREAGANNLFF	Donor AJG2309:IEL TCRab CD8ab TRM	1
CASRPAGGVAYEQYF	TRBV6-5	TRBJ2-7	CVGSYNDMRF	Donor AJG2309:IEL TCRab CD8ab TRM	1
CASTELAGVLVTGELFF	TRBV6-5	TRBJ2-2	CVVNGGGSYIPTF	Donor AJG2309:IEL TCRab CD8ab TRM	1
CASSRSSGRAQEQFF	TRBV6-5	TRBJ2-1	CVVTETGANNLFF	Donor AJG2309:IEL TCRab CD8ab TRM	1
CASSLRTGASGNTIYF	TRBV7-2	TRBJ1-3	CVVNRGYQKVTF	Donor AJG2309:IEL TCRab CD8ab TRM	1
CASRRVRHNEQFF	TRBV9	TRBJ2-1	CVVLGEGAQKLVF	Donor AJG2309:IEL TCRab CD8ab TRM	1
CASSPQGQGGRNTEAFF	TRBV9	TRBJ1-1	CVVNTEMDSSYKLIF	Donor AJG2309:IEL TCRab CD8ab TRM	1
CASSPGTGSEQYF	TRBV9	TRBJ2-7	CVVPDSNYQLIW	Donor AJG2309:IEL TCRab CD8ab TRM	1
CAISEGGSEAFF	TRBV10-3	TRBJ1-1	CAVNWGYSTLTF	Donor AJG2309:IEL TCRab CD8ab TRM	1
CASTPGGPQYF	TRBV12-3	TRBJ2-5	CALNSGYALNF	Donor AJG2309:IEL TCRab CD8ab TRM	3
CASIRGSKFANTGELFF	TRBV12-4	TRBJ2-2	CAVIMSNYQLIW	Donor AJG2309:IEL TCRab CD8ab TRM	1
CASSLGNTEAFF	TRBV13	TRBJ1-1	CAVKDYGNNRLAF	Donor AJG2309:IEL TCRab CD8ab TRM	1
CASSLGLALYNEQFF	TRBV13	TRBJ2-1	CAVNAFGNNRLAF	Donor AJG2309:IEL TCRab CD8ab TRM	1
CASTPTGDNYEQYF	TRBV19	TRBJ2-7	CALGGAGSYQLTF	Donor AJG2309:IEL TCRab CD8ab TRM	1
CATRFGTEVYEQYF	TRBV19	TRBJ2-7	CAVGTNAGKSTF	Donor AJG2309:IEL TCRab CD8ab TRM	5
CASSVLAAAYNEQFF	TRBV19	TRBJ2-1	CAVKYNTGNQFYF	Donor AJG2309:IEL TCRab CD8ab TRM	5
CASSIGNLINTGELFF	TRBV19	TRBJ2-2	CAVLDSSYKLIF	Donor AJG2309:IEL TCRab CD8ab TRM	1
CASSQDGANYGYTF	TRBV19	TRBJ1-2	CAVNINAGGTSYGKLTF	Donor AJG2309:IEL TCRab CD8ab TRM	1
CASSIDPGMTEAFF	TRBV19	TRBJ1-1	CVGGDSNYQLIW	Donor AJG2309:IEL TCRab CD8ab TRM	1
CASSEGLNTEAFF	TRBV2	TRBJ1-1	CAVNGNNAGNMLTF	Donor AJG2309:IEL TCRab CD8ab TRM	1
CASMEGMNTEAFF	TRBV2	TRBJ1-1	CAVNISGGYNKLIF	Donor AJG2309:IEL TCRab CD8ab TRM	1
CSAVVSGASYEQYF	TRBV20-1	TRBJ2-7	CAGDTGTASKLTF	Donor AJG2309:IEL TCRab CD8ab TRM	2
CSASSQGGFYEQYF	TRBV20-1	TRBJ2-7	CAVNSESNDYKLSF	Donor AJG2309:IEL TCRab CD8ab TRM	1
CSARAITSNEQFF	TRBV20-1	TRBJ2-1	CAVRTGRRALTF	Donor AJG2309:IEL TCRab CD8ab TRM	1
CATSDLPGQGATGELFF	TRBV24-1	TRBJ2-2	CAVKPGYALNF	Donor AJG2309:IEL TCRab CD8ab TRM	2
CASSTGSGANVLTF	TRBV27	TRBJ2-6	CAPEDPSGNTPLVF	Donor AJG2309:IEL TCRab CD8ab TRM	1
CASRMGVYSNQPQHF	TRBV27	TRBJ1-5	CAVNIKSNFGNEKLTF	Donor AJG2309:IEL TCRab CD8ab TRM	1
CASSLPEGGQPQHF	TRBV28	TRBJ1-5	CAVKIYGNTPLVF	Donor AJG2309:IEL TCRab CD8ab TRM	1
CSGGGSDGYTF	TRBV29-1	TRBJ1-2	CAVKKAGTALIF	Donor AJG2309:IEL TCRab CD8ab TRM	1
CSVVDPWGHSNYGYTF	TRBV29-1	TRBJ1-2	CAVNGRSYIPTF	Donor AJG2309:IEL TCRab CD8ab TRM	1
CAWSVIAGWNYGYTF	TRBV30	TRBJ1-2	CAVNGGTYKYIF	Donor AJG2309:IEL TCRab CD8ab TRM	2
CASSRTSGSAGANVLTF	TRBV4-1	TRBJ2-6	CAGADNYGQNFVF	Donor AJG2309:IEL TCRab CD8ab TRM	1
CASSQGLYTGELFF	TRBV4-2	TRBJ2-2	CAVDGGSGGYQKVTF	Donor AJG2309:IEL TCRab CD8ab TRM	1
CASSQDDRSTEAFF	TRBV4-2	TRBJ1-1	CAVLSGSARQLTF	Donor AJG2309:IEL TCRab CD8ab TRM	1
CASSPTGGVDYEQYF	TRBV4-2	TRBJ2-7	CAVTFWNTDKLIF	Donor AJG2309:IEL TCRab CD8ab TRM	1
CASSQVLAGPADEQFF	TRBV5-1	TRBJ2-1	CAGLGGATNKLIF	Donor AJG2309:IEL TCRab CD8ab TRM	3
CASSPRGGEQFF	TRBV5-6	TRBJ2-1	CAVNDNFGNEKLTF	Donor AJG2309:IEL TCRab CD8ab TRM	1
CASRAGTAFDF	TRBV5-8	TRBJ2-3	CAFPGYSSASKIIF	Donor AJG2309:IEL TCRab CD8ab TRM	1
CASRSRARSSYNEQFF	TRBV6-5	TRBJ2-1	CAVITGFQKLVF	Donor AJG2309:IEL TCRab CD8ab TRM	1
CASSYGGVNTEAFF	TRBV6-5	TRBJ1-1	CAVNREGGSYIPTF	Donor AJG2309:IEL TCRab CD8ab TRM	3
CASSYRPRGQETQYF	TRBV7-2	TRBJ2-5	CAVKEGADSWGKLQF	Donor AJG2309:IEL TCRab CD8ab TRM	1
CASSPYRVEQETQYF	TRBV7-2	TRBJ2-5	CAVNIGGGADGLTF	Donor AJG2309:IEL TCRab CD8ab TRM	1
CASSLLAGGYEQYF	TRBV7-2	TRBJ2-7	CAVNLDTGNQFYF	Donor AJG2309:IEL TCRab CD8ab TRM	1
CASSLGENEQFF	TRBV7-9	TRBJ2-1	CAVDGGSGGYQKVTF	Donor AJG2309:IEL TCRab CD8ab TRM	2
CASSVASGGDTQYF	TRBV9	TRBJ2-3	CAAWNRDDKIIF	Donor AJG2309:IEL TCRab CD8ab TRM	1
CASSVLAGSENEQFF	TRBV9	TRBJ2-1	CAVKSNYGQNFVF	Donor AJG2309:IEL TCRab CD8ab TRM	1
CASSVDGSSEQYF	TRBV9	TRBJ2-7	CAVKTNTDKLIF	Donor AJG2309:IEL TCRab CD8ab TRM	1
CASSVATGSRRETQYF	TRBV9	TRBJ2-5	CAVNTRGTGANNLFF	Donor AJG2309:IEL TCRab CD8ab TRM	1
CASGDGQGNYEQYF	TRBV9	TRBJ2-7	CAVWGANAGKSTF	Donor AJG2309:IEL TCRab CD8ab TRM	1
CASSPPGSYEQYF	TRBV11-2	TRBJ2-7	CAMRDYGQNFVF	Donor AJG2309:IEL TCRab CD8ab TRM	2
CASSLGQEGRETQYF	TRBV11-2	TRBJ2-5	CAMSATFDYKLSF	Donor AJG2309:IEL TCRab CD8ab TRM	1
CASAFSGYEQYF	TRBV14	TRBJ2-7	CATGGSYIPTF	Donor AJG2309:IEL TCRab CD8ab TRM	2
CASSIADGYYNEQFF	TRBV19	TRBJ2-1	CAMRGGGTSYGKLTF	Donor AJG2309:IEL TCRab CD8ab TRM	1
CATTGAPYEQYF	TRBV2	TRBJ2-7	CAMSEGGGNKLTF	Donor AJG2309:IEL TCRab CD8ab TRM	4
CASSERNYGYTF	TRBV2	TRBJ1-2	CAMSSQGGSEKLVF	Donor AJG2309:IEL TCRab CD8ab TRM	1
CASKWSGNTEAFF	TRBV2	TRBJ1-1	CAMSVANQAGTALIF	Donor AJG2309:IEL TCRab CD8ab TRM	5
CSASALGTETQYF	TRBV20-1	TRBJ2-5	CAMSASAGNKLTF	Donor AJG2309:IEL TCRab CD8ab TRM	1
CSASSFLAASSYNEQFF	TRBV20-1	TRBJ2-1	CAMSESGGGADGLTF	Donor AJG2309:IEL TCRab CD8ab TRM	1
CATSDPAKTGKVEAFF	TRBV24-1	TRBJ1-1	CAMSAKDTGFQKLVF	Donor AJG2309:IEL TCRab CD8ab TRM	1
CASNSGGPYNEQFF	TRBV27	TRBJ2-1	CAIVNNARLMF	Donor AJG2309:IEL TCRab CD8ab TRM	1
CASSSPGTGSYEQYF	TRBV27	TRBJ2-7	CAMIMNTGFQKLVF	Donor AJG2309:IEL TCRab CD8ab TRM	1
CASTTQYQTGELFF	TRBV27	TRBJ2-2	CAMRNTGFQKLVF	Donor AJG2309:IEL TCRab CD8ab TRM	1
CASSRDRGRRNIQYF	TRBV27	TRBJ2-4	CAMSAGDGANNLFF	Donor AJG2309:IEL TCRab CD8ab TRM	3
CASSLSRNTGELFF	TRBV27	TRBJ2-2	CAMSDSGGGADGLTF	Donor AJG2309:IEL TCRab CD8ab TRM	1
CASSLSPEAGLNQPQHF	TRBV27	TRBJ1-5	CAMSESNFGNEKLTF	Donor AJG2309:IEL TCRab CD8ab TRM	1
CASSFDRTNYGYTF	TRBV27	TRBJ1-2	CAMSLNDMRF	Donor AJG2309:IEL TCRab CD8ab TRM	1
CASSLYPKQDSNQPQHF	TRBV28	TRBJ1-5	CAMSAKRALTF	Donor AJG2309:IEL TCRab CD8ab TRM	1
CASSLTQGAFEKLFF	TRBV28	TRBJ1-4	CAMSASGNMLTF	Donor AJG2309:IEL TCRab CD8ab TRM	1
CASSLVLAGHLLSYEQYF	TRBV28	TRBJ2-7	CAMSDNFNKFYF	Donor AJG2309:IEL TCRab CD8ab TRM	1
CASNTRDSLSGYTF	TRBV28	TRBJ1-2	CAMSPFGGYQKVTF	Donor AJG2309:IEL TCRab CD8ab TRM	1
CASSSTKMDTQYF	TRBV28	TRBJ2-3	CAMTPDQTGANNLFF	Donor AJG2309:IEL TCRab CD8ab TRM	1
CSVDPQGASYGYTF	TRBV29-1	TRBJ1-2	CAMSEGNQAGTALIF	Donor AJG2309:IEL TCRab CD8ab TRM	6
CASSLLDSNTEAFF	TRBV3-1	TRBJ1-1	CAMSGGSSASKIIF	Donor AJG2309:IEL TCRab CD8ab TRM	1
CASSQAPGLAVYNEQFF	TRBV4-3	TRBJ2-1	CAMSTGNQFYF	Donor AJG2309:IEL TCRab CD8ab TRM	1
CASRLAGQGGDEQFF	TRBV5-1	TRBJ2-1	CAMIYNNNDMRF	Donor AJG2309:IEL TCRab CD8ab TRM	1
CASSEGIGANTGELFF	TRBV6-1	TRBJ2-2	CAPLNTGFQKLVF	Donor AJG2309:IEL TCRab CD8ab TRM	1
CASSWTDTYEQYF	TRBV6-2	TRBJ2-7	CAMQGGTSYGKLTF	Donor AJG2309:IEL TCRab CD8ab TRM	1
CASSSLGENEQYF	TRBV6-5	TRBJ2-7	CAMGAHSGGGADGLTF	Donor AJG2309:IEL TCRab CD8ab TRM	1
CASSLDSEAFF	TRBV7-9	TRBJ1-1	CACTGGYQKVTF	Donor AJG2309:IEL TCRab CD8ab TRM	1
CASSILGELFF	TRBV7-9	TRBJ2-2	CAMSVANQAGTALIF	Donor AJG2309:IEL TCRab CD8ab TRM	1
CASSVVPGRKDTQYF	TRBV9	TRBJ2-3	CAMSALEGYQKVTF	Donor AJG2309:IEL TCRab CD8ab TRM	1
CASSINPGSSYNEQFF	TRBV9	TRBJ2-1	CAQGNTDKLIF	Donor AJG2309:IEL TCRab CD8ab TRM	2
CAISDGGTYEQYF	TRBV10-3	TRBJ2-7	CAASFSEGQNFVF	Donor AJG2309:IEL TCRab CD8ab TRM	1
CAISEPLADRGGTDTQYF	TRBV10-3	TRBJ2-3	CAASIRAAGNKLTF	Donor AJG2309:IEL TCRab CD8ab TRM	1
CAISGTDMEQFF	TRBV10-3	TRBJ2-1	CAATPQIGGYNKLIF	Donor AJG2309:IEL TCRab CD8ab TRM	1
CASSQSPRKGFDEQFF	TRBV14	TRBJ2-1	CAAGNMNRDDKIIF	Donor AJG2309:IEL TCRab CD8ab TRM	1
CASSQDRWDRGLEQYF	TRBV14	TRBJ2-7	CAANVGDNARLMF	Donor AJG2309:IEL TCRab CD8ab TRM	2
CASSQDAPGWGQETQYF	TRBV14	TRBJ2-5	CAATVYSGGGADGLTF	Donor AJG2309:IEL TCRab CD8ab TRM	8
CASSIVRELTNIQYF	TRBV19	TRBJ2-4	CAASGGGFKTIF	Donor AJG2309:IEL TCRab CD8ab TRM	1
CASSIILAGGPHNEQFF	TRBV19	TRBJ2-1	CAATNNNDMRF	Donor AJG2309:IEL TCRab CD8ab TRM	2
CASSVFRDSYEQYF	TRBV2	TRBJ2-7	CAAGSYGQKLLF	Donor AJG2309:IEL TCRab CD8ab TRM	1
CASSTGAVNTEAFF	TRBV2	TRBJ1-1	CAASGNQFYF	Donor AJG2309:IEL TCRab CD8ab TRM	1
CSARDRSGGGRGFF	TRBV20-1	TRBJ2-1	CAAFYGQNFVF	Donor AJG2309:IEL TCRab CD8ab TRM	1
CSARALQEPLLNGYTF	TRBV20-1	TRBJ1-2	CAALTRSYSSASKIIF	Donor AJG2309:IEL TCRab CD8ab TRM	1
CASSFAASGTDTQYF	TRBV27	TRBJ2-3	CAASFSEGQNFVF	Donor AJG2309:IEL TCRab CD8ab TRM	5
CASSLANQGTTEAFF	TRBV27	TRBJ1-1	CAASPEGTGGFKTIF	Donor AJG2309:IEL TCRab CD8ab TRM	1
CASSLYPSQGAYGQPQHF	TRBV28	TRBJ1-5	CAAPPEYGNKLVF	Donor AJG2309:IEL TCRab CD8ab TRM	3
CASSFVGGSYEQYF	TRBV28	TRBJ2-7	CAASGGGADGLTF	Donor AJG2309:IEL TCRab CD8ab TRM	1
CASTIRTSGRNTDTQYF	TRBV28	TRBJ2-3	CAASIRAAGNKLTF	Donor AJG2309:IEL TCRab CD8ab TRM	1
CASSPGTSGRYQETQYF	TRBV28	TRBJ2-5	CAASIYAAGNKLTF	Donor AJG2309:IEL TCRab CD8ab TRM	1
CASSLYRGLNDEQYF	TRBV28	TRBJ2-7	CAASMDGGSQGNLIF	Donor AJG2309:IEL TCRab CD8ab TRM	1
CAWGGARGFAEAFF	TRBV30	TRBJ1-1	CAATDSWGKLQF	Donor AJG2309:IEL TCRab CD8ab TRM	1
CASSSLAGGDYEQYF	TRBV5-4	TRBJ2-7	CAANTETSYDKVIF	Donor AJG2309:IEL TCRab CD8ab TRM	1
CASTLGQSYEQYF	TRBV6-1	TRBJ2-7	CAARYSGGGADGLTF	Donor AJG2309:IEL TCRab CD8ab TRM	1
CASSPGIFLYEQYF	TRBV6-2	TRBJ2-7	CAAPYSSASKIIF	Donor AJG2309:IEL TCRab CD8ab TRM	1
CASSWDDSASGNTIYF	TRBV6-5	TRBJ1-3	CAASIEAYSSASKIIF	Donor AJG2309:IEL TCRab CD8ab TRM	2
CASSSAGTGYQPQHF	TRBV6-6	TRBJ1-5	CAARIITGANNLFF	Donor AJG2309:IEL TCRab CD8ab TRM	1
CASSSGLGYYEQYF	TRBV7-2	TRBJ2-7	CAASNQAGTALIF	Donor AJG2309:IEL TCRab CD8ab TRM	1
CASSPGNTYEQYF	TRBV7-3	TRBJ2-7	CAASRDSNYQLIW	Donor AJG2309:IEL TCRab CD8ab TRM	1
CASSLGPNYEQYF	TRBV7-6	TRBJ2-7	CAASSNQGGKLIF	Donor AJG2309:IEL TCRab CD8ab TRM	1
CASSSEGLNIYEQYF	TRBV7-8	TRBJ2-7	CAASIKYSGGGADGLTF	Donor AJG2309:IEL TCRab CD8ab TRM	2
CASSTNPLGVYNEQFF	TRBV9	TRBJ2-1	CAAGGSGGYNKLIF	Donor AJG2309:IEL TCRab CD8ab TRM	1
CASSSWDGMNTEAFF	TRBV9	TRBJ1-1	CAARMNYGGSQGNLIF	Donor AJG2309:IEL TCRab CD8ab TRM	1
CASSTYGGEETQYF	TRBV9	TRBJ2-5	CAASIDTSYDKVIF	Donor AJG2309:IEL TCRab CD8ab TRM	1
CASSPDGRTTDTQYF	TRBV12-4	TRBJ2-3	CAELRFMDTGRRALTF	Donor AJG2309:IEL TCRab CD8ab TRM	4
CASSQVQYNEQFF	TRBV14	TRBJ2-1	CAENTRYSGAGSYQLTF	Donor AJG2309:IEL TCRab CD8ab TRM	1
CASSLPITGGPSDTQYF	TRBV28	TRBJ2-3	CAEISGGYQKVTF	Donor AJG2309:IEL TCRab CD8ab TRM	1
CASSFDRGAEAFF	TRBV4-1	TRBJ1-1	CAENKNYGGSQGNLIF	Donor AJG2309:IEL TCRab CD8ab TRM	3
CASSPGTEAFF	TRBV4-2	TRBJ1-1	CAEKASYDKVIF	Donor AJG2309:IEL TCRab CD8ab TRM	1
CASSLYPREDTEAFF	TRBV5-1	TRBJ1-1	CAENSGGGADGLTF	Donor AJG2309:IEL TCRab CD8ab TRM	1
CASSTEGRGTDTQYF	TRBV5-4	TRBJ2-3	CAETPFQKLVF	Donor AJG2309:IEL TCRab CD8ab TRM	1
CASSQTGLASYEQYF	TRBV5-6	TRBJ2-7	CAENRAVYNFNKFYF	Donor AJG2309:IEL TCRab CD8ab TRM	1
CASSIEERTLQETQYF	TRBV6-2	TRBJ2-5	CAEKGQEYGNKLVF	Donor AJG2309:IEL TCRab CD8ab TRM	1
CASSYSTPGGETQYF	TRBV6-6	TRBJ2-5	CAEGHTDKLIF	Donor AJG2309:IEL TCRab CD8ab TRM	1
CASSSSGSRETQYF	TRBV9	TRBJ2-5	CAENLEYGNKLVF	Donor AJG2309:IEL TCRab CD8ab TRM	1
CASSAEDRVSTEAFF	TRBV9	TRBJ1-1	CAVLPQAGTALIF	Donor AJG2309:IEL TCRab CD8ab TRM	1
CASSYRDPELFF	TRBV11-2	TRBJ2-2	CAMRDWGSYIPTF	Donor AJG2309:IEL TCRab CD8ab TRM	1
CASSLGRGAYEQYF	TRBV11-2	TRBJ2-7	CAMREPLFSGGYNKLIF	Donor AJG2309:IEL TCRab CD8ab TRM	1
CASSQVLGLYQETQYF	TRBV14	TRBJ2-5	CAMRDNTGTASKLTF	Donor AJG2309:IEL TCRab CD8ab TRM	1
CASSQAMEITGNTIYF	TRBV14	TRBJ1-3	CAMRERYNFNKFYF	Donor AJG2309:IEL TCRab CD8ab TRM	1
CASSEGTGVEKLFF	TRBV2	TRBJ1-4	CAMREGTGGGADGLTF	Donor AJG2309:IEL TCRab CD8ab TRM	2
CASSDSGGTDTQYF	TRBV2	TRBJ2-3	CAMRESNAGNMLTF	Donor AJG2309:IEL TCRab CD8ab TRM	1
CSASGSGRATTYNEQFF	TRBV20-1	TRBJ2-1	CAINTGGFKTIF	Donor AJG2309:IEL TCRab CD8ab TRM	28
CSAREEGWRTEAFF	TRBV20-1	TRBJ1-1	CAMILRDNYGQNFVF	Donor AJG2309:IEL TCRab CD8ab TRM	1
CATSDSTGIDTDTQYF	TRBV24-1	TRBJ2-3	CAMREDQAGTALIF	Donor AJG2309:IEL TCRab CD8ab TRM	1
CASSLGQGFREQYF	TRBV27	TRBJ2-7	CAMREGPVIYNQGGKLIF	Donor AJG2309:IEL TCRab CD8ab TRM	1
CASSLSTGGNQPQHF	TRBV27	TRBJ1-5	CAMSHTSGTYKYIF	Donor AJG2309:IEL TCRab CD8ab TRM	2
CASSLSPGMNTEAFF	TRBV27	TRBJ1-1	CAMSVMDTGRRALTF	Donor AJG2309:IEL TCRab CD8ab TRM	1
CASSLLSGGNTEAFF	TRBV27	TRBJ1-1	CAMTGTSGTYKYIF	Donor AJG2309:IEL TCRab CD8ab TRM	1
CASSWTGTAYEQYF	TRBV28	TRBJ2-7	CAMREGIKAAGNKLTF	Donor AJG2309:IEL TCRab CD8ab TRM	1
CSVPRQGDYTGELFF	TRBV29-1	TRBJ2-2	CAMREAGGGNKLTF	Donor AJG2309:IEL TCRab CD8ab TRM	1
CAGTGDHNEQFF	TRBV30	TRBJ2-1	CAMREGGDRDDKIIF	Donor AJG2309:IEL TCRab CD8ab TRM	1
CAWSLGVSTEAFF	TRBV30	TRBJ1-1	CAMRSYQAGTALIF	Donor AJG2309:IEL TCRab CD8ab TRM	6
CASSQALGSGASTDTQYF	TRBV4-1	TRBJ2-3	CAMRLTGGFKTIF	Donor AJG2309:IEL TCRab CD8ab TRM	3
CASSTGLAGGRRGEQFF	TRBV4-3	TRBJ2-1	CAMRAIYGGATNKLIF	Donor AJG2309:IEL TCRab CD8ab TRM	3
CASSQIFGTGTNQPQHF	TRBV4-3	TRBJ1-5	CAMREARNNNNDMRF	Donor AJG2309:IEL TCRab CD8ab TRM	6
CASSHLFVETGGSPLHF	TRBV4-3	TRBJ1-6	CAMRERDRGSTLGRLYF	Donor AJG2309:IEL TCRab CD8ab TRM	1
CASSLEATAPVYEQYF	TRBV5-1	TRBJ2-7	CAMRELTGGGNKLTF	Donor AJG2309:IEL TCRab CD8ab TRM	2
CASSFGTYNEQFF	TRBV6-5	TRBJ2-1	CAMREVPGTASKLTF	Donor AJG2309:IEL TCRab CD8ab TRM	13
CASSYLGVFDGYTF	TRBV6-6	TRBJ1-2	CAMRDTGNQFYF	Donor AJG2309:IEL TCRab CD8ab TRM	1
CASSVSGQLYQETQYF	TRBV7-2	TRBJ2-5	CAIIPRQDGQNFVF	Donor AJG2309:IEL TCRab CD8ab TRM	1
CASSVSGQLYQETQYF	TRBV7-2	TRBJ2-5	CAMRDPYGQNFVF	Donor AJG2309:IEL TCRab CD8ab TRM	2
CASSLNPGTKNIQYF	TRBV7-6	TRBJ2-4	CAMREDPMIGFGNVLHC	Donor AJG2309:IEL TCRab CD8ab TRM	1
CASSLMGLAGGPKDEQFF	TRBV7-6	TRBJ2-1	CAMREGRGGFGNVLHC	Donor AJG2309:IEL TCRab CD8ab TRM	1
CASSSNRQMNTEAFF	TRBV7-9	TRBJ1-1	CAMRDNTDKLIF	Donor AJG2309:IEL TCRab CD8ab TRM	1
CASSAGQVVTDTQYF	TRBV7-9	TRBJ2-3	CAMREVPGTASKLTF	Donor AJG2309:IEL TCRab CD8ab TRM	1
CASSLGTDYTEAFF	TRBV7-9	TRBJ1-1	CAMRGSNYGQNFVF	Donor AJG2309:IEL TCRab CD8ab TRM	1
CASSVGAGGPYEQYF	TRBV9	TRBJ2-7	CAMRTRADGLTF	Donor AJG2309:IEL TCRab CD8ab TRM	1
CASSPNGDRGLEQYF	TRBV11-2	TRBJ2-7	CALIWYGKLTF	Donor AJG2309:IEL TCRab CD8ab TRM	14
CATSDFRTEVPNEQFF	TRBV24-1	TRBJ2-1	CALSGFGSARQLTF	Donor AJG2309:IEL TCRab CD8ab TRM	1
CASSPGTHEQFF	TRBV27	TRBJ2-1	CALKSPRVNRKLTF	Donor AJG2309:IEL TCRab CD8ab TRM	1
CASSLVGEEVTFF	TRBV27	TRBJ1-1	CALSELIQGAQKLVF	Donor AJG2309:IEL TCRab CD8ab TRM	1
CASNDSYEQYF	TRBV28	TRBJ2-7	CALRDSGYSTLTF	Donor AJG2309:IEL TCRab CD8ab TRM	1
CAADRGSDEQYF	TRBV28	TRBJ2-7	CALRNSGYSTLTF	Donor AJG2309:IEL TCRab CD8ab TRM	2
CASSSPAANYGYTF	TRBV28	TRBJ1-2	CALYLIQGAQKLVF	Donor AJG2309:IEL TCRab CD8ab TRM	1
CASSPRIGSGWDEQFF	TRBV5-1	TRBJ2-1	CALSLPGGSQGNLIF	Donor AJG2309:IEL TCRab CD8ab TRM	3
CASRPTASYGYTF	TRBV7-2	TRBJ1-2	CARYTNAGKSTF	Donor AJG2309:IEL TCRab CD8ab TRM	1
CASSLAPITEAFF	TRBV7-8	TRBJ1-1	CASRADYKLSF	Donor AJG2309:IEL TCRab CD8ab TRM	1
CASSVFGQGNTGELFF	TRBV9	TRBJ2-2	CALRPLRAAGNKLTF	Donor AJG2309:IEL TCRab CD8ab TRM	2
CASSEYGQAFYGYTF	TRBV10-2	TRBJ1-2	CATDGGSARQLTF	Donor AJG2309:IEL TCRab CD8ab TRM	1
CASSGAYEQYF	TRBV10-2	TRBJ2-7	CATVLKNTDKLIF	Donor AJG2309:IEL TCRab CD8ab TRM	2
CATRQGDYGYTF	TRBV10-3	TRBJ1-2	CATDEGGGKLIF	Donor AJG2309:IEL TCRab CD8ab TRM	1
CATSGTGAGETQYF	TRBV15	TRBJ2-5	CATDGGGNKLVF	Donor AJG2309:IEL TCRab CD8ab TRM	1
CATTNRGKDGELFF	TRBV15	TRBJ2-2	CATVTFNDMRF	Donor AJG2309:IEL TCRab CD8ab TRM	1
CASREGNSPLHF	TRBV19	TRBJ1-6	CATDEFRARLMF	Donor AJG2309:IEL TCRab CD8ab TRM	1
CASSIVAGGGDNEQFF	TRBV19	TRBJ2-1	CATDGGNAGNMLTF	Donor AJG2309:IEL TCRab CD8ab TRM	1
CSARDVSTGELFF	TRBV20-1	TRBJ2-2	CATDAYSGYALNF	Donor AJG2309:IEL TCRab CD8ab TRM	1
CSASSRQGFNNEQFF	TRBV20-1	TRBJ2-1	CATDSDSWGKLQF	Donor AJG2309:IEL TCRab CD8ab TRM	1
CASSPGATEAFF	TRBV25-1	TRBJ1-1	CATDDYKLSF	Donor AJG2309:IEL TCRab CD8ab TRM	1
CASSWDIAGAPYNEQFF	TRBV27	TRBJ2-1	CATDAGTGANNLFF	Donor AJG2309:IEL TCRab CD8ab TRM	1
CASSFEPSSYNEQFF	TRBV27	TRBJ2-1	CATDGDTGFQKLVF	Donor AJG2309:IEL TCRab CD8ab TRM	2
CASRTWDTNQPQHF	TRBV27	TRBJ1-5	CATDPVNDYKLSF	Donor AJG2309:IEL TCRab CD8ab TRM	1
CASRDYTEAFF	TRBV28	TRBJ1-1	CAPRDRGSTLGRLYF	Donor AJG2309:IEL TCRab CD8ab TRM	1
CASSFPAPDTEAFF	TRBV28	TRBJ1-1	CATDEFRARLMF	Donor AJG2309:IEL TCRab CD8ab TRM	1
CASSALVTGIYGYTF	TRBV28	TRBJ1-2	CATVWGSGGSYIPTF	Donor AJG2309:IEL TCRab CD8ab TRM	1
CASSQDSGLPANEQFF	TRBV3-1	TRBJ2-1	CATDGSSYKLIF	Donor AJG2309:IEL TCRab CD8ab TRM	1
CASSHAFESFPYTF	TRBV4-3	TRBJ1-2	CATDVGSNNDMRF	Donor AJG2309:IEL TCRab CD8ab TRM	1
CASSLPPLWEQYF	TRBV5-4	TRBJ2-7	CATDGETSGSRLTF	Donor AJG2309:IEL TCRab CD8ab TRM	1
CASSLVPGDDEQYF	TRBV5-4	TRBJ2-7	CATEGTSGTYKYIF	Donor AJG2309:IEL TCRab CD8ab TRM	1
CASSSSGSSYNEQFF	TRBV5-5	TRBJ2-1	CATDGYYNQGGKLIF	Donor AJG2309:IEL TCRab CD8ab TRM	1
CASSPVTSGNYNEQFF	TRBV5-6	TRBJ2-1	CATDGRVIQGAQKLVF	Donor AJG2309:IEL TCRab CD8ab TRM	1
CASRHRGGREQYF	TRBV6-1	TRBJ2-7	CATDGMQNQGGKLIF	Donor AJG2309:IEL TCRab CD8ab TRM	1
CASRGGGNEQFF	TRBV6-2	TRBJ2-1	CATDAFGGKLIF	Donor AJG2309:IEL TCRab CD8ab TRM	1
CASSSDRGAPFF	TRBV6-2	TRBJ1-1	CATDGDTGRRALTF	Donor AJG2309:IEL TCRab CD8ab TRM	1
CASSRVKNTEAFF	TRBV6-2	TRBJ1-1	CATEDGNKLVF	Donor AJG2309:IEL TCRab CD8ab TRM	1
CASTRDTGNTEAFF	TRBV6-2	TRBJ1-1	CATTFNKLSF	Donor AJG2309:IEL TCRab CD8ab TRM	1
CASSYAPTGELFF	TRBV6-5	TRBJ2-2	CATDDWTALIF	Donor AJG2309:IEL TCRab CD8ab TRM	1
CASSQDSPEAFF	TRBV7-2	TRBJ1-1	CATDARWGKLIF	Donor AJG2309:IEL TCRab CD8ab TRM	2
CASSLGGAGVYEQFF	TRBV7-3	TRBJ2-1	CATDFYGNNRLAF	Donor AJG2309:IEL TCRab CD8ab TRM	1
CASSPGDFNYEQYF	TRBV7-6	TRBJ2-7	CATDRDSGAGSYQLTF	Donor AJG2309:IEL TCRab CD8ab TRM	2
CASSLAGGWGQNEQYF	TRBV7-6	TRBJ2-7	CATDSGSRLTF	Donor AJG2309:IEL TCRab CD8ab TRM	1
CASSVMDEQFF	TRBV7-8	TRBJ2-1	CATDALYTQFYF	Donor AJG2309:IEL TCRab CD8ab TRM	1
CASSVVGVGGNTIYF	TRBV9	TRBJ1-3	CATDARNNAGNMLTF	Donor AJG2309:IEL TCRab CD8ab TRM	2
CASSSRQEPGYTF	TRBV11-1	TRBJ1-2	CALSESSNDYKLSF	Donor AJG2309:IEL TCRab CD8ab TRM	1
CASSSSGENIQYF	TRBV11-2	TRBJ2-4	CALSEFGNEKLTF	Donor AJG2309:IEL TCRab CD8ab TRM	1
CASSFGGYTIYF	TRBV12-4	TRBJ1-3	CALSEASQAGTALIF	Donor AJG2309:IEL TCRab CD8ab TRM	1
CASSLRLAGGLSSYNEQFF	TRBV12-4	TRBJ2-1	CALSGTTSGTYKYIF	Donor AJG2309:IEL TCRab CD8ab TRM	9
CASVRGGWTEAFF	TRBV12-5	TRBJ1-1	CALRKDSSYKLIF	Donor AJG2309:IEL TCRab CD8ab TRM	1
CASSLDGNQPQHF	TRBV13	TRBJ1-5	CALSEASGNTPLVF	Donor AJG2309:IEL TCRab CD8ab TRM	1
CASSSRGLSRYNEQFF	TRBV13	TRBJ2-1	CALSEGNTGNQFYF	Donor AJG2309:IEL TCRab CD8ab TRM	1
CASSQDPADTQYF	TRBV14	TRBJ2-3	CALSEHPGSGAGSYQLTF	Donor AJG2309:IEL TCRab CD8ab TRM	2
CASSLTEVEQYF	TRBV18	TRBJ2-7	CAFSSGTYKYIF	Donor AJG2309:IEL TCRab CD8ab TRM	2
CASGDRGLNQPQHF	TRBV19	TRBJ1-5	CALAALGNTPLVF	Donor AJG2309:IEL TCRab CD8ab TRM	3
CASIETGNTEAFF	TRBV19	TRBJ1-1	CALDKYNFNKFYF	Donor AJG2309:IEL TCRab CD8ab TRM	1
CASSVLAGGFNEQFF	TRBV19	TRBJ2-1	CALRGEGAGGTSYGKLTF	Donor AJG2309:IEL TCRab CD8ab TRM	1
CATNSKGTYRDYGYTF	TRBV19	TRBJ1-2	CALSERGSRDDKIIF	Donor AJG2309:IEL TCRab CD8ab TRM	1
CASSIGAGELFF	TRBV19	TRBJ2-2	CALSEWEAGTALIF	Donor AJG2309:IEL TCRab CD8ab TRM	2
CASSIVTSGSRIYEQFF	TRBV19	TRBJ2-1	CALSGGYSTLTF	Donor AJG2309:IEL TCRab CD8ab TRM	1
CASSISWMGTGTEAFF	TRBV19	TRBJ1-1	CALSPEYGNKLVF	Donor AJG2309:IEL TCRab CD8ab TRM	2
CASSINNEQFF	TRBV19	TRBJ2-1	CALTHPRAQKLVF	Donor AJG2309:IEL TCRab CD8ab TRM	1
CASSVFAGDYTDTQYF	TRBV2	TRBJ2-3	CALSEAKNAGNMLTF	Donor AJG2309:IEL TCRab CD8ab TRM	1
CSARGADTGELFF	TRBV20-1	TRBJ2-2	CALSEAPHNNARLMF	Donor AJG2309:IEL TCRab CD8ab TRM	1
CSAPGRGGYTF	TRBV20-1	TRBJ1-2	CALSEEIGFGNVLHC	Donor AJG2309:IEL TCRab CD8ab TRM	1
CSASLDRENTDTQYF	TRBV20-1	TRBJ2-3	CALSELVFSGGYNKLIF	Donor AJG2309:IEL TCRab CD8ab TRM	2
CSARAVDLNTEAFF	TRBV20-1	TRBJ1-1	CALSGDTGGFKTIF	Donor AJG2309:IEL TCRab CD8ab TRM	2
CRASGRAYNEQFF	TRBV20-1	TRBJ2-1	CALSGEGTSYDKVIF	Donor AJG2309:IEL TCRab CD8ab TRM	1
CSAPDLFYSYNEQFF	TRBV20-1	TRBJ2-1	CALSGGGNAGNMLTF	Donor AJG2309:IEL TCRab CD8ab TRM	1
CSAVLAGENTDTQYF	TRBV20-1	TRBJ2-3	CALSLIHASGGSYIPTF	Donor AJG2309:IEL TCRab CD8ab TRM	1
CSARITSGASYNEQFF	TRBV20-1	TRBJ2-1	CALSLMTTDSWGKFQF	Donor AJG2309:IEL TCRab CD8ab TRM	1
CSAREASSGMRGYNEQFF	TRBV20-1	TRBJ2-1	CALSVFNTGGFKTIF	Donor AJG2309:IEL TCRab CD8ab TRM	1
CASSLGGHEQFF	TRBV27	TRBJ2-1	CALSAIGFGNVLHC	Donor AJG2309:IEL TCRab CD8ab TRM	1
CASSPSTAGIFVF	TRBV27	TRBJ2-7	CALSEVREDGTSYGKLTF	Donor AJG2309:IEL TCRab CD8ab TRM	1
CASSLRLAGARSYEQYF	TRBV27	TRBJ2-7	CALSSETYKYIF	Donor AJG2309:IEL TCRab CD8ab TRM	1
CASSLNIWTEAFF	TRBV27	TRBJ1-1	CVNRDMRF	Donor AJG2309:IEL TCRab CD8ab TRM	1
CASRALAGYEQYF	TRBV28	TRBJ2-7	CAGEGYQLTF	Donor AJG2309:IEL TCRab CD8ab TRM	1
CASSSQLAGRKYNEQFF	TRBV28	TRBJ2-1	CALSDNTNAGKSTF	Donor AJG2309:IEL TCRab CD8ab TRM	1
CASSPPPGQEYEQYF	TRBV28	TRBJ2-7	CALSDYSGGYQKVTF	Donor AJG2309:IEL TCRab CD8ab TRM	1
CASSPGTGGRVRNEQFF	TRBV28	TRBJ2-1	CALSEAAGNKLTF	Donor AJG2309:IEL TCRab CD8ab TRM	2
CASSLGLAGVVDTGELFF	TRBV28	TRBJ2-2	CALSEAKYNQGGKLIF	Donor AJG2309:IEL TCRab CD8ab TRM	5
CASSPGLAVDTQYF	TRBV28	TRBJ2-3	CALSEALKAAGNKLTF	Donor AJG2309:IEL TCRab CD8ab TRM	1
CASSLLGPYNEQFF	TRBV28	TRBJ2-1	CALSEREYGNKLVF	Donor AJG2309:IEL TCRab CD8ab TRM	1
CASSPVRGSYYNEQFF	TRBV28	TRBJ2-1	CALSGHTGTASKLTF	Donor AJG2309:IEL TCRab CD8ab TRM	1
CASSALDRGGQPQHF	TRBV28	TRBJ1-5	CALSRGSDGQKLLF	Donor AJG2309:IEL TCRab CD8ab TRM	1
CASSLMLAGDTDTQYF	TRBV28	TRBJ2-3	CALSSRMDSSYKLIF	Donor AJG2309:IEL TCRab CD8ab TRM	1
CSSWGRETQYF	TRBV29-1	TRBJ2-5	CALSEAGANSGYALNF	Donor AJG2309:IEL TCRab CD8ab TRM	1
CASSQERLLSNTEAFF	TRBV3-1	TRBJ1-1	CALSEAGAAGNKLTF	Donor AJG2309:IEL TCRab CD8ab TRM	1
CASSPRRLAKSYEQYF	TRBV3-1	TRBJ2-7	CALSEEYGNKLVF	Donor AJG2309:IEL TCRab CD8ab TRM	2
CASSQETSVGTDTQYF	TRBV4-3	TRBJ2-3	CALRADRGSTLGRLYF	Donor AJG2309:IEL TCRab CD8ab TRM	1
CASSQETGGSYEQYF	TRBV4-3	TRBJ2-7	CALSEGDYKLSF	Donor AJG2309:IEL TCRab CD8ab TRM	1
CASTSGGMADTQYF	TRBV4-3	TRBJ2-3	CALSGDRGSTLGRLYF	Donor AJG2309:IEL TCRab CD8ab TRM	1
CASSQEAGGGGELFF	TRBV4-3	TRBJ2-2	CALTESDYKLSF	Donor AJG2309:IEL TCRab CD8ab TRM	1
CASSWGLSGNTIYF	TRBV5-4	TRBJ1-3	CALSDVNNAGNMLTF	Donor AJG2309:IEL TCRab CD8ab TRM	2
CASRGLRETQYF	TRBV6-2	TRBJ2-5	CALGPISSGSARQLTF	Donor AJG2309:IEL TCRab CD8ab TRM	1
CASSYSTGGPSDF	TRBV6-2	TRBJ1-5	CALRTSGNTGKLIF	Donor AJG2309:IEL TCRab CD8ab TRM	1
CASSNTGTLSTGELFF	TRBV6-2	TRBJ2-2	CALSEAPHNNARLMF	Donor AJG2309:IEL TCRab CD8ab TRM	5
CASSGDRTFYGYTF	TRBV6-2	TRBJ1-2	CALSELLLNFGNEKLTF	Donor AJG2309:IEL TCRab CD8ab TRM	4
CASSYSTSSLSYEQYF	TRBV6-2	TRBJ2-7	CALSERNNAGNMLTF	Donor AJG2309:IEL TCRab CD8ab TRM	1
CASSLHFSGANVLTF	TRBV6-5	TRBJ2-6	CALRLYNTDKLIF	Donor AJG2309:IEL TCRab CD8ab TRM	9
CASSSTGVVTNEKLFF	TRBV6-5	TRBJ1-4	CALSDVNNAGNMLTF	Donor AJG2309:IEL TCRab CD8ab TRM	1
CASSLVGNTEAFF	TRBV7-2	TRBJ1-1	CALSEVGDAGGTSYGKLTF	Donor AJG2309:IEL TCRab CD8ab TRM	1
CASSIMGENTEAFF	TRBV7-6	TRBJ1-1	CALTQGGSEKLVF	Donor AJG2309:IEL TCRab CD8ab TRM	1
CASSLGGQGRFSDEQFF	TRBV7-6	TRBJ2-1	CARANFGNEKLTF	Donor AJG2309:IEL TCRab CD8ab TRM	1
CASSFRELGANVLTF	TRBV7-9	TRBJ2-6	CALSDENAGNMLTF	Donor AJG2309:IEL TCRab CD8ab TRM	1
CASSLAGVVGNEQFF	TRBV7-9	TRBJ2-1	CALSEAGNYGQNFVF	Donor AJG2309:IEL TCRab CD8ab TRM	1
CASSPDYHEQYF	TRBV7-9	TRBJ2-7	CALSEGTDSWGKLQF	Donor AJG2309:IEL TCRab CD8ab TRM	1
CASSLSPETGETQYF	TRBV7-9	TRBJ2-5	CALSEYDMRF	Donor AJG2309:IEL TCRab CD8ab TRM	1
CASSLEGGNYNEQFF	TRBV9	TRBJ2-1	CALILTSGTYKYIF	Donor AJG2309:IEL TCRab CD8ab TRM	1
CATSLERIYNEQFF	TRBV15	TRBJ2-1	CAVEDNRGSTLGRLYF	Donor AJG2309:IEL TCRab CD8ab TRM	1
CSASAVTSGNNEQFF	TRBV20-1	TRBJ2-1	CAVRDNNARLMF	Donor AJG2309:IEL TCRab CD8ab TRM	1
CASSNIRDNLNIQYF	TRBV25-1	TRBJ2-4	CAVAMTGGYNKLIF	Donor AJG2309:IEL TCRab CD8ab TRM	1
CASSFRTVGVRNTEAFF	TRBV28	TRBJ1-1	CALHTGRRALTF	Donor AJG2309:IEL TCRab CD8ab TRM	1
CASSQDELAGALQYF	TRBV3-1	TRBJ2-7	CAVEAPPGGSYIPTF	Donor AJG2309:IEL TCRab CD8ab TRM	1
CASSWEDRVAEAFF	TRBV5-5	TRBJ1-1	CACLRSNDYKLSF	Donor AJG2309:IEL TCRab CD8ab TRM	1
CASSYFDGTEAFF	TRBV6-2	TRBJ1-1	CAVESTSGTYKYIF	Donor AJG2309:IEL TCRab CD8ab TRM	1
CASSYWTGYNTGELFF	TRBV6-5	TRBJ2-2	CAVEDRENTGFQKLVF	Donor AJG2309:IEL TCRab CD8ab TRM	3
CASREARTYEQYF	TRBV7-2	TRBJ2-7	CAVEDRDARLMF	Donor AJG2309:IEL TCRab CD8ab TRM	1
CASSPYSGGRDTEAFF	TRBV7-9	TRBJ1-1	CAVEVRNSGNTPLVF	Donor AJG2309:IEL TCRab CD8ab TRM	1
CASSPSQAYGYTF	TRBV7-9	TRBJ1-2	CAVWMDSSYKLIF	Donor AJG2309:IEL TCRab CD8ab TRM	2
CASSDRQGNTGELFF	TRBV11-3	TRBJ2-2	CAVRRNNNDMRF	Donor AJG2309:IEL TCRab CD8ab TRM	1
CASSSLRTSGSYEQYF	TRBV19	TRBJ2-7	CAVRINAGGTSYGKLTF	Donor AJG2309:IEL TCRab CD8ab TRM	2
CASRTGKQGAAYEQYF	TRBV27	TRBJ2-7	CAVHFPPHNQGGKLIF	Donor AJG2309:IEL TCRab CD8ab TRM	1
CASSYFLGRLNADTQYF	TRBV28	TRBJ2-3	CALLNAGNMLTF	Donor AJG2309:IEL TCRab CD8ab TRM	1
CASSLRDRVGKLFF	TRBV28	TRBJ1-4	CAVQTSGGSYIPTF	Donor AJG2309:IEL TCRab CD8ab TRM	3
CASSFPRGGSLQQHF	TRBV28	TRBJ1-5	CAVQYSTDSWGKLQF	Donor AJG2309:IEL TCRab CD8ab TRM	1
CASSWGLSGNTIYF	TRBV5-4	TRBJ1-3	CAAFRWGGATNKLIF	Donor AJG2309:IEL TCRab CD8ab TRM	1
CASSSNQNTEAFF	TRBV5-4	TRBJ1-1	CAVQSYTGTASKLTF	Donor AJG2309:IEL TCRab CD8ab TRM	1
CASSLGLNYGYTF	TRBV5-8	TRBJ1-2	CAVQAEGGFQKLVF	Donor AJG2309:IEL TCRab CD8ab TRM	1
CASSPERETEAFF	TRBV9	TRBJ1-1	CAVRVDFSPGGGADGLTF	Donor AJG2309:IEL TCRab CD8ab TRM	2
CASSVAVGKYEQYF	TRBV9	TRBJ2-7	CAVTFNFGNEKLTF	Donor AJG2309:IEL TCRab CD8ab TRM	1
CASSLTGGRYTDTQYF	TRBV11-2	TRBJ2-3	CAANNNARLMF	Donor AJG2309:IEL TCRab CD8ab TRM	4
CASSSVGGNEQFF	TRBV11-2	TRBJ2-1	CATNPTDSWGKLQF	Donor AJG2309:IEL TCRab CD8ab TRM	1
CASSLDQGITWAFF	TRBV11-2	TRBJ1-1	CAVILGFGNVLHC	Donor AJG2309:IEL TCRab CD8ab TRM	3
CASSQDAPGWGQETQYF	TRBV14	TRBJ2-5	CAVIGNQFYF	Donor AJG2309:IEL TCRab CD8ab TRM	13
CSARDLGVSYNEQFF	TRBV20-1	TRBJ2-1	CAAPTDSWGKFQF	Donor AJG2309:IEL TCRab CD8ab TRM	1
CSASLLDLGTIEQYF	TRBV20-1	TRBJ2-7	CAVNTGFQKLVF	Donor AJG2309:IEL TCRab CD8ab TRM	7
CSADRGLQPQHF	TRBV20-1	TRBJ1-5	CAVRLWMDSSYKLIF	Donor AJG2309:IEL TCRab CD8ab TRM	1
CSAPLQNYYEQYF	TRBV20-1	TRBJ2-7	CAVSGGGADGLTF	Donor AJG2309:IEL TCRab CD8ab TRM	1
CATSDTGTSRLDEQFF	TRBV24-1	TRBJ2-1	CAVGDLIQGAQKLVF	Donor AJG2309:IEL TCRab CD8ab TRM	1
CASSLGTSGSQVHEQYF	TRBV27	TRBJ2-7	CAVDSGAGSYQLTF	Donor AJG2309:IEL TCRab CD8ab TRM	1
CASRMGVYSNQPQHF	TRBV27	TRBJ1-5	CAVRGGNARLMF	Donor AJG2309:IEL TCRab CD8ab TRM	3
CASSLGAGTAYEQYF	TRBV27	TRBJ2-7	CAVRGWDSGYSTLTF	Donor AJG2309:IEL TCRab CD8ab TRM	1
CASSEILAGQYNEQFF	TRBV28	TRBJ2-1	CAGFDGQKLLF	Donor AJG2309:IEL TCRab CD8ab TRM	1
CASHSWGAKTQYF	TRBV28	TRBJ2-5	CAVGTQGGSEKLVF	Donor AJG2309:IEL TCRab CD8ab TRM	1
CASSSRQGSAAFF	TRBV28	TRBJ1-1	CAVSTIGFGNVLHC	Donor AJG2309:IEL TCRab CD8ab TRM	1
CSVSIPGETDTQYF	TRBV29-1	TRBJ2-3	CAVRPSDYGQNFVF	Donor AJG2309:IEL TCRab CD8ab TRM	2
CASRPWGQYQETQYF	TRBV5-4	TRBJ2-5	CAVKGTYKYIF	Donor AJG2309:IEL TCRab CD8ab TRM	1
CASSLVPGETYEQYF	TRBV5-5	TRBJ2-7	CAVIGNQFYF	Donor AJG2309:IEL TCRab CD8ab TRM	1
CASSEQGGHQPQHF	TRBV5-6	TRBJ1-5	CAVLTTDSWGKLQF	Donor AJG2309:IEL TCRab CD8ab TRM	1
CASSPGGGSRPQHF	TRBV5-6	TRBJ1-5	CAVNSQGGSEKLVF	Donor AJG2309:IEL TCRab CD8ab TRM	2
CASSYLGLVETQYF	TRBV6-2	TRBJ2-5	CAVKRRVNRKLTF	Donor AJG2309:IEL TCRab CD8ab TRM	1
CASSYSIQDLSYEQYF	TRBV6-2	TRBJ2-7	CAVRPSSSASKIIF	Donor AJG2309:IEL TCRab CD8ab TRM	1
CASRQGVEQYF	TRBV6-5	TRBJ2-7	CAGNTGNQFYF	Donor AJG2309:IEL TCRab CD8ab TRM	1
CASSNPGQNNEQFF	TRBV6-5	TRBJ2-1	CALHGSSNTGKLIF	Donor AJG2309:IEL TCRab CD8ab TRM	1
CASSYSATWTPNTDTQYF	TRBV6-5	TRBJ2-3	CAVARAGGTSYGKLTF	Donor AJG2309:IEL TCRab CD8ab TRM	9
CASSYWTSGVTGELFF	TRBV6-5	TRBJ2-2	CAVINGQLTF	Donor AJG2309:IEL TCRab CD8ab TRM	15
CASSETPSNTEAFF	TRBV6-5	TRBJ1-1	CAVRPGNQGGKLIF	Donor AJG2309:IEL TCRab CD8ab TRM	1
CASSPTPTNTEAFF	TRBV6-5	TRBJ1-1	CAVRPGNQGGKLIF	Donor AJG2309:IEL TCRab CD8ab TRM	1
CASSYGAGEQYF	TRBV6-6	TRBJ2-7	CAVRHEVSDGQKLLF	Donor AJG2309:IEL TCRab CD8ab TRM	1
CASSYGADYGYTF	TRBV6-6	TRBJ1-2	CAVRPLFSDGQKLLF	Donor AJG2309:IEL TCRab CD8ab TRM	1
CASSLEYTGELFF	TRBV7-2	TRBJ2-2	CAAPLGDYKLSF	Donor AJG2309:IEL TCRab CD8ab TRM	1
CASSKGPADEQYF	TRBV7-2	TRBJ2-7	CAATGWGNYQLIW	Donor AJG2309:IEL TCRab CD8ab TRM	1
CASSLDPTGIYGYTF	TRBV7-2	TRBJ1-2	CAPPTGYGQNFVF	Donor AJG2309:IEL TCRab CD8ab TRM	2
CASSLNWDTEAFF	TRBV7-2	TRBJ1-1	CAVRGYGQNFVF	Donor AJG2309:IEL TCRab CD8ab TRM	1
CASTPLPDRGNYGYTF	TRBV7-2	TRBJ1-2	CAVSTSGSARQLTF	Donor AJG2309:IEL TCRab CD8ab TRM	1
CASSLPQTDLFNYGYTF	TRBV7-8	TRBJ1-2	CAVIEPRLMF	Donor AJG2309:IEL TCRab CD8ab TRM	1
CASSSPGQTYEQYF	TRBV7-8	TRBJ2-7	CAVREIGGNARLMF	Donor AJG2309:IEL TCRab CD8ab TRM	2
CASSIFTGGNQPQHF	TRBV7-8	TRBJ1-5	CAVRQAYGQNFVF	Donor AJG2309:IEL TCRab CD8ab TRM	1
CASSGASGHEQFF	TRBV9	TRBJ2-1	CAPRGAGSYQLTF	Donor AJG2309:IEL TCRab CD8ab TRM	1
CASSVGGDTEAFF	TRBV9	TRBJ1-1	CAVPLSYNQGGKLIF	Donor AJG2309:IEL TCRab CD8ab TRM	2
CASSDPRTQWGNEQFF	TRBV9	TRBJ2-1	CAVRDNNARLMF	Donor AJG2309:IEL TCRab CD8ab TRM	1
CASNLLGLYNEQFF	TRBV12-4	TRBJ2-1	CAVDDMRF	Donor AJG2309:IEL TCRab CD8ab TRM	1
CATSVRGRYNEQFF	TRBV24-1	TRBJ2-1	CAVGRGTGGFKTIF	Donor AJG2309:IEL TCRab CD8ab TRM	1
CASSLRNTGELFF	TRBV28	TRBJ2-2	CAVEPNYGGSQGNLIF	Donor AJG2309:IEL TCRab CD8ab TRM	1
CASSPDSGELFF	TRBV28	TRBJ2-2	CAVFNDMRF	Donor AJG2309:IEL TCRab CD8ab TRM	1
CASSYSMQAFSYEQYF	TRBV6-2	TRBJ2-7	CASENWQGGSEKLVF	Donor AJG2309:IEL TCRab CD8ab TRM	1
CASSLRGSGTYNEQFF	TRBV7-2	TRBJ2-1	CAVRSSGTYKYIF	Donor AJG2309:IEL TCRab CD8ab TRM	2
CASSLGDHTQYF	TRBV7-9	TRBJ2-3	CAVDDNDMRF	Donor AJG2309:IEL TCRab CD8ab TRM	1
CASSVGGSPADTQYF	TRBV9	TRBJ2-3	CALFSGGYNKLIF	Donor AJG2309:IEL TCRab CD8ab TRM	6
CAISGGPSGNQPQHF	TRBV10-3	TRBJ1-5	CAASRDGGATNKLIF	Donor AJG2309:IEL TCRab CD8ab TRM	1
CASSLGNDRLLFF	TRBV13	TRBJ1-4	CAASREYGNKLVF	Donor AJG2309:IEL TCRab CD8ab TRM	1
CASSVLAGGFNEQFF	TRBV19	TRBJ2-1	CAASMSGNKLVF	Donor AJG2309:IEL TCRab CD8ab TRM	1
CASSPYREGDTEAFF	TRBV19	TRBJ1-1	CAAYTGTASKLTF	Donor AJG2309:IEL TCRab CD8ab TRM	1
CASSFSESSYNEQFF	TRBV27	TRBJ2-1	CAATHAGNNRKLIW	Donor AJG2309:IEL TCRab CD8ab TRM	1
CAWSVSDTPPTDTQYF	TRBV30	TRBJ2-3	CAASRGGGTYKYIF	Donor AJG2309:IEL TCRab CD8ab TRM	1
CASSLSPDDTGELFF	TRBV5-5	TRBJ2-2	CAAIRILASGTYKYIF	Donor AJG2309:IEL TCRab CD8ab TRM	1
CSARPPDWGGPGEKWAFF	TRBV20-1	TRBJ1-1	CAFFGSSNTGKLIF	Donor AJG2309:IEL TCRab CD8ab TRM	1
CASSLSNLAVNTEAFF	TRBV27	TRBJ1-1	CAFAGNMLTF	Donor AJG2309:IEL TCRab CD8ab TRM	2
CATGSTGELFF	TRBV5-6	TRBJ2-2	CAPPGGRRALTF	Donor AJG2309:IEL TCRab CD8ab TRM	1
CASSTSRDTTEKLFF	TRBV6-6	TRBJ1-4	CASPPSSGSARQLTF	Donor AJG2309:IEL TCRab CD8ab TRM	1
CASSPTSGSVGEQYF	TRBV7-2	TRBJ2-7	CAFDRGSTLGRLYF	Donor AJG2309:IEL TCRab CD8ab TRM	1
CAISIGQLSYEQYF	TRBV10-3	TRBJ2-7	CAETDNYGQNFVF	Donor AJG2309:IEL TCRab CD8ab TRM	1
CASSQEHRDSPLHF	TRBV14	TRBJ1-6	CAGPGGGYNKLIF	Donor AJG2309:IEL TCRab CD8ab TRM	1
CSSSGFSYEQYF	TRBV20-1	TRBJ2-7	CAGGNEKLTF	Donor AJG2309:IEL TCRab CD8ab TRM	1
CASSRGQGVAYEQYF	TRBV25-1	TRBJ2-7	CAGPDNYGQNFVF	Donor AJG2309:IEL TCRab CD8ab TRM	1
CASTPGQGVSYEQYF	TRBV25-1	TRBJ2-7	CAVPDNYGQNFVF	Donor AJG2309:IEL TCRab CD8ab TRM	2
CASSPQPSSYNEQFF	TRBV27	TRBJ2-1	CAGPGSGGGADGLTF	Donor AJG2309:IEL TCRab CD8ab TRM	1
CASSLGGNEQFF	TRBV27	TRBJ2-1	CASRFNKFYF	Donor AJG2309:IEL TCRab CD8ab TRM	1
CASSPGLINEQFF	TRBV27	TRBJ2-1	CDIGGGSQGNLIF	Donor AJG2309:IEL TCRab CD8ab TRM	1
CASSEAGSRRDF	TRBV6-1	TRBJ2-7	CAAGTALIF	Donor AJG2309:IEL TCRab CD8ab TRM	4
CASSYSRGRTGELFF	TRBV6-5	TRBJ2-2	CAAGTALIF	Donor AJG2309:IEL TCRab CD8ab TRM	1
CASSLDQGITWAFF	TRBV11-2	TRBJ1-1	CIVRVVWGGYQKVTF	Donor AJG2309:IEL TCRab CD8ab TRM	6
CASSIRTYNEQFF	TRBV19	TRBJ2-1	CIVRPPNSNSGYALNF	Donor AJG2309:IEL TCRab CD8ab TRM	1
CASSNLNSPLHF	TRBV27	TRBJ1-6	CIVRVGGDSWGKLQF	Donor AJG2309:IEL TCRab CD8ab TRM	1
CASSSLNTEAFF	TRBV27	TRBJ1-1	CIVRVGGDSWGKLQF	Donor AJG2309:IEL TCRab CD8ab TRM	1
CASSLYRGLNDEQYF	TRBV28	TRBJ2-7	CIVRVARDRGSTLGRLYF	Donor AJG2309:IEL TCRab CD8ab TRM	1
CASSQPRAGGPSSHGYTF	TRBV28	TRBJ1-2	CIVRVDTGTASKLTF	Donor AJG2309:IEL TCRab CD8ab TRM	1
CASSHLNLRGIYTGELFF	TRBV3-1	TRBJ2-2	CIVRVAGTYKYIF	Donor AJG2309:IEL TCRab CD8ab TRM	1
CASSLQGGWETEAFF	TRBV5-4	TRBJ1-1	CIVRVMKAAGNKLTF	Donor AJG2309:IEL TCRab CD8ab TRM	1
CASSWTGGKETQYF	TRBV6-5	TRBJ2-5	CIVRVGTTGFQKLVF	Donor AJG2309:IEL TCRab CD8ab TRM	1
CASRATVRQETQYF	TRBV6-5	TRBJ2-5	CIVRVTGGTSYGKLTF	Donor AJG2309:IEL TCRab CD8ab TRM	1
CASSSVGTGELFF	TRBV7-6	TRBJ2-2	CIVRLNNAGNMLTF	Donor AJG2309:IEL TCRab CD8ab TRM	1
CASSIIWADVSTDTQYF	TRBV19	TRBJ2-3	CILRDGNSGAGSYQLTF	Donor AJG2309:IEL TCRab CD8ab TRM	1
CASSLPFVGTDTEAFF	TRBV28	TRBJ1-1	CILRDLDSNYQLIW	Donor AJG2309:IEL TCRab CD8ab TRM	6
CASSHSRQGGHEAFF	TRBV4-1	TRBJ1-1	CILSNYGGSQGNLIF	Donor AJG2309:IEL TCRab CD8ab TRM	2
CASSQDKGHEQYF	TRBV4-3	TRBJ2-7	CILRDCRAGNNRKLIW	Donor AJG2309:IEL TCRab CD8ab TRM	1
CASSSGTSGSYEQYF	TRBV5-1	TRBJ2-7	CILRDWEVRRGNEKLTF	Donor AJG2309:IEL TCRab CD8ab TRM	2
CASSPRGGVNQPQHF	TRBV5-5	TRBJ1-5	CILSGATNKLIF	Donor AJG2309:IEL TCRab CD8ab TRM	1
CASSYGGTGELFF	TRBV9	TRBJ2-2	CIPGGKLIF	Donor AJG2309:IEL TCRab CD8ab TRM	1
CASRVDRGPWQPQHF	TRBV10-2	TRBJ1-5	CAGAWYTGNQFYF	Donor AJG2309:IEL TCRab CD8ab TRM	1
CASSLLAGVADTQYF	TRBV12-3	TRBJ2-3	CAGAGAGSSNDYKLSF	Donor AJG2309:IEL TCRab CD8ab TRM	2
CSARETSGSLNEQYF	TRBV20-1	TRBJ2-7	CAGRAYGQNFVF	Donor AJG2309:IEL TCRab CD8ab TRM	2
CASSLYPEPDYGYTF	TRBV27	TRBJ1-2	CAGTVTSGSARQLTF	Donor AJG2309:IEL TCRab CD8ab TRM	3
CASSFKGFYEQYF	TRBV27	TRBJ2-7	CAGVRGGGADGLTF	Donor AJG2309:IEL TCRab CD8ab TRM	1
CASSYAGPLFGANVLTF	TRBV28	TRBJ2-6	CAGANYGQNFVF	Donor AJG2309:IEL TCRab CD8ab TRM	2
CSVELLAGGPYEQYF	TRBV29-1	TRBJ2-7	CAGYTGNQFYF	Donor AJG2309:IEL TCRab CD8ab TRM	1
CASSQVGAMGQGAYEQFF	TRBV4-3	TRBJ2-1	CAGVPNTGNQFYF	Donor AJG2309:IEL TCRab CD8ab TRM	1
CASKRGNYNEQFF	TRBV6-5	TRBJ2-1	CAGDQDNAGNNRKLIW	Donor AJG2309:IEL TCRab CD8ab TRM	1
CASSWGGEQYF	TRBV6-6	TRBJ2-7	CADNAGNMLTF	Donor AJG2309:IEL TCRab CD8ab TRM	1
CASTPEGVAYEQYF	TRBV6-6	TRBJ2-7	CAGGDARLMF	Donor AJG2309:IEL TCRab CD8ab TRM	1
CASSLAGDSYEQYF	TRBV7-2	TRBJ2-7	CAGATRPRTRLMF	Donor AJG2309:IEL TCRab CD8ab TRM	1
CASSLTGTGGDGYTF	TRBV7-8	TRBJ1-2	CAEIWGGSQGNLIF	Donor AJG2309:IEL TCRab CD8ab TRM	1
CASSLDVSTGAYEQYF	TRBV7-9	TRBJ2-7	CAGDRWDNNNDMRF	Donor AJG2309:IEL TCRab CD8ab TRM	1
CASSYGHSNYGYTF	TRBV11-2	TRBJ1-2	CAVNAGNMLTF	Donor AJG2309:IEL TCRab CD8ab TRM	1
CASSLETGELFF	TRBV11-3	TRBJ2-2	CAASLGFNARLMF	Donor AJG2309:IEL TCRab CD8ab TRM	1
CASSPVGLGNQPQHF	TRBV18	TRBJ1-5	CAASAGNQFYF	Donor AJG2309:IEL TCRab CD8ab TRM	1
CASKVTTDYEQYF	TRBV2	TRBJ2-7	CAANTDKLIF	Donor AJG2309:IEL TCRab CD8ab TRM	1
CASTAAAVEQYF	TRBV2	TRBJ2-7	CAASAWGTSYGKLTF	Donor AJG2309:IEL TCRab CD8ab TRM	5
CASLSLGHKATLYGYTF	TRBV2	TRBJ1-2	CAASSAGGGNKLTF	Donor AJG2309:IEL TCRab CD8ab TRM	1
CSARDRLAGHFPFF	TRBV20-1	TRBJ2-1	CAAAMDSNYQLIW	Donor AJG2309:IEL TCRab CD8ab TRM	1
CSAQTGEQPQHF	TRBV20-1	TRBJ1-5	CAASFTGGGNKLTF	Donor AJG2309:IEL TCRab CD8ab TRM	3
CASSDRGRTGELFF	TRBV27	TRBJ2-2	CAAAFMRNDMRF	Donor AJG2309:IEL TCRab CD8ab TRM	1
CASSLSDGGSFSAQHF	TRBV27	TRBJ1-5	CAASGGNTDKLIF	Donor AJG2309:IEL TCRab CD8ab TRM	1
CASSTGTRYETQYF	TRBV27	TRBJ2-5	CAASGIQGAQKLVF	Donor AJG2309:IEL TCRab CD8ab TRM	2
CASSFASSYGYTF	TRBV27	TRBJ1-2	CAASGKNAGNMLTF	Donor AJG2309:IEL TCRab CD8ab TRM	1
CASSSRPGEQFF	TRBV27	TRBJ2-1	CAASTGRRALTF	Donor AJG2309:IEL TCRab CD8ab TRM	1
CASSFWSLRTEAFF	TRBV28	TRBJ1-1	CAAHWGGSARQLTF	Donor AJG2309:IEL TCRab CD8ab TRM	1
CASSVQATTDIQYF	TRBV28	TRBJ2-4	CAASASFRDGGSQGNLIF	Donor AJG2309:IEL TCRab CD8ab TRM	1
CASSRTDSGANVLTF	TRBV28	TRBJ2-6	CAASESYNFNKFYF	Donor AJG2309:IEL TCRab CD8ab TRM	1
CASSLGRDPTGELFF	TRBV28	TRBJ2-2	CAASHAGKSTF	Donor AJG2309:IEL TCRab CD8ab TRM	1
CASSLNGGRRLHYEQYF	TRBV28	TRBJ2-7	CAAVFGNVLHC	Donor AJG2309:IEL TCRab CD8ab TRM	1
CASSQGVNTGELFF	TRBV3-1	TRBJ2-2	CAASANDMRF	Donor AJG2309:IEL TCRab CD8ab TRM	5
CASSRGLDYEQYF	TRBV3-1	TRBJ2-7	CAASPGNTPLVF	Donor AJG2309:IEL TCRab CD8ab TRM	1
CASSHSGTYGYNEQFF	TRBV4-1	TRBJ2-1	CAAGGSTLTF	Donor AJG2309:IEL TCRab CD8ab TRM	1
CASSQDSGTAYEQYF	TRBV4-1	TRBJ2-7	CAANGYSSASKIIF	Donor AJG2309:IEL TCRab CD8ab TRM	1
CASSFDRGAEAFF	TRBV4-1	TRBJ1-1	CAWVSTIQGAQKLVF	Donor AJG2309:IEL TCRab CD8ab TRM	1
CASSQGLYTGELFF	TRBV4-2	TRBJ2-2	CAAQSNQFYF	Donor AJG2309:IEL TCRab CD8ab TRM	3
CASSPTVNTGELFF	TRBV4-2	TRBJ2-2	CAASANQLIW	Donor AJG2309:IEL TCRab CD8ab TRM	2
CASSLESGDPGELFF	TRBV5-1	TRBJ2-2	CAASVGGADGLTF	Donor AJG2309:IEL TCRab CD8ab TRM	3
CASSHYDRGANYGYTF	TRBV5-4	TRBJ1-2	CAASFQGGSEKLVF	Donor AJG2309:IEL TCRab CD8ab TRM	2
CASSLRTGGSNQPQHF	TRBV5-5	TRBJ1-5	CAADYNQGGKLIF	Donor AJG2309:IEL TCRab CD8ab TRM	1
CASSLAGTPNQPQHF	TRBV5-5	TRBJ1-5	CAASPMDTGRRALTF	Donor AJG2309:IEL TCRab CD8ab TRM	1
CASSLYFGTEAFF	TRBV5-5	TRBJ1-1	CAATPNTDKLIF	Donor AJG2309:IEL TCRab CD8ab TRM	1
CASSLGGGGNYEQYF	TRBV5-6	TRBJ2-7	CAAMGPDGGATNKLIF	Donor AJG2309:IEL TCRab CD8ab TRM	1
CASRGLARALAKNIQYF	TRBV6-1	TRBJ2-4	CAASRDTNAGGTSYGKLTF	Donor AJG2309:IEL TCRab CD8ab TRM	1
CASRPDRGLSYEQYF	TRBV6-5	TRBJ2-7	CAARTGANNLFF	Donor AJG2309:IEL TCRab CD8ab TRM	1
CASSLDSYEQYF	TRBV7-2	TRBJ2-7	CAASGGNTDKLIF	Donor AJG2309:IEL TCRab CD8ab TRM	1
CASSLRLAGDTGELFF	TRBV7-6	TRBJ2-2	CAASAGSGTYKYIF	Donor AJG2309:IEL TCRab CD8ab TRM	5
CASSSGYSYEQYF	TRBV7-8	TRBJ2-7	CAAMLGADKLSF	Donor AJG2309:IEL TCRab CD8ab TRM	1
CASSPETGGETQYF	TRBV7-8	TRBJ2-5	CAARYQGGSEKLVF	Donor AJG2309:IEL TCRab CD8ab TRM	5
CASSLVEAGANVLTF	TRBV7-9	TRBJ2-6	CAARKGGGADGLTF	Donor AJG2309:IEL TCRab CD8ab TRM	1
CASSLYSGGSPYEQYF	TRBV7-9	TRBJ2-7	CAASARYQGGSEKLVF	Donor AJG2309:IEL TCRab CD8ab TRM	3
CASSQGDTTYEQYF	TRBV7-9	TRBJ2-7	CAASFNTGNQFYF	Donor AJG2309:IEL TCRab CD8ab TRM	4
CASSPQGRTLDTEAFF	TRBV7-9	TRBJ1-1	CAASGPYGGSQGNLIF	Donor AJG2309:IEL TCRab CD8ab TRM	1
CASSPPGGEEQFF	TRBV7-9	TRBJ2-1	CAASPAGQLTF	Donor AJG2309:IEL TCRab CD8ab TRM	1
CASSPSAGSSYNEQFF	TRBV7-9	TRBJ2-1	CAASVGDAGNMLTF	Donor AJG2309:IEL TCRab CD8ab TRM	1
CASTHPGLAFTGELFF	TRBV7-9	TRBJ2-2	CAASVGNEKLTF	Donor AJG2309:IEL TCRab CD8ab TRM	1
CASSVGHEYGYTF	TRBV9	TRBJ1-2	CAASASNAGGTSYGKLTF	Donor AJG2309:IEL TCRab CD8ab TRM	1
CASSLRRNSYPTGELFF	TRBV9	TRBJ2-2	CAATGDQAGTALIF	Donor AJG2309:IEL TCRab CD8ab TRM	2
CASSLAPFTGELFF	TRBV11-2	TRBJ2-2	CAVRDKGGADGLTF	Donor AJG2309:IEL TCRab CD8ab TRM	1
CASSSGLAVYNEQFF	TRBV13	TRBJ2-1	CAVRAVGGNKLTF	Donor AJG2309:IEL TCRab CD8ab TRM	1
CASSQLRKGGGVSETQYF	TRBV14	TRBJ2-5	CAVRVLSGGYNKLIF	Donor AJG2309:IEL TCRab CD8ab TRM	2
CASSPYTGFLNYGYTF	TRBV14	TRBJ1-2	CAVSNNNDMRF	Donor AJG2309:IEL TCRab CD8ab TRM	1
CATSRAGVTGELFF	TRBV15	TRBJ2-2	CAVHSGAGSYQLTF	Donor AJG2309:IEL TCRab CD8ab TRM	1
CASSSRTATPEQYF	TRBV19	TRBJ2-7	CAVRDPNQGGKLIF	Donor AJG2309:IEL TCRab CD8ab TRM	1
CATRFGTEVYEQYF	TRBV19	TRBJ2-7	CAVRGSSGGYNKLIF	Donor AJG2309:IEL TCRab CD8ab TRM	2
CSARKDTDYEQYF	TRBV20-1	TRBJ2-7	CAALPLMDSSYKLIF	Donor AJG2309:IEL TCRab CD8ab TRM	1
CSARGATSGIDEQYF	TRBV20-1	TRBJ2-7	CAVRAKISGTYKYIF	Donor AJG2309:IEL TCRab CD8ab TRM	1
CASSIGVTYGYTF	TRBV27	TRBJ1-2	CAVRGSYGQNFVF	Donor AJG2309:IEL TCRab CD8ab TRM	1
CASSDPSGRVISRGYTDTQYF	TRBV28	TRBJ2-3	CAVRDSLTDKLIF	Donor AJG2309:IEL TCRab CD8ab TRM	1
CAWSVQVGREVEQFF	TRBV30	TRBJ2-1	CAVREAENYGQNFVF	Donor AJG2309:IEL TCRab CD8ab TRM	1
CASSQDLQANTEAFF	TRBV4-1	TRBJ1-1	CAVRDDNYGQNFVF	Donor AJG2309:IEL TCRab CD8ab TRM	1
CASSPGTEAFF	TRBV4-2	TRBJ1-1	CAVRVVSYNTDKLIF	Donor AJG2309:IEL TCRab CD8ab TRM	2
CASSQLGGFQETQYF	TRBV4-2	TRBJ2-5	CAVSPLTDSWGKFQF	Donor AJG2309:IEL TCRab CD8ab TRM	2
CASSQDPGQGQTQYF	TRBV4-3	TRBJ2-5	CAVRDDSSYKLIF	Donor AJG2309:IEL TCRab CD8ab TRM	6
CASSPGTGEHSYNEQFF	TRBV6-2	TRBJ2-1	CAVRDIEGIGFGNVLHC	Donor AJG2309:IEL TCRab CD8ab TRM	4
CASSYGDSYEQYF	TRBV6-5	TRBJ2-7	CAVRESPLQLTF	Donor AJG2309:IEL TCRab CD8ab TRM	1
CASSLAPFTGELFF	TRBV7-2	TRBJ2-2	CAVRDKGGADGLTF	Donor AJG2309:IEL TCRab CD8ab TRM	1
CASSLARLAGEETQYF	TRBV7-2	TRBJ2-5	CAVRDLVGADYKLSF	Donor AJG2309:IEL TCRab CD8ab TRM	2
CASGQGDNVLTF	TRBV7-6	TRBJ2-6	CAVRDTLRNTDKLIF	Donor AJG2309:IEL TCRab CD8ab TRM	1
CASSSPDRGLREQYF	TRBV7-9	TRBJ2-7	CAVRVYSGGYQKVTF	Donor AJG2309:IEL TCRab CD8ab TRM	1
CASSPDSFLYEQYF	TRBV7-9	TRBJ2-7	CAVRYSGAGSYQLTF	Donor AJG2309:IEL TCRab CD8ab TRM	1
CASSFPFEGPDIQYF	TRBV7-9	TRBJ2-4	CAVSLLYSGAGSYQLTF	Donor AJG2309:IEL TCRab CD8ab TRM	1
CASSPVETIAEAFF	TRBV9	TRBJ1-1	CAVRDISGGYQKVTF	Donor AJG2309:IEL TCRab CD8ab TRM	1
CASSVAGTGFSPLHF	TRBV9	TRBJ1-6	CAVRDRNNNARLMF	Donor AJG2309:IEL TCRab CD8ab TRM	1
CASSDRDRGQPQHF	TRBV2	TRBJ1-5	CGTEGWGGYQKVTF	Donor AJG2309:IEL TCRab CD8ab TRM	1
CSARLAGGQVEADTQYF	TRBV20-1	TRBJ2-3	CGTEGAGGTSYGKLTF	Donor AJG2309:IEL TCRab CD8ab TRM	2
CSAWDSPSYEQYF	TRBV20-1	TRBJ2-7	CGTGDAGNKLTF	Donor AJG2309:IEL TCRab CD8ab TRM	1
CASSSPLREGRYEQFF	TRBV27	TRBJ2-1	CGTDNTGNQFYF	Donor AJG2309:IEL TCRab CD8ab TRM	1
CASSSDSNLAPYEQYF	TRBV27	TRBJ2-7	CGTEYKGNQFYF	Donor AJG2309:IEL TCRab CD8ab TRM	1
CASSFSESSYNEQFF	TRBV27	TRBJ2-1	CGTVSGNTPLVF	Donor AJG2309:IEL TCRab CD8ab TRM	2
CASSPGDRRRSPLHF	TRBV4-3	TRBJ1-6	CGTEIRETSGSRLTF	Donor AJG2309:IEL TCRab CD8ab TRM	1
CASSLAFVHLNYGYTF	TRBV5-1	TRBJ1-2	CGTSAGGTSYGKLTF	Donor AJG2309:IEL TCRab CD8ab TRM	1
CASSSQGKMDTGELFF	TRBV5-6	TRBJ2-2	CGTENTGNQFYF	Donor AJG2309:IEL TCRab CD8ab TRM	1
CASSYSPTIKDF	TRBV6-2	TRBJ2-7	CGTEIQGAQKLVF	Donor AJG2309:IEL TCRab CD8ab TRM	1
CASSFLDGNYGYTF	TRBV6-5	TRBJ1-2	CGTVKTSYDKVIF	Donor AJG2309:IEL TCRab CD8ab TRM	1
CASSSLWGWDTEAFF	TRBV7-9	TRBJ1-1	CGTEIRNNNARLMF	Donor AJG2309:IEL TCRab CD8ab TRM	1
CSASKGQGVSSGANVLTF	TRBV20-1	TRBJ2-6	CGADADTDKLIF	Donor AJG2309:IEL TCRab CD8ab TRM	3
CASSLINEQFF	TRBV11-2	TRBJ2-1	CAGRQDTGNQFYF	Donor AJG2309:IEL TCRab CD8ab TRM	2
CASSLGNTEAFF	TRBV11-3	TRBJ1-1	CAGQKAGAGSYQLTF	Donor AJG2309:IEL TCRab CD8ab TRM	3
CASGPDRGMNTEAFF	TRBV12-5	TRBJ1-1	CAGPNTGNQFYF	Donor AJG2309:IEL TCRab CD8ab TRM	3
CATSRDAGEKLFF	TRBV15	TRBJ1-4	CAGPPGDSNYQLIW	Donor AJG2309:IEL TCRab CD8ab TRM	1
CASSPLGGGGIQYF	TRBV16	TRBJ2-4	CAGRYGNKLVF	Donor AJG2309:IEL TCRab CD8ab TRM	3
CATRQGASEAFF	TRBV19	TRBJ1-1	CAGLSGTYKYIF	Donor AJG2309:IEL TCRab CD8ab TRM	2
CSARDWSSGGYEQYF	TRBV20-1	TRBJ2-7	CAGPVDNNTDKLIF	Donor AJG2309:IEL TCRab CD8ab TRM	1
CSARDRINTGELFF	TRBV20-1	TRBJ2-2	CAGSHNYEKLTF	Donor AJG2309:IEL TCRab CD8ab TRM	1
CASRGGRTYNEQFF	TRBV27	TRBJ2-1	CAGRTGNQFYF	Donor AJG2309:IEL TCRab CD8ab TRM	2
CASSEGLAGWGTDTQYF	TRBV28	TRBJ2-3	CAGPTGNQFYF	Donor AJG2309:IEL TCRab CD8ab TRM	1
CASSLTISNQPQHF	TRBV4-1	TRBJ1-5	CAGQNGGNDMRF	Donor AJG2309:IEL TCRab CD8ab TRM	3
CASSTMGQGALVDF	TRBV6-1	TRBJ2-7	CAGQLYSGGSNYKLTF	Donor AJG2309:IEL TCRab CD8ab TRM	1
CASSGQGNQPQHF	TRBV6-2	TRBJ1-5	CAGASIGNTPLVF	Donor AJG2309:IEL TCRab CD8ab TRM	1
CASSYTTGGWGNTEAFF	TRBV6-5	TRBJ1-1	CAGHYGNKLVF	Donor AJG2309:IEL TCRab CD8ab TRM	1
CASSYWTGYNTGELFF	TRBV6-5	TRBJ2-2	CAGQKAGAGSYQLTF	Donor AJG2309:IEL TCRab CD8ab TRM	1
CASSLAPRVYVQYF	TRBV7-6	TRBJ2-7	CAGGLITNKLIF	Donor AJG2309:IEL TCRab CD8ab TRM	1
CASSLTAGGFPSTSYEQYF	TRBV7-6	TRBJ2-7	CAGLAIYNFNKFYF	Donor AJG2309:IEL TCRab CD8ab TRM	1
CASSYWTGRAFF	TRBV7-9	TRBJ1-1	CAGRKAAGNKLTF	Donor AJG2309:IEL TCRab CD8ab TRM	1
CSARGADTGELFF	TRBV20-1	TRBJ2-2	CARMNYGGATNKLIF	Donor AJG2309:IEL TCRab CD8ab TRM	1
CASIDLGKQFF	TRBV27	TRBJ2-1	CKLTF	Donor AJG2309:IEL TCRab CD8ab TRM	1
CASSLVGGTWEQYF	TRBV5-5	TRBJ2-7	CALRNTGNQFYF	Donor AJG2309:IEL TCRab CD8ab TRM	1
CASSSGLVQETQYF	TRBV5-6	TRBJ2-5	CVKRSGSARQLTF	Donor AJG2309:IEL TCRab CD8ab TRM	1
CSARVLATNEKLFF	TRBV20-1	TRBJ1-4	CAFMFPGAQKLVF	Donor AJG2309:IEL TCRab CD8ab TRM	1
CSAGVRAGVYEQYF	TRBV20-1	TRBJ2-7	CAFMKHAGTASKLTF	Donor AJG2309:IEL TCRab CD8ab TRM	1
CSARAQRGRKGGPNTEAFF	TRBV20-1	TRBJ1-1	CAFMKRKYGNKLVF	Donor AJG2309:IEL TCRab CD8ab TRM	1
CATSDFRITNTDTQYF	TRBV24-1	TRBJ2-3	CAFMTPPPYSGAGSYQLTF	Donor AJG2309:IEL TCRab CD8ab TRM	1
CASASDGYNEQFF	TRBV28	TRBJ2-1	CAFTESGAGSYQLTF	Donor AJG2309:IEL TCRab CD8ab TRM	2
CASSLVLGGQPQHF	TRBV28	TRBJ1-5	CAFTTYSGAGSYQLTF	Donor AJG2309:IEL TCRab CD8ab TRM	1
CSVEDRQGNYGYTF	TRBV29-1	TRBJ1-2	CAFMKGGANSKLTF	Donor AJG2309:IEL TCRab CD8ab TRM	1
CASSQDGDRGEGYTF	TRBV4-3	TRBJ1-2	CAFDSGAGSYQLTF	Donor AJG2309:IEL TCRab CD8ab TRM	1
CASSQDVGVGQGRLEAFF	TRBV4-3	TRBJ1-1	CAFPPAPGSGNTGKLIF	Donor AJG2309:IEL TCRab CD8ab TRM	1
CASSFWGGSNQPQHF	TRBV5-1	TRBJ1-5	CASPPQSNTGNQFYF	Donor AJG2309:IEL TCRab CD8ab TRM	1
CASSTGGGVYEQYF	TRBV5-4	TRBJ2-7	CAFMSPYSGAGSYQLTF	Donor AJG2309:IEL TCRab CD8ab TRM	3
CASSYSTPGQSYSYNEQFF	TRBV6-2	TRBJ2-1	CALGMGNTPLVF	Donor AJG2309:IEL TCRab CD8ab TRM	1
CASSYGDPTDTQYF	TRBV6-5	TRBJ2-3	CAFVSGGGADGLTF	Donor AJG2309:IEL TCRab CD8ab TRM	1
CASSVTGGSYEQYF	TRBV9	TRBJ2-7	CAFMKPYSGAGSYQLTF	Donor AJG2309:IEL TCRab CD8ab TRM	1
CAISESVGAHYIQYF	TRBV10-3	TRBJ2-4	CAYRSRTTSGTYKYIF	Donor AJG2309:IEL TCRab CD8ab TRM	2
CASSPQLRDLTDTQYF	TRBV12-4	TRBJ2-3	CAYRSAENARLMF	Donor AJG2309:IEL TCRab CD8ab TRM	1
CASSLAGAQHF	TRBV12-4	TRBJ1-5	CAYRTSYNQGGKLIF	Donor AJG2309:IEL TCRab CD8ab TRM	1
CASSLALGQHYGYTF	TRBV13	TRBJ1-2	CAYRSAPLSGGGADGLTF	Donor AJG2309:IEL TCRab CD8ab TRM	1
CASSPSRGRGQWNEQFF	TRBV18	TRBJ2-1	CAYYRGATNKLIF	Donor AJG2309:IEL TCRab CD8ab TRM	1
CASAWTDLSSGANVLTF	TRBV19	TRBJ2-6	CAYGGGATNKLIF	Donor AJG2309:IEL TCRab CD8ab TRM	1
CSARGGLSGRGYEQFF	TRBV20-1	TRBJ2-1	CAYHTGGADGLTF	Donor AJG2309:IEL TCRab CD8ab TRM	1
CASSLSQGAISYEQYF	TRBV27	TRBJ2-7	CATGSQGNLIF	Donor AJG2309:IEL TCRab CD8ab TRM	1
CASSLAGGPNEQFF	TRBV27	TRBJ2-1	CAYAHSAGGTSYGKLTF	Donor AJG2309:IEL TCRab CD8ab TRM	1
CASSAFRLVQFF	TRBV27	TRBJ2-1	CAYRSGNDMRF	Donor AJG2309:IEL TCRab CD8ab TRM	1
CASSRGVGAPLYEQYF	TRBV28	TRBJ2-7	CAYRSFRSGNTPLVF	Donor AJG2309:IEL TCRab CD8ab TRM	2
CASSPRLAASTDTQYF	TRBV4-3	TRBJ2-3	CAYRSGGGIAQKLVF	Donor AJG2309:IEL TCRab CD8ab TRM	1
CASSLWGDSNQPQHF	TRBV5-1	TRBJ1-5	CAYRGAYSGAGSYQLTF	Donor AJG2309:IEL TCRab CD8ab TRM	2
CASSFWGGSNQPQHF	TRBV5-1	TRBJ1-5	CAYRSAREGGSEKLVF	Donor AJG2309:IEL TCRab CD8ab TRM	3
CASSDPPRASYEQYF	TRBV6-1	TRBJ2-7	CAYNKLYGQNFVF	Donor AJG2309:IEL TCRab CD8ab TRM	1
CASSYSVTSGRIDEQYF	TRBV6-2	TRBJ2-7	CAYRSGYNTDKLIF	Donor AJG2309:IEL TCRab CD8ab TRM	1
CASSSLAVRLAGVLYNEQFF	TRBV6-5	TRBJ2-1	CAYRSEKGTYKYIF	Donor AJG2309:IEL TCRab CD8ab TRM	1
CASRSWGLEQYF	TRBV6-6	TRBJ2-7	CAYKESSGSRLTF	Donor AJG2309:IEL TCRab CD8ab TRM	1
CASSLGWGTPGDEQFF	TRBV7-2	TRBJ2-1	CAYRLSQGGSEKLVF	Donor AJG2309:IEL TCRab CD8ab TRM	1
CASSLRDRGRNTEAFF	TRBV7-3	TRBJ1-1	CAYRSIGHARLMF	Donor AJG2309:IEL TCRab CD8ab TRM	1
CASIRGAFHEQYF	TRBV7-8	TRBJ2-7	CAYREYGNKLVF	Donor AJG2309:IEL TCRab CD8ab TRM	1
CASSLVMNTQYF	TRBV7-9	TRBJ2-3	CASPSGSRLTF	Donor AJG2309:IEL TCRab CD8ab TRM	1
CASSTGQGSTDTQYF	TRBV9	TRBJ2-3	CAFLGGGADGLTF	Donor AJG2309:IEL TCRab CD8ab TRM	2
CASSVAVGDNYEQYF	TRBV9	TRBJ2-7	CAYLQGAQKLVF	Donor AJG2309:IEL TCRab CD8ab TRM	1
CAISDGGTYEQYF	TRBV10-3	TRBJ2-7	CAALSNFGNEKLTF	Donor AJG2309:IEL TCRab CD8ab TRM	3
CASSFTQGHSPLHF	TRBV11-2	TRBJ1-6	CAVLNDMRF	Donor AJG2309:IEL TCRab CD8ab TRM	2
CATRLGWGGNQPQHF	TRBV19	TRBJ1-5	CAGGTVRDQKVTF	Donor AJG2309:IEL TCRab CD8ab TRM	1
CSVRGGANTEAFF	TRBV29-1	TRBJ1-1	CAVDPNSGGGADGLTF	Donor AJG2309:IEL TCRab CD8ab TRM	4
CASSPAPSGNYNEQFF	TRBV4-1	TRBJ2-1	CAVDPYNNNDMRF	Donor AJG2309:IEL TCRab CD8ab TRM	1
CASSWTVGVGGPYEQYF	TRBV6-2	TRBJ2-7	CAVDMGGGADGLTF	Donor AJG2309:IEL TCRab CD8ab TRM	1
CASSQGRSTEAFF	TRBV9	TRBJ1-1	CAAWYTGTASKLTF	Donor AJG2309:IEL TCRab CD8ab TRM	2
CASSVATGGYEQYF	TRBV9	TRBJ2-7	CAVDKGTGNQFYF	Donor AJG2309:IEL TCRab CD8ab TRM	2
CSARDWIAGGAADTQYF	TRBV20-1	TRBJ2-3	CLVGPSGGSYIPTF	Donor AJG2309:IEL TCRab CD8ab TRM	1
CASRDYLEGNTEAFF	TRBV27	TRBJ1-1	CLVGHNAGNNRKLIW	Donor AJG2309:IEL TCRab CD8ab TRM	1
CASSSELAGVGTDTQYF	TRBV5-1	TRBJ2-3	CLVGAYSGGFKTIF	Donor AJG2309:IEL TCRab CD8ab TRM	1
CASSLKASGRGPDTQYF	TRBV5-4	TRBJ2-3	CLVGPHYNAGNMLTF	Donor AJG2309:IEL TCRab CD8ab TRM	1
CASSLVPGETYEQYF	TRBV5-5	TRBJ2-7	CLVGDSNYQLIW	Donor AJG2309:IEL TCRab CD8ab TRM	1
CASSSSRGDNEQFF	TRBV6-2	TRBJ2-1	CLVGLKPGTYKYIF	Donor AJG2309:IEL TCRab CD8ab TRM	1
CASSLEQGLDNEQFF	TRBV7-2	TRBJ2-1	CLVGDPMDTGRRALTF	Donor AJG2309:IEL TCRab CD8ab TRM	1
CASSFGGLASYQETQYF	TRBV12-3	TRBJ2-5	CAIYRGSNSGGGADGLTF	Donor AJG2309:IEL TCRab CD8ab TRM	1
CASSLGWTEAFF	TRBV12-3	TRBJ1-1	CAVDTGNQFYF	Donor AJG2309:IEL TCRab CD8ab TRM	1
CATSRDPGNTEAFF	TRBV15	TRBJ1-1	CAVGDGNQFYF	Donor AJG2309:IEL TCRab CD8ab TRM	1
CSAPLTSIDTQYF	TRBV20-1	TRBJ2-3	CAVRRLNSGGGADGLTF	Donor AJG2309:IEL TCRab CD8ab TRM	1
CASSLVGEEVTFF	TRBV27	TRBJ1-1	CAASTGNQFYF	Donor AJG2309:IEL TCRab CD8ab TRM	2
CASSSLGAPFHNEQFF	TRBV27	TRBJ2-1	CAASTGNQFYF	Donor AJG2309:IEL TCRab CD8ab TRM	2
CASSTLDPPRRNEQFF	TRBV27	TRBJ2-1	CALGTGNQFYF	Donor AJG2309:IEL TCRab CD8ab TRM	1
CASSTIDRGGGYTF	TRBV27	TRBJ1-2	CALHTGNQFYF	Donor AJG2309:IEL TCRab CD8ab TRM	6
CASSLVGEETQYF	TRBV27	TRBJ2-5	CAVGTGNQFYF	Donor AJG2309:IEL TCRab CD8ab TRM	3
CASSSLEAYNEQFF	TRBV27	TRBJ2-1	CAVGTGNQFYF	Donor AJG2309:IEL TCRab CD8ab TRM	1
CASSFLGYTEAFF	TRBV27	TRBJ1-1	CAVITGNQFYF	Donor AJG2309:IEL TCRab CD8ab TRM	1
CASSLGSEQYF	TRBV27	TRBJ2-7	CAVSPNNDMRF	Donor AJG2309:IEL TCRab CD8ab TRM	1
CASSSLGWTEAFF	TRBV27	TRBJ1-1	CAVSTGNQFYF	Donor AJG2309:IEL TCRab CD8ab TRM	1
CASSLDFWQPQHF	TRBV28	TRBJ1-5	CAVPPTNYGGSQGNLIF	Donor AJG2309:IEL TCRab CD8ab TRM	1
CASSQDSSGQGVIEQYF	TRBV4-3	TRBJ2-7	CAVRSYNTDKLIF	Donor AJG2309:IEL TCRab CD8ab TRM	1
CASRGDSYNEQFF	TRBV6-5	TRBJ2-1	CAALHMNRDDKIIF	Donor AJG2309:IEL TCRab CD8ab TRM	1
CASSYYRTFYEQYF	TRBV6-5	TRBJ2-7	CAVRSNYGGATNKLIF	Donor AJG2309:IEL TCRab CD8ab TRM	6
CASSYAEVDRLNEKLFF	TRBV6-9	TRBJ1-4	CAALSYSGGGADGLTF	Donor AJG2309:IEL TCRab CD8ab TRM	1
CASSLVAGGLYEQYF	TRBV7-2	TRBJ2-7	CAVSGETSGSRLTF	Donor AJG2309:IEL TCRab CD8ab TRM	1
CASSAEHSEQFF	TRBV7-3	TRBJ2-1	CAVRSLQGAQKLVF	Donor AJG2309:IEL TCRab CD8ab TRM	1
CASSLMDRNSPLHF	TRBV7-6	TRBJ1-6	CAVRRWLDNTDKLIF	Donor AJG2309:IEL TCRab CD8ab TRM	1
CASSLYSGGSPYEQYF	TRBV7-9	TRBJ2-7	CAVRNRDDKIIF	Donor AJG2309:IEL TCRab CD8ab TRM	4
CAIGDRGRYEQYF	TRBV10-3	TRBJ2-7	CAPGGYGQNFVF	Donor AJG2309:IEL TCRab CD8ab TRM	1
CASSLGTDQYF	TRBV11-2	TRBJ2-7	CADLKAAGNKLTF	Donor AJG2309:IEL TCRab CD8ab TRM	1
CASSSGVTGELFF	TRBV13	TRBJ2-2	CAETSTSGTYKYIF	Donor AJG2309:IEL TCRab CD8ab TRM	1
CASSRYYGRGQNTEAFF	TRBV14	TRBJ1-1	CAEKYSSASKIIF	Donor AJG2309:IEL TCRab CD8ab TRM	1
CASEGIRSGNTIYF	TRBV19	TRBJ1-3	CAESGRGSTLGRLYF	Donor AJG2309:IEL TCRab CD8ab TRM	1
CSARALGLGETEAFF	TRBV20-1	TRBJ1-1	CAEKREGQKLLF	Donor AJG2309:IEL TCRab CD8ab TRM	1
CSARPPDWGGPGEKWAFF	TRBV20-1	TRBJ1-1	CAEPFNDYKLSF	Donor AJG2309:IEL TCRab CD8ab TRM	3
CATSHFPGSTSSYNEQFF	TRBV24-1	TRBJ2-1	CAETLSGGYQKVTF	Donor AJG2309:IEL TCRab CD8ab TRM	1
CASSSIQGLEQYF	TRBV28	TRBJ2-7	CAEFYNQGGKLIF	Donor AJG2309:IEL TCRab CD8ab TRM	1
CASSTDRPFTYEQYF	TRBV28	TRBJ2-7	CAEGSNQAGTALIF	Donor AJG2309:IEL TCRab CD8ab TRM	3
CASSFPQGVEQFF	TRBV28	TRBJ2-1	CAEINNTDKLIF	Donor AJG2309:IEL TCRab CD8ab TRM	1
CASTLGAASYEQYF	TRBV28	TRBJ2-7	CAERRGGTDKLIF	Donor AJG2309:IEL TCRab CD8ab TRM	2
CASGTFDGRGGNYGYTF	TRBV28	TRBJ1-2	CAPDPNSGGYQKVTF	Donor AJG2309:IEL TCRab CD8ab TRM	1
CASSQDVSLLTAEAFF	TRBV3-1	TRBJ1-1	CAETSRYNQGGKLIF	Donor AJG2309:IEL TCRab CD8ab TRM	1
CASSLWTENTEAFF	TRBV5-1	TRBJ1-1	CAESSPMDTGRRALTF	Donor AJG2309:IEL TCRab CD8ab TRM	1
CASSPGRRAQRNIQYF	TRBV5-6	TRBJ2-4	CAEKGRGFKTIF	Donor AJG2309:IEL TCRab CD8ab TRM	1
CASSYSIQDRVWNEQFF	TRBV6-2	TRBJ2-1	CAESPYNNTDKLIF	Donor AJG2309:IEL TCRab CD8ab TRM	5
CASSLGQGYEQFF	TRBV7-9	TRBJ2-1	CADLNQAGTALIF	Donor AJG2309:IEL TCRab CD8ab TRM	3
CASSPQAPQEVEKLFF	TRBV7-9	TRBJ1-4	CAVRDSSYKLIF	Donor AJG2309:IEL TCRab CD8ab TRM	2
CASSHLNRAGNEAFF	TRBV9	TRBJ1-1	CAERRRRDDKIIF	Donor AJG2309:IEL TCRab CD8ab TRM	1
CASSVGSGSEQFF	TRBV9	TRBJ2-1	CAESPGTGGFKTIF	Donor AJG2309:IEL TCRab CD8ab TRM	1
CASSVVPGRKDTQYF	TRBV9	TRBJ2-3	CAETQDDKIIF	Donor AJG2309:IEL TCRab CD8ab TRM	1
CASSVEGSGGPNIQYF	TRBV9	TRBJ2-4	CAKWAEDNFNKFYF	Donor AJG2309:IEL TCRab CD8ab TRM	1
CATSIDETQYF	TRBV15	TRBJ2-5	CALDIGANNLFF	Donor AJG2309:IEL TCRab CD8ab TRM	1
CASSLAGRTDTQYF	TRBV27	TRBJ2-3	CALVDNDMRF	Donor AJG2309:IEL TCRab CD8ab TRM	1
CASSIDRNTEAFF	TRBV27	TRBJ1-1	CAPGGGATNKLIF	Donor AJG2309:IEL TCRab CD8ab TRM	1
CASSLGETQYF	TRBV27	TRBJ2-5	CAPPTSGTYKYIF	Donor AJG2309:IEL TCRab CD8ab TRM	3
CASSLNPGNTIYF	TRBV28	TRBJ1-3	CALGGANNLFF	Donor AJG2309:IEL TCRab CD8ab TRM	1
CAWSVGGYNEQFF	TRBV30	TRBJ2-1	CALDMYSGAGSYQLTF	Donor AJG2309:IEL TCRab CD8ab TRM	1
CAWIQASGNTIYF	TRBV30	TRBJ1-3	CALGGNSGYALNF	Donor AJG2309:IEL TCRab CD8ab TRM	2
CASRAGTAFDF	TRBV5-8	TRBJ2-3	CALLTDSWGKFQF	Donor AJG2309:IEL TCRab CD8ab TRM	2
CASSYGGNQPQHF	TRBV6-5	TRBJ1-5	CALDKNSGAGSYQLTF	Donor AJG2309:IEL TCRab CD8ab TRM	1
CASSQGDTTYEQYF	TRBV7-9	TRBJ2-7	CALEDKIIF	Donor AJG2309:IEL TCRab CD8ab TRM	1
CASSGVGGRRGNEQFF	TRBV9	TRBJ2-1	CALDMYQAGTALIF	Donor AJG2309:IEL TCRab CD8ab TRM	1
CASSLARENTEAFF	TRBV12-4	TRBJ1-1	CAVLNAGNMLTF	Donor AJG2309:IEL TCRab CD8ab TRM	1
CSVVGGSSAGNYGYTF	TRBV29-1	TRBJ1-2	CAVNQGSYQLTF	Donor AJG2309:IEL TCRab CD8ab TRM	1
CSVLPVSNTGELFF	TRBV29-1	TRBJ2-2	CAVTWGGGGADGLTF	Donor AJG2309:IEL TCRab CD8ab TRM	2
CAWSVGTENTEAFF	TRBV30	TRBJ1-1	CAVILPFKTIF	Donor AJG2309:IEL TCRab CD8ab TRM	1
CASSLVPPGSNSNQPQHF	TRBV5-1	TRBJ1-5	CAVNALGSARQLTF	Donor AJG2309:IEL TCRab CD8ab TRM	1
CASSERGTGSTDTQYF	TRBV6-1	TRBJ2-3	CAVSPPGGYQKVTF	Donor AJG2309:IEL TCRab CD8ab TRM	1
CASSSNTGTATTNGYTF	TRBV7-8	TRBJ1-2	CAVIDQTGANNLFF	Donor AJG2309:IEL TCRab CD8ab TRM	1
CASSFEGDYEQYF	TRBV11-1	TRBJ2-7	CVVSDGRSYIPTF	Donor AJG2309:IEL TCRab CD8ab TRM	2
CASSLIPSSYNEQFF	TRBV12-4	TRBJ2-1	CVVSQAYNQGGKLIF	Donor AJG2309:IEL TCRab CD8ab TRM	1
CASSPPKGTGPYEQYF	TRBV18	TRBJ2-7	CVVNYTGGGNKLTF	Donor AJG2309:IEL TCRab CD8ab TRM	1
CASSLRLAGDTGELFF	TRBV7-6	TRBJ2-2	CVVSVGYGGATNKLIF	Donor AJG2309:IEL TCRab CD8ab TRM	3
CASSPHRGQGETQYF	TRBV12-4	TRBJ2-5	CAVGPRGSSNTGKLIF	Donor AJG2309:IEL TCRab CD8ab TRM	1
CASGLLAVPDTQYF	TRBV12-5	TRBJ2-3	CAVGTRNDYKLSF	Donor AJG2309:IEL TCRab CD8ab TRM	1
CASSGLNPGTGYYEQYF	TRBV19	TRBJ2-7	CLLTGANNLFF	Donor AJG2309:IEL TCRab CD8ab TRM	1
CSAREVIAGGYEQYF	TRBV20-1	TRBJ2-7	CAVGAENTDKLIF	Donor AJG2309:IEL TCRab CD8ab TRM	2
CSARPPLTGELFF	TRBV20-1	TRBJ2-2	CAVGETNDYKLSF	Donor AJG2309:IEL TCRab CD8ab TRM	1
CASGNSEAFF	TRBV27	TRBJ1-1	CAVEGWGKFQF	Donor AJG2309:IEL TCRab CD8ab TRM	2
CASSPGLINEQFF	TRBV27	TRBJ2-1	CAVGVYNNDMRF	Donor AJG2309:IEL TCRab CD8ab TRM	1
CASSLHGGNIQYF	TRBV27	TRBJ2-4	CAVVVDTGGFKTIF	Donor AJG2309:IEL TCRab CD8ab TRM	1
CASSLYRGRMGNQPQHF	TRBV28	TRBJ1-5	CAVGAYSGGGADGLTF	Donor AJG2309:IEL TCRab CD8ab TRM	1
CASSLSSAAGELFF	TRBV28	TRBJ2-2	CAVGDNFNKFYF	Donor AJG2309:IEL TCRab CD8ab TRM	1
CASSSRTSGSPEQFF	TRBV4-3	TRBJ2-1	CAVVDSGYALNF	Donor AJG2309:IEL TCRab CD8ab TRM	1
CASSFLAGGPRTGELFF	TRBV5-1	TRBJ2-2	CAVGEDSNYQLIW	Donor AJG2309:IEL TCRab CD8ab TRM	1
CASREPGLPLEQYF	TRBV6-1	TRBJ2-7	CAVGGGFGNVLHC	Donor AJG2309:IEL TCRab CD8ab TRM	1
CASKMWDMNTEAFF	TRBV6-2	TRBJ1-1	CAVVLSGGYQKVTF	Donor AJG2309:IEL TCRab CD8ab TRM	1
CASSYAVVGTQYF	TRBV6-5	TRBJ2-5	CAVGGDFGNEKLTF	Donor AJG2309:IEL TCRab CD8ab TRM	1
CASSLSGGSEAFF	TRBV7-2	TRBJ1-1	CAVYGGSQGNLIF	Donor AJG2309:IEL TCRab CD8ab TRM	1
CASSFLTSKNIQYF	TRBV7-8	TRBJ2-4	CAVGPTGNQFYF	Donor AJG2309:IEL TCRab CD8ab TRM	1
CASSPLNGGRENTDTQYF	TRBV7-8	TRBJ2-3	CAVGTGGFKTIF	Donor AJG2309:IEL TCRab CD8ab TRM	1
CASSVGGWGENTGELFF	TRBV9	TRBJ2-2	CAVYGNKLVF	Donor AJG2309:IEL TCRab CD8ab TRM	1
CASSFGVAGGPDTQYF	TRBV28	TRBJ2-3	CAVSGNTGFQKLVF	Donor AJG2309:IEL TCRab CD8ab TRM	1
CAWGTGTLGTDTQYF	TRBV30	TRBJ2-3	CAVSGGTGGFKTIF	Donor AJG2309:IEL TCRab CD8ab TRM	1
CASSQDSPGVNEQYF	TRBV4-3	TRBJ2-7	CAGHNTDKLIF	Donor AJG2309:IEL TCRab CD8ab TRM	1
CASSQDSGQFPLRGNEQFF	TRBV4-3	TRBJ2-1	CAVSERGFQKLVF	Donor AJG2309:IEL TCRab CD8ab TRM	1
CASSPQGYGSGGADTQYF	TRBV7-6	TRBJ2-3	CAVSRNTDKLIF	Donor AJG2309:IEL TCRab CD8ab TRM	1
CASSLGGRNTEAFF	TRBV7-8	TRBJ1-1	CAAEQEDTGRRALTF	Donor AJG2309:IEL TCRab CD8ab TRM	2
CATSRDLLGLAIQETQYF	TRBV15	TRBJ2-5	CAVGTGRRALTF	Donor AJG2309:IEL TCRab CD8ab TRM	1
CASSIDPSGVRGYTF	TRBV19	TRBJ1-2	CAALGGGADGLTF	Donor AJG2309:IEL TCRab CD8ab TRM	1
CASSPRTISGANVLTF	TRBV19	TRBJ2-6	CAGGYQKVTF	Donor AJG2309:IEL TCRab CD8ab TRM	12
CASSSGLAGYTGELFF	TRBV27	TRBJ2-2	CAVSGGGKLIF	Donor AJG2309:IEL TCRab CD8ab TRM	1
CASSQETQYF	TRBV3-1	TRBJ2-5	CVITGGGNKLTF	Donor AJG2309:IEL TCRab CD8ab TRM	1
CASSLQGDSNQPQHF	TRBV4-2	TRBJ1-5	CAPDAGNMLTF	Donor AJG2309:IEL TCRab CD8ab TRM	1
CASSLTRAGTDTQYF	TRBV5-1	TRBJ2-3	CAVNPGGYNKLIF	Donor AJG2309:IEL TCRab CD8ab TRM	1
CASSTRSGEGASTGELFF	TRBV9	TRBJ2-2	CAVSEGDDKIIF	Donor AJG2309:IEL TCRab CD8ab TRM	1
CASSAQGQPSYGYTF	TRBV9	TRBJ1-2	CAVSPTFYNQAGTALIF	Donor AJG2309:IEL TCRab CD8ab TRM	1
CASSASGRSADTQYF	TRBV9	TRBJ2-3	CAVTDYGGSQGNLIF	Donor AJG2309:IEL TCRab CD8ab TRM	1
CASSDTGRNGYTF	TRBV2	TRBJ1-2	CALSDAGAGSYQLTF	Donor AJG2309:IEL TCRab CD8ab TRM	1
CSAQTGEQPQHF	TRBV20-1	TRBJ1-5	CALLSGGGADGLTF	Donor AJG2309:IEL TCRab CD8ab TRM	1
CSASLLDLGTIEQYF	TRBV20-1	TRBJ2-7	CALSDPDTGGFKTIF	Donor AJG2309:IEL TCRab CD8ab TRM	1
CSARDVDNYGYTF	TRBV20-1	TRBJ1-2	CALSDRGNTPLVF	Donor AJG2309:IEL TCRab CD8ab TRM	1
CATGMAGGSDEQYF	TRBV24-1	TRBJ2-7	CALSDGNQAGTALIF	Donor AJG2309:IEL TCRab CD8ab TRM	1
CASSFSGVAGGFGTGELFF	TRBV27	TRBJ2-2	CALSVLLISSGSARQLTF	Donor AJG2309:IEL TCRab CD8ab TRM	1
CASSFGGSGQETQYF	TRBV27	TRBJ2-5	CALSVRGFQKLVF	Donor AJG2309:IEL TCRab CD8ab TRM	1
CASSFSSDEQYF	TRBV28	TRBJ2-7	CAPSGAGGYNKLIF	Donor AJG2309:IEL TCRab CD8ab TRM	1
CASSQEGFSGNTIYF	TRBV3-1	TRBJ1-3	CALSPEQAGTALIF	Donor AJG2309:IEL TCRab CD8ab TRM	1
CASSQGTLGGYTF	TRBV4-1	TRBJ1-2	CALKFDGATNKLIF	Donor AJG2309:IEL TCRab CD8ab TRM	1
CASSLVPGETYEQYF	TRBV5-5	TRBJ2-7	CALHLNGEYGNKLVF	Donor AJG2309:IEL TCRab CD8ab TRM	1
CASSPAGQRKISGNTIYF	TRBV5-5	TRBJ1-3	CALSPSSNTGKLIF	Donor AJG2309:IEL TCRab CD8ab TRM	2
CASSYSIQDLSYEQYF	TRBV6-2	TRBJ2-7	CALSDGGGGGSYIPTF	Donor AJG2309:IEL TCRab CD8ab TRM	1
CASSYSLSRGLFYEQYF	TRBV6-2	TRBJ2-7	CEPVSDGQKLLF	Donor AJG2309:IEL TCRab CD8ab TRM	1
CASSSGVGLAGDEQYF	TRBV12-4	TRBJ2-7	CAGSPRMDSSYKLIF	Donor AJG2309:L TCRab CD8ab MAIT	21
CASSSGVGLAGDEQYF	TRBV12-4	TRBJ2-7	CAVLVGARLMF	Donor AJG2309:L TCRab CD8ab MAIT	16
CASSPRGLNTEAFF	TRBV6-5	TRBJ1-1	CAVRDGAGGGNKLTF	Donor AJG2309:L TCRab CD8ab MAIT	2
CASSSLGSYQGANVLTF	TRBV6-5	TRBJ2-6	CAVRDSNYQLIW	Donor AJG2309:L TCRab CD8ab MAIT	1
CASSSGVGLAGDEQYF	TRBV12-4	TRBJ2-7	CAGSPRMDSSYKLIF	Donor AJG2309:L TCRab CD8ab Naive/TCM	1
CSASPGGSYNEQFF	TRBV20-1	TRBJ2-1	CASMDSNYQLIW	Donor AJG2309:L TCRab CD8ab Naive/TCM	1
CASSQDRGTGGEKLFF	TRBV4-1	TRBJ1-4	CAGSGNTGKLIF	Donor AJG2309:L TCRab CD8ab Naive/TCM	1
CASSLGLARGDF	TRBV7-8	TRBJ2-3	CAVNTAYSGAGSYQLTF	Donor AJG2309:L TCRab CD8ab Naive/TCM	1
CASSPETDEKLFF	TRBV13	TRBJ1-4	CAESDQGAQKLVF	Donor AJG2309:L TCRab CD8ab Naive/TCM	1
CASSLSQPGWGDTEAFF	TRBV28	TRBJ1-1	CATDEKQAGTALIF	Donor AJG2309:L TCRab CD8ab Naive/TCM	1
CASSWVGLDSNQPQHF	TRBV6-2	TRBJ1-5	CALSEEKASGTYKYIF	Donor AJG2309:L TCRab CD8ab Naive/TCM	1
CASSLIGLLNTEAFF	TRBV27	TRBJ1-1	CAVEERADSWGKFQF	Donor AJG2309:L TCRab CD8ab Naive/TCM	1
CASRIPGLNLGRGGNEQFF	TRBV6-2	TRBJ2-1	CAVQAENYGQNFVF	Donor AJG2309:L TCRab CD8ab Naive/TCM	1
CAISQKLAASTDTQYF	TRBV10-3	TRBJ2-3	CAVSDWGSQGNLIF	Donor AJG2309:L TCRab CD8ab Naive/TCM	1
CASSHSGTETQYF	TRBV5-1	TRBJ2-5	CAMEGAGKSTF	Donor AJG2309:L TCRab CD8ab Naive/TCM	1
CASSEGSSRPQHF	TRBV6-1	TRBJ1-5	CASDSYNNNDMRF	Donor AJG2309:L TCRab CD8ab Naive/TCM	1
CASSPEDRRYEQYF	TRBV5-1	TRBJ2-7	CAATMDSNYQLIW	Donor AJG2309:L TCRab CD8ab Naive/TCM	1
CSALRAGILTGEAFF	TRBV20-1	TRBJ1-1	CILTNFGNEKLTF	Donor AJG2309:L TCRab CD8ab Naive/TCM	1
CASSYWSGQSTDTQYF	TRBV6-6	TRBJ2-3	CILRGGFGNVLHC	Donor AJG2309:L TCRab CD8ab Naive/TCM	1
CASSLGQAYEQYF	TRBV7-8	TRBJ2-7	CINPLAGGTSYGKLTF	Donor AJG2309:L TCRab CD8ab Naive/TCM	1
CASMATEAFF	TRBV19	TRBJ1-1	CAVRVFYGGATNKLIF	Donor AJG2309:L TCRab CD8ab Naive/TCM	1
CSARIPGARLTDTQYF	TRBV20-1	TRBJ2-3	CAVRVFYGGATNKLIF	Donor AJG2309:L TCRab CD8ab Naive/TCM	1
CSASPSGPYNEQFF	TRBV20-1	TRBJ2-1	CGTTPRDTGKLIF	Donor AJG2309:L TCRab CD8ab Naive/TCM	1
CASKLGDWGYEQYF	TRBV28	TRBJ2-7	CAVPEYGNKLVF	Donor AJG2309:L TCRab CD8ab Naive/TCM	1
CASSLRSQDTGELFF	TRBV7-6	TRBJ2-2	CAVSPYETSGSRLTF	Donor AJG2309:L TCRab CD8ab Naive/TCM	1
CASSLDRGIGNTGELFF	TRBV28	TRBJ2-2	CAGSSGTYKYIF	Donor AJG2309:L TCRab CD8ab Naive/TCM	1
CASSPGSSGRPRTQYF	TRBV4-1	TRBJ2-3	CAKNYGQNFVF	Donor AJG2309:L TCRab CD8ab TRM	1
CASSQDASGAPKNIQYF	TRBV4-3	TRBJ2-4	CAVRPMDSSYKLIF	Donor AJG2309:L TCRab CD8ab TRM	2
CASSRLKTGGTSYEQYF	TRBV5-5	TRBJ2-7	CAVAVMDTGRRALTF	Donor AJG2309:L TCRab CD8ab TRM	1
CASRGWPGLAGGWADTQYF	TRBV6-5	TRBJ2-3	CAVRDQGGRRALTF	Donor AJG2309:L TCRab CD8ab TRM	1
CASSSGVGLAGDEQYF	TRBV12-4	TRBJ2-7	CAGSPRMDSSYKLIF	Donor AJG2309:L TCRab CD8ab TRM	29
CASSSGVGLAGDEQYF	TRBV12-4	TRBJ2-7	CAVLVGARLMF	Donor AJG2309:L TCRab CD8ab TRM	31
CASSIGLASSYEQYF	TRBV19	TRBJ2-7	CAVRDRDSNYQLIW	Donor AJG2309:L TCRab CD8ab TRM	1
CSARDLGTSGALEHEQFF	TRBV20-1	TRBJ2-1	CAPEDSNYQLIW	Donor AJG2309:L TCRab CD8ab TRM	1
CSARASGDYNEQFF	TRBV20-1	TRBJ2-1	CAPMDSNYQLIW	Donor AJG2309:L TCRab CD8ab TRM	1
CASSQGRGDHEGTDTQYF	TRBV3-1	TRBJ2-3	CAVRGYGQNFVF	Donor AJG2309:L TCRab CD8ab TRM	1
CASSPTPGSTYDLNEQFF	TRBV6-4	TRBJ2-1	CAAMDSNYQLIW	Donor AJG2309:L TCRab CD8ab TRM	1
CASSDSGQLVDEQFF	TRBV6-4	TRBJ2-1	CAVVDSNYQLIW	Donor AJG2309:L TCRab CD8ab TRM	1
CASSPRGLNTEAFF	TRBV6-5	TRBJ1-1	CAVRDGAGGGNKLTF	Donor AJG2309:L TCRab CD8ab TRM	1
CASSPGVEGGYGYTF	TRBV6-5	TRBJ1-2	CAVRNSNYQLIW	Donor AJG2309:L TCRab CD8ab TRM	1
CASSLRGGVGDNEQFF	TRBV7-2	TRBJ2-1	CAVRDRDSNYQLIW	Donor AJG2309:L TCRab CD8ab TRM	1
CASSESRRVAKVLQETQYF	TRBV25-1	TRBJ2-5	CVVSDRGSTLGRLYF	Donor AJG2309:L TCRab CD8ab TRM	1
CASNAMGAGKNTEAFF	TRBV28	TRBJ1-1	CVVTDTGGFKTIF	Donor AJG2309:L TCRab CD8ab TRM	1
CASSLAKDTTYEQYF	TRBV5-1	TRBJ2-7	CVVSAGDFPNTNAGKSTF	Donor AJG2309:L TCRab CD8ab TRM	3
CASTPGGTGWDNEQFF	TRBV7-2	TRBJ2-1	CVVRSWDNQGGKLIF	Donor AJG2309:L TCRab CD8ab TRM	1
CASSAHARRDRGPEAFF	TRBV7-9	TRBJ1-1	CVVSPTSGTYKYIF	Donor AJG2309:L TCRab CD8ab TRM	8
CASSPPTHRYGYTF	TRBV18	TRBJ1-2	CVVNSPRLPLTF	Donor AJG2309:L TCRab CD8ab TRM	1
CSADRPGQNYGYTF	TRBV20-1	TRBJ1-2	CVVWLNNAGNMLTF	Donor AJG2309:L TCRab CD8ab TRM	1
CASSPRKENEKLFF	TRBV27	TRBJ1-4	CVVFPTDSWGKLQF	Donor AJG2309:L TCRab CD8ab TRM	1
CAWSSSTSGRQYF	TRBV30	TRBJ2-3	CVVPLGGGSQGNLIF	Donor AJG2309:L TCRab CD8ab TRM	2
CASSISIRGWRGETNEQFF	TRBV6-2	TRBJ2-1	CVVNGLGFQKLVF	Donor AJG2309:L TCRab CD8ab TRM	1
CASSFNRASGNTIYF	TRBV6-5	TRBJ1-3	CVVRSYNQGGKLIF	Donor AJG2309:L TCRab CD8ab TRM	3
CASSPQGQGGRNTEAFF	TRBV9	TRBJ1-1	CVVNTEMDSSYKLIF	Donor AJG2309:L TCRab CD8ab TRM	4
CSARETSGNTIYF	TRBV20-1	TRBJ1-3	CAARFGATNKLIF	Donor AJG2309:L TCRab CD8ab TRM	1
CSASPLGVQPQHF	TRBV20-1	TRBJ1-5	CAVGVETSYDKVIF	Donor AJG2309:L TCRab CD8ab TRM	1
CASSWGGSPLHF	TRBV25-1	TRBJ1-6	CAVNLYRGSQGNLIF	Donor AJG2309:L TCRab CD8ab TRM	3
CASSHGAAGGPPTDTQYF	TRBV28	TRBJ2-3	CAVNLYGNQFYF	Donor AJG2309:L TCRab CD8ab TRM	3
CASSPAGLGGMGSTYEQYF	TRBV28	TRBJ2-7	CAVNNVPEGSYIPTF	Donor AJG2309:L TCRab CD8ab TRM	1
CASNNPTGVAGVFTGELFF	TRBV7-9	TRBJ2-2	CAVNPRSYNTDKLIF	Donor AJG2309:L TCRab CD8ab TRM	1
CSARDSMGIDTQYF	TRBV20-1	TRBJ2-3	CAMTTNSGYSTLTL	Donor AJG2309:L TCRab CD8ab TRM	1
CASSLRGLYEQYF	TRBV28	TRBJ2-7	CALQREGRQLTF	Donor AJG2309:L TCRab CD8ab TRM	1
CASSGRQGKRATNRRTDRPQHF	TRBV28	TRBJ1-5	CAMKGDYKLSF	Donor AJG2309:L TCRab CD8ab TRM	9
CASSISSGRDSYNEQFF	TRBV11-2	TRBJ2-1	CAASNRYNFNKFYF	Donor AJG2309:L TCRab CD8ab TRM	1
CASSFWGDEQYF	TRBV12-4	TRBJ2-7	CAASIGSGAGSYQLTF	Donor AJG2309:L TCRab CD8ab TRM	2
CASSLVSAEQYF	TRBV12-4	TRBJ2-7	CAASIGSGAGSYQLTF	Donor AJG2309:L TCRab CD8ab TRM	2
CASSPTAGGEQFF	TRBV12-4	TRBJ2-1	CAASIGSGAGSYQLTF	Donor AJG2309:L TCRab CD8ab TRM	2
CASSVVGQNYEQYF	TRBV2	TRBJ2-7	CAPSFNSGGYQKVTF	Donor AJG2309:L TCRab CD8ab TRM	1
CASSLGVNNEQFF	TRBV27	TRBJ2-1	CAASGTDRGSTLGRLYF	Donor AJG2309:L TCRab CD8ab TRM	2
CASSFLAGAGGYTF	TRBV27	TRBJ1-2	CAASIQRGFGNEKLTF	Donor AJG2309:L TCRab CD8ab TRM	1
CASSYIGQGGTEAFF	TRBV28	TRBJ1-1	CAAGDYGQNFVF	Donor AJG2309:L TCRab CD8ab TRM	1
CASSQDWQKGSSYEQYF	TRBV4-3	TRBJ2-7	CAASITGYSTLTF	Donor AJG2309:L TCRab CD8ab TRM	1
CASSLNGLNEQFF	TRBV7-3	TRBJ2-1	CAASEGNEKLTF	Donor AJG2309:L TCRab CD8ab TRM	1
CASSLGPNYEQYF	TRBV7-6	TRBJ2-7	CAASSNQGGKLIF	Donor AJG2309:L TCRab CD8ab TRM	1
CASSLALAGVVDEQYF	TRBV7-9	TRBJ2-7	CAASKSGGYNKLIF	Donor AJG2309:L TCRab CD8ab TRM	1
CASSVGGNTGELFF	TRBV9	TRBJ2-2	CAAASTGGGNKLTF	Donor AJG2309:L TCRab CD8ab TRM	5
CASSVGGNTGELFF	TRBV9	TRBJ2-2	CAVSTGGGNKLTF	Donor AJG2309:L TCRab CD8ab TRM	1
CASSQVNTINTEAFF	TRBV4-1	TRBJ1-1	CAENQNNNARLMF	Donor AJG2309:L TCRab CD8ab TRM	1
CASSQDGAGVSYEQYF	TRBV4-2	TRBJ2-7	CAENRGQGGSEKLVF	Donor AJG2309:L TCRab CD8ab TRM	2
CASSLARRQPDHQPQHF	TRBV5-6	TRBJ1-5	CAETGGTNSGYALNF	Donor AJG2309:L TCRab CD8ab TRM	1
CASSLGQGDREQYF	TRBV5-6	TRBJ2-7	CAETPGGSYIPTF	Donor AJG2309:L TCRab CD8ab TRM	1
CASSDGDNTGELFF	TRBV6-4	TRBJ2-2	CNQGGKLIF	Donor AJG2309:L TCRab CD8ab TRM	1
CASSLVPYARGGISPLHF	TRBV7-2	TRBJ1-6	CAEISPYNQGGKLIF	Donor AJG2309:L TCRab CD8ab TRM	1
CASSLKTWTGNTGELFF	TRBV7-8	TRBJ2-2	CAETFARLMF	Donor AJG2309:L TCRab CD8ab TRM	1
CASSHGPVEQYF	TRBV18	TRBJ2-7	CAEGDYRRGGSEKLVF	Donor AJG2309:L TCRab CD8ab TRM	1
CASSPHYGTEAFF	TRBV28	TRBJ1-1	CAMREAYGQNFVF	Donor AJG2309:L TCRab CD8ab TRM	16
CASSQDSIGQGSYEQYF	TRBV4-3	TRBJ2-7	CAMREGLSFGNEKLTF	Donor AJG2309:L TCRab CD8ab TRM	1
CASSSEIGNEQFF	TRBV7-3	TRBJ2-1	CAMREGVRLDGQKLLF	Donor AJG2309:L TCRab CD8ab TRM	1
CASSPQVRESSYEQYF	TRBV7-6	TRBJ2-7	CAMREGWGAQKLVF	Donor AJG2309:L TCRab CD8ab TRM	2
CASSPTAGGEQFF	TRBV12-4	TRBJ2-1	CALPFSGGYNKLIF	Donor AJG2309:L TCRab CD8ab TRM	4
CASSSLTGYEQYF	TRBV27	TRBJ2-7	CALVNYGQNFVF	Donor AJG2309:L TCRab CD8ab TRM	1
CASSLYTPGTDNYEQYF	TRBV28	TRBJ2-7	CALSHRISGGYNKLIF	Donor AJG2309:L TCRab CD8ab TRM	3
CASSSGPKKSSYNEQFF	TRBV6-2	TRBJ2-1	CALPGGLIW	Donor AJG2309:L TCRab CD8ab TRM	1
CASSLSGRMNTEAFF	TRBV7-2	TRBJ1-1	CALNGFTQGAQKLVF	Donor AJG2309:L TCRab CD8ab TRM	3
CSAGDGGWGYNEQFF	TRBV20-1	TRBJ2-1	CAPGGSQGNLIF	Donor AJG2309:L TCRab CD8ab TRM	1
CASRWDHYNEQFF	TRBV25-1	TRBJ2-1	CASNFNKFYF	Donor AJG2309:L TCRab CD8ab TRM	1
CASSQDGRNNGYTF	TRBV4-1	TRBJ1-2	CATEGYGGYQKVTF	Donor AJG2309:L TCRab CD8ab TRM	1
CASSRPGQGQNEQFF	TRBV5-4	TRBJ2-1	CATGRGETSGSRLTF	Donor AJG2309:L TCRab CD8ab TRM	1
CASSVGGNTGELFF	TRBV9	TRBJ2-2	CATDELAGGFKTIF	Donor AJG2309:L TCRab CD8ab TRM	2
CASSSSDPPRVPQHF	TRBV12-4	TRBJ1-5	CALSERGSSNTGKLIF	Donor AJG2309:L TCRab CD8ab TRM	4
CASSHHLRGELFF	TRBV12-4	TRBJ2-2	CALSEVWGSEKLVF	Donor AJG2309:L TCRab CD8ab TRM	1
CASSRDAGGELFF	TRBV19	TRBJ1-4	CALSASYNTDKLIF	Donor AJG2309:L TCRab CD8ab TRM	1
CASSISGNSYNEQFF	TRBV19	TRBJ2-1	CALSPYSSASKIIF	Donor AJG2309:L TCRab CD8ab TRM	1
CASSLNPVLGLAEPYNEQFF	TRBV28	TRBJ2-1	CALRGSSGYSTLTF	Donor AJG2309:L TCRab CD8ab TRM	1
CASNTQGARQPQHF	TRBV28	TRBJ1-5	CALSDSGNTGKLIF	Donor AJG2309:L TCRab CD8ab TRM	1
CASSIKGLLGYTDTQYF	TRBV28	TRBJ2-3	CALSEETYTGANSKLTF	Donor AJG2309:L TCRab CD8ab TRM	6
CASSQEDRARGYTF	TRBV4-1	TRBJ1-2	CALGFGSGAGSYQLTF	Donor AJG2309:L TCRab CD8ab TRM	19
CASSQERSQAQHF	TRBV4-1	TRBJ1-5	CALSEANSDYKLSF	Donor AJG2309:L TCRab CD8ab TRM	1
CASSLRQGALTDTQYF	TRBV5-5	TRBJ2-3	CALSEAYMNRDDKIIF	Donor AJG2309:L TCRab CD8ab TRM	1
CASSLSGRMNTEAFF	TRBV7-2	TRBJ1-1	CALSEAQGGSEKLVF	Donor AJG2309:L TCRab CD8ab TRM	2
CASSVDGGTGELFF	TRBV9	TRBJ2-2	CALSEGFQKLVF	Donor AJG2309:L TCRab CD8ab TRM	1
CASSLPTGTSYNEQFF	TRBV7-2	TRBJ2-1	CALEAGSTLGRLYF	Donor AJG2309:L TCRab CD8ab TRM	1
CASSQDRRLVATIPSYNEQFF	TRBV14	TRBJ2-1	CAVQGWSSGNTGKLIF	Donor AJG2309:L TCRab CD8ab TRM	3
CASSYFLGRLNADTQYF	TRBV28	TRBJ2-3	CALLNAGNMLTF	Donor AJG2309:L TCRab CD8ab TRM	2
CASSPLLLRDAVWSEAFF	TRBV4-2	TRBJ1-1	CAVLNQAGTALIF	Donor AJG2309:L TCRab CD8ab TRM	1
CASDPVAQETQYF	TRBV2	TRBJ2-5	CAVRPIGSGGSYIPTF	Donor AJG2309:L TCRab CD8ab TRM	1
CASSTRVFYEQYF	TRBV27	TRBJ2-7	CAPRSYSGAGSYQLTF	Donor AJG2309:L TCRab CD8ab TRM	4
CASSQGIIAERTDTQYF	TRBV3-1	TRBJ2-3	CAVVTSGSRLTF	Donor AJG2309:L TCRab CD8ab TRM	1
CASSLVGGPHVYGYTF	TRBV5-1	TRBJ1-2	CAIRGNDMRF	Donor AJG2309:L TCRab CD8ab TRM	1
CATSTGNTEAFF	TRBV6-5	TRBJ1-1	CAVRPGKHARLMF	Donor AJG2309:L TCRab CD8ab TRM	1
CASGMTGGFKVTQYF	TRBV7-6	TRBJ2-5	CAVVTSGSRLTF	Donor AJG2309:L TCRab CD8ab TRM	2
CASSLGGDYGYTF	TRBV7-9	TRBJ1-2	CAHYNQGGKLIF	Donor AJG2309:L TCRab CD8ab TRM	1
CASSPQGDEKLFF	TRBV18	TRBJ1-4	CAVTIGAGSYQLTF	Donor AJG2309:L TCRab CD8ab TRM	1
CASSLSRSSKVGQFF	TRBV5-4	TRBJ2-1	CAVVNSGGYQKVTF	Donor AJG2309:L TCRab CD8ab TRM	1
CASSAQGKGVSEQYF	TRBV9	TRBJ2-7	CAFRWRDKIIF	Donor AJG2309:L TCRab CD8ab TRM	1
CASSTRGSYEQYF	TRBV27	TRBJ2-7	CAFIAGKLIF	Donor AJG2309:L TCRab CD8ab TRM	1
CASSLGGDRVFQETQYF	TRBV5-4	TRBJ2-5	CAPTRNQGGKLIF	Donor AJG2309:L TCRab CD8ab TRM	1
CASSYSTPTPYEQYF	TRBV6-5	TRBJ2-7	CAFLNAGGTSYGKLTF	Donor AJG2309:L TCRab CD8ab TRM	1
CASRHPTGYGSNYGYTF	TRBV6-5	TRBJ1-2	CAFRTYYNTDKLIF	Donor AJG2309:L TCRab CD8ab TRM	1
CASSAQGAGYGYTF	TRBV9	TRBJ1-2	CAFNNNDMRF	Donor AJG2309:L TCRab CD8ab TRM	1
CASGMGQPAPGAFF	TRBV13	TRBJ1-1	CAGPESGGYQKVTF	Donor AJG2309:L TCRab CD8ab TRM	1
CASSLRLAGYQSSYEQYF	TRBV7-6	TRBJ2-7	CAGAGPQTSGSRLTF	Donor AJG2309:L TCRab CD8ab TRM	1
CASSLREQGTYEQYF	TRBV13	TRBJ2-7	CIAQDSNYQLIW	Donor AJG2309:L TCRab CD8ab TRM	9
CASSNLNSPLHF	TRBV27	TRBJ1-6	CIVRVGGDSWGKLQF	Donor AJG2309:L TCRab CD8ab TRM	1
CSVGPRRDRRGELFF	TRBV29-1	TRBJ1-4	CIVRVGSQGGKLIF	Donor AJG2309:L TCRab CD8ab TRM	1
CAWTLGGEQYF	TRBV30	TRBJ2-7	CIVRVGNLYNQGGKLIF	Donor AJG2309:L TCRab CD8ab TRM	1
CASSLAVGTRSRAEQFF	TRBV5-1	TRBJ2-1	CIVRDANAGKSTF	Donor AJG2309:L TCRab CD8ab TRM	1
CASSYSTVLGTYEQYF	TRBV6-5	TRBJ2-7	CIVRVEGSGGGADGLTF	Donor AJG2309:L TCRab CD8ab TRM	1
CASSSGLTSYEQYF	TRBV9	TRBJ2-7	CIVRVGSQGGKLIF	Donor AJG2309:L TCRab CD8ab TRM	1
CASGGGIPLNTEAFF	TRBV27	TRBJ1-1	CIPNHYGQNFVF	Donor AJG2309:L TCRab CD8ab TRM	1
CSVLPRRTTSGSRANEQFF	TRBV29-1	TRBJ2-1	CILRDLQAGTALIF	Donor AJG2309:L TCRab CD8ab TRM	4
CASSLGQAYEQYF	TRBV7-8	TRBJ2-7	CILPLAGGTSYGKLTF	Donor AJG2309:L TCRab CD8ab TRM	1
CASSMGQAYEQYF	TRBV7-8	TRBJ2-7	CILPLAGGTSYGKLTF	Donor AJG2309:L TCRab CD8ab TRM	1
CASSLGQAYEQYF	TRBV7-8	TRBJ2-7	CINPLAGGTSYGKLTF	Donor AJG2309:L TCRab CD8ab TRM	6
CASSEGLPPHYEQYF	TRBV2	TRBJ2-7	CAGAGGGTDKLIF	Donor AJG2309:L TCRab CD8ab TRM	1
CASSLSPKHNEQFF	TRBV27	TRBJ2-1	CAGERDSGTYKYIF	Donor AJG2309:L TCRab CD8ab TRM	1
CASSFFGLVIPGRMGYEQYF	TRBV28	TRBJ2-7	CAGATNSGYALNF	Donor AJG2309:L TCRab CD8ab TRM	4
CASSPLASTPNEQFF	TRBV4-3	TRBJ2-1	CAGSNYGGSQGNLIF	Donor AJG2309:L TCRab CD8ab TRM	1
CASSLGGHPTYEQYF	TRBV7-3	TRBJ2-7	CAGAELEKGAGKSTF	Donor AJG2309:L TCRab CD8ab TRM	1
CASSFMGLENSPLHF	TRBV11-2	TRBJ1-6	CAANSGNNNDMRF	Donor AJG2309:L TCRab CD8ab TRM	1
CASTLAGVPYNEQFF	TRBV2	TRBJ2-1	CAASVNYGGSQGNLIF	Donor AJG2309:L TCRab CD8ab TRM	1
CASINYRDRGRVEQYF	TRBV28	TRBJ2-7	CAAIAGGFKTIF	Donor AJG2309:L TCRab CD8ab TRM	1
CASSLGRDPTGELFF	TRBV28	TRBJ2-2	CAASHAGKSTF	Donor AJG2309:L TCRab CD8ab TRM	36
CASSPTVNTGELFF	TRBV4-2	TRBJ2-2	CAASANQLIW	Donor AJG2309:L TCRab CD8ab TRM	1
CASSQDGWGEQYF	TRBV4-3	TRBJ2-7	CAASPHSGGSNYKLTF	Donor AJG2309:L TCRab CD8ab TRM	2
CASSSTYGQANTGELFF	TRBV5-4	TRBJ2-2	CAASAGQKLLF	Donor AJG2309:L TCRab CD8ab TRM	1
CASSFFGGRTDTQYF	TRBV5-4	TRBJ2-3	CAASVQETSGSRLTF	Donor AJG2309:L TCRab CD8ab TRM	1
CASSYSVGRRANTGELFF	TRBV6-5	TRBJ2-2	CAASAGGDMRF	Donor AJG2309:L TCRab CD8ab TRM	3
CASSPNRRTGSPSRGYTF	TRBV6-5	TRBJ1-2	CAASAYHTGNQFYF	Donor AJG2309:L TCRab CD8ab TRM	1
CASNLIPALPYEQYF	TRBV6-6	TRBJ2-7	CAAPQGDDKIIF	Donor AJG2309:L TCRab CD8ab TRM	1
CASSYSRTGGSPLHF	TRBV6-6	TRBJ1-6	CAASDAGGTSYGKLTF	Donor AJG2309:L TCRab CD8ab TRM	1
CASSRGTGEGYEQFF	TRBV7-3	TRBJ2-1	CAASWDKIIF	Donor AJG2309:L TCRab CD8ab TRM	1
CASSQVEYVAFF	TRBV7-9	TRBJ1-1	CAASDSGAGSYQLTF	Donor AJG2309:L TCRab CD8ab TRM	1
CASSSGLTSYEQYF	TRBV9	TRBJ2-7	CAAQGGSEKLVF	Donor AJG2309:L TCRab CD8ab TRM	2
CASSLDRLREQYF	TRBV11-2	TRBJ2-7	CAQEGGRRALTF	Donor AJG2309:L TCRab CD8ab TRM	1
CASSLGTGSYEQYF	TRBV13	TRBJ2-7	CAVRDMTTEGADGLTF	Donor AJG2309:L TCRab CD8ab TRM	1
CASSQDPGQGQTQYF	TRBV4-3	TRBJ2-5	CAVRDDSSYKLIF	Donor AJG2309:L TCRab CD8ab TRM	2
CASSQDGWGEQYF	TRBV4-3	TRBJ2-7	CAVRDRNNNARLMF	Donor AJG2309:L TCRab CD8ab TRM	1
CATHRAGSPLHF	TRBV5-4	TRBJ1-6	CAVTDTGGFKTIF	Donor AJG2309:L TCRab CD8ab TRM	1
CASSLASGGPPYEQYF	TRBV5-6	TRBJ2-7	CAVRDPYILTGGGNKLTF	Donor AJG2309:L TCRab CD8ab TRM	1
CASSSFGADEQYF	TRBV6-2	TRBJ2-7	CAVRDMYSGGGADGLTF	Donor AJG2309:L TCRab CD8ab TRM	1
CASSLRRTSGRLDEQFF	TRBV7-2	TRBJ2-1	CAVSPNSGYSTLTF	Donor AJG2309:L TCRab CD8ab TRM	9
CASSSAGSTDTQYF	TRBV7-8	TRBJ2-3	CAVRDSWWGGKSTF	Donor AJG2309:L TCRab CD8ab TRM	3
CASSLGDNEQFF	TRBV7-9	TRBJ2-1	CAVRDRNNNARLMF	Donor AJG2309:L TCRab CD8ab TRM	1
CASSVAGTGFSPLHF	TRBV9	TRBJ1-6	CAVRDRNNNARLMF	Donor AJG2309:L TCRab CD8ab TRM	1
CASSVGDGLYEQYF	TRBV9	TRBJ2-7	CAVRVLHNAGNMLTF	Donor AJG2309:L TCRab CD8ab TRM	1
CSASPSGPYNEQFF	TRBV20-1	TRBJ2-1	CGTTPRDTGKLIF	Donor AJG2309:L TCRab CD8ab TRM	3
CASSLAFVHLNYGYTF	TRBV5-1	TRBJ1-2	CGTSAGGTSYGKLTF	Donor AJG2309:L TCRab CD8ab TRM	2
CASSVVVGGGYTF	TRBV9	TRBJ1-2	CGTETDSGAGSYQLTF	Donor AJG2309:L TCRab CD8ab TRM	1
CASSVGENPLGEQFF	TRBV9	TRBJ2-1	CGTSPSGGATNKLIF	Donor AJG2309:L TCRab CD8ab TRM	1
CASSLWLSRGHEQFF	TRBV11-2	TRBJ2-1	CGAAKRDNYGQNFVF	Donor AJG2309:L TCRab CD8ab TRM	1
CATSDAGDYHIQYF	TRBV24-1	TRBJ2-4	CGADIQLTGGGNKLTF	Donor AJG2309:L TCRab CD8ab TRM	1
CASSRRGAGAYEQYF	TRBV13	TRBJ2-7	CAGLQNTGNQFYF	Donor AJG2309:L TCRab CD8ab TRM	4
CSAIQGAPTEAFF	TRBV29-1	TRBJ1-1	CAGLIGFGNVLHC	Donor AJG2309:L TCRab CD8ab TRM	1
CASSWGAGSNYGYTF	TRBV7-3	TRBJ1-2	CAGRSADGLTF	Donor AJG2309:L TCRab CD8ab TRM	1
CAISADRGWSGGYTF	TRBV10-3	TRBJ1-2	CAAGDGSSNTGKLIF	Donor AJG2309:L TCRab CD8ab TRM	1
CASSPGTGWLYTEAFF	TRBV18	TRBJ1-1	CAFPLAGGTSYGKLTF	Donor AJG2309:L TCRab CD8ab TRM	1
CASSARTGNSPLHF	TRBV19	TRBJ1-6	CAFMIRGGGADGLTF	Donor AJG2309:L TCRab CD8ab TRM	1
CASSFPRGQASSGANVLTF	TRBV4-2	TRBJ2-6	CAYLNNAGNMLTF	Donor AJG2309:L TCRab CD8ab TRM	1
CASSWGPVGSDTEAFF	TRBV5-1	TRBJ1-1	CAFMGPGGGADGLTF	Donor AJG2309:L TCRab CD8ab TRM	1
CASSGGRTGELFF	TRBV5-4	TRBJ2-2	CAFVTQGGSEKLVF	Donor AJG2309:L TCRab CD8ab TRM	1
CASSLGGGEQFF	TRBV7-7	TRBJ2-1	CARDYNQGGKLIF	Donor AJG2309:L TCRab CD8ab TRM	1
CASSSSTGLGNTIYF	TRBV9	TRBJ1-3	CAFILNSGGSNYKLTF	Donor AJG2309:L TCRab CD8ab TRM	1
CAISDLLAGVNQETQYF	TRBV10-3	TRBJ2-5	CAYAPDSNDYKLSF	Donor AJG2309:L TCRab CD8ab TRM	1
CASSTLPGQGHLIPDNEQFF	TRBV18	TRBJ2-1	CAYRSTYGGSQGNLIF	Donor AJG2309:L TCRab CD8ab TRM	1
CASSLAGGPNEQFF	TRBV27	TRBJ2-1	CAYAHSAGGTSYGKLTF	Donor AJG2309:L TCRab CD8ab TRM	4
CASSLFVGSPQFF	TRBV27	TRBJ2-1	CAYRSRINYGQNFVF	Donor AJG2309:L TCRab CD8ab TRM	2
CASTLNRDSYNSPLHF	TRBV28	TRBJ1-6	CALALSGSRLTF	Donor AJG2309:L TCRab CD8ab TRM	2
CASSLGGQIYSAYSNQPQHF	TRBV28	TRBJ1-5	CAYRSPRPNSNSGYALNF	Donor AJG2309:L TCRab CD8ab TRM	1
CASSAGGADHEQYF	TRBV9	TRBJ2-7	CAYRAMYNNNDMRF	Donor AJG2309:L TCRab CD8ab TRM	1
CASSLSYGRDTEAFF	TRBV4-3	TRBJ1-1	CAVFNSGGSNYKLTF	Donor AJG2309:L TCRab CD8ab TRM	1
CASSPGVTEILLSPLHF	TRBV7-3	TRBJ1-6	CAVDQFSGNTPLVF	Donor AJG2309:L TCRab CD8ab TRM	1
CASSAQGAGYGYTF	TRBV9	TRBJ1-2	CALNGGSQGNLIF	Donor AJG2309:L TCRab CD8ab TRM	1
CASSWTDTYEQYF	TRBV6-2	TRBJ2-7	CLLGPMDSNYQLIW	Donor AJG2309:L TCRab CD8ab TRM	1
CATEGSRQEGRTEAFF	TRBV2	TRBJ1-1	CAGGADGLTF	Donor AJG2309:L TCRab CD8ab TRM	4
CASSIWTSGEQYF	TRBV6-5	TRBJ2-7	CAVRSRRATSGSRLTF	Donor AJG2309:L TCRab CD8ab TRM	1
CSALPTGTDTQYF	TRBV20-1	TRBJ2-3	CAAMFSGGYNKLIF	Donor AJG2309:L TCRab CD8ab TRM	1
CASSSGVYNEQFF	TRBV7-3	TRBJ2-1	CAENYGGSQGNLIF	Donor AJG2309:L TCRab CD8ab TRM	1
CASSSGLQLNTEAFF	TRBV7-9	TRBJ1-1	CAEKNSGYSTLTF	Donor AJG2309:L TCRab CD8ab TRM	1
CASSLGPLGGEQYF	TRBV7-3	TRBJ2-7	CALNTGGFKTIF	Donor AJG2309:L TCRab CD8ab TRM	1
CSVLPVSNTGELFF	TRBV29-1	TRBJ2-2	CAVTWGGGGADGLTF	Donor AJG2309:L TCRab CD8ab TRM	3
CASSPPRSTEPYEQYF	TRBV7-9	TRBJ2-7	CAVNNQAGTALIF	Donor AJG2309:L TCRab CD8ab TRM	1
CASGTSGTRETQYF	TRBV7-9	TRBJ2-5	CAVNSNSGYALNF	Donor AJG2309:L TCRab CD8ab TRM	1
CASSRGYEQYF	TRBV6-5	TRBJ2-7	CVVSVLDHDKIIF	Donor AJG2309:L TCRab CD8ab TRM	1
CASSMGTSLSTGELFF	TRBV27	TRBJ2-2	CAVGAHNNDMRF	Donor AJG2309:L TCRab CD8ab TRM	1
CASSQPTGTGKVEKLFF	TRBV4-2	TRBJ1-4	CAVGPLSSGSARQLTF	Donor AJG2309:L TCRab CD8ab TRM	1
CASSLRDRGNYGYTF	TRBV5-4	TRBJ1-2	CAVGAAGGGNKLTF	Donor AJG2309:L TCRab CD8ab TRM	1
CASSFWGLAGFSYNEQFF	TRBV12-4	TRBJ2-1	CAVRMGNYGGSQGNLIF	Donor AJG2309:L TCRab CD8ab TRM	1
CASGDRDSYEQYF	TRBV2	TRBJ2-7	CAVTSSGAGSYQLTF	Donor AJG2309:L TCRab CD8ab TRM	1
CASSERGQGDGYTF	TRBV28	TRBJ1-2	CAVSEEGYSTLTF	Donor AJG2309:L TCRab CD8ab TRM	1
CASSQDGLAGSSYNEQFF	TRBV4-1	TRBJ2-1	CAVRQSYGGSQGNLIF	Donor AJG2309:L TCRab CD8ab TRM	1
CASSLGGSTQETQYF	TRBV7-7	TRBJ2-5	CAVRDQGAQKLVF	Donor AJG2309:L TCRab CD8ab TRM	1
CASSSVSRANTIYF	TRBV7-9	TRBJ1-3	CALSDQNYGQNFVF	Donor AJG2309:L TCRab CD8ab TRM	1
CASSSGVGLAGDEQYF	TRBV12-4	TRBJ2-7	CAGSPRMDSSYKLIF	Donor AJG2309:L TCRab CD8ab Teff	2
CASSSGVGLAGDEQYF	TRBV12-4	TRBJ2-7	CAVLVGARLMF	Donor AJG2309:L TCRab CD8ab Teff	1
CASSEGLPPHYEQYF	TRBV2	TRBJ2-7	CAVMDSNYQLIW	Donor AJG2309:L TCRab CD8ab Teff	1
CASSLEAGGTDTQYF	TRBV5-1	TRBJ2-3	CVVGGDDYKLSF	Donor AJG2309:L TCRab CD8ab Teff	1
CASSLAKDTTYEQYF	TRBV5-1	TRBJ2-7	CVVSAGDFPNTNAGKSTF	Donor AJG2309:L TCRab CD8ab Teff	3
CASSAHARRDRGPEAFF	TRBV7-9	TRBJ1-1	CVVSPTSGTYKYIF	Donor AJG2309:L TCRab CD8ab Teff	60
CASSLRPGGSGSRVTQYF	TRBV28	TRBJ2-5	CVVMNTGFQKLVF	Donor AJG2309:L TCRab CD8ab Teff	1
CASSLGVNNEQFF	TRBV27	TRBJ2-1	CAASGTDRGSTLGRLYF	Donor AJG2309:L TCRab CD8ab Teff	4
CASSPPGGAYGYTF	TRBV4-1	TRBJ1-2	CAASRNNNDMRF	Donor AJG2309:L TCRab CD8ab Teff	1
CASSVGGNTGELFF	TRBV9	TRBJ2-2	CAAASTGGGNKLTF	Donor AJG2309:L TCRab CD8ab Teff	2
CASSRDRLYTDTQYF	TRBV5-6	TRBJ2-3	CAEISMDSSYKLIF	Donor AJG2309:L TCRab CD8ab Teff	1
CASSLSPGMNTEAFF	TRBV27	TRBJ1-1	CAMSVMDTGRRALTF	Donor AJG2309:L TCRab CD8ab Teff	1
CASSPHYGTEAFF	TRBV28	TRBJ1-1	CAMREAYGQNFVF	Donor AJG2309:L TCRab CD8ab Teff	1
CASSSEIGNEQFF	TRBV7-3	TRBJ2-1	CAMREGVRLDGQKLLF	Donor AJG2309:L TCRab CD8ab Teff	10
CASSVGGNTGELFF	TRBV9	TRBJ2-2	CATDELAGGFKTIF	Donor AJG2309:L TCRab CD8ab Teff	1
CASSPENSGTEFF	TRBV18	TRBJ2-1	CALSEANYGGATNKLIF	Donor AJG2309:L TCRab CD8ab Teff	1
CASSITPEGGYEQYF	TRBV19	TRBJ2-7	CALSEALSDSWGKFQF	Donor AJG2309:L TCRab CD8ab Teff	1
CASSIKGLLGYTDTQYF	TRBV28	TRBJ2-3	CALSEETYTGANSKLTF	Donor AJG2309:L TCRab CD8ab Teff	2
CASSQEDRARGYTF	TRBV4-1	TRBJ1-2	CALGFGSGAGSYQLTF	Donor AJG2309:L TCRab CD8ab Teff	1
CASSLGSGSPGELFF	TRBV5-6	TRBJ2-2	CALSGSFPYGQNFVF	Donor AJG2309:L TCRab CD8ab Teff	1
CASSVDGGTGELFF	TRBV9	TRBJ2-2	CALSEGFQKLVF	Donor AJG2309:L TCRab CD8ab Teff	2
CASRGLAGSRDTQYF	TRBV9	TRBJ2-3	CAVQPIDGQKLLF	Donor AJG2309:L TCRab CD8ab Teff	4
CASSLGGDRVFQETQYF	TRBV5-4	TRBJ2-5	CAVRPESGNTPLVF	Donor AJG2309:L TCRab CD8ab Teff	1
CASSTKGGGVQDF	TRBV7-6	TRBJ2-7	CAVRHADSWGKLQF	Donor AJG2309:L TCRab CD8ab Teff	1
CASSLAKSRTGVRIGANVLTF	TRBV12-3	TRBJ2-6	CAVENNAGNMLTF	Donor AJG2309:L TCRab CD8ab Teff	1
CASSPQGDEKLFF	TRBV18	TRBJ1-4	CAVTIGAGSYQLTF	Donor AJG2309:L TCRab CD8ab Teff	2
CASSQRPGQGPFKTPYEQYF	TRBV4-3	TRBJ2-7	CAFPMYSGGGADGLTF	Donor AJG2309:L TCRab CD8ab Teff	1
CAISKDRGAKNIQYF	TRBV10-3	TRBJ2-4	CIVRVKTYKYIF	Donor AJG2309:L TCRab CD8ab Teff	1
CASSLREQGTYEQYF	TRBV13	TRBJ2-7	CIAQDSNYQLIW	Donor AJG2309:L TCRab CD8ab Teff	49
CSVGPRRDRRGELFF	TRBV29-1	TRBJ1-4	CIVRVGSQGGKLIF	Donor AJG2309:L TCRab CD8ab Teff	1
CASGGGIPLNTEAFF	TRBV27	TRBJ1-1	CIPNHYGQNFVF	Donor AJG2309:L TCRab CD8ab Teff	2
CSVLPRRTTSGSRANEQFF	TRBV29-1	TRBJ2-1	CILRDLQAGTALIF	Donor AJG2309:L TCRab CD8ab Teff	6
CASSLGQAYEQYF	TRBV7-8	TRBJ2-7	CINPLAGGTSYGKLTF	Donor AJG2309:L TCRab CD8ab Teff	2
CASSLGVFRGNNEQFF	TRBV7-9	TRBJ2-1	CIPNHYGQNFVF	Donor AJG2309:L TCRab CD8ab Teff	1
CASSQERNNEQFF	TRBV4-1	TRBJ2-1	CAGVLLNTGFQKLVF	Donor AJG2309:L TCRab CD8ab Teff	1
CASSYSSRELNTEAFF	TRBV6-2	TRBJ1-1	CAGVIPLNRDDKIIF	Donor AJG2309:L TCRab CD8ab Teff	1
CATSSLPGGGSGNTIYF	TRBV15	TRBJ1-3	CAASVGEDKIIF	Donor AJG2309:L TCRab CD8ab Teff	1
CASSLGRDPTGELFF	TRBV28	TRBJ2-2	CAASHAGKSTF	Donor AJG2309:L TCRab CD8ab Teff	14
CASSSGTGEYEQYF	TRBV7-3	TRBJ2-7	CAASGGGQAGTALIF	Donor AJG2309:L TCRab CD8ab Teff	1
CASSRGTGEGYEQFF	TRBV7-3	TRBJ2-1	CAASWDKIIF	Donor AJG2309:L TCRab CD8ab Teff	1
CASNFRDPSYEQYF	TRBV28	TRBJ2-7	CAVRDGGVYNTDKLIF	Donor AJG2309:L TCRab CD8ab Teff	2
CASSLLQGADYGYTF	TRBV5-6	TRBJ1-2	CAVRGPSGTYKYIF	Donor AJG2309:L TCRab CD8ab Teff	2
CASSLRRTSGRLDEQFF	TRBV7-2	TRBJ2-1	CAVSPNSGYSTLTF	Donor AJG2309:L TCRab CD8ab Teff	1
CASSVVEGAGNTIYF	TRBV9	TRBJ1-3	CALSGNFNKFYF	Donor AJG2309:L TCRab CD8ab Teff	1
CASSLAFVHLNYGYTF	TRBV5-1	TRBJ1-2	CGTSAGGTSYGKLTF	Donor AJG2309:L TCRab CD8ab Teff	1
CASSLARTSPGGTDTQYF	TRBV12-4	TRBJ2-3	CAGHNAGNMLTF	Donor AJG2309:L TCRab CD8ab Teff	1
CASSRRGAGAYEQYF	TRBV13	TRBJ2-7	CAGLQNTGNQFYF	Donor AJG2309:L TCRab CD8ab Teff	1
CASSVGGTGELFF	TRBV9	TRBJ2-2	CAVGPNSGYALNF	Donor AJG2309:L TCRab CD8ab Teff	1
CASSDTGNWEQYF	TRBV13	TRBJ2-7	CAFMKLGFSRQLTF	Donor AJG2309:L TCRab CD8ab Teff	1
CASSLAGGPNEQFF	TRBV27	TRBJ2-1	CAYAHSAGGTSYGKLTF	Donor AJG2309:L TCRab CD8ab Teff	1
CASSLFVGSPQFF	TRBV27	TRBJ2-1	CAYRSRINYGQNFVF	Donor AJG2309:L TCRab CD8ab Teff	1
CSASGPRQPQHF	TRBV20-1	TRBJ1-5	CAVDCSKTSYDKVIF	Donor AJG2309:L TCRab CD8ab Teff	1
CASSLTSGRFPYNVQFF	TRBV7-7	TRBJ2-1	CAESSYGGATNKLIF	Donor AJG2309:L TCRab CD8ab Teff	1
CATRDRGYETQYF	TRBV24-1	TRBJ2-5	CAVEAREYGNKLVF	Donor AJG2309:L TCRab CD8ab Teff	4
CASSLIRVTEAFF	TRBV12-3	TRBJ1-1	CAVSVPHHTGNQFYF	Donor AJG2309:L TCRab CD8ab Teff	1
CAWTGDYGYTF	TRBV30	TRBJ1-2	CAVRSNFGNEKLTF	Donor AJG2309:L TCRab CD8ab Teff	2
CASSYSGQGAYSNQPQHF	TRBV6-2	TRBJ1-5	CALSEETGGFKTIF	Donor AJG2309:L TCRab CD8ab Teff	1
CASSETRGQTEAFF	TRBV2	TRBJ1-1	CAVNTNRDDKIIF	Donor AJG2309:LP TCRab CD8ab TCM	1
CASSWGGSPLHF	TRBV25-1	TRBJ1-6	CAVNLYRGSQGNLIF	Donor AJG2309:LP TCRab CD8ab TCM	1
CASSLGEDTQYF	TRBV7-6	TRBJ2-3	CAMNTGFQKLVF	Donor AJG2309:LP TCRab CD8ab TCM	1
CASSLGPNYEQYF	TRBV7-6	TRBJ2-7	CAASSNQGGKLIF	Donor AJG2309:LP TCRab CD8ab TCM	1
CASGNRGLNTEAFF	TRBV28	TRBJ1-1	CAMRETAPKFYF	Donor AJG2309:LP TCRab CD8ab TCM	1
CASTVGLDYNEQFF	TRBV5-1	TRBJ2-1	CAMRPFDSTLTF	Donor AJG2309:LP TCRab CD8ab TCM	1
CSARVSGGLNTEAFF	TRBV20-1	TRBJ1-1	CALSTFGGGADGLTF	Donor AJG2309:LP TCRab CD8ab TCM	1
CASSPTSASAEQYF	TRBV28	TRBJ2-7	CAPSHTGKLIF	Donor AJG2309:LP TCRab CD8ab TCM	1
CASSYMAGTPQGEFF	TRBV6-5	TRBJ2-1	CIVRVRGSNYQLIW	Donor AJG2309:LP TCRab CD8ab TCM	1
CASSLGQAYEQYF	TRBV7-8	TRBJ2-7	CINPLAGGTSYGKLTF	Donor AJG2309:LP TCRab CD8ab TCM	1
CASSFWREGHGNEQFF	TRBV6-6	TRBJ2-1	CAGHLLYNNNDMRF	Donor AJG2309:LP TCRab CD8ab TCM	1
CASSLAGGPNEQFF	TRBV27	TRBJ2-1	CAYAHSAGGTSYGKLTF	Donor AJG2309:LP TCRab CD8ab TCM	1
CASSWGGSPLHF	TRBV25-1	TRBJ1-6	CAVGEDNYGQNFVF	Donor AJG2309:LP TCRab CD8ab TCM	1
CASSDGSDSSYEQYF	TRBV2	TRBJ2-7	CAIVRRALTF	Donor AJG2309:LP TCRab CD8ab TEM	1
CASSETSDGSYEQYF	TRBV2	TRBJ2-7	CAVIGSTLTF	Donor AJG2309:LP TCRab CD8ab TEM	1
CASSQEGQGREKLFF	TRBV4-1	TRBJ1-4	CAKWDDKIIF	Donor AJG2309:LP TCRab CD8ab TEM	2
CASSVDGGTYEQYF	TRBV9	TRBJ2-7	CAVIGSTLTF	Donor AJG2309:LP TCRab CD8ab TEM	1
CATSDRSGSTYGYTF	TRBV24-1	TRBJ1-2	CAYPSGGYQKVTF	Donor AJG2309:LP TCRab CD8ab TEM	1
CASSQGRGDHEGTDTQYF	TRBV3-1	TRBJ2-3	CAVRGYGQNFVF	Donor AJG2309:LP TCRab CD8ab TEM	1
CASSQEGGRTYNEQFF	TRBV4-2	TRBJ2-1	CAVRSWGGISYNTDKLIF	Donor AJG2309:LP TCRab CD8ab TEM	1
CASSLTDRDYGYTF	TRBV5-5	TRBJ1-2	CAVRENDYKLSF	Donor AJG2309:LP TCRab CD8ab TEM	1
CATSDADGEPWGYTF	TRBV24-1	TRBJ1-2	CVVSAGWDSNYQLIW	Donor AJG2309:LP TCRab CD8ab TEM	1
CASSERTSGRAPTDTQYF	TRBV25-1	TRBJ2-3	CVVSDRGSTLGRLYF	Donor AJG2309:LP TCRab CD8ab TEM	1
CASSLSVSGGPEAFF	TRBV27	TRBJ1-1	CVVTRSISGGYNKLIF	Donor AJG2309:LP TCRab CD8ab TEM	1
CASNAMGAGKNTEAFF	TRBV28	TRBJ1-1	CVVTDTGGFKTIF	Donor AJG2309:LP TCRab CD8ab TEM	1
CASSQGRHPSGLGNEQFF	TRBV4-2	TRBJ2-1	CVAGYGNNRLAF	Donor AJG2309:LP TCRab CD8ab TEM	1
CASSFGTTGELFF	TRBV5-6	TRBJ2-2	CIYGNKLVF	Donor AJG2309:LP TCRab CD8ab TEM	1
CASSAHARRDRGPEAFF	TRBV7-9	TRBJ1-1	CVVSPTSGTYKYIF	Donor AJG2309:LP TCRab CD8ab TEM	1
CASSPPDEAGGQFF	TRBV16	TRBJ2-1	CVVIWVYGGSQGNLIF	Donor AJG2309:LP TCRab CD8ab TEM	1
CASSIEGLAVSYNEQFF	TRBV19	TRBJ2-1	CVVNRDTGRRALTF	Donor AJG2309:LP TCRab CD8ab TEM	1
CASSATASLNNSPLHF	TRBV2	TRBJ1-6	CVVNKGTGGFKTIF	Donor AJG2309:LP TCRab CD8ab TEM	1
CASSVGQRGTGELFF	TRBV2	TRBJ2-2	CVVNQAGTALIF	Donor AJG2309:LP TCRab CD8ab TEM	1
CASSLDRGLPSYEQYF	TRBV28	TRBJ2-7	CVVSNTGGFKTIF	Donor AJG2309:LP TCRab CD8ab TEM	1
CASSFVGTGVREQYF	TRBV5-4	TRBJ2-7	CVVNEMGTGGFKTIF	Donor AJG2309:LP TCRab CD8ab TEM	1
CARLVSYEQYF	TRBV6-2	TRBJ2-7	CVARDAGNNRKLIW	Donor AJG2309:LP TCRab CD8ab TEM	1
CASRLALMGTDTQYF	TRBV6-5	TRBJ2-3	CVVAGGATNKLIF	Donor AJG2309:LP TCRab CD8ab TEM	1
CASSLGGSWATNEKLFF	TRBV7-9	TRBJ1-4	CVVWLNNAGNMLTF	Donor AJG2309:LP TCRab CD8ab TEM	1
CASSPQGQGGRNTEAFF	TRBV9	TRBJ1-1	CVVNTEMDSSYKLIF	Donor AJG2309:LP TCRab CD8ab TEM	2
CASSLVSADTQYF	TRBV11-2	TRBJ2-3	CASSEGGFKTIF	Donor AJG2309:LP TCRab CD8ab TEM	1
CASSAMETGRAYNEQFF	TRBV2	TRBJ2-1	CASSSASKIIF	Donor AJG2309:LP TCRab CD8ab TEM	1
CSARGEGGGYEQYF	TRBV20-1	TRBJ2-7	CAVNDSGGYQKVTF	Donor AJG2309:LP TCRab CD8ab TEM	1
CASSWGGSPLHF	TRBV25-1	TRBJ1-6	CAVNLYRGSQGNLIF	Donor AJG2309:LP TCRab CD8ab TEM	2
CASSSTGIEAEAFF	TRBV27	TRBJ1-1	CAVKESHRLAF	Donor AJG2309:LP TCRab CD8ab TEM	1
CASSLYLGFRSFSYEQYF	TRBV28	TRBJ2-7	CAGSNQAGTALIF	Donor AJG2309:LP TCRab CD8ab TEM	1
CASSHGAAGGPPTDTQYF	TRBV28	TRBJ2-3	CAVNLYGNQFYF	Donor AJG2309:LP TCRab CD8ab TEM	1
CASSSVPGQLRTSGGRAYEQYF	TRBV7-6	TRBJ2-7	CAVTGAQKLVF	Donor AJG2309:LP TCRab CD8ab TEM	1
CASSPGAGPNEQYF	TRBV9	TRBJ2-7	CAVTTSGAGSYQLTF	Donor AJG2309:LP TCRab CD8ab TEM	1
CASSEGPGTGYEQYF	TRBV2	TRBJ2-7	CAMSEESGGGADGLTF	Donor AJG2309:LP TCRab CD8ab TEM	1
CSAVSPGQFSYEQYF	TRBV20-1	TRBJ2-7	CAMSAGNYGQNFVF	Donor AJG2309:LP TCRab CD8ab TEM	1
CSARADRGLDTEAFF	TRBV20-1	TRBJ1-1	CAMTPNSGGYQKVTF	Donor AJG2309:LP TCRab CD8ab TEM	2
CASSSAGGTPTYEQYF	TRBV28	TRBJ2-7	CAMSYGNNRLAF	Donor AJG2309:LP TCRab CD8ab TEM	1
CASSRTGQAVERSGNTIYF	TRBV6-5	TRBJ1-3	CAMNAGKSTF	Donor AJG2309:LP TCRab CD8ab TEM	1
CASSIRQSPYNEQFF	TRBV19	TRBJ2-1	CAASIGGSYIPTF	Donor AJG2309:LP TCRab CD8ab TEM	1
CASSVVGQNYEQYF	TRBV2	TRBJ2-7	CAPSFNSGGYQKVTF	Donor AJG2309:LP TCRab CD8ab TEM	2
CASSLGVNNEQFF	TRBV27	TRBJ2-1	CAASGTDRGSTLGRLYF	Donor AJG2309:LP TCRab CD8ab TEM	1
CASSPLSGVAFF	TRBV4-1	TRBJ1-1	CAAKEGGQAGTALIF	Donor AJG2309:LP TCRab CD8ab TEM	1
CASSQGSDISGANVLTF	TRBV4-2	TRBJ2-6	CAASNSWWSTDKLIF	Donor AJG2309:LP TCRab CD8ab TEM	1
CASSFLAGGTDTQYF	TRBV5-1	TRBJ2-3	CAAQYNNNDMRF	Donor AJG2309:LP TCRab CD8ab TEM	1
CASSQPQGTGELFF	TRBV5-1	TRBJ2-2	CAASIGFNARF	Donor AJG2309:LP TCRab CD8ab TEM	1
CASSGGRTGELFF	TRBV5-4	TRBJ2-2	CAAIYGGATNKLIF	Donor AJG2309:LP TCRab CD8ab TEM	1
CASSYNRGPSNQPQHF	TRBV6-2	TRBJ1-5	CAASIGDYKLSF	Donor AJG2309:LP TCRab CD8ab TEM	1
CASSLNGLNEQFF	TRBV7-3	TRBJ2-1	CAASEGNEKLTF	Donor AJG2309:LP TCRab CD8ab TEM	1
CASSLGRGRYQPQHF	TRBV7-6	TRBJ1-5	CAAPRGSSASKIIF	Donor AJG2309:LP TCRab CD8ab TEM	1
CASSLGPNYEQYF	TRBV7-6	TRBJ2-7	CAASSNQGGKLIF	Donor AJG2309:LP TCRab CD8ab TEM	3
CASTPLRGKPNEQFF	TRBV7-9	TRBJ2-1	CAASSNQGGKLIF	Donor AJG2309:LP TCRab CD8ab TEM	1
CATARGQGKSSYEQYF	TRBV27	TRBJ2-7	CAEVSGSSYKLIF	Donor AJG2309:LP TCRab CD8ab TEM	1
CASSQVLLPRGQETQYF	TRBV4-1	TRBJ2-5	CAEIYSNNARLMF	Donor AJG2309:LP TCRab CD8ab TEM	1
CASSQVKAPSEKLFF	TRBV4-1	TRBJ1-4	CAETYSNDYKLSF	Donor AJG2309:LP TCRab CD8ab TEM	1
CASSLGAGGGNQPQHF	TRBV5-6	TRBJ1-5	CAAISNDYKLSF	Donor AJG2309:LP TCRab CD8ab TEM	1
CASSTTQGAGGYTF	TRBV12-4	TRBJ1-2	CAMREPRGDSSYKLIF	Donor AJG2309:LP TCRab CD8ab TEM	1
CASSLSPGMNTEAFF	TRBV27	TRBJ1-1	CAMSVMDTGRRALTF	Donor AJG2309:LP TCRab CD8ab TEM	2
CASSLGVNNEQFF	TRBV27	TRBJ2-1	CAPLLTGAAGNKLTF	Donor AJG2309:LP TCRab CD8ab TEM	1
CASSHRGREDTGELFF	TRBV3-1	TRBJ2-2	CAMEGTASKLTF	Donor AJG2309:LP TCRab CD8ab TEM	1
CASSYLGVFDGYTF	TRBV6-6	TRBJ1-2	CAMRDTGNQFYF	Donor AJG2309:LP TCRab CD8ab TEM	1
CASSSEIGNEQFF	TRBV7-3	TRBJ2-1	CAMREGVRLDGQKLLF	Donor AJG2309:LP TCRab CD8ab TEM	1
CASNNPTGVAGVFTGELFF	TRBV7-9	TRBJ2-2	CAMREGETGGFKTIF	Donor AJG2309:LP TCRab CD8ab TEM	2
CASSPTGAEAFF	TRBV18	TRBJ1-1	CALRANDYKLSF	Donor AJG2309:LP TCRab CD8ab TEM	1
CAADRGSDEQYF	TRBV28	TRBJ2-7	CALRNSGYSTLTF	Donor AJG2309:LP TCRab CD8ab TEM	1
CASSLSGRMNTEAFF	TRBV7-2	TRBJ1-1	CALNGFTQGAQKLVF	Donor AJG2309:LP TCRab CD8ab TEM	1
CASSDGGPPLHF	TRBV9	TRBJ1-6	CAPGGSGNTGKLIF	Donor AJG2309:LP TCRab CD8ab TEM	1
CASSSGFRDGYTF	TRBV13	TRBJ1-2	CATDEGDDKIIF	Donor AJG2309:LP TCRab CD8ab TEM	1
CSSTPYSGKTSYEQYF	TRBV20-1	TRBJ2-7	CATDDNSGYSTLTF	Donor AJG2309:LP TCRab CD8ab TEM	1
CASTVTGEAFF	TRBV6-2	TRBJ1-1	CATATNTGGFKTIF	Donor AJG2309:LP TCRab CD8ab TEM	1
CASSLRLAGGLSSYNEQFF	TRBV12-4	TRBJ2-1	CALSGTTSGTYKYIF	Donor AJG2309:LP TCRab CD8ab TEM	9
CASSSWVTPGANTGELFF	TRBV13	TRBJ2-2	CALSEAYTGNQFYF	Donor AJG2309:LP TCRab CD8ab TEM	1
CASSRGGDQPQHF	TRBV14	TRBJ1-5	CALSEDNARLMF	Donor AJG2309:LP TCRab CD8ab TEM	2
CSGTGGSYNEQFF	TRBV20-1	TRBJ2-1	CALRLGGADGLTF	Donor AJG2309:LP TCRab CD8ab TEM	1
CSARAPDRDTSHYGYTF	TRBV20-1	TRBJ1-2	CALSGSYAGNMLTF	Donor AJG2309:LP TCRab CD8ab TEM	1
CASSFGTITGELFF	TRBV27	TRBJ2-2	CALSGSARQLTF	Donor AJG2309:LP TCRab CD8ab TEM	1
CASSIKGLLGYTDTQYF	TRBV28	TRBJ2-3	CALSEETYTGANSKLTF	Donor AJG2309:LP TCRab CD8ab TEM	1
CASSPTSASAEQYF	TRBV28	TRBJ2-7	CAPSHTGKLIF	Donor AJG2309:LP TCRab CD8ab TEM	1
CASSQGQEVWYEQYF	TRBV3-1	TRBJ2-7	CALSVARGSTLGRLYF	Donor AJG2309:LP TCRab CD8ab TEM	1
CACNSGNYGYTF	TRBV30	TRBJ1-2	CALSDWKTSYDKVIF	Donor AJG2309:LP TCRab CD8ab TEM	1
CASSQGVGGFYNEQFF	TRBV4-3	TRBJ2-1	CALSEADRGSTLGRLYF	Donor AJG2309:LP TCRab CD8ab TEM	1
CASSQGLASGDRGQYF	TRBV4-3	TRBJ2-5	CALSEARTNAGKSTF	Donor AJG2309:LP TCRab CD8ab TEM	1
CASSYGGLGDGYTF	TRBV6-5	TRBJ1-2	CALRGPGTASKLTF	Donor AJG2309:LP TCRab CD8ab TEM	1
CASSLSGRMNTEAFF	TRBV7-2	TRBJ1-1	CALSEAQGGSEKLVF	Donor AJG2309:LP TCRab CD8ab TEM	1
CASSLAGTDTQYF	TRBV7-6	TRBJ2-3	CAPPLSGNTPLVF	Donor AJG2309:LP TCRab CD8ab TEM	1
CASSTTITEAFF	TRBV7-8	TRBJ1-1	CALSGGNNDMRF	Donor AJG2309:LP TCRab CD8ab TEM	1
CATRAGQGFNEQFF	TRBV24-1	TRBJ2-1	CAVVSKLIF	Donor AJG2309:LP TCRab CD8ab TEM	1
CASSFQSGSSYNEQFF	TRBV5-1	TRBJ2-1	CAVEGNTPLVF	Donor AJG2309:LP TCRab CD8ab TEM	1
CASSLVVDQPQHF	TRBV7-2	TRBJ1-5	CAVLNAGGTSYGKLTF	Donor AJG2309:LP TCRab CD8ab TEM	1
CSAPPPRVANVLTF	TRBV20-1	TRBJ2-6	CAVHPTGAQKLVF	Donor AJG2309:LP TCRab CD8ab TEM	1
CASSSPGHQNYGYTF	TRBV6-5	TRBJ1-2	CAVQRGGGFKTIF	Donor AJG2309:LP TCRab CD8ab TEM	1
CASSAEKDSSGKYYEQYF	TRBV9	TRBJ2-7	CAVQAGTGRRALTF	Donor AJG2309:LP TCRab CD8ab TEM	1
CASRPTGGITDTQYF	TRBV9	TRBJ2-3	CAVQARDTGRRALTF	Donor AJG2309:LP TCRab CD8ab TEM	1
CAISQKLAASTDTQYF	TRBV10-3	TRBJ2-3	CAVSDWGSQGNLIF	Donor AJG2309:LP TCRab CD8ab TEM	1
CASSLDQGITWAFF	TRBV11-2	TRBJ1-1	CAVILGFGNVLHC	Donor AJG2309:LP TCRab CD8ab TEM	1
CASSPESNTGELFF	TRBV13	TRBJ2-2	CAVGNDAGKSTF	Donor AJG2309:LP TCRab CD8ab TEM	1
CASSPSGGGYNEQFF	TRBV18	TRBJ2-1	CAARSLGGNNRKLIW	Donor AJG2309:LP TCRab CD8ab TEM	1
CASSYRSGGRPLWETQYF	TRBV27	TRBJ2-5	CAVGSNDYKLSF	Donor AJG2309:LP TCRab CD8ab TEM	1
CASQDGVRGSYTF	TRBV28	TRBJ1-2	CAVEDSNYQLIW	Donor AJG2309:LP TCRab CD8ab TEM	1
CASSQDRGLAGDNEQFF	TRBV4-3	TRBJ2-1	CACLNNNARLMF	Donor AJG2309:LP TCRab CD8ab TEM	1
CASRPWGQYQETQYF	TRBV5-4	TRBJ2-5	CAVKGTYKYIF	Donor AJG2309:LP TCRab CD8ab TEM	1
CASSSSASGNTIYF	TRBV7-9	TRBJ1-3	CAVSPGGAGNNRKLIW	Donor AJG2309:LP TCRab CD8ab TEM	1
CSARVQTGLPQFF	TRBV20-1	TRBJ2-1	CAVPYSGNTPLVF	Donor AJG2309:LP TCRab CD8ab TEM	2
CASSWGQGAGYTF	TRBV27	TRBJ1-2	CAVSGYTGGFKTIF	Donor AJG2309:LP TCRab CD8ab TEM	1
CASSVGGSPADTQYF	TRBV9	TRBJ2-3	CALFSGGYNKLIF	Donor AJG2309:LP TCRab CD8ab TEM	1
CAISEPPPGELFF	TRBV10-3	TRBJ2-2	CAARASSGSARQLTF	Donor AJG2309:LP TCRab CD8ab TEM	1
CSAMGGGNTGELFF	TRBV20-1	TRBJ2-2	CAASKVRGKLIF	Donor AJG2309:LP TCRab CD8ab TEM	1
CASGGGLYYEQYF	TRBV6-1	TRBJ2-7	CAALSASKIIF	Donor AJG2309:LP TCRab CD8ab TEM	1
CASSLNGLNEQFF	TRBV7-3	TRBJ2-1	CAATPLPGSARQLTF	Donor AJG2309:LP TCRab CD8ab TEM	1
CASSVDWVGNTEAFF	TRBV9	TRBJ1-1	CAVPKGSGAGSYQLTF	Donor AJG2309:LP TCRab CD8ab TEM	1
CASSEGIGANTGELFF	TRBV6-1	TRBJ2-2	CAFISTGGSYIPTF	Donor AJG2309:LP TCRab CD8ab TEM	1
CASSVDPLPSDGYTF	TRBV9	TRBJ1-2	CACPRGSARQLTF	Donor AJG2309:LP TCRab CD8ab TEM	1
CASSAQGAGYGYTF	TRBV9	TRBJ1-2	CAFNNNDMRF	Donor AJG2309:LP TCRab CD8ab TEM	1
CASSSRDSYEQYF	TRBV18	TRBJ2-7	CARAGNTPLVF	Donor AJG2309:LP TCRab CD8ab TEM	1
CASSLRPGRVDTQYF	TRBV27	TRBJ2-3	CAAGTYKYIF	Donor AJG2309:LP TCRab CD8ab TEM	1
CASSLFNTEAFF	TRBV28	TRBJ1-1	CAGEGLLTGGGNKLTF	Donor AJG2309:LP TCRab CD8ab TEM	1
CSVVWGTGELFF	TRBV29-1	TRBJ2-2	CGGSQGNLIF	Donor AJG2309:LP TCRab CD8ab TEM	1
CASSPVSGQGAKSGYTF	TRBV18	TRBJ1-2	CIVRVVGNTPLVF	Donor AJG2309:LP TCRab CD8ab TEM	1
CASSLIYSGKWGEQYF	TRBV27	TRBJ2-7	CIPNVISGNTPLVF	Donor AJG2309:LP TCRab CD8ab TEM	1
CASSDLNSPLHF	TRBV27	TRBJ1-6	CIVRVGGDSWGKFQF	Donor AJG2309:LP TCRab CD8ab TEM	2
CASSNLNSPLHF	TRBV27	TRBJ1-6	CIVRVGGDSWGKLQF	Donor AJG2309:LP TCRab CD8ab TEM	2
CASSPLTDTQYF	TRBV27	TRBJ2-3	CIVRVGGDSWGKLQF	Donor AJG2309:LP TCRab CD8ab TEM	1
CASSQERPESPLHF	TRBV4-2	TRBJ1-6	CIALVMDSSYKLIF	Donor AJG2309:LP TCRab CD8ab TEM	1
CASRRGDRGITGELFF	TRBV9	TRBJ2-2	CIVRVDRGGKLIF	Donor AJG2309:LP TCRab CD8ab TEM	1
CASSLRRSWPDTQYF	TRBV12-4	TRBJ2-3	CILKGQAGTALIF	Donor AJG2309:LP TCRab CD8ab TEM	1
CASSLSGRGSHEQYF	TRBV12-4	TRBJ2-7	CILSNTGNQFYF	Donor AJG2309:LP TCRab CD8ab TEM	1
CSAESGPNNQPQHF	TRBV20-1	TRBJ1-5	CILPSGTYKYIF	Donor AJG2309:LP TCRab CD8ab TEM	1
CASSMGQAYEQYF	TRBV7-8	TRBJ2-7	CILPLAGGTSYGKLTF	Donor AJG2309:LP TCRab CD8ab TEM	1
CASSLGQAYEQYF	TRBV7-8	TRBJ2-7	CINPLAGGTSYGKLTF	Donor AJG2309:LP TCRab CD8ab TEM	9
CASSSSALGYTF	TRBV5-4	TRBJ1-2	CAGRLNSGGYQKVTF	Donor AJG2309:LP TCRab CD8ab TEM	1
CASSLAGDSYEQYF	TRBV7-2	TRBJ2-7	CAGATRPRTRLMF	Donor AJG2309:LP TCRab CD8ab TEM	1
CASSWTSGAKIADTQYF	TRBV7-9	TRBJ2-3	CAGAAGNTGKLIF	Donor AJG2309:LP TCRab CD8ab TEM	1
CASSVEDSYNEQFF	TRBV9	TRBJ2-1	CAGDYGNNRLAF	Donor AJG2309:LP TCRab CD8ab TEM	1
CASSVTTGGGAGGNTIYF	TRBV9	TRBJ1-3	CAGPLGSNYQLIW	Donor AJG2309:LP TCRab CD8ab TEM	1
CASSEGPGQGYEQYF	TRBV2	TRBJ2-7	CAATILYGGGADGLTF	Donor AJG2309:LP TCRab CD8ab TEM	1
CSATWDRRVTGELFF	TRBV20-1	TRBJ2-2	CAAIADTGRRALTF	Donor AJG2309:LP TCRab CD8ab TEM	1
CSASGQGAGLITDTQYF	TRBV20-1	TRBJ2-3	CAASGGYNFNKFYF	Donor AJG2309:LP TCRab CD8ab TEM	1
CASSLGRDPTGELFF	TRBV28	TRBJ2-2	CAASHAGKSTF	Donor AJG2309:LP TCRab CD8ab TEM	5
CASSHRTEVDSPLHF	TRBV4-1	TRBJ1-6	CAASAGAGNMLTF	Donor AJG2309:LP TCRab CD8ab TEM	1
CASSLGGGGNYEQYF	TRBV5-6	TRBJ2-7	CAAMGPDGGATNKLIF	Donor AJG2309:LP TCRab CD8ab TEM	1
CASSSAGTGYQPQHF	TRBV6-6	TRBJ1-5	CAEPSGNTPLVF	Donor AJG2309:LP TCRab CD8ab TEM	1
CASSSGTGEYEQYF	TRBV7-3	TRBJ2-7	CAASGGGQAGTALIF	Donor AJG2309:LP TCRab CD8ab TEM	1
CASSRGTGEGYEQFF	TRBV7-3	TRBJ2-1	CAASWDKIIF	Donor AJG2309:LP TCRab CD8ab TEM	1
CASSMGQAYEQYF	TRBV7-8	TRBJ2-7	CAARRYSGGGADGLTF	Donor AJG2309:LP TCRab CD8ab TEM	1
CASSVVGQGYEQYF	TRBV9	TRBJ2-7	CAARLPKGTDKLIF	Donor AJG2309:LP TCRab CD8ab TEM	1
CASSQAPTGHEQYF	TRBV3-1	TRBJ2-7	CAVRAIKAAGNKLTF	Donor AJG2309:LP TCRab CD8ab TEM	1
CATHRAGSPLHF	TRBV5-4	TRBJ1-6	CAVTDTGGFKTIF	Donor AJG2309:LP TCRab CD8ab TEM	1
CASSDSGTGTYEQYF	TRBV6-1	TRBJ2-7	CAVRDEHDGNNRKLIW	Donor AJG2309:LP TCRab CD8ab TEM	1
CASSVAGTGFSPLHF	TRBV9	TRBJ1-6	CAVRDRNNNARLMF	Donor AJG2309:LP TCRab CD8ab TEM	1
CSASPSGPYNEQFF	TRBV20-1	TRBJ2-1	CGTTPRDTGKLIF	Donor AJG2309:LP TCRab CD8ab TEM	8
CAISLLADYNEQFF	TRBV10-3	TRBJ2-1	CGAHLAQGGSEKLVF	Donor AJG2309:LP TCRab CD8ab TEM	1
CASSLTYTGELFF	TRBV14	TRBJ2-2	CGADIIGSARQLTF	Donor AJG2309:LP TCRab CD8ab TEM	1
CASSGLALDTGELFF	TRBV19	TRBJ2-2	CAGPTSGTYKYIF	Donor AJG2309:LP TCRab CD8ab TEM	1
CSATLAGEEETQYF	TRBV20-1	TRBJ2-5	CAGRLTGGGNKLTF	Donor AJG2309:LP TCRab CD8ab TEM	1
CASSQEWFSRPNEQFF	TRBV3-1	TRBJ2-1	CAGYGGSNYKLTF	Donor AJG2309:LP TCRab CD8ab TEM	2
CASSLEIATEQYF	TRBV5-1	TRBJ2-7	CAGHTSYSGAGSYQLTF	Donor AJG2309:LP TCRab CD8ab TEM	1
CASSWGAGSNYGYTF	TRBV7-3	TRBJ1-2	CAGRSADGLTF	Donor AJG2309:LP TCRab CD8ab TEM	2
CASSQGVGAYNEQFF	TRBV4-2	TRBJ2-1	CAVGETSGSRLTF	Donor AJG2309:LP TCRab CD8ab TEM	1
CSARGRLWNTEAFF	TRBV20-1	TRBJ1-1	CAFMKMSGDRDDKIIF	Donor AJG2309:LP TCRab CD8ab TEM	1
CSASGDTDTQYF	TRBV20-1	TRBJ2-3	CAFVTQGGSEKLVF	Donor AJG2309:LP TCRab CD8ab TEM	1
CASSLRTAETQYF	TRBV28	TRBJ2-5	CAFMTTNTGFQKLVF	Donor AJG2309:LP TCRab CD8ab TEM	1
CASSLLLAEYNEQFF	TRBV14	TRBJ2-1	CAYRSAWYSGYALNF	Donor AJG2309:LP TCRab CD8ab TEM	1
CASSLAGGPNEQFF	TRBV27	TRBJ2-1	CAYAHSAGGTSYGKLTF	Donor AJG2309:LP TCRab CD8ab TEM	19
CASSSKLAGNPDTQYF	TRBV27	TRBJ2-3	CAYRTIYTGANSKLTF	Donor AJG2309:LP TCRab CD8ab TEM	1
CASTLNRDSYNSPLHF	TRBV28	TRBJ1-6	CALALSGSRLTF	Donor AJG2309:LP TCRab CD8ab TEM	2
CSVLYVEAFF	TRBV29-1	TRBJ1-1	CAYGKGAQKLVF	Donor AJG2309:LP TCRab CD8ab TEM	1
CASSQDQGDGYGYTF	TRBV3-1	TRBJ1-2	CAYPNNFGNEKLTF	Donor AJG2309:LP TCRab CD8ab TEM	1
CASSQVRGGYEQYF	TRBV3-1	TRBJ2-7	CAYSGGGSEKLVF	Donor AJG2309:LP TCRab CD8ab TEM	1
CASSLEAGGPYNEQFF	TRBV5-1	TRBJ2-1	CAYKRGYGNKLVF	Donor AJG2309:LP TCRab CD8ab TEM	1
CASSYLGLVETQYF	TRBV6-2	TRBJ2-5	CAYRSGPTSGSRLTF	Donor AJG2309:LP TCRab CD8ab TEM	1
CASSYPGLNQPQHF	TRBV6-6	TRBJ1-5	CAYPPYSGNTPLVF	Donor AJG2309:LP TCRab CD8ab TEM	1
CASCQDSNTEAFF	TRBV12-4	TRBJ1-1	CAVVWGAQKLVF	Donor AJG2309:LP TCRab CD8ab TEM	1
CASKLGDWGYEQYF	TRBV28	TRBJ2-7	CAVPEYGNKLVF	Donor AJG2309:LP TCRab CD8ab TEM	1
CASSLRAQGFYEQYF	TRBV27	TRBJ2-7	CLVGDFMNTGFQKLVF	Donor AJG2309:LP TCRab CD8ab TEM	1
CASSRLYEQYF	TRBV28	TRBJ2-7	CLVGDNQAGTALIF	Donor AJG2309:LP TCRab CD8ab TEM	1
CASSTGSNTEAFF	TRBV28	TRBJ1-1	CLVGVGRLMF	Donor AJG2309:LP TCRab CD8ab TEM	6
CASSSQGGSAQYF	TRBV5-6	TRBJ2-3	CLVGDTAHGSGNTGKLIF	Donor AJG2309:LP TCRab CD8ab TEM	1
CATEGSRQEGRTEAFF	TRBV2	TRBJ1-1	CAGGADGLTF	Donor AJG2309:LP TCRab CD8ab TEM	1
CASSLTGREYNEQFF	TRBV7-3	TRBJ2-1	CAVRGRGSQGNLIF	Donor AJG2309:LP TCRab CD8ab TEM	1
CASRGQGYSYEQYF	TRBV19	TRBJ2-7	CAESEDGANNLFF	Donor AJG2309:LP TCRab CD8ab TEM	1
CSAPSSGNTIYF	TRBV20-1	TRBJ1-3	CAEGNYGQNFVF	Donor AJG2309:LP TCRab CD8ab TEM	1
CASSKYLPGTGDHTEAFF	TRBV27	TRBJ1-1	CAERAMDTGRRALTF	Donor AJG2309:LP TCRab CD8ab TEM	1
CASTRLAGHGGTGELFF	TRBV5-8	TRBJ2-2	CAESILDSNYQLIW	Donor AJG2309:LP TCRab CD8ab TEM	1
CASHDRESFYNEQFF	TRBV19	TRBJ2-1	CALEDDYKLSF	Donor AJG2309:LP TCRab CD8ab TEM	1
CASSESHEQYF	TRBV25-1	TRBJ2-7	CARGNAGNMLTF	Donor AJG2309:LP TCRab CD8ab TEM	1
CASSPQGYGYTF	TRBV27	TRBJ1-2	CALNTGGFKTIF	Donor AJG2309:LP TCRab CD8ab TEM	1
CASSLNPGNTIYF	TRBV28	TRBJ1-3	CALGGANNLFF	Donor AJG2309:LP TCRab CD8ab TEM	1
CASRQGRGRTEAFF	TRBV5-5	TRBJ1-1	CALDRNRDDKIIF	Donor AJG2309:LP TCRab CD8ab TEM	1
CASSLEAGGSLGGYTF	TRBV5-5	TRBJ1-2	CALVSGGYQKVTF	Donor AJG2309:LP TCRab CD8ab TEM	1
CASSQPGQELEKLFF	TRBV6-5	TRBJ1-4	CALPRGGYNKLIF	Donor AJG2309:LP TCRab CD8ab TEM	1
CASSGVGGRRGNEQFF	TRBV9	TRBJ2-1	CALDMYQAGTALIF	Donor AJG2309:LP TCRab CD8ab TEM	3
CSVLPVSNTGELFF	TRBV29-1	TRBJ2-2	CAVTWGGGGADGLTF	Donor AJG2309:LP TCRab CD8ab TEM	6
CAISESMDEGEQFF	TRBV10-3	TRBJ2-1	CVVSDRNFNKFYF	Donor AJG2309:LP TCRab CD8ab TEM	1
CASSQAVGYEQYF	TRBV4-1	TRBJ2-7	CVVSESGGYNKLIF	Donor AJG2309:LP TCRab CD8ab TEM	1
CASSLDRANYGYTF	TRBV5-1	TRBJ1-2	CVVSYMEYGNKLVF	Donor AJG2309:LP TCRab CD8ab TEM	1
CSAREVIAGGYEQYF	TRBV20-1	TRBJ2-7	CAVGAENTDKLIF	Donor AJG2309:LP TCRab CD8ab TEM	1
CSASSGQGHSPLHF	TRBV20-1	TRBJ1-6	CAVGAQTGNKLTF	Donor AJG2309:LP TCRab CD8ab TEM	1
CASSWGGSPLHF	TRBV25-1	TRBJ1-6	CAVGEDNYGQNFVF	Donor AJG2309:LP TCRab CD8ab TEM	1
CASSLSSAAGELFF	TRBV28	TRBJ2-2	CAVGDNFNKFYF	Donor AJG2309:LP TCRab CD8ab TEM	2
CASSPTSAAGELFF	TRBV28	TRBJ2-2	CAVGDNFNKFYF	Donor AJG2309:LP TCRab CD8ab TEM	1
CASRPGQGELYGYTF	TRBV7-9	TRBJ1-2	CAVGAQAAGNKLTF	Donor AJG2309:LP TCRab CD8ab TEM	1
CSVEDGRNNYGYTF	TRBV29-1	TRBJ1-2	CAVSEGSSGTYKYIF	Donor AJG2309:LP TCRab CD8ab TEM	1
CASSEGVANEKLFF	TRBV9	TRBJ1-4	CARSGAGSYQLTF	Donor AJG2309:LP TCRab CD8ab TEM	1
CSASYWGRSSYNEQFF	TRBV20-1	TRBJ2-1	CALSLYGGSQGNLIF	Donor AJG2309:LP TCRab CD8ab TEM	1
CASSLSRTGALAGWVNEQFF	TRBV27	TRBJ2-1	CALSSGGGSQGNLIF	Donor AJG2309:LP TCRab CD8ab TEM	2
CASSLILLGSGANVLTF	TRBV7-3	TRBJ2-6	CALSDSEGAQKLVF	Donor AJG2309:LP TCRab CD8ab TEM	1
CASSSVSRANTIYF	TRBV7-9	TRBJ1-3	CALSDQNYGQNFVF	Donor AJG2309:LP TCRab CD8ab TEM	1
CASSQEIGGLTDTQYF	TRBV14	TRBJ2-3	CAVRAAGNNRKLIW	Donor AJG2309:LP TCRab CD8ab TRM	2
CASSQEGQGREKLFF	TRBV4-1	TRBJ1-4	CAKWDDKIIF	Donor AJG2309:LP TCRab CD8ab TRM	3
CASSLGLAGVSYEQYF	TRBV5-1	TRBJ2-7	CAVMDSSYKLIF	Donor AJG2309:LP TCRab CD8ab TRM	1
CASSRSEPREEFF	TRBV5-6	TRBJ2-1	CAVRPQEGFKTIF	Donor AJG2309:LP TCRab CD8ab TRM	1
CASSEKGLAFHEQYF	TRBV6-1	TRBJ2-7	CAVRDLSNTGKLIF	Donor AJG2309:LP TCRab CD8ab TRM	1
CASSLAGNTEAFF	TRBV7-9	TRBJ1-1	CAKWDDKIIF	Donor AJG2309:LP TCRab CD8ab TRM	1
CASRGSGANVLTF	TRBV9	TRBJ2-6	CAVRVDTDKLIF	Donor AJG2309:LP TCRab CD8ab TRM	1
CASSGPQETQYF	TRBV10-3	TRBJ2-5	CAVRVPGGGSARQLTF	Donor AJG2309:LP TCRab CD8ab TRM	1
CASSPGPGTGGGGYTF	TRBV18	TRBJ1-2	CAVPLGAGSYQLTF	Donor AJG2309:LP TCRab CD8ab TRM	1
CSASYRDPYEQYF	TRBV20-1	TRBJ2-7	CASMDSNYQLIW	Donor AJG2309:LP TCRab CD8ab TRM	1
CASSRREGKNTQYF	TRBV3-1	TRBJ2-3	CAVRDAGNKLTF	Donor AJG2309:LP TCRab CD8ab TRM	1
CASSSFGEGVEETQYF	TRBV5-6	TRBJ2-5	CAVRDYWTGANNLFF	Donor AJG2309:LP TCRab CD8ab TRM	1
CASSPQTVMGASNEQFF	TRBV7-2	TRBJ2-1	CAVRGSTSGTYKYIF	Donor AJG2309:LP TCRab CD8ab TRM	1
CASSLRSTPSGNTIYF	TRBV7-8	TRBJ1-3	CAVSDSNYQLIW	Donor AJG2309:LP TCRab CD8ab TRM	1
CASSVATGASGDEQFF	TRBV9	TRBJ2-1	CAVRAPRTGGFKTIF	Donor AJG2309:LP TCRab CD8ab TRM	1
CASGDRFYGYTF	TRBV10-2	TRBJ1-2	CVVNGGYSSASKIIF	Donor AJG2309:LP TCRab CD8ab TRM	1
CASSSRSPLREGQIGEQFF	TRBV11-3	TRBJ2-1	CVVNSNARLMF	Donor AJG2309:LP TCRab CD8ab TRM	1
CASSPDGIQAFF	TRBV12-3	TRBJ1-1	CVVNGGSQGNLIF	Donor AJG2309:LP TCRab CD8ab TRM	1
CASTKGELINSPLHF	TRBV19	TRBJ1-6	CVVGTGGGNKLTF	Donor AJG2309:LP TCRab CD8ab TRM	1
CASSLHDTPRYEQYF	TRBV19	TRBJ2-7	CVVNGNAGNMLTF	Donor AJG2309:LP TCRab CD8ab TRM	1
CASSPTGTEGNTIYF	TRBV27	TRBJ1-3	CVVNTGSGYALNF	Donor AJG2309:LP TCRab CD8ab TRM	1
CASSQVRDTNYGYTF	TRBV4-2	TRBJ1-2	CVVNHNDMRF	Donor AJG2309:LP TCRab CD8ab TRM	1
CASSQDGQGAGNTIYF	TRBV4-3	TRBJ1-3	CVVRLYTGGFKTIF	Donor AJG2309:LP TCRab CD8ab TRM	1
CASSLFQGAIDTQYF	TRBV7-3	TRBJ2-3	CVVNARGATNKLIF	Donor AJG2309:LP TCRab CD8ab TRM	1
CASSLEGGYEQYF	TRBV7-9	TRBJ2-7	CVVNGNAGNMLTF	Donor AJG2309:LP TCRab CD8ab TRM	1
CASRRVRHNEQFF	TRBV9	TRBJ2-1	CVVLGEGAQKLVF	Donor AJG2309:LP TCRab CD8ab TRM	1
CASSPGQGDEQYF	TRBV18	TRBJ2-7	CAVKGSGYSTLTF	Donor AJG2309:LP TCRab CD8ab TRM	1
CATRFGTEVYEQYF	TRBV19	TRBJ2-7	CAVGTNAGKSTF	Donor AJG2309:LP TCRab CD8ab TRM	1
CASSVLAAAYNEQFF	TRBV19	TRBJ2-1	CAVKYNTGNQFYF	Donor AJG2309:LP TCRab CD8ab TRM	1
CASSAMETGRAYNEQFF	TRBV2	TRBJ2-1	CASSSASKIIF	Donor AJG2309:LP TCRab CD8ab TRM	1
CSASRREGRIQYF	TRBV20-1	TRBJ2-4	CAVRDYGNNRLAF	Donor AJG2309:LP TCRab CD8ab TRM	1
CSARAITSNEQFF	TRBV20-1	TRBJ2-1	CAVRTGRRALTF	Donor AJG2309:LP TCRab CD8ab TRM	1
CASSWGGSPLHF	TRBV25-1	TRBJ1-6	CAVNLYRGSQGNLIF	Donor AJG2309:LP TCRab CD8ab TRM	2
CASSHGAAGGPPTDTQYF	TRBV28	TRBJ2-3	CAVNLYGNQFYF	Donor AJG2309:LP TCRab CD8ab TRM	1
CASSLSRASNQPQHF	TRBV28	TRBJ1-5	CAVRSNAGNMLTF	Donor AJG2309:LP TCRab CD8ab TRM	1
CSVEEQGFSYEQYF	TRBV29-1	TRBJ2-7	CAVNRGTYKYIF	Donor AJG2309:LP TCRab CD8ab TRM	1
CASSRTSGSAGANVLTF	TRBV4-1	TRBJ2-6	CAGADNYGQNFVF	Donor AJG2309:LP TCRab CD8ab TRM	1
CASSLEGGTRPGELFF	TRBV5-1	TRBJ2-2	CAVARIGNNRLAF	Donor AJG2309:LP TCRab CD8ab TRM	1
CASSLEPGSVYGYTF	TRBV5-4	TRBJ1-2	CAVIGAAGNKLTF	Donor AJG2309:LP TCRab CD8ab TRM	1
CASRAGTAFDF	TRBV5-8	TRBJ2-3	CAFPGYSSASKIIF	Donor AJG2309:LP TCRab CD8ab TRM	1
CASSQTASSGSTYNEQFF	TRBV6-5	TRBJ2-1	CAVKYGNNRLAF	Donor AJG2309:LP TCRab CD8ab TRM	1
CASSYSIQVADTQYF	TRBV6-6	TRBJ2-3	CAVISNAGGTSYGKLTF	Donor AJG2309:LP TCRab CD8ab TRM	1
CASSLGRGRYQPQHF	TRBV7-6	TRBJ1-5	CAVNRGPGGSYIPTF	Donor AJG2309:LP TCRab CD8ab TRM	3
CASSETSGPREFF	TRBV7-8	TRBJ2-1	CAVNPQGAQKLVF	Donor AJG2309:LP TCRab CD8ab TRM	1
CASSLGENEQFF	TRBV7-9	TRBJ2-1	CAVDGGSGGYQKVTF	Donor AJG2309:LP TCRab CD8ab TRM	1
CASSEGPGTGYEQYF	TRBV2	TRBJ2-7	CAMSEESGGGADGLTF	Donor AJG2309:LP TCRab CD8ab TRM	1
CATTGAPYEQYF	TRBV2	TRBJ2-7	CAMSEGGGNKLTF	Donor AJG2309:LP TCRab CD8ab TRM	1
CSARPTNILAGNTDTQYF	TRBV20-1	TRBJ2-3	CAMKKSDYSGYALNF	Donor AJG2309:LP TCRab CD8ab TRM	1
CSARADRGLDTEAFF	TRBV20-1	TRBJ1-1	CAMTPNSGGYQKVTF	Donor AJG2309:LP TCRab CD8ab TRM	1
CASSLGVGYGYTF	TRBV27	TRBJ1-2	CATAAGNKLTF	Donor AJG2309:LP TCRab CD8ab TRM	1
CASSLKTQDTQYF	TRBV28	TRBJ2-3	CAMSEDQTGANNLFF	Donor AJG2309:LP TCRab CD8ab TRM	1
CASSLMPVGQGNTGELFF	TRBV3-1	TRBJ2-2	CAMTSDRGSTLGRLYF	Donor AJG2309:LP TCRab CD8ab TRM	1
CASSQLAVSGETQYF	TRBV4-2	TRBJ2-5	CAMSGRVNFGNEKLTF	Donor AJG2309:LP TCRab CD8ab TRM	1
CASTSSSGTYEQYF	TRBV6-5	TRBJ2-7	CAMDAGNQFYF	Donor AJG2309:LP TCRab CD8ab TRM	1
CASSINPGSSYNEQFF	TRBV9	TRBJ2-1	CAQGNTDKLIF	Donor AJG2309:LP TCRab CD8ab TRM	1
CASSSGGNFVYEQYF	TRBV13	TRBJ2-7	CAAIGYNAGNMLTF	Donor AJG2309:LP TCRab CD8ab TRM	1
CATSRVRNTGELFF	TRBV15	TRBJ2-2	CAASTPDYKLSF	Donor AJG2309:LP TCRab CD8ab TRM	2
CASSELRERNQPQHF	TRBV19	TRBJ1-5	CAASISNQGGKLIF	Donor AJG2309:LP TCRab CD8ab TRM	1
CASKRGPSGANVLTF	TRBV2	TRBJ2-6	CAASETGSTLGRLYF	Donor AJG2309:LP TCRab CD8ab TRM	1
CASSVVGQNYEQYF	TRBV2	TRBJ2-7	CAPSFNSGGYQKVTF	Donor AJG2309:LP TCRab CD8ab TRM	1
CASSEYTPQETQYF	TRBV25-1	TRBJ2-5	CAASTVGGGFKTIF	Donor AJG2309:LP TCRab CD8ab TRM	1
CASSLGVNNEQFF	TRBV27	TRBJ2-1	CAASGTDRGSTLGRLYF	Donor AJG2309:LP TCRab CD8ab TRM	1
CASSFGTAYEQYF	TRBV27	TRBJ2-7	CAASHAGNMLTF	Donor AJG2309:LP TCRab CD8ab TRM	1
CASSFGPSGTDTQYF	TRBV27	TRBJ2-3	CAPDSGAGSYQLTF	Donor AJG2309:LP TCRab CD8ab TRM	1
CASSLYPSQGAYGQPQHF	TRBV28	TRBJ1-5	CAAPPEYGNKLVF	Donor AJG2309:LP TCRab CD8ab TRM	1
CASNVAVPGELFF	TRBV28	TRBJ2-2	CAASRGGGADGLTF	Donor AJG2309:LP TCRab CD8ab TRM	1
CASSQAGQHDGYTF	TRBV28	TRBJ1-2	CAATLLMDSSYKLIF	Donor AJG2309:LP TCRab CD8ab TRM	1
CSVDGESAAPDTQYF	TRBV29-1	TRBJ2-3	CAARFAGFQKLVF	Donor AJG2309:LP TCRab CD8ab TRM	1
CAWGGARGFAEAFF	TRBV30	TRBJ1-1	CAATDSWGKLQF	Donor AJG2309:LP TCRab CD8ab TRM	1
CASSWDDSASGNTIYF	TRBV6-5	TRBJ1-3	CAASIEAYSSASKIIF	Donor AJG2309:LP TCRab CD8ab TRM	1
CASSSAGTGYQPQHF	TRBV6-6	TRBJ1-5	CAARIITGANNLFF	Donor AJG2309:LP TCRab CD8ab TRM	1
CASSLGRGRYQPQHF	TRBV7-6	TRBJ1-5	CAAPRGSSASKIIF	Donor AJG2309:LP TCRab CD8ab TRM	3
CASSGGGYVQPQHF	TRBV19	TRBJ1-5	CAENWGTALIF	Donor AJG2309:LP TCRab CD8ab TRM	1
CATARGQGKSSYEQYF	TRBV27	TRBJ2-7	CAEVSGSSYKLIF	Donor AJG2309:LP TCRab CD8ab TRM	1
CASSFDRGAEAFF	TRBV4-1	TRBJ1-1	CAENKNYGGSQGNLIF	Donor AJG2309:LP TCRab CD8ab TRM	1
CASSYSGGANEQFF	TRBV6-2	TRBJ2-1	CAENMKGNKLVF	Donor AJG2309:LP TCRab CD8ab TRM	1
CASSPYSGSDQETQYF	TRBV6-2	TRBJ2-5	CAETSGGADGLTF	Donor AJG2309:LP TCRab CD8ab TRM	1
CASSTTQGAGGYTF	TRBV12-4	TRBJ1-2	CAMREPRGDSSYKLIF	Donor AJG2309:LP TCRab CD8ab TRM	1
CASSMWGGLKTEAFF	TRBV19	TRBJ1-1	CAMREVPIQRGGADGLTF	Donor AJG2309:LP TCRab CD8ab TRM	1
CASSRGVVVLADTQYF	TRBV2	TRBJ2-3	CAMRAANTGNQFYF	Donor AJG2309:LP TCRab CD8ab TRM	1
CASTPGAAPGEQYF	TRBV2	TRBJ2-7	CAMSSYSGAGSYQLTF	Donor AJG2309:LP TCRab CD8ab TRM	1
CSASGSGRATTYNEQFF	TRBV20-1	TRBJ2-1	CAINTGGFKTIF	Donor AJG2309:LP TCRab CD8ab TRM	8
CASSYTPGTGTEAFF	TRBV27	TRBJ1-1	CAMRFMNTGFQKLVF	Donor AJG2309:LP TCRab CD8ab TRM	2
CASSWHRGGVEQYF	TRBV27	TRBJ2-7	CAMSLLSSNTGKLIF	Donor AJG2309:LP TCRab CD8ab TRM	1
CASSQGGVAEQFF	TRBV3-1	TRBJ2-1	CAMVGAGTALIF	Donor AJG2309:LP TCRab CD8ab TRM	2
CAWSARGGTGRYEQYF	TRBV30	TRBJ2-7	CAMSFYNYGQNFVF	Donor AJG2309:LP TCRab CD8ab TRM	1
CASSQALGSGASTDTQYF	TRBV4-1	TRBJ2-3	CAMRLTGGFKTIF	Donor AJG2309:LP TCRab CD8ab TRM	1
CASSTGLAGGRRGEQFF	TRBV4-3	TRBJ2-1	CAMRAIYGGATNKLIF	Donor AJG2309:LP TCRab CD8ab TRM	1
CASSQIFGTGTNQPQHF	TRBV4-3	TRBJ1-5	CAMREARNNNNDMRF	Donor AJG2309:LP TCRab CD8ab TRM	5
CASSQDRWDYTDTQYF	TRBV4-3	TRBJ2-3	CAMREGSSDGQKLLF	Donor AJG2309:LP TCRab CD8ab TRM	1
CASSLEATAPVYEQYF	TRBV5-1	TRBJ2-7	CAMRELTGGGNKLTF	Donor AJG2309:LP TCRab CD8ab TRM	1
CASSLGGINEQFF	TRBV5-5	TRBJ2-1	CAMREDTLNRDDKIIF	Donor AJG2309:LP TCRab CD8ab TRM	1
CASSPRGETEQYF	TRBV5-6	TRBJ2-7	CAMREGPGTGRRALTF	Donor AJG2309:LP TCRab CD8ab TRM	1
CASSYSLAVNTEAFF	TRBV6-2	TRBJ1-1	CAMREGNTGGFKTIF	Donor AJG2309:LP TCRab CD8ab TRM	1
CASSFGTYNEQFF	TRBV6-5	TRBJ2-1	CAMREVPGTASKLTF	Donor AJG2309:LP TCRab CD8ab TRM	2
CASSPTTGNTEAFF	TRBV7-9	TRBJ1-1	CAMRGRDSNYQLIW	Donor AJG2309:LP TCRab CD8ab TRM	1
CASSPNGDRGLEQYF	TRBV11-2	TRBJ2-7	CALIWYGKLTF	Donor AJG2309:LP TCRab CD8ab TRM	2
CASTLEGSVGYTF	TRBV12-3	TRBJ1-2	CALSGNNRLAF	Donor AJG2309:LP TCRab CD8ab TRM	1
CASSLVGEEVTFF	TRBV27	TRBJ1-1	CALSELIQGAQKLVF	Donor AJG2309:LP TCRab CD8ab TRM	1
CASNDSYEQYF	TRBV28	TRBJ2-7	CALRDSGYSTLTF	Donor AJG2309:LP TCRab CD8ab TRM	1
CAADRGSDEQYF	TRBV28	TRBJ2-7	CALRNSGYSTLTF	Donor AJG2309:LP TCRab CD8ab TRM	1
CASSGGTDTQYF	TRBV28	TRBJ2-3	CALRNSGYSTLTF	Donor AJG2309:LP TCRab CD8ab TRM	1
CASSPRQGYSPLHF	TRBV5-5	TRBJ1-6	CALSGDDYKLSF	Donor AJG2309:LP TCRab CD8ab TRM	1
CASSVEFGGQETQYF	TRBV9	TRBJ2-5	CAPHNSGGSNYKLTF	Donor AJG2309:LP TCRab CD8ab TRM	1
CASSAWTDQETQYF	TRBV12-4	TRBJ2-5	CASDSGNTPLVF	Donor AJG2309:LP TCRab CD8ab TRM	1
CASREGNSPLHF	TRBV19	TRBJ1-6	CATDEFRARLMF	Donor AJG2309:LP TCRab CD8ab TRM	1
CASSIHVTYEQYF	TRBV19	TRBJ2-7	CATDESGNTPLVF	Donor AJG2309:LP TCRab CD8ab TRM	1
CASSIVAGGGDNEQFF	TRBV19	TRBJ2-1	CATDGGNAGNMLTF	Donor AJG2309:LP TCRab CD8ab TRM	1
CASSSQTPGIMNTEAFF	TRBV27	TRBJ1-1	CATFGSFNKFYF	Donor AJG2309:LP TCRab CD8ab TRM	1
CASSQRDRGSREQYF	TRBV4-3	TRBJ2-7	CATDPSSGSARQLTF	Donor AJG2309:LP TCRab CD8ab TRM	1
CASSHPGLSQEQFF	TRBV4-3	TRBJ2-1	CATDRVFDSNYQLIW	Donor AJG2309:LP TCRab CD8ab TRM	1
CASSHAFESFPYTF	TRBV4-3	TRBJ1-2	CATDVGSNNDMRF	Donor AJG2309:LP TCRab CD8ab TRM	1
CASSRSGRGTFEQYF	TRBV5-1	TRBJ2-7	CATGDQGGKLIF	Donor AJG2309:LP TCRab CD8ab TRM	1
CASSLGWGSTYEQYF	TRBV5-6	TRBJ2-7	CVTGGNQFYF	Donor AJG2309:LP TCRab CD8ab TRM	1
CASELDSGTEAFF	TRBV6-2	TRBJ1-1	CATVLNKFYF	Donor AJG2309:LP TCRab CD8ab TRM	1
CASSYLPGANVLTF	TRBV6-5	TRBJ2-6	CATDDNNDMRF	Donor AJG2309:LP TCRab CD8ab TRM	1
CASSYSVNTGELFF	TRBV6-6	TRBJ2-2	CATDGSDGQKLLF	Donor AJG2309:LP TCRab CD8ab TRM	1
CASTLGQGAAGELFF	TRBV6-6	TRBJ2-2	CATPTGNQFYF	Donor AJG2309:LP TCRab CD8ab TRM	1
CASSLPTQALRLFF	TRBV7-2	TRBJ2-2	CATDATGNQFYF	Donor AJG2309:LP TCRab CD8ab TRM	1
CASSVMDEQFF	TRBV7-8	TRBJ2-1	CATDALYTQFYF	Donor AJG2309:LP TCRab CD8ab TRM	1
CASSFETSGPSSYNEQFF	TRBV11-2	TRBJ2-1	CAFNTGGFKTIF	Donor AJG2309:LP TCRab CD8ab TRM	1
CASSLRLAGGLSSYNEQFF	TRBV12-4	TRBJ2-1	CALSGTTSGTYKYIF	Donor AJG2309:LP TCRab CD8ab TRM	2
CSSTPYSGKTSYEQYF	TRBV20-1	TRBJ2-7	CALSELSYNNNDMRF	Donor AJG2309:LP TCRab CD8ab TRM	1
CASSLGTAYNEQFF	TRBV27	TRBJ2-1	CALSEASTYKYIF	Donor AJG2309:LP TCRab CD8ab TRM	1
CASSLGLAGVVDTGELFF	TRBV28	TRBJ2-2	CALSEAKYNQGGKLIF	Donor AJG2309:LP TCRab CD8ab TRM	1
CASPPAGMYNEQFF	TRBV28	TRBJ2-1	CALSEWQAGTALIF	Donor AJG2309:LP TCRab CD8ab TRM	1
CASRGGEKSGYNSPLHF	TRBV28	TRBJ1-6	CALTPEDNYGQNFVF	Donor AJG2309:LP TCRab CD8ab TRM	1
CASSPRRLAKSYEQYF	TRBV3-1	TRBJ2-7	CALSEEYGNKLVF	Donor AJG2309:LP TCRab CD8ab TRM	1
CASSHPGLAGGSSYNEQFF	TRBV4-2	TRBJ2-1	CALSEAGGAQKLVF	Donor AJG2309:LP TCRab CD8ab TRM	1
CASSQDVGVGQGRLEAFF	TRBV4-3	TRBJ1-1	CALSEDRGSTLGRLYF	Donor AJG2309:LP TCRab CD8ab TRM	1
CASSLDGTLQGSSTEAFF	TRBV5-1	TRBJ1-1	CALSEAYTGRRALTF	Donor AJG2309:LP TCRab CD8ab TRM	1
CASSQSRGTTTKNIQYF	TRBV5-1	TRBJ2-4	CALTPYLPAAPSYGKLTF	Donor AJG2309:LP TCRab CD8ab TRM	1
CASSLDRATPMNTEAFF	TRBV5-4	TRBJ1-1	CALSEGAGGTSYGKLTF	Donor AJG2309:LP TCRab CD8ab TRM	1
CASSLIGFRNLYQETQYF	TRBV5-8	TRBJ2-5	CALLSGAGSYQLTF	Donor AJG2309:LP TCRab CD8ab TRM	1
CASSGDRTFYGYTF	TRBV6-2	TRBJ1-2	CALSELLLNFGNEKLTF	Donor AJG2309:LP TCRab CD8ab TRM	4
CASSLGGQGRFSDEQFF	TRBV7-6	TRBJ2-1	CARANFGNEKLTF	Donor AJG2309:LP TCRab CD8ab TRM	2
CAVPGSSTEAFF	TRBV7-9	TRBJ1-1	CALEDGSAGNKLTF	Donor AJG2309:LP TCRab CD8ab TRM	1
CASSSRDRPYEQYF	TRBV7-9	TRBJ2-7	CALSDLYSSASKIIF	Donor AJG2309:LP TCRab CD8ab TRM	1
CASSFAGAPGDEQFF	TRBV9	TRBJ2-1	CALTLFNDYKLSF	Donor AJG2309:LP TCRab CD8ab TRM	1
CASSDRVSYEQYF	TRBV27	TRBJ2-7	CAVEGLISDGQKLLF	Donor AJG2309:LP TCRab CD8ab TRM	1
CASSLGREGPDTQYF	TRBV28	TRBJ2-3	CAAPSGNTGKLIF	Donor AJG2309:LP TCRab CD8ab TRM	1
CASSVAVGKYEQYF	TRBV9	TRBJ2-7	CAVDSSPTSGTYKYIF	Donor AJG2309:LP TCRab CD8ab TRM	1
CASSWGLSGNTIYF	TRBV5-4	TRBJ1-3	CAAFRWGGATNKLIF	Donor AJG2309:LP TCRab CD8ab TRM	1
CASSLTLAGEHNEQFF	TRBV7-3	TRBJ2-1	CAVQATGGATNKLIF	Donor AJG2309:LP TCRab CD8ab TRM	1
CASSVVANTDTQYF	TRBV9	TRBJ2-3	CAVQAANAGNMLTF	Donor AJG2309:LP TCRab CD8ab TRM	1
CASSQDAPGWGQETQYF	TRBV14	TRBJ2-5	CAVIGNQFYF	Donor AJG2309:LP TCRab CD8ab TRM	1
CASSQSSGLYEQYF	TRBV16	TRBJ2-7	CAVVNYGGATNKLIF	Donor AJG2309:LP TCRab CD8ab TRM	1
CATSGQGGGSGANVLTF	TRBV24-1	TRBJ2-6	CAVRPGAASGGSYIPTF	Donor AJG2309:LP TCRab CD8ab TRM	1
CASSYRSGGRPLWETQYF	TRBV27	TRBJ2-5	CAVGSNDYKLSF	Donor AJG2309:LP TCRab CD8ab TRM	3
CASSAILTDEQYF	TRBV27	TRBJ2-7	CAVTYYGNNRLAF	Donor AJG2309:LP TCRab CD8ab TRM	1
CASSLSPGQSVIYGYTF	TRBV28	TRBJ1-2	CAVFHSGAGSYQLTF	Donor AJG2309:LP TCRab CD8ab TRM	1
CASSADSPYEQYF	TRBV5-6	TRBJ2-7	CAVGGSSNTGKLIF	Donor AJG2309:LP TCRab CD8ab TRM	1
CASSLANNYGYTF	TRBV5-6	TRBJ1-2	CAVMTTDSWGKLQF	Donor AJG2309:LP TCRab CD8ab TRM	1
CASSYSATWTPNTDTQYF	TRBV6-5	TRBJ2-3	CAVARAGGTSYGKLTF	Donor AJG2309:LP TCRab CD8ab TRM	2
CASSYWTSGVTGELFF	TRBV6-5	TRBJ2-2	CAVINGQLTF	Donor AJG2309:LP TCRab CD8ab TRM	1
CASSYSRTGGLNTEAFF	TRBV6-5	TRBJ1-1	CAVMDTGRRALTF	Donor AJG2309:LP TCRab CD8ab TRM	1
CASSPTPTNTEAFF	TRBV6-5	TRBJ1-1	CAVRPGNQGGKLIF	Donor AJG2309:LP TCRab CD8ab TRM	1
CASSYLTGFGYTF	TRBV6-5	TRBJ1-2	CAVSVNSGYSTLTF	Donor AJG2309:LP TCRab CD8ab TRM	1
CASSPLPDRGNYGYTF	TRBV7-2	TRBJ1-2	CAVSTSGSARQLTF	Donor AJG2309:LP TCRab CD8ab TRM	1
CASSLYSTPTDTQYF	TRBV7-3	TRBJ2-3	CAVSSNTGNQFYF	Donor AJG2309:LP TCRab CD8ab TRM	1
CASSLEGYYGYTF	TRBV5-6	TRBJ1-2	CAAPADSGYSTLTF	Donor AJG2309:LP TCRab CD8ab TRM	1
CASGGGLYYEQYF	TRBV6-1	TRBJ2-7	CAALSASKIIF	Donor AJG2309:LP TCRab CD8ab TRM	1
CASSLSGRATDTQYF	TRBV11-2	TRBJ2-3	CAFHNNARLMF	Donor AJG2309:LP TCRab CD8ab TRM	1
CASSLSNLAVNTEAFF	TRBV27	TRBJ1-1	CAFAGNMLTF	Donor AJG2309:LP TCRab CD8ab TRM	1
CSVAGSTVFAGVNAQYF	TRBV29-1	TRBJ2-3	CASPVYGGTSYGKLTF	Donor AJG2309:LP TCRab CD8ab TRM	1
CASSQRPGQGPFKTPYEQYF	TRBV4-3	TRBJ2-7	CAFPMYSGGGADGLTF	Donor AJG2309:LP TCRab CD8ab TRM	1
CASSLEWAGEKLFF	TRBV5-1	TRBJ1-4	CAFLDTDKLIF	Donor AJG2309:LP TCRab CD8ab TRM	1
CASSEGIGANTGELFF	TRBV6-1	TRBJ2-2	CAFISTGGSYIPTF	Donor AJG2309:LP TCRab CD8ab TRM	1
CASSLRAGRVDTQYF	TRBV27	TRBJ2-3	CASGTYKYIF	Donor AJG2309:LP TCRab CD8ab TRM	1
CASSPGLINEQFF	TRBV27	TRBJ2-1	CDIGGGSQGNLIF	Donor AJG2309:LP TCRab CD8ab TRM	1
CASSLRSGRAYEQYF	TRBV27	TRBJ2-7	CGTGTYKYIF	Donor AJG2309:LP TCRab CD8ab TRM	2
CASGQGDNVLTF	TRBV7-6	TRBJ2-6	CAGLIPNAGNMLTF	Donor AJG2309:LP TCRab CD8ab TRM	1
CASSQERGAGNTIYF	TRBV4-1	TRBJ1-3	CIVRVRGTSYGKLTF	Donor AJG2309:LP TCRab CD8ab TRM	1
CASSWWDRALGTEAFF	TRBV5-5	TRBJ1-1	CIVRVAGSVNYGQNFVF	Donor AJG2309:LP TCRab CD8ab TRM	1
CASSQTGVVQPQHF	TRBV6-2	TRBJ1-5	CIVARKTSYDKVIF	Donor AJG2309:LP TCRab CD8ab TRM	1
CASRTAEVEPYEQYF	TRBV18	TRBJ2-7	CILVPLGSGAGSYQLTF	Donor AJG2309:LP TCRab CD8ab TRM	1
CSASGSGRATTYNEQFF	TRBV20-1	TRBJ2-1	CILRNRVSGAGSYQLTF	Donor AJG2309:LP TCRab CD8ab TRM	2
CASSLSRLDFYEQYF	TRBV28	TRBJ2-7	CILRDGNTDKLIF	Donor AJG2309:LP TCRab CD8ab TRM	1
CASSQLAVSGETQYF	TRBV4-2	TRBJ2-5	CIHRGGGSNYKLTF	Donor AJG2309:LP TCRab CD8ab TRM	1
CASSQDKGHEQYF	TRBV4-3	TRBJ2-7	CILRDCRAGNNRKLIW	Donor AJG2309:LP TCRab CD8ab TRM	1
CASSSGTSGSYEQYF	TRBV5-1	TRBJ2-7	CILRDWEVRRGNEKLTF	Donor AJG2309:LP TCRab CD8ab TRM	1
CASSLEWQDQETQYF	TRBV11-2	TRBJ2-5	CAGADNYGQNFVF	Donor AJG2309:LP TCRab CD8ab TRM	1
CASSLLAASDGYTF	TRBV12-4	TRBJ1-2	CANSRYGNKLVF	Donor AJG2309:LP TCRab CD8ab TRM	1
CASSFNTEAFF	TRBV7-2	TRBJ1-1	CAGAGCYGGSQGNLIF	Donor AJG2309:LP TCRab CD8ab TRM	1
CASSLAGDSYEQYF	TRBV7-2	TRBJ2-7	CAGATRPRTRLMF	Donor AJG2309:LP TCRab CD8ab TRM	1
CASSRPDSVYGYTF	TRBV11-2	TRBJ1-2	CAASAGNTDKLIF	Donor AJG2309:LP TCRab CD8ab TRM	1
CASSQLTDTGAFF	TRBV12-3	TRBJ1-1	CAASAGSGTYKYIF	Donor AJG2309:LP TCRab CD8ab TRM	3
CASSQDPADTQYF	TRBV14	TRBJ2-3	CGSGSEKLVF	Donor AJG2309:LP TCRab CD8ab TRM	1
CASSIDHRGPLYGYTF	TRBV19	TRBJ1-2	CAASAGSGGSNYKLTF	Donor AJG2309:LP TCRab CD8ab TRM	1
CASSDRRTGAYTEAFF	TRBV2	TRBJ1-1	CAASQAGTALIF	Donor AJG2309:LP TCRab CD8ab TRM	1
CASSFGRENTEAFF	TRBV27	TRBJ1-1	CAASARGQGNLIF	Donor AJG2309:LP TCRab CD8ab TRM	1
CASSSRPGEQFF	TRBV27	TRBJ2-1	CAASTGRRALTF	Donor AJG2309:LP TCRab CD8ab TRM	1
CASSTRLAGIHYEQYF	TRBV28	TRBJ2-7	CAASPQAGTALIF	Donor AJG2309:LP TCRab CD8ab TRM	2
CASSHSGTYGYNEQFF	TRBV4-1	TRBJ2-1	CAAGGSTLTF	Donor AJG2309:LP TCRab CD8ab TRM	1
CASSQDSGTAYEQYF	TRBV4-1	TRBJ2-7	CAANGYSSASKIIF	Donor AJG2309:LP TCRab CD8ab TRM	1
CASSHYDRGANYGYTF	TRBV5-4	TRBJ1-2	CAASFQGGSEKLVF	Donor AJG2309:LP TCRab CD8ab TRM	1
CASSYITADYEQYF	TRBV6-2	TRBJ2-7	CAVNSGGSNYKLTF	Donor AJG2309:LP TCRab CD8ab TRM	1
CASSQNFRWGIVVQYF	TRBV6-5	TRBJ2-7	CAASGGHDMRF	Donor AJG2309:LP TCRab CD8ab TRM	1
CASSSGTGEYEQYF	TRBV7-3	TRBJ2-7	CAASGGGQAGTALIF	Donor AJG2309:LP TCRab CD8ab TRM	1
CASSLSDSYEQYF	TRBV7-6	TRBJ2-7	CAASVLTNEKLTF	Donor AJG2309:LP TCRab CD8ab TRM	1
CASSPETGGETQYF	TRBV7-8	TRBJ2-5	CAARYQGGSEKLVF	Donor AJG2309:LP TCRab CD8ab TRM	1
CASSAIFGAAEAFF	TRBV7-9	TRBJ1-1	CAASARGGSEKLVF	Donor AJG2309:LP TCRab CD8ab TRM	1
CASSLYSGGSPYEQYF	TRBV7-9	TRBJ2-7	CAASARYQGGSEKLVF	Donor AJG2309:LP TCRab CD8ab TRM	1
CASSQGDTTYEQYF	TRBV7-9	TRBJ2-7	CAASFNTGNQFYF	Donor AJG2309:LP TCRab CD8ab TRM	1
CASSQTTGGVYNEQFF	TRBV7-9	TRBJ2-1	CAASVNNNARLMF	Donor AJG2309:LP TCRab CD8ab TRM	1
CASRGTEVPLGDYGYTF	TRBV7-9	TRBJ1-2	CAEGGSYGKLTF	Donor AJG2309:LP TCRab CD8ab TRM	1
CASSLRRNSYPTGELFF	TRBV9	TRBJ2-2	CAATGDQAGTALIF	Donor AJG2309:LP TCRab CD8ab TRM	2
CASSFLQPYEQYF	TRBV12-4	TRBJ2-7	CAVRDRPANQAGTALIF	Donor AJG2309:LP TCRab CD8ab TRM	1
CASSPAGTANTEAFF	TRBV18	TRBJ1-1	CAVRDYDTDKLIF	Donor AJG2309:LP TCRab CD8ab TRM	1
CATSDTTGFGTGELFF	TRBV24-1	TRBJ2-2	CAVRDGLWDSSYKLIF	Donor AJG2309:LP TCRab CD8ab TRM	1
CASSLGTRELFF	TRBV27	TRBJ1-4	CAEGDDYKLSF	Donor AJG2309:LP TCRab CD8ab TRM	1
CASSDPSGRVISRGYTDTQYF	TRBV28	TRBJ2-3	CAVRDSLTDKLIF	Donor AJG2309:LP TCRab CD8ab TRM	1
CASSLGLAGGTGELFF	TRBV5-4	TRBJ2-2	CAVRVPYNQGGKLIF	Donor AJG2309:LP TCRab CD8ab TRM	1
CASSYGDSYEQYF	TRBV6-5	TRBJ2-7	CAVRESPLQLTF	Donor AJG2309:LP TCRab CD8ab TRM	1
CASSLARLAGEETQYF	TRBV7-2	TRBJ2-5	CAVRDLVGADYKLSF	Donor AJG2309:LP TCRab CD8ab TRM	1
CASGQGDNVLTF	TRBV7-6	TRBJ2-6	CAVRDTLRNTDKLIF	Donor AJG2309:LP TCRab CD8ab TRM	1
CASSVGGSVTGELFF	TRBV9	TRBJ2-2	CAVRDGNNNARLMF	Donor AJG2309:LP TCRab CD8ab TRM	1
CSASPSGPYNEQFF	TRBV20-1	TRBJ2-1	CGTTPRDTGKLIF	Donor AJG2309:LP TCRab CD8ab TRM	1
CASSSQGKMDTGELFF	TRBV5-6	TRBJ2-2	CGTENTGNQFYF	Donor AJG2309:LP TCRab CD8ab TRM	1
CASSIQDFSLDGYTF	TRBV19	TRBJ1-2	CGADMKGAQKLVF	Donor AJG2309:LP TCRab CD8ab TRM	1
CASSLINEQFF	TRBV11-2	TRBJ2-1	CAGRQDTGNQFYF	Donor AJG2309:LP TCRab CD8ab TRM	1
CASGPDRGMNTEAFF	TRBV12-5	TRBJ1-1	CAGPNTGNQFYF	Donor AJG2309:LP TCRab CD8ab TRM	1
CASSSGLYGYTF	TRBV19	TRBJ1-2	CAGQSQNQAGTALIF	Donor AJG2309:LP TCRab CD8ab TRM	1
CASGDRQVRAREQYF	TRBV2	TRBJ2-7	CGPSKFAGGTSYGKLTF	Donor AJG2309:LP TCRab CD8ab TRM	1
CASRPRDGRGNNEQFF	TRBV28	TRBJ2-1	CAVDTNRDDKIIF	Donor AJG2309:LP TCRab CD8ab TRM	1
CASSQDWGSLGDTGELFF	TRBV4-3	TRBJ2-2	CAVEPDYGGSQGNLIF	Donor AJG2309:LP TCRab CD8ab TRM	1
CASSLSLAGANEQFF	TRBV7-3	TRBJ2-1	CACITGNQFYF	Donor AJG2309:LP TCRab CD8ab TRM	1
CAISGVTGVGYEQYF	TRBV10-3	TRBJ2-7	CAFLNYEKLTF	Donor AJG2309:LP TCRab CD8ab TRM	1
CASSLGGLASYEQYF	TRBV13	TRBJ2-7	CAFMKHGNYGQNFVF	Donor AJG2309:LP TCRab CD8ab TRM	1
CASSPRGAVEGYTF	TRBV5-1	TRBJ1-2	CAFAELRGSQGNLIF	Donor AJG2309:LP TCRab CD8ab TRM	1
CASSPWDAGEQFF	TRBV11-3	TRBJ2-1	CAYIRWSRNNNDMRF	Donor AJG2309:LP TCRab CD8ab TRM	1
CASSLAGGPNEQFF	TRBV27	TRBJ2-1	CAYAHSAGGTSYGKLTF	Donor AJG2309:LP TCRab CD8ab TRM	6
CASSRGVGAPLYEQYF	TRBV28	TRBJ2-7	CAYRSFRSGNTPLVF	Donor AJG2309:LP TCRab CD8ab TRM	1
CASSQEWFSRPNEQFF	TRBV3-1	TRBJ2-1	CAYRTIYTGANSKLTF	Donor AJG2309:LP TCRab CD8ab TRM	1
CASSQDRAGGYQETQYF	TRBV3-1	TRBJ2-5	CAYRVHLIQGAQKLVF	Donor AJG2309:LP TCRab CD8ab TRM	1
CASSQVRGGYEQYF	TRBV3-1	TRBJ2-7	CAYSGGGSEKLVF	Donor AJG2309:LP TCRab CD8ab TRM	1
CASSFWGGSNQPQHF	TRBV5-1	TRBJ1-5	CAYRSAREGGSEKLVF	Donor AJG2309:LP TCRab CD8ab TRM	1
CASRLAGIYEQYF	TRBV6-2	TRBJ2-7	CAYRRTGNQFYF	Donor AJG2309:LP TCRab CD8ab TRM	1
CASSAGQNPSYEQYF	TRBV9	TRBJ2-7	CAVEAAGNKLTF	Donor AJG2309:LP TCRab CD8ab TRM	1
CASSRDSYEQYF	TRBV9	TRBJ2-7	CAYPNNARLMF	Donor AJG2309:LP TCRab CD8ab TRM	1
CASSLYPSQGAYGQPQHF	TRBV28	TRBJ1-5	CAVETSGSRLTF	Donor AJG2309:LP TCRab CD8ab TRM	1
CASSPAPSGNYNEQFF	TRBV4-1	TRBJ2-1	CAVDPYNNNDMRF	Donor AJG2309:LP TCRab CD8ab TRM	1
CASSTGSNTEAFF	TRBV28	TRBJ1-1	CLVGVGRLMF	Donor AJG2309:LP TCRab CD8ab TRM	3
CASSSLGAPFHNEQFF	TRBV27	TRBJ2-1	CAASTGNQFYF	Donor AJG2309:LP TCRab CD8ab TRM	1
CASSTIDRGGGYTF	TRBV27	TRBJ1-2	CALHTGNQFYF	Donor AJG2309:LP TCRab CD8ab TRM	2
CASSGLEAYNEQFF	TRBV27	TRBJ2-1	CAVGTGNQFYF	Donor AJG2309:LP TCRab CD8ab TRM	1
CASSYYRTFYEQYF	TRBV6-5	TRBJ2-7	CAVRSNYGGATNKLIF	Donor AJG2309:LP TCRab CD8ab TRM	1
CASSYYRTFYEQYF	TRBV6-5	TRBJ2-7	CAVRSNYGGATNKLNF	Donor AJG2309:LP TCRab CD8ab TRM	1
CASSLYSGGSPYEQYF	TRBV7-9	TRBJ2-7	CAVRNRDDKIIF	Donor AJG2309:LP TCRab CD8ab TRM	1
CATSHFPGSTSSYNEQFF	TRBV24-1	TRBJ2-1	CAETLSGGYQKVTF	Donor AJG2309:LP TCRab CD8ab TRM	2
CASSFARYEQYF	TRBV28	TRBJ2-7	CAESMAEYSSASKIIF	Donor AJG2309:LP TCRab CD8ab TRM	2
CASSQLPSTTEAFF	TRBV4-1	TRBJ1-1	CAEEMGNSGYALNF	Donor AJG2309:LP TCRab CD8ab TRM	1
CASSLGQGYEQFF	TRBV7-9	TRBJ2-1	CADLNQAGTALIF	Donor AJG2309:LP TCRab CD8ab TRM	1
CASSSGLQLNTEAFF	TRBV7-9	TRBJ1-1	CAEKNSGYSTLTF	Donor AJG2309:LP TCRab CD8ab TRM	1
CASSVEGSGGPNIQYF	TRBV9	TRBJ2-4	CAKWAEDNFNKFYF	Donor AJG2309:LP TCRab CD8ab TRM	1
CASSPAFVDTQYF	TRBV27	TRBJ2-3	CALRNNRLAF	Donor AJG2309:LP TCRab CD8ab TRM	1
CASSWGGPNEQFF	TRBV28	TRBJ2-1	CALDKHSGAGSYQLTF	Donor AJG2309:LP TCRab CD8ab TRM	1
CASSLGGHNEQFF	TRBV28	TRBJ2-1	CALDKNSGAGSYQLTF	Donor AJG2309:LP TCRab CD8ab TRM	1
CASSLSPGIGTDTQYF	TRBV28	TRBJ2-3	CALGDSNYQLIW	Donor AJG2309:LP TCRab CD8ab TRM	1
CASSLAAVGRSEQFF	TRBV12-3	TRBJ2-1	CAVNDDYKLSF	Donor AJG2309:LP TCRab CD8ab TRM	1
CAISESMDEGEQFF	TRBV10-3	TRBJ2-1	CVVSDRNFNKFYF	Donor AJG2309:LP TCRab CD8ab TRM	1
CSAPYTSSYEQYF	TRBV20-1	TRBJ2-7	CVVSLGGGKLIF	Donor AJG2309:LP TCRab CD8ab TRM	1
CASSLSGKVYEQYF	TRBV5-1	TRBJ2-7	CVVSDEYGYALNF	Donor AJG2309:LP TCRab CD8ab TRM	1
CASSLGVNRVDSTLHF	TRBV5-1	TRBJ1-6	CVVSDRTGRRALTF	Donor AJG2309:LP TCRab CD8ab TRM	1
CASSLLLTAAAEAFF	TRBV5-1	TRBJ1-1	CVVSLYSGGGADGLTF	Donor AJG2309:LP TCRab CD8ab TRM	1
CASSYRDVGARTGELFF	TRBV6-5	TRBJ2-2	CVVSEWHDSWGKFQF	Donor AJG2309:LP TCRab CD8ab TRM	1
CASSLTSGTHNEQFF	TRBV7-9	TRBJ2-1	CVVTSSGTYKYIF	Donor AJG2309:LP TCRab CD8ab TRM	1
CASSGLNPGTGYYEQYF	TRBV19	TRBJ2-7	CLLTGANNLFF	Donor AJG2309:LP TCRab CD8ab TRM	1
CATRDRGYETQYF	TRBV24-1	TRBJ2-5	CAVEAREYGNKLVF	Donor AJG2309:LP TCRab CD8ab TRM	1
CASSWGGSPLHF	TRBV25-1	TRBJ1-6	CAVGEDNYGQNFVF	Donor AJG2309:LP TCRab CD8ab TRM	2
CASSLHGGNIQYF	TRBV27	TRBJ2-4	CAVVVDTGGFKTIF	Donor AJG2309:LP TCRab CD8ab TRM	1
CASSEFFGRTSSYNEQFF	TRBV28	TRBJ2-1	CAVGARTYKYIF	Donor AJG2309:LP TCRab CD8ab TRM	1
CAYNRGPLPYNEQFF	TRBV30	TRBJ2-1	CAVGTSGTYKYIF	Donor AJG2309:LP TCRab CD8ab TRM	1
CASTIGGGPNEKLFF	TRBV7-6	TRBJ1-4	CAVGAGDDKIIF	Donor AJG2309:LP TCRab CD8ab TRM	1
CASSVDGSGELFF	TRBV9	TRBJ2-2	CAVGAGSARQLTF	Donor AJG2309:LP TCRab CD8ab TRM	1
CAISPDRGLTDTQYF	TRBV10-3	TRBJ2-3	CAVSGYYGNNRLAF	Donor AJG2309:LP TCRab CD8ab TRM	1
CSARGLIGQGGSNQPQHF	TRBV20-1	TRBJ1-5	CAVSFAGGTSYGKLTF	Donor AJG2309:LP TCRab CD8ab TRM	1
CASRLGGRGYEQYF	TRBV28	TRBJ2-7	CAVRKAAGNKLTF	Donor AJG2309:LP TCRab CD8ab TRM	1
CASSLTLIGRPDGYTF	TRBV7-3	TRBJ1-2	CAVSDGEGAQKLVF	Donor AJG2309:LP TCRab CD8ab TRM	1
CSVEDGRNNYGYTF	TRBV29-1	TRBJ1-2	CAVSEGSSGTYKYIF	Donor AJG2309:LP TCRab CD8ab TRM	1
CASSLEAGTPSGANVLTF	TRBV7-2	TRBJ2-6	CAVHSGGYNKLIF	Donor AJG2309:LP TCRab CD8ab TRM	1
CASSQVSGGLYEQYF	TRBV14	TRBJ2-7	CALTPYFGNEKLTF	Donor AJG2309:LP TCRab CD8ab TRM	1
CSASLLDLGTIEQYF	TRBV20-1	TRBJ2-7	CALSDPDTGGFKTIF	Donor AJG2309:LP TCRab CD8ab TRM	2
CASSPSFGGLSTSTPDGYTF	TRBV7-8	TRBJ1-2	CAVRDSPGAGSYQLTF	Donor AJG2309:PB TCRab CD8ab Naive/TCM	1
CASTLGSSGGTDTQYF	TRBV12-4	TRBJ2-3	CAVRVPRLYQLIW	Donor AJG2309:PB TCRab CD8ab Naive/TCM	1
CAVRRDYTYNEQFF	TRBV27	TRBJ2-1	CAVRDRAGGGNKLTF	Donor AJG2309:PB TCRab CD8ab Naive/TCM	1
CASSFVGGTYEQYF	TRBV27	TRBJ2-7	CAVRRNYGQNFVF	Donor AJG2309:PB TCRab CD8ab Naive/TCM	1
CASSLARQGSDTQYF	TRBV28	TRBJ2-3	CAVRDRGTGANNLFF	Donor AJG2309:PB TCRab CD8ab Naive/TCM	1
CASSYSSMDGNTEAFF	TRBV6-2	TRBJ1-1	CAAEDNFNKFYF	Donor AJG2309:PB TCRab CD8ab Naive/TCM	1
CASSATGSAGGGPYEQYF	TRBV9	TRBJ2-7	CAVANRDDKIIF	Donor AJG2309:PB TCRab CD8ab Naive/TCM	1
CASSFGNEQYF	TRBV12-4	TRBJ2-7	CVVPGRYSTLTF	Donor AJG2309:PB TCRab CD8ab Naive/TCM	1
CSASHPFSSGGETQYF	TRBV20-1	TRBJ2-5	CVSGSSNTGKLIF	Donor AJG2309:PB TCRab CD8ab Naive/TCM	1
CASSLSGTGNEKLFF	TRBV27	TRBJ1-4	CVAPLSASKIIF	Donor AJG2309:PB TCRab CD8ab Naive/TCM	1
CASSFQGMNTEAFF	TRBV28	TRBJ1-1	CVVFHPFSGSARQLTF	Donor AJG2309:PB TCRab CD8ab Naive/TCM	1
CASDPGSYEQYF	TRBV28	TRBJ2-7	CVVIDRGSTLGRLYF	Donor AJG2309:PB TCRab CD8ab Naive/TCM	1
CASSLFSGRHGYTF	TRBV28	TRBJ1-2	CVVNLSNDYKLSF	Donor AJG2309:PB TCRab CD8ab Naive/TCM	1
CSGRDDGASEQYF	TRBV29-1	TRBJ2-7	CVVNYAGGGNKLTF	Donor AJG2309:PB TCRab CD8ab Naive/TCM	1
CSAEREGGDEQFF	TRBV29-1	TRBJ2-1	CVVPYMDTGRRALTF	Donor AJG2309:PB TCRab CD8ab Naive/TCM	1
CASSQGAGTAYEQYF	TRBV4-3	TRBJ2-7	CVVNTDKLIF	Donor AJG2309:PB TCRab CD8ab Naive/TCM	2
CASSSTGVSNTGELFF	TRBV13	TRBJ2-2	CAVRVGGFKTIF	Donor AJG2309:PB TCRab CD8ab Naive/TCM	1
CASSFPLEGNEQFF	TRBV28	TRBJ2-1	CASPELNGYNKLIF	Donor AJG2309:PB TCRab CD8ab Naive/TCM	1
CASSYQAGQNTGELFF	TRBV6-1	TRBJ2-2	CAVNQAAAGNKLTF	Donor AJG2309:PB TCRab CD8ab Naive/TCM	1
CASSPWSSGANVLTF	TRBV6-5	TRBJ2-6	CAVNIRGDSSYKLIF	Donor AJG2309:PB TCRab CD8ab Naive/TCM	1
CASSYGGVYEQYF	TRBV6-6	TRBJ2-7	CAQGSDMRF	Donor AJG2309:PB TCRab CD8ab Naive/TCM	1
CASSPVGQGNTGELFF	TRBV7-3	TRBJ2-2	CAVNSGYSTLTF	Donor AJG2309:PB TCRab CD8ab Naive/TCM	1
CASSPTGLQETQYF	TRBV7-3	TRBJ2-5	CAVSTSGNQFYF	Donor AJG2309:PB TCRab CD8ab Naive/TCM	1
CASSAPGIGGYTF	TRBV7-8	TRBJ1-2	CAVPGISGGYNKLIF	Donor AJG2309:PB TCRab CD8ab Naive/TCM	1
CAIRGQAYLTDTQYF	TRBV10-3	TRBJ2-3	CAMSPGMDSSYKLIF	Donor AJG2309:PB TCRab CD8ab Naive/TCM	1
CASSLGTVGSEAFF	TRBV13	TRBJ1-1	CAMSSFSGGSYIPTF	Donor AJG2309:PB TCRab CD8ab Naive/TCM	1
CASSQGTETLDYGYTF	TRBV4-2	TRBJ1-2	CAMSDGAGGTSYGKLTF	Donor AJG2309:PB TCRab CD8ab Naive/TCM	1
CAISVAVGRDSPLHF	TRBV10-3	TRBJ1-6	CAATLTGGGNKLTF	Donor AJG2309:PB TCRab CD8ab Naive/TCM	1
CASSSTWTSGAPLAKNIQYF	TRBV19	TRBJ2-4	CAASKIKAAGNKLTF	Donor AJG2309:PB TCRab CD8ab Naive/TCM	1
CASSQGEGVWRISPLHF	TRBV4-3	TRBJ1-6	CAASIKYGGSQGNLIF	Donor AJG2309:PB TCRab CD8ab Naive/TCM	1
CASSYSPLAGIYNEQFF	TRBV6-5	TRBJ2-1	CAASYTGGGNKLTF	Donor AJG2309:PB TCRab CD8ab Naive/TCM	1
CASSRGAEAFF	TRBV12-4	TRBJ1-1	CADLNNARLMF	Donor AJG2309:PB TCRab CD8ab Naive/TCM	1
CASSFGPGYTF	TRBV28	TRBJ1-2	CAENGGSNYKLTF	Donor AJG2309:PB TCRab CD8ab Naive/TCM	1
CASRPNSEGYTF	TRBV6-5	TRBJ1-2	CAERGFGNVLHC	Donor AJG2309:PB TCRab CD8ab Naive/TCM	1
CASSLAAGGNTGELFF	TRBV11-2	TRBJ2-2	CAMRGLSGGYNKLIF	Donor AJG2309:PB TCRab CD8ab Naive/TCM	1
CATSGAGGNHEQYF	TRBV24-1	TRBJ2-7	CAMRENQAGTALIF	Donor AJG2309:PB TCRab CD8ab Naive/TCM	1
CASTWRKLAGRSYEQYF	TRBV28	TRBJ2-7	CAMRDPAYSGAGSYQLTF	Donor AJG2309:PB TCRab CD8ab Naive/TCM	1
CASSLTGSSYNEQFF	TRBV28	TRBJ2-1	CAMREAYSGGGADGLTF	Donor AJG2309:PB TCRab CD8ab Naive/TCM	1
CASSQDESLNTEAFF	TRBV4-3	TRBJ1-1	CAMREGDNQGGKLIF	Donor AJG2309:PB TCRab CD8ab Naive/TCM	1
CASSLLGEQYF	TRBV5-4	TRBJ2-7	CAMREGNTGGFKTIF	Donor AJG2309:PB TCRab CD8ab Naive/TCM	1
CASSDSETRNNFAEFF	TRBV6-4	TRBJ2-1	CAMREFPYNFNKFYF	Donor AJG2309:PB TCRab CD8ab Naive/TCM	1
CASSLYSGEGDTQYF	TRBV9	TRBJ2-3	CALPWGFGNEKLTF	Donor AJG2309:PB TCRab CD8ab Naive/TCM	1
CASSFFENTEAFF	TRBV28	TRBJ1-1	CALRSGGSYIPTF	Donor AJG2309:PB TCRab CD8ab Naive/TCM	1
CASSYPLAGRTYEQYF	TRBV6-2	TRBJ2-7	CALSVGNYQLIW	Donor AJG2309:PB TCRab CD8ab Naive/TCM	1
CASSPTGASGVAGRLNEQFF	TRBV27	TRBJ2-1	CVTNQAGTALIF	Donor AJG2309:PB TCRab CD8ab Naive/TCM	1
CASNRANEQFF	TRBV5-4	TRBJ2-1	CATDAHYGQNFVF	Donor AJG2309:PB TCRab CD8ab Naive/TCM	1
CASSESPVASSYEQYF	TRBV6-1	TRBJ2-7	CATALNNAGNMLTF	Donor AJG2309:PB TCRab CD8ab Naive/TCM	1
CASSHSSGERYNEQFF	TRBV6-5	TRBJ2-1	CATDLESNFGNEKLTF	Donor AJG2309:PB TCRab CD8ab Naive/TCM	1
CASSLPAQGHGYTF	TRBV13	TRBJ1-2	CALSEIAGGSYIPTF	Donor AJG2309:PB TCRab CD8ab Naive/TCM	1
CASSRNPGSNQPQHF	TRBV27	TRBJ1-5	CALSEASGTYKYIF	Donor AJG2309:PB TCRab CD8ab Naive/TCM	1
CSVKDGSNQPQHF	TRBV29-1	TRBJ1-5	CALSEARGNTPLVF	Donor AJG2309:PB TCRab CD8ab Naive/TCM	1
CASSRLAGSYNEQFF	TRBV6-2	TRBJ2-1	CALSEDYSGAGSYQLTF	Donor AJG2309:PB TCRab CD8ab Naive/TCM	1
CASSYSIGTEAFF	TRBV6-6	TRBJ1-1	CAVQADNAGNMLTF	Donor AJG2309:PB TCRab CD8ab Naive/TCM	1
CASRQTRDRVYTGELFF	TRBV11-1	TRBJ2-2	CAVLNRDDKIIF	Donor AJG2309:PB TCRab CD8ab Naive/TCM	1
CASSLTGYEQYF	TRBV11-1	TRBJ2-7	CAVPTTDSWGKLQF	Donor AJG2309:PB TCRab CD8ab Naive/TCM	1
CASRQGKGPGRQETQYF	TRBV27	TRBJ2-5	CAVYTGGFKTIF	Donor AJG2309:PB TCRab CD8ab Naive/TCM	1
CASRYIPGLAGATDTQYF	TRBV7-2	TRBJ2-3	CAGRTSNDMRF	Donor AJG2309:PB TCRab CD8ab Naive/TCM	1
CASSGWPGSQETQYF	TRBV9	TRBJ2-5	CAVVLTDSWGKLQF	Donor AJG2309:PB TCRab CD8ab Naive/TCM	1
CASSIRDRGQEAFF	TRBV19	TRBJ1-1	CAASSVHQTGANNLFF	Donor AJG2309:PB TCRab CD8ab Naive/TCM	1
CASKRRGTTEAFF	TRBV27	TRBJ1-1	CAPRSRSGYSTLTF	Donor AJG2309:PB TCRab CD8ab Naive/TCM	1
CASSLTSNEQFF	TRBV5-5	TRBJ2-1	CIVRVPPGGGNKLTF	Donor AJG2309:PB TCRab CD8ab Naive/TCM	1
CASSLGQAYEQYF	TRBV7-8	TRBJ2-7	CINPLAGGTSYGKLTF	Donor AJG2309:PB TCRab CD8ab Naive/TCM	1
CASSVGAGGSGNTIYF	TRBV9	TRBJ1-3	CILRDNYGQNFVF	Donor AJG2309:PB TCRab CD8ab Naive/TCM	1
CSVRGVGTQYF	TRBV29-1	TRBJ2-5	CAAITLGNNNDMRF	Donor AJG2309:PB TCRab CD8ab Naive/TCM	1
CASSRGLAGGHEQFF	TRBV4-3	TRBJ2-1	CAANPNNNARLMF	Donor AJG2309:PB TCRab CD8ab Naive/TCM	1
CASSKRDSGNTIYF	TRBV5-6	TRBJ1-3	CAASYYGAGGTSYGKLTF	Donor AJG2309:PB TCRab CD8ab Naive/TCM	1
CASSYEGKGYSPLHF	TRBV6-5	TRBJ1-6	CAASQIRDDKIIF	Donor AJG2309:PB TCRab CD8ab Naive/TCM	1
CASSLGAGGGYEQYF	TRBV7-3	TRBJ2-7	CAASGNQFYF	Donor AJG2309:PB TCRab CD8ab Naive/TCM	1
CASSLTTRGDYGYTF	TRBV9	TRBJ1-2	CAASDSNYQLIW	Donor AJG2309:PB TCRab CD8ab Naive/TCM	1
CSASPSGPYNEQFF	TRBV20-1	TRBJ2-1	CGTTPRDTGKLIF	Donor AJG2309:PB TCRab CD8ab Naive/TCM	2
CASSYVGVVYNEQFF	TRBV6-5	TRBJ2-1	CGADGAAGNKLTF	Donor AJG2309:PB TCRab CD8ab Naive/TCM	1
CASSYRGGPLHF	TRBV7-9	TRBJ1-6	CAGQLREKLTF	Donor AJG2309:PB TCRab CD8ab Naive/TCM	1
CASSQAWVNTEAFF	TRBV3-1	TRBJ1-1	CAYRSATEGNTPLVF	Donor AJG2309:PB TCRab CD8ab Naive/TCM	1
CAWSVTLYSGYGYTF	TRBV30	TRBJ1-2	CAYLEGFNTGNQFYF	Donor AJG2309:PB TCRab CD8ab Naive/TCM	1
CASSPRDRGTGELFF	TRBV4-3	TRBJ2-2	CAYRRHRGSTLGRLYF	Donor AJG2309:PB TCRab CD8ab Naive/TCM	1
CASSSGPQWDYTF	TRBV6-6	TRBJ1-2	CAYRTDKTSYDKVIF	Donor AJG2309:PB TCRab CD8ab Naive/TCM	1
CASSLDRTNYGYTF	TRBV7-8	TRBJ1-2	CALFWGTYKYIF	Donor AJG2309:PB TCRab CD8ab Naive/TCM	1
CASSTGANVLTF	TRBV25-1	TRBJ2-6	CAVRSGTGNQFYF	Donor AJG2309:PB TCRab CD8ab Naive/TCM	1
CASSSSGEQFF	TRBV6-6	TRBJ2-1	CAAEAGNQFYF	Donor AJG2309:PB TCRab CD8ab Naive/TCM	1
CASSIEAGTSTDTQYF	TRBV7-2	TRBJ2-3	CVVSAGDTGRRALTF	Donor AJG2309:PB TCRab CD8ab Naive/TCM	1
CASSTGLASHEQYF	TRBV13	TRBJ2-7	CAVAYSGAGSYQLTF	Donor AJG2309:PB TCRab CD8ab Naive/TCM	1
CATSEGDYYEQYF	TRBV24-1	TRBJ2-7	CAVGAGGYNKLIF	Donor AJG2309:PB TCRab CD8ab Naive/TCM	1
CASSLAQNEKLFF	TRBV5-5	TRBJ1-4	CAVGRNQAGTALIF	Donor AJG2309:PB TCRab CD8ab Naive/TCM	1
CASSEERDTDYNEQFF	TRBV2	TRBJ2-1	CALKLSGGSYIPTF	Donor AJG2309:PB TCRab CD8ab Naive/TCM	1
CSARVAGGSRNVYEQYF	TRBV20-1	TRBJ2-7	CALSEDTGRRALTF	Donor AJG2309:PB TCRab CD8ab Naive/TCM	1
CASSLGVPYNEQFF	TRBV7-9	TRBJ2-1	CALSENYGGSQGNLIF	Donor AJG2309:PB TCRab CD8ab Naive/TCM	1
CASSQGGYSPRYGYTF	TRBV14	TRBJ1-2	CAVNINTNAGKSTF	Donor AJG2309:PB TCRab CD8ab TEM	1
CASSDGQGSGANVLTF	TRBV2	TRBJ2-6	CAADPYGQNFVF	Donor AJG2309:PB TCRab CD8ab TEM	1
CATSDLRGLAGGQVQETQYF	TRBV24-1	TRBJ2-5	CAVRDRGDSWGKLQF	Donor AJG2309:PB TCRab CD8ab TEM	1
CASSSGTSTDTQYF	TRBV5-6	TRBJ2-3	CAVRDDDNYGQNFVF	Donor AJG2309:PB TCRab CD8ab TEM	1
CASKVSGTDTQYF	TRBV6-2	TRBJ2-3	CAADPYGQNFVF	Donor AJG2309:PB TCRab CD8ab TEM	1
CAISELFRTSGSSSYEQYF	TRBV10-3	TRBJ2-7	CAVSWYYGGSQGNLIF	Donor AJG2309:PB TCRab CD8ab TEM	1
CASSDTQGTANSYEQYF	TRBV7-9	TRBJ2-7	CAVINAGNNRKLIW	Donor AJG2309:PB TCRab CD8ab TEM	1
CASSLFGQGENIQYF	TRBV12-4	TRBJ2-4	CVARPISSGSARQLTF	Donor AJG2309:PB TCRab CD8ab TEM	1
CASSIEGLAVSYNEQFF	TRBV19	TRBJ2-1	CVVNRDTGRRALTF	Donor AJG2309:PB TCRab CD8ab TEM	1
CASDYQEGSSTDTQYF	TRBV6-1	TRBJ2-3	CVVSSNTGFQKLVF	Donor AJG2309:PB TCRab CD8ab TEM	1
CASSWGGSPLHF	TRBV25-1	TRBJ1-6	CAVNLYRGSQGNLIF	Donor AJG2309:PB TCRab CD8ab TEM	1
CASSSPIWDRQETQYF	TRBV11-2	TRBJ2-5	CAASPLWGAQKLVF	Donor AJG2309:PB TCRab CD8ab TEM	1
CASSVVGQNYEQYF	TRBV2	TRBJ2-7	CAPSFNSGGYQKVTF	Donor AJG2309:PB TCRab CD8ab TEM	5
CASSFRTRGNYEQYF	TRBV27	TRBJ2-7	CASQAGSGGGADGLTF	Donor AJG2309:PB TCRab CD8ab TEM	1
CAWSMGGRGTEAFF	TRBV30	TRBJ1-1	CAATGYSTLTF	Donor AJG2309:PB TCRab CD8ab TEM	1
CASSLGPNYEQYF	TRBV7-6	TRBJ2-7	CAASSNQGGKLIF	Donor AJG2309:PB TCRab CD8ab TEM	2
CASSVGGNTGELFF	TRBV9	TRBJ2-2	CAVSTGGGNKLTF	Donor AJG2309:PB TCRab CD8ab TEM	1
CASSLRAGWPDTQYF	TRBV18	TRBJ2-3	CAFYSGSRLTF	Donor AJG2309:PB TCRab CD8ab TEM	1
CASSSDRSYEQYF	TRBV2	TRBJ2-7	CAMRAGYSSASKIIF	Donor AJG2309:PB TCRab CD8ab TEM	1
CSASRLDYNEQFF	TRBV20-1	TRBJ2-1	CAMREGDNYGQNFVF	Donor AJG2309:PB TCRab CD8ab TEM	1
CATSDSKIKGGGNQPQHF	TRBV24-1	TRBJ1-5	CAMREMDSSYKLIF	Donor AJG2309:PB TCRab CD8ab TEM	1
CASHKTVLNTEAFF	TRBV7-9	TRBJ1-1	CAMREGSGGSYIPTF	Donor AJG2309:PB TCRab CD8ab TEM	1
CASSLSGRMNTEAFF	TRBV7-2	TRBJ1-1	CALNGFTQGAQKLVF	Donor AJG2309:PB TCRab CD8ab TEM	8
CASSAGRGNYGYTF	TRBV9	TRBJ1-2	CALRGGNNRLAF	Donor AJG2309:PB TCRab CD8ab TEM	1
CAASDTGELFF	TRBV10-2	TRBJ2-2	CATEGQDTDKLIF	Donor AJG2309:PB TCRab CD8ab TEM	1
CASSLNPAGVNGELFF	TRBV7-3	TRBJ2-2	CATDQGATNKLIF	Donor AJG2309:PB TCRab CD8ab TEM	1
CSASLAGEWYSTDTQYF	TRBV20-1	TRBJ2-3	CALRNSGGSNYKLTF	Donor AJG2309:PB TCRab CD8ab TEM	1
CASSLGSTEQFF	TRBV7-8	TRBJ2-1	CALSWGSGGSYIPTF	Donor AJG2309:PB TCRab CD8ab TEM	1
CASSPPNLSANEQFF	TRBV18	TRBJ2-1	CAYTLDTGRRALTF	Donor AJG2309:PB TCRab CD8ab TEM	1
CASSLVGGPHVYGYTF	TRBV5-1	TRBJ1-2	CAIRGNDMRF	Donor AJG2309:PB TCRab CD8ab TEM	1
CASSRDGFNQPQHF	TRBV7-9	TRBJ1-5	CAVRGTQTGANNLFF	Donor AJG2309:PB TCRab CD8ab TEM	1
CASSSGTEWDEQYF	TRBV7-9	TRBJ2-7	CAATAGGGKLIF	Donor AJG2309:PB TCRab CD8ab TEM	2
CASSLAVGTRSRAEQFF	TRBV5-1	TRBJ2-1	CIVRDANAGKSTF	Donor AJG2309:PB TCRab CD8ab TEM	1
CASSPVLTLSSYNEQFF	TRBV6-1	TRBJ2-1	CIVKAGYSTLTF	Donor AJG2309:PB TCRab CD8ab TEM	1
CASSLGQAYEQYF	TRBV7-8	TRBJ2-7	CINPLAGGTSYGKLTF	Donor AJG2309:PB TCRab CD8ab TEM	3
CAWSDGLGQGARGYTF	TRBV30	TRBJ1-2	CAGASYSGAGSYQLTF	Donor AJG2309:PB TCRab CD8ab TEM	1
CASSQVQGPGELFF	TRBV4-1	TRBJ2-2	CAGVSPFYSGGGADGLTF	Donor AJG2309:PB TCRab CD8ab TEM	1
CASSLGQNYGYTF	TRBV5-6	TRBJ1-2	CAGGGRGTGNQFYF	Donor AJG2309:PB TCRab CD8ab TEM	1
CASSLGRDPTGELFF	TRBV28	TRBJ2-2	CAASHAGKSTF	Donor AJG2309:PB TCRab CD8ab TEM	1
CASTGLAGELNEQFF	TRBV27	TRBJ2-1	CAVRDIGRTTDSWGKFQF	Donor AJG2309:PB TCRab CD8ab TEM	1
CASSVAGTGFSPLHF	TRBV9	TRBJ1-6	CAVRDRNNNARLMF	Donor AJG2309:PB TCRab CD8ab TEM	1
CSASPSGPYNEQFF	TRBV20-1	TRBJ2-1	CGTTPRDTGKLIF	Donor AJG2309:PB TCRab CD8ab TEM	4
CASSQGASSLTPQYF	TRBV4-3	TRBJ2-3	CGTEHTGAAGNKLTF	Donor AJG2309:PB TCRab CD8ab TEM	1
CSASTGYEQYF	TRBV20-1	TRBJ2-7	CAGHEIQGQGAQKLVF	Donor AJG2309:PB TCRab CD8ab TEM	1
CATSRGSVGEQYF	TRBV24-1	TRBJ2-7	CAGLSGYALNF	Donor AJG2309:PB TCRab CD8ab TEM	1
CSVEGNYEQYF	TRBV29-1	TRBJ2-7	CAGHNTNAGKSTF	Donor AJG2309:PB TCRab CD8ab TEM	1
CASSQEWFSRPNEQFF	TRBV3-1	TRBJ2-1	CAGYGGSNYKLTF	Donor AJG2309:PB TCRab CD8ab TEM	2
CASSWGAGSNYGYTF	TRBV7-3	TRBJ1-2	CAGRSADGLTF	Donor AJG2309:PB TCRab CD8ab TEM	1
CATSDPTAQETQYF	TRBV24-1	TRBJ2-5	CAFMNNNAGNMLTF	Donor AJG2309:PB TCRab CD8ab TEM	1
CASSYSRTGGSPLHF	TRBV6-6	TRBJ1-6	CAFIPTQGGSEKLVF	Donor AJG2309:PB TCRab CD8ab TEM	1
CASSSSTGLGNTIYF	TRBV9	TRBJ1-3	CAFILNSGGSNYKLTF	Donor AJG2309:PB TCRab CD8ab TEM	1
CASSLAGGPNEQFF	TRBV27	TRBJ2-1	CAYAHSAGGTSYGKLTF	Donor AJG2309:PB TCRab CD8ab TEM	2
CASSLFVGSPQFF	TRBV27	TRBJ2-1	CAYRSRINYGQNFVF	Donor AJG2309:PB TCRab CD8ab TEM	1
CASSSLGQSRRSPQHF	TRBV28	TRBJ1-5	CAYRSAINSGNTPLVF	Donor AJG2309:PB TCRab CD8ab TEM	1
CAWTGGYEQYF	TRBV30	TRBJ2-7	CAVDGGSQGNLIF	Donor AJG2309:PB TCRab CD8ab TEM	1
CASSLADGVGEQYF	TRBV5-1	TRBJ2-7	CAVASTTSGTYKYIF	Donor AJG2309:PB TCRab CD8ab TEM	1
CASSFGQGLTGELFF	TRBV27	TRBJ2-2	CAEKRTGGGNKLTF	Donor AJG2309:PB TCRab CD8ab TEM	1
CSVLPVSNTGELFF	TRBV29-1	TRBJ2-2	CAVTWGGGGADGLTF	Donor AJG2309:PB TCRab CD8ab TEM	11
CASSWGGSPLHF	TRBV25-1	TRBJ1-6	CAVGEDNYGQNFVF	Donor AJG2309:PB TCRab CD8ab TEM	2
CASSVGDGLYEQYF	TRBV9	TRBJ2-7	CALSDRRGGFGNVLHC	Donor AJG2309:PB TCRab CD8ab TEM	1
CASSQDASGAPKNIQYF	TRBV4-3	TRBJ2-4	CAVRPMDSSYKLIF	Donor AJG2309:PB TCRab CD8ab Teff	1
CASSSGTSTDTQYF	TRBV5-6	TRBJ2-3	CAVRDDDNYGQNFVF	Donor AJG2309:PB TCRab CD8ab Teff	2
CASSSGVGLAGDEQYF	TRBV12-4	TRBJ2-7	CAGSPRMDSSYKLIF	Donor AJG2309:PB TCRab CD8ab Teff	3
CASSSGVGLAGDEQYF	TRBV12-4	TRBJ2-7	CAVLVGARLMF	Donor AJG2309:PB TCRab CD8ab Teff	3
CSARASGDYNEQFF	TRBV20-1	TRBJ2-1	CAPMDSNYQLIW	Donor AJG2309:PB TCRab CD8ab Teff	1
CATSDRSGSTYGYTF	TRBV24-1	TRBJ1-2	CAYPSGGYQKVTF	Donor AJG2309:PB TCRab CD8ab Teff	1
CASSPRQDSPLHF	TRBV6-2	TRBJ1-6	CAVRDLPNQAGTALIF	Donor AJG2309:PB TCRab CD8ab Teff	1
CASSPQGLNMNTEAFF	TRBV7-8	TRBJ1-1	CAVIFYNQGGKLIF	Donor AJG2309:PB TCRab CD8ab Teff	2
CASSSGPALGAAFLSSTDTQYF	TRBV9	TRBJ2-3	CAVRSNYGQNFVF	Donor AJG2309:PB TCRab CD8ab Teff	1
CASSRDRAQPQHF	TRBV18	TRBJ1-5	CVVSPNTGGFKTIF	Donor AJG2309:PB TCRab CD8ab Teff	1
CASSLAKDTTYEQYF	TRBV5-1	TRBJ2-7	CVVSAGDFPNTNAGKSTF	Donor AJG2309:PB TCRab CD8ab Teff	9
CASSAHARRDRGPEAFF	TRBV7-9	TRBJ1-1	CVVSPTSGTYKYIF	Donor AJG2309:PB TCRab CD8ab Teff	21
CSARDRGRGPAPMNTEAFF	TRBV20-1	TRBJ1-1	CVVKWTRGSTLGRLYF	Donor AJG2309:PB TCRab CD8ab Teff	1
CASDYQEGSSTDTQYF	TRBV6-1	TRBJ2-3	CVVSSNTGFQKLVF	Donor AJG2309:PB TCRab CD8ab Teff	4
CASSFNRASGNTIYF	TRBV6-5	TRBJ1-3	CVVRSYNQGGKLIF	Donor AJG2309:PB TCRab CD8ab Teff	1
CASSPQGQGGRNTEAFF	TRBV9	TRBJ1-1	CVVNTEMDSSYKLIF	Donor AJG2309:PB TCRab CD8ab Teff	2
CASSRWTGANYGYTF	TRBV12-4	TRBJ1-2	CAVNMRGQNFVF	Donor AJG2309:PB TCRab CD8ab Teff	1
CASSGRTGDDTDTQYF	TRBV13	TRBJ2-3	CAAHIKAAGNKLTF	Donor AJG2309:PB TCRab CD8ab Teff	1
CATSDHRDRSYEQYF	TRBV24-1	TRBJ2-7	CAPRGADSWGKFQF	Donor AJG2309:PB TCRab CD8ab Teff	1
CASSWGGSPLHF	TRBV25-1	TRBJ1-6	CAVNLYRGSQGNLIF	Donor AJG2309:PB TCRab CD8ab Teff	2
CASSLYGGSDGYTF	TRBV27	TRBJ1-2	CAVNPRSYNTDKLIF	Donor AJG2309:PB TCRab CD8ab Teff	2
CASSHGAAGGPPTDTQYF	TRBV28	TRBJ2-3	CAVNLYGNQFYF	Donor AJG2309:PB TCRab CD8ab Teff	3
CASSFTSASYNEQFF	TRBV28	TRBJ2-1	CAVPLGKLTF	Donor AJG2309:PB TCRab CD8ab Teff	1
CASSQDRDGKAFF	TRBV4-1	TRBJ1-1	CAGNSGGYQKVTF	Donor AJG2309:PB TCRab CD8ab Teff	2
CASSQETRGGKAFF	TRBV4-3	TRBJ1-1	CAVNRYRDDKIIF	Donor AJG2309:PB TCRab CD8ab Teff	1
CASSEGFVYEQYF	TRBV6-1	TRBJ2-7	CAVSGYSTLTF	Donor AJG2309:PB TCRab CD8ab Teff	2
CASSGRQGKRATNRRTDRPQHF	TRBV28	TRBJ1-5	CAMKGDYKLSF	Donor AJG2309:PB TCRab CD8ab Teff	3
CASSQKTGYGYTF	TRBV4-1	TRBJ1-2	CAMTLRGAGGTSYGKLTF	Donor AJG2309:PB TCRab CD8ab Teff	1
CASSSPIWDRQETQYF	TRBV11-2	TRBJ2-5	CAASPLWGAQKLVF	Donor AJG2309:PB TCRab CD8ab Teff	1
CASSVVGQNYEQYF	TRBV2	TRBJ2-7	CAPSFNSGGYQKVTF	Donor AJG2309:PB TCRab CD8ab Teff	1
CASSLGVNNEQFF	TRBV27	TRBJ2-1	CAASGTDRGSTLGRLYF	Donor AJG2309:PB TCRab CD8ab Teff	8
CAGQLGNTIYF	TRBV28	TRBJ1-3	CAANYGNNRLAF	Donor AJG2309:PB TCRab CD8ab Teff	1
CASSRLVWGDTSTGELFF	TRBV3-1	TRBJ2-2	CAASWEFWGGKLIF	Donor AJG2309:PB TCRab CD8ab Teff	1
CAWTLGGEQYF	TRBV30	TRBJ2-7	CAASLSGGGADGLTF	Donor AJG2309:PB TCRab CD8ab Teff	1
CASSPPGGAYGYTF	TRBV4-1	TRBJ1-2	CAASRNNNDMRF	Donor AJG2309:PB TCRab CD8ab Teff	6
CASSLGPNYEQYF	TRBV7-6	TRBJ2-7	CAASSNQGGKLIF	Donor AJG2309:PB TCRab CD8ab Teff	1
CASSVGGNTGELFF	TRBV9	TRBJ2-2	CAAASTGGGNKLTF	Donor AJG2309:PB TCRab CD8ab Teff	9
CASSVGGNTGELFF	TRBV9	TRBJ2-2	CAVSTGGGNKLTF	Donor AJG2309:PB TCRab CD8ab Teff	1
CASSLGVTDTQYF	TRBV28	TRBJ2-3	CAETLTTDSWGKLQF	Donor AJG2309:PB TCRab CD8ab Teff	1
CASSRDRLYTDTQYF	TRBV5-6	TRBJ2-3	CAEISMDSSYKLIF	Donor AJG2309:PB TCRab CD8ab Teff	2
CASSFDGNTEAFF	TRBV5-6	TRBJ1-1	CAENRPRSGSARQLTF	Donor AJG2309:PB TCRab CD8ab Teff	1
CASSLGQGDREQYF	TRBV5-6	TRBJ2-7	CAETPGGSYIPTF	Donor AJG2309:PB TCRab CD8ab Teff	6
CASSYGTVNQPQHF	TRBV12-4	TRBJ1-5	CAMRMTTDSWGKFQF	Donor AJG2309:PB TCRab CD8ab Teff	1
CASSEDGQVSNEQFF	TRBV25-1	TRBJ2-1	CAMREPQYNNNDMRF	Donor AJG2309:PB TCRab CD8ab Teff	1
CASSLSPGMNTEAFF	TRBV27	TRBJ1-1	CAMSVMDTGRRALTF	Donor AJG2309:PB TCRab CD8ab Teff	1
CASSPHYGTEAFF	TRBV28	TRBJ1-1	CAMREAYGQNFVF	Donor AJG2309:PB TCRab CD8ab Teff	2
CASSLRQGDFTGELFF	TRBV28	TRBJ2-2	CAMSPGTNTGNQFYF	Donor AJG2309:PB TCRab CD8ab Teff	1
CASSQSTGWDYEQYF	TRBV4-2	TRBJ2-7	CAMREGGNSGYALNF	Donor AJG2309:PB TCRab CD8ab Teff	1
CASSQATGTHVTIYGYTF	TRBV4-3	TRBJ1-2	CAMREPAVQTGANNLFF	Donor AJG2309:PB TCRab CD8ab Teff	1
CASSYNRNTEAFF	TRBV6-5	TRBJ1-1	CAMRGPLSNFGNEKLTF	Donor AJG2309:PB TCRab CD8ab Teff	1
CASSSEIGNEQFF	TRBV7-3	TRBJ2-1	CAMREGVRLDGQKLLF	Donor AJG2309:PB TCRab CD8ab Teff	32
CASSPQVRESSYEQYF	TRBV7-6	TRBJ2-7	CAMREGWGAQKLVF	Donor AJG2309:PB TCRab CD8ab Teff	4
CASSPSSGRAPDTQYF	TRBV7-8	TRBJ2-3	CAMRKKDTGRRALTF	Donor AJG2309:PB TCRab CD8ab Teff	1
CASSTSTGNTEAFF	TRBV5-1	TRBJ1-1	CALKAIGGFKTIF	Donor AJG2309:PB TCRab CD8ab Teff	1
CASSPRVWETQYF	TRBV7-7	TRBJ2-5	CATDVDYKLSF	Donor AJG2309:PB TCRab CD8ab Teff	1
CASSPRVWETQYF	TRBV7-7	TRBJ2-5	CGSDVDYKLSF	Donor AJG2309:PB TCRab CD8ab Teff	1
CASSVAGTSGSRGQYF	TRBV9	TRBJ2-5	CARVLHC	Donor AJG2309:PB TCRab CD8ab Teff	2
CASSVGGNTGELFF	TRBV9	TRBJ2-2	CATDELAGGFKTIF	Donor AJG2309:PB TCRab CD8ab Teff	9
CASSRGGDQPQHF	TRBV14	TRBJ1-5	CALSEDNARLMF	Donor AJG2309:PB TCRab CD8ab Teff	2
CASSPENSGTEFF	TRBV18	TRBJ2-1	CALSEANYGGATNKLIF	Donor AJG2309:PB TCRab CD8ab Teff	1
CSARGRSGTGELFF	TRBV20-1	TRBJ2-2	CALSGWYNNNDMRF	Donor AJG2309:PB TCRab CD8ab Teff	1
CASSPRGGSSYEQYF	TRBV28	TRBJ2-7	CALSEAVGTGGFKTIF	Donor AJG2309:PB TCRab CD8ab Teff	1
CASSIKGLLGYTDTQYF	TRBV28	TRBJ2-3	CALSEETYTGANSKLTF	Donor AJG2309:PB TCRab CD8ab Teff	20
CASSPTSASAEQYF	TRBV28	TRBJ2-7	CAPSHTGKLIF	Donor AJG2309:PB TCRab CD8ab Teff	1
CASSQEDRARGYTF	TRBV4-1	TRBJ1-2	CALGFGSGAGSYQLTF	Donor AJG2309:PB TCRab CD8ab Teff	1
CASSQERSQAQHF	TRBV4-1	TRBJ1-5	CALSEANSDYKLSF	Donor AJG2309:PB TCRab CD8ab Teff	8
CASSYSLSRGLFYEQYF	TRBV6-2	TRBJ2-7	CALLPYSGAGSYQLTF	Donor AJG2309:PB TCRab CD8ab Teff	1
CASSYDNGLNQPQHF	TRBV6-2	TRBJ1-5	CALWMDSSYKLIF	Donor AJG2309:PB TCRab CD8ab Teff	1
CASSVDGGTGELFF	TRBV9	TRBJ2-2	CALSEGFQKLVF	Donor AJG2309:PB TCRab CD8ab Teff	8
CASSVAGTSGSRGQYF	TRBV9	TRBJ2-5	CALSPYNQGGKLIF	Donor AJG2309:PB TCRab CD8ab Teff	1
CSARDPGGGETQYF	TRBV20-1	TRBJ2-5	CAVEDRSGQLTF	Donor AJG2309:PB TCRab CD8ab Teff	1
CASSPSGAPYEQYF	TRBV9	TRBJ2-7	CAVVQTGANNLFF	Donor AJG2309:PB TCRab CD8ab Teff	1
CASSYFLGRLNADTQYF	TRBV28	TRBJ2-3	CALLNAGNMLTF	Donor AJG2309:PB TCRab CD8ab Teff	3
CASSPLLLRDAVWSEAFF	TRBV4-2	TRBJ1-1	CAVLNQAGTALIF	Donor AJG2309:PB TCRab CD8ab Teff	2
CASRGLAGSRDTQYF	TRBV9	TRBJ2-3	CAVQPIDGQKLLF	Donor AJG2309:PB TCRab CD8ab Teff	6
CAISQKLAASTDTQYF	TRBV10-3	TRBJ2-3	CAVSDWGSQGNLIF	Donor AJG2309:PB TCRab CD8ab Teff	1
CASSPPSGREPQHF	TRBV18	TRBJ1-5	CAVVGYSTLTF	Donor AJG2309:PB TCRab CD8ab Teff	1
CSAPKGGNTEAFF	TRBV20-1	TRBJ1-1	CAAPKAAGNKLTF	Donor AJG2309:PB TCRab CD8ab Teff	2
CASSTRVFYEQYF	TRBV27	TRBJ2-7	CAPRSYSGAGSYQLTF	Donor AJG2309:PB TCRab CD8ab Teff	2
CASSLVGGPHVYGYTF	TRBV5-1	TRBJ1-2	CAIRGNDMRF	Donor AJG2309:PB TCRab CD8ab Teff	6
CASSYSGTGFKETQYF	TRBV6-2	TRBJ2-5	CAVYSNDYKLSF	Donor AJG2309:PB TCRab CD8ab Teff	1
CASSLNSGPGELFF	TRBV7-2	TRBJ2-2	CAVRVNARLMF	Donor AJG2309:PB TCRab CD8ab Teff	1
CASSTKGGGVQDF	TRBV7-6	TRBJ2-7	CAVRHADSWGKLQF	Donor AJG2309:PB TCRab CD8ab Teff	1
CATSETYEQYF	TRBV15	TRBJ2-7	CAVEDTGRRALTF	Donor AJG2309:PB TCRab CD8ab Teff	1
CASSPQGDEKLFF	TRBV18	TRBJ1-4	CAVTIGAGSYQLTF	Donor AJG2309:PB TCRab CD8ab Teff	4
CSARVQTGLPQFF	TRBV20-1	TRBJ2-1	CAVPYSGNTPLVF	Donor AJG2309:PB TCRab CD8ab Teff	3
CASSWGQGAGYTF	TRBV27	TRBJ1-2	CAVSGYTGGFKTIF	Donor AJG2309:PB TCRab CD8ab Teff	1
CSAMGGGNTGELFF	TRBV20-1	TRBJ2-2	CAASKVRGKLIF	Donor AJG2309:PB TCRab CD8ab Teff	5
CASSRLVWGDTSTGELFF	TRBV3-1	TRBJ2-2	CAAWKDEAAGNKLTF	Donor AJG2309:PB TCRab CD8ab Teff	2
CASSWGGEQFF	TRBV27	TRBJ2-1	CACPRGSARQLTF	Donor AJG2309:PB TCRab CD8ab Teff	1
CASSYSTPTPYEQYF	TRBV6-5	TRBJ2-7	CAFLNAGGTSYGKLTF	Donor AJG2309:PB TCRab CD8ab Teff	1
CASSLRLAGYQSSYEQYF	TRBV7-6	TRBJ2-7	CAGAGPQTSGSRLTF	Donor AJG2309:PB TCRab CD8ab Teff	1
CAIKLAGGNPYEQYF	TRBV10-3	TRBJ2-7	CIVRVDNYGQNFVF	Donor AJG2309:PB TCRab CD8ab Teff	1
CASSLREQGTYEQYF	TRBV13	TRBJ2-7	CIAQDSNYQLIW	Donor AJG2309:PB TCRab CD8ab Teff	46
CSVGPRRDRRGELFF	TRBV29-1	TRBJ1-4	CIVRVGSQGGKLIF	Donor AJG2309:PB TCRab CD8ab Teff	1
CASSLAVGTRSRAEQFF	TRBV5-1	TRBJ2-1	CIVRDANAGKSTF	Donor AJG2309:PB TCRab CD8ab Teff	5
CASSYSVGRRANTGELFF	TRBV6-5	TRBJ2-2	CIPGGADGLTF	Donor AJG2309:PB TCRab CD8ab Teff	1
CASSAFSGSGEQYF	TRBV7-7	TRBJ2-7	CIVFTGANNLFF	Donor AJG2309:PB TCRab CD8ab Teff	1
CASGGGIPLNTEAFF	TRBV27	TRBJ1-1	CIPNHYGQNFVF	Donor AJG2309:PB TCRab CD8ab Teff	10
CSVLPRRTTSGSRANEQFF	TRBV29-1	TRBJ2-1	CILRDLQAGTALIF	Donor AJG2309:PB TCRab CD8ab Teff	9
CASSMGQAYEQYF	TRBV7-8	TRBJ2-7	CILPLAGGTSYGKLTF	Donor AJG2309:PB TCRab CD8ab Teff	1
CASSLGQAYEQYF	TRBV7-8	TRBJ2-7	CINPLAGGTSYGKLTF	Donor AJG2309:PB TCRab CD8ab Teff	17
CASSLGLPGFVTDTQYF	TRBV12-4	TRBJ2-3	CAGDFIQGAQKLVF	Donor AJG2309:PB TCRab CD8ab Teff	1
CASSQSNNYGYTF	TRBV16	TRBJ1-2	CAGAGNYGQNFVF	Donor AJG2309:PB TCRab CD8ab Teff	1
CASSFFGLVIPGRMGYEQYF	TRBV28	TRBJ2-7	CAGATNSGYALNF	Donor AJG2309:PB TCRab CD8ab Teff	1
CASSQERNNEQFF	TRBV4-1	TRBJ2-1	CAGVLLNTGFQKLVF	Donor AJG2309:PB TCRab CD8ab Teff	1
CATSSLPGGGSGNTIYF	TRBV15	TRBJ1-3	CAASVGEDKIIF	Donor AJG2309:PB TCRab CD8ab Teff	1
CSARESDF	TRBV20-1	TRBJ2-5	CAAKLRGKLIF	Donor AJG2309:PB TCRab CD8ab Teff	2
CASNPGQGAVPSEQYF	TRBV27	TRBJ2-7	CAATQGGSEKLVF	Donor AJG2309:PB TCRab CD8ab Teff	1
CASSLERAGKETQYF	TRBV28	TRBJ2-5	CAARDLTSGTYKYIF	Donor AJG2309:PB TCRab CD8ab Teff	1
CASSLGRDPTGELFF	TRBV28	TRBJ2-2	CAASHAGKSTF	Donor AJG2309:PB TCRab CD8ab Teff	21
CASSSTYGQANTGELFF	TRBV5-4	TRBJ2-2	CAASAGQKLLF	Donor AJG2309:PB TCRab CD8ab Teff	1
CASSLGGGGNYEQYF	TRBV5-6	TRBJ2-7	CAAMGPDGGATNKLIF	Donor AJG2309:PB TCRab CD8ab Teff	1
CASSYSVGRRANTGELFF	TRBV6-5	TRBJ2-2	CAASAGGDMRF	Donor AJG2309:PB TCRab CD8ab Teff	1
CASSYSRTGGSPLHF	TRBV6-6	TRBJ1-6	CAASDAGGTSYGKLTF	Donor AJG2309:PB TCRab CD8ab Teff	1
CASSSGTGEYEQYF	TRBV7-3	TRBJ2-7	CAASGGGQAGTALIF	Donor AJG2309:PB TCRab CD8ab Teff	2
CASSGQRNSPLHF	TRBV7-9	TRBJ1-6	CAAKGGSGNTGKLIF	Donor AJG2309:PB TCRab CD8ab Teff	1
CASSLGTGSYEQYF	TRBV13	TRBJ2-7	CAVRDMTTEGADGLTF	Donor AJG2309:PB TCRab CD8ab Teff	1
CSARKDTDYEQYF	TRBV20-1	TRBJ2-7	CAALPLMDSSYKLIF	Donor AJG2309:PB TCRab CD8ab Teff	1
CASNFRDPSYEQYF	TRBV28	TRBJ2-7	CAVRDGGVYNTDKLIF	Donor AJG2309:PB TCRab CD8ab Teff	1
CASSLQDNEQFF	TRBV5-1	TRBJ2-1	CAVRDSGAGSYQLTF	Donor AJG2309:PB TCRab CD8ab Teff	1
CATHRAGSPLHF	TRBV5-4	TRBJ1-6	CAVTDTGGFKTIF	Donor AJG2309:PB TCRab CD8ab Teff	1
CASSVAGTGFSPLHF	TRBV9	TRBJ1-6	CAVRDRNNNARLMF	Donor AJG2309:PB TCRab CD8ab Teff	3
CSASPSGPYNEQFF	TRBV20-1	TRBJ2-1	CGTTPRDTGKLIF	Donor AJG2309:PB TCRab CD8ab Teff	9
CASSYFQPQHF	TRBV6-2	TRBJ1-5	CGTERGSGGGADGLTF	Donor AJG2309:PB TCRab CD8ab Teff	1
CASSQGGGGPYNEQFF	TRBV4-2	TRBJ2-1	CGADDPRRDDKIIF	Donor AJG2309:PB TCRab CD8ab Teff	2
CASSLARTSPGGTDTQYF	TRBV12-4	TRBJ2-3	CAGHNAGNMLTF	Donor AJG2309:PB TCRab CD8ab Teff	1
CASSRRGAGAYEQYF	TRBV13	TRBJ2-7	CAGLQNTGNQFYF	Donor AJG2309:PB TCRab CD8ab Teff	3
CASSGLALDTGELFF	TRBV19	TRBJ2-2	CAGPTSGTYKYIF	Donor AJG2309:PB TCRab CD8ab Teff	1
CATSRGSVGEQYF	TRBV24-1	TRBJ2-7	CAGLSGYALNF	Donor AJG2309:PB TCRab CD8ab Teff	1
CASSSYYEQYF	TRBV27	TRBJ2-7	CAGSPEQGGSEKLVF	Donor AJG2309:PB TCRab CD8ab Teff	1
CASSIETGGYGYTF	TRBV5-1	TRBJ1-2	CAGQSSYSGAGSYQLTF	Donor AJG2309:PB TCRab CD8ab Teff	1
CAISADRGWSGGYTF	TRBV10-3	TRBJ1-2	CAAGDGSSNTGKLIF	Donor AJG2309:PB TCRab CD8ab Teff	1
CASSLERRYEQYF	TRBV11-2	TRBJ2-7	CAVEGGGGSNYKLTF	Donor AJG2309:PB TCRab CD8ab Teff	1
CASSLFGQGENIQYF	TRBV12-4	TRBJ2-4	CAVDNNNDMRF	Donor AJG2309:PB TCRab CD8ab Teff	1
CASSVGGTGELFF	TRBV9	TRBJ2-2	CAVGPNSGYALNF	Donor AJG2309:PB TCRab CD8ab Teff	3
CASSARTGNSPLHF	TRBV19	TRBJ1-6	CAFMIRGGGADGLTF	Donor AJG2309:PB TCRab CD8ab Teff	1
CSASGDTDTQYF	TRBV20-1	TRBJ2-3	CAFVTQGGSEKLVF	Donor AJG2309:PB TCRab CD8ab Teff	1
CASSFPRGQASSGANVLTF	TRBV4-2	TRBJ2-6	CAYLNNAGNMLTF	Donor AJG2309:PB TCRab CD8ab Teff	1
CASSQGRGGNTGELFF	TRBV4-3	TRBJ2-2	CAFTTGANSKLTF	Donor AJG2309:PB TCRab CD8ab Teff	1
CASSYSRTGGSPLHF	TRBV6-6	TRBJ1-6	CAFIPTQGGSEKLVF	Donor AJG2309:PB TCRab CD8ab Teff	1
CASSSSTGLGNTIYF	TRBV9	TRBJ1-3	CAFILNSGGSNYKLTF	Donor AJG2309:PB TCRab CD8ab Teff	1
CASSLAGGPNEQFF	TRBV27	TRBJ2-1	CAYAHSAGGTSYGKLTF	Donor AJG2309:PB TCRab CD8ab Teff	8
CASSLSPGMNTEAFF	TRBV27	TRBJ1-1	CAYRSPAGGSQGNLIF	Donor AJG2309:PB TCRab CD8ab Teff	1
CASSLFVGSPQFF	TRBV27	TRBJ2-1	CAYRSRINYGQNFVF	Donor AJG2309:PB TCRab CD8ab Teff	1
CASTLNRDSYNSPLHF	TRBV28	TRBJ1-6	CALALSGSRLTF	Donor AJG2309:PB TCRab CD8ab Teff	3
CASSSTGTGIYEQYF	TRBV5-6	TRBJ2-7	CAYRREGNQFYF	Donor AJG2309:PB TCRab CD8ab Teff	1
CASSEWDRGREQFF	TRBV6-1	TRBJ2-1	CASHYSGGGADGLTF	Donor AJG2309:PB TCRab CD8ab Teff	1
CASSYSRASINEQFF	TRBV6-5	TRBJ2-1	CAYRRGRNSGNTPLVF	Donor AJG2309:PB TCRab CD8ab Teff	1
CASKLGDWGYEQYF	TRBV28	TRBJ2-7	CAVPEYGNKLVF	Donor AJG2309:PB TCRab CD8ab Teff	2
CASGVRAVEQYF	TRBV6-2	TRBJ2-7	CLVGDGFNKFYF	Donor AJG2309:PB TCRab CD8ab Teff	1
CASSGRTSSYEQYF	TRBV6-5	TRBJ2-7	CAEKSGGYQKVTF	Donor AJG2309:PB TCRab CD8ab Teff	1
CASSSGVYNEQFF	TRBV7-3	TRBJ2-1	CAENYGGSQGNLIF	Donor AJG2309:PB TCRab CD8ab Teff	2
CASSVATQGAGDTEAFF	TRBV18	TRBJ1-1	CALASGTYKYIF	Donor AJG2309:PB TCRab CD8ab Teff	1
CASSSAGSTDTQYF	TRBV7-8	TRBJ2-3	CARDGSNYQLIW	Donor AJG2309:PB TCRab CD8ab Teff	2
CSVLPVSNTGELFF	TRBV29-1	TRBJ2-2	CAVTWGGGGADGLTF	Donor AJG2309:PB TCRab CD8ab Teff	1
CSARDIIAGGHEQYF	TRBV20-1	TRBJ2-7	CAVGLNTDKLIF	Donor AJG2309:PB TCRab CD8ab Teff	1
CSVEPWTYTDTQYF	TRBV29-1	TRBJ2-3	CAVGGTSYGKLTF	Donor AJG2309:PB TCRab CD8ab Teff	1
CASSWTGTYSTDTQYF	TRBV6-5	TRBJ2-3	CAVGLVTDSWGKFQF	Donor AJG2309:PB TCRab CD8ab Teff	1
CAWTGDYGYTF	TRBV30	TRBJ1-2	CAVRSNFGNEKLTF	Donor AJG2309:PB TCRab CD8ab Teff	2
CASRHPWEGNQPQHF	TRBV28	TRBJ1-5	CAVSAGGADGLTF	Donor AJG2309:PB TCRab CD8ab Teff	1
CASSLGGRVGEQYF	TRBV5-4	TRBJ2-7	CAVSYNYGQNFVF	Donor AJG2309:PB TCRab CD8ab Teff	1
CASTDEWKGYGYTF	TRBV2	TRBJ1-2	CALILFNTNAGKSTF	Donor AJG2309:PB TCRab CD8ab Teff	1
CASSYSGQGAYSNQPQHF	TRBV6-2	TRBJ1-5	CALSEETGGFKTIF	Donor AJG2309:PB TCRab CD8ab Teff	4
CASSYRDSGANVLTF	TRBV6-2	TRBJ2-6	CALSLNAGGTSYGKLTF	Donor AJG2309:PB TCRab CD8ab Teff	1
CASRIGTGRSYEQYF	TRBV6-6	TRBJ2-7	CALTGGSNFGNEKLTF	Donor AJG2309:PB TCRab CD8ab Teff	2
CASSSVSRANTIYF	TRBV7-9	TRBJ1-3	CALSDQNYGQNFVF	Donor AJG2309:PB TCRab CD8ab Teff	1
CASSPGTVDGEAFF	TRBV4-2	TRBJ1-1	CAPVYNQGGKLIF	Donor AJKQ118:IEL TCRab CD8ab TRM	4
CASSPGTVDGEAFF	TRBV4-2	TRBJ1-1	CAVTSGYGGATNKLIF	Donor AJKQ118:IEL TCRab CD8ab TRM	2
CASSPTGGTEAFF	TRBV7-9	TRBJ1-1	CAVRSDTGGFKTIF	Donor AJKQ118:IEL TCRab CD8ab TRM	2
CASSPAGRSNQPQHF	TRBV19	TRBJ1-5	CAVRPRADRGSTLGRLYF	Donor AJKQ118:IEL TCRab CD8ab TRM	1
CASSAGDSSPLHF	TRBV2	TRBJ1-6	CAVGYSGAGSYQLTF	Donor AJKQ118:IEL TCRab CD8ab TRM	1
CSARVGGYTF	TRBV20-1	TRBJ1-2	CAGPLGAGSYQLTF	Donor AJKQ118:IEL TCRab CD8ab TRM	2
CSAKATSGMVNEQFF	TRBV20-1	TRBJ2-1	CAVIRNTGFQKLVF	Donor AJKQ118:IEL TCRab CD8ab TRM	1
CSVKDPGSGNQPQHF	TRBV20-1	TRBJ1-5	CAVRDRRGFGNVLHC	Donor AJKQ118:IEL TCRab CD8ab TRM	2
CASSVAGDTGELFF	TRBV6-4	TRBJ2-2	CAVRDSDYKLSF	Donor AJKQ118:IEL TCRab CD8ab TRM	1
CASSLVAGQGAYEQYF	TRBV7-8	TRBJ2-7	CAVKDRGSTLGRLYF	Donor AJKQ118:IEL TCRab CD8ab TRM	7
CASSPVTGQGVYEQYF	TRBV7-8	TRBJ2-7	CAVMDSNYQLIW	Donor AJKQ118:IEL TCRab CD8ab TRM	1
CASSFDHGTGNTEAFF	TRBV27	TRBJ1-1	CVVSGLGPGGYQKVTF	Donor AJKQ118:IEL TCRab CD8ab TRM	1
CATSSRTGNQPQHF	TRBV15	TRBJ1-5	CVVNRGNQFYF	Donor AJKQ118:IEL TCRab CD8ab TRM	1
CASRRQETEAFF	TRBV19	TRBJ1-1	CVVNGASGSSASKIIF	Donor AJKQ118:IEL TCRab CD8ab TRM	1
CAWSWGRNTEAFF	TRBV30	TRBJ1-1	CVVNGFQKLVF	Donor AJKQ118:IEL TCRab CD8ab TRM	1
CASSQDWTAANTGELFF	TRBV4-1	TRBJ2-2	CVVKVSDNFGNEKLTF	Donor AJKQ118:IEL TCRab CD8ab TRM	1
CASSQDPGLYNEQFF	TRBV4-3	TRBJ2-1	CVVENRRALTF	Donor AJKQ118:IEL TCRab CD8ab TRM	3
CASSLGTSGTTLRGVGELFF	TRBV7-2	TRBJ2-2	CVASGGSYIPTF	Donor AJKQ118:IEL TCRab CD8ab TRM	1
CASSFSTDVYEQYF	TRBV7-2	TRBJ2-7	CVVSGGSQGNLIF	Donor AJKQ118:IEL TCRab CD8ab TRM	1
CASSPEDTQYF	TRBV7-9	TRBJ2-3	CVVNILDMLTF	Donor AJKQ118:IEL TCRab CD8ab TRM	1
CASSSDIEAFF	TRBV7-9	TRBJ1-1	CVVNRGDKIIF	Donor AJKQ118:IEL TCRab CD8ab TRM	2
CARGLARNNEQFF	TRBV7-9	TRBJ2-1	CVVNTAGGGSYIPTF	Donor AJKQ118:IEL TCRab CD8ab TRM	1
CASLQQLNSPLHF	TRBV10-2	TRBJ1-6	CAVTNFGNEKLTF	Donor AJKQ118:IEL TCRab CD8ab TRM	1
CASSVTGMGTEAFF	TRBV11-2	TRBJ1-1	CAPRPADGLTF	Donor AJKQ118:IEL TCRab CD8ab TRM	4
CASSLAGNEQFF	TRBV12-4	TRBJ2-1	CAVRFDSGYALNF	Donor AJKQ118:IEL TCRab CD8ab TRM	2
CASSLGVNTGELFF	TRBV13	TRBJ2-2	CAVWGVSYNTDKLIF	Donor AJKQ118:IEL TCRab CD8ab TRM	1
CASSLTGSFYSNQPQHF	TRBV2	TRBJ1-5	CAVWSYGQNFVF	Donor AJKQ118:IEL TCRab CD8ab TRM	1
CSVKDPGSGNQPQHF	TRBV20-1	TRBJ1-5	CAYSNARLMF	Donor AJKQ118:IEL TCRab CD8ab TRM	1
CASSKQGEEKLFF	TRBV27	TRBJ1-4	CAVQGGKLIF	Donor AJKQ118:IEL TCRab CD8ab TRM	1
CASSIGTGNSPLHF	TRBV28	TRBJ1-6	CAVKGTGRRALTF	Donor AJKQ118:IEL TCRab CD8ab TRM	14
CAWRPDAGGSSPLHF	TRBV30	TRBJ1-6	CAVRGTDKLIF	Donor AJKQ118:IEL TCRab CD8ab TRM	1
CASSLVVGPYNEQFF	TRBV5-1	TRBJ2-1	CAVIMNSGGYQKVTF	Donor AJKQ118:IEL TCRab CD8ab TRM	1
CASSLEGQGGQPQHF	TRBV5-1	TRBJ1-5	CAVKAQAGSARQLTF	Donor AJKQ118:IEL TCRab CD8ab TRM	14
CASSTGGYTEAFF	TRBV6-5	TRBJ1-1	CAVIHYKQAGTALIF	Donor AJKQ118:IEL TCRab CD8ab TRM	1
CASSYQNGRGLQV	TRBV6-5	TRBJ1-2	CAVNDRDDKIIF	Donor AJKQ118:IEL TCRab CD8ab TRM	1
CASSAQGGAINEQFF	TRBV6-5	TRBJ2-1	CAVNNRRSSASKIIF	Donor AJKQ118:IEL TCRab CD8ab TRM	1
CASSLAPGAEQYF	TRBV7-2	TRBJ2-7	CAVDAGGSNYKLTF	Donor AJKQ118:IEL TCRab CD8ab TRM	2
CASSLLQTGINSPLHF	TRBV7-6	TRBJ1-6	CAVNRGNTGFQKLVF	Donor AJKQ118:IEL TCRab CD8ab TRM	2
CASSPGTFLATYNEQFF	TRBV11-1	TRBJ2-1	CAMSDSGNEKLTF	Donor AJKQ118:IEL TCRab CD8ab TRM	2
CASSLVFGQGLYEQYF	TRBV11-2	TRBJ2-7	CAMKNTDKLIF	Donor AJKQ118:IEL TCRab CD8ab TRM	23
CASSFKLGTGRNYGYTF	TRBV12-4	TRBJ1-2	CAMKQTSYDKVIF	Donor AJKQ118:IEL TCRab CD8ab TRM	1
CATSRDRGGETQYF	TRBV15	TRBJ2-5	CAMRDTGGGNKLTF	Donor AJKQ118:IEL TCRab CD8ab TRM	1
CSASYQGDQPQHF	TRBV20-1	TRBJ1-5	CAANSGGSNYKLTF	Donor AJKQ118:IEL TCRab CD8ab TRM	2
CASRGTGGWVNTEAFF	TRBV25-1	TRBJ1-1	CAMSVGGGTSYGKLTF	Donor AJKQ118:IEL TCRab CD8ab TRM	1
CSAYSNEKLFF	TRBV29-1	TRBJ1-4	CAMCFTGGGNKLTF	Donor AJKQ118:IEL TCRab CD8ab TRM	4
CASSQDSVGAGHYEQYF	TRBV3-1	TRBJ2-7	CAMRGFGGGGNKLTF	Donor AJKQ118:IEL TCRab CD8ab TRM	1
CASNPGDSGLNEQFF	TRBV5-1	TRBJ2-1	CAIRGGSNYKLTF	Donor AJKQ118:IEL TCRab CD8ab TRM	1
CASSTHIGHEQYF	TRBV5-6	TRBJ2-7	CAMSGVVQAGTALIF	Donor AJKQ118:IEL TCRab CD8ab TRM	1
CASSIAGGRQETQYF	TRBV5-8	TRBJ2-5	CAMSAASNTGKLIF	Donor AJKQ118:IEL TCRab CD8ab TRM	1
CASSPVQGTIYNEQFF	TRBV7-2	TRBJ2-1	CASIQGAQKLVF	Donor AJKQ118:IEL TCRab CD8ab TRM	1
CASSLSGTARTEAFF	TRBV7-8	TRBJ1-1	CAMSLGLNNAGNMLTF	Donor AJKQ118:IEL TCRab CD8ab TRM	10
CASSDSSTTGELFF	TRBV10-1	TRBJ2-2	CAAFNQGGKLIF	Donor AJKQ118:IEL TCRab CD8ab TRM	2
CASSRDTVNTEAFF	TRBV10-1	TRBJ1-1	CAASIGVGGFGNVLHC	Donor AJKQ118:IEL TCRab CD8ab TRM	9
CAISAGGRQGSIHEQYF	TRBV10-3	TRBJ2-7	CEIDMRF	Donor AJKQ118:IEL TCRab CD8ab TRM	1
CASSLEGSPNNEQFF	TRBV13	TRBJ2-1	CAASQPENYTGANSKLTF	Donor AJKQ118:IEL TCRab CD8ab TRM	1
CSANRVGQTNSPLHF	TRBV20-1	TRBJ1-6	CAASRGGTYKYIF	Donor AJKQ118:IEL TCRab CD8ab TRM	1
CASSSQGQSAGANVLTF	TRBV27	TRBJ2-6	CAASREGLTGGGNKLTF	Donor AJKQ118:IEL TCRab CD8ab TRM	4
CSVEDTPGAEAFF	TRBV29-1	TRBJ1-1	CAASLNQAGTALIF	Donor AJKQ118:IEL TCRab CD8ab TRM	1
CASSPGAPEAFF	TRBV3-1	TRBJ1-1	CAAIRFNNDMRF	Donor AJKQ118:IEL TCRab CD8ab TRM	1
CASSQGSQNTGELFF	TRBV3-1	TRBJ2-2	CAARGPAAGNKLTF	Donor AJKQ118:IEL TCRab CD8ab TRM	1
CASSGSGTGELFF	TRBV3-1	TRBJ2-2	CAASEKSNYQLIW	Donor AJKQ118:IEL TCRab CD8ab TRM	1
CASSPNSGELFF	TRBV3-1	TRBJ2-2	CAASSYGARLMF	Donor AJKQ118:IEL TCRab CD8ab TRM	1
CASSLQGMRTEAFF	TRBV3-1	TRBJ1-1	CAAVTASGGSNYKLTF	Donor AJKQ118:IEL TCRab CD8ab TRM	1
CAWRREVETQYF	TRBV30	TRBJ2-5	CAASGAGNKLTF	Donor AJKQ118:IEL TCRab CD8ab TRM	1
CAWSVLGQGTYEQYF	TRBV30	TRBJ2-7	CAASSWGASGGYQKVTF	Donor AJKQ118:IEL TCRab CD8ab TRM	1
CATGTGLNTEAFF	TRBV5-1	TRBJ1-1	CAAQGGGFGNVLHC	Donor AJKQ118:IEL TCRab CD8ab TRM	4
CASTPPGGDEQFF	TRBV6-1	TRBJ2-1	CAASRDNYGQNFVF	Donor AJKQ118:IEL TCRab CD8ab TRM	1
CASSLGGEVHEQYF	TRBV7-2	TRBJ2-7	CADYNTDKLIF	Donor AJKQ118:IEL TCRab CD8ab TRM	1
CASSLTGVYNEQFF	TRBV7-6	TRBJ2-1	CAANSGGYQKVTF	Donor AJKQ118:IEL TCRab CD8ab TRM	1
CASSVGANTEAFF	TRBV9	TRBJ1-1	CAASDSGAGSYQLTF	Donor AJKQ118:IEL TCRab CD8ab TRM	1
CASSDRAADTQYF	TRBV11-2	TRBJ2-3	CAENYGGTSYGKLTF	Donor AJKQ118:IEL TCRab CD8ab TRM	1
CASSRDRRRQPQHF	TRBV12-4	TRBJ1-5	CAEEKAAGNKLTF	Donor AJKQ118:IEL TCRab CD8ab TRM	1
CASSLARGQNYGYTF	TRBV12-4	TRBJ1-2	CAVYSGQNFVF	Donor AJKQ118:IEL TCRab CD8ab TRM	2
CAWSHKGSRGGEQFF	TRBV30	TRBJ2-1	CADDDGGATNKLIF	Donor AJKQ118:IEL TCRab CD8ab TRM	1
CAWGTGGNQPQHF	TRBV30	TRBJ1-5	CAEAPFGNEKLTF	Donor AJKQ118:IEL TCRab CD8ab TRM	1
CASSQDILAGGRENIQYF	TRBV4-3	TRBJ2-4	CAENTFTSGTYKYIF	Donor AJKQ118:IEL TCRab CD8ab TRM	8
CASRRDRGSDLDPYEQYF	TRBV6-2	TRBJ2-7	CAERLSGDDKIIF	Donor AJKQ118:IEL TCRab CD8ab TRM	1
CASSLTTGRRNTEAFF	TRBV6-5	TRBJ1-1	CAENGGATNKLIF	Donor AJKQ118:IEL TCRab CD8ab TRM	1
CASSLVTVNTEAFF	TRBV7-8	TRBJ1-1	CAENEVDTGNQFYF	Donor AJKQ118:IEL TCRab CD8ab TRM	1
CASSLETGGNSPLHF	TRBV11-2	TRBJ1-6	CAMREGNTGGFKTIF	Donor AJKQ118:IEL TCRab CD8ab TRM	1
CASSLVFGQGVYEQYF	TRBV11-2	TRBJ2-7	CAMTRGRNAGNMLTF	Donor AJKQ118:IEL TCRab CD8ab TRM	1
CASRTGQGYGYTF	TRBV19	TRBJ1-2	CAMREGWSKGGKLIF	Donor AJKQ118:IEL TCRab CD8ab TRM	1
CASSYPGQTNEKLFF	TRBV2	TRBJ1-4	CAMRVAPRATLGRLYF	Donor AJKQ118:IEL TCRab CD8ab TRM	1
CSARNGYTF	TRBV20-1	TRBJ1-2	CAMRESRDSGAGSYQLTF	Donor AJKQ118:IEL TCRab CD8ab TRM	12
CSAPRLRNVNTEAFF	TRBV20-1	TRBJ1-1	CAMRGDSNFGNEKLTF	Donor AJKQ118:IEL TCRab CD8ab TRM	3
CASSQTGGSGYGYTF	TRBV3-1	TRBJ1-2	CAMRDGTTDSWGKLQF	Donor AJKQ118:IEL TCRab CD8ab TRM	2
CASSQDLFGQLSGNTIYF	TRBV4-1	TRBJ1-3	CAMREGLSGSARQLTF	Donor AJKQ118:IEL TCRab CD8ab TRM	5
CASSQDWSPALPQHF	TRBV4-2	TRBJ1-5	CAMREDTGRRALTF	Donor AJKQ118:IEL TCRab CD8ab TRM	1
CASSQDLAGGLADTQYF	TRBV4-3	TRBJ2-3	CAMREATNAGGTSYGKLTF	Donor AJKQ118:IEL TCRab CD8ab TRM	1
CASSSGLAGDTGELFF	TRBV5-1	TRBJ2-2	CAMREGWAGGTSYGKLTF	Donor AJKQ118:IEL TCRab CD8ab TRM	1
CASTGDRGYEQYF	TRBV5-1	TRBJ2-7	CAMRVIRFGNEKLTF	Donor AJKQ118:IEL TCRab CD8ab TRM	1
CASSYSEAEAENTIYF	TRBV6-5	TRBJ1-3	CAMREGPVTGGFKTIF	Donor AJKQ118:IEL TCRab CD8ab TRM	1
CASSATSGPYNEQFF	TRBV7-2	TRBJ2-1	CAMRERGGTSYGKLTF	Donor AJKQ118:IEL TCRab CD8ab TRM	1
CASSSTSGAYNEQFF	TRBV7-2	TRBJ2-1	CAMRERKSTSYGKLTF	Donor AJKQ118:IEL TCRab CD8ab TRM	2
CASSLVFGSGSYEQYF	TRBV7-2	TRBJ2-7	CAMSHGQKLLF	Donor AJKQ118:IEL TCRab CD8ab TRM	1
CASSLVFGTGAYEQYF	TRBV7-2	TRBJ2-7	CAMSRNTGFQKLVF	Donor AJKQ118:IEL TCRab CD8ab TRM	4
CASSLVFGQGAYEQYF	TRBV7-2	TRBJ2-7	CATNYGGSQGNLIF	Donor AJKQ118:IEL TCRab CD8ab TRM	2
CASSPGLAGLSGANVLTF	TRBV7-6	TRBJ2-6	CAMVGAGGTSYGKLTF	Donor AJKQ118:IEL TCRab CD8ab TRM	6
CASSVGWGNTGELFF	TRBV9	TRBJ2-2	CAMREGNNNARLMF	Donor AJKQ118:IEL TCRab CD8ab TRM	3
CASSPLPGQGYEQYF	TRBV9	TRBJ2-7	CAMRGPVNFGNEKLTF	Donor AJKQ118:IEL TCRab CD8ab TRM	5
CASSLLPHADRGNTEAFF	TRBV11-1	TRBJ1-1	CALSATSGTYKYIF	Donor AJKQ118:IEL TCRab CD8ab TRM	1
CASTLAGGPYEQYF	TRBV12-4	TRBJ2-7	CARGGSQGNLIF	Donor AJKQ118:IEL TCRab CD8ab TRM	1
CSAPLAGGGNEQFF	TRBV20-1	TRBJ2-1	CALISGGNTPLVF	Donor AJKQ118:IEL TCRab CD8ab TRM	1
CASSPTGGMSNQPQHF	TRBV27	TRBJ1-5	CALTASMYSGGGADGLTF	Donor AJKQ118:IEL TCRab CD8ab TRM	1
CASSSSLYEQYF	TRBV3-1	TRBJ2-7	CALSDGSARQLTF	Donor AJKQ118:IEL TCRab CD8ab TRM	1
CASSEEGLNYGYTF	TRBV5-1	TRBJ1-2	CALGGYQKVTF	Donor AJKQ118:IEL TCRab CD8ab TRM	1
CASSPGGGTPNEQFF	TRBV5-4	TRBJ2-1	CALRDSGGSNYKLTF	Donor AJKQ118:IEL TCRab CD8ab TRM	1
CASSEPHRGETQYF	TRBV10-2	TRBJ2-5	CATDGGSGNTGKLIF	Donor AJKQ118:IEL TCRab CD8ab TRM	1
CAISGGQGQGTGANVLTF	TRBV10-3	TRBJ2-6	CATDAGYGGSQGNLIF	Donor AJKQ118:IEL TCRab CD8ab TRM	1
CAISESGLAAQSGETQYF	TRBV10-3	TRBJ2-5	CATRKDSSYKLIF	Donor AJKQ118:IEL TCRab CD8ab TRM	1
CASSLGGPEKLFF	TRBV11-2	TRBJ1-4	CATERAGNNRKLIW	Donor AJKQ118:IEL TCRab CD8ab TRM	1
CASSPTASNQPQHF	TRBV12-3	TRBJ1-5	CATPPAGGKLIF	Donor AJKQ118:IEL TCRab CD8ab TRM	1
CASSQRAGRKYEQYF	TRBV14	TRBJ2-7	CATLAGANNLFF	Donor AJKQ118:IEL TCRab CD8ab TRM	1
CASSIQRLNTEAFF	TRBV18	TRBJ1-1	CATSGTGFQKLVF	Donor AJKQ118:IEL TCRab CD8ab TRM	1
CASSIQRLNTEAFF	TRBV19	TRBJ1-1	CATSGTGFQKLVF	Donor AJKQ118:IEL TCRab CD8ab TRM	2
CSARGYEGDTSGNTIYF	TRBV20-1	TRBJ1-3	CATAQRGSQGNLIF	Donor AJKQ118:IEL TCRab CD8ab TRM	2
CSAEPGVSGYTF	TRBV20-1	TRBJ1-2	CATEAGNQFYF	Donor AJKQ118:IEL TCRab CD8ab TRM	1
CASSAWVENLGQPQHF	TRBV27	TRBJ1-5	CATAQRGSQGNLIF	Donor AJKQ118:IEL TCRab CD8ab TRM	1
CASSEVGSQNTGELFF	TRBV27	TRBJ2-2	CATDARGGADGLTF	Donor AJKQ118:IEL TCRab CD8ab TRM	1
CASSLQGPEAFF	TRBV28	TRBJ1-1	CATAGNSGGYQKVTF	Donor AJKQ118:IEL TCRab CD8ab TRM	4
CSAGGEETQYF	TRBV29-1	TRBJ2-5	CATGRAGSYIPTF	Donor AJKQ118:IEL TCRab CD8ab TRM	1
CASSPLASVNTGELFF	TRBV3-1	TRBJ2-2	CATANTGTASKLTF	Donor AJKQ118:IEL TCRab CD8ab TRM	4
CASSFRFTGTGDNEQFF	TRBV5-6	TRBJ2-1	CATDAGYGGSQGNLIF	Donor AJKQ118:IEL TCRab CD8ab TRM	1
CASGSGGRSGNTIYF	TRBV5-6	TRBJ1-3	CATPPSGTYKYIF	Donor AJKQ118:IEL TCRab CD8ab TRM	1
CASSELRINTEAFF	TRBV6-1	TRBJ1-1	CATPAGAGYSTLTF	Donor AJKQ118:IEL TCRab CD8ab TRM	2
CASSYVASMNTGELFF	TRBV6-5	TRBJ2-2	CATANYGQNFVF	Donor AJKQ118:IEL TCRab CD8ab TRM	1
CASSYGSGGQPQHF	TRBV6-5	TRBJ1-5	CATISGGSYIPTF	Donor AJKQ118:IEL TCRab CD8ab TRM	1
CASSYSLAYLEAFF	TRBV6-5	TRBJ1-1	CATVHNDMRF	Donor AJKQ118:IEL TCRab CD8ab TRM	1
CASSRDLAGYEQYF	TRBV10-1	TRBJ2-7	CALSEAGRQAGTALIF	Donor AJKQ118:IEL TCRab CD8ab TRM	3
CASSRDTVNTEAFF	TRBV10-1	TRBJ1-1	CALSEPSGGATNKLIF	Donor AJKQ118:IEL TCRab CD8ab TRM	10
CASSFAGHLRDTQYF	TRBV27	TRBJ2-3	CALSEDSYGGATNKLIF	Donor AJKQ118:IEL TCRab CD8ab TRM	1
CAWSKDMKNSMNTEAFF	TRBV30	TRBJ1-1	CALSEITDSWGKLQF	Donor AJKQ118:IEL TCRab CD8ab TRM	1
CAWTDEPLYGYTF	TRBV30	TRBJ1-2	CASGGVDSNYQLIW	Donor AJKQ118:IEL TCRab CD8ab TRM	1
CASSQDFVEERSEAFF	TRBV4-1	TRBJ1-1	CALRDFTGGGNKLTF	Donor AJKQ118:IEL TCRab CD8ab TRM	1
CASSGQGGNQPQHF	TRBV6-1	TRBJ1-5	CALSEVSAGFGNVLHC	Donor AJKQ118:IEL TCRab CD8ab TRM	1
CASSPRTGMRPLEAFF	TRBV7-8	TRBJ1-1	CALRGLNDMRF	Donor AJKQ118:IEL TCRab CD8ab TRM	2
CASSGDGLAGVNEQFF	TRBV9	TRBJ2-1	CALSEAFNTGNQFYF	Donor AJKQ118:IEL TCRab CD8ab TRM	2
CASSVDGSPTDTQYF	TRBV9	TRBJ2-3	CALSVSNAGGTSYGKLTF	Donor AJKQ118:IEL TCRab CD8ab TRM	6
CASSWNDREGGELFF	TRBV19	TRBJ2-2	CAVVPPYNFNKFYF	Donor AJKQ118:IEL TCRab CD8ab TRM	1
CASAPGDTGELFF	TRBV19	TRBJ2-2	CAVVPSGGYNKLIF	Donor AJKQ118:IEL TCRab CD8ab TRM	1
CSAYRDRDQPQHF	TRBV20-1	TRBJ1-5	CAVDRDARLMF	Donor AJKQ118:IEL TCRab CD8ab TRM	1
CASSLWGTDSSYEQYF	TRBV5-6	TRBJ2-7	CAVAPSGTYKYIF	Donor AJKQ118:IEL TCRab CD8ab TRM	1
CASSLFEPLKPNTQYF	TRBV11-2	TRBJ2-3	CAVVTGRRALTF	Donor AJKQ118:IEL TCRab CD8ab TRM	2
CASIPSGANVLTF	TRBV2	TRBJ2-6	CAVLHFDSGGYQKVTF	Donor AJKQ118:IEL TCRab CD8ab TRM	4
CASISDRMGYNEQFF	TRBV2	TRBJ2-1	CAVLMYNQGGKLIF	Donor AJKQ118:IEL TCRab CD8ab TRM	1
CASSQEALDSSSSYNSPLHF	TRBV3-1	TRBJ1-6	CAVRDSNYQLIW	Donor AJKQ118:IEL TCRab CD8ab TRM	7
CAWSVLGVGVYEQYF	TRBV30	TRBJ2-7	CAVQAENRGSTLGRLYF	Donor AJKQ118:IEL TCRab CD8ab TRM	1
CAWSVRPNLNTEAFF	TRBV30	TRBJ1-1	CAVQATGYSTLTF	Donor AJKQ118:IEL TCRab CD8ab TRM	1
CASSPTNNEQFF	TRBV4-1	TRBJ2-1	CAVLPNSGYALNF	Donor AJKQ118:IEL TCRab CD8ab TRM	6
CASSVGNSGANVLTF	TRBV4-1	TRBJ2-6	CAVQASYTDKLIF	Donor AJKQ118:IEL TCRab CD8ab TRM	1
CASNEIAGGLGYGYTF	TRBV6-1	TRBJ1-2	CAVPLGGSGYSTLTF	Donor AJKQ118:IEL TCRab CD8ab TRM	2
CASSPLAGVREQYF	TRBV10-2	TRBJ2-7	CAVSPSGAGSYQLTF	Donor AJKQ118:IEL TCRab CD8ab TRM	2
CASSQGADEQYF	TRBV19	TRBJ2-7	CAVQSSNDYKLSF	Donor AJKQ118:IEL TCRab CD8ab TRM	1
CSAPRSGLGNTEAFF	TRBV20-1	TRBJ1-1	CAVRPNDYKLSF	Donor AJKQ118:IEL TCRab CD8ab TRM	1
CSARRAGPLQNTEAFF	TRBV20-1	TRBJ1-1	CAVTIQGAQKLVF	Donor AJKQ118:IEL TCRab CD8ab TRM	1
CASSLGRASGNTIYF	TRBV27	TRBJ1-3	CAVRPLQDQKLVF	Donor AJKQ118:IEL TCRab CD8ab TRM	2
CASSVGLYSTDTQYF	TRBV9	TRBJ2-3	CAVGGTGSGGYQKVTF	Donor AJKQ118:IEL TCRab CD8ab TRM	13
CASSQTGGSGYGYTF	TRBV3-1	TRBJ1-2	CAVARTSGTYKYIF	Donor AJKQ118:IEL TCRab CD8ab TRM	1
CASSPSGRWGEQFF	TRBV3-1	TRBJ2-1	CAVTGGTSYGKLTF	Donor AJKQ118:IEL TCRab CD8ab TRM	1
CAWSVGIEETQYF	TRBV30	TRBJ2-5	CAVLGNNNARLMF	Donor AJKQ118:IEL TCRab CD8ab TRM	1
CASSQGNRQNEQFF	TRBV4-1	TRBJ2-1	CAVVGGANSKLTF	Donor AJKQ118:IEL TCRab CD8ab TRM	1
CASSLGSVRSSPLHF	TRBV5-1	TRBJ1-6	CAVESSSAGGTSYGKLTF	Donor AJKQ118:IEL TCRab CD8ab TRM	1
CASRVSGNTEAFF	TRBV6-1	TRBJ1-1	CAVRGRTYKYIF	Donor AJKQ118:IEL TCRab CD8ab TRM	2
CASSSQSVMNTEAFF	TRBV7-2	TRBJ1-1	CAVASGTYKYIF	Donor AJKQ118:IEL TCRab CD8ab TRM	1
CASSLAGRLYGYTF	TRBV7-2	TRBJ1-2	CAVEHSGAGSYQLTF	Donor AJKQ118:IEL TCRab CD8ab TRM	2
CASSSSMNTEAFF	TRBV7-9	TRBJ1-1	CAARDGQKLLF	Donor AJKQ118:IEL TCRab CD8ab TRM	1
CASSNF	TRBV11-2	TRBJ2-3	CAASSSGGSNYKLTF	Donor AJKQ118:IEL TCRab CD8ab TRM	1
CASSNTWGSTDTQYF	TRBV11-2	TRBJ2-3	CAASSSGGSNYKLTF	Donor AJKQ118:IEL TCRab CD8ab TRM	4
CSARARTFRLLSTDTQYF	TRBV20-1	TRBJ2-3	CAASSAAGNKLTF	Donor AJKQ118:IEL TCRab CD8ab TRM	1
CASSFPPLSYEQYF	TRBV28	TRBJ2-7	CAASDPTSYGKLTF	Donor AJKQ118:IEL TCRab CD8ab TRM	1
CASSLSGSRETQYF	TRBV28	TRBJ2-5	CAASTTNTGFQKLVF	Donor AJKQ118:IEL TCRab CD8ab TRM	1
CASSPLAGGETQYF	TRBV3-1	TRBJ2-5	CAAIRYLSRSGYSTLTF	Donor AJKQ118:IEL TCRab CD8ab TRM	2
CAWGQLNTEAFF	TRBV30	TRBJ1-1	CAASIGGYALNF	Donor AJKQ118:IEL TCRab CD8ab TRM	2
CASSQDLWGISNTGELFF	TRBV4-1	TRBJ2-2	CAAHTDKLIF	Donor AJKQ118:IEL TCRab CD8ab TRM	1
CASSLGSSGMYQETQYF	TRBV5-4	TRBJ2-5	CAAIPDSNYQLIW	Donor AJKQ118:IEL TCRab CD8ab TRM	3
CASSGRREGFYGYTF	TRBV9	TRBJ1-2	CAAMTGFQKLVF	Donor AJKQ118:IEL TCRab CD8ab TRM	4
CASSKDLSSYNEQFF	TRBV10-1	TRBJ2-1	CAVQKGFGNVLHC	Donor AJKQ118:IEL TCRab CD8ab TRM	1
CASSGGTGSLGNQPQHF	TRBV12-4	TRBJ1-5	CALEYGNKLVF	Donor AJKQ118:IEL TCRab CD8ab TRM	1
CASSPPGQAASDNEQFF	TRBV18	TRBJ2-1	CASTGSNDYKLSF	Donor AJKQ118:IEL TCRab CD8ab TRM	1
CSASRSGLKDSPLHF	TRBV20-1	TRBJ1-6	CAFSNTGNQFYF	Donor AJKQ118:IEL TCRab CD8ab TRM	1
CATSDHGTSGRDEQYF	TRBV24-1	TRBJ2-7	CAFITGFSDGQKLLF	Donor AJKQ118:IEL TCRab CD8ab TRM	5
CASSPWNDNEQFF	TRBV27	TRBJ2-1	CAVQKGFGNVLHC	Donor AJKQ118:IEL TCRab CD8ab TRM	15
CASSETGVLYGYTF	TRBV28	TRBJ1-2	CAFHNAGNMLTF	Donor AJKQ118:IEL TCRab CD8ab TRM	17
CAWSTAEGIEQYF	TRBV30	TRBJ2-7	CAFHSGYSTLTF	Donor AJKQ118:IEL TCRab CD8ab TRM	3
CASSITGMGTEAFF	TRBV11-2	TRBJ1-1	CAGRGANNLFF	Donor AJKQ118:IEL TCRab CD8ab TRM	10
CASSFGRNTEAFF	TRBV11-3	TRBJ1-1	CAGTIMDSNYQLIW	Donor AJKQ118:IEL TCRab CD8ab TRM	1
CSAIRTSVKATQYF	TRBV20-1	TRBJ2-5	CAGYGGATNKLIF	Donor AJKQ118:IEL TCRab CD8ab TRM	1
CASSHYSAGTEAFF	TRBV4-2	TRBJ1-1	CAGVEGAQKLVF	Donor AJKQ118:IEL TCRab CD8ab TRM	1
CASSLPGLNNEQFF	TRBV5-4	TRBJ2-1	CAGLRYNFNKFYF	Donor AJKQ118:IEL TCRab CD8ab TRM	1
CASRVTLRTEQFF	TRBV6-5	TRBJ2-1	CAVVGGGADGLTF	Donor AJKQ118:IEL TCRab CD8ab TRM	1
CASSLTGETQYF	TRBV6-6	TRBJ2-5	CAGSRADYKLSF	Donor AJKQ118:IEL TCRab CD8ab TRM	5
CASSALAGVGSYEQYF	TRBV7-8	TRBJ2-7	CAGKKTGGFKTIF	Donor AJKQ118:IEL TCRab CD8ab TRM	3
CASSKDLSSYNEQFF	TRBV10-1	TRBJ2-1	CIVRVDGGSTLGRLYF	Donor AJKQ118:IEL TCRab CD8ab TRM	3
CASSYRDSGLGTEAFF	TRBV11-2	TRBJ1-1	CIVRELMDSNYQLIW	Donor AJKQ118:IEL TCRab CD8ab TRM	1
CASSYSGGYNEQFF	TRBV12-3	TRBJ2-1	CIVRVHGGGADGLTF	Donor AJKQ118:IEL TCRab CD8ab TRM	1
CASSLGRAASYEQYF	TRBV14	TRBJ2-7	CIVRGLAGGTSYGKLTF	Donor AJKQ118:IEL TCRab CD8ab TRM	3
CASSLSVNSPLHF	TRBV14	TRBJ1-6	CIVRVAYNAGNNRKLIW	Donor AJKQ118:IEL TCRab CD8ab TRM	5
CSAPTLTNEKLFF	TRBV20-1	TRBJ1-4	CIVRAWAYGSSNTGKLIF	Donor AJKQ118:IEL TCRab CD8ab TRM	5
CSANRPGRVTNEKLFF	TRBV20-1	TRBJ1-4	CIVRGDDKIIF	Donor AJKQ118:IEL TCRab CD8ab TRM	1
CSAGIIAGGDNEQFF	TRBV20-1	TRBJ2-1	CIVRVAGYTGTASKLTF	Donor AJKQ118:IEL TCRab CD8ab TRM	1
CSARPRDTEAFF	TRBV20-1	TRBJ1-1	CIVRVAGYTGTASKLTF	Donor AJKQ118:IEL TCRab CD8ab TRM	1
CSASSGAPDEQFF	TRBV20-1	TRBJ2-1	CIVRVAGYTGTASKLTF	Donor AJKQ118:IEL TCRab CD8ab TRM	3
CASSKWTVRRYNEQFF	TRBV27	TRBJ2-1	CIVRTSRGGAGNNRKLIW	Donor AJKQ118:IEL TCRab CD8ab TRM	2
CSANRDRTEAFF	TRBV29-1	TRBJ1-1	CIVRVSGDGNQFYF	Donor AJKQ118:IEL TCRab CD8ab TRM	1
CASSQDTPTTRTANEQFF	TRBV4-1	TRBJ2-1	CIVRVWNTGGFKTIF	Donor AJKQ118:IEL TCRab CD8ab TRM	1
CASNEIAGGLGYGYTF	TRBV6-1	TRBJ1-2	CIVRVRDGNTGKLIF	Donor AJKQ118:IEL TCRab CD8ab TRM	2
CASTGHSPSSYEQYF	TRBV6-2	TRBJ2-7	CIVRSGGNAGNMLTF	Donor AJKQ118:IEL TCRab CD8ab TRM	1
CASSSLGSGNYNEQFF	TRBV6-5	TRBJ2-1	CIVRVRTGANNLFF	Donor AJKQ118:IEL TCRab CD8ab TRM	1
CASSPRRGGQAYEQYF	TRBV6-5	TRBJ2-7	CIVYARGTGGGNKLTF	Donor AJKQ118:IEL TCRab CD8ab TRM	1
CASSLAGRLYGYTF	TRBV7-2	TRBJ1-2	CIVRVATGGGNKLTF	Donor AJKQ118:IEL TCRab CD8ab TRM	1
CASSRTSASYTGELFF	TRBV7-8	TRBJ2-2	CIVRVATSGTYKYIF	Donor AJKQ118:IEL TCRab CD8ab TRM	7
CASSPRDYTYEQYF	TRBV7-9	TRBJ2-7	CIVGGGADGLTF	Donor AJKQ118:IEL TCRab CD8ab TRM	1
CASSFWGGQETQYF	TRBV7-9	TRBJ2-5	CIVRVVESGGSNYKLTF	Donor AJKQ118:IEL TCRab CD8ab TRM	1
CASSLHRTGETQYF	TRBV11-2	TRBJ2-5	CILRDITQGGSEKLVF	Donor AJKQ118:IEL TCRab CD8ab TRM	1
CASSSGLAGINAYNEQFF	TRBV13	TRBJ2-1	CIPVNAGGTSYGKLTF	Donor AJKQ118:IEL TCRab CD8ab TRM	1
CATSTGEAYEQYF	TRBV15	TRBJ2-7	CILTGYGQNFVF	Donor AJKQ118:IEL TCRab CD8ab TRM	1
CASSPPGQGNQPQHF	TRBV18	TRBJ1-5	CILRDVPGTASKLTF	Donor AJKQ118:IEL TCRab CD8ab TRM	1
CASSLRGSATDTQYF	TRBV27	TRBJ2-3	CILRDPNYGGSQGNLIF	Donor AJKQ118:IEL TCRab CD8ab TRM	1
CASSQRGTGADTQYF	TRBV3-1	TRBJ2-3	CILRDSWRGGSQGNLIF	Donor AJKQ118:IEL TCRab CD8ab TRM	1
CASSQVSNSPLHF	TRBV3-1	TRBJ1-6	CILRGHAGGTSYGKLTF	Donor AJKQ118:IEL TCRab CD8ab TRM	1
CASSQTDNSPLHF	TRBV3-1	TRBJ1-6	CILRRARGGGSNYKLTF	Donor AJKQ118:IEL TCRab CD8ab TRM	1
CASSLARATGDKNIQYF	TRBV5-1	TRBJ2-4	CILRDVTHYGGSQGNLIF	Donor AJKQ118:IEL TCRab CD8ab TRM	1
CASSLFSGGANEAFF	TRBV5-1	TRBJ1-1	CILSPDSWGKLQF	Donor AJKQ118:IEL TCRab CD8ab TRM	2
CASSSDRVGGRGYTF	TRBV5-6	TRBJ1-2	CILRVHYGGSQGNLIF	Donor AJKQ118:IEL TCRab CD8ab TRM	1
CASSSHEGGLGGYTF	TRBV7-9	TRBJ1-2	CILSYTTSGTYKYIF	Donor AJKQ118:IEL TCRab CD8ab TRM	4
CASKPYTNTNTEAFF	TRBV11-2	TRBJ1-1	CAGARTNAGKSTF	Donor AJKQ118:IEL TCRab CD8ab TRM	1
CASSLVFGQGTYEQYF	TRBV11-2	TRBJ2-7	CAGRGNNAGNMLTF	Donor AJKQ118:IEL TCRab CD8ab TRM	2
CASSPPGSGSREQYF	TRBV13	TRBJ2-7	CADDYSSASKIIF	Donor AJKQ118:IEL TCRab CD8ab TRM	1
CASSAHSGTAYGYTF	TRBV14	TRBJ1-2	CAGAEGYGNKLVF	Donor AJKQ118:IEL TCRab CD8ab TRM	1
CASSMVSMDTQYF	TRBV19	TRBJ2-3	CAGPGGRLHGGSQGNLIF	Donor AJKQ118:IEL TCRab CD8ab TRM	1
CATSDYGSSYGYTF	TRBV24-1	TRBJ1-2	CAGPIGGNTGKLIF	Donor AJKQ118:IEL TCRab CD8ab TRM	1
CASSSTPGLQPQHF	TRBV3-1	TRBJ1-5	CAGASPDSNYQLIW	Donor AJKQ118:IEL TCRab CD8ab TRM	2
CASSPGVREGYGYTF	TRBV3-1	TRBJ1-2	CAGGLTGTASKLTF	Donor AJKQ118:IEL TCRab CD8ab TRM	1
CASSQTSGSREQYF	TRBV4-3	TRBJ2-7	CAALDRGSTLGRLYF	Donor AJKQ118:IEL TCRab CD8ab TRM	1
CASSLGTGTSSPLHF	TRBV7-6	TRBJ1-6	CADELNYGGSQGNLIF	Donor AJKQ118:IEL TCRab CD8ab TRM	1
CASSSLAGVGQYEQFF	TRBV7-8	TRBJ2-1	CAESGAGSYQLTF	Donor AJKQ118:IEL TCRab CD8ab TRM	1
CASRSGLDYGYTF	TRBV7-9	TRBJ1-2	CAGFSGAGSYQLTF	Donor AJKQ118:IEL TCRab CD8ab TRM	1
CASSVLGMGTEAFF	TRBV11-2	TRBJ1-1	CAASVESNQFYF	Donor AJKQ118:IEL TCRab CD8ab TRM	1
CASRSGLAGADEQYF	TRBV11-2	TRBJ2-7	CAASVRSQGNLIF	Donor AJKQ118:IEL TCRab CD8ab TRM	4
CASSSTGPNTEAFF	TRBV12-4	TRBJ1-1	CAASARTSYDKVIF	Donor AJKQ118:IEL TCRab CD8ab TRM	1
CASSPIGRQGNTGELFF	TRBV12-4	TRBJ2-2	CAVTTDKLIF	Donor AJKQ118:IEL TCRab CD8ab TRM	3
CASSRQGSGANVLTF	TRBV13	TRBJ2-6	CAASARGNEKLTF	Donor AJKQ118:IEL TCRab CD8ab TRM	1
CASSRDRTYEQYF	TRBV14	TRBJ2-7	CAAFEDTGRRALTF	Donor AJKQ118:IEL TCRab CD8ab TRM	1
CATSMTVLGNSPLHF	TRBV15	TRBJ1-6	CAASGETSGSRLTF	Donor AJKQ118:IEL TCRab CD8ab TRM	1
CASSPPAVSYEQYF	TRBV18	TRBJ2-7	CAAIHNQAGTALIF	Donor AJKQ118:IEL TCRab CD8ab TRM	1
CASSPDRGSPLHF	TRBV18	TRBJ1-6	CAARSNSGYALNF	Donor AJKQ118:IEL TCRab CD8ab TRM	1
CASTPGPTGRAFF	TRBV19	TRBJ1-1	CAVPSGNTPLVF	Donor AJKQ118:IEL TCRab CD8ab TRM	2
CATGLEPSTGELFF	TRBV2	TRBJ2-2	CAARTSGNTPLVF	Donor AJKQ118:IEL TCRab CD8ab TRM	1
CSARDKKGDWEKLFF	TRBV20-1	TRBJ1-4	CAASGGSQGNLIF	Donor AJKQ118:IEL TCRab CD8ab TRM	1
CSARDVRGAWEKLFF	TRBV20-1	TRBJ1-4	CAASGGSQGNLIF	Donor AJKQ118:IEL TCRab CD8ab TRM	3
CSARGQWNTIYF	TRBV20-1	TRBJ1-3	CAASITSGTYKYIF	Donor AJKQ118:IEL TCRab CD8ab TRM	1
CSARRDTSSYEQYF	TRBV20-1	TRBJ2-7	CAASRYGGSQGNLIF	Donor AJKQ118:IEL TCRab CD8ab TRM	1
CSVDMNRLGYTF	TRBV29-1	TRBJ1-2	CAASVSGGSNYKLTF	Donor AJKQ118:IEL TCRab CD8ab TRM	2
CSVEDGERRGSEQYF	TRBV29-1	TRBJ2-7	CAASYRDDKIIF	Donor AJKQ118:IEL TCRab CD8ab TRM	5
CASSSRTGPEKLFF	TRBV3-1	TRBJ1-4	CAASTEPGANNLFF	Donor AJKQ118:IEL TCRab CD8ab TRM	1
CASSPGSGGLRKQFF	TRBV3-1	TRBJ2-1	CAATLNAGGTSYGKLTF	Donor AJKQ118:IEL TCRab CD8ab TRM	1
CASSPGQVGGYTF	TRBV4-2	TRBJ1-2	CAAGSTSYDKVIF	Donor AJKQ118:IEL TCRab CD8ab TRM	1
CASSMTSGSRTDTQYF	TRBV5-1	TRBJ2-3	CAASASNSGYALNF	Donor AJKQ118:IEL TCRab CD8ab TRM	1
CASSRTTLQALETQYF	TRBV5-1	TRBJ2-5	CAASSSGGSNYKLTF	Donor AJKQ118:IEL TCRab CD8ab TRM	3
CASSYSRLAGYNEQFF	TRBV6-6	TRBJ2-1	CAATLGNQFYF	Donor AJKQ118:IEL TCRab CD8ab TRM	3
CASSPGQGAVEQFF	TRBV7-2	TRBJ2-1	CAAPRGAGGTSYGKLTF	Donor AJKQ118:IEL TCRab CD8ab TRM	1
CASSSPDRGNEKLFF	TRBV7-9	TRBJ1-4	CAASVDRGSTLGRLYF	Donor AJKQ118:IEL TCRab CD8ab TRM	1
CASSRDSSNTEAFF	TRBV10-1	TRBJ1-1	CAVRDIEGSYQKVTF	Donor AJKQ118:IEL TCRab CD8ab TRM	1
CRAGQYVEEPQHF	TRBV20-1	TRBJ1-5	CAVRDRSGNTPLVF	Donor AJKQ118:IEL TCRab CD8ab TRM	1
CASSQRSYQAEAFF	TRBV3-1	TRBJ1-1	CAVRGYNNNDMRF	Donor AJKQ118:IEL TCRab CD8ab TRM	3
CASSGRGLYEQYF	TRBV3-1	TRBJ2-7	CAVSTLRRYSSASKIIF	Donor AJKQ118:IEL TCRab CD8ab TRM	1
CASNSGRITDTQYF	TRBV5-1	TRBJ2-3	CAPDPGNAGNMLTF	Donor AJKQ118:IEL TCRab CD8ab TRM	1
CASSYRDRASGNTIYF	TRBV5-6	TRBJ1-3	CAVRDYNNARLMF	Donor AJKQ118:IEL TCRab CD8ab TRM	1
CASSNRGTYEQYF	TRBV7-8	TRBJ2-7	CAVRRHNAGNMLTF	Donor AJKQ118:IEL TCRab CD8ab TRM	1
CASSLRRAFGEKLFF	TRBV11-2	TRBJ1-4	CGTEGASVSSGSARQLTF	Donor AJKQ118:IEL TCRab CD8ab TRM	1
CASSPSSGLEAFF	TRBV14	TRBJ1-1	CGTELSNAGGTSYGKLTF	Donor AJKQ118:IEL TCRab CD8ab TRM	1
CASSPLASVNTGELFF	TRBV3-1	TRBJ2-2	CGTGGPQETSGSRLTF	Donor AJKQ118:IEL TCRab CD8ab TRM	2
CASSRTGGRNEQFF	TRBV6-2	TRBJ2-1	CGTGSTSGGSYIPTF	Donor AJKQ118:IEL TCRab CD8ab TRM	3
CASSQTVSAPGYTF	TRBV3-1	TRBJ1-2	CGAPGWSRGKLIF	Donor AJKQ118:IEL TCRab CD8ab TRM	1
CASSLEGRGTGANVLTF	TRBV5-1	TRBJ2-6	CGADMMTGGTSYGKLTF	Donor AJKQ118:IEL TCRab CD8ab TRM	1
CASSRQGTGELFF	TRBV6-1	TRBJ2-2	CGADISSNYKLTF	Donor AJKQ118:IEL TCRab CD8ab TRM	1
CASSIAGQGDYGYTF	TRBV19	TRBJ1-2	CAGNKFYF	Donor AJKQ118:IEL TCRab CD8ab TRM	1
CASSLLGMGQPQHF	TRBV28	TRBJ1-5	CAGQNAGKSTF	Donor AJKQ118:IEL TCRab CD8ab TRM	1
CASSQVLSMGAKNIQYF	TRBV3-1	TRBJ2-4	CAGQPQGSQGNLIF	Donor AJKQ118:IEL TCRab CD8ab TRM	3
CASSLVTGMGSYEQYF	TRBV5-1	TRBJ2-7	CAGQHTRAMPGQNFVF	Donor AJKQ118:IEL TCRab CD8ab TRM	1
CASSYRAGVRETQYF	TRBV6-5	TRBJ2-5	CAGLGAGNQFYF	Donor AJKQ118:IEL TCRab CD8ab TRM	1
CASSRTPGQGAQGYTF	TRBV6-5	TRBJ1-2	CAGRGDSNYQLIW	Donor AJKQ118:IEL TCRab CD8ab TRM	1
CASSYPSGRGNTQYF	TRBV6-6	TRBJ2-3	CAGQTGNNRKLIW	Donor AJKQ118:IEL TCRab CD8ab TRM	3
CASSPVTGQGVYEQYF	TRBV7-8	TRBJ2-7	CAGKASGTYKYIF	Donor AJKQ118:IEL TCRab CD8ab TRM	1
CASSLVSGTGGYGYTF	TRBV7-8	TRBJ1-2	CAGPNTNAGKSTF	Donor AJKQ118:IEL TCRab CD8ab TRM	1
CASSLTGTGSPLHF	TRBV7-8	TRBJ1-6	CAGQLTTNYGGSQGNLIF	Donor AJKQ118:IEL TCRab CD8ab TRM	1
CASSLVTGQGTYEQYF	TRBV7-8	TRBJ2-7	CAGSPQGAQKLVF	Donor AJKQ118:IEL TCRab CD8ab TRM	1
CAISDLKGERAEAFF	TRBV10-3	TRBJ1-1	CAVSSYSGAGSYQLTF	Donor AJKQ118:IEL TCRab CD8ab TRM	1
CASSNRFDRGERGYTF	TRBV2	TRBJ1-2	CAVHGASGTYKYIF	Donor AJKQ118:IEL TCRab CD8ab TRM	1
CASSSSTGASEQYF	TRBV27	TRBJ2-7	CAGGGADGLTF	Donor AJKQ118:IEL TCRab CD8ab TRM	1
CASRTPSVYEQYF	TRBV28	TRBJ2-7	CASFNTNAGKSTF	Donor AJKQ118:IEL TCRab CD8ab TRM	1
CSVLKRKINTYEQYF	TRBV29-1	TRBJ2-7	CAVESYSGAGSYQLTF	Donor AJKQ118:IEL TCRab CD8ab TRM	1
CASSELGGYSEQFF	TRBV6-1	TRBJ2-1	CAVEADNARLMF	Donor AJKQ118:IEL TCRab CD8ab TRM	1
CASSSRDRGTTDTQYF	TRBV7-9	TRBJ2-3	CAVEATGTASKLTF	Donor AJKQ118:IEL TCRab CD8ab TRM	1
CASSSPGTYNEQFF	TRBV12-3	TRBJ2-1	CAFDDGSSNTGKLIF	Donor AJKQ118:IEL TCRab CD8ab TRM	1
CASSLGGNYGYTF	TRBV12-3	TRBJ1-2	CAFMYDGAQKLVF	Donor AJKQ118:IEL TCRab CD8ab TRM	1
CASKYEGYTQYF	TRBV2	TRBJ2-3	CAPSFTGNQFYF	Donor AJKQ118:IEL TCRab CD8ab TRM	1
CSARDVGRGLGYGYTF	TRBV20-1	TRBJ1-2	CAFLNTNAGKSTF	Donor AJKQ118:IEL TCRab CD8ab TRM	1
CSAKQGGVYEQYF	TRBV20-1	TRBJ2-7	CAFNNNDMRF	Donor AJKQ118:IEL TCRab CD8ab TRM	1
CSARVRGQWNTEAFF	TRBV20-1	TRBJ1-1	CAFTGTASKLTF	Donor AJKQ118:IEL TCRab CD8ab TRM	1
CSARGVGTDTQYF	TRBV20-1	TRBJ2-3	CARYNFNKFYF	Donor AJKQ118:IEL TCRab CD8ab TRM	1
CSVSQGNTEAFF	TRBV29-1	TRBJ1-1	CGIGLYNQGGKLIF	Donor AJKQ118:IEL TCRab CD8ab TRM	1
CASSQWGQGSGNTIYF	TRBV3-1	TRBJ1-3	CAFMNSKAAGNKLTF	Donor AJKQ118:IEL TCRab CD8ab TRM	2
CASSPGLLGEQFF	TRBV6-5	TRBJ2-1	CAFMKHVPTDSWGKLQF	Donor AJKQ118:IEL TCRab CD8ab TRM	4
CASSFYTDTQYF	TRBV7-2	TRBJ2-3	CAFISSNFGNEKLTF	Donor AJKQ118:IEL TCRab CD8ab TRM	1
CASSVRPTGELFF	TRBV9	TRBJ2-2	CAFMKSGEYGNKLVF	Donor AJKQ118:IEL TCRab CD8ab TRM	2
CAISGAGRTPLHF	TRBV10-3	TRBJ1-6	CAYRSARNQFYF	Donor AJKQ118:IEL TCRab CD8ab TRM	1
CASSLEGRAGNTGELFF	TRBV12-3	TRBJ2-2	CAPSGDGGSQGNLIF	Donor AJKQ118:IEL TCRab CD8ab TRM	1
CASSFNPNTEAFF	TRBV14	TRBJ1-1	CAYRLSGGATNKLIF	Donor AJKQ118:IEL TCRab CD8ab TRM	1
CATSRVLGQTGAKNTEAFF	TRBV15	TRBJ1-1	CAYRSRSSASKLTF	Donor AJKQ118:IEL TCRab CD8ab TRM	1
CASSPQGNGNQPQHF	TRBV18	TRBJ1-5	CAYRGLDNYGQNFVF	Donor AJKQ118:IEL TCRab CD8ab TRM	1
CASSPGGNQPQHF	TRBV18	TRBJ1-5	CAYSKAGANSKLTF	Donor AJKQ118:IEL TCRab CD8ab TRM	6
CSAMQPTYNEQFF	TRBV20-1	TRBJ2-1	CATYTGTASKLTF	Donor AJKQ118:IEL TCRab CD8ab TRM	2
CASSKAQNYGYTF	TRBV25-1	TRBJ1-2	CAVMGTGNQFYF	Donor AJKQ118:IEL TCRab CD8ab TRM	1
CASSEIASVISEQFF	TRBV25-1	TRBJ2-1	CAYGSNFGNEKLTF	Donor AJKQ118:IEL TCRab CD8ab TRM	1
CASTNPNSPLHF	TRBV28	TRBJ1-6	CAYRESGGGADGLTF	Donor AJKQ118:IEL TCRab CD8ab TRM	1
CASSLPNYEQYF	TRBV28	TRBJ2-7	CAYRITGNQFYF	Donor AJKQ118:IEL TCRab CD8ab TRM	9
CASSYKRLPNSPLHF	TRBV28	TRBJ1-6	CAYRSAIGIIGGGADGLTF	Donor AJKQ118:IEL TCRab CD8ab TRM	1
CASSPSGLGLNEQFF	TRBV3-1	TRBJ2-1	CAYRGYGGATNKLIF	Donor AJKQ118:IEL TCRab CD8ab TRM	1
CASSQEAVHNEQFF	TRBV4-2	TRBJ2-1	CAFLSGGSNYKLTF	Donor AJKQ118:IEL TCRab CD8ab TRM	1
CASGTLAKNIQYF	TRBV6-1	TRBJ2-4	CAYAGTGNQFYF	Donor AJKQ118:IEL TCRab CD8ab TRM	1
CASSFFVRIADTQYF	TRBV7-2	TRBJ2-3	CAYRPSNSGGSNYKLTF	Donor AJKQ118:IEL TCRab CD8ab TRM	1
CASSSPDRVAYEQYF	TRBV7-9	TRBJ2-7	CAYRSGPFGNEKLTF	Donor AJKQ118:IEL TCRab CD8ab TRM	1
CASSLGLTSGVYNEQFF	TRBV7-9	TRBJ2-1	CAYSRANTGNQFYF	Donor AJKQ118:IEL TCRab CD8ab TRM	1
CASSVGTVPSTDTQYF	TRBV9	TRBJ2-3	CAARNTDKLIF	Donor AJKQ118:IEL TCRab CD8ab TRM	1
CASSVEVGGLNTEAFF	TRBV9	TRBJ1-1	CAYRRGNAGNMLTF	Donor AJKQ118:IEL TCRab CD8ab TRM	1
CASSRDYYGYTF	TRBV12-3	TRBJ1-2	CAVTRAGKSTF	Donor AJKQ118:IEL TCRab CD8ab TRM	1
CASSAAGLFNQPQHF	TRBV19	TRBJ1-5	CAVDPLNTGNQFYF	Donor AJKQ118:IEL TCRab CD8ab TRM	1
CATSDGGLYEQYF	TRBV24-1	TRBJ2-7	CAVVFSGNQFYF	Donor AJKQ118:IEL TCRab CD8ab TRM	1
CATLLGGAQETQYF	TRBV6-6	TRBJ2-5	CAVNAGGTSYGKLTF	Donor AJKQ118:IEL TCRab CD8ab TRM	1
CASSVAAGSYEQYF	TRBV9	TRBJ2-7	CAVGSNDYKLSF	Donor AJKQ118:IEL TCRab CD8ab TRM	1
CAISAGQGRGNTEAFF	TRBV10-3	TRBJ1-1	CLVGDSNAGNNRKLIW	Donor AJKQ118:IEL TCRab CD8ab TRM	1
CASTNIQGPAGANVLTF	TRBV2	TRBJ2-6	CLVGEVGLGGKLIF	Donor AJKQ118:IEL TCRab CD8ab TRM	1
CAWSGGGYSNQPQHF	TRBV30	TRBJ1-5	CLVGKAAGNKLTF	Donor AJKQ118:IEL TCRab CD8ab TRM	1
CASSPQGNGNQPQHF	TRBV18	TRBJ1-5	CPLPPVGNQFYF	Donor AJKQ118:IEL TCRab CD8ab TRM	1
CASSPEGSNYGYTF	TRBV28	TRBJ1-2	CLLGDTRYAGNNRKLIW	Donor AJKQ118:IEL TCRab CD8ab TRM	1
CASSGGPGQGYNSPLHF	TRBV9	TRBJ1-6	CLLGVPNTDKLIF	Donor AJKQ118:IEL TCRab CD8ab TRM	1
CASFRTSGSASSGTYEQYF	TRBV10-2	TRBJ2-7	CAVSRFDTSGTYKYIF	Donor AJKQ118:IEL TCRab CD8ab TRM	1
CASSFLGGKNTEAFF	TRBV14	TRBJ1-1	CAASGAGSYQLTF	Donor AJKQ118:IEL TCRab CD8ab TRM	1
CAWSGGKGYTF	TRBV30	TRBJ1-2	CAVRVDYKLTF	Donor AJKQ118:IEL TCRab CD8ab TRM	1
CASSFQQGSGEQFF	TRBV5-1	TRBJ2-1	CAVRANYGGSQGNLIF	Donor AJKQ118:IEL TCRab CD8ab TRM	3
CASSLSGTLNTEAFF	TRBV5-1	TRBJ1-1	CAVRSQDYGGATNKLIF	Donor AJKQ118:IEL TCRab CD8ab TRM	3
CASSPGGAAQYF	TRBV9	TRBJ2-5	CAVTLGAQKLVF	Donor AJKQ118:IEL TCRab CD8ab TRM	2
CASSQASGFSSYEQYF	TRBV14	TRBJ2-7	CAENDYKLSF	Donor AJKQ118:IEL TCRab CD8ab TRM	2
CASSRDRTYEQYF	TRBV14	TRBJ2-7	CAESKTGANNLFF	Donor AJKQ118:IEL TCRab CD8ab TRM	1
CSAWGRAGGETQYF	TRBV20-1	TRBJ2-5	CAERSNTDKLIF	Donor AJKQ118:IEL TCRab CD8ab TRM	1
CASSQERTDGFYF	TRBV4-1	TRBJ2-7	CAESYNGNKLVF	Donor AJKQ118:IEL TCRab CD8ab TRM	1
CASSLLDSEQFF	TRBV5-1	TRBJ2-1	CAENRGGADGLTF	Donor AJKQ118:IEL TCRab CD8ab TRM	1
CASSSQGQGVEAFF	TRBV7-9	TRBJ1-1	CAVHVGGSYIPTF	Donor AJKQ118:IEL TCRab CD8ab TRM	1
CASRTGGEAFF	TRBV3-1	TRBJ1-1	CALDSRGSSNTGKLIF	Donor AJKQ118:IEL TCRab CD8ab TRM	1
CASSSAATNEKLFF	TRBV12-3	TRBJ1-4	CAVNAADTGRRALTF	Donor AJKQ118:IEL TCRab CD8ab TRM	1
CSAQGIAGTGANVLTF	TRBV20-1	TRBJ2-6	CAVNANYGGSQGNLIF	Donor AJKQ118:IEL TCRab CD8ab TRM	1
CATTVRDRGNGELFF	TRBV6-6	TRBJ2-2	CAVNARGNQFYF	Donor AJKQ118:IEL TCRab CD8ab TRM	1
CASSITQGPSIQYF	TRBV7-6	TRBJ2-4	CAVNIKAAGNKLTF	Donor AJKQ118:IEL TCRab CD8ab TRM	3
CASSPTGGTPTDTQYF	TRBV11-1	TRBJ2-3	CVVSPPIQKLVF	Donor AJKQ118:IEL TCRab CD8ab TRM	1
CASSYQEISYEQYF	TRBV2	TRBJ2-7	CVVSDQGGGGADGLTF	Donor AJKQ118:IEL TCRab CD8ab TRM	1
CSASGQPNTEAFF	TRBV20-1	TRBJ1-1	CVVIPYSSASKIIF	Donor AJKQ118:IEL TCRab CD8ab TRM	5
CASSPPDRGTNTEAFF	TRBV4-1	TRBJ1-1	CVVSDSSYKLIF	Donor AJKQ118:IEL TCRab CD8ab TRM	1
CASSLIRQNSPLHF	TRBV11-2	TRBJ1-6	CAVAIYGQNFVF	Donor AJKQ118:IEL TCRab CD8ab TRM	1
CASSDMTPASLNEQFF	TRBV14	TRBJ2-1	CAVGGTGGYNKLIF	Donor AJKQ118:IEL TCRab CD8ab TRM	1
CASSQRADTYEQYF	TRBV16	TRBJ2-7	CAVVSDGQKLLF	Donor AJKQ118:IEL TCRab CD8ab TRM	1
CSARTSGGVGEQFF	TRBV20-1	TRBJ2-1	CAVGVNSGNTPLVF	Donor AJKQ118:IEL TCRab CD8ab TRM	1
CSARDLDRGAYGYTF	TRBV20-1	TRBJ1-2	CAVVAGPSDDKIIF	Donor AJKQ118:IEL TCRab CD8ab TRM	1
CASSLAVQGAGGYTF	TRBV28	TRBJ1-2	CAVAQGGNKLVF	Donor AJKQ118:IEL TCRab CD8ab TRM	1
CANSPGGNTIYF	TRBV30	TRBJ1-3	CAVGQNDYKLSF	Donor AJKQ118:IEL TCRab CD8ab TRM	1
CASSYRTSGSTGELFF	TRBV6-5	TRBJ2-2	CAVGANSGYALNF	Donor AJKQ118:IEL TCRab CD8ab TRM	1
CASSLGTGIGELFF	TRBV12-4	TRBJ2-2	CAALPGNTDKLIF	Donor AJKQ118:IEL TCRab CD8ab TRM	1
CASGPGTSGSTGELFF	TRBV12-5	TRBJ2-2	CAVSEGGGADGLTF	Donor AJKQ118:IEL TCRab CD8ab TRM	1
CASSLVGGTEAFF	TRBV13	TRBJ1-1	CAVSEGGFNKFYF	Donor AJKQ118:IEL TCRab CD8ab TRM	1
CATSREQRALSNEQFF	TRBV15	TRBJ2-1	CAVSEFGAGSYQLTF	Donor AJKQ118:IEL TCRab CD8ab TRM	1
CASSRQGVREGEAFF	TRBV18	TRBJ1-1	CAVSETDSWGKLQF	Donor AJKQ118:IEL TCRab CD8ab TRM	3
CASYGQGSGYTF	TRBV2	TRBJ1-2	CAVSDRRGGSEKLVF	Donor AJKQ118:IEL TCRab CD8ab TRM	1
CSASMGNLEAFF	TRBV20-1	TRBJ1-1	CAVSANTGNQFYF	Donor AJKQ118:IEL TCRab CD8ab TRM	1
CSANGRVGTEAFF	TRBV29-1	TRBJ1-1	CAVSARTGFQKLVF	Donor AJKQ118:IEL TCRab CD8ab TRM	1
CASSLVSDSPLHF	TRBV5-1	TRBJ1-6	CAVSEAARRNYGQNFVF	Donor AJKQ118:IEL TCRab CD8ab TRM	1
CASSYPTSGGSTQYF	TRBV6-2	TRBJ2-3	CASRSSYKLIF	Donor AJKQ118:IEL TCRab CD8ab TRM	1
CASSPGPTGATNQPQHF	TRBV7-6	TRBJ1-5	CAVSDGPGSGNTGKLIF	Donor AJKQ118:IEL TCRab CD8ab TRM	4
CASSRTQGQSYNSPLHF	TRBV7-9	TRBJ1-6	CALYSSASKIIF	Donor AJKQ118:IEL TCRab CD8ab TRM	9
CASSESTAAAEAFF	TRBV10-1	TRBJ1-1	CAVSPSGYSTLTF	Donor AJKQ118:IEL TCRab CD8ab TRM	1
CASTLAFTDTQYF	TRBV10-2	TRBJ2-3	CAVSDTGGFKTIF	Donor AJKQ118:IEL TCRab CD8ab TRM	1
CASSLFRRNQETQYF	TRBV11-2	TRBJ2-5	CAVIHGSSNTGKLIF	Donor AJKQ118:IEL TCRab CD8ab TRM	1
CASKYEGYTQYF	TRBV2	TRBJ2-3	CAAHAPTGNQFYF	Donor AJKQ118:IEL TCRab CD8ab TRM	2
CSARPASLNTGELFF	TRBV20-1	TRBJ2-2	CAVSDSGQAGTALIF	Donor AJKQ118:IEL TCRab CD8ab TRM	1
CSASATYNEQFF	TRBV20-1	TRBJ2-1	CAVTSPSLQAGTALIF	Donor AJKQ118:IEL TCRab CD8ab TRM	1
CAAARGYGNQPQHF	TRBV28	TRBJ1-5	CAVATGANNLFF	Donor AJKQ118:IEL TCRab CD8ab TRM	2
CASSAAGTGIGEQFF	TRBV28	TRBJ2-1	CAVIKAGFQKLVF	Donor AJKQ118:IEL TCRab CD8ab TRM	1
CAWSVGGGRGDTQYF	TRBV30	TRBJ2-3	CAVSGGGGNKLTF	Donor AJKQ118:IEL TCRab CD8ab TRM	1
CASSLGAFF	TRBV5-8	TRBJ1-1	CAVSEGAGGFKTIF	Donor AJKQ118:IEL TCRab CD8ab TRM	1
CASSRDSSNTEAFF	TRBV10-1	TRBJ1-1	CGDDYKLSF	Donor AJKQ118:IEL TCRab CD8ab TRM	1
CASSTQGPYEQYF	TRBV12-3	TRBJ2-7	CARMDSSYKLIF	Donor AJKQ118:IEL TCRab CD8ab TRM	1
CASSQVGTGELFF	TRBV14	TRBJ2-2	CALSDRRGTGANNLFF	Donor AJKQ118:IEL TCRab CD8ab TRM	1
CASSPVRDRGIVQFF	TRBV28	TRBJ2-1	CALRVSGGSYIPTF	Donor AJKQ118:IEL TCRab CD8ab TRM	2
CASSQLAGKYTQYF	TRBV3-1	TRBJ2-3	CALSDSTNAGGTSYGKLTF	Donor AJKQ118:IEL TCRab CD8ab TRM	2
CASSQIYGKGNTIYF	TRBV3-1	TRBJ1-3	CALSGQTGANNLFF	Donor AJKQ118:IEL TCRab CD8ab TRM	1
CAWYYRDRGYNEQFF	TRBV30	TRBJ2-1	CALSDRAGNTPLVF	Donor AJKQ118:IEL TCRab CD8ab TRM	1
CASSLGSSGMYQETQYF	TRBV5-4	TRBJ2-5	CALNSKAAGNKLTF	Donor AJKQ118:IEL TCRab CD8ab TRM	1
CASSFSGSPQETQYF	TRBV5-4	TRBJ2-5	CALVIKAAGNKLTF	Donor AJKQ118:IEL TCRab CD8ab TRM	1
CASSLEWTGELFF	TRBV5-5	TRBJ2-2	CALGASGGYNKLIF	Donor AJKQ118:IEL TCRab CD8ab TRM	1
CASSPGLAGTNEQFF	TRBV6-1	TRBJ2-1	CALSGWAGGTSYGKLTF	Donor AJKQ118:IEL TCRab CD8ab TRM	3
CASSYSFTGLAGGDTQYF	TRBV6-5	TRBJ2-3	CARSGAGSYQLTF	Donor AJKQ118:IEL TCRab CD8ab TRM	1
CASSPAWGGSYEQYF	TRBV7-2	TRBJ2-7	CALSDLGDGQNFVF	Donor AJKQ118:IEL TCRab CD8ab TRM	3
CASGRIGGIDSPLHF	TRBV7-2	TRBJ1-6	CALSDRNTGNQFYF	Donor AJKQ118:IEL TCRab CD8ab TRM	1
CASSLVAGQGAYEQYF	TRBV7-8	TRBJ2-7	CALNSKAAGNKLTF	Donor AJKQ118:IEL TCRab CD8ab TRM	1
CASSSGLAGVPPHTGELFF	TRBV7-9	TRBJ2-2	CARLGGSGGFKTIF	Donor AJKQ118:IEL TCRab CD8ab TRM	1
CATSRDSSGANVLTF	TRBV15	TRBJ2-6	CAVRDSNYQLIW	Donor AJKQ118:L TCRab CD8ab MAIT	1
CSARDHGRESYNEQFF	TRBV20-1	TRBJ2-1	CAVMDSNYQLIW	Donor AJKQ118:L TCRab CD8ab MAIT	1
CASTRLGNTEAFF	TRBV28	TRBJ1-1	CAPTLGNVLHC	Donor AJKQ118:L TCRab CD8ab MAIT	1
CASSPREGTGNTEAFF	TRBV4-2	TRBJ1-1	CAVRDSNYQLIW	Donor AJKQ118:L TCRab CD8ab MAIT	1
CASSQDLAGYEQYF	TRBV4-3	TRBJ2-7	CAVRDSNYQLIW	Donor AJKQ118:L TCRab CD8ab MAIT	1
CASSEEAGGYNEQFF	TRBV6-1	TRBJ2-1	CAVRDSNYQLIW	Donor AJKQ118:L TCRab CD8ab MAIT	2
CASSDLAGAHNEQFF	TRBV6-1	TRBJ2-1	CAVSDGDYKLSF	Donor AJKQ118:L TCRab CD8ab MAIT	1
CASSYQDTGELFF	TRBV6-2	TRBJ2-2	CAGMDSNYQLIW	Donor AJKQ118:L TCRab CD8ab MAIT	1
CASSSGLATGELFF	TRBV6-2	TRBJ2-2	CAVGDSNYQLIW	Donor AJKQ118:L TCRab CD8ab MAIT	1
CASSYRDNTEAFF	TRBV6-2	TRBJ1-1	CAVMDSNYQLIW	Donor AJKQ118:L TCRab CD8ab MAIT	1
CASSYSREGNEQFF	TRBV6-2	TRBJ2-1	CAVMDSNYQLIW	Donor AJKQ118:L TCRab CD8ab MAIT	1
CASSDLAGEGNEQFF	TRBV6-4	TRBJ2-1	CAVEDSSYKLIF	Donor AJKQ118:L TCRab CD8ab MAIT	3
CASSLAGNEQFF	TRBV12-4	TRBJ2-1	CAVRFDSGYALNF	Donor AJKQ118:L TCRab CD8ab Naive/TCM	2
CASSIGTGNSPLHF	TRBV28	TRBJ1-6	CAVKGTGRRALTF	Donor AJKQ118:L TCRab CD8ab Naive/TCM	1
CSAERRDRSYNEQFF	TRBV29-1	TRBJ2-1	CAVRFDSGYALNF	Donor AJKQ118:L TCRab CD8ab Naive/TCM	1
CSAGVGGRRGTDTQYF	TRBV20-1	TRBJ2-3	CAMSGNQAGTALIF	Donor AJKQ118:L TCRab CD8ab Naive/TCM	1
CSARGGASETYEQYF	TRBV20-1	TRBJ2-7	CAMSPNNDMRF	Donor AJKQ118:L TCRab CD8ab Naive/TCM	1
CASSLSKSREQYF	TRBV27	TRBJ2-7	CAMSLDTDKLIF	Donor AJKQ118:L TCRab CD8ab Naive/TCM	1
CSVESGAGANVLTF	TRBV29-1	TRBJ2-6	CAMRSNYQLIW	Donor AJKQ118:L TCRab CD8ab Naive/TCM	2
CASSERTTGPQETQYF	TRBV10-1	TRBJ2-5	CAMRSTAGGTSYGKLTF	Donor AJKQ118:L TCRab CD8ab Naive/TCM	1
CSAIPWTGANTEAFF	TRBV20-1	TRBJ1-1	CALRYGSNYQLIW	Donor AJKQ118:L TCRab CD8ab Naive/TCM	1
CASSLVVGVLHYEQYF	TRBV11-2	TRBJ2-7	CATGELKLTF	Donor AJKQ118:L TCRab CD8ab Naive/TCM	2
CASRPRTGNTEAFF	TRBV6-4	TRBJ1-1	CATDAGRGSQGNLIF	Donor AJKQ118:L TCRab CD8ab Naive/TCM	1
CSARDFPEQFF	TRBV20-1	TRBJ2-1	CALSEAGTGNQFYF	Donor AJKQ118:L TCRab CD8ab Naive/TCM	1
CASRTGTGATLSYNEQFF	TRBV27	TRBJ2-1	CALSTLTGGGNKLTF	Donor AJKQ118:L TCRab CD8ab Naive/TCM	1
CASSLEWQGRAATSYEQYF	TRBV5-1	TRBJ2-7	CALFDPGAGSYQLTF	Donor AJKQ118:L TCRab CD8ab Naive/TCM	1
CASSQVKAGVLETGELFF	TRBV4-1	TRBJ2-2	CAVGGGATNKLIF	Donor AJKQ118:L TCRab CD8ab Naive/TCM	1
CASSRGTASSQPQHF	TRBV4-1	TRBJ1-5	CAVLEGRRALTF	Donor AJKQ118:L TCRab CD8ab Naive/TCM	1
CASSVGLYSTDTQYF	TRBV9	TRBJ2-3	CAVGGTGSGGYQKVTF	Donor AJKQ118:L TCRab CD8ab Naive/TCM	1
CSARPSGRATGELFF	TRBV20-1	TRBJ2-2	CAVGGAAGNKLTF	Donor AJKQ118:L TCRab CD8ab Naive/TCM	1
CSASPAGLNEQFF	TRBV20-1	TRBJ2-1	CAVVSAAGNKLTF	Donor AJKQ118:L TCRab CD8ab Naive/TCM	1
CATSDHGTSGRDEQYF	TRBV24-1	TRBJ2-7	CAFITGFSDGQKLLF	Donor AJKQ118:L TCRab CD8ab Naive/TCM	1
CASSETGVLYGYTF	TRBV28	TRBJ1-2	CAFHNAGNMLTF	Donor AJKQ118:L TCRab CD8ab Naive/TCM	1
CSATPSSYNSPLHF	TRBV20-1	TRBJ1-6	CIAIIQGAQKLVF	Donor AJKQ118:L TCRab CD8ab Naive/TCM	1
CSAIQGTGGVEQFF	TRBV20-1	TRBJ2-1	CILRDRGSQGNLIF	Donor AJKQ118:L TCRab CD8ab Naive/TCM	1
CSVETGYGYTF	TRBV29-1	TRBJ1-2	CILRSNYQLIW	Donor AJKQ118:L TCRab CD8ab Naive/TCM	1
CSAGTVTNYGYTF	TRBV20-1	TRBJ1-2	CAANGNQFYF	Donor AJKQ118:L TCRab CD8ab Naive/TCM	1
CSARDVRGAWEKLFF	TRBV20-1	TRBJ1-4	CAASGGSQGNLIF	Donor AJKQ118:L TCRab CD8ab Naive/TCM	1
CASSYSGSGNTIYF	TRBV6-5	TRBJ1-3	CGTDSGNTPLVF	Donor AJKQ118:L TCRab CD8ab Naive/TCM	1
CASSLNAGELFF	TRBV11-2	TRBJ2-2	CACNPTGKLIF	Donor AJKQ118:L TCRab CD8ab Naive/TCM	1
CASKYEGYTQYF	TRBV2	TRBJ2-3	CAPSFTGNQFYF	Donor AJKQ118:L TCRab CD8ab Naive/TCM	3
CSAFPGTGIGDEKLFF	TRBV20-1	TRBJ1-4	CAFRTYTGTASKLTF	Donor AJKQ118:L TCRab CD8ab Naive/TCM	5
CASSLPNYEQYF	TRBV28	TRBJ2-7	CAYRITGNQFYF	Donor AJKQ118:L TCRab CD8ab Naive/TCM	1
CASAWGAFTGELFF	TRBV4-1	TRBJ2-2	CAYRQGAQKLVF	Donor AJKQ118:L TCRab CD8ab Naive/TCM	2
CASGTLAKNIQYF	TRBV6-1	TRBJ2-4	CAYAGTGNQFYF	Donor AJKQ118:L TCRab CD8ab Naive/TCM	1
CASSLGSYYEQYF	TRBV7-9	TRBJ2-7	CAFVPPGNTPLVF	Donor AJKQ118:L TCRab CD8ab Naive/TCM	1
CSASGQPNTEAFF	TRBV20-1	TRBJ1-1	CVVIPYSSASKIIF	Donor AJKQ118:L TCRab CD8ab Naive/TCM	1
CASKYEGYTQYF	TRBV2	TRBJ2-3	CAAHAPTGNQFYF	Donor AJKQ118:L TCRab CD8ab Naive/TCM	1
CSAPDAGTGTEAFF	TRBV20-1	TRBJ1-1	CAVSEGTSYGKLTF	Donor AJKQ118:L TCRab CD8ab Naive/TCM	1
CASSQVKAGVLETGELFF	TRBV4-1	TRBJ2-2	CAVRGQNFVF	Donor AJKQ118:L TCRab CD8ab TRM	1
CASSRGRGSNTGELFF	TRBV10-1	TRBJ2-2	CAGLDSNYQLIW	Donor AJKQ118:L TCRab CD8ab TRM	1
CASTRLGNTEAFF	TRBV28	TRBJ1-1	CAPTLGNVLHC	Donor AJKQ118:L TCRab CD8ab TRM	1
CSVGQGDRGEQYF	TRBV29-1	TRBJ2-7	CAVGDSNYQLIW	Donor AJKQ118:L TCRab CD8ab TRM	1
CASSPTGGSGANVLTF	TRBV4-2	TRBJ2-6	CAVRDSNYQLIW	Donor AJKQ118:L TCRab CD8ab TRM	1
CASSYQDTGELFF	TRBV6-2	TRBJ2-2	CAGMDSNYQLIW	Donor AJKQ118:L TCRab CD8ab TRM	2
CASSLTGTESYEQYF	TRBV6-2	TRBJ2-7	CAVTDSNYQLIW	Donor AJKQ118:L TCRab CD8ab TRM	1
CASSLARGVWDRTYEQYF	TRBV7-9	TRBJ2-7	CAVGLGGSQGNLIF	Donor AJKQ118:L TCRab CD8ab TRM	3
CASSVDGSNQPQHF	TRBV9	TRBJ1-5	CAVRDPNMIKAAGNKLTF	Donor AJKQ118:L TCRab CD8ab TRM	1
CASSKGGPYNEQFF	TRBV19	TRBJ2-1	CVVRGNAGNMLTF	Donor AJKQ118:L TCRab CD8ab TRM	2
CASSEGGAGGYEQYF	TRBV2	TRBJ2-7	CVVSAKSNDYKLSF	Donor AJKQ118:L TCRab CD8ab TRM	3
CASSWRGQGQPQHF	TRBV5-6	TRBJ1-5	CVVSPWYPNFGNEKLTF	Donor AJKQ118:L TCRab CD8ab TRM	8
CASNKAPVYNQPQHF	TRBV6-6	TRBJ1-5	CVVPVESGGSYIPTF	Donor AJKQ118:L TCRab CD8ab TRM	1
CASSLGSQGFTGELFF	TRBV11-2	TRBJ2-2	CVVRPGSNDYKLSF	Donor AJKQ118:L TCRab CD8ab TRM	1
CASSSRWGSNQPQHF	TRBV12-3	TRBJ1-5	CVVNGYTGNQFYF	Donor AJKQ118:L TCRab CD8ab TRM	1
CATAGTGEQPQHF	TRBV2	TRBJ1-5	CVVNDYKLSF	Donor AJKQ118:L TCRab CD8ab TRM	2
CASTRDSSNEQFF	TRBV27	TRBJ2-1	CVVNPPNFNKFYF	Donor AJKQ118:L TCRab CD8ab TRM	1
CATVKGDSGANVLTF	TRBV28	TRBJ2-6	CVVTNQAGTALIF	Donor AJKQ118:L TCRab CD8ab TRM	1
CASSPQSTGAYQPQHF	TRBV3-1	TRBJ1-5	CVVNDYKLSF	Donor AJKQ118:L TCRab CD8ab TRM	7
CASRPVYQETQYF	TRBV5-1	TRBJ2-5	CVVTWAGNMLTF	Donor AJKQ118:L TCRab CD8ab TRM	2
CASTLGGGQETQYF	TRBV5-8	TRBJ2-5	CVVNILTGGFKTIF	Donor AJKQ118:L TCRab CD8ab TRM	2
CASSYGSSGNTEAFF	TRBV6-2	TRBJ1-1	CVVRGAAGNKLTF	Donor AJKQ118:L TCRab CD8ab TRM	1
CASSEQGAPNEKLFF	TRBV6-5	TRBJ1-4	CVVNSDGYNKLIF	Donor AJKQ118:L TCRab CD8ab TRM	1
CASSFPSGANVLTF	TRBV7-9	TRBJ2-6	CVVNMASGGSYIPTF	Donor AJKQ118:L TCRab CD8ab TRM	1
CASSEGISYEQYF	TRBV10-1	TRBJ2-7	CAVKKENTPLVF	Donor AJKQ118:L TCRab CD8ab TRM	1
CAISESMGSPLHF	TRBV10-3	TRBJ1-6	CAVDDMRF	Donor AJKQ118:L TCRab CD8ab TRM	13
CASSLEQGGIVNEQFF	TRBV11-3	TRBJ2-1	CAVKGTGGSEKLVF	Donor AJKQ118:L TCRab CD8ab TRM	3
CASSLAGNEQFF	TRBV12-4	TRBJ2-1	CAVRFDSGYALNF	Donor AJKQ118:L TCRab CD8ab TRM	20
CASSEEGRLSYGYTF	TRBV2	TRBJ1-2	CAVLNQAGTALIF	Donor AJKQ118:L TCRab CD8ab TRM	1
CASSIGTGNSPLHF	TRBV28	TRBJ1-6	CAVKGTGRRALTF	Donor AJKQ118:L TCRab CD8ab TRM	2
CASSQRGSYGYTF	TRBV3-1	TRBJ1-2	CAVILTGANNLFF	Donor AJKQ118:L TCRab CD8ab TRM	1
CAWSVTLSYNSPLHF	TRBV30	TRBJ1-6	CAGTGRALTF	Donor AJKQ118:L TCRab CD8ab TRM	1
CAWSDRDNQPQHF	TRBV30	TRBJ1-5	CGTGTASKLTF	Donor AJKQ118:L TCRab CD8ab TRM	1
CASSWRDSSTGELFF	TRBV5-1	TRBJ2-2	CAALLLTGGGNKLTF	Donor AJKQ118:L TCRab CD8ab TRM	1
CASSLEGQGGQPQHF	TRBV5-1	TRBJ1-5	CAVKAQAGSARQLTF	Donor AJKQ118:L TCRab CD8ab TRM	1
CASSVITEAFF	TRBV6-1	TRBJ1-1	CAVALNSGGYQKVTF	Donor AJKQ118:L TCRab CD8ab TRM	1
CASSDSGNTGELFF	TRBV6-4	TRBJ2-2	CAICQTGGFKTIF	Donor AJKQ118:L TCRab CD8ab TRM	1
CASSSTENYGYTF	TRBV7-9	TRBJ1-2	CAVLISGGYNKLIF	Donor AJKQ118:L TCRab CD8ab TRM	1
CASGTTDSDTQYF	TRBV7-9	TRBJ2-3	CAVNRNDYKLSF	Donor AJKQ118:L TCRab CD8ab TRM	1
CASSSQGRNTEAFF	TRBV7-9	TRBJ1-1	CAVVTAGANNLFF	Donor AJKQ118:L TCRab CD8ab TRM	10
CASSEPGNTGELFF	TRBV10-1	TRBJ2-2	CAMSVNDKLIF	Donor AJKQ118:L TCRab CD8ab TRM	1
CASSEAGYTGELFF	TRBV10-1	TRBJ2-2	CAMSVSDKIIF	Donor AJKQ118:L TCRab CD8ab TRM	1
CASSLSGNAYEQYF	TRBV13	TRBJ2-7	CAVNNNAGNMLTF	Donor AJKQ118:L TCRab CD8ab TRM	1
CASSPLGGNTEAFF	TRBV18	TRBJ1-1	CAMSAAGSQGNLIF	Donor AJKQ118:L TCRab CD8ab TRM	2
CASSMNRDRVAEAFF	TRBV19	TRBJ1-1	CALTGTYKYIF	Donor AJKQ118:L TCRab CD8ab TRM	2
CASRVRSAGEQFF	TRBV19	TRBJ2-1	CAMSGPVQGAQKLVF	Donor AJKQ118:L TCRab CD8ab TRM	1
CASSLTGSFYSNQPQHF	TRBV2	TRBJ1-5	CALVANQAGTALIF	Donor AJKQ118:L TCRab CD8ab TRM	2
CSAETEPWDTQYF	TRBV20-1	TRBJ2-3	CAMTINTGNQFYF	Donor AJKQ118:L TCRab CD8ab TRM	2
CASRGTGGWVNTEAFF	TRBV25-1	TRBJ1-1	CAMSVGGGTSYGKLTF	Donor AJKQ118:L TCRab CD8ab TRM	1
CASSQGQGYQETQYF	TRBV27	TRBJ2-5	CAINTNAGKSTF	Donor AJKQ118:L TCRab CD8ab TRM	1
CASSSGQGKQETQYF	TRBV27	TRBJ2-5	CAINTNAGKSTF	Donor AJKQ118:L TCRab CD8ab TRM	10
CASSSGRDQQETQYF	TRBV27	TRBJ2-5	CAINTNAGKSTF	Donor AJKQ118:L TCRab CD8ab TRM	1
CASNPGDSGLNEQFF	TRBV5-1	TRBJ2-1	CAIRGGSNYKLTF	Donor AJKQ118:L TCRab CD8ab TRM	1
CASSNGLAGVNEQFF	TRBV5-8	TRBJ2-1	CAMIGAGGTSYGKLTF	Donor AJKQ118:L TCRab CD8ab TRM	1
CASSIAGGRQETQYF	TRBV5-8	TRBJ2-5	CAMSAASNTGKLIF	Donor AJKQ118:L TCRab CD8ab TRM	10
CASSTGGVKNEQFF	TRBV9	TRBJ2-1	CAMSARPTDTGRRALTF	Donor AJKQ118:L TCRab CD8ab TRM	1
CAISPGTVNTEAFF	TRBV11-1	TRBJ1-1	CAASKGGTYKYIF	Donor AJKQ118:L TCRab CD8ab TRM	1
CASSLGSQGFTGELFF	TRBV11-2	TRBJ2-2	CAATDSGGYQKVTF	Donor AJKQ118:L TCRab CD8ab TRM	1
CASSSRGGTGELFF	TRBV11-3	TRBJ2-2	CAGGGGGGNKLTF	Donor AJKQ118:L TCRab CD8ab TRM	1
CASSSVQETQYF	TRBV12-3	TRBJ2-5	CAASGMGGGADGLTF	Donor AJKQ118:L TCRab CD8ab TRM	1
CSARTQGADNQPQHF	TRBV20-1	TRBJ1-5	CAASGGSYIPTF	Donor AJKQ118:L TCRab CD8ab TRM	1
CSARVMNTEAFF	TRBV20-1	TRBJ1-1	CAASWGGNKLTF	Donor AJKQ118:L TCRab CD8ab TRM	1
CASSSQGQSAGANVLTF	TRBV27	TRBJ2-6	CAASREGLTGGGNKLTF	Donor AJKQ118:L TCRab CD8ab TRM	1
CAWSVLGQGTYEQYY	TRBV30	TRBJ2-7	CAASSWGASGGYQKVTF	Donor AJKQ118:L TCRab CD8ab TRM	1
CATGTGLNTEAFF	TRBV5-1	TRBJ1-1	CAAQGGGFGNVLHC	Donor AJKQ118:L TCRab CD8ab TRM	2
CASSLGAPYEQYF	TRBV5-5	TRBJ2-7	CAASSVNRLRQKVTF	Donor AJKQ118:L TCRab CD8ab TRM	1
CATAPDAFLGEKLFF	TRBV6-5	TRBJ1-4	CAARRGNAGNMLTF	Donor AJKQ118:L TCRab CD8ab TRM	1
CASTPGLAGQETQYF	TRBV6-5	TRBJ2-5	CAASSSPQFYF	Donor AJKQ118:L TCRab CD8ab TRM	2
CASSPGVRQPQHF	TRBV7-2	TRBJ1-5	CAAHRGRLAF	Donor AJKQ118:L TCRab CD8ab TRM	1
CASGRSGSETQYF	TRBV9	TRBJ2-5	CAASTNDYKLSF	Donor AJKQ118:L TCRab CD8ab TRM	1
CASSLARGQNYGYTF	TRBV12-4	TRBJ1-2	CAVYSGQNFVF	Donor AJKQ118:L TCRab CD8ab TRM	3
CASSRDRAQEQYF	TRBV18	TRBJ2-7	CAESLDTGRRALTF	Donor AJKQ118:L TCRab CD8ab TRM	1
CASRGRALTEAFF	TRBV19	TRBJ1-1	CAETVAGSARQLTF	Donor AJKQ118:L TCRab CD8ab TRM	1
CSAGIRSPDTQYF	TRBV20-1	TRBJ2-3	CAVSATGNQFYF	Donor AJKQ118:L TCRab CD8ab TRM	1
CASSSPPGAQHF	TRBV7-2	TRBJ1-5	CAENILEYGNKLVF	Donor AJKQ118:L TCRab CD8ab TRM	1
CASSVRGDTEAFF	TRBV9	TRBJ1-1	CAEKARNYGQNFVF	Donor AJKQ118:L TCRab CD8ab TRM	4
CASSERTTGPQETQYF	TRBV10-1	TRBJ2-5	CAMRSTAGGTSYGKLTF	Donor AJKQ118:L TCRab CD8ab TRM	1
CASSLEQGAINEQFF	TRBV11-3	TRBJ2-1	CAIYNTDKLIF	Donor AJKQ118:L TCRab CD8ab TRM	1
CASSHLGNEQFF	TRBV12-4	TRBJ2-1	CAMRVPDSNYQLIW	Donor AJKQ118:L TCRab CD8ab TRM	1
CASSLRQGGNTGELFF	TRBV12-4	TRBJ2-2	CAMSYYNQGGKLIF	Donor AJKQ118:L TCRab CD8ab TRM	1
CASSQTGGAYNEQFF	TRBV19	TRBJ2-1	CAMSERSLMEYGNKLVF	Donor AJKQ118:L TCRab CD8ab TRM	1
CASSESGDGSSYEQYF	TRBV2	TRBJ2-7	CAMILFITGNQFYF	Donor AJKQ118:L TCRab CD8ab TRM	1
CSASTSAGVNNQPQHF	TRBV20-1	TRBJ1-5	CAMREKAGGGNKLTF	Donor AJKQ118:L TCRab CD8ab TRM	1
CSGGGSLSYNEQFF	TRBV20-1	TRBJ2-1	CAMREKGTGNQFYF	Donor AJKQ118:L TCRab CD8ab TRM	1
CSARDRGIYGYTF	TRBV20-1	TRBJ1-2	CAMRESGTGNQFYF	Donor AJKQ118:L TCRab CD8ab TRM	1
CSARPGDTEAFF	TRBV20-1	TRBJ1-1	CAMREVFKAAGNKLTF	Donor AJKQ118:L TCRab CD8ab TRM	2
CSAPRLRNVNTEAFF	TRBV20-1	TRBJ1-1	CAMRGDSNFGNEKLTF	Donor AJKQ118:L TCRab CD8ab TRM	1
CASSFGGSGYTF	TRBV27	TRBJ1-2	CGGSNYKLTF	Donor AJKQ118:L TCRab CD8ab TRM	3
CASSPGPHVYNEQFF	TRBV28	TRBJ2-1	CAMRENRDDKIIF	Donor AJKQ118:L TCRab CD8ab TRM	1
CASSEARAGGGQPQHF	TRBV6-1	TRBJ1-5	CAMREGGTGGFKTIF	Donor AJKQ118:L TCRab CD8ab TRM	1
CASSQTSGPYNEQFF	TRBV7-2	TRBJ2-1	CAMRERGGSTLGRLYF	Donor AJKQ118:L TCRab CD8ab TRM	1
CASSPGTELNTEAFF	TRBV7-2	TRBJ1-1	CAMRGTRANQGGKLIF	Donor AJKQ118:L TCRab CD8ab TRM	5
CASSPGLAGLSGANVLTF	TRBV7-6	TRBJ2-6	CAMVGAGGTSYGKLTF	Donor AJKQ118:L TCRab CD8ab TRM	1
CASSTRTGGSYEQYF	TRBV13	TRBJ2-7	CALSGRDFGNEKLTF	Donor AJKQ118:L TCRab CD8ab TRM	1
CASSDTGIGSYEQYF	TRBV4-1	TRBJ2-7	CALRYGGTSYGKLTF	Donor AJKQ118:L TCRab CD8ab TRM	1
CASSFSGTRGDTQYF	TRBV5-1	TRBJ2-3	CALIDQGAQKLVF	Donor AJKQ118:L TCRab CD8ab TRM	1
CASSYSPIGGGYTF	TRBV6-5	TRBJ1-2	CALFSAGTYKYIF	Donor AJKQ118:L TCRab CD8ab TRM	1
CASSRQVLAKNIQYF	TRBV7-9	TRBJ2-4	CAPHYSGAGSYQLTF	Donor AJKQ118:L TCRab CD8ab TRM	1
CASSLAGYRGYTF	TRBV7-9	TRBJ1-2	CAPLFISNFGNEKLTF	Donor AJKQ118:L TCRab CD8ab TRM	1
CASSLVVGVLHYEQYF	TRBV11-2	TRBJ2-7	CATGELKLTF	Donor AJKQ118:L TCRab CD8ab TRM	10
CASSLEQGDYNEQFF	TRBV11-3	TRBJ2-1	CATESGATNKLIF	Donor AJKQ118:L TCRab CD8ab TRM	1
CASSLMAPEAFF	TRBV12-3	TRBJ1-1	CATAFSSGGSYIPTF	Donor AJKQ118:L TCRab CD8ab TRM	1
CASSFGSSYNEQFF	TRBV12-4	TRBJ2-1	CATDADNNARLMF	Donor AJKQ118:L TCRab CD8ab TRM	1
CASSVQVATEAFF	TRBV19	TRBJ1-1	CATDGGYQKVTF	Donor AJKQ118:L TCRab CD8ab TRM	1
CASTGPGYEQYF	TRBV2	TRBJ2-7	CATDDIRSGGSNYKLTF	Donor AJKQ118:L TCRab CD8ab TRM	1
CSATRYGLAGDEQYF	TRBV20-1	TRBJ2-7	CAPSGYNKLIF	Donor AJKQ118:L TCRab CD8ab TRM	1
CSARDRSPATSTDTQYF	TRBV20-1	TRBJ2-3	CATDPGRRALTF	Donor AJKQ118:L TCRab CD8ab TRM	1
CSAKMGGQPQHF	TRBV20-1	TRBJ1-5	CATEREGAQKLVF	Donor AJKQ118:L TCRab CD8ab TRM	1
CSARGRWINNTGELFF	TRBV20-1	TRBJ2-2	CATSTSYGKLTF	Donor AJKQ118:L TCRab CD8ab TRM	1
CSAPVPVNLGKGTDTQYF	TRBV20-1	TRBJ2-3	CATTAGAGKSTF	Donor AJKQ118:L TCRab CD8ab TRM	1
CSASRLGTGTDTQYF	TRBV20-1	TRBJ2-3	CATVRGAAGNKLTF	Donor AJKQ118:L TCRab CD8ab TRM	1
CASSAWVGNLGQPQHF	TRBV27	TRBJ1-5	CATAQRGSQGNLIF	Donor AJKQ118:L TCRab CD8ab TRM	1
CASSNTAYTEAFF	TRBV28	TRBJ1-1	CATVGGQNFVF	Donor AJKQ118:L TCRab CD8ab TRM	1
CASSPLASVNTGELFF	TRBV3-1	TRBJ2-2	CATANTGTASKLTF	Donor AJKQ118:L TCRab CD8ab TRM	1
CASSGRGGDEQYF	TRBV3-1	TRBJ2-7	CATDRGGGNKLTF	Donor AJKQ118:L TCRab CD8ab TRM	3
CAWAAWGASLFF	TRBV30	TRBJ2-1	CATDAGPPPGANNLFF	Donor AJKQ118:L TCRab CD8ab TRM	1
CASSWTGTGGYNEQFF	TRBV5-1	TRBJ2-1	CATFNQGGKLIF	Donor AJKQ118:L TCRab CD8ab TRM	2
CASTHRPTRPQHF	TRBV6-1	TRBJ1-5	CATDAGTGNQFYF	Donor AJKQ118:L TCRab CD8ab TRM	7
CASSELRINTEAFF	TRBV6-1	TRBJ1-1	CATPAGAGYSTLTF	Donor AJKQ118:L TCRab CD8ab TRM	1
CASRPRTGNTEAFF	TRBV6-4	TRBJ1-1	CATDAGRGSQGNLIF	Donor AJKQ118:L TCRab CD8ab TRM	1
CASSRRDFNSDSPLHF	TRBV7-8	TRBJ1-6	CATAYPGYSTLTF	Donor AJKQ118:L TCRab CD8ab TRM	1
CASSHDQAPIGELFF	TRBV7-8	TRBJ2-2	CATPGGNEKLTF	Donor AJKQ118:L TCRab CD8ab TRM	1
CASSFSKGRETQYF	TRBV7-9	TRBJ2-5	CATAGTGANNLFF	Donor AJKQ118:L TCRab CD8ab TRM	1
CASRTGTGATLSYNEQFF	TRBV27	TRBJ2-1	CALSTLTGGGNKLTF	Donor AJKQ118:L TCRab CD8ab TRM	1
CASSPGVTNEKLFF	TRBV18	TRBJ1-4	CALILTSGTYKYIF	Donor AJKQ118:L TCRab CD8ab TRM	2
CSARDFPEQFF	TRBV20-1	TRBJ2-1	CALSEAGTGNQFYF	Donor AJKQ118:L TCRab CD8ab TRM	4
CSASWGSGSPYEQYF	TRBV20-1	TRBJ2-7	CALSEAWGGSEKLVF	Donor AJKQ118:L TCRab CD8ab TRM	1
CASSFRGAFTDTQYF	TRBV27	TRBJ2-3	CALRLYQEGYSTLTF	Donor AJKQ118:L TCRab CD8ab TRM	1
CASSLSPQSGLAGVNEQFF	TRBV27	TRBJ2-1	CALSEAGFGNEKLTF	Donor AJKQ118:L TCRab CD8ab TRM	1
CASRTGTGATLSYNEQFF	TRBV27	TRBJ2-1	CALSTLTGGGNKLTF	Donor AJKQ118:L TCRab CD8ab TRM	1
CAWSKDMKNSMNTEAFF	TRBV30	TRBJ1-1	CALSEITDSWGKLQF	Donor AJKQ118:L TCRab CD8ab TRM	1
CASSLGFEAFF	TRBV5-1	TRBJ1-1	CALSEVSSGSARQLTF	Donor AJKQ118:L TCRab CD8ab TRM	2
CASSGQGGNQPQHF	TRBV6-1	TRBJ1-5	CALSEVSAGFGNVLHC	Donor AJKQ118:L TCRab CD8ab TRM	4
CASSEAAGKDYGYTF	TRBV6-1	TRBJ1-2	CALSQKYQGGKLIF	Donor AJKQ118:L TCRab CD8ab TRM	1
CASSTKGGGELFF	TRBV6-2	TRBJ2-2	CALSEALTKFSVTDKLIF	Donor AJKQ118:L TCRab CD8ab TRM	5
CSAPTGAGTEAFF	TRBV20-1	TRBJ1-1	CAVHGSSNTGKLIF	Donor AJKQ118:L TCRab CD8ab TRM	1
CASSPQRAGPYNEQFF	TRBV18	TRBJ2-1	CAVQDSFRDDKIIF	Donor AJKQ118:L TCRab CD8ab TRM	1
CASSLGGRAIGETQYF	TRBV28	TRBJ2-5	CAAINAGNMLTF	Donor AJKQ118:L TCRab CD8ab TRM	1
CASSPQGGIQPQHF	TRBV3-1	TRBJ1-5	CAVRPAGSEKLVF	Donor AJKQ118:L TCRab CD8ab TRM	3
CASSQTSGSREQYF	TRBV4-3	TRBJ2-7	CAVQASGTYKYIF	Donor AJKQ118:L TCRab CD8ab TRM	1
CASSLTSTDTQYF	TRBV5-4	TRBJ2-3	CALYNFNKFYF	Donor AJKQ118:L TCRab CD8ab TRM	3
CASSSEVYGYTF	TRBV5-6	TRBJ1-2	CAVSGATNKLIF	Donor AJKQ118:L TCRab CD8ab TRM	1
CASSEIMGHRGAGDGYTF	TRBV6-5	TRBJ1-2	CAVRGPMIKAAGNKLTF	Donor AJKQ118:L TCRab CD8ab TRM	1
CASSRRVDTQYF	TRBV6-6	TRBJ2-3	CAVQASGNTPLVF	Donor AJKQ118:L TCRab CD8ab TRM	1
CASSSGPSNYGYTF	TRBV7-9	TRBJ1-2	CAVGGSQGNLIF	Donor AJKQ118:L TCRab CD8ab TRM	1
CASSERPGERRIVSGNTIYF	TRBV10-2	TRBJ1-3	CAASPHGWGKLQF	Donor AJKQ118:L TCRab CD8ab TRM	1
CASSILQASNQPQHF	TRBV19	TRBJ1-5	CAVNQAGTALIF	Donor AJKQ118:L TCRab CD8ab TRM	1
CASSMGVGGKLFF	TRBV19	TRBJ1-4	CAVPTTATGKLIF	Donor AJKQ118:L TCRab CD8ab TRM	1
CASSPDYFKTGELFF	TRBV2	TRBJ2-2	CAVSLNSGYSTLTF	Donor AJKQ118:L TCRab CD8ab TRM	1
CASSEDYYQETQYF	TRBV2	TRBJ2-5	CAVTEGAQKLVF	Donor AJKQ118:L TCRab CD8ab TRM	4
CSAPRSGLGNTEAFF	TRBV20-1	TRBJ1-1	CAVRPNDYKLSF	Donor AJKQ118:L TCRab CD8ab TRM	1
CSASPAGRTETQYF	TRBV20-1	TRBJ2-5	CAVRRNTNAGKSTF	Donor AJKQ118:L TCRab CD8ab TRM	1
CASSLAGAIDEQFF	TRBV28	TRBJ2-1	CAVRPNGQKLLF	Donor AJKQ118:L TCRab CD8ab TRM	3
CSVEDAGQLNYGYTF	TRBV29-1	TRBJ1-2	CAVHPGTYKYIF	Donor AJKQ118:L TCRab CD8ab TRM	1
CASSQGGVSPYGYTF	TRBV3-1	TRBJ1-2	CALGDDKVIF	Donor AJKQ118:L TCRab CD8ab TRM	1
CASSRGTASSQPQHF	TRBV4-1	TRBJ1-5	CAVLEGRRALTF	Donor AJKQ118:L TCRab CD8ab TRM	57
CASSSDSMNTEAFF	TRBV5-1	TRBJ1-1	CAVSSFSARLMF	Donor AJKQ118:L TCRab CD8ab TRM	1
CASSRTSEINEQFF	TRBV6-4	TRBJ2-1	CAVKKVRNQGGKLIF	Donor AJKQ118:L TCRab CD8ab TRM	1
CASESGTSGPKEQFF	TRBV7-9	TRBJ2-1	CAVRPYQTGGGADGLTF	Donor AJKQ118:L TCRab CD8ab TRM	4
CASSVGLYSTDTQYF	TRBV9	TRBJ2-3	CAVGGTGSGGYQKVTF	Donor AJKQ118:L TCRab CD8ab TRM	2
CSATAAGLYEQYF	TRBV20-1	TRBJ2-7	CAVNKAAGNKLTF	Donor AJKQ118:L TCRab CD8ab TRM	1
CAWSPHGDTEAFF	TRBV30	TRBJ1-1	CAVLYSNDYKLSF	Donor AJKQ118:L TCRab CD8ab TRM	1
CASSLDVQEAFF	TRBV5-4	TRBJ1-1	CAVEPNSGYSTLTF	Donor AJKQ118:L TCRab CD8ab TRM	1
CASSFGSQETQYF	TRBV11-2	TRBJ2-5	CAALLNTPLVF	Donor AJKQ118:L TCRab CD8ab TRM	1
CSARGQGDRQPQHF	TRBV20-1	TRBJ1-5	CAAIQNSGNTPLVF	Donor AJKQ118:L TCRab CD8ab TRM	1
CSAAELAGGYNEQFF	TRBV20-1	TRBJ2-1	CAASICPPSNNDMRF	Donor AJKQ118:L TCRab CD8ab TRM	1
CASSHGGSASYEQYF	TRBV4-3	TRBJ2-7	CAAETGTSYGKLTF	Donor AJKQ118:L TCRab CD8ab TRM	1
CASSITGGNTEAFF	TRBV5-1	TRBJ1-1	CAARLGFGNVLHC	Donor AJKQ118:L TCRab CD8ab TRM	1
CASSLQGAAETQYF	TRBV5-4	TRBJ2-5	CAAFDSGTYKYIF	Donor AJKQ118:L TCRab CD8ab TRM	2
CASSEGYGYTF	TRBV6-6	TRBJ1-2	CAAGPLEYGNKLVF	Donor AJKQ118:L TCRab CD8ab TRM	1
CASRGAGRYGYTF	TRBV7-9	TRBJ1-2	CAASAETSGSRLTF	Donor AJKQ118:L TCRab CD8ab TRM	1
CASSLDRGRETQYF	TRBV7-9	TRBJ2-5	CAASIVQGAQKLVF	Donor AJKQ118:L TCRab CD8ab TRM	2
CASRRDGSYGYTF	TRBV7-9	TRBJ1-2	CAATAETSGSRLTF	Donor AJKQ118:L TCRab CD8ab TRM	1
CASSPPGTVMNTEAFF	TRBV18	TRBJ1-1	CAFSNQAGTALIF	Donor AJKQ118:L TCRab CD8ab TRM	1
CASSPPGQAASDNEQFF	TRBV18	TRBJ2-1	CASTGSNDYKLSF	Donor AJKQ118:L TCRab CD8ab TRM	1
CATSDHGTSGRDEQYF	TRBV24-1	TRBJ2-7	CAFITGFSDGQKLLF	Donor AJKQ118:L TCRab CD8ab TRM	6
CASSETGVLYGYTF	TRBV28	TRBJ1-2	CAFHNAGNMLTF	Donor AJKQ118:L TCRab CD8ab TRM	6
CASSSTGTLDGYTF	TRBV28	TRBJ1-2	CAFHNAGNMLTF	Donor AJKQ118:L TCRab CD8ab TRM	1
CSASDSLRQYF	TRBV20-1	TRBJ2-7	CAGLSTSGTYKYIF	Donor AJKQ118:L TCRab CD8ab TRM	1
CASRFGQNTEAFF	TRBV28	TRBJ1-1	CAGPSGGTSYGKLTF	Donor AJKQ118:L TCRab CD8ab TRM	1
CASSTGLSPLHF	TRBV6-1	TRBJ1-6	CADSEGTYKYIF	Donor AJKQ118:L TCRab CD8ab TRM	1
CASRSGLAGADEQYF	TRBV11-2	TRBJ2-7	CIVRVAGYTGTASKLTF	Donor AJKQ118:L TCRab CD8ab TRM	1
CASRRQVQETQYF	TRBV12-3	TRBJ2-5	CIVSGRGGSNYKLTF	Donor AJKQ118:L TCRab CD8ab TRM	2
CASRGTETQYF	TRBV12-4	TRBJ2-5	CIVANAGGTSYGKLTF	Donor AJKQ118:L TCRab CD8ab TRM	1
CASSLGVGGANIQYF	TRBV12-4	TRBJ2-4	CIVANAGGTSYGKLTF	Donor AJKQ118:L TCRab CD8ab TRM	1
CASSRTGTETQYF	TRBV12-4	TRBJ2-5	CIVRVGAAGNKLTF	Donor AJKQ118:L TCRab CD8ab TRM	1
CSAPTLTNEKLFF	TRBV20-1	TRBJ1-4	CIVRAWAYGSSNTGKLIF	Donor AJKQ118:L TCRab CD8ab TRM	1
CSASSGAPDEQFF	TRBV20-1	TRBJ2-1	CIVRVAGYTGTASKLTF	Donor AJKQ118:L TCRab CD8ab TRM	2
CSARENQGAGEQYF	TRBV20-1	TRBJ2-7	CIVRVFAGGTSYGKLTF	Donor AJKQ118:L TCRab CD8ab TRM	1
CSARGGGGRTEAFF	TRBV20-1	TRBJ1-1	CIVRVPSDTGGFKTIF	Donor AJKQ118:L TCRab CD8ab TRM	1
CSASHNEQFF	TRBV20-1	TRBJ2-1	CTPEAAGNKLTF	Donor AJKQ118:L TCRab CD8ab TRM	1
CASSFTGQGGEKLFF	TRBV28	TRBJ1-4	CIVRVAGYGNNRLAF	Donor AJKQ118:L TCRab CD8ab TRM	1
CASSAAGTGIGEQFF	TRBV28	TRBJ2-1	CIVRVVGNTDKLIF	Donor AJKQ118:L TCRab CD8ab TRM	4
CASSLPRTDSGNTIYF	TRBV3-1	TRBJ1-3	CPAPGGYNKLIF	Donor AJKQ118:L TCRab CD8ab TRM	1
CAWSTAGGQPQHF	TRBV30	TRBJ1-5	CIVRVVGNTPLVF	Donor AJKQ118:L TCRab CD8ab TRM	4
CASSPLTGMGYEQYF	TRBV5-1	TRBJ2-7	CIVRVKIYNQGGKLIF	Donor AJKQ118:L TCRab CD8ab TRM	1
CASSLGLAGDQFF	TRBV5-1	TRBJ2-1	CIVRVRSGDQFYF	Donor AJKQ118:L TCRab CD8ab TRM	1
CASSYGSGANVLTF	TRBV6-5	TRBJ2-6	CIVRVAHGAGSYQLTF	Donor AJKQ118:L TCRab CD8ab TRM	1
CASIRTGLDYGYTF	TRBV7-9	TRBJ1-2	CIVRAGGNAGNMLTF	Donor AJKQ118:L TCRab CD8ab TRM	6
CASSRPRNGELFF	TRBV7-9	TRBJ2-2	CIVRAGGNAGNMLTF	Donor AJKQ118:L TCRab CD8ab TRM	1
CASSSRRYEQYF	TRBV7-9	TRBJ2-7	CIVRDDRDDKIIF	Donor AJKQ118:L TCRab CD8ab TRM	1
CASSFDYEQYF	TRBV7-9	TRBJ2-7	CIVSESFKTIF	Donor AJKQ118:L TCRab CD8ab TRM	1
CASSPRQGDTGELFF	TRBV9	TRBJ2-2	CIVRSPHLHSSGSARQLTF	Donor AJKQ118:L TCRab CD8ab TRM	1
CASTPRGLATGELFF	TRBV11-2	TRBJ2-2	CILRDERRGSQGNLIF	Donor AJKQ118:L TCRab CD8ab TRM	1
CASSLDREDEQYF	TRBV12-3	TRBJ2-7	CILRTSGTYKYIF	Donor AJKQ118:L TCRab CD8ab TRM	1
CASSIFGNSNQPQHF	TRBV19	TRBJ1-5	CILRGSGTYKYIF	Donor AJKQ118:L TCRab CD8ab TRM	1
CSVGRLRETQYF	TRBV29-1	TRBJ2-5	CILGGSQGNLIF	Donor AJKQ118:L TCRab CD8ab TRM	1
CASSQGGAQTQYF	TRBV3-1	TRBJ2-5	CILRDVRSGGSNYKLTF	Donor AJKQ118:L TCRab CD8ab TRM	1
CASSLQGTGELFF	TRBV5-1	TRBJ2-2	CILRGLGYQKVTF	Donor AJKQ118:L TCRab CD8ab TRM	1
CASSPGQTTEAFF	TRBV7-2	TRBJ1-1	CILRGRAGGTSYGKLTF	Donor AJKQ118:L TCRab CD8ab TRM	1
CASAPSGASTDTQYF	TRBV10-2	TRBJ2-3	CAVGYGQNFVF	Donor AJKQ118:L TCRab CD8ab TRM	2
CASSLVGVWQPQHF	TRBV12-3	TRBJ1-5	CAGENYGQNFVF	Donor AJKQ118:L TCRab CD8ab TRM	1
CASSQGAAQSTEAFF	TRBV18	TRBJ1-1	CAGRDSGYALNF	Donor AJKQ118:L TCRab CD8ab TRM	1
CASSMVSMDTQYF	TRBV19	TRBJ2-3	CAGPGGRLHGGSQGNLIF	Donor AJKQ118:L TCRab CD8ab TRM	1
CASTLDRGRYQPQHF	TRBV19	TRBJ1-5	CAGSEYGNKLVF	Donor AJKQ118:L TCRab CD8ab TRM	2
CASSERGGTGTEAFF	TRBV2	TRBJ1-1	CAGDLVTGANNLFF	Donor AJKQ118:L TCRab CD8ab TRM	1
CSVIFFRTAVSYEQYF	TRBV29-1	TRBJ2-7	CAGGYPGNQFYF	Donor AJKQ118:L TCRab CD8ab TRM	7
CASSLHSGTATYEQYF	TRBV6-5	TRBJ2-7	CAGVGVGTDKLIF	Donor AJKQ118:L TCRab CD8ab TRM	1
CASSLTSGLAGTPYEQYF	TRBV7-2	TRBJ2-7	CAGDNFGNEKLTF	Donor AJKQ118:L TCRab CD8ab TRM	1
CASSLFPGGEQYF	TRBV7-9	TRBJ2-7	CAGVTVVGNQGGKLIF	Donor AJKQ118:L TCRab CD8ab TRM	1
CASSPRGSGDGNEQFF	TRBV7-9	TRBJ2-1	CAGYLSGNTPLVF	Donor AJKQ118:L TCRab CD8ab TRM	1
CASSESEGFGYTF	TRBV10-1	TRBJ1-2	CAASDRGSQGNLIF	Donor AJKQ118:L TCRab CD8ab TRM	1
CASSPGQDYGYTF	TRBV11-2	TRBJ1-2	CAAFQGAQKLVF	Donor AJKQ118:L TCRab CD8ab TRM	1
CASSRGSQETQYF	TRBV11-2	TRBJ2-5	CAASGGSNYQLIW	Donor AJKQ118:L TCRab CD8ab TRM	1
CASSRGSQETQYF	TRBV11-2	TRBJ2-5	CAASGSNDYKLSF	Donor AJKQ118:L TCRab CD8ab TRM	2
CASSLGGLNTEAFF	TRBV12-4	TRBJ1-1	CALPTQGGSEKLVF	Donor AJKQ118:L TCRab CD8ab TRM	1
CASDQTGGVTNQPQHF	TRBV18	TRBJ1-5	CAASASSSNTGKLIF	Donor AJKQ118:L TCRab CD8ab TRM	1
CATGLEPSTGELFF	TRBV2	TRBJ2-2	CAARTSGNTPLVF	Donor AJKQ118:L TCRab CD8ab TRM	1
CSARAQGPSQPQHF	TRBV20-1	TRBJ1-5	CAASDERDDKIIF	Donor AJKQ118:L TCRab CD8ab TRM	1
CASRRWSSGSYEQYF	TRBV27	TRBJ2-7	CAASANTNAGKSTF	Donor AJKQ118:L TCRab CD8ab TRM	1
CASSLAGAIDEQFF	TRBV28	TRBJ2-1	CAASAKQGAQKLVF	Donor AJKQ118:L TCRab CD8ab TRM	5
CASSSGVVGNSPLHF	TRBV28	TRBJ1-6	CAASGGRRYGGSQGNLIF	Donor AJKQ118:L TCRab CD8ab TRM	10
CSVEDGERRGSEQYF	TRBV29-1	TRBJ2-7	CAASYRDDKIIF	Donor AJKQ118:L TCRab CD8ab TRM	1
CSVEGVAGDYEQYF	TRBV29-1	TRBJ2-7	CAATNGGTYKYIF	Donor AJKQ118:L TCRab CD8ab TRM	1
CASSHPDSLRTEQYF	TRBV3-1	TRBJ2-7	CAASASSNTGKLIF	Donor AJKQ118:L TCRab CD8ab TRM	2
CASSQEALDSSSSYNSPLHF	TRBV3-1	TRBJ1-6	CAGGASAGKAAGNKLTF	Donor AJKQ118:L TCRab CD8ab TRM	1
CASSLAYTRSGELFF	TRBV5-4	TRBJ2-2	CAANSGSNYQLIW	Donor AJKQ118:L TCRab CD8ab TRM	1
CASSFTGGAYEQYF	TRBV5-6	TRBJ2-7	CAASANSGGSNYKLTF	Donor AJKQ118:L TCRab CD8ab TRM	1
CASSGGSNSPLHF	TRBV6-5	TRBJ1-6	CAVENYNNNDMRF	Donor AJKQ118:L TCRab CD8ab TRM	2
CASSYEDFSYNEQFF	TRBV6-6	TRBJ2-1	CAAVGGGNKLTF	Donor AJKQ118:L TCRab CD8ab TRM	1
CASRTAPGQPQHF	TRBV6-6	TRBJ1-5	CAAVLSGAGSYQLTF	Donor AJKQ118:L TCRab CD8ab TRM	1
CASSLAGLGEQYF	TRBV7-2	TRBJ2-7	CAASEGSSNTGKLIF	Donor AJKQ118:L TCRab CD8ab TRM	1
CASSLAGLVGGGELFF	TRBV7-2	TRBJ2-2	CAAYGMDSSYKLIF	Donor AJKQ118:L TCRab CD8ab TRM	1
CASRHGGLNEKLFF	TRBV7-9	TRBJ1-4	CAARGSNTGNQFYF	Donor AJKQ118:L TCRab CD8ab TRM	1
CASSLAVAFF	TRBV7-9	TRBJ1-1	CAASTTGSARQLTF	Donor AJKQ118:L TCRab CD8ab TRM	1
CASSFQGVSVTEAFF	TRBV7-9	TRBJ1-1	CAATLLNAGGTSYGKLTF	Donor AJKQ118:L TCRab CD8ab TRM	1
CAISEGPQGTSSGANVLTF	TRBV10-3	TRBJ2-6	CAVRGFLDSNYQLIW	Donor AJKQ118:L TCRab CD8ab TRM	1
CASSLAEGGFTDTQYF	TRBV11-2	TRBJ2-3	CAVSLHGGFKTIF	Donor AJKQ118:L TCRab CD8ab TRM	1
CASRGDGYTF	TRBV2	TRBJ1-2	CAVRDWENAGNMLTF	Donor AJKQ118:L TCRab CD8ab TRM	2
CASKSGLNTGELFF	TRBV2	TRBJ2-2	CAVREGDNQGGKLIF	Donor AJKQ118:L TCRab CD8ab TRM	1
CSATPIGDNEQFF	TRBV20-1	TRBJ2-1	CAVRDMMDSNYQLIW	Donor AJKQ118:L TCRab CD8ab TRM	1
CASSRRGNTGELFF	TRBV4-3	TRBJ2-2	CAVRDGGAGSYQLTF	Donor AJKQ118:L TCRab CD8ab TRM	4
CASSLEYRPNSPLHF	TRBV5-1	TRBJ1-6	CAVREGNNARLMF	Donor AJKQ118:L TCRab CD8ab TRM	1
CASSYRDRASGNTIYF	TRBV5-6	TRBJ1-3	CAVRDYNNARLMF	Donor AJKQ118:L TCRab CD8ab TRM	2
CASSYSEVRAYEQYF	TRBV6-5	TRBJ2-7	CAVRDKVYGGSQGNLIF	Donor AJKQ118:L TCRab CD8ab TRM	1
CASSNRGTYEQYF	TRBV7-8	TRBJ2-7	CAVRRHNAGNMLTF	Donor AJKQ118:L TCRab CD8ab TRM	3
CASSQLQGAYVYEQYF	TRBV12-3	TRBJ2-7	CGTELKSTGNQFYF	Donor AJKQ118:L TCRab CD8ab TRM	1
CASSESGPQPQHF	TRBV19	TRBJ1-5	CGTSGAGSYQLTF	Donor AJKQ118:L TCRab CD8ab TRM	1
CASSPLASVNTGELFF	TRBV3-1	TRBJ2-2	CGTGGPQETSGSRLTF	Donor AJKQ118:L TCRab CD8ab TRM	1
CASSQDWGGNSYEQYF	TRBV4-2	TRBJ2-7	CGTESNSGAGSYQLTF	Donor AJKQ118:L TCRab CD8ab TRM	1
CASSILGQGAGYTF	TRBV12-3	TRBJ1-2	CGAPSGRSGGSNYKLTF	Donor AJKQ118:L TCRab CD8ab TRM	1
CSAQDRASNYGYTF	TRBV20-1	TRBJ1-2	CAGLASGYALNF	Donor AJKQ118:L TCRab CD8ab TRM	3
CASSWRGQGQPQHF	TRBV5-6	TRBJ1-5	CAGLHDYKLSF	Donor AJKQ118:L TCRab CD8ab TRM	1
CASSDQAGGGQFF	TRBV6-4	TRBJ2-1	CAGLMADKLIF	Donor AJKQ118:L TCRab CD8ab TRM	2
CASSTGTVNIQYF	TRBV6-6	TRBJ2-4	CAGQLEGSSNTGKLIF	Donor AJKQ118:L TCRab CD8ab TRM	1
CASSDQGAKGYEQYF	TRBV10-1	TRBJ2-7	CAITSGTYKYIF	Donor AJKQ118:L TCRab CD8ab TRM	1
CSALTRGGTNSYNEQFF	TRBV20-1	TRBJ2-1	CAVGRNSGGYQKVTF	Donor AJKQ118:L TCRab CD8ab TRM	1
CASSPLPKQGNEQFF	TRBV3-1	TRBJ2-1	CAVLSNFGNEKLTF	Donor AJKQ118:L TCRab CD8ab TRM	3
CASSLGDGIPQNREQYF	TRBV5-1	TRBJ2-7	CAGRALAGGTSYGKLTF	Donor AJKQ118:L TCRab CD8ab TRM	1
CASSSRTGAGETQYF	TRBV5-1	TRBJ2-5	CAVAFREKLVF	Donor AJKQ118:L TCRab CD8ab TRM	1
CASSVDSREAYEQYF	TRBV5-1	TRBJ2-7	CAVNSGGSNYKLTF	Donor AJKQ118:L TCRab CD8ab TRM	1
CASSYRAGVRETQYF	TRBV6-5	TRBJ2-5	CAQSRVSSGTYKYIF	Donor AJKQ118:L TCRab CD8ab TRM	2
CASSYRAGVRETQYF	TRBV6-5	TRBJ2-5	CAQTTLMDSNYQLIW	Donor AJKQ118:L TCRab CD8ab TRM	1
CASSRIRPLAGKGNEQFF	TRBV6-5	TRBJ2-1	CAVRHNTNAGKSTF	Donor AJKQ118:L TCRab CD8ab TRM	1
CASSVRAGTYNEQFF	TRBV9	TRBJ2-1	CAASLSDGQKLLF	Donor AJKQ118:L TCRab CD8ab TRM	1
CASSLNAGELFF	TRBV11-2	TRBJ2-2	CACNPTGKLIF	Donor AJKQ118:L TCRab CD8ab TRM	1
CASKYEGYTQYF	TRBV2	TRBJ2-3	CAPSFTGNQFYF	Donor AJKQ118:L TCRab CD8ab TRM	14
CSAFPGTGIGDEKLFF	TRBV20-1	TRBJ1-4	CAFRTYTGTASKLTF	Donor AJKQ118:L TCRab CD8ab TRM	8
CSARGVGTDTQYF	TRBV20-1	TRBJ2-3	CARYNFNKFYF	Donor AJKQ118:L TCRab CD8ab TRM	1
CAWSSSVDVETQYF	TRBV30	TRBJ2-5	CAFPPGNQFYF	Donor AJKQ118:L TCRab CD8ab TRM	8
CAWSTAEGIEQYF	TRBV30	TRBJ2-7	CAFTPFNNARLMF	Donor AJKQ118:L TCRab CD8ab TRM	1
CASSLGLAGFFTTDTQYF	TRBV5-1	TRBJ2-3	CALSEYSGGGADGLTF	Donor AJKQ118:L TCRab CD8ab TRM	1
CASSPGDGGNTIYF	TRBV5-6	TRBJ1-3	CASLSYNTDKLIF	Donor AJKQ118:L TCRab CD8ab TRM	1
CASSNAGAGGTYEQYF	TRBV6-1	TRBJ2-7	CAFMKQAGAGSYQLTF	Donor AJKQ118:L TCRab CD8ab TRM	5
CASSGGTTPNNEQFF	TRBV9	TRBJ2-1	CAFRGNTPLVF	Donor AJKQ118:L TCRab CD8ab TRM	2
CAISDSQVMGNQYF	TRBV10-3	TRBJ2-5	CAYGEGAQKLVF	Donor AJKQ118:L TCRab CD8ab TRM	1
CASSSSGRGTSLTEAFF	TRBV11-2	TRBJ1-1	CAYRGRGGGSQGNLIF	Donor AJKQ118:L TCRab CD8ab TRM	1
CASSQVFGLGGYEQYF	TRBV14	TRBJ2-7	CAYRSPNYGGSQGNLIF	Donor AJKQ118:L TCRab CD8ab TRM	1
CATSSWTDYNEQFF	TRBV15	TRBJ2-1	CAFLSGGSNYKLTF	Donor AJKQ118:L TCRab CD8ab TRM	1
CASSPSAGSREVGGYTF	TRBV18	TRBJ1-2	CAYRDSGGSNYKLTF	Donor AJKQ118:L TCRab CD8ab TRM	2
CASSPQGAGEQFF	TRBV18	TRBJ2-1	CAYRLSGGAQKLVF	Donor AJKQ118:L TCRab CD8ab TRM	1
CASSPGGNQPQHF	TRBV18	TRBJ1-5	CAYSKAGANSKLTF	Donor AJKQ118:L TCRab CD8ab TRM	1
CSASQDYGYEQYF	TRBV20-1	TRBJ2-7	CAYRSLSTDSWGKLQF	Donor AJKQ118:L TCRab CD8ab TRM	1
CASSDKPGLLNSPLHF	TRBV25-1	TRBJ1-6	CAYRSAGDYYGNKLVF	Donor AJKQ118:L TCRab CD8ab TRM	1
CASSLPNYEQYF	TRBV28	TRBJ2-7	CAYRITGNQFYF	Donor AJKQ118:L TCRab CD8ab TRM	5
CSVYRDRGGGTQYF	TRBV29-1	TRBJ2-5	CAFYSGSRLTF	Donor AJKQ118:L TCRab CD8ab TRM	1
CASAWGAFTGELFF	TRBV4-1	TRBJ2-2	CAYRQGAQKLVF	Donor AJKQ118:L TCRab CD8ab TRM	8
CASSQGGTDTGELFF	TRBV4-1	TRBJ2-2	CAYRWYGGATNKLIF	Donor AJKQ118:L TCRab CD8ab TRM	1
CASSQDAREQYF	TRBV4-2	TRBJ2-7	CACLENDYKLSF	Donor AJKQ118:L TCRab CD8ab TRM	2
CASSQKGGTEAFF	TRBV4-2	TRBJ1-1	CAYFIYNNAGNMLTF	Donor AJKQ118:L TCRab CD8ab TRM	1
CASGTLAKNIQYF	TRBV6-1	TRBJ2-4	CAYAGTGNQFYF	Donor AJKQ118:L TCRab CD8ab TRM	1
CASSTYGTSGSRSYTDTQYF	TRBV6-5	TRBJ2-3	CAYRSYNTDKLIF	Donor AJKQ118:L TCRab CD8ab TRM	1
CASRTGPGSYEQYF	TRBV7-2	TRBJ2-7	CAYRNLNTGNQFYF	Donor AJKQ118:L TCRab CD8ab TRM	1
CASSLWNYGYTF	TRBV7-8	TRBJ1-2	CAYRTEETSGSRLTF	Donor AJKQ118:L TCRab CD8ab TRM	1
CASSRLDGPEAEKLFF	TRBV7-9	TRBJ1-4	CASLSGGSNYKLTF	Donor AJKQ118:L TCRab CD8ab TRM	1
CASSLGWRDKGYTF	TRBV7-9	TRBJ1-2	CAYLKQDARLMF	Donor AJKQ118:L TCRab CD8ab TRM	3
CASSSRRYEQYF	TRBV7-9	TRBJ2-7	CAYQGGGADGLTF	Donor AJKQ118:L TCRab CD8ab TRM	6
CASSEGHRNEKLFF	TRBV7-9	TRBJ1-4	CAYRSAPNAGGTSYGKLTF	Donor AJKQ118:L TCRab CD8ab TRM	1
CASSLNEAAYEQYF	TRBV7-9	TRBJ2-7	CAYTFQRGSQGNLIF	Donor AJKQ118:L TCRab CD8ab TRM	1
CASSASLKDTQYF	TRBV9	TRBJ2-3	CAYRILFGNEKLTF	Donor AJKQ118:L TCRab CD8ab TRM	2
CAISPGSGNTIYF	TRBV10-3	TRBJ1-3	CAVGDNQGGKLIF	Donor AJKQ118:L TCRab CD8ab TRM	1
CASSRDYYGYTF	TRBV12-3	TRBJ1-2	CAVTRAGKSTF	Donor AJKQ118:L TCRab CD8ab TRM	1
CSARGRTIRSTGELFF	TRBV20-1	TRBJ2-2	CAVDGTGGQGNLIF	Donor AJKQ118:L TCRab CD8ab TRM	1
CASSPTSGNNEQFF	TRBV5-4	TRBJ2-1	CAVSRSYNNNDMRF	Donor AJKQ118:L TCRab CD8ab TRM	3
CASSPFGGHEQYF	TRBV16	TRBJ2-7	CLVGDPRSGSARQLTF	Donor AJKQ118:L TCRab CD8ab TRM	7
CASLDSYNSPLHF	TRBV2	TRBJ1-6	CLVGDPNNAGNMLTF	Donor AJKQ118:L TCRab CD8ab TRM	1
CSARDVGGTPSTDTQYF	TRBV20-1	TRBJ2-3	CLVGSMDSSYKLIF	Donor AJKQ118:L TCRab CD8ab TRM	1
CASNKVAGARDTQYF	TRBV6-4	TRBJ2-3	CLVGDHLAGNKLTF	Donor AJKQ118:L TCRab CD8ab TRM	1
CASSDSPGSGELFF	TRBV6-4	TRBJ2-2	CLVGDSNNSGYSTLTF	Donor AJKQ118:L TCRab CD8ab TRM	1
CASIQTGSNYGYTF	TRBV5-4	TRBJ1-2	CLLFSTGTASKLTF	Donor AJKQ118:L TCRab CD8ab TRM	1
CASSYGTGGLYEQFF	TRBV11-2	TRBJ2-1	CAVLSGNTPLVF	Donor AJKQ118:L TCRab CD8ab TRM	1
CASSLGGLNTEAFF	TRBV12-4	TRBJ1-1	CAVNSAAGNKLTF	Donor AJKQ118:L TCRab CD8ab TRM	4
CASSPYRQNEQFF	TRBV18	TRBJ2-1	CASNPRDEKLTF	Donor AJKQ118:L TCRab CD8ab TRM	1
CASSPRGRAADTQYF	TRBV7-3	TRBJ2-3	CAVSRGWRSGGSNYKLTF	Donor AJKQ118:L TCRab CD8ab TRM	4
CASSPGGAAQYF	TRBV9	TRBJ2-5	CAVTLGAQKLVF	Donor AJKQ118:L TCRab CD8ab TRM	2
CATSETGTGGATGELFF	TRBV24-1	TRBJ2-2	CAERPGGYQKVTF	Donor AJKQ118:L TCRab CD8ab TRM	1
CASSLLDSEQFF	TRBV5-1	TRBJ2-1	CAENRGGADGLTF	Donor AJKQ118:L TCRab CD8ab TRM	9
CASSPQQVLSPLHF	TRBV7-8	TRBJ1-6	CAEGGSQGNLIF	Donor AJKQ118:L TCRab CD8ab TRM	6
CASSSNSLRNEQFF	TRBV7-8	TRBJ2-1	CAESIEDDKIIF	Donor AJKQ118:L TCRab CD8ab TRM	1
CSVEKAGADNEQYF	TRBV29-1	TRBJ2-7	CAVDTGRRALTF	Donor AJKQ118:L TCRab CD8ab TRM	1
CASSYSAVTSGRIGTGELFF	TRBV6-5	TRBJ2-2	CALGGSGTYKYIF	Donor AJKQ118:L TCRab CD8ab TRM	1
CASSPWTGFYGYTF	TRBV7-9	TRBJ1-2	CALGDNQGGKLIF	Donor AJKQ118:L TCRab CD8ab TRM	1
CASSISPTRTYNEQFF	TRBV19	TRBJ2-1	CAVKGGSYIPTF	Donor AJKQ118:L TCRab CD8ab TRM	2
CSAQGIAGTGANVLTF	TRBV20-1	TRBJ2-6	CAVNANYGGSQGNLIF	Donor AJKQ118:L TCRab CD8ab TRM	1
CAAYEQYF	TRBV24-1	TRBJ2-7	CAVPLNTNAGKSTF	Donor AJKQ118:L TCRab CD8ab TRM	1
CASSKTGRDGYTF	TRBV27	TRBJ1-2	CAVNAAGGTYKYIF	Donor AJKQ118:L TCRab CD8ab TRM	3
CASSQVGGMETQYF	TRBV3-1	TRBJ2-5	CASYGNNRLAF	Donor AJKQ118:L TCRab CD8ab TRM	1
CASSLTANYGYTF	TRBV5-6	TRBJ1-2	CAVNAPDSWGKLQF	Donor AJKQ118:L TCRab CD8ab TRM	1
CASSIAGGRQETQYF	TRBV5-8	TRBJ2-5	CAVEPSRKLIW	Donor AJKQ118:L TCRab CD8ab TRM	5
CASSITQGPSIQYF	TRBV7-6	TRBJ2-4	CAVNIKAAGNKLTF	Donor AJKQ118:L TCRab CD8ab TRM	1
CASSLTQGALSTDTQYF	TRBV12-3	TRBJ2-3	CVVSDNDYKLSF	Donor AJKQ118:L TCRab CD8ab TRM	1
CASSFNLGAGANVLTF	TRBV12-4	TRBJ2-6	CVVGRRQFYF	Donor AJKQ118:L TCRab CD8ab TRM	1
CSASGQPNTEAFF	TRBV20-1	TRBJ1-1	CVVIPYSSASKIIF	Donor AJKQ118:L TCRab CD8ab TRM	2
CSARDLEGGSQPQHF	TRBV20-1	TRBJ1-5	CVVRDGQKLLF	Donor AJKQ118:L TCRab CD8ab TRM	1
CSARDGIRVSNQPQHF	TRBV20-1	TRBJ1-5	CVVSGGYSSASKIIF	Donor AJKQ118:L TCRab CD8ab TRM	1
CASSLPRTDSGNTIYF	TRBV3-1	TRBJ1-3	CVVSDRRGTASKLTF	Donor AJKQ118:L TCRab CD8ab TRM	2
CASSNGLAGVNEQFF	TRBV5-8	TRBJ2-1	CVVRDTGTASKLTF	Donor AJKQ118:L TCRab CD8ab TRM	1
CASSLSGNSYEQYF	TRBV11-2	TRBJ2-7	CAVGGRLTGGGNKLTF	Donor AJKQ118:L TCRab CD8ab TRM	1
CASSLEQGGITGELFF	TRBV11-3	TRBJ2-2	CAVALTDKLIF	Donor AJKQ118:L TCRab CD8ab TRM	1
CASSLGENTEAFF	TRBV12-3	TRBJ1-1	CAVGARTNAGKSTF	Donor AJKQ118:L TCRab CD8ab TRM	1
CATSIDQTEAFF	TRBV15	TRBJ1-1	CAVGPMEYGNKLVF	Donor AJKQ118:L TCRab CD8ab TRM	1
CASSATVNEQFF	TRBV27	TRBJ2-1	CAVGERTGANNLFF	Donor AJKQ118:L TCRab CD8ab TRM	1
CASSFPVQETQYF	TRBV28	TRBJ2-5	CAVGLNTGFQKLVF	Donor AJKQ118:L TCRab CD8ab TRM	1
CAWSVYKGTGGANVLTF	TRBV30	TRBJ2-6	CAVGPPGTGFQKLVF	Donor AJKQ118:L TCRab CD8ab TRM	1
CASSGQGATNEKLFF	TRBV5-1	TRBJ1-4	CAVVPTSGTYKYIF	Donor AJKQ118:L TCRab CD8ab TRM	1
CASSQSGSHEQYF	TRBV7-2	TRBJ2-7	CAVGPQGGFKTIF	Donor AJKQ118:L TCRab CD8ab TRM	2
CASRGTVPYEQYF	TRBV2	TRBJ2-7	CAVISYNNNDMRF	Donor AJKQ118:L TCRab CD8ab TRM	1
CASRGTVPYEQYF	TRBV2	TRBJ2-7	CAVNASFGNEKLTF	Donor AJKQ118:L TCRab CD8ab TRM	1
CSARQLAGGSGELFF	TRBV20-1	TRBJ2-2	CAVSDGDDMRF	Donor AJKQ118:L TCRab CD8ab TRM	2
CSAGGYYNEQFF	TRBV20-1	TRBJ2-1	CAVSDPTGGGNKLTF	Donor AJKQ118:L TCRab CD8ab TRM	1
CSARDPRDSNQPQHF	TRBV20-1	TRBJ1-5	CAVSDSGGYQKVTF	Donor AJKQ118:L TCRab CD8ab TRM	1
CSARDVRGDNQPQHF	TRBV20-1	TRBJ1-5	CAVSGSGGSYIPTF	Donor AJKQ118:L TCRab CD8ab TRM	1
CSAAPGTGNYGYTF	TRBV20-1	TRBJ1-2	CAVSKAAGNKLTF	Donor AJKQ118:L TCRab CD8ab TRM	1
CSATGGGFGTEAFF	TRBV20-1	TRBJ1-1	CAVSLGYSSASKIIF	Donor AJKQ118:L TCRab CD8ab TRM	1
CASRPTANTGELFF	TRBV27	TRBJ2-2	CAVRGATGGGNKLTF	Donor AJKQ118:L TCRab CD8ab TRM	1
CASSSANQGSEQFF	TRBV28	TRBJ2-1	CAVSKAAGNKLTF	Donor AJKQ118:L TCRab CD8ab TRM	2
CSVVRQYYGYTF	TRBV29-1	TRBJ1-2	CAVSLPFNAGGTSYGKLTF	Donor AJKQ118:L TCRab CD8ab TRM	1
CASSQDVGDLNEQYF	TRBV3-1	TRBJ2-7	CAVSKAGYQKVTF	Donor AJKQ118:L TCRab CD8ab TRM	1
CASSLGVGTSSDSPLHF	TRBV5-1	TRBJ1-6	CAVTRMDSSYKLIF	Donor AJKQ118:L TCRab CD8ab TRM	5
CASSYGTESSYEQYF	TRBV6-2	TRBJ2-7	CAVSPDGWVKAAGNKLTF	Donor AJKQ118:L TCRab CD8ab TRM	1
CASSQRQGRETQYF	TRBV7-2	TRBJ2-5	CAVSDTTGYSTLTF	Donor AJKQ118:L TCRab CD8ab TRM	1
CASTKSGGGDSSYNEQFF	TRBV7-6	TRBJ2-1	CALSGSARQLTF	Donor AJKQ118:L TCRab CD8ab TRM	1
CASSLVSGTGNSPLHF	TRBV7-6	TRBJ1-6	CAVARGGSGYSTLTF	Donor AJKQ118:L TCRab CD8ab TRM	1
CASTIDGHGANVLTF	TRBV7-9	TRBJ2-6	CAVSRYSTLTF	Donor AJKQ118:L TCRab CD8ab TRM	1
CASTLAVTGELFF	TRBV9	TRBJ2-2	CAVGADKLIF	Donor AJKQ118:L TCRab CD8ab TRM	1
CASSIGGTGLAGVTGELFF	TRBV19	TRBJ2-2	CAVKHSGYSTLTF	Donor AJKQ118:L TCRab CD8ab TRM	1
CASKYEGYTQYF	TRBV2	TRBJ2-3	CAAHAPTGNQFYF	Donor AJKQ118:L TCRab CD8ab TRM	2
CSATGQGARVTYEQYF	TRBV20-1	TRBJ2-7	CAAAPYTDKLIF	Donor AJKQ118:L TCRab CD8ab TRM	1
CSARDGVAYNEQFF	TRBV20-1	TRBJ2-1	CAVTPNTGGFKTIF	Donor AJKQ118:L TCRab CD8ab TRM	2
CASSAAGTGIGEQFF	TRBV28	TRBJ2-1	CAVIKAGFQKLVF	Donor AJKQ118:L TCRab CD8ab TRM	1
CAWIRANTEAFF	TRBV30	TRBJ1-1	CAAAPYTDKLIF	Donor AJKQ118:L TCRab CD8ab TRM	1
CASSDGTGGNEQFF	TRBV6-4	TRBJ2-1	CAVSDLSSASKIIF	Donor AJKQ118:L TCRab CD8ab TRM	1
CASSSGGSGNTIYF	TRBV7-8	TRBJ1-3	CAVSHTGGFKTIF	Donor AJKQ118:L TCRab CD8ab TRM	7
CASSLGQGGYEQYF	TRBV11-2	TRBJ2-7	CALIRGNSGYSTLTF	Donor AJKQ118:L TCRab CD8ab TRM	2
CASSHLTGRQETQYF	TRBV12-4	TRBJ2-5	CALSDRGGGFKTIF	Donor AJKQ118:L TCRab CD8ab TRM	1
CASEGVGGTQYF	TRBV12-4	TRBJ2-5	CALSVDSNYQLIW	Donor AJKQ118:L TCRab CD8ab TRM	1
CASSPGQANTDTQYF	TRBV13	TRBJ2-3	CALSDYGGSQGNLIF	Donor AJKQ118:L TCRab CD8ab TRM	1
CASSQVGTGELFF	TRBV14	TRBJ2-2	CALSDRRGTGANNLFF	Donor AJKQ118:L TCRab CD8ab TRM	1
CASSDTSNQPQHF	TRBV19	TRBJ1-5	CALRSQGGSEKLVF	Donor AJKQ118:L TCRab CD8ab TRM	1
CASRYHEQYF	TRBV2	TRBJ2-7	CALSEGETSYDKVIF	Donor AJKQ118:L TCRab CD8ab TRM	4
CASSGLAGAGELFF	TRBV2	TRBJ2-2	CALSLNYKLSF	Donor AJKQ118:L TCRab CD8ab TRM	1
CSAPSMEYGGNTIYF	TRBV20-1	TRBJ1-3	CALGTLNQAGTALIF	Donor AJKQ118:L TCRab CD8ab TRM	2
CASSESWREFRDTQYF	TRBV25-1	TRBJ2-3	CALRDYKLSF	Donor AJKQ118:L TCRab CD8ab TRM	1
CASQKSMGTGSFNEQYF	TRBV28	TRBJ2-7	CALKGYNQGGKLIF	Donor AJKQ118:L TCRab CD8ab TRM	1
CASSPVRDRGIVQFF	TRBV28	TRBJ2-1	CALRVSGGSYIPTF	Donor AJKQ118:L TCRab CD8ab TRM	1
CASSQMGGWGATEAFF	TRBV3-1	TRBJ1-1	CALTANRDDKIIF	Donor AJKQ118:L TCRab CD8ab TRM	1
CASSSRETQYF	TRBV6-5	TRBJ2-5	CALSDSWGKLQF	Donor AJKQ118:L TCRab CD8ab TRM	1
CASSSRGSSYEQYF	TRBV7-2	TRBJ2-7	CALSEESGANNLFF	Donor AJKQ118:L TCRab CD8ab TRM	2
CASSLRDRGLQPQHF	TRBV7-2	TRBJ1-5	CALSVPPGAGSYQLTF	Donor AJKQ118:L TCRab CD8ab TRM	1
CASSLDSGRGYGYTF	TRBV7-9	TRBJ1-2	CALTPLVGGNTPLVF	Donor AJKQ118:L TCRab CD8ab TRM	1
CASSPPGSGSREQYF	TRBV13	TRBJ2-7	CAVGGGNKLTF	Donor AJKQ118:L TCRab CD8ab Teff	1
CAWSAGPNEKLFF	TRBV30	TRBJ1-4	CVPVGSQGNLIF	Donor AJKQ118:L TCRab CD8ab Teff	1
CASNVGVGTNQPQHF	TRBV5-5	TRBJ1-5	CAVRDRGYGQNFVF	Donor AJKQ118:L TCRab CD8ab Teff	1
CASSKGGPYNEQFF	TRBV19	TRBJ2-1	CVVRGNAGNMLTF	Donor AJKQ118:L TCRab CD8ab Teff	9
CASSEGGAGGYEQYF	TRBV2	TRBJ2-7	CVVSAKSNDYKLSF	Donor AJKQ118:L TCRab CD8ab Teff	1
CASSLGSLMNTEAFF	TRBV7-2	TRBJ1-1	CVVSAYRGGADGLTF	Donor AJKQ118:L TCRab CD8ab Teff	1
CATSSDSGGLEEKLFF	TRBV15	TRBJ1-4	CVVNTGGFKTIF	Donor AJKQ118:L TCRab CD8ab Teff	2
CASRVSGVSNEQFF	TRBV2	TRBJ2-1	CVVNIRFPSGGSYIPTF	Donor AJKQ118:L TCRab CD8ab Teff	1
CASSSDIEAFF	TRBV7-9	TRBJ1-1	CVVNRGDKIIF	Donor AJKQ118:L TCRab CD8ab Teff	1
CASSVGKGGLANYGYTF	TRBV9	TRBJ1-2	CVVNTGGGADGLTF	Donor AJKQ118:L TCRab CD8ab Teff	2
CASSSPNTEAFF	TRBV4-3	TRBJ1-1	CAVRPGGYQKVTF	Donor AJKQ118:L TCRab CD8ab Teff	1
CASSPGAKPYEQYF	TRBV6-2	TRBJ2-7	CAVSALTGNTPLVF	Donor AJKQ118:L TCRab CD8ab Teff	1
CASRTGQGYGYTF	TRBV18	TRBJ1-2	CAMREGWSKGGKLIF	Donor AJKQ118:L TCRab CD8ab Teff	1
CASRTGQGYGYTF	TRBV19	TRBJ1-2	CAMREGWSKGGKLIF	Donor AJKQ118:L TCRab CD8ab Teff	1
CASSQDLAGGLADTQYF	TRBV4-3	TRBJ2-3	CAMREATNAGGTSYGKLTF	Donor AJKQ118:L TCRab CD8ab Teff	1
CASSPHALGLLAYEQYF	TRBV11-2	TRBJ2-7	CATDSNAGGTSYGKLTF	Donor AJKQ118:L TCRab CD8ab Teff	1
CASSYSLAYLEAFF	TRBV6-5	TRBJ1-1	CATVHNDMRF	Donor AJKQ118:L TCRab CD8ab Teff	2
CASSLQGSGTEAFF	TRBV27	TRBJ1-1	CALRRGQGGSEKLVF	Donor AJKQ118:L TCRab CD8ab Teff	1
CSVEGTDSGANVLTF	TRBV29-1	TRBJ2-6	CALSPMDSNYQLIW	Donor AJKQ118:L TCRab CD8ab Teff	1
CASSYTLGVSTGELFF	TRBV6-5	TRBJ2-2	CALSASLGGYSTLTF	Donor AJKQ118:L TCRab CD8ab Teff	1
CASRKDRRSTNEKLFF	TRBV10-2	TRBJ1-4	CAVRPFFYNQGGKLIF	Donor AJKQ118:L TCRab CD8ab Teff	12
CASSQEALDSSSSYNSPLHF	TRBV3-1	TRBJ1-6	CAVRDSNYQLIW	Donor AJKQ118:L TCRab CD8ab Teff	3
CASSPQGGIQPQHF	TRBV3-1	TRBJ1-5	CAVRPAGSEKLVF	Donor AJKQ118:L TCRab CD8ab Teff	1
CASSTDSDTEAFF	TRBV5-6	TRBJ1-1	CAVQAGWDSGNTPLVF	Donor AJKQ118:L TCRab CD8ab Teff	1
CASNEIAGGLGYGYTF	TRBV6-1	TRBJ1-2	CAVPLGGSGYSTLTF	Donor AJKQ118:L TCRab CD8ab Teff	1
CASSVDRGRSQPQHF	TRBV6-1	TRBJ1-5	CAVQKTMEYGNKLVF	Donor AJKQ118:L TCRab CD8ab Teff	1
CASSRTSEINEQFF	TRBV6-4	TRBJ2-1	CAVKKVRNQGGKLIF	Donor AJKQ118:L TCRab CD8ab Teff	1
CASSYGMEAFF	TRBV6-6	TRBJ1-1	CAVLSGDSNYQLIW	Donor AJKQ118:L TCRab CD8ab Teff	1
CATSSDRVTDTEAFF	TRBV15	TRBJ1-1	CAAQRGNAGNMLTF	Donor AJKQ118:L TCRab CD8ab Teff	1
CATSDHGTSGRDEQYF	TRBV24-1	TRBJ2-7	CAFITGFSDGQKLLF	Donor AJKQ118:L TCRab CD8ab Teff	1
CASTLANQPQHF	TRBV12-3	TRBJ1-5	CIVRVRDNARLMF	Donor AJKQ118:L TCRab CD8ab Teff	1
CSASALQGASSYEQYF	TRBV20-1	TRBJ2-7	CIVRVVGDDYKLSF	Donor AJKQ118:L TCRab CD8ab Teff	1
CASSSPGFPYEQYF	TRBV7-9	TRBJ2-7	CIEGGGADGLTF	Donor AJKQ118:L TCRab CD8ab Teff	1
CASSLSGTRNNEQFF	TRBV7-9	TRBJ2-1	CIVREGSQGNLIF	Donor AJKQ118:L TCRab CD8ab Teff	1
CATSTGEAYEQYF	TRBV15	TRBJ2-7	CILTGYGQNFVF	Donor AJKQ118:L TCRab CD8ab Teff	11
CASTLDRGRYQPQHF	TRBV19	TRBJ1-5	CAGSEYGNKLVF	Donor AJKQ118:L TCRab CD8ab Teff	2
CSVIFFRTAVSYEQYF	TRBV29-1	TRBJ2-7	CAGGYPGNQFYF	Donor AJKQ118:L TCRab CD8ab Teff	1
CASSLAGQGEETQYF	TRBV5-1	TRBJ2-5	CAGVTLYGQNFVF	Donor AJKQ118:L TCRab CD8ab Teff	1
CASSEGYEAFF	TRBV2	TRBJ1-1	CAASAPPNFGNEKLTF	Donor AJKQ118:L TCRab CD8ab Teff	1
CSVEDGERRGSEQYF	TRBV29-1	TRBJ2-7	CAASYRDDKIIF	Donor AJKQ118:L TCRab CD8ab Teff	2
CASSWDLGAANYGYTF	TRBV6-2	TRBJ1-2	CAASPANQAGTALIF	Donor AJKQ118:L TCRab CD8ab Teff	1
CASSRRGNTGELFF	TRBV4-3	TRBJ2-2	CAVRDGGAGSYQLTF	Donor AJKQ118:L TCRab CD8ab Teff	1
CASSYGMEAFF	TRBV6-6	TRBJ1-1	CAGQTSNTGNQFYF	Donor AJKQ118:L TCRab CD8ab Teff	1
CAWSSSVDVETQYF	TRBV30	TRBJ2-5	CAFPPGNQFYF	Donor AJKQ118:L TCRab CD8ab Teff	2
CASSPGLLGEQFF	TRBV6-5	TRBJ2-1	CAFMKHVPTDSWGKLQF	Donor AJKQ118:L TCRab CD8ab Teff	2
CASRMNNEQFF	TRBV10-2	TRBJ2-1	CACLI	Donor AJKQ118:L TCRab CD8ab Teff	1
CASSFSGGSEKLFF	TRBV12-4	TRBJ1-4	CAYNLVGNEKLTF	Donor AJKQ118:L TCRab CD8ab Teff	1
CASSPRGRAADTQYF	TRBV7-3	TRBJ2-3	CAVSRGWRSGGSNYKLTF	Donor AJKQ118:L TCRab CD8ab Teff	3
CASSLLDSEQFF	TRBV5-1	TRBJ2-1	CAENRGGADGLTF	Donor AJKQ118:L TCRab CD8ab Teff	1
CASSQVGGMETQYF	TRBV3-1	TRBJ2-5	CASYGNNRLAF	Donor AJKQ118:L TCRab CD8ab Teff	4
CASSYPTSGGSTQYF	TRBV6-2	TRBJ2-3	CASRSSYKLIF	Donor AJKQ118:L TCRab CD8ab Teff	7
CASTDGPEQYF	TRBV12-4	TRBJ2-7	CAVSWDSSYKLIF	Donor AJKQ118:L TCRab CD8ab Teff	11
CATSDGTSGNLQETQYF	TRBV24-1	TRBJ2-5	CAVSRGFQKLVF	Donor AJKQ118:L TCRab CD8ab Teff	1
CAAARGYGNQPQHF	TRBV28	TRBJ1-5	CAVATGANNLFF	Donor AJKQ118:L TCRab CD8ab Teff	1
CASEGVGGTQYF	TRBV12-4	TRBJ2-5	CALSVDSNYQLIW	Donor AJKQ118:L TCRab CD8ab Teff	1
CASSLAVGSGANYGYTF	TRBV7-2	TRBJ1-2	CALSFPPNAGGTSYGKLTF	Donor AJKQ118:L TCRab CD8ab Teff	1
CASSPGWPGDEAFF	TRBV7-9	TRBJ1-1	CALSEGGSQGNLIF	Donor AJKQ118:L TCRab CD8ab Teff	1
CSARVGGYTF	TRBV20-1	TRBJ1-2	CAGPLGAGSYQLTF	Donor AJKQ118:LP TCRab CD8ab TCM	1
CASSPEDTQYF	TRBV7-9	TRBJ2-3	CVVNILDMLTF	Donor AJKQ118:LP TCRab CD8ab TCM	1
CASSLGTAGDTEAFF	TRBV27	TRBJ1-1	CAVNYYTGANSKLTF	Donor AJKQ118:LP TCRab CD8ab TCM	1
CASSWGGGGTEAFF	TRBV6-6	TRBJ1-1	CAVNDATSGTYKYIF	Donor AJKQ118:LP TCRab CD8ab TCM	1
CASSPDWGAPGHEQYF	TRBV9	TRBJ2-7	CAMREGPVSGNTPLVF	Donor AJKQ118:LP TCRab CD8ab TCM	1
CASSFEGGGTEAFF	TRBV12-3	TRBJ1-1	CAVPRSNDYKLSF	Donor AJKQ118:LP TCRab CD8ab TCM	1
CASSPSMTGAYNEQFF	TRBV3-1	TRBJ2-1	CAVENQAGTALIF	Donor AJKQ118:LP TCRab CD8ab TCM	1
CASSPGLLGEQFF	TRBV6-5	TRBJ2-1	CAGQGGNNAGNMLTF	Donor AJKQ118:LP TCRab CD8ab TCM	1
CASSLMSGYTDTQYF	TRBV5-1	TRBJ2-3	CAGDKSGGGADGLTF	Donor AJKQ118:LP TCRab CD8ab TCM	1
CASRPGTYGELFF	TRBV25-1	TRBJ2-2	CAHDRDDKIIF	Donor AJKQ118:LP TCRab CD8ab TCM	1
CASSQDPRGRPYEQYF	TRBV4-1	TRBJ2-7	CAYTLPGTASKLTF	Donor AJKQ118:LP TCRab CD8ab TCM	1
CASSLVWGLIYNEQFF	TRBV5-5	TRBJ2-1	CAVDRNTGNQFYF	Donor AJKQ118:LP TCRab CD8ab TCM	1
CSVKDPGSGNQPQHF	TRBV20-1	TRBJ1-5	CAVRDRRGFGNVLHC	Donor AJKQ118:LP TCRab CD8ab TEM	1
CASSPGQYSNQPQHF	TRBV6-5	TRBJ1-5	CAQGGATNKLIF	Donor AJKQ118:LP TCRab CD8ab TEM	1
CASSLVAGQGAYEQYF	TRBV7-8	TRBJ2-7	CAVKDRGSTLGRLYF	Donor AJKQ118:LP TCRab CD8ab TEM	1
CASSPWTLKDTQYF	TRBV14	TRBJ2-3	CVVPGAGSYQLTF	Donor AJKQ118:LP TCRab CD8ab TEM	1
CATSSDSGGLEEKLFF	TRBV15	TRBJ1-4	CVVNTGGFKTIF	Donor AJKQ118:LP TCRab CD8ab TEM	1
CASSNEWGEESADRGLGGTYNEQFF	TRBV7-9	TRBJ2-1	CVVNARAGTALIF	Donor AJKQ118:LP TCRab CD8ab TEM	1
CASSLEGQGGQPQHF	TRBV5-1	TRBJ1-5	CAVKAQAGSARQLTF	Donor AJKQ118:LP TCRab CD8ab TEM	2
CASSLVFGQGTYEQYF	TRBV11-2	TRBJ2-7	CAMKGGNKLVF	Donor AJKQ118:LP TCRab CD8ab TEM	1
CASSLSGTARTEAFF	TRBV7-8	TRBJ1-1	CAMSLGLNNAGNMLTF	Donor AJKQ118:LP TCRab CD8ab TEM	9
CASSDSSTTGELFF	TRBV10-1	TRBJ2-2	CAAFNQGGKLIF	Donor AJKQ118:LP TCRab CD8ab TEM	1
CASSRDTVNTEAFF	TRBV10-1	TRBJ1-1	CAASIGVGGFGNVLHC	Donor AJKQ118:LP TCRab CD8ab TEM	1
CASSRDRDRQPQHF	TRBV12-4	TRBJ1-5	CAERPGNTGKLIF	Donor AJKQ118:LP TCRab CD8ab TEM	2
CASSSDGGTDTF	TRBV3-1	TRBJ1-2	CAETIQGAQKLVF	Donor AJKQ118:LP TCRab CD8ab TEM	1
CASRTGQGYGYTF	TRBV19	TRBJ1-2	CAMREGWSKGGKLIF	Donor AJKQ118:LP TCRab CD8ab TEM	1
CSARNGYTF	TRBV20-1	TRBJ1-2	CAMRESRDSGAGSYQLTF	Donor AJKQ118:LP TCRab CD8ab TEM	1
CSVVTGLGNTEAFF	TRBV29-1	TRBJ1-1	CAMRETRSNDYKLSF	Donor AJKQ118:LP TCRab CD8ab TEM	1
CASSYSPNRQVSNEKLFF	TRBV6-2	TRBJ1-4	CAMKFLSDMRF	Donor AJKQ118:LP TCRab CD8ab TEM	1
CASSVGWGNTGELFF	TRBV9	TRBJ2-2	CAMREGNNNARLMF	Donor AJKQ118:LP TCRab CD8ab TEM	1
CASRLAGGRYEQYF	TRBV12-4	TRBJ2-7	CATAVNSGGYQKVTF	Donor AJKQ118:LP TCRab CD8ab TEM	1
CASSPFLGQNTGELFF	TRBV27	TRBJ2-2	CATDERGGADGLTF	Donor AJKQ118:LP TCRab CD8ab TEM	1
CASSYSLAYLEAFF	TRBV6-5	TRBJ1-1	CATVHNDMRF	Donor AJKQ118:LP TCRab CD8ab TEM	1
CASSRDTVNTEAFF	TRBV10-1	TRBJ1-1	CALSEPSGGATNKLIF	Donor AJKQ118:LP TCRab CD8ab TEM	1
CASSLRDSSYEQYF	TRBV27	TRBJ2-7	CALDFSDGQKLLF	Donor AJKQ118:LP TCRab CD8ab TEM	1
CSVEGTDSGANVLTF	TRBV29-1	TRBJ2-6	CALSPMDSNYQLIW	Donor AJKQ118:LP TCRab CD8ab TEM	1
CASSQEGRTHDEQFF	TRBV3-1	TRBJ2-1	CALSEAWIMNRDDKIIF	Donor AJKQ118:LP TCRab CD8ab TEM	1
CASSEGRTGAYNEQFF	TRBV2	TRBJ2-1	CAVEVPNTGGFKTIF	Donor AJKQ118:LP TCRab CD8ab TEM	1
CASRPRTGGNYGYTF	TRBV28	TRBJ1-2	CAVEDFNKFYF	Donor AJKQ118:LP TCRab CD8ab TEM	1
CASRKDRRSTNEKLFF	TRBV10-2	TRBJ1-4	CAVRPFFYNQGGKLIF	Donor AJKQ118:LP TCRab CD8ab TEM	1
CASSLFEPLKPNTQYF	TRBV11-2	TRBJ2-3	CAVVTGRRALTF	Donor AJKQ118:LP TCRab CD8ab TEM	1
CASSQEALDSSSSYNSPLHF	TRBV3-1	TRBJ1-6	CAVRDSNYQLIW	Donor AJKQ118:LP TCRab CD8ab TEM	1
CAWSVLGVGVYEQYF	TRBV30	TRBJ2-7	CAVQAENRGSTLGRLYF	Donor AJKQ118:LP TCRab CD8ab TEM	1
CASSTDSDTEAFF	TRBV5-6	TRBJ1-1	CAVQAGWDSGNTPLVF	Donor AJKQ118:LP TCRab CD8ab TEM	1
CASSQGADEQYF	TRBV19	TRBJ2-7	CAVQSSNDYKLSF	Donor AJKQ118:LP TCRab CD8ab TEM	1
CASSRETGSYEQYF	TRBV4-2	TRBJ2-7	CAVKANDYKLSF	Donor AJKQ118:LP TCRab CD8ab TEM	1
CASSRTSEINEQFF	TRBV6-4	TRBJ2-1	CAVKKVRNQGGKLIF	Donor AJKQ118:LP TCRab CD8ab TEM	1
CASSYGMEAFF	TRBV6-6	TRBJ1-1	CAVLSGDSNYQLIW	Donor AJKQ118:LP TCRab CD8ab TEM	2
CASSSSFVGRTYGYTF	TRBV7-2	TRBJ1-2	CAVRRGVNQGGKLIF	Donor AJKQ118:LP TCRab CD8ab TEM	1
CASSSRTGSSTDTQYF	TRBV7-8	TRBJ2-3	CAVRRDTGRRALTF	Donor AJKQ118:LP TCRab CD8ab TEM	1
CASSFQGGDQPQHF	TRBV27	TRBJ1-5	CAVEDGSSASKIIF	Donor AJKQ118:LP TCRab CD8ab TEM	1
CAWSGVLRGLSAGYTF	TRBV30	TRBJ1-2	CAVNAMRF	Donor AJKQ118:LP TCRab CD8ab TEM	1
CSVGGGSSYEQYF	TRBV20-1	TRBJ2-7	CAARGGAQKLVF	Donor AJKQ118:LP TCRab CD8ab TEM	1
CAWGQLNTEAFF	TRBV30	TRBJ1-1	CAASIGGYALNF	Donor AJKQ118:LP TCRab CD8ab TEM	1
CASSPWNDNEQFF	TRBV27	TRBJ2-1	CAVQKGFGNVLHC	Donor AJKQ118:LP TCRab CD8ab TEM	1
CASSALAGVGSYEQYF	TRBV7-8	TRBJ2-7	CAGKKTGGFKTIF	Donor AJKQ118:LP TCRab CD8ab TEM	1
CASSYRDSGLGTEAFF	TRBV11-2	TRBJ1-1	CIVRELMDSNYQLIW	Donor AJKQ118:LP TCRab CD8ab TEM	1
CASSLAGHPYGYTF	TRBV7-9	TRBJ1-2	CIVSEGGSQGNLIF	Donor AJKQ118:LP TCRab CD8ab TEM	1
CASSSGLAGINAYNEQFF	TRBV13	TRBJ2-1	CIPVNAGGTSYGKLTF	Donor AJKQ118:LP TCRab CD8ab TEM	2
CATSTGEAYEQYF	TRBV15	TRBJ2-7	CILTGYGQNFVF	Donor AJKQ118:LP TCRab CD8ab TEM	1
CASSIWGTSNQPQHF	TRBV19	TRBJ1-5	CILTPLSGGGADGLTF	Donor AJKQ118:LP TCRab CD8ab TEM	1
CASSPFTGGDQPQHF	TRBV28	TRBJ1-5	CILREYDSNSGYALNF	Donor AJKQ118:LP TCRab CD8ab TEM	1
CASSLVFGQGTYEQYF	TRBV11-2	TRBJ2-7	CAGRGNNAGNMLTF	Donor AJKQ118:LP TCRab CD8ab TEM	1
CSVGESLVYEQYF	TRBV29-1	TRBJ2-7	CAGGNNAGNMLTF	Donor AJKQ118:LP TCRab CD8ab TEM	1
CASSPGQGRYNEQFF	TRBV9	TRBJ2-1	CAGSTGKLIF	Donor AJKQ118:LP TCRab CD8ab TEM	1
CASRSGLAGADEQYF	TRBV11-2	TRBJ2-7	CAASVRSQGNLIF	Donor AJKQ118:LP TCRab CD8ab TEM	1
CASSRDRTYEQYF	TRBV14	TRBJ2-7	CAAFEDTGRRALTF	Donor AJKQ118:LP TCRab CD8ab TEM	1
CSARATGYQETQYF	TRBV20-1	TRBJ2-5	CAASVIGDYGQNFVF	Donor AJKQ118:LP TCRab CD8ab TEM	1
CSVEDGERRGSEQYF	TRBV29-1	TRBJ2-7	CAASYRDDKIIF	Donor AJKQ118:LP TCRab CD8ab TEM	1
CAWSEDSYEQYF	TRBV30	TRBJ2-7	CAASPTWGSQGNLIF	Donor AJKQ118:LP TCRab CD8ab TEM	1
CASSLGQLGNEQFF	TRBV5-1	TRBJ2-1	CAASPPLYNFNKFYF	Donor AJKQ118:LP TCRab CD8ab TEM	1
CASSFGQGGWTGELFF	TRBV6-5	TRBJ2-2	CAAANEKLTF	Donor AJKQ118:LP TCRab CD8ab TEM	1
CASSYSRLAGYNEQFF	TRBV6-6	TRBJ2-1	CAATLGNQFYF	Donor AJKQ118:LP TCRab CD8ab TEM	1
CASSRDSSNTEAFF	TRBV10-1	TRBJ1-1	CAVRDIEGSYQKVTF	Donor AJKQ118:LP TCRab CD8ab TEM	1
CASSSTLGQEVDYEQYF	TRBV6-5	TRBJ2-7	CGTESVFGRALTF	Donor AJKQ118:LP TCRab CD8ab TEM	1
CASSLVTGQGTYEQYF	TRBV7-8	TRBJ2-7	CAGSPQGAQKLVF	Donor AJKQ118:LP TCRab CD8ab TEM	1
CASSRIRPLAGKGNEQFF	TRBV6-5	TRBJ2-1	CAVRHNTNAGKSTF	Donor AJKQ118:LP TCRab CD8ab TEM	1
CASSGFSYEQYF	TRBV7-9	TRBJ2-7	CAVWMDSSYKLIF	Donor AJKQ118:LP TCRab CD8ab TEM	1
CASSWSDRDTEAFF	TRBV11-2	TRBJ1-1	CAFMKRGFGNEKLTF	Donor AJKQ118:LP TCRab CD8ab TEM	1
CAWSWGRNTEAFF	TRBV30	TRBJ1-1	CAFLHTGANSKLTF	Donor AJKQ118:LP TCRab CD8ab TEM	1
CASSPGLLGEQFF	TRBV6-5	TRBJ2-1	CAFMKHVPTDSWGKLQF	Donor AJKQ118:LP TCRab CD8ab TEM	2
CASGPDRGGSPLHF	TRBV9	TRBJ1-6	CAADNYQLIW	Donor AJKQ118:LP TCRab CD8ab TEM	1
CASSPGGAAQYF	TRBV9	TRBJ2-5	CAVTLGAQKLVF	Donor AJKQ118:LP TCRab CD8ab TEM	1
CASSLNRGLYNEQFF	TRBV12-4	TRBJ2-1	CAESRNTDKLIF	Donor AJKQ118:LP TCRab CD8ab TEM	1
CATTVRDRGNGELFF	TRBV6-6	TRBJ2-2	CAVNARGNQFYF	Donor AJKQ118:LP TCRab CD8ab TEM	1
CASTPGPTGRAFF	TRBV19	TRBJ1-1	CVVIPYSSASKIIF	Donor AJKQ118:LP TCRab CD8ab TEM	1
CASSPGLAVSTDTQYF	TRBV4-3	TRBJ2-3	CVVSETSFQKLVF	Donor AJKQ118:LP TCRab CD8ab TEM	1
CASSLAGTDSGNTIYF	TRBV5-1	TRBJ1-3	CVVSDYSSASKIIF	Donor AJKQ118:LP TCRab CD8ab TEM	1
CASSEGTGQDTEAFF	TRBV4-2	TRBJ1-1	CAVSAGYSSASKIIF	Donor AJKQ118:LP TCRab CD8ab TEM	1
CASTLAFTDTQYF	TRBV10-2	TRBJ2-3	CAVSDTGGFKTIF	Donor AJKQ118:LP TCRab CD8ab TEM	1
CAAARGYGNQPQHF	TRBV28	TRBJ1-5	CAVATGANNLFF	Donor AJKQ118:LP TCRab CD8ab TEM	1
CAWSGGSGNSPLHF	TRBV30	TRBJ1-6	CAVKRGSYIPTF	Donor AJKQ118:LP TCRab CD8ab TEM	1
CASSSGGSGNTIYF	TRBV7-8	TRBJ1-3	CAVSHTGGFKTIF	Donor AJKQ118:LP TCRab CD8ab TEM	1
CASSLGGTDTQYF	TRBV5-1	TRBJ2-3	CALRGGFGNVLHC	Donor AJKQ118:LP TCRab CD8ab TEM	1
CASSEGDGQPQHF	TRBV2	TRBJ1-5	CAHGYSGAGSYQLTF	Donor AJKQ118:LP TCRab CD8ab TRM	1
CASSSPDRAMNTEAFF	TRBV6-2	TRBJ1-1	CAVKNNNARLMF	Donor AJKQ118:LP TCRab CD8ab TRM	1
CASSLVAGQGAYEQYF	TRBV7-8	TRBJ2-7	CAVKDRGSTLGRLYF	Donor AJKQ118:LP TCRab CD8ab TRM	1
CASSQDPGLYNEQFF	TRBV4-3	TRBJ2-1	CVVENRRALTF	Donor AJKQ118:LP TCRab CD8ab TRM	2
CASSKQGEEKLFF	TRBV27	TRBJ1-4	CAVQGGKLIF	Donor AJKQ118:LP TCRab CD8ab TRM	1
CASSLGNEQFF	TRBV5-6	TRBJ2-1	CAMSDLGFGNVLHC	Donor AJKQ118:LP TCRab CD8ab TRM	1
CASSLSGTARTEAFF	TRBV7-8	TRBJ1-1	CAMSLGLNNAGNMLTF	Donor AJKQ118:LP TCRab CD8ab TRM	1
CASSRDTVNTEAFF	TRBV10-1	TRBJ1-1	CAASIGVGGFGNVLHC	Donor AJKQ118:LP TCRab CD8ab TRM	3
CASSGSGTGELFF	TRBV3-1	TRBJ2-2	CAASEKSNYQLIW	Donor AJKQ118:LP TCRab CD8ab TRM	1
CASSSPGLAVETQYF	TRBV27	TRBJ2-5	CAMRVMSNDMRF	Donor AJKQ118:LP TCRab CD8ab TRM	1
CASSVGWGNTGELFF	TRBV9	TRBJ2-2	CAMREGNNNARLMF	Donor AJKQ118:LP TCRab CD8ab TRM	1
CASSPLPGQGYEQYF	TRBV9	TRBJ2-7	CAMRGPVNFGNEKLTF	Donor AJKQ118:LP TCRab CD8ab TRM	2
CASSPEGSNYGYTF	TRBV28	TRBJ1-2	CATDLDLL	Donor AJKQ118:LP TCRab CD8ab TRM	1
CASSLYPTMGGNQPQHF	TRBV28	TRBJ1-5	CATEAMNRDDKIIF	Donor AJKQ118:LP TCRab CD8ab TRM	1
CASSPDGRMETQYF	TRBV7-8	TRBJ2-5	CATDEGGNTPLVF	Donor AJKQ118:LP TCRab CD8ab TRM	1
CASSRDTVNTEAFF	TRBV10-1	TRBJ1-1	CALSEPSGGATNKLIF	Donor AJKQ118:LP TCRab CD8ab TRM	2
CSVEGTDSGANVLTF	TRBV29-1	TRBJ2-6	CALSPMDSNYQLIW	Donor AJKQ118:LP TCRab CD8ab TRM	1
CASGRAETDTQYF	TRBV6-5	TRBJ2-3	CALGSNDYKLSF	Donor AJKQ118:LP TCRab CD8ab TRM	1
CASSPRTGMRPLEAFF	TRBV7-8	TRBJ1-1	CALRGLNDMRF	Donor AJKQ118:LP TCRab CD8ab TRM	2
CASSNTWGSTDTQYF	TRBV11-2	TRBJ2-3	CAASSSGGSNYKLTF	Donor AJKQ118:LP TCRab CD8ab TRM	1
CASSSRRFGTGQSGANVLTF	TRBV7-9	TRBJ2-6	CAASINTGKLIF	Donor AJKQ118:LP TCRab CD8ab TRM	1
CASSPWNDNEQFF	TRBV27	TRBJ2-1	CAVQKGFGNVLHC	Donor AJKQ118:LP TCRab CD8ab TRM	5
CASSETGVLYGYTF	TRBV28	TRBJ1-2	CAFHNAGNMLTF	Donor AJKQ118:LP TCRab CD8ab TRM	1
CASSKDLSSYNEQFF	TRBV10-1	TRBJ2-1	CIVRVDGGSTLGRLYF	Donor AJKQ118:LP TCRab CD8ab TRM	1
CASIRTGLDYGYTF	TRBV7-9	TRBJ1-2	CIVRAGGNAGNMLTF	Donor AJKQ118:LP TCRab CD8ab TRM	2
CASSLVGVWQPQHF	TRBV12-3	TRBJ1-5	CAGENYGQNFVF	Donor AJKQ118:LP TCRab CD8ab TRM	1
CASSMVSMDTQYF	TRBV19	TRBJ2-3	CAGPGGRLHGGSQGNLIF	Donor AJKQ118:LP TCRab CD8ab TRM	1
CASRSGLAGADEQYF	TRBV11-2	TRBJ2-7	CAASVRSQGNLIF	Donor AJKQ118:LP TCRab CD8ab TRM	1
CASSPIGRQGNTGELFF	TRBV12-4	TRBJ2-2	CAVTTDKLIF	Donor AJKQ118:LP TCRab CD8ab TRM	1
CASSQLATGWTGELFF	TRBV3-1	TRBJ2-2	CSFGNEKLTF	Donor AJKQ118:LP TCRab CD8ab TRM	2
CASSQDILQGAAPNTEAFF	TRBV4-3	TRBJ1-1	CAGSSNTGKLIF	Donor AJKQ118:LP TCRab CD8ab TRM	1
CASSFGQGGWTGELFF	TRBV6-5	TRBJ2-2	CAAANEKLTF	Donor AJKQ118:LP TCRab CD8ab TRM	1
CASSPRGDGNTGELFF	TRBV6-5	TRBJ2-2	CAAPNAGNMLTF	Donor AJKQ118:LP TCRab CD8ab TRM	1
CASSQVLSMGAKNIQYF	TRBV3-1	TRBJ2-4	CAGQPQGSQGNLIF	Donor AJKQ118:LP TCRab CD8ab TRM	1
CASSYRAGVRETQYF	TRBV6-5	TRBJ2-5	CAGLGAGNQFYF	Donor AJKQ118:LP TCRab CD8ab TRM	1
CASSTTANVLTF	TRBV6-2	TRBJ2-6	CAVDMNRDDKIIF	Donor AJKQ118:LP TCRab CD8ab TRM	1
CASSLVVQLRNGYTF	TRBV7-9	TRBJ1-2	CASSFSGAGSYQLTF	Donor AJKQ118:LP TCRab CD8ab TRM	1
CASSLVWGLIYNEQFF	TRBV5-5	TRBJ2-1	CAVDRNTGNQFYF	Donor AJKQ118:LP TCRab CD8ab TRM	1
CSASGQPNTEAFF	TRBV20-1	TRBJ1-1	CVVIPYSSASKIIF	Donor AJKQ118:LP TCRab CD8ab TRM	1
CASSSTGVYNEQFF	TRBV7-6	TRBJ2-1	CVVSDGGYQKVTF	Donor AJKQ118:LP TCRab CD8ab TRM	1
CASSFQGTYNEQFF	TRBV11-2	TRBJ2-1	CALSDPILYKLSF	Donor AJKQ118:LP TCRab CD8ab TRM	1
CASSPAWGGSYEQYF	TRBV7-2	TRBJ2-7	CALSDLGDGQNFVF	Donor AJKQ118:LP TCRab CD8ab TRM	1
CASSPDRYYGYTF	TRBV4-1	TRBJ1-2	CAVRNNARLMF	Donor AJKQ118:PB TCRab CD8ab Naive/TCM	1
CASSEGTGEYEQYF	TRBV6-1	TRBJ2-7	CAVRGNNARLMF	Donor AJKQ118:PB TCRab CD8ab Naive/TCM	1
CASSTGPFKGQPQHF	TRBV12-3	TRBJ1-5	CAVRPDRFSDGQKLLF	Donor AJKQ118:PB TCRab CD8ab Naive/TCM	2
CASSTGLRNEQFF	TRBV19	TRBJ2-1	CVRLSGGYNKLIF	Donor AJKQ118:PB TCRab CD8ab Naive/TCM	1
CASSQDLVSGANVLTF	TRBV4-1	TRBJ2-6	CAVRDGQKLLF	Donor AJKQ118:PB TCRab CD8ab Naive/TCM	1
CASSQEAQGIGYEQYF	TRBV4-1	TRBJ2-7	CAVSVDRGSTLGRLYF	Donor AJKQ118:PB TCRab CD8ab Naive/TCM	1
CASSQGLAGVNEQFF	TRBV4-3	TRBJ2-1	CAVSSGFGNEKLTF	Donor AJKQ118:PB TCRab CD8ab Naive/TCM	1
CASSSQYYEQYF	TRBV7-2	TRBJ2-7	CAVRENTGFQKLVF	Donor AJKQ118:PB TCRab CD8ab Naive/TCM	1
CASSPRGGTEAFF	TRBV7-6	TRBJ1-1	CAVNGPNARLMF	Donor AJKQ118:PB TCRab CD8ab Naive/TCM	1
CASRGGLNQPQHF	TRBV2	TRBJ1-5	CVVSAVSTGGGNKLTF	Donor AJKQ118:PB TCRab CD8ab Naive/TCM	1
CASSLFDRQGSYNEQFF	TRBV9	TRBJ2-1	CVVSADNARLMF	Donor AJKQ118:PB TCRab CD8ab Naive/TCM	1
CASSARNTEAFF	TRBV11-1	TRBJ1-1	CVVNPHQLIW	Donor AJKQ118:PB TCRab CD8ab Naive/TCM	1
CASSAPPYGEQFF	TRBV12-3	TRBJ2-1	CVVNIYGGSQGNLIF	Donor AJKQ118:PB TCRab CD8ab Naive/TCM	1
CASSLGGQSSYEQYF	TRBV13	TRBJ2-7	CVAHNNAGNMLTF	Donor AJKQ118:PB TCRab CD8ab Naive/TCM	1
CATSRLPTLGNTIYF	TRBV15	TRBJ1-3	CALRLGFGNVLHC	Donor AJKQ118:PB TCRab CD8ab Naive/TCM	1
CASSEGTQYF	TRBV2	TRBJ2-5	CVVKGWATDSWGKLQF	Donor AJKQ118:PB TCRab CD8ab Naive/TCM	1
CSAPTWREDYEQFF	TRBV20-1	TRBJ2-1	CVVRKLNSGGYQKVTF	Donor AJKQ118:PB TCRab CD8ab Naive/TCM	1
CASSLVGGGNQPQHF	TRBV27	TRBJ1-5	CVVNMNNYGQNFVF	Donor AJKQ118:PB TCRab CD8ab Naive/TCM	1
CASSRSGTGIGNTIYF	TRBV28	TRBJ1-3	CVVNISPSNDYKLSF	Donor AJKQ118:PB TCRab CD8ab Naive/TCM	4
CASSQATAADGYTF	TRBV4-1	TRBJ1-2	CVVRTGSDKIIF	Donor AJKQ118:PB TCRab CD8ab Naive/TCM	1
CASSARDLGNTEAFF	TRBV6-1	TRBJ1-1	CVVNAGGYNKLIF	Donor AJKQ118:PB TCRab CD8ab Naive/TCM	1
CASSERTIMNTEAFF	TRBV6-1	TRBJ1-1	CVVNHSFNKFYF	Donor AJKQ118:PB TCRab CD8ab Naive/TCM	1
CASSKLTENYGYTF	TRBV7-9	TRBJ1-2	CVVKPAGGYQKVTF	Donor AJKQ118:PB TCRab CD8ab Naive/TCM	1
CASSLGGSQETQYF	TRBV11-1	TRBJ2-5	CAVLSGGYNKLIF	Donor AJKQ118:PB TCRab CD8ab Naive/TCM	1
CASSPTQGTGELFF	TRBV11-2	TRBJ2-2	CAALRDSWGKLQF	Donor AJKQ118:PB TCRab CD8ab Naive/TCM	1
CASRGGTGLTEAFF	TRBV11-2	TRBJ1-1	CAPGYSSASKIIF	Donor AJKQ118:PB TCRab CD8ab Naive/TCM	1
CASSPEFRSYEQYF	TRBV11-2	TRBJ2-7	CPLRAKNARLMF	Donor AJKQ118:PB TCRab CD8ab Naive/TCM	1
CASSQGVDTEAFF	TRBV11-3	TRBJ1-1	CAGIYSGAGSYQLTF	Donor AJKQ118:PB TCRab CD8ab Naive/TCM	1
CASSFLGVKDEQFF	TRBV12-3	TRBJ2-1	CAVIGSQGNLIF	Donor AJKQ118:PB TCRab CD8ab Naive/TCM	1
CSARVVGTEKDTQYF	TRBV20-1	TRBJ2-3	CAPFYPGNYQLIW	Donor AJKQ118:PB TCRab CD8ab Naive/TCM	1
CSARRGEAKNIQYF	TRBV20-1	TRBJ2-4	CAVGGAGGTSYGKLTF	Donor AJKQ118:PB TCRab CD8ab Naive/TCM	1
CASSLSPEGADGYTF	TRBV27	TRBJ1-2	CAVPPTGGTSYGKLTF	Donor AJKQ118:PB TCRab CD8ab Naive/TCM	1
CSATILDRANTEAFF	TRBV29-1	TRBJ1-1	CAVVTASKLTF	Donor AJKQ118:PB TCRab CD8ab Naive/TCM	1
CASSLGGSSYEQYF	TRBV3-1	TRBJ2-7	CAVGDDKIIF	Donor AJKQ118:PB TCRab CD8ab Naive/TCM	1
CAGVGGSTYNEQFF	TRBV30	TRBJ2-1	CAGSSGGSYIPTF	Donor AJKQ118:PB TCRab CD8ab Naive/TCM	1
CASSISQGNEQFF	TRBV4-1	TRBJ2-1	CAGGGGSSNTGKLIF	Donor AJKQ118:PB TCRab CD8ab Naive/TCM	1
CASSQTGTGSYGYTF	TRBV4-1	TRBJ1-2	CAVPYNTDKLIF	Donor AJKQ118:PB TCRab CD8ab Naive/TCM	1
CASSLGGRNTEAFF	TRBV5-6	TRBJ1-1	CAVNSHNAGNMLTF	Donor AJKQ118:PB TCRab CD8ab Naive/TCM	1
CASSYSGTGGELFF	TRBV6-2	TRBJ2-2	CAVRPNDMRF	Donor AJKQ118:PB TCRab CD8ab Naive/TCM	1
CASSYGQSNEAFF	TRBV6-5	TRBJ1-1	CAPSGGYNKLIF	Donor AJKQ118:PB TCRab CD8ab Naive/TCM	1
CASRQGTGGTDTQYF	TRBV6-5	TRBJ2-3	CAVNNLNSGYSTLTF	Donor AJKQ118:PB TCRab CD8ab Naive/TCM	1
CASSYSGVGTEAFF	TRBV6-5	TRBJ1-1	CAVNPWGQKLVF	Donor AJKQ118:PB TCRab CD8ab Naive/TCM	1
CASSLIPGTSGITDTQYF	TRBV7-2	TRBJ2-3	CAVGGSQGNLIF	Donor AJKQ118:PB TCRab CD8ab Naive/TCM	1
CASSLDSLPGVGGLTF	TRBV7-2	TRBJ1-2	CAVNHDKIIF	Donor AJKQ118:PB TCRab CD8ab Naive/TCM	1
CASSLGPYGYTF	TRBV7-2	TRBJ1-2	CAVYNNNDMRF	Donor AJKQ118:PB TCRab CD8ab Naive/TCM	1
CASSSRSGTDTQYF	TRBV7-8	TRBJ2-3	CAVDNARLMF	Donor AJKQ118:PB TCRab CD8ab Naive/TCM	1
CASSPVAYEQYF	TRBV7-9	TRBJ2-7	CALLGGSNYKLTF	Donor AJKQ118:PB TCRab CD8ab Naive/TCM	1
CASSQDGEKLFF	TRBV11-2	TRBJ1-4	CAGLISNFGNEKLTF	Donor AJKQ118:PB TCRab CD8ab Naive/TCM	1
CASSSSGTSGNEQFF	TRBV18	TRBJ2-1	CAFYTGGFKTIF	Donor AJKQ118:PB TCRab CD8ab Naive/TCM	1
CASSWTGDSMNTEAFF	TRBV2	TRBJ1-1	CAMSAGGNTPLVF	Donor AJKQ118:PB TCRab CD8ab Naive/TCM	1
CSARDRILFGTGETYGYTF	TRBV20-1	TRBJ1-2	CAMSSIYNQGGKLIF	Donor AJKQ118:PB TCRab CD8ab Naive/TCM	1
CASSGGSSGNYEQYF	TRBV4-1	TRBJ2-7	CAMSVGFGNVLHC	Donor AJKQ118:PB TCRab CD8ab Naive/TCM	1
CASSLGGQVQETQYF	TRBV5-4	TRBJ2-5	CAMSAGAGGTSYGKLTF	Donor AJKQ118:PB TCRab CD8ab Naive/TCM	1
CASSFGTYNEQFF	TRBV7-2	TRBJ2-1	CAMNSGGYQKVTF	Donor AJKQ118:PB TCRab CD8ab Naive/TCM	1
CASSLAWNEQFF	TRBV7-2	TRBJ2-1	CAMSSNSGGSNYKLTF	Donor AJKQ118:PB TCRab CD8ab Naive/TCM	1
CASSSPRGLGGNEQFF	TRBV7-8	TRBJ2-1	CAMMAAGNKLTF	Donor AJKQ118:PB TCRab CD8ab Naive/TCM	1
CAIRETPDREIHNEQFF	TRBV10-3	TRBJ2-1	CAARSRKAGTALIF	Donor AJKQ118:PB TCRab CD8ab Naive/TCM	1
CASSLVSGAGYGYTF	TRBV11-2	TRBJ1-2	CAAPNSGGSNYKLTF	Donor AJKQ118:PB TCRab CD8ab Naive/TCM	1
CASSSTGNTQYF	TRBV11-2	TRBJ2-3	CAASLYNTDKLIF	Donor AJKQ118:PB TCRab CD8ab Naive/TCM	1
CASSLADEQYF	TRBV12-3	TRBJ2-7	CAASPPYNTDKLIF	Donor AJKQ118:PB TCRab CD8ab Naive/TCM	1
CASRPSGSGTGELFF	TRBV12-3	TRBJ2-2	CAASRAPNSGYALNF	Donor AJKQ118:PB TCRab CD8ab Naive/TCM	1
CASSRGVTYNEQFF	TRBV12-4	TRBJ2-1	CAALNSGGSNYKLTF	Donor AJKQ118:PB TCRab CD8ab Naive/TCM	1
CASSPVWGAESPLHF	TRBV18	TRBJ1-6	CAASYGSGNTGKLIF	Donor AJKQ118:PB TCRab CD8ab Naive/TCM	1
CASTESGSTQEQYF	TRBV18	TRBJ2-7	CAQRLMF	Donor AJKQ118:PB TCRab CD8ab Naive/TCM	1
CASTRDRGKEQFF	TRBV2	TRBJ2-1	CAAKGSNFGNEKLTF	Donor AJKQ118:PB TCRab CD8ab Naive/TCM	1
CSARISDHNEQFF	TRBV20-1	TRBJ2-1	CAAELTDSSYKLIF	Donor AJKQ118:PB TCRab CD8ab Naive/TCM	1
CASSVGQGDQPQHF	TRBV28	TRBJ1-5	CAGPGFQKLVF	Donor AJKQ118:PB TCRab CD8ab Naive/TCM	1
CSVERMGFF	TRBV29-1	TRBJ1-1	CAASEGRGSTLGRLYF	Donor AJKQ118:PB TCRab CD8ab Naive/TCM	1
CASGRGAGELFF	TRBV4-3	TRBJ2-2	CAARDYWTSYDKVIF	Donor AJKQ118:PB TCRab CD8ab Naive/TCM	1
CASSHGQGDYEQYF	TRBV4-3	TRBJ2-7	CAASPGANNLFF	Donor AJKQ118:PB TCRab CD8ab Naive/TCM	1
CASSLANEQFF	TRBV5-6	TRBJ2-1	CAASPNTGGFKTIF	Donor AJKQ118:PB TCRab CD8ab Naive/TCM	1
CASSLSASGSHEQYF	TRBV7-2	TRBJ2-7	CAAGASSNTGKLIF	Donor AJKQ118:PB TCRab CD8ab Naive/TCM	1
CASSLDGGHNEQFF	TRBV7-6	TRBJ2-1	CAVFNDYKLSF	Donor AJKQ118:PB TCRab CD8ab Naive/TCM	1
CASSAPGGTNTEAFF	TRBV7-9	TRBJ1-1	CAAPFSGGYNKLIF	Donor AJKQ118:PB TCRab CD8ab Naive/TCM	1
CAISESNTEAFF	TRBV10-3	TRBJ1-1	CAENRGTALIF	Donor AJKQ118:PB TCRab CD8ab Naive/TCM	1
CASSLSPEQYF	TRBV11-2	TRBJ2-7	CAEIGRGANNLFF	Donor AJKQ118:PB TCRab CD8ab Naive/TCM	1
CASSLRGASNYGYTF	TRBV12-4	TRBJ1-2	CADRYGNQFYF	Donor AJKQ118:PB TCRab CD8ab Naive/TCM	1
CASSMGVTEAFF	TRBV19	TRBJ1-1	CAAPYNQGGKLIF	Donor AJKQ118:PB TCRab CD8ab Naive/TCM	1
CASRPGHNTGELFF	TRBV28	TRBJ2-2	CAERGGSYIPTF	Donor AJKQ118:PB TCRab CD8ab Naive/TCM	1
CASSDRGYGYTF	TRBV6-1	TRBJ1-2	CAESPNQAGTALIF	Donor AJKQ118:PB TCRab CD8ab Naive/TCM	1
CASSYGHNQPQHF	TRBV6-5	TRBJ1-5	CAEKGSGAGSYQLTF	Donor AJKQ118:PB TCRab CD8ab Naive/TCM	1
CASSLAGTGYSPLHF	TRBV7-6	TRBJ1-6	CAENPGGSEKLVF	Donor AJKQ118:PB TCRab CD8ab Naive/TCM	1
CASSPGTAEAFF	TRBV7-9	TRBJ1-1	CAENPHARLMF	Donor AJKQ118:PB TCRab CD8ab Naive/TCM	1
CASSLGGENEAFF	TRBV12-3	TRBJ1-1	CAMTGSGDYKLSF	Donor AJKQ118:PB TCRab CD8ab Naive/TCM	1
CASRRQGSPLLTNTEAFF	TRBV12-4	TRBJ1-1	CAMREGRGTGGFKTIF	Donor AJKQ118:PB TCRab CD8ab Naive/TCM	1
CASGSIGLRGYTF	TRBV12-5	TRBJ1-2	CAMREGRGGADGLTF	Donor AJKQ118:PB TCRab CD8ab Naive/TCM	1
CSAQDRGRNIQYF	TRBV20-1	TRBJ2-4	CAMREGRITNAGKSTF	Donor AJKQ118:PB TCRab CD8ab Naive/TCM	1
CASSRPGTSYGYTF	TRBV27	TRBJ1-2	CAMRGANTNAGKSTF	Donor AJKQ118:PB TCRab CD8ab Naive/TCM	1
CASSFSPGTADEKTQYF	TRBV28	TRBJ2-5	CAMREGSGNQFYF	Donor AJKQ118:PB TCRab CD8ab Naive/TCM	1
CSVLGEGEQYF	TRBV29-1	TRBJ2-7	CAMRGGREGGKLIF	Donor AJKQ118:PB TCRab CD8ab Naive/TCM	1
CSVIGQGVSYEQYF	TRBV29-1	TRBJ2-7	CAMSLSGGSYIPTF	Donor AJKQ118:PB TCRab CD8ab Naive/TCM	1
CASSQDIYFAGSSYNEQFF	TRBV4-1	TRBJ2-1	CAMRGGNTGKLIF	Donor AJKQ118:PB TCRab CD8ab Naive/TCM	1
CASSQETTSGANVLTF	TRBV4-1	TRBJ2-6	CAMRPMNSGYSTLTF	Donor AJKQ118:PB TCRab CD8ab Naive/TCM	1
CASSQDSGFYNEQFF	TRBV4-3	TRBJ2-1	CAMREEISSGSARQLTF	Donor AJKQ118:PB TCRab CD8ab Naive/TCM	1
CASSQSYFGDYNEQFF	TRBV4-3	TRBJ2-1	CAMRGESNDYKLSF	Donor AJKQ118:PB TCRab CD8ab Naive/TCM	1
CASSLLTESSSEQYF	TRBV5-1	TRBJ2-7	CAMVYYGKLTF	Donor AJKQ118:PB TCRab CD8ab Naive/TCM	1
CASSLASDSKTTF	TRBV5-8	TRBJ1-2	CAMREYYSGYSTLTF	Donor AJKQ118:PB TCRab CD8ab Naive/TCM	1
CASAVVGYQPQHF	TRBV6-1	TRBJ1-5	CAMRERDSSYKLIF	Donor AJKQ118:PB TCRab CD8ab Naive/TCM	1
CVAAPGIAIYEQYF	TRBV6-2	TRBJ2-7	CAMRVMKTSYDKVIF	Donor AJKQ118:PB TCRab CD8ab Naive/TCM	1
CASSWTANEKLFF	TRBV6-5	TRBJ1-4	CAIWRGNTPLVF	Donor AJKQ118:PB TCRab CD8ab Naive/TCM	1
CASSLWTGNTEAFF	TRBV6-5	TRBJ1-1	CAMREGNNNDMRF	Donor AJKQ118:PB TCRab CD8ab Naive/TCM	1
CASSPDRAGETQYF	TRBV6-6	TRBJ2-5	CAMREYGNNRLAF	Donor AJKQ118:PB TCRab CD8ab Naive/TCM	1
CASSLGLSSYEQYF	TRBV7-2	TRBJ2-7	CAMREDQTGANNLFF	Donor AJKQ118:PB TCRab CD8ab Naive/TCM	1
CASSLTAGIQYF	TRBV7-6	TRBJ2-4	CAMISQTHTGNQFYF	Donor AJKQ118:PB TCRab CD8ab Naive/TCM	2
CASGTGGGELFF	TRBV7-6	TRBJ2-2	CAMRANQAGTALIF	Donor AJKQ118:PB TCRab CD8ab Naive/TCM	1
CASSLDRAAGNTIYF	TRBV7-9	TRBJ1-3	CAMRARQGGKLIF	Donor AJKQ118:PB TCRab CD8ab Naive/TCM	1
CASSSDSEAFF	TRBV7-9	TRBJ1-1	CAMRESGAGSYQLTF	Donor AJKQ118:PB TCRab CD8ab Naive/TCM	1
CASSYPRRGATGELFF	TRBV7-9	TRBJ2-2	CAMRETDRDDKIIF	Donor AJKQ118:PB TCRab CD8ab Naive/TCM	1
CASSAAREQFF	TRBV7-9	TRBJ2-1	CAMRTNAGKSTF	Donor AJKQ118:PB TCRab CD8ab Naive/TCM	1
CASSAGQGGNEKLFF	TRBV9	TRBJ1-4	CAMNGGNEKLTF	Donor AJKQ118:PB TCRab CD8ab Naive/TCM	1
CASSIAGYGELFF	TRBV19	TRBJ2-2	CALLMDSSYKLIF	Donor AJKQ118:PB TCRab CD8ab Naive/TCM	1
CSARGRDRGSSYEQYF	TRBV20-1	TRBJ2-7	CARASGNTGKLIF	Donor AJKQ118:PB TCRab CD8ab Naive/TCM	1
CASSQEFDSYNEQFF	TRBV4-3	TRBJ2-1	CALFRMSGYSTLTF	Donor AJKQ118:PB TCRab CD8ab Naive/TCM	1
CASSYGTGGFHEQFF	TRBV5-1	TRBJ2-1	CALSDESGANSKLTF	Donor AJKQ118:PB TCRab CD8ab Naive/TCM	1
CASSYWIDTQYF	TRBV6-2	TRBJ2-3	CALSGDSYNFNKFYF	Donor AJKQ118:PB TCRab CD8ab Naive/TCM	1
CASSFLAGEGNEQFF	TRBV13	TRBJ2-1	CATGTGANNLFF	Donor AJKQ118:PB TCRab CD8ab Naive/TCM	1
CASSQDIGLSDEQFF	TRBV4-1	TRBJ2-1	CATGLDRGSTLGRLYF	Donor AJKQ118:PB TCRab CD8ab Naive/TCM	1
CASSLAGDREKLFF	TRBV5-6	TRBJ1-4	CATADSNYQLIW	Donor AJKQ118:PB TCRab CD8ab Naive/TCM	1
CASIQFSNTGELFF	TRBV6-2	TRBJ2-2	CATERSNDYKLSF	Donor AJKQ118:PB TCRab CD8ab Naive/TCM	1
CASSYAQSYEQYF	TRBV6-5	TRBJ2-7	CATANARLMF	Donor AJKQ118:PB TCRab CD8ab Naive/TCM	1
CASSLMTGGGNTEAFF	TRBV6-5	TRBJ1-1	CATDAYDYKLSF	Donor AJKQ118:PB TCRab CD8ab Naive/TCM	1
CASSLTIQGGKGEQYF	TRBV6-5	TRBJ2-7	CATGNYGQNFVF	Donor AJKQ118:PB TCRab CD8ab Naive/TCM	1
CASSYGGETQYF	TRBV6-5	TRBJ2-5	CATRSNSGYALNF	Donor AJKQ118:PB TCRab CD8ab Naive/TCM	1
CASSKDRDTGELFF	TRBV7-7	TRBJ2-2	CATDLNLFF	Donor AJKQ118:PB TCRab CD8ab Naive/TCM	1
CASRLDGTQETQYF	TRBV7-9	TRBJ2-5	CATDSWGKLQF	Donor AJKQ118:PB TCRab CD8ab Naive/TCM	2
CASSLGGSEEQYF	TRBV7-9	TRBJ2-7	CATLPYMDSNYQLIW	Donor AJKQ118:PB TCRab CD8ab Naive/TCM	1
CASSLVHQFYEQYF	TRBV11-2	TRBJ2-7	CALSVDILTGGGNKLTF	Donor AJKQ118:PB TCRab CD8ab Naive/TCM	1
CASSKGLAGGSDTQYF	TRBV27	TRBJ2-3	CALGEYGNKLVF	Donor AJKQ118:PB TCRab CD8ab Naive/TCM	1
CASSFLSPLAGGPPGELFF	TRBV27	TRBJ2-2	CALTVDSGNTPLVF	Donor AJKQ118:PB TCRab CD8ab Naive/TCM	1
CSGDRGIDTQYF	TRBV29-1	TRBJ2-3	CALKLSGAGSYQLTF	Donor AJKQ118:PB TCRab CD8ab Naive/TCM	1
CASSQDMGAATEAFF	TRBV4-1	TRBJ1-1	CALSEAEGGSQGNLIF	Donor AJKQ118:PB TCRab CD8ab Naive/TCM	1
CASSQMDGYEQYF	TRBV4-1	TRBJ2-7	CALSEVGGYQKVTF	Donor AJKQ118:PB TCRab CD8ab Naive/TCM	1
CASSLFNEQFF	TRBV7-9	TRBJ2-1	CALSEPTSGTYKYIF	Donor AJKQ118:PB TCRab CD8ab Naive/TCM	1
CASSFSPKNEQFF	TRBV12-4	TRBJ2-1	CAVLLGGYQKVTF	Donor AJKQ118:PB TCRab CD8ab Naive/TCM	1
CASSFAESDIQYF	TRBV12-4	TRBJ2-4	CAVQARGFGNVLHC	Donor AJKQ118:PB TCRab CD8ab Naive/TCM	1
CSGEEPYGYTF	TRBV20-1	TRBJ1-2	CAVQALSNDYKLSF	Donor AJKQ118:PB TCRab CD8ab Naive/TCM	1
CASRGQGRTGELFF	TRBV27	TRBJ2-2	CAAELLMKTSYDKVIF	Donor AJKQ118:PB TCRab CD8ab Naive/TCM	1
CASSLQPYTEAFF	TRBV27	TRBJ1-1	CAAGGWRVLHC	Donor AJKQ118:PB TCRab CD8ab Naive/TCM	1
CASSLSRGRPYEQYF	TRBV27	TRBJ2-7	CAVQALYNFNKFYF	Donor AJKQ118:PB TCRab CD8ab Naive/TCM	1
CASSHRGSYNEQFF	TRBV27	TRBJ2-1	CAVQEAEAGTALIF	Donor AJKQ118:PB TCRab CD8ab Naive/TCM	1
CASSFRAGAKNIQYF	TRBV28	TRBJ2-4	CAVQAVASTYYGNNRLAF	Donor AJKQ118:PB TCRab CD8ab Naive/TCM	1
CASSQAGLARQGAPYEQYF	TRBV3-1	TRBJ2-7	CAVQAWSGGSYIPTF	Donor AJKQ118:PB TCRab CD8ab Naive/TCM	1
CASSPGTGDGYTF	TRBV3-1	TRBJ1-2	CAVYNAGGTSYGKLTF	Donor AJKQ118:PB TCRab CD8ab Naive/TCM	1
CASTEWGGKRSGQLFTGELFF	TRBV5-6	TRBJ2-2	CAVRSFILTGGGNKLTF	Donor AJKQ118:PB TCRab CD8ab Naive/TCM	1
CASSSTFTLDTEAFF	TRBV6-6	TRBJ1-1	CAPRGATNKLIF	Donor AJKQ118:PB TCRab CD8ab Naive/TCM	1
CASSLPGDGELFF	TRBV6-6	TRBJ2-2	CAVSNNNARLMF	Donor AJKQ118:PB TCRab CD8ab Naive/TCM	1
CASSLGTGAAYGYTF	TRBV7-9	TRBJ1-2	CAVPGQAGTALIF	Donor AJKQ118:PB TCRab CD8ab Naive/TCM	1
CASSSASEWTGELFF	TRBV11-2	TRBJ2-2	CAVIGFGNVLHC	Donor AJKQ118:PB TCRab CD8ab Naive/TCM	1
CASSPIKNTEAFF	TRBV12-4	TRBJ1-1	CAVGDNNNDMRF	Donor AJKQ118:PB TCRab CD8ab Naive/TCM	1
CASSEAPGLREQYF	TRBV2	TRBJ2-7	CAVKNSGYALNF	Donor AJKQ118:PB TCRab CD8ab Naive/TCM	1
CSARDIQDSDRVLALGYGYTF	TRBV20-1	TRBJ1-2	CAVDYFVGSTLTF	Donor AJKQ118:PB TCRab CD8ab Naive/TCM	1
CASSLTGNYEQYF	TRBV27	TRBJ2-7	CAGHSSNTGKLIF	Donor AJKQ118:PB TCRab CD8ab Naive/TCM	1
CSVGNLYEQYF	TRBV29-1	TRBJ2-7	CAVRRWNAGGTSYGKLTF	Donor AJKQ118:PB TCRab CD8ab Naive/TCM	1
CASSQDLEESNQPQHF	TRBV4-3	TRBJ1-5	CAVYNTDKLIF	Donor AJKQ118:PB TCRab CD8ab Naive/TCM	1
CASSLEQGWYEQYF	TRBV5-1	TRBJ2-7	CAVYSGGGADGLTF	Donor AJKQ118:PB TCRab CD8ab Naive/TCM	1
CASSPEGRGWFTEAFF	TRBV5-8	TRBJ1-1	CAVGSSGGSYIPTF	Donor AJKQ118:PB TCRab CD8ab Naive/TCM	1
CASSFNSYEQYF	TRBV6-5	TRBJ2-7	CAVSPAEAAGNKLTF	Donor AJKQ118:PB TCRab CD8ab Naive/TCM	1
CASSLNGARVSPRETQYF	TRBV7-6	TRBJ2-5	CAVCWGGGGADGLTF	Donor AJKQ118:PB TCRab CD8ab Naive/TCM	1
CASSPLAGRANEQFF	TRBV7-6	TRBJ2-1	CPGFQKLVF	Donor AJKQ118:PB TCRab CD8ab Naive/TCM	1
CASSLDRGNYGYTF	TRBV7-8	TRBJ1-2	CAVSFQGGSEKLVF	Donor AJKQ118:PB TCRab CD8ab Naive/TCM	1
CAWSSQDSYNEQFF	TRBV30	TRBJ2-1	CAHTGTASKLTF	Donor AJKQ118:PB TCRab CD8ab Naive/TCM	1
CASSQDWSEQFF	TRBV4-1	TRBJ2-1	CAVITSYDKVIF	Donor AJKQ118:PB TCRab CD8ab Naive/TCM	1
CASSLFRDPYGYTF	TRBV5-6	TRBJ1-2	CAVTPFNAGKSTF	Donor AJKQ118:PB TCRab CD8ab Naive/TCM	1
CASSYPGTTNEQFF	TRBV6-2	TRBJ2-1	CAVFSGGYQKVTF	Donor AJKQ118:PB TCRab CD8ab Naive/TCM	1
CASSPGLNTGELFF	TRBV6-5	TRBJ2-2	CAVAGGGSQGNLIF	Donor AJKQ118:PB TCRab CD8ab Naive/TCM	1
CASSFASKGADEQFF	TRBV11-2	TRBJ2-1	CAFGGNNRLAF	Donor AJKQ118:PB TCRab CD8ab Naive/TCM	1
CASKKGLADSYEQYF	TRBV2	TRBJ2-7	CAASGNNNDMRF	Donor AJKQ118:PB TCRab CD8ab Naive/TCM	1
CASSLSDGGRETQYF	TRBV27	TRBJ2-5	CAASNNDMRF	Donor AJKQ118:PB TCRab CD8ab Naive/TCM	1
CASSQDARNTEAFF	TRBV4-1	TRBJ1-1	CAASPAKYIF	Donor AJKQ118:PB TCRab CD8ab Naive/TCM	1
CASSQAEEQFF	TRBV6-6	TRBJ2-1	CAASMGNTPLVF	Donor AJKQ118:PB TCRab CD8ab Naive/TCM	1
CATSDHRTGGNTIYF	TRBV24-1	TRBJ1-3	CAFIETSYDKVIF	Donor AJKQ118:PB TCRab CD8ab Naive/TCM	1
CASSLQTGGYEQYF	TRBV6-1	TRBJ2-7	CALDNFNKFYF	Donor AJKQ118:PB TCRab CD8ab Naive/TCM	1
CASSLHRGTEAFF	TRBV6-4	TRBJ1-1	CARTSGTYKYIF	Donor AJKQ118:PB TCRab CD8ab Naive/TCM	1
CATLRVLRYTGELFF	TRBV7-2	TRBJ2-2	CALNYGGATNKLIF	Donor AJKQ118:PB TCRab CD8ab Naive/TCM	1
CASSLAPAGPSYEQYF	TRBV7-9	TRBJ2-7	CASPPHNAGNMLTF	Donor AJKQ118:PB TCRab CD8ab Naive/TCM	1
CASSLAGRSDEQFF	TRBV7-9	TRBJ2-1	CAYGGSFKTIF	Donor AJKQ118:PB TCRab CD8ab Naive/TCM	1
CSARLAGAANEQFF	TRBV20-1	TRBJ2-1	CAGPPIFYPGANSKLTF	Donor AJKQ118:PB TCRab CD8ab Naive/TCM	1
CSVEGTAGKLFF	TRBV29-1	TRBJ1-4	CAGRPYGQNFVF	Donor AJKQ118:PB TCRab CD8ab Naive/TCM	1
CASSHIGEFYEQYF	TRBV4-1	TRBJ2-7	CAGYGGATNKLIF	Donor AJKQ118:PB TCRab CD8ab Naive/TCM	1
CASSLLGRNTGELFF	TRBV5-1	TRBJ2-2	CAGSSSNSGYALNF	Donor AJKQ118:PB TCRab CD8ab Naive/TCM	1
CASSLGTGDYYEQYF	TRBV7-6	TRBJ2-7	CAVNSGGYQKVTF	Donor AJKQ118:PB TCRab CD8ab Naive/TCM	1
CASSHGQGPYNEQFF	TRBV7-9	TRBJ2-1	CADNDYKLSF	Donor AJKQ118:PB TCRab CD8ab Naive/TCM	1
CASRVSGGTSYNEQFF	TRBV12-4	TRBJ2-1	CTRSSGGSNYKLTF	Donor AJKQ118:PB TCRab CD8ab Naive/TCM	1
CASSITGTGYNEQFF	TRBV19	TRBJ2-1	CIVRSYNTDKLIF	Donor AJKQ118:PB TCRab CD8ab Naive/TCM	1
CASSWNGYNEQFF	TRBV27	TRBJ2-1	CIVTSGGGADGLTF	Donor AJKQ118:PB TCRab CD8ab Naive/TCM	1
CAWNRGTLGAEAFF	TRBV30	TRBJ1-1	CIVRFPIRNYGGSQGNLIF	Donor AJKQ118:PB TCRab CD8ab Naive/TCM	1
CASSQVAGDQETQYF	TRBV4-1	TRBJ2-5	CIVRGHSNDYKLSF	Donor AJKQ118:PB TCRab CD8ab Naive/TCM	1
CASRSGGGSSGNTIYF	TRBV5-1	TRBJ1-3	CIVQGAQKLVF	Donor AJKQ118:PB TCRab CD8ab Naive/TCM	1
CASSYSRGVNEKLFF	TRBV6-5	TRBJ1-4	CIVPAGSYQLTF	Donor AJKQ118:PB TCRab CD8ab Naive/TCM	1
CAISESGTGNTEAFF	TRBV10-3	TRBJ1-1	CILSSSAGGTSYGKLTF	Donor AJKQ118:PB TCRab CD8ab Naive/TCM	1
CASSLSGSSYNEQFF	TRBV12-3	TRBJ2-1	CILRDSGTYKYIF	Donor AJKQ118:PB TCRab CD8ab Naive/TCM	1
CASIIQGYQETQYF	TRBV2	TRBJ2-5	CILMNSGYSTLTF	Donor AJKQ118:PB TCRab CD8ab Naive/TCM	1
CASNKQGWTQNTEAFF	TRBV2	TRBJ1-1	CIPQQGGSEKLVF	Donor AJKQ118:PB TCRab CD8ab Naive/TCM	1
CASRAGTDYRETQYF	TRBV2	TRBJ2-5	CIPQQITSGTYKYIF	Donor AJKQ118:PB TCRab CD8ab Naive/TCM	1
CSANDPAETQYF	TRBV20-1	TRBJ2-5	CILRVPNYGGSQGNLIF	Donor AJKQ118:PB TCRab CD8ab Naive/TCM	1
CATSGAGELFF	TRBV24-1	TRBJ2-2	CILRDLYNDMRF	Donor AJKQ118:PB TCRab CD8ab Naive/TCM	1
CASSQTLTRGTNSPLHF	TRBV4-1	TRBJ1-6	CILRDAGGTSYGKLTF	Donor AJKQ118:PB TCRab CD8ab Naive/TCM	1
CASSQWTGDGYTF	TRBV5-1	TRBJ1-2	CILKTSYDKVIF	Donor AJKQ118:PB TCRab CD8ab Naive/TCM	1
CASSLFSGGPANEQFF	TRBV5-5	TRBJ2-1	CILTNGGSQGNLIF	Donor AJKQ118:PB TCRab CD8ab Naive/TCM	1
CASSLTGASTDTQYF	TRBV7-3	TRBJ2-3	CILRDVTGANSKLTF	Donor AJKQ118:PB TCRab CD8ab Naive/TCM	1
CASSPPGTASNTIYF	TRBV7-9	TRBJ1-3	CILREGNYGQNFVF	Donor AJKQ118:PB TCRab CD8ab Naive/TCM	1
CASSESDYYEAFF	TRBV10-2	TRBJ1-1	CAGVTNAGKSTF	Donor AJKQ118:PB TCRab CD8ab Naive/TCM	1
CASSLTGSGNTIYF	TRBV11-2	TRBJ1-3	CALHYGQNFVF	Donor AJKQ118:PB TCRab CD8ab Naive/TCM	1
CASSPGEGGPTDTQYF	TRBV12-3	TRBJ2-3	CAGEETNAGKSTF	Donor AJKQ118:PB TCRab CD8ab Naive/TCM	1
CASSPGDLTWFF	TRBV12-4	TRBJ2-1	CAGARVQGAQKLVF	Donor AJKQ118:PB TCRab CD8ab Naive/TCM	1
CASVLRWGAGTDTQYF	TRBV2	TRBJ2-3	CAGVWMGTNAGKSTF	Donor AJKQ118:PB TCRab CD8ab Naive/TCM	1
CSVINYGYTF	TRBV20-1	TRBJ1-2	CAGANAGGTSYGKLTF	Donor AJKQ118:PB TCRab CD8ab Naive/TCM	1
CSARDMGIAFF	TRBV20-1	TRBJ1-1	CAGLNYGQNFVF	Donor AJKQ118:PB TCRab CD8ab Naive/TCM	1
CASSWLGLAGGSYNEQFF	TRBV27	TRBJ2-1	CAGAYNAGNMLTF	Donor AJKQ118:PB TCRab CD8ab Naive/TCM	1
CASSLKIPGLAGEQETQYF	TRBV27	TRBJ2-5	CAGYGQNFVF	Donor AJKQ118:PB TCRab CD8ab Naive/TCM	1
CASSPTATYGYTF	TRBV28	TRBJ1-2	CAGGGFGNVLHC	Donor AJKQ118:PB TCRab CD8ab Naive/TCM	1
CASSPYYEQYF	TRBV28	TRBJ2-7	CAYSGVETSGSRLTF	Donor AJKQ118:PB TCRab CD8ab Naive/TCM	1
CSVEGHLNYGYTF	TRBV29-1	TRBJ1-2	CARDSWGKLQF	Donor AJKQ118:PB TCRab CD8ab Naive/TCM	1
CASSQGLLAEVDTQYF	TRBV3-1	TRBJ2-3	CAGTNFGNEKLTF	Donor AJKQ118:PB TCRab CD8ab Naive/TCM	1
CASSQGYYSNQPQHF	TRBV4-1	TRBJ1-5	CAGALNEGSNDYKLSF	Donor AJKQ118:PB TCRab CD8ab Naive/TCM	1
CASSLLSYNEQFF	TRBV5-1	TRBJ2-1	CAGKASYDKVIF	Donor AJKQ118:PB TCRab CD8ab Naive/TCM	1
CASSLQTGGYTF	TRBV6-1	TRBJ1-2	CAGDHGGSYIPTF	Donor AJKQ118:PB TCRab CD8ab Naive/TCM	1
CASSYSDWATNTGELFF	TRBV6-5	TRBJ2-2	CAGGSSASKIIF	Donor AJKQ118:PB TCRab CD8ab Naive/TCM	1
CASSLDGNEQFF	TRBV7-2	TRBJ2-1	CAGRDRDDKIIF	Donor AJKQ118:PB TCRab CD8ab Naive/TCM	1
CASRELGGELFF	TRBV7-3	TRBJ2-2	CAGAPTTGNQFYF	Donor AJKQ118:PB TCRab CD8ab Naive/TCM	1
CASSYGGAGELFF	TRBV7-6	TRBJ2-2	CAGDSYNQGGKLIF	Donor AJKQ118:PB TCRab CD8ab Naive/TCM	1
CASASGTGVFF	TRBV7-9	TRBJ2-1	CAGEKTTDSWGKLQF	Donor AJKQ118:PB TCRab CD8ab Naive/TCM	1
CASSLGGRSHNEQFF	TRBV7-9	TRBJ2-1	CAGLTGNQFYF	Donor AJKQ118:PB TCRab CD8ab Naive/TCM	1
CASSAGGQGILGYTF	TRBV9	TRBJ1-2	CAGVSPPSIDDMRF	Donor AJKQ118:PB TCRab CD8ab Naive/TCM	1
CASSFSGRLETQYF	TRBV12-4	TRBJ2-5	CAAENTGNQFYF	Donor AJKQ118:PB TCRab CD8ab Naive/TCM	1
CASSEYGNEQFF	TRBV2	TRBJ2-1	CAAMEGGNMLTF	Donor AJKQ118:PB TCRab CD8ab Naive/TCM	1
CSARAPGLAGGISTDTQYF	TRBV20-1	TRBJ2-3	CAAYNFNKFYF	Donor AJKQ118:PB TCRab CD8ab Naive/TCM	1
CASSDAAGSQETQYF	TRBV25-1	TRBJ2-5	CAVATGANNLFF	Donor AJKQ118:PB TCRab CD8ab Naive/TCM	1
CASSLSTRTEAFF	TRBV27	TRBJ1-1	CAARTNNDMRF	Donor AJKQ118:PB TCRab CD8ab Naive/TCM	1
CASSLYGTDYGYTF	TRBV27	TRBJ1-2	CAASATTSGTYKYIF	Donor AJKQ118:PB TCRab CD8ab Naive/TCM	1
CASSLYRDMNTEAFF	TRBV27	TRBJ1-1	CAPRDHRSGNTGKLIF	Donor AJKQ118:PB TCRab CD8ab Naive/TCM	1
CSARTGDAYEQYF	TRBV29-1	TRBJ2-7	CAASAGGTYKYIF	Donor AJKQ118:PB TCRab CD8ab Naive/TCM	1
CSVPGVAEQYF	TRBV29-1	TRBJ2-7	CAASTNSGAGSYQLTF	Donor AJKQ118:PB TCRab CD8ab Naive/TCM	1
CASSQDPPLWGSGANVLTF	TRBV3-1	TRBJ2-6	CAASAWAGTASKLTF	Donor AJKQ118:PB TCRab CD8ab Naive/TCM	1
CASSFWQYSNQPQHF	TRBV5-6	TRBJ1-5	CANAGNMLTF	Donor AJKQ118:PB TCRab CD8ab Naive/TCM	1
CASSETGGYGYTF	TRBV6-1	TRBJ1-2	CAAAGTALIF	Donor AJKQ118:PB TCRab CD8ab Naive/TCM	1
CASSEARFDRNYEQYF	TRBV6-1	TRBJ2-7	CAATPRPLNSGGSNYKLTF	Donor AJKQ118:PB TCRab CD8ab Naive/TCM	1
CASSSELQGYYEQYF	TRBV7-2	TRBJ2-7	CAASERLRAGSYQLTF	Donor AJKQ118:PB TCRab CD8ab Naive/TCM	1
CASSSGLAVYNEQFF	TRBV7-9	TRBJ2-1	CAAGSNYQLIW	Donor AJKQ118:PB TCRab CD8ab Naive/TCM	1
CASSRGLVWYEQFF	TRBV7-9	TRBJ2-1	CAASSNTGNQFYF	Donor AJKQ118:PB TCRab CD8ab Naive/TCM	1
CASSVGHTRETQYF	TRBV9	TRBJ2-5	CAASALEYGNKLVF	Donor AJKQ118:PB TCRab CD8ab Naive/TCM	1
CASSLGGDQYF	TRBV7-7	TRBJ2-5	CAVKVYGGSQGNLIF	Donor AJKQ118:PB TCRab CD8ab Naive/TCM	1
CASSLGGQLIAEAFF	TRBV7-9	TRBJ1-1	CAVRSYAGNMLTF	Donor AJKQ118:PB TCRab CD8ab Naive/TCM	1
CASSPGAGGMNNEQFF	TRBV19	TRBJ2-1	CGTVTSGTYKYIF	Donor AJKQ118:PB TCRab CD8ab Naive/TCM	1
CASSFKGPSYEQYF	TRBV27	TRBJ2-7	CGTESDNNNDMRF	Donor AJKQ118:PB TCRab CD8ab Naive/TCM	1
CASRPGVNTEAFF	TRBV6-4	TRBJ1-1	CGTGGSQGGKLIF	Donor AJKQ118:PB TCRab CD8ab Naive/TCM	1
CASSSSRGARELFF	TRBV6-6	TRBJ2-2	CGTLNSNSGYALNF	Donor AJKQ118:PB TCRab CD8ab Naive/TCM	1
CASSLKSGFTGELFF	TRBV7-9	TRBJ2-2	CGTVPPQDQAGTALIF	Donor AJKQ118:PB TCRab CD8ab Naive/TCM	1
CASSYGIAYGYTF	TRBV6-2	TRBJ1-2	CGADLYNFNKFYF	Donor AJKQ118:PB TCRab CD8ab Naive/TCM	1
CASSAVSTDTQYF	TRBV12-4	TRBJ2-3	CAARGADSWGKLQF	Donor AJKQ118:PB TCRab CD8ab Naive/TCM	1
CASSIVTGGYQPQHF	TRBV19	TRBJ1-5	CAGEQGAQKLVF	Donor AJKQ118:PB TCRab CD8ab Naive/TCM	1
CASSDPDRGINSPLHF	TRBV19	TRBJ1-6	CARRGSGNTGKLIF	Donor AJKQ118:PB TCRab CD8ab Naive/TCM	1
CSGVWTEITDTQYF	TRBV29-1	TRBJ2-3	CAGQRTTDSWGKLQF	Donor AJKQ118:PB TCRab CD8ab Naive/TCM	1
CAWSWTGGGYNEQFF	TRBV30	TRBJ2-1	CAGPGGSSNTGKLIF	Donor AJKQ118:PB TCRab CD8ab Naive/TCM	1
CASRATSSYEQYF	TRBV5-1	TRBJ2-7	CAGPNTGANSKLTF	Donor AJKQ118:PB TCRab CD8ab Naive/TCM	1
CASSYSYFTEAFF	TRBV6-5	TRBJ1-1	CAGANDYKLSF	Donor AJKQ118:PB TCRab CD8ab Naive/TCM	1
CASSSRDSYEQYF	TRBV7-6	TRBJ2-7	CAGPSPLELTF	Donor AJKQ118:PB TCRab CD8ab Naive/TCM	1
CASSFLGAGELFF	TRBV7-9	TRBJ2-2	CAGEIKRNTDKLIF	Donor AJKQ118:PB TCRab CD8ab Naive/TCM	1
CSAVPGYLMDEQYF	TRBV20-1	TRBJ2-7	CAVEASGGGADGLTF	Donor AJKQ118:PB TCRab CD8ab Naive/TCM	1
CATSDTGANTGELFF	TRBV24-1	TRBJ2-2	CAGIYGGSQGNLIF	Donor AJKQ118:PB TCRab CD8ab Naive/TCM	1
CASSLVSLDYEQYF	TRBV7-9	TRBJ2-7	CAVDNYGQNFVF	Donor AJKQ118:PB TCRab CD8ab Naive/TCM	1
CASKLDPDTQYF	TRBV10-2	TRBJ2-3	CAFMKPDFGNEKLTF	Donor AJKQ118:PB TCRab CD8ab Naive/TCM	1
CASSQRARDTIYF	TRBV11-1	TRBJ1-3	CAFITGANSKLTF	Donor AJKQ118:PB TCRab CD8ab Naive/TCM	1
CASSLGRGVDEQFF	TRBV13	TRBJ2-1	CAFMKQSYGNKLVF	Donor AJKQ118:PB TCRab CD8ab Naive/TCM	1
CASSIDSNQPQHF	TRBV19	TRBJ1-5	CAFMKRGNDMRF	Donor AJKQ118:PB TCRab CD8ab Naive/TCM	1
CSASAQTGERPYEQYF	TRBV20-1	TRBJ2-7	CAFMMGTGTASKLTF	Donor AJKQ118:PB TCRab CD8ab Naive/TCM	1
CSARVRDTFYSTDTQYF	TRBV20-1	TRBJ2-3	CALTPPLRDDKIIF	Donor AJKQ118:PB TCRab CD8ab Naive/TCM	1
CASSNYGQHYTF	TRBV25-1	TRBJ1-2	CAFMKPSGGSNYKLTF	Donor AJKQ118:PB TCRab CD8ab Naive/TCM	1
CASSLSGSYEQYF	TRBV27	TRBJ2-7	CAFMKPGSGGSNYKLTF	Donor AJKQ118:PB TCRab CD8ab Naive/TCM	1
CASSLLGLAGEKEFF	TRBV27	TRBJ2-1	CAFRPSNFGNEKLTF	Donor AJKQ118:PB TCRab CD8ab Naive/TCM	1
CASSNTRGGRHQHF	TRBV28	TRBJ1-5	CALVEYGNKLVF	Donor AJKQ118:PB TCRab CD8ab Naive/TCM	1
CASSHLSREQYF	TRBV4-1	TRBJ2-7	CAFIPTQGGSEKLVF	Donor AJKQ118:PB TCRab CD8ab Naive/TCM	1
CASSQDPGQSNQPQHF	TRBV4-1	TRBJ1-5	CAFMKHTPARLMF	Donor AJKQ118:PB TCRab CD8ab Naive/TCM	1
CASSPGQGAYEQYF	TRBV4-1	TRBJ2-7	CAFMKPRYNFNKFYF	Donor AJKQ118:PB TCRab CD8ab Naive/TCM	1
CASSVLNEKLFF	TRBV4-1	TRBJ1-4	CAFRAGNMLTF	Donor AJKQ118:PB TCRab CD8ab Naive/TCM	1
CASSLTTGFGNTIYF	TRBV5-1	TRBJ1-3	CAFTTPTSGTYKYIF	Donor AJKQ118:PB TCRab CD8ab Naive/TCM	1
CASSKAGVLNTEAFF	TRBV6-2	TRBJ1-1	CAFITPNYGGSQGNLIF	Donor AJKQ118:PB TCRab CD8ab Naive/TCM	1
CASSYSVHQPQHF	TRBV6-5	TRBJ1-5	CAFGNQAGTALIF	Donor AJKQ118:PB TCRab CD8ab Naive/TCM	1
CASSYSTGKGNTEAFF	TRBV6-5	TRBJ1-1	CAFMKLNYGQNFVF	Donor AJKQ118:PB TCRab CD8ab Naive/TCM	1
CASSAGLAGGLDEQFF	TRBV7-9	TRBJ2-1	CAFMKHVPSGSRLTF	Donor AJKQ118:PB TCRab CD8ab Naive/TCM	1
CASSRGKNNTQYF	TRBV7-9	TRBJ2-3	CAFMKQETSGSRLTF	Donor AJKQ118:PB TCRab CD8ab Naive/TCM	1
CASSPRLAGESNNEQFF	TRBV7-9	TRBJ2-1	CASNMDTGRRALTF	Donor AJKQ118:PB TCRab CD8ab Naive/TCM	1
CASSTTGIGSPLHF	TRBV9	TRBJ1-6	CAFMKPSGAGSYQLTF	Donor AJKQ118:PB TCRab CD8ab Naive/TCM	1
CASSSEYDSGNTIYF	TRBV9	TRBJ1-3	CAFVYGGATNKLIF	Donor AJKQ118:PB TCRab CD8ab Naive/TCM	1
CAISESPGNWQPQHF	TRBV10-3	TRBJ1-5	CAYRSVSGGSNYKLTF	Donor AJKQ118:PB TCRab CD8ab Naive/TCM	1
CASSSTFSGNTIYF	TRBV13	TRBJ1-3	CAYRGTGNQFYF	Donor AJKQ118:PB TCRab CD8ab Naive/TCM	1
CASSPDRDGQPQHF	TRBV19	TRBJ1-5	CAENTGNQFYF	Donor AJKQ118:PB TCRab CD8ab Naive/TCM	1
CSASGGIGNTEAFF	TRBV20-1	TRBJ1-1	CAYERDDKIIF	Donor AJKQ118:PB TCRab CD8ab Naive/TCM	1
CSAEHRDRGSYGYTF	TRBV20-1	TRBJ1-2	CAYRRGLEKLTF	Donor AJKQ118:PB TCRab CD8ab Naive/TCM	1
CATSDLDRPSYEQYF	TRBV24-1	TRBJ2-7	CAFADDKIIF	Donor AJKQ118:PB TCRab CD8ab Naive/TCM	1
CASSLLHYSYNSPLHF	TRBV28	TRBJ1-6	CASLGNYGGSQGNLIF	Donor AJKQ118:PB TCRab CD8ab Naive/TCM	1
CASSHLSAEGRAWETQYF	TRBV4-1	TRBJ2-5	CAYRSFYSGNTPLVF	Donor AJKQ118:PB TCRab CD8ab Naive/TCM	1
CASSQDREGTGGTGELFF	TRBV4-3	TRBJ2-2	CACLATSYDKVIF	Donor AJKQ118:PB TCRab CD8ab Naive/TCM	1
CASSLAGGPDTQYF	TRBV5-6	TRBJ2-3	CAYRGTGANSKLTF	Donor AJKQ118:PB TCRab CD8ab Naive/TCM	1
CASSPGAFSGNTIYF	TRBV6-4	TRBJ1-3	CAYIGYGGSQGNLIF	Donor AJKQ118:PB TCRab CD8ab Naive/TCM	1
CASSYLAGNHEQFF	TRBV6-5	TRBJ2-1	CAYRGMIQGNLIF	Donor AJKQ118:PB TCRab CD8ab Naive/TCM	2
CASSPYGRPNTEAFF	TRBV7-8	TRBJ1-1	CAYLDSNYQLIW	Donor AJKQ118:PB TCRab CD8ab Naive/TCM	1
CASSPPTGLNTEAFF	TRBV7-8	TRBJ1-1	CAYRSAYNDMRF	Donor AJKQ118:PB TCRab CD8ab Naive/TCM	1
CASRRQGSGTEAFF	TRBV7-9	TRBJ1-1	CAFQEGSYIPTF	Donor AJKQ118:PB TCRab CD8ab Naive/TCM	1
CASSLEGNEQFF	TRBV7-9	TRBJ2-1	CAYRNPPGNMLTF	Donor AJKQ118:PB TCRab CD8ab Naive/TCM	1
CASSSSGRVDEQFF	TRBV7-9	TRBJ2-1	CAYRSVYAGNMLTF	Donor AJKQ118:PB TCRab CD8ab Naive/TCM	2
CASSFLGNTGELFF	TRBV7-9	TRBJ2-2	CVVENSNSGYALNF	Donor AJKQ118:PB TCRab CD8ab Naive/TCM	1
CASSSDRTGSGANVLTF	TRBV12-4	TRBJ2-6	CAVDPNTYNYGQNFVF	Donor AJKQ118:PB TCRab CD8ab Naive/TCM	1
CSVQGWETQYF	TRBV29-1	TRBJ2-5	CAVDPLQGAQKLVF	Donor AJKQ118:PB TCRab CD8ab Naive/TCM	1
CAAGGDDYEVTEAFF	TRBV3-1	TRBJ1-1	CAVDMDSNYQLIW	Donor AJKQ118:PB TCRab CD8ab Naive/TCM	1
CASSRGRASASYEQYF	TRBV4-2	TRBJ2-7	CAVDMGYGGSQGNLIF	Donor AJKQ118:PB TCRab CD8ab Naive/TCM	1
CASSHRQGANYGYTF	TRBV11-2	TRBJ1-2	CLVGAGGGGADGLTF	Donor AJKQ118:PB TCRab CD8ab Naive/TCM	1
CASSPGLAYEQYF	TRBV12-4	TRBJ2-7	CLVYYQKVTF	Donor AJKQ118:PB TCRab CD8ab Naive/TCM	1
CSARGGVAYEQYF	TRBV20-1	TRBJ2-7	CLVGDMGDYGGSQGNLIF	Donor AJKQ118:PB TCRab CD8ab Naive/TCM	1
CAWSLGNEQYF	TRBV30	TRBJ2-7	CLVGAQAGTALIF	Donor AJKQ118:PB TCRab CD8ab Naive/TCM	1
CASSQAGTNEKLFF	TRBV4-1	TRBJ1-4	CLVGYPPGAGNMLTF	Donor AJKQ118:PB TCRab CD8ab Naive/TCM	1
CASSQEAASSYEQYF	TRBV4-3	TRBJ2-7	CAESGRGGATNKLIF	Donor AJKQ118:PB TCRab CD8ab Naive/TCM	1
CASSPSWGASYEQYF	TRBV4-3	TRBJ2-7	CLVGDAIQTGANNLFF	Donor AJKQ118:PB TCRab CD8ab Naive/TCM	1
CASSQASADEQFF	TRBV4-3	TRBJ2-1	CLVGVHGSGNTGKLIF	Donor AJKQ118:PB TCRab CD8ab Naive/TCM	1
CASIPGWTDGTLSNQPQHF	TRBV6-1	TRBJ1-5	CLVGENTGGFKTIF	Donor AJKQ118:PB TCRab CD8ab Naive/TCM	1
CASGRYSYEQYF	TRBV6-5	TRBJ2-7	CLVGDNRYGGSQGNLIF	Donor AJKQ118:PB TCRab CD8ab Naive/TCM	1
CASSYSLQETQYF	TRBV6-6	TRBJ2-5	CLVGVGAAGNKLTF	Donor AJKQ118:PB TCRab CD8ab Naive/TCM	1
CASSLGAADLETQYF	TRBV7-8	TRBJ2-5	CLVGDRGNYQLIW	Donor AJKQ118:PB TCRab CD8ab Naive/TCM	1
CASTLVGGEQFF	TRBV7-9	TRBJ2-1	CLVGDGGNQGGKLIF	Donor AJKQ118:PB TCRab CD8ab Naive/TCM	1
CASTIRTGVPMYQETQYF	TRBV27	TRBJ2-5	CAGAGSQGNLIF	Donor AJKQ118:PB TCRab CD8ab Naive/TCM	1
CASSFAGYTEAFF	TRBV27	TRBJ1-1	CASPPGYGGSQGNLIF	Donor AJKQ118:PB TCRab CD8ab Naive/TCM	1
CAWSSGGTNEKLFF	TRBV30	TRBJ1-4	CAPLGNQFYF	Donor AJKQ118:PB TCRab CD8ab Naive/TCM	1
CASRESGSLSHNEQFF	TRBV7-9	TRBJ2-1	CALHTDKLIF	Donor AJKQ118:PB TCRab CD8ab Naive/TCM	1
CAISERDRGTTEAFF	TRBV10-3	TRBJ1-1	CAEEGDSSYKLIF	Donor AJKQ118:PB TCRab CD8ab Naive/TCM	1
CASSSGYEQYF	TRBV11-2	TRBJ2-7	CAGDSGGYQKVTF	Donor AJKQ118:PB TCRab CD8ab Naive/TCM	1
CSVIDSTDTQYF	TRBV20-1	TRBJ2-3	CAENREGRRALTF	Donor AJKQ118:PB TCRab CD8ab Naive/TCM	1
CASSGTGPYEQYF	TRBV6-2	TRBJ2-7	CAETANTDKLIF	Donor AJKQ118:PB TCRab CD8ab Naive/TCM	1
CASSLEEGLKDQPQHF	TRBV7-8	TRBJ1-5	CAEGVYGQNFVF	Donor AJKQ118:PB TCRab CD8ab Naive/TCM	1
CATSRETDGGNTIYF	TRBV15	TRBJ1-3	CALGKSKDSGYALNF	Donor AJKQ118:PB TCRab CD8ab Naive/TCM	1
CSANIRANYGYTF	TRBV20-1	TRBJ1-2	CAVSSNGPTGNQFYF	Donor AJKQ118:PB TCRab CD8ab Naive/TCM	1
CASSPPGGNQPQHF	TRBV6-5	TRBJ1-5	CVVSDLLFFSGGYNKLIF	Donor AJKQ118:PB TCRab CD8ab Naive/TCM	1
CATSDGTGELFF	TRBV24-1	TRBJ2-2	CAVGAGNNRLAF	Donor AJKQ118:PB TCRab CD8ab Naive/TCM	1
CASSFDRGSGNTIYF	TRBV5-1	TRBJ1-3	CAVGEDDYKLSF	Donor AJKQ118:PB TCRab CD8ab Naive/TCM	1
CSATAGQPQHF	TRBV20-1	TRBJ1-5	CAVSDFKGSQGNLIF	Donor AJKQ118:PB TCRab CD8ab Naive/TCM	1
CASSLAEFRGANVLTF	TRBV5-1	TRBJ2-6	CAVSGGGAGGTSYGKLTF	Donor AJKQ118:PB TCRab CD8ab Naive/TCM	1
CASGHFDSNQPQHF	TRBV6-1	TRBJ1-5	CAVTFYGGATNKLIF	Donor AJKQ118:PB TCRab CD8ab Naive/TCM	1
CSVGVQGEQFF	TRBV29-1	TRBJ2-1	CAVSVRAAGNKLTF	Donor AJKQ118:PB TCRab CD8ab Naive/TCM	1
CASSFGRAGATDTQYF	TRBV11-2	TRBJ2-3	CALSEAGNQFYF	Donor AJKQ118:PB TCRab CD8ab Naive/TCM	1
CASSPGTSGSLDTQYF	TRBV11-3	TRBJ2-3	CALGSYSSASKIIF	Donor AJKQ118:PB TCRab CD8ab Naive/TCM	1
CASRATSGSYRSVYEQYF	TRBV12-3	TRBJ2-7	CASIMNTGFQKLAF	Donor AJKQ118:PB TCRab CD8ab Naive/TCM	1
CASSLSPGGNTIYF	TRBV27	TRBJ1-3	CALSDHSSGSARQLTF	Donor AJKQ118:PB TCRab CD8ab Naive/TCM	1
CASSSIQGHGDTQYF	TRBV27	TRBJ2-3	CALSEGTALIF	Donor AJKQ118:PB TCRab CD8ab Naive/TCM	1
CASSPAWGGSYEQYF	TRBV7-2	TRBJ2-7	CALSDLGDGQNFVF	Donor AJKQ118:PB TCRab CD8ab Naive/TCM	1
CAWSAGPNEKLFF	TRBV30	TRBJ1-4	CVPVGSQGNLIF	Donor AJKQ118:PB TCRab CD8ab TEM	1
CSARDGGQATDTQYF	TRBV20-1	TRBJ2-3	CVVNSITGGFKTIF	Donor AJKQ118:PB TCRab CD8ab TEM	1
CASSSPNTEAFF	TRBV4-3	TRBJ1-1	CAVRPGGYQKVTF	Donor AJKQ118:PB TCRab CD8ab TEM	1
CSAPRDGSFYEQYF	TRBV20-1	TRBJ2-7	CAMEGGSTLGRLYF	Donor AJKQ118:PB TCRab CD8ab TEM	1
CASSERLGAGINEQFF	TRBV10-1	TRBJ2-1	CAARTPFYDKVIF	Donor AJKQ118:PB TCRab CD8ab TEM	1
CASRDTEAFF	TRBV10-2	TRBJ1-1	CAASTRRNQFYF	Donor AJKQ118:PB TCRab CD8ab TEM	1
CASRDGTEAFF	TRBV6-1	TRBJ1-1	CAATGGTGFQKLVF	Donor AJKQ118:PB TCRab CD8ab TEM	1
CASSYPDLSNQPQHF	TRBV6-6	TRBJ1-5	CAASTNAGKSTF	Donor AJKQ118:PB TCRab CD8ab TEM	1
CASSLAGDYGYTF	TRBV27	TRBJ1-2	CAERGSGYALNF	Donor AJKQ118:PB TCRab CD8ab TEM	1
CAWSGGPGYGYTF	TRBV30	TRBJ1-2	CAENTDGQKLLF	Donor AJKQ118:PB TCRab CD8ab TEM	1
CSVVTGLGNTEAFF	TRBV29-1	TRBJ1-1	CAMRETRSNDYKLSF	Donor AJKQ118:PB TCRab CD8ab TEM	1
CASSYSGGTNAAGELFF	TRBV6-6	TRBJ2-2	CAMREGIGNEKLTF	Donor AJKQ118:PB TCRab CD8ab TEM	1
CASSPDWGAPGHEQYF	TRBV9	TRBJ2-7	CAMREGPVSGNTPLVF	Donor AJKQ118:PB TCRab CD8ab TEM	1
CSAREIRTDTQYF	TRBV20-1	TRBJ2-3	CARESSASKIIF	Donor AJKQ118:PB TCRab CD8ab TEM	1
CASSYRTGLGGETQYF	TRBV5-8	TRBJ2-5	CAVRPYAGNMLTF	Donor AJKQ118:PB TCRab CD8ab TEM	1
CASSGDGMNTEAFF	TRBV10-2	TRBJ1-1	CAVLMDSNYQLIW	Donor AJKQ118:PB TCRab CD8ab TEM	1
CASSLLDANTEAFF	TRBV11-2	TRBJ1-1	CAPNDYKLSF	Donor AJKQ118:PB TCRab CD8ab TEM	1
CSVEGWQGFSYEQYF	TRBV29-1	TRBJ2-7	CAGRAGSARQLTF	Donor AJKQ118:PB TCRab CD8ab TEM	1
CASSQVMGNTEAFF	TRBV4-3	TRBJ1-1	CAVNTGGFKTIF	Donor AJKQ118:PB TCRab CD8ab TEM	1
CASSGTGARTEAFF	TRBV5-1	TRBJ1-1	CAVQPLNSGYSTLTF	Donor AJKQ118:PB TCRab CD8ab TEM	1
CASKIGQGVGQPQHF	TRBV6-5	TRBJ1-5	CAVGPMDSNYQLIW	Donor AJKQ118:PB TCRab CD8ab TEM	1
CASSREDSPLHF	TRBV9	TRBJ1-6	CAVSTQGGSEKLVF	Donor AJKQ118:PB TCRab CD8ab TEM	1
CASSFAPGQPDNEQFF	TRBV7-2	TRBJ2-1	CAVDTGRRALTF	Donor AJKQ118:PB TCRab CD8ab TEM	1
CASSLGQFTEAFF	TRBV11-2	TRBJ1-1	CAAKNTGNQFYF	Donor AJKQ118:PB TCRab CD8ab TEM	1
CASSPGLLGEQFF	TRBV6-5	TRBJ2-1	CAGQGGNNAGNMLTF	Donor AJKQ118:PB TCRab CD8ab TEM	1
CASSGGNSPLHF	TRBV14	TRBJ1-6	CIVRGSTSGTYKYIF	Donor AJKQ118:PB TCRab CD8ab TEM	1
CATSTGEAYEQYF	TRBV15	TRBJ2-7	CILTGYGQNFVF	Donor AJKQ118:PB TCRab CD8ab TEM	1
CASSQPDRGPTNEKLFF	TRBV4-2	TRBJ1-4	CILDAGGTSYGKLTF	Donor AJKQ118:PB TCRab CD8ab TEM	1
CASSLGDSASNYGYTF	TRBV28	TRBJ1-2	CARQASGTYKYIF	Donor AJKQ118:PB TCRab CD8ab TEM	1
CASRSGLAGADEQYF	TRBV11-2	TRBJ2-7	CAASVRSQGNLIF	Donor AJKQ118:PB TCRab CD8ab TEM	2
CASSEGYEAFF	TRBV2	TRBJ1-1	CAASAPPNFGNEKLTF	Donor AJKQ118:PB TCRab CD8ab TEM	1
CSVEDGERRGSEQYF	TRBV29-1	TRBJ2-7	CAASYRDDKIIF	Donor AJKQ118:PB TCRab CD8ab TEM	3
CASSLWEQGRTEAFF	TRBV7-9	TRBJ1-1	CAGMTGTASKLTF	Donor AJKQ118:PB TCRab CD8ab TEM	1
CASSEQGGGTGELFF	TRBV12-4	TRBJ2-2	CGTITGRRALTF	Donor AJKQ118:PB TCRab CD8ab TEM	1
CASRQRGGRTGELFF	TRBV13	TRBJ2-2	CAGQLSDQFYF	Donor AJKQ118:PB TCRab CD8ab TEM	1
CASSSGGTGSVEQYF	TRBV13	TRBJ2-7	CAGREDSSASKIIF	Donor AJKQ118:PB TCRab CD8ab TEM	1
CASSEGAGTEGDTQYF	TRBV6-1	TRBJ2-3	CAFSGTSGSRLTF	Donor AJKQ118:PB TCRab CD8ab TEM	1
CASSPGLLGEQFF	TRBV6-5	TRBJ2-1	CAFMKHVPTDSWGKLQF	Donor AJKQ118:PB TCRab CD8ab TEM	1
CASSFSGGSEKLFF	TRBV12-4	TRBJ1-4	CAYNLVGNEKLTF	Donor AJKQ118:PB TCRab CD8ab TEM	2
CATPSSVTGRRTEAFF	TRBV2	TRBJ1-1	CAYNSGNTPLVF	Donor AJKQ118:PB TCRab CD8ab TEM	1
CASSVGTVPSTDTQYF	TRBV9	TRBJ2-3	CAARNTDKLIF	Donor AJKQ118:PB TCRab CD8ab TEM	1
CASSVAGIDGYTF	TRBV9	TRBJ1-2	CAYSDGDDKIIF	Donor AJKQ118:PB TCRab CD8ab TEM	1
CAVSLAGYGEQYF	TRBV3-1	TRBJ2-7	CACQGGSEKLVF	Donor AJKQ118:PB TCRab CD8ab TEM	1
CASSPEGSNYGYTF	TRBV28	TRBJ1-2	CLLGDTRYAGNNRKLIW	Donor AJKQ118:PB TCRab CD8ab TEM	1
CASSLGPGDTQYF	TRBV7-6	TRBJ2-3	CLLGVTTGAGSYQLTF	Donor AJKQ118:PB TCRab CD8ab TEM	1
CAWQLAGQSTDTQYF	TRBV30	TRBJ2-3	CAEGGSGSGNTGKLIF	Donor AJKQ118:PB TCRab CD8ab TEM	1
CASGPGTGIYEQYF	TRBV6-5	TRBJ2-7	CAVTLTSGTYKYIF	Donor AJKQ118:PB TCRab CD8ab TEM	1
CASRDFPGLNTEAFF	TRBV2	TRBJ1-1	CAVSNRDDKIIF	Donor AJKQ118:PB TCRab CD8ab Teff	1
CASSPPGSGSREQYF	TRBV13	TRBJ2-7	CAVGGGNKLTF	Donor AJKQ118:PB TCRab CD8ab Teff	1
CSALDSGETSGTSSYNEQFF	TRBV20-1	TRBJ2-1	CAVMDSNYQLIW	Donor AJKQ118:PB TCRab CD8ab Teff	1
CASSAGQASNQPQHF	TRBV5-5	TRBJ1-5	CAVRDRGYGQNFVF	Donor AJKQ118:PB TCRab CD8ab Teff	2
CASSLPGSTDTQYF	TRBV6-2	TRBJ2-3	CAGLDSNYQLIW	Donor AJKQ118:PB TCRab CD8ab Teff	1
CASRKGGPYNEQFF	TRBV19	TRBJ2-1	CVVRGNAGNMLTF	Donor AJKQ118:PB TCRab CD8ab Teff	1
CASSKGGPYNEQFF	TRBV19	TRBJ2-1	CVVRGNAGNMLTF	Donor AJKQ118:PB TCRab CD8ab Teff	22
CASSKGGPYTEQFF	TRBV19	TRBJ2-1	CVVRGNAGNMLTF	Donor AJKQ118:PB TCRab CD8ab Teff	1
CSARQGFNQPQHF	TRBV20-1	TRBJ1-5	CAPSGGYQKVTF	Donor AJKQ118:PB TCRab CD8ab Teff	2
CSARDGGQATDTQYF	TRBV20-1	TRBJ2-3	CVVNSITGGFKTIF	Donor AJKQ118:PB TCRab CD8ab Teff	1
CASTLPGGSEAFF	TRBV28	TRBJ1-1	CVVHRGGNAGNMLTF	Donor AJKQ118:PB TCRab CD8ab Teff	1
CASSLDSSGGLGEQFF	TRBV4-2	TRBJ2-1	CVVNRPNDYKLSF	Donor AJKQ118:PB TCRab CD8ab Teff	2
CASRYRGGGGELFF	TRBV5-6	TRBJ2-2	CAAIFSGGGSYIPTF	Donor AJKQ118:PB TCRab CD8ab Teff	2
CASSLSGTARTEAFF	TRBV7-8	TRBJ1-1	CAMSLGLNNAGNMLTF	Donor AJKQ118:PB TCRab CD8ab Teff	1
CASSLSGVRPNTEAFF	TRBV11-2	TRBJ1-1	CAASWDYKLSF	Donor AJKQ118:PB TCRab CD8ab Teff	1
CASSLWGSSYNEQFF	TRBV12-4	TRBJ2-1	CAMREDGNKLVF	Donor AJKQ118:PB TCRab CD8ab Teff	1
CSVVTGLGNTEAFF	TRBV29-1	TRBJ1-1	CAMRETRSNDYKLSF	Donor AJKQ118:PB TCRab CD8ab Teff	1
CASSQDQGGEREKLFF	TRBV4-1	TRBJ1-4	CATRNSGAGSYQLTF	Donor AJKQ118:PB TCRab CD8ab Teff	1
CSVEDHGREMNTEAFF	TRBV29-1	TRBJ1-1	CALSEMDSSYKLIF	Donor AJKQ118:PB TCRab CD8ab Teff	1
CASSQGSGSSTDTQYF	TRBV4-3	TRBJ2-3	CAPPYGQNFVF	Donor AJKQ118:PB TCRab CD8ab Teff	1
CASRKDRRSTNEKLFF	TRBV10-2	TRBJ1-4	CAVRPFFYNQGGKLIF	Donor AJKQ118:PB TCRab CD8ab Teff	16
CASSIDPSRDSNQPQHF	TRBV19	TRBJ1-5	CAVQAFVTGGGNKLTF	Donor AJKQ118:PB TCRab CD8ab Teff	1
CASSVDRGRSQPQHF	TRBV6-1	TRBJ1-5	CAVQKTMEYGNKLVF	Donor AJKQ118:PB TCRab CD8ab Teff	1
CASRGQLNTGELFF	TRBV27	TRBJ2-2	CAVLTSGTYKYIF	Donor AJKQ118:PB TCRab CD8ab Teff	1
CASSSPAGYYGYTF	TRBV28	TRBJ1-2	CAVTFLGLGGGADGLTF	Donor AJKQ118:PB TCRab CD8ab Teff	1
CASSYGMEAFF	TRBV6-6	TRBJ1-1	CAVLSGDSNYQLIW	Donor AJKQ118:PB TCRab CD8ab Teff	1
CASSVDPSSEAFF	TRBV7-3	TRBJ1-1	CAVMSDMRF	Donor AJKQ118:PB TCRab CD8ab Teff	1
CSARDLRDGYTF	TRBV20-1	TRBJ1-2	CAAVGESGATNKLIF	Donor AJKQ118:PB TCRab CD8ab Teff	1
CATSDHGTSGRDEQYF	TRBV24-1	TRBJ2-7	CAFITGFSDGQKLLF	Donor AJKQ118:PB TCRab CD8ab Teff	2
CASSLGQFTEAFF	TRBV11-2	TRBJ1-1	CAAKNTGNQFYF	Donor AJKQ118:PB TCRab CD8ab Teff	1
CASSPGLLGEQFF	TRBV6-5	TRBJ2-1	CAGQGGNNAGNMLTF	Donor AJKQ118:PB TCRab CD8ab Teff	2
CASRVTLRTEQFF	TRBV6-5	TRBJ2-1	CAVVGGGADGLTF	Donor AJKQ118:PB TCRab CD8ab Teff	1
CASSFSGGSEKLFF	TRBV12-4	TRBJ1-4	CIVREGYKLSF	Donor AJKQ118:PB TCRab CD8ab Teff	1
CASSPLTGMGYEQYF	TRBV5-1	TRBJ2-7	CIVRVKIYNQGGKLIF	Donor AJKQ118:PB TCRab CD8ab Teff	1
CASSLPKSGSHNEQFF	TRBV13	TRBJ2-1	CILSVNSGYALNF	Donor AJKQ118:PB TCRab CD8ab Teff	1
CATSTGEAYEQYF	TRBV15	TRBJ2-7	CILTGYGQNFVF	Donor AJKQ118:PB TCRab CD8ab Teff	17
CASSQEGNGFLITGELFF	TRBV4-2	TRBJ2-2	CILMGSGGSNYKLTF	Donor AJKQ118:PB TCRab CD8ab Teff	1
CASSLAGQGEETQYF	TRBV5-1	TRBJ2-5	CAGVTLYGQNFVF	Donor AJKQ118:PB TCRab CD8ab Teff	1
CASSEGYEAFF	TRBV2	TRBJ1-1	CAASAPPNFGNEKLTF	Donor AJKQ118:PB TCRab CD8ab Teff	1
CSVEDGERRGSEQYF	TRBV29-1	TRBJ2-7	CAASYRDDKIIF	Donor AJKQ118:PB TCRab CD8ab Teff	2
CASSLGVLGGAGQETQYF	TRBV5-5	TRBJ2-5	CAASAEYGNKLVF	Donor AJKQ118:PB TCRab CD8ab Teff	1
CASSWDLGAANYGYTF	TRBV6-2	TRBJ1-2	CAASPANQAGTALIF	Donor AJKQ118:PB TCRab CD8ab Teff	1
CASSLGEAFF	TRBV7-9	TRBJ1-1	CAADTTGSARQLTF	Donor AJKQ118:PB TCRab CD8ab Teff	1
CASSLWRRGGAGGELFF	TRBV27	TRBJ2-2	CGADTGNQFYF	Donor AJKQ118:PB TCRab CD8ab Teff	1
CAWSVSAPGYEQYF	TRBV30	TRBJ2-7	CGASFGNEKLTF	Donor AJKQ118:PB TCRab CD8ab Teff	1
CASRRYENTEAFF	TRBV6-1	TRBJ1-1	CGADIVGTDSWGKLQF	Donor AJKQ118:PB TCRab CD8ab Teff	1
CASSPRGSGRANTGELFF	TRBV9	TRBJ2-2	CGADQPPGGYQKVTF	Donor AJKQ118:PB TCRab CD8ab Teff	1
CASSLTLAEAFF	TRBV12-4	TRBJ1-1	CAGLIQGAQKLVF	Donor AJKQ118:PB TCRab CD8ab Teff	1
CASSRIRPLAGKGNEQFF	TRBV6-5	TRBJ2-1	CAVRHNTNAGKSTF	Donor AJKQ118:PB TCRab CD8ab Teff	1
CASKYEGYTQYF	TRBV2	TRBJ2-3	CAPSFTGNQFYF	Donor AJKQ118:PB TCRab CD8ab Teff	1
CSARGWTTGRETQYF	TRBV20-1	TRBJ2-5	CAFSNSNSGYALNF	Donor AJKQ118:PB TCRab CD8ab Teff	1
CASSLGGRNQPQHF	TRBV28	TRBJ1-5	CAFMKLSSSGTYKYIF	Donor AJKQ118:PB TCRab CD8ab Teff	4
CASSPGLLGEQFF	TRBV6-5	TRBJ2-1	CAFMKHVPTDSWGKLQF	Donor AJKQ118:PB TCRab CD8ab Teff	1
CASRMNNEQFF	TRBV10-2	TRBJ2-1	CACLI	Donor AJKQ118:PB TCRab CD8ab Teff	1
CASSFSGGSEKLFF	TRBV12-4	TRBJ1-4	CAYNLVGNEKLTF	Donor AJKQ118:PB TCRab CD8ab Teff	1
CASGRAAGYEQYF	TRBV6-1	TRBJ2-7	CAFTMDYKLSF	Donor AJKQ118:PB TCRab CD8ab Teff	1
CASSLYEQYF	TRBV5-8	TRBJ2-7	CAFHNTDKLIF	Donor AJKQ118:PB TCRab CD8ab Teff	1
CATSDRHREETQYF	TRBV24-1	TRBJ2-5	CLVGDMNYGGSQGNLIF	Donor AJKQ118:PB TCRab CD8ab Teff	1
CASSPDRGPGGYTF	TRBV4-3	TRBJ1-2	CAVPTQGGSEKLVF	Donor AJKQ118:PB TCRab CD8ab Teff	1
CASSPRGRAADTQYF	TRBV7-3	TRBJ2-3	CAVSRGWRSGGSNYKLTF	Donor AJKQ118:PB TCRab CD8ab Teff	11
CATSSPETYGYTF	TRBV24-1	TRBJ1-2	CAEKGSGYSTLTF	Donor AJKQ118:PB TCRab CD8ab Teff	1
CASSYPTSGGSTQYF	TRBV6-2	TRBJ2-3	CASRSSYKLIF	Donor AJKQ118:PB TCRab CD8ab Teff	2
CASTLAFTDTQYF	TRBV10-2	TRBJ2-3	CAVSDTGGFKTIF	Donor AJKQ118:PB TCRab CD8ab Teff	1
CASTDGPEQYF	TRBV12-4	TRBJ2-7	CAVSWDSSYKLIF	Donor AJKQ118:PB TCRab CD8ab Teff	2
CAAARGYGNQPQHF	TRBV28	TRBJ1-5	CAVATGANNLFF	Donor AJKQ118:PB TCRab CD8ab Teff	1
CASSSRVNRETQYF	TRBV5-1	TRBJ2-5	CAVALKTSYDKVIF	Donor AJKQ118:PB TCRab CD8ab Teff	1
CASSFLYNSPLHF	TRBV5-1	TRBJ1-6	CAVRISGGSYIPTF	Donor AJKQ118:PB TCRab CD8ab Teff	1
CASKGTSDTEAFF	TRBV6-6	TRBJ1-1	CAVSDLYNAGNMLTF	Donor AJKQ118:PB TCRab CD8ab Teff	1
CASSLAVGSGANYGYTF	TRBV7-2	TRBJ1-2	CALSFPPNAGGTSYGKLTF	Donor AJKQ118:PB TCRab CD8ab Teff	1
